release_job_id,source_manifest,source_rep_file,design,mar_design,n,epsilon,strength,analysis_region,reference_method,propensity_mode,learner,propensity_learner,repair_mode,region_damp,region_damp_grid,validation_risk,validation_region_weight,validation_loss_se,selector,lepski_c,region_quantile,region_min_observed,region_kappa_floor,region_selector_ablation,region_detector_c,reps,bootstraps,rep,elapsed_s,ref_error,rt_error,shrink_error,delta,vd,gamma,weight,selected_tau,selected_region_damp,selected_repair_kind,targeting_moment,targeting_score_gap,ma_trimmed_fraction,ma_xi_derivative_1,ma_bias_correction_mean,cui_selected_propensity_learner,cui_selected_outcome_learner,cui_pseudo_risk,gl_original_bias_proxy,gl_selected_bias_proxy,gl_selected_variance_proxy,gl_selected_risk_proxy,global_dr_selected_bias_proxy,global_dr_selected_variance_proxy,global_dr_selected_risk_proxy,analysis_region_mass,true_region_mass,region_overlap_precision,region_overlap_recall,analysis_observed,true_region_observed,analysis_response_rate,true_region_response_rate,analysis_bias_ref,analysis_bias_repair,analysis_abs_bias_reduction,true_region_bias_ref,true_region_bias_repair,true_region_abs_bias_reduction,analysis_underfit_rmse_ref,analysis_underfit_rmse_repair,true_region_underfit_rmse_ref,true_region_underfit_rmse_repair
m01-j0001,manifest.tsv,dml2_real_real_digits_misaligned_ctmle_n6000_s0_chunk00.reps.csv,real_digits_misaligned,box,6000,0.05,0.0,estimated_residual_lowp_supported,ctmle,estimated,xgboost,xgboost,if_residual,1.0,0.0|0.25|0.5|1.0,aipw_variance,-1.0,1.0,obsval,4.0,0.1,30,0.1,crossfit_rank_empty_standdown,1.0,4,50,1,1014.6378327216953,0.03503139517880016,0.03503139517880016,0.03503139517880016,0.0,2.2751749269322042e-05,-7.4145697720622884e-06,0.0,0.5,0.0,reference,-1.0066022089934753e-17,-2.7755575615628914e-17,nan,nan,nan,,,nan,nan,nan,nan,nan,nan,nan,nan,0.05,0.2678333333333333,0.9133333333333333,0.17050404480398257,43,322,0.14333333333333334,0.2003733665214686,0.004359073299954669,0.004359073299954669,0.0,0.03445835843607524,0.03445835843607524,0.0,0.5105394233628184,0.5105394233628184,0.5826790867692839,0.5826790867692839
m01-j0001,manifest.tsv,dml2_real_real_digits_misaligned_ctmle_n6000_s0_chunk00.reps.csv,real_digits_misaligned,box,6000,0.05,0.0,estimated_residual_lowp_supported,ctmle,estimated,xgboost,xgboost,if_residual,1.0,0.0|0.25|0.5|1.0,aipw_variance,-1.0,1.0,obsval,4.0,0.1,30,0.1,crossfit_rank_empty_standdown,1.0,4,50,2,2030.9188618240878,0.056286033062503515,0.056286033062503515,0.056286033062503515,0.0,2.866378827963878e-05,-1.5270499083616998e-05,0.0,0.5,0.0,reference,5.921189464667501e-19,-5.551115123125783e-17,nan,nan,nan,,,nan,nan,nan,nan,nan,nan,nan,nan,0.0,0.27066666666666667,nan,0.0,0,318,nan,0.1958128078817734,0.0,0.0,0.0,0.042600620977332006,0.042600620977332006,0.0,nan,nan,0.5801403319624968,0.5801403319624968
m01-j0001,manifest.tsv,dml2_real_real_digits_misaligned_ctmle_n6000_s0_chunk00.reps.csv,real_digits_misaligned,box,6000,0.05,0.0,estimated_residual_lowp_supported,ctmle,estimated,xgboost,xgboost,if_residual,1.0,0.0|0.25|0.5|1.0,aipw_variance,-1.0,1.0,obsval,4.0,0.1,30,0.1,crossfit_rank_empty_standdown,1.0,4,50,3,3063.9487694147974,0.025783939330988048,0.025783939330988048,0.025783939330988048,0.0,2.517703984185294e-05,3.1741809787720556e-06,0.0,0.5,0.0,reference,-1.1842378929335003e-18,-2.7755575615628914e-17,nan,nan,nan,,,nan,nan,nan,nan,nan,nan,nan,nan,0.0,0.2743333333333333,nan,0.0,0,340,nan,0.2065613608748481,0.0,0.0,0.0,0.03511617383991894,0.03511617383991894,0.0,nan,nan,0.5273055858210907,0.5273055858210907
m01-j0001,manifest.tsv,dml2_real_real_digits_misaligned_ctmle_n6000_s0_chunk00.reps.csv,real_digits_misaligned,box,6000,0.05,0.0,estimated_residual_lowp_supported,ctmle,estimated,xgboost,xgboost,if_residual,1.0,0.0|0.25|0.5|1.0,aipw_variance,-1.0,1.0,obsval,4.0,0.1,30,0.1,crossfit_rank_empty_standdown,1.0,4,50,4,4079.091552465223,-0.0036892665132048363,-0.0036892665132048363,-0.0036892665132048363,0.0,2.7150391005963375e-05,-3.6989350370591556e-05,0.0,0.5,0.0,reference,0.0,-2.7755575615628914e-17,nan,nan,nan,,,nan,nan,nan,nan,nan,nan,nan,nan,0.075,0.2783333333333333,0.9355555555555556,0.25209580838323353,48,325,0.10666666666666667,0.19461077844311378,0.013015219514809825,0.013015219514809825,0.0,0.03183932811731061,0.03183932811731061,0.0,0.5381333744120657,0.5381333744120657,0.5443841804750768,0.5443841804750768
m01-j0002,manifest.tsv,dml2_real_real_digits_misaligned_ctmle_n6000_s0_chunk01.reps.csv,real_digits_misaligned,box,6000,0.05,0.0,estimated_residual_lowp_supported,ctmle,estimated,xgboost,xgboost,if_residual,1.0,0.0|0.25|0.5|1.0,aipw_variance,-1.0,1.0,obsval,4.0,0.1,30,0.1,crossfit_rank_empty_standdown,1.0,4,50,1,1032.3035891158506,0.05014161454049007,0.05014161454049007,0.05014161454049007,0.0,2.632728886669774e-05,-5.306470080331167e-06,0.0,0.5,0.0,reference,1.6579330501069006e-17,-5.551115123125783e-17,nan,nan,nan,,,nan,nan,nan,nan,nan,nan,nan,nan,0.075,0.2688333333333333,0.9111111111111111,0.2541847489150651,80,353,0.17777777777777778,0.21884686918784874,0.010865630120473138,0.010865630120473138,0.0,0.03659692340886286,0.03659692340886286,0.0,0.5189896472167734,0.5189896472167734,0.5464029472407875,0.5464029472407875
m01-j0002,manifest.tsv,dml2_real_real_digits_misaligned_ctmle_n6000_s0_chunk01.reps.csv,real_digits_misaligned,box,6000,0.05,0.0,estimated_residual_lowp_supported,ctmle,estimated,xgboost,xgboost,if_residual,1.0,0.0|0.25|0.5|1.0,aipw_variance,-1.0,1.0,obsval,4.0,0.1,30,0.1,crossfit_rank_empty_standdown,1.0,4,50,2,2048.6924887374043,0.011176741081712294,0.011176741081712294,0.011176741081712294,0.0,3.154293230439055e-05,-4.662684439629152e-05,0.0,0.5,0.0,reference,6.069219201284189e-18,2.7755575615628914e-17,nan,nan,nan,,,nan,nan,nan,nan,nan,nan,nan,nan,0.075,0.2768333333333333,0.9133333333333333,0.24744130042143286,62,324,0.13777777777777778,0.1950632149307646,0.009354635110367918,0.009354635110367918,0.0,0.028191788202149504,0.028191788202149504,0.0,0.5699566414254051,0.5699566414254051,0.5236914375483883,0.5236914375483883
m01-j0002,manifest.tsv,dml2_real_real_digits_misaligned_ctmle_n6000_s0_chunk01.reps.csv,real_digits_misaligned,box,6000,0.05,0.0,estimated_residual_lowp_supported,ctmle,estimated,xgboost,xgboost,if_residual,1.0,0.0|0.25|0.5|1.0,aipw_variance,-1.0,1.0,obsval,4.0,0.1,30,0.1,crossfit_rank_empty_standdown,1.0,4,50,3,3080.7074267305434,0.055717973070732646,0.055717973070732646,0.055717973070732646,0.0,1.5981433150997148e-05,1.1142493280067302e-06,0.0,0.5,0.0,reference,3.552713678800501e-18,-5.551115123125783e-17,nan,nan,nan,,,nan,nan,nan,nan,nan,nan,nan,nan,0.0,0.2698333333333333,nan,0.0,0,326,nan,0.20135886349598517,0.0,0.0,0.0,0.03788563002497399,0.03788563002497399,0.0,nan,nan,0.5363132208267943,0.5363132208267943
m01-j0002,manifest.tsv,dml2_real_real_digits_misaligned_ctmle_n6000_s0_chunk01.reps.csv,real_digits_misaligned,box,6000,0.05,0.0,estimated_residual_lowp_supported,ctmle,estimated,xgboost,xgboost,if_residual,1.0,0.0|0.25|0.5|1.0,aipw_variance,-1.0,1.0,obsval,4.0,0.1,30,0.1,crossfit_rank_empty_standdown,1.0,4,50,4,4092.9451054399833,0.07976167161380779,0.07976167161380779,0.07976167161380779,0.0,3.0048419613766986e-05,-3.363829165680142e-05,0.0,0.5,0.0,reference,4.1448326252672514e-18,-5.551115123125783e-17,nan,nan,nan,,,nan,nan,nan,nan,nan,nan,nan,nan,0.0,0.283,nan,0.0,0,327,nan,0.19257950530035337,0.0,0.0,0.0,0.055327381581361926,0.055327381581361926,0.0,nan,nan,0.565917631669601,0.565917631669601
m01-j0003,manifest.tsv,dml2_real_real_digits_misaligned_ctmle_n6000_s0_chunk02.reps.csv,real_digits_misaligned,box,6000,0.05,0.0,estimated_residual_lowp_supported,ctmle,estimated,xgboost,xgboost,if_residual,1.0,0.0|0.25|0.5|1.0,aipw_variance,-1.0,1.0,obsval,4.0,0.1,30,0.1,crossfit_rank_empty_standdown,1.0,4,50,1,1028.8748159129173,0.05311961314606181,0.05311961314606181,0.05311961314606181,0.0,3.0983389015661967e-05,-2.8735839819142995e-05,0.0,0.5,0.0,reference,5.921189464667502e-18,0.0,nan,nan,nan,,,nan,nan,nan,nan,nan,nan,nan,nan,0.0,0.2795,nan,0.0,0,303,nan,0.1806797853309481,0.0,0.0,0.0,0.042116550026950125,0.042116550026950125,0.0,nan,nan,0.5550851588184399,0.5550851588184399
m01-j0003,manifest.tsv,dml2_real_real_digits_misaligned_ctmle_n6000_s0_chunk02.reps.csv,real_digits_misaligned,box,6000,0.05,0.0,estimated_residual_lowp_supported,ctmle,estimated,xgboost,xgboost,if_residual,1.0,0.0|0.25|0.5|1.0,aipw_variance,-1.0,1.0,obsval,4.0,0.1,30,0.1,crossfit_rank_empty_standdown,1.0,4,50,2,2049.5965264039114,0.051784405606600525,0.051784405606600525,0.051784405606600525,0.0,1.659906106261336e-05,-1.5550924098994834e-06,0.0,0.5,0.0,reference,-1.0658141036401503e-17,5.551115123125783e-17,nan,nan,nan,,,nan,nan,nan,nan,nan,nan,nan,nan,0.1,0.2798333333333333,0.925,0.33055390113162597,87,349,0.145,0.20786182251340082,0.018619553518323742,0.018619553518323742,0.0,0.03839289932589582,0.03839289932589582,0.0,0.566284785972235,0.566284785972235,0.5415911924406931,0.5415911924406931
m01-j0003,manifest.tsv,dml2_real_real_digits_misaligned_ctmle_n6000_s0_chunk02.reps.csv,real_digits_misaligned,box,6000,0.05,0.0,estimated_residual_lowp_supported,ctmle,estimated,xgboost,xgboost,if_residual,1.0,0.0|0.25|0.5|1.0,aipw_variance,-1.0,1.0,obsval,4.0,0.1,30,0.1,crossfit_rank_empty_standdown,1.0,4,50,3,3084.912512502633,0.032570293794030286,0.032570293794030286,0.032570293794030286,0.0,2.0626308334264305e-05,6.132862279277008e-07,0.0,0.5,0.0,reference,-1.4210854715202004e-17,2.7755575615628914e-17,nan,nan,nan,,,nan,nan,nan,nan,nan,nan,nan,nan,0.05,0.2806666666666667,0.9666666666666667,0.17220902612826602,32,339,0.10666666666666667,0.2013064133016627,0.007686196857521033,0.007686196857521033,0.0,0.02885077544468867,0.02885077544468867,0.0,0.5797152971685956,0.5797152971685956,0.5445487308742267,0.5445487308742267
m01-j0003,manifest.tsv,dml2_real_real_digits_misaligned_ctmle_n6000_s0_chunk02.reps.csv,real_digits_misaligned,box,6000,0.05,0.0,estimated_residual_lowp_supported,ctmle,estimated,xgboost,xgboost,if_residual,1.0,0.0|0.25|0.5|1.0,aipw_variance,-1.0,1.0,obsval,4.0,0.1,30,0.1,crossfit_rank_empty_standdown,1.0,4,50,4,4106.5623916322365,0.04375380947496313,0.04375380947496313,0.04375380947496313,0.0,2.9170185051590933e-05,-1.8413554353668114e-05,0.0,0.5,0.0,reference,-5.921189464667502e-18,0.0,nan,nan,nan,,,nan,nan,nan,nan,nan,nan,nan,nan,0.1,0.2655,0.93,0.3502824858757062,90,346,0.15,0.21720025109855617,0.021028746809655257,0.021028746809655257,0.0,0.03707778684747986,0.03707778684747986,0.0,0.6224267124766557,0.6224267124766557,0.5678469159918217,0.5678469159918217
m01-j0004,manifest.tsv,dml2_real_real_digits_misaligned_ctmle_n6000_s0_chunk03.reps.csv,real_digits_misaligned,box,6000,0.05,0.0,estimated_residual_lowp_supported,ctmle,estimated,xgboost,xgboost,if_residual,1.0,0.0|0.25|0.5|1.0,aipw_variance,-1.0,1.0,obsval,4.0,0.1,30,0.1,crossfit_rank_empty_standdown,1.0,4,50,1,1021.460893903859,0.02282014957919415,0.02282014957919415,0.02282014957919415,0.0,3.595889477474583e-05,2.5790773664272873e-06,0.0,0.5,0.0,reference,-8.289665250534503e-18,0.0,nan,nan,nan,,,nan,nan,nan,nan,nan,nan,nan,nan,0.075,0.27016666666666667,0.9333333333333333,0.2590993214065392,48,321,0.10666666666666667,0.19802590993214064,0.009534942273869964,0.009534942273869964,0.0,0.027877951259668625,0.027877951259668625,0.0,0.5745912375257756,0.5745912375257756,0.5760058907033654,0.5760058907033654
m01-j0004,manifest.tsv,dml2_real_real_digits_misaligned_ctmle_n6000_s0_chunk03.reps.csv,real_digits_misaligned,box,6000,0.05,0.0,estimated_residual_lowp_supported,ctmle,estimated,xgboost,xgboost,if_residual,1.0,0.0|0.25|0.5|1.0,aipw_variance,-1.0,1.0,obsval,4.0,0.1,30,0.1,crossfit_rank_empty_standdown,1.0,4,50,2,2032.050445300527,0.06033279193548674,0.06033279193548674,0.06033279193548674,0.0,3.8688632173453606e-05,-2.3193200358962406e-05,0.0,0.5,0.0,reference,-5.921189464667501e-19,0.0,nan,nan,nan,,,nan,nan,nan,nan,nan,nan,nan,nan,0.075,0.2775,0.9444444444444444,0.2552552552552553,62,332,0.13777777777777778,0.1993993993993994,0.015845246528650877,0.015845246528650877,0.0,0.038397045478150434,0.038397045478150434,0.0,0.6060914214067725,0.6060914214067725,0.5511654962501316,0.5511654962501316
m01-j0004,manifest.tsv,dml2_real_real_digits_misaligned_ctmle_n6000_s0_chunk03.reps.csv,real_digits_misaligned,box,6000,0.05,0.0,estimated_residual_lowp_supported,ctmle,estimated,xgboost,xgboost,if_residual,1.0,0.0|0.25|0.5|1.0,aipw_variance,-1.0,1.0,obsval,4.0,0.1,30,0.1,crossfit_rank_empty_standdown,1.0,4,50,3,3077.8223929665983,0.06379976409852595,0.06379976409852595,0.06379976409852595,0.0,3.8093468559019386e-05,-6.137332917013395e-05,0.0,0.5,0.0,reference,1.1842378929335004e-17,0.0,nan,nan,nan,,,nan,nan,nan,nan,nan,nan,nan,nan,0.0,0.269,nan,0.0,0,319,nan,0.1976456009913259,0.0,0.0,0.0,0.040333215141285725,0.040333215141285725,0.0,nan,nan,0.5711030280958895,0.5711030280958895
m01-j0004,manifest.tsv,dml2_real_real_digits_misaligned_ctmle_n6000_s0_chunk03.reps.csv,real_digits_misaligned,box,6000,0.05,0.0,estimated_residual_lowp_supported,ctmle,estimated,xgboost,xgboost,if_residual,1.0,0.0|0.25|0.5|1.0,aipw_variance,-1.0,1.0,obsval,4.0,0.1,30,0.1,crossfit_rank_empty_standdown,1.0,4,50,4,4094.7120399381965,0.031542131389261596,0.031542131389261596,0.031542131389261596,0.0,2.79647695258725e-05,-3.630305464752382e-05,0.0,0.5,0.0,reference,5.921189464667502e-18,0.0,nan,nan,nan,,,nan,nan,nan,nan,nan,nan,nan,nan,0.075,0.2781666666666667,0.9222222222222223,0.24865188735769922,60,343,0.13333333333333333,0.2055122828040743,0.013469515036154331,0.013469515036154331,0.0,0.030341907444067128,0.030341907444067128,0.0,0.6299185882379366,0.6299185882379366,0.5554142638385218,0.5554142638385218
m01-j0005,manifest.tsv,dml2_real_real_digits_misaligned_ctmle_n6000_s0_chunk04.reps.csv,real_digits_misaligned,box,6000,0.05,0.0,estimated_residual_lowp_supported,ctmle,estimated,xgboost,xgboost,if_residual,1.0,0.0|0.25|0.5|1.0,aipw_variance,-1.0,1.0,obsval,4.0,0.1,30,0.1,crossfit_rank_empty_standdown,1.0,4,50,1,1029.633507316932,0.025986200741392795,0.025986200741392795,0.025986200741392795,0.0,3.438287184851646e-05,-2.279479970544794e-05,0.0,0.5,0.0,reference,1.4210854715202004e-17,-5.551115123125783e-17,nan,nan,nan,,,nan,nan,nan,nan,nan,nan,nan,nan,0.1,0.27366666666666667,0.9333333333333333,0.341047503045067,76,328,0.12666666666666668,0.1997563946406821,0.014094155614620834,0.014094155614620834,0.0,0.029291810841440887,0.029291810841440887,0.0,0.5851518540412989,0.5851518540412989,0.5382372507184779,0.5382372507184779
m01-j0005,manifest.tsv,dml2_real_real_digits_misaligned_ctmle_n6000_s0_chunk04.reps.csv,real_digits_misaligned,box,6000,0.05,0.0,estimated_residual_lowp_supported,ctmle,estimated,xgboost,xgboost,if_residual,1.0,0.0|0.25|0.5|1.0,aipw_variance,-1.0,1.0,obsval,4.0,0.1,30,0.1,crossfit_rank_empty_standdown,1.0,4,50,2,2058.4851326048374,0.007596103776248642,0.007596103776248642,0.007596103776248642,0.0,2.683653842183763e-05,3.0447417430817304e-06,0.0,0.5,0.0,reference,-1.1842378929335003e-18,-5.551115123125783e-17,nan,nan,nan,,,nan,nan,nan,nan,nan,nan,nan,nan,0.0,0.2723333333333333,nan,0.0,0,342,nan,0.20930232558139536,0.0,0.0,0.0,0.02694209270347724,0.02694209270347724,0.0,nan,nan,0.5413489995129545,0.5413489995129545
m01-j0005,manifest.tsv,dml2_real_real_digits_misaligned_ctmle_n6000_s0_chunk04.reps.csv,real_digits_misaligned,box,6000,0.05,0.0,estimated_residual_lowp_supported,ctmle,estimated,xgboost,xgboost,if_residual,1.0,0.0|0.25|0.5|1.0,aipw_variance,-1.0,1.0,obsval,4.0,0.1,30,0.1,crossfit_rank_empty_standdown,1.0,4,50,3,3099.073013097979,0.002031476038269281,0.002031476038269281,0.002031476038269281,0.0,2.5928283866348653e-05,-1.0809824734437832e-05,0.0,0.5,0.0,reference,-4.736951571734001e-18,0.0,nan,nan,nan,,,nan,nan,nan,nan,nan,nan,nan,nan,0.0,0.2713333333333333,nan,0.0,0,324,nan,0.19901719901719903,0.0,0.0,0.0,0.032990063325336855,0.032990063325336855,0.0,nan,nan,0.5527792660237316,0.5527792660237316
m01-j0005,manifest.tsv,dml2_real_real_digits_misaligned_ctmle_n6000_s0_chunk04.reps.csv,real_digits_misaligned,box,6000,0.05,0.0,estimated_residual_lowp_supported,ctmle,estimated,xgboost,xgboost,if_residual,1.0,0.0|0.25|0.5|1.0,aipw_variance,-1.0,1.0,obsval,4.0,0.1,30,0.1,crossfit_rank_empty_standdown,1.0,4,50,4,4116.19457950443,-0.009590669438723165,-0.009590669438723165,-0.009590669438723165,0.0,2.1136363338627355e-05,-2.0619088042859502e-05,0.0,0.5,0.0,reference,5.921189464667502e-18,0.0,nan,nan,nan,,,nan,nan,nan,nan,nan,nan,nan,nan,0.05,0.2728333333333333,0.9366666666666666,0.17165546731826511,40,343,0.13333333333333333,0.209529627367135,0.0030086426576048987,0.0030086426576048987,0.0,0.01671494728536156,0.01671494728536156,0.0,0.554933083747336,0.554933083747336,0.5309543619926728,0.5309543619926728
m01-j0006,manifest.tsv,dml2_real_real_digits_misaligned_ctmle_n6000_s0_chunk05.reps.csv,real_digits_misaligned,box,6000,0.05,0.0,estimated_residual_lowp_supported,ctmle,estimated,xgboost,xgboost,if_residual,1.0,0.0|0.25|0.5|1.0,aipw_variance,-1.0,1.0,obsval,4.0,0.1,30,0.1,crossfit_rank_empty_standdown,1.0,4,50,1,1029.2846516426653,0.05698900301664708,0.05698900301664708,0.05698900301664708,0.0,3.972469382116468e-05,-2.772163174956881e-05,0.0,0.5,0.0,reference,4.736951571734001e-18,0.0,nan,nan,nan,,,nan,nan,nan,nan,nan,nan,nan,nan,0.1,0.27016666666666667,0.9466666666666667,0.3504009870450339,76,325,0.12666666666666668,0.20049352251696484,0.018667839214529736,0.018667839214529736,0.0,0.0397487434067567,0.0397487434067567,0.0,0.5735733173449373,0.5735733173449373,0.5645350483462813,0.5645350483462813
m01-j0006,manifest.tsv,dml2_real_real_digits_misaligned_ctmle_n6000_s0_chunk05.reps.csv,real_digits_misaligned,box,6000,0.05,0.0,estimated_residual_lowp_supported,ctmle,estimated,xgboost,xgboost,if_residual,1.0,0.0|0.25|0.5|1.0,aipw_variance,-1.0,1.0,obsval,4.0,0.1,30,0.1,crossfit_rank_empty_standdown,1.0,4,50,2,2049.1110352966934,-0.00046106696101513855,-0.00046106696101513855,-0.00046106696101513855,0.0,3.4729161075151534e-05,-4.018248604261744e-05,0.0,0.5,0.0,reference,4.736951571734001e-18,0.0,nan,nan,nan,,,nan,nan,nan,nan,nan,nan,nan,nan,0.1,0.2745,0.93,0.33879781420765026,72,311,0.12,0.18882817243472982,0.008657788698162555,0.008657788698162555,0.0,0.02076560333054891,0.02076560333054891,0.0,0.500427229936049,0.500427229936049,0.5152324209404606,0.5152324209404606
m01-j0006,manifest.tsv,dml2_real_real_digits_misaligned_ctmle_n6000_s0_chunk05.reps.csv,real_digits_misaligned,box,6000,0.05,0.0,estimated_residual_lowp_supported,ctmle,estimated,xgboost,xgboost,if_residual,1.0,0.0|0.25|0.5|1.0,aipw_variance,-1.0,1.0,obsval,4.0,0.1,30,0.1,crossfit_rank_empty_standdown,1.0,4,50,3,3093.75646122545,-0.01047725572676006,-0.01047725572676006,-0.01047725572676006,0.0,3.6794543643053576e-05,7.380647822764481e-06,0.0,0.5,0.0,reference,-5.921189464667501e-19,0.0,nan,nan,nan,,,nan,nan,nan,nan,nan,nan,nan,nan,0.0,0.2685,nan,0.0,0,335,nan,0.2079453755431409,0.0,0.0,0.0,0.013917584289928632,0.013917584289928632,0.0,nan,nan,0.540815950869174,0.540815950869174
m01-j0006,manifest.tsv,dml2_real_real_digits_misaligned_ctmle_n6000_s0_chunk05.reps.csv,real_digits_misaligned,box,6000,0.05,0.0,estimated_residual_lowp_supported,ctmle,estimated,xgboost,xgboost,if_residual,1.0,0.0|0.25|0.5|1.0,aipw_variance,-1.0,1.0,obsval,4.0,0.1,30,0.1,crossfit_rank_empty_standdown,1.0,4,50,4,4104.673078591004,0.042736844367561005,0.042736844367561005,0.042736844367561005,0.0,3.08209392828997e-05,-1.566449474289176e-05,0.0,0.5,0.0,reference,1.6579330501069006e-17,-5.551115123125783e-17,nan,nan,nan,,,nan,nan,nan,nan,nan,nan,nan,nan,0.1,0.27316666666666667,0.9516666666666667,0.3483831604636974,66,334,0.11,0.20378279438682123,0.018336230312560136,0.018336230312560136,0.0,0.03374843596032383,0.03374843596032383,0.0,0.5921715440326542,0.5921715440326542,0.5270604703826074,0.5270604703826074
m01-j0007,manifest.tsv,dml2_real_real_digits_misaligned_ctmle_n6000_s0_chunk06.reps.csv,real_digits_misaligned,box,6000,0.05,0.0,estimated_residual_lowp_supported,ctmle,estimated,xgboost,xgboost,if_residual,1.0,0.0|0.25|0.5|1.0,aipw_variance,-1.0,1.0,obsval,4.0,0.1,30,0.1,crossfit_rank_empty_standdown,1.0,4,50,1,1023.7093571107835,0.08022176619049143,0.08022176619049143,0.08022176619049143,0.0,3.5774310534251444e-05,-1.6380416006776637e-05,0.0,0.5,0.0,reference,-3.552713678800501e-18,-5.551115123125783e-17,nan,nan,nan,,,nan,nan,nan,nan,nan,nan,nan,nan,0.075,0.2798333333333333,0.9311111111111111,0.2495533055390113,66,322,0.14666666666666667,0.1917808219178082,0.016791069849171572,0.016791069849171572,0.0,0.04524567434471667,0.04524567434471667,0.0,0.6428368926991286,0.6428368926991286,0.5770352171608358,0.5770352171608358
m01-j0007,manifest.tsv,dml2_real_real_digits_misaligned_ctmle_n6000_s0_chunk06.reps.csv,real_digits_misaligned,box,6000,0.05,0.0,estimated_residual_lowp_supported,ctmle,estimated,xgboost,xgboost,if_residual,1.0,0.0|0.25|0.5|1.0,aipw_variance,-1.0,1.0,obsval,4.0,0.1,30,0.1,crossfit_rank_empty_standdown,1.0,4,50,2,2045.1496427701786,0.031269896270297276,0.031269896270297276,0.031269896270297276,0.0,2.5446668736417736e-05,-2.508391597705876e-05,0.0,0.5,0.0,reference,-1.1842378929335003e-18,0.0,nan,nan,nan,,,nan,nan,nan,nan,nan,nan,nan,nan,0.1,0.267,0.9033333333333333,0.3383270911360799,94,347,0.15666666666666668,0.21660424469413234,0.02051077013798129,0.02051077013798129,0.0,0.037432749811508806,0.037432749811508806,0.0,0.5881241031618352,0.5881241031618352,0.5491191667972821,0.5491191667972821
m01-j0007,manifest.tsv,dml2_real_real_digits_misaligned_ctmle_n6000_s0_chunk06.reps.csv,real_digits_misaligned,box,6000,0.05,0.0,estimated_residual_lowp_supported,ctmle,estimated,xgboost,xgboost,if_residual,1.0,0.0|0.25|0.5|1.0,aipw_variance,-1.0,1.0,obsval,4.0,0.1,30,0.1,crossfit_rank_empty_standdown,1.0,4,50,3,3082.48427684512,0.044353854351705774,0.044353854351705774,0.044353854351705774,0.0,2.7735609044075675e-05,-2.098255215096694e-05,0.0,0.5,0.0,reference,3.552713678800501e-18,-2.7755575615628914e-17,nan,nan,nan,,,nan,nan,nan,nan,nan,nan,nan,nan,0.1,0.2788333333333333,0.9,0.3227734608487747,81,354,0.135,0.21159593544530783,0.010270357283777808,0.010270357283777808,0.0,0.02739445275373783,0.02739445275373783,0.0,0.5131313892560714,0.5131313892560714,0.5324333442325878,0.5324333442325878
m01-j0007,manifest.tsv,dml2_real_real_digits_misaligned_ctmle_n6000_s0_chunk06.reps.csv,real_digits_misaligned,box,6000,0.05,0.0,estimated_residual_lowp_supported,ctmle,estimated,xgboost,xgboost,if_residual,1.0,0.0|0.25|0.5|1.0,aipw_variance,-1.0,1.0,obsval,4.0,0.1,30,0.1,crossfit_rank_empty_standdown,1.0,4,50,4,4089.1820908254012,0.02127176229180386,0.02127176229180386,0.02127176229180386,0.0,3.626421096773421e-05,-3.2575687774867514e-05,0.0,0.5,0.0,reference,-4.736951571734001e-18,0.0,nan,nan,nan,,,nan,nan,nan,nan,nan,nan,nan,nan,0.0,0.2771666666666667,nan,0.0,0,324,nan,0.1948286229705352,0.0,0.0,0.0,0.025870276981958398,0.025870276981958398,0.0,nan,nan,0.5655972606258817,0.5655972606258817
m01-j0008,manifest.tsv,dml2_real_real_digits_misaligned_ctmle_n6000_s0_chunk07.reps.csv,real_digits_misaligned,box,6000,0.05,0.0,estimated_residual_lowp_supported,ctmle,estimated,xgboost,xgboost,if_residual,1.0,0.0|0.25|0.5|1.0,aipw_variance,-1.0,1.0,obsval,4.0,0.1,30,0.1,crossfit_rank_empty_standdown,1.0,4,50,1,1017.1591834276915,0.02848958317649833,0.02848958317649833,0.02848958317649833,0.0,2.8798808556922822e-05,-3.419967704207833e-05,0.0,0.5,0.0,reference,-8.289665250534503e-18,0.0,nan,nan,nan,,,nan,nan,nan,nan,nan,nan,nan,nan,0.0,0.2773333333333333,nan,0.0,0,325,nan,0.1953125,0.0,0.0,0.0,0.032614776800662625,0.032614776800662625,0.0,nan,nan,0.5661653632659172,0.5661653632659172
m01-j0008,manifest.tsv,dml2_real_real_digits_misaligned_ctmle_n6000_s0_chunk07.reps.csv,real_digits_misaligned,box,6000,0.05,0.0,estimated_residual_lowp_supported,ctmle,estimated,xgboost,xgboost,if_residual,1.0,0.0|0.25|0.5|1.0,aipw_variance,-1.0,1.0,obsval,4.0,0.1,30,0.1,crossfit_rank_empty_standdown,1.0,4,50,2,2056.88557098154,0.07931339405563398,0.07931339405563398,0.07931339405563398,0.0,2.9752513987480692e-05,-3.766851017232407e-05,0.0,0.5,0.0,reference,1.1842378929335003e-18,-5.551115123125783e-17,nan,nan,nan,,,nan,nan,nan,nan,nan,nan,nan,nan,0.05,0.2715,0.92,0.1694290976058932,51,333,0.17,0.20441988950276244,0.010630959798847312,0.010630959798847312,0.0,0.04919676179420812,0.04919676179420812,0.0,0.6034989989039005,0.6034989989039005,0.594473131140029,0.594473131140029
m01-j0008,manifest.tsv,dml2_real_real_digits_misaligned_ctmle_n6000_s0_chunk07.reps.csv,real_digits_misaligned,box,6000,0.05,0.0,estimated_residual_lowp_supported,ctmle,estimated,xgboost,xgboost,if_residual,1.0,0.0|0.25|0.5|1.0,aipw_variance,-1.0,1.0,obsval,4.0,0.1,30,0.1,crossfit_rank_empty_standdown,1.0,4,50,3,3092.541632008739,-0.05191784540480052,-0.05191784540480052,-0.05191784540480052,0.0,3.984008945306342e-05,-5.698192156330088e-05,0.0,0.5,0.0,reference,-4.736951571734001e-18,0.0,nan,nan,nan,,,nan,nan,nan,nan,nan,nan,nan,nan,0.0,0.2733333333333333,nan,0.0,0,331,nan,0.20182926829268294,0.0,0.0,0.0,0.006442818571792877,0.006442818571792877,0.0,nan,nan,0.503612916178023,0.503612916178023
m01-j0008,manifest.tsv,dml2_real_real_digits_misaligned_ctmle_n6000_s0_chunk07.reps.csv,real_digits_misaligned,box,6000,0.05,0.0,estimated_residual_lowp_supported,ctmle,estimated,xgboost,xgboost,if_residual,1.0,0.0|0.25|0.5|1.0,aipw_variance,-1.0,1.0,obsval,4.0,0.1,30,0.1,crossfit_rank_empty_standdown,1.0,4,50,4,4105.624101400375,0.059358508922004255,0.059358508922004255,0.059358508922004255,0.0,3.360893503888407e-05,8.159915922024248e-06,0.0,0.5,0.0,reference,-5.3290705182007515e-18,0.0,nan,nan,nan,,,nan,nan,nan,nan,nan,nan,nan,nan,0.1,0.2713333333333333,0.91,0.3353808353808354,103,334,0.17166666666666666,0.20515970515970516,0.024162903366288537,0.024162903366288537,0.0,0.046810075711639094,0.046810075711639094,0.0,0.6505843573163378,0.6505843573163378,0.5875270902608725,0.5875270902608725
m01-j0009,manifest.tsv,dml2_real_real_digits_misaligned_ctmle_n6000_s0_chunk08.reps.csv,real_digits_misaligned,box,6000,0.05,0.0,estimated_residual_lowp_supported,ctmle,estimated,xgboost,xgboost,if_residual,1.0,0.0|0.25|0.5|1.0,aipw_variance,-1.0,1.0,obsval,4.0,0.1,30,0.1,crossfit_rank_empty_standdown,1.0,4,50,1,1022.6808899464086,0.04045831878226086,0.04045831878226086,0.04045831878226086,0.0,2.9980492145830037e-05,2.4971216761094143e-05,0.0,0.5,0.0,reference,-9.473903143468002e-18,0.0,nan,nan,nan,,,nan,nan,nan,nan,nan,nan,nan,nan,0.0,0.2713333333333333,nan,0.0,0,345,nan,0.2119164619164619,0.0,0.0,0.0,0.027435260126560203,0.027435260126560203,0.0,nan,nan,0.5696843478351087,0.5696843478351087
m01-j0009,manifest.tsv,dml2_real_real_digits_misaligned_ctmle_n6000_s0_chunk08.reps.csv,real_digits_misaligned,box,6000,0.05,0.0,estimated_residual_lowp_supported,ctmle,estimated,xgboost,xgboost,if_residual,1.0,0.0|0.25|0.5|1.0,aipw_variance,-1.0,1.0,obsval,4.0,0.1,30,0.1,crossfit_rank_empty_standdown,1.0,4,50,2,2036.83107108064,0.06560948675169465,0.06560948675169465,0.06560948675169465,0.0,4.750103390636126e-05,-4.6302615433901776e-06,0.0,0.5,0.0,reference,5.921189464667502e-18,-5.551115123125783e-17,nan,nan,nan,,,nan,nan,nan,nan,nan,nan,nan,nan,0.1,0.28,0.9483333333333334,0.3386904761904762,83,313,0.13833333333333334,0.1863095238095238,0.021678462643804176,0.021678462643804176,0.0,0.042905169611528016,0.042905169611528016,0.0,0.5920415422763377,0.5920415422763377,0.5680445438131059,0.5680445438131059
m01-j0009,manifest.tsv,dml2_real_real_digits_misaligned_ctmle_n6000_s0_chunk08.reps.csv,real_digits_misaligned,box,6000,0.05,0.0,estimated_residual_lowp_supported,ctmle,estimated,xgboost,xgboost,if_residual,1.0,0.0|0.25|0.5|1.0,aipw_variance,-1.0,1.0,obsval,4.0,0.1,30,0.1,crossfit_rank_empty_standdown,1.0,4,50,3,3068.579784024507,0.01590825982227828,0.01590825982227828,0.01590825982227828,0.0,3.2724775899888644e-05,-2.9085455020523413e-05,0.0,0.5,0.0,reference,8.289665250534503e-18,5.551115123125783e-17,nan,nan,nan,,,nan,nan,nan,nan,nan,nan,nan,nan,0.075,0.2775,0.9355555555555556,0.25285285285285286,47,321,0.10444444444444445,0.1927927927927928,0.014036224996657543,0.014036224996657543,0.0,0.031712789348969976,0.031712789348969976,0.0,0.5675689280926638,0.5675689280926638,0.5344242666453721,0.5344242666453721
m01-j0009,manifest.tsv,dml2_real_real_digits_misaligned_ctmle_n6000_s0_chunk08.reps.csv,real_digits_misaligned,box,6000,0.05,0.0,estimated_residual_lowp_supported,ctmle,estimated,xgboost,xgboost,if_residual,1.0,0.0|0.25|0.5|1.0,aipw_variance,-1.0,1.0,obsval,4.0,0.1,30,0.1,crossfit_rank_empty_standdown,1.0,4,50,4,4090.090988436714,0.023104878530149725,0.023104878530149725,0.023104878530149725,0.0,3.601313691177911e-05,-3.435294545474615e-05,0.0,0.5,0.0,reference,7.105427357601002e-18,0.0,nan,nan,nan,,,nan,nan,nan,nan,nan,nan,nan,nan,0.1,0.2705,0.8966666666666666,0.3314849044978435,98,366,0.16333333333333333,0.2255083179297597,0.010794022706536755,0.010794022706536755,0.0,0.020431306985533203,0.020431306985533203,0.0,0.6276301190198571,0.6276301190198571,0.5527981990563696,0.5527981990563696
m01-j0010,manifest.tsv,dml2_real_real_digits_misaligned_ctmle_n6000_s0_chunk09.reps.csv,real_digits_misaligned,box,6000,0.05,0.0,estimated_residual_lowp_supported,ctmle,estimated,xgboost,xgboost,if_residual,1.0,0.0|0.25|0.5|1.0,aipw_variance,-1.0,1.0,obsval,4.0,0.1,30,0.1,crossfit_rank_empty_standdown,1.0,4,50,1,1022.8083396768197,0.019418821380740525,0.019418821380740525,0.019418821380740525,0.0,2.639354160959722e-05,-1.7781021118918054e-05,0.0,0.5,0.0,reference,1.0658141036401503e-17,0.0,nan,nan,nan,,,nan,nan,nan,nan,nan,nan,nan,nan,0.0,0.2733333333333333,nan,0.0,0,334,nan,0.20365853658536584,0.0,0.0,0.0,0.026614337816853153,0.026614337816853153,0.0,nan,nan,0.5347273909034997,0.5347273909034997
m01-j0010,manifest.tsv,dml2_real_real_digits_misaligned_ctmle_n6000_s0_chunk09.reps.csv,real_digits_misaligned,box,6000,0.05,0.0,estimated_residual_lowp_supported,ctmle,estimated,xgboost,xgboost,if_residual,1.0,0.0|0.25|0.5|1.0,aipw_variance,-1.0,1.0,obsval,4.0,0.1,30,0.1,crossfit_rank_empty_standdown,1.0,4,50,2,2041.365067047067,0.031189000803324263,0.031189000803324263,0.031189000803324263,0.0,3.4729549012503806e-05,-1.7274680456370569e-06,0.0,0.5,0.0,reference,4.736951571734001e-18,-2.7755575615628914e-17,nan,nan,nan,,,nan,nan,nan,nan,nan,nan,nan,nan,0.0,0.2708333333333333,nan,0.0,0,297,nan,0.18276923076923077,0.0,0.0,0.0,0.02570670815059816,0.02570670815059816,0.0,nan,nan,0.5407326179472951,0.5407326179472951
m01-j0010,manifest.tsv,dml2_real_real_digits_misaligned_ctmle_n6000_s0_chunk09.reps.csv,real_digits_misaligned,box,6000,0.05,0.0,estimated_residual_lowp_supported,ctmle,estimated,xgboost,xgboost,if_residual,1.0,0.0|0.25|0.5|1.0,aipw_variance,-1.0,1.0,obsval,4.0,0.1,30,0.1,crossfit_rank_empty_standdown,1.0,4,50,3,3073.0108746942133,0.012623853146603026,0.012623853146603026,0.012623853146603026,0.0,1.9862494900795306e-05,2.1848390410821386e-05,0.0,0.5,0.0,reference,1.1842378929335003e-18,5.551115123125783e-17,nan,nan,nan,,,nan,nan,nan,nan,nan,nan,nan,nan,0.0,0.2811666666666667,nan,0.0,0,353,nan,0.2092471843509188,0.0,0.0,0.0,0.02671570095034227,0.02671570095034227,0.0,nan,nan,0.5433634646359149,0.5433634646359149
m01-j0010,manifest.tsv,dml2_real_real_digits_misaligned_ctmle_n6000_s0_chunk09.reps.csv,real_digits_misaligned,box,6000,0.05,0.0,estimated_residual_lowp_supported,ctmle,estimated,xgboost,xgboost,if_residual,1.0,0.0|0.25|0.5|1.0,aipw_variance,-1.0,1.0,obsval,4.0,0.1,30,0.1,crossfit_rank_empty_standdown,1.0,4,50,4,4094.3498206324875,0.0512805734916828,0.0512805734916828,0.0512805734916828,0.0,2.3774627927705553e-05,-2.1892979866720288e-05,0.0,0.5,0.0,reference,5.3290705182007515e-18,0.0,nan,nan,nan,,,nan,nan,nan,nan,nan,nan,nan,nan,0.0,0.26616666666666666,nan,0.0,0,334,nan,0.20914214151534127,0.0,0.0,0.0,0.03189516072788169,0.03189516072788169,0.0,nan,nan,0.5879295600593527,0.5879295600593527
m01-j0011,manifest.tsv,dml2_real_real_digits_misaligned_ctmle_n6000_s0_chunk10.reps.csv,real_digits_misaligned,box,6000,0.05,0.0,estimated_residual_lowp_supported,ctmle,estimated,xgboost,xgboost,if_residual,1.0,0.0|0.25|0.5|1.0,aipw_variance,-1.0,1.0,obsval,4.0,0.1,30,0.1,crossfit_rank_empty_standdown,1.0,4,50,1,1012.7620382001624,0.06632216138956806,0.06632216138956806,0.06632216138956806,0.0,2.6257063287005752e-05,-4.3463391318699545e-05,0.0,0.5,0.0,reference,-1.1842378929335003e-18,0.0,nan,nan,nan,,,nan,nan,nan,nan,nan,nan,nan,nan,0.0,0.26866666666666666,nan,0.0,0,317,nan,0.1966501240694789,0.0,0.0,0.0,0.042361261190430585,0.042361261190430585,0.0,nan,nan,0.5957836993954793,0.5957836993954793
m01-j0011,manifest.tsv,dml2_real_real_digits_misaligned_ctmle_n6000_s0_chunk10.reps.csv,real_digits_misaligned,box,6000,0.05,0.0,estimated_residual_lowp_supported,ctmle,estimated,xgboost,xgboost,if_residual,1.0,0.0|0.25|0.5|1.0,aipw_variance,-1.0,1.0,obsval,4.0,0.1,30,0.1,crossfit_rank_empty_standdown,1.0,4,50,2,2026.0654495116323,0.030118134435288074,0.030118134435288074,0.030118134435288074,0.0,2.8060168017225132e-05,-8.107910095930186e-06,0.0,0.5,0.0,reference,7.105427357601002e-18,-2.7755575615628914e-17,nan,nan,nan,,,nan,nan,nan,nan,nan,nan,nan,nan,0.0,0.2708333333333333,nan,0.0,0,322,nan,0.19815384615384615,0.0,0.0,0.0,0.027549302409857097,0.027549302409857097,0.0,nan,nan,0.5367639938298092,0.5367639938298092
m01-j0011,manifest.tsv,dml2_real_real_digits_misaligned_ctmle_n6000_s0_chunk10.reps.csv,real_digits_misaligned,box,6000,0.05,0.0,estimated_residual_lowp_supported,ctmle,estimated,xgboost,xgboost,if_residual,1.0,0.0|0.25|0.5|1.0,aipw_variance,-1.0,1.0,obsval,4.0,0.1,30,0.1,crossfit_rank_empty_standdown,1.0,4,50,3,3052.145986676216,0.038227274381542414,0.038227274381542414,0.038227274381542414,0.0,2.9808911169273587e-05,-2.274897547131945e-05,0.0,0.5,0.0,reference,-1.0362081563168129e-18,0.0,nan,nan,nan,,,nan,nan,nan,nan,nan,nan,nan,nan,0.05,0.2705,0.9633333333333334,0.1780653111521873,37,349,0.12333333333333334,0.215033887861984,0.006841745223869815,0.006841745223869815,0.0,0.04002423134692476,0.04002423134692476,0.0,0.5688431980066406,0.5688431980066406,0.583908129064424,0.583908129064424
m01-j0011,manifest.tsv,dml2_real_real_digits_misaligned_ctmle_n6000_s0_chunk10.reps.csv,real_digits_misaligned,box,6000,0.05,0.0,estimated_residual_lowp_supported,ctmle,estimated,xgboost,xgboost,if_residual,1.0,0.0|0.25|0.5|1.0,aipw_variance,-1.0,1.0,obsval,4.0,0.1,30,0.1,crossfit_rank_empty_standdown,1.0,4,50,4,4071.871606736444,0.049979755008793175,0.049979755008793175,0.049979755008793175,0.0,2.854051333102338e-05,-3.342486486209058e-05,0.0,0.5,0.0,reference,0.0,8.326672684688674e-17,nan,nan,nan,,,nan,nan,nan,nan,nan,nan,nan,nan,0.0,0.2791666666666667,nan,0.0,0,360,nan,0.21492537313432836,0.0,0.0,0.0,0.02889083885215206,0.02889083885215206,0.0,nan,nan,0.5590652526185027,0.5590652526185027
m01-j0012,manifest.tsv,dml2_real_real_digits_misaligned_ctmle_n6000_s0_chunk11.reps.csv,real_digits_misaligned,box,6000,0.05,0.0,estimated_residual_lowp_supported,ctmle,estimated,xgboost,xgboost,if_residual,1.0,0.0|0.25|0.5|1.0,aipw_variance,-1.0,1.0,obsval,4.0,0.1,30,0.1,crossfit_rank_empty_standdown,1.0,4,50,1,1034.797754730098,0.0535259721990807,0.0535259721990807,0.0535259721990807,0.0,2.0093296751439826e-05,-4.008227934176222e-05,0.0,0.5,0.0,reference,7.105427357601002e-18,5.551115123125783e-17,nan,nan,nan,,,nan,nan,nan,nan,nan,nan,nan,nan,0.1,0.2836666666666667,0.9233333333333333,0.3254994124559342,98,377,0.16333333333333333,0.22150411280846063,0.016355200686362394,0.016355200686362394,0.0,0.03164978198118264,0.03164978198118264,0.0,0.5212196549303661,0.5212196549303661,0.5253349748067109,0.5253349748067109
m01-j0012,manifest.tsv,dml2_real_real_digits_misaligned_ctmle_n6000_s0_chunk11.reps.csv,real_digits_misaligned,box,6000,0.05,0.0,estimated_residual_lowp_supported,ctmle,estimated,xgboost,xgboost,if_residual,1.0,0.0|0.25|0.5|1.0,aipw_variance,-1.0,1.0,obsval,4.0,0.1,30,0.1,crossfit_rank_empty_standdown,1.0,4,50,2,2055.5234368639067,0.042374897798462374,0.042374897798462374,0.042374897798462374,0.0,2.994685661362193e-05,-5.765454099217291e-06,0.0,0.5,0.0,reference,3.552713678800501e-18,8.326672684688674e-17,nan,nan,nan,,,nan,nan,nan,nan,nan,nan,nan,nan,0.1,0.2796666666666667,0.92,0.3289630512514899,90,348,0.15,0.20738974970202623,0.017312161136399454,0.017312161136399454,0.0,0.033790069028451816,0.033790069028451816,0.0,0.5997621799284804,0.5997621799284804,0.5517375879141198,0.5517375879141198
m01-j0012,manifest.tsv,dml2_real_real_digits_misaligned_ctmle_n6000_s0_chunk11.reps.csv,real_digits_misaligned,box,6000,0.05,0.0,estimated_residual_lowp_supported,ctmle,estimated,xgboost,xgboost,if_residual,1.0,0.0|0.25|0.5|1.0,aipw_variance,-1.0,1.0,obsval,4.0,0.1,30,0.1,crossfit_rank_empty_standdown,1.0,4,50,3,3087.067747734487,0.04249173366115677,0.04249173366115677,0.04249173366115677,0.0,3.185493476926698e-05,-2.4847053777934513e-05,0.0,0.5,0.0,reference,7.105427357601002e-18,-2.7755575615628914e-17,nan,nan,nan,,,nan,nan,nan,nan,nan,nan,nan,nan,0.05,0.2698333333333333,0.9266666666666666,0.17171093267449042,39,340,0.13,0.2100061766522545,0.006767923541300059,0.006767923541300059,0.0,0.027896944522173835,0.027896944522173835,0.0,0.5624286437800007,0.5624286437800007,0.5268061915490433,0.5268061915490433
m01-j0012,manifest.tsv,dml2_real_real_digits_misaligned_ctmle_n6000_s0_chunk11.reps.csv,real_digits_misaligned,box,6000,0.05,0.0,estimated_residual_lowp_supported,ctmle,estimated,xgboost,xgboost,if_residual,1.0,0.0|0.25|0.5|1.0,aipw_variance,-1.0,1.0,obsval,4.0,0.1,30,0.1,crossfit_rank_empty_standdown,1.0,4,50,4,4092.4084802558646,0.07977750323322202,0.07977750323322202,0.07977750323322202,0.0,3.72514905344262e-05,1.4837562509284398e-05,0.0,0.5,0.0,reference,8.881784197001253e-18,0.0,nan,nan,nan,,,nan,nan,nan,nan,nan,nan,nan,nan,0.05,0.2748333333333333,0.99,0.1801091570648878,37,321,0.12333333333333334,0.19466343238326259,0.010694275202042483,0.010694275202042483,0.0,0.04176517845772065,0.04176517845772065,0.0,0.6773298428896118,0.6773298428896118,0.5697313656535269,0.5697313656535269
m01-j0013,manifest.tsv,dml2_real_real_digits_misaligned_ctmle_n6000_s0_chunk12.reps.csv,real_digits_misaligned,box,6000,0.05,0.0,estimated_residual_lowp_supported,ctmle,estimated,xgboost,xgboost,if_residual,1.0,0.0|0.25|0.5|1.0,aipw_variance,-1.0,1.0,obsval,4.0,0.1,30,0.1,crossfit_rank_empty_standdown,1.0,4,50,1,1017.0296268817037,0.03506813450553256,0.03506813450553256,0.03506813450553256,0.0,3.0924349360141284e-05,-2.1804622783301434e-05,0.0,0.5,0.0,reference,-8.289665250534503e-18,5.551115123125783e-17,nan,nan,nan,,,nan,nan,nan,nan,nan,nan,nan,nan,0.1,0.28,0.9466666666666667,0.3380952380952381,68,344,0.11333333333333333,0.20476190476190476,0.021782678131644636,0.021782678131644636,0.0,0.03511862046066715,0.03511862046066715,0.0,0.6160782137167791,0.6160782137167791,0.5635089412224206,0.5635089412224206
m01-j0013,manifest.tsv,dml2_real_real_digits_misaligned_ctmle_n6000_s0_chunk12.reps.csv,real_digits_misaligned,box,6000,0.05,0.0,estimated_residual_lowp_supported,ctmle,estimated,xgboost,xgboost,if_residual,1.0,0.0|0.25|0.5|1.0,aipw_variance,-1.0,1.0,obsval,4.0,0.1,30,0.1,crossfit_rank_empty_standdown,1.0,4,50,2,2047.4376465845853,0.025193623904976897,0.025193623904976897,0.025193623904976897,0.0,2.0847991169470337e-05,-1.0167376847779598e-05,0.0,0.5,0.0,reference,8.289665250534503e-18,0.0,nan,nan,nan,,,nan,nan,nan,nan,nan,nan,nan,nan,0.05,0.278,0.9466666666666667,0.17026378896882494,31,325,0.10333333333333333,0.19484412470023982,0.003302099920321558,0.003302099920321558,0.0,0.02265475636316838,0.02265475636316838,0.0,0.556746227152357,0.556746227152357,0.5225334988052089,0.5225334988052089
m01-j0013,manifest.tsv,dml2_real_real_digits_misaligned_ctmle_n6000_s0_chunk12.reps.csv,real_digits_misaligned,box,6000,0.05,0.0,estimated_residual_lowp_supported,ctmle,estimated,xgboost,xgboost,if_residual,1.0,0.0|0.25|0.5|1.0,aipw_variance,-1.0,1.0,obsval,4.0,0.1,30,0.1,crossfit_rank_empty_standdown,1.0,4,50,3,3090.9013596829027,0.002679757279837075,0.002679757279837075,0.002679757279837075,0.0,2.2333810802942613e-05,-2.7288774379001773e-05,0.0,0.5,0.0,reference,1.1842378929335003e-18,0.0,nan,nan,nan,,,nan,nan,nan,nan,nan,nan,nan,nan,0.1,0.282,0.9233333333333333,0.32742316784869974,94,363,0.15666666666666668,0.21453900709219859,0.014938712279351018,0.014938712279351018,0.0,0.03181979107914742,0.03181979107914742,0.0,0.5544292763305725,0.5544292763305725,0.5365826724164222,0.5365826724164222
m01-j0013,manifest.tsv,dml2_real_real_digits_misaligned_ctmle_n6000_s0_chunk12.reps.csv,real_digits_misaligned,box,6000,0.05,0.0,estimated_residual_lowp_supported,ctmle,estimated,xgboost,xgboost,if_residual,1.0,0.0|0.25|0.5|1.0,aipw_variance,-1.0,1.0,obsval,4.0,0.1,30,0.1,crossfit_rank_empty_standdown,1.0,4,50,4,4106.989852352999,-0.0003295709800348323,-0.0003295709800348323,-0.0003295709800348323,0.0,3.092907675876402e-05,-8.167314893978736e-06,0.0,0.5,0.0,reference,-3.552713678800501e-18,0.0,nan,nan,nan,,,nan,nan,nan,nan,nan,nan,nan,nan,0.0,0.2648333333333333,nan,0.0,0,299,nan,0.1881686595342983,0.0,0.0,0.0,0.02051789848111071,0.02051789848111071,0.0,nan,nan,0.5543560557324626,0.5543560557324626
m01-j0014,manifest.tsv,dml2_real_real_digits_misaligned_ctmle_n6000_s0_chunk13.reps.csv,real_digits_misaligned,box,6000,0.05,0.0,estimated_residual_lowp_supported,ctmle,estimated,xgboost,xgboost,if_residual,1.0,0.0|0.25|0.5|1.0,aipw_variance,-1.0,1.0,obsval,4.0,0.1,30,0.1,crossfit_rank_empty_standdown,1.0,4,50,1,1029.2286273185164,0.0384019942677358,0.0384019942677358,0.0384019942677358,0.0,3.17047501932926e-05,-2.672977585002574e-05,0.0,0.5,0.0,reference,1.8947806286936004e-17,-2.7755575615628914e-17,nan,nan,nan,,,nan,nan,nan,nan,nan,nan,nan,nan,0.1,0.2781666666666667,0.92,0.33073696824445775,73,345,0.12166666666666667,0.2067106051527861,0.019189671646927257,0.019189671646927257,0.0,0.03716637578052118,0.03716637578052118,0.0,0.5613564663451591,0.5613564663451591,0.5249186343157004,0.5249186343157004
m01-j0014,manifest.tsv,dml2_real_real_digits_misaligned_ctmle_n6000_s0_chunk13.reps.csv,real_digits_misaligned,box,6000,0.05,0.0,estimated_residual_lowp_supported,ctmle,estimated,xgboost,xgboost,if_residual,1.0,0.0|0.25|0.5|1.0,aipw_variance,-1.0,1.0,obsval,4.0,0.1,30,0.1,crossfit_rank_empty_standdown,1.0,4,50,2,2052.4887063875794,0.05554681969543393,0.05554681969543393,0.05554681969543393,0.0,2.8066864542613916e-05,-2.7741207918525242e-06,0.0,0.5,0.0,reference,4.1448326252672514e-18,-5.551115123125783e-17,nan,nan,nan,,,nan,nan,nan,nan,nan,nan,nan,nan,0.1,0.28,0.8983333333333333,0.32083333333333336,101,341,0.16833333333333333,0.20297619047619048,0.015855186372851285,0.015855186372851285,0.0,0.03698131000758444,0.03698131000758444,0.0,0.5552136505790517,0.5552136505790517,0.5398219428511623,0.5398219428511623
m01-j0014,manifest.tsv,dml2_real_real_digits_misaligned_ctmle_n6000_s0_chunk13.reps.csv,real_digits_misaligned,box,6000,0.05,0.0,estimated_residual_lowp_supported,ctmle,estimated,xgboost,xgboost,if_residual,1.0,0.0|0.25|0.5|1.0,aipw_variance,-1.0,1.0,obsval,4.0,0.1,30,0.1,crossfit_rank_empty_standdown,1.0,4,50,3,3085.5302067538723,0.027813767118684662,0.027813767118684662,0.027813767118684662,0.0,3.76110749740284e-05,-2.5230358413323272e-05,0.0,0.5,0.0,reference,3.552713678800501e-18,2.7755575615628914e-17,nan,nan,nan,,,nan,nan,nan,nan,nan,nan,nan,nan,0.075,0.2773333333333333,0.9088888888888889,0.24579326923076922,63,330,0.14,0.19831730769230768,0.011990598429199854,0.011990598429199854,0.0,0.03300542591377914,0.03300542591377914,0.0,0.6037205113438796,0.6037205113438796,0.557170762264931,0.557170762264931
m01-j0014,manifest.tsv,dml2_real_real_digits_misaligned_ctmle_n6000_s0_chunk13.reps.csv,real_digits_misaligned,box,6000,0.05,0.0,estimated_residual_lowp_supported,ctmle,estimated,xgboost,xgboost,if_residual,1.0,0.0|0.25|0.5|1.0,aipw_variance,-1.0,1.0,obsval,4.0,0.1,30,0.1,crossfit_rank_empty_standdown,1.0,4,50,4,4099.717098933645,0.04145896383694253,0.04145896383694253,0.04145896383694253,0.0,2.470138541860081e-05,-1.1606161508069665e-06,0.0,0.5,0.0,reference,-4.736951571734001e-18,0.0,nan,nan,nan,,,nan,nan,nan,nan,nan,nan,nan,nan,0.05,0.2771666666666667,0.9266666666666666,0.1671677690920024,47,336,0.15666666666666668,0.20204449789536982,0.012181112710834408,0.012181112710834408,0.0,0.04129703004616598,0.04129703004616598,0.0,0.6621265527099642,0.6621265527099642,0.5620767724811578,0.5620767724811578
m01-j0015,manifest.tsv,dml2_real_real_digits_misaligned_ctmle_n6000_s0_chunk14.reps.csv,real_digits_misaligned,box,6000,0.05,0.0,estimated_residual_lowp_supported,ctmle,estimated,xgboost,xgboost,if_residual,1.0,0.0|0.25|0.5|1.0,aipw_variance,-1.0,1.0,obsval,4.0,0.1,30,0.1,crossfit_rank_empty_standdown,1.0,4,50,1,1030.1005104836076,0.05224118377607356,0.05224118377607356,0.05224118377607356,0.0,3.125755085905892e-05,-1.971422084427613e-05,0.0,0.5,0.0,reference,1.7763568394002505e-18,0.0,nan,nan,nan,,,nan,nan,nan,nan,nan,nan,nan,nan,0.1,0.2665,0.9116666666666666,0.3420888055034397,95,334,0.15833333333333333,0.20888055034396497,0.019711755526368713,0.019711755526368713,0.0,0.03778099482385275,0.03778099482385275,0.0,0.614135635937478,0.614135635937478,0.5519148323362202,0.5519148323362202
m01-j0015,manifest.tsv,dml2_real_real_digits_misaligned_ctmle_n6000_s0_chunk14.reps.csv,real_digits_misaligned,box,6000,0.05,0.0,estimated_residual_lowp_supported,ctmle,estimated,xgboost,xgboost,if_residual,1.0,0.0|0.25|0.5|1.0,aipw_variance,-1.0,1.0,obsval,4.0,0.1,30,0.1,crossfit_rank_empty_standdown,1.0,4,50,2,2054.2169455382973,0.015776819751396248,0.015776819751396248,0.015776819751396248,0.0,2.0753737953172727e-05,-2.522987577149047e-05,0.0,0.5,0.0,reference,1.1842378929335003e-18,0.0,nan,nan,nan,,,nan,nan,nan,nan,nan,nan,nan,nan,0.0,0.2698333333333333,nan,0.0,0,331,nan,0.20444718962322422,0.0,0.0,0.0,0.01693369770032056,0.01693369770032056,0.0,nan,nan,0.5216628234880182,0.5216628234880182
m01-j0015,manifest.tsv,dml2_real_real_digits_misaligned_ctmle_n6000_s0_chunk14.reps.csv,real_digits_misaligned,box,6000,0.05,0.0,estimated_residual_lowp_supported,ctmle,estimated,xgboost,xgboost,if_residual,1.0,0.0|0.25|0.5|1.0,aipw_variance,-1.0,1.0,obsval,4.0,0.1,30,0.1,crossfit_rank_empty_standdown,1.0,4,50,3,3086.563219850883,-0.020788325778904715,-0.020788325778904715,-0.020788325778904715,0.0,2.712321379385262e-05,-2.4941497534567043e-05,0.0,0.5,0.0,reference,-1.1546319456101627e-17,2.7755575615628914e-17,nan,nan,nan,,,nan,nan,nan,nan,nan,nan,nan,nan,0.1,0.27316666666666667,0.9316666666666666,0.3410616229408176,84,348,0.14,0.21232458816351435,0.0030461474307102517,0.0030461474307102517,0.0,0.003603978063873948,0.003603978063873948,0.0,0.5230863213102546,0.5230863213102546,0.5295815541870759,0.5295815541870759
m01-j0015,manifest.tsv,dml2_real_real_digits_misaligned_ctmle_n6000_s0_chunk14.reps.csv,real_digits_misaligned,box,6000,0.05,0.0,estimated_residual_lowp_supported,ctmle,estimated,xgboost,xgboost,if_residual,1.0,0.0|0.25|0.5|1.0,aipw_variance,-1.0,1.0,obsval,4.0,0.1,30,0.1,crossfit_rank_empty_standdown,1.0,4,50,4,4106.465670726262,0.035038488986108035,0.035038488986108035,0.035038488986108035,0.0,3.2904833166288614e-05,1.2432987724844452e-05,0.0,0.5,0.0,reference,4.736951571734001e-18,0.0,nan,nan,nan,,,nan,nan,nan,nan,nan,nan,nan,nan,0.05,0.2698333333333333,0.88,0.16306361951822113,51,328,0.17,0.2025941939468808,0.002900669215660524,0.002900669215660524,0.0,0.02478620547670777,0.02478620547670777,0.0,0.6011735996798339,0.6011735996798339,0.57200085660016,0.57200085660016
m01-j0016,manifest.tsv,dml2_real_real_digits_misaligned_ctmle_n6000_s0_chunk15.reps.csv,real_digits_misaligned,box,6000,0.05,0.0,estimated_residual_lowp_supported,ctmle,estimated,xgboost,xgboost,if_residual,1.0,0.0|0.25|0.5|1.0,aipw_variance,-1.0,1.0,obsval,4.0,0.1,30,0.1,crossfit_rank_empty_standdown,1.0,4,50,1,1010.641236579977,0.0046688972956950014,0.0046688972956950014,0.0046688972956950014,0.0,2.4478148356569304e-05,-3.197293424219371e-05,0.0,0.5,0.0,reference,7.105427357601002e-18,0.0,nan,nan,nan,,,nan,nan,nan,nan,nan,nan,nan,nan,0.075,0.26916666666666667,0.8844444444444445,0.24643962848297213,80,349,0.17777777777777778,0.21609907120743035,0.0053895975768638365,0.0053895975768638365,0.0,0.016722360467861717,0.016722360467861717,0.0,0.5531353727029691,0.5531353727029691,0.5582462899633616,0.5582462899633616
m01-j0016,manifest.tsv,dml2_real_real_digits_misaligned_ctmle_n6000_s0_chunk15.reps.csv,real_digits_misaligned,box,6000,0.05,0.0,estimated_residual_lowp_supported,ctmle,estimated,xgboost,xgboost,if_residual,1.0,0.0|0.25|0.5|1.0,aipw_variance,-1.0,1.0,obsval,4.0,0.1,30,0.1,crossfit_rank_empty_standdown,1.0,4,50,2,2030.904900468886,0.0357364631975714,0.0357364631975714,0.0357364631975714,0.0,2.955615223170394e-05,-7.714723236908324e-06,0.0,0.5,0.0,reference,-5.921189464667502e-18,0.0,nan,nan,nan,,,nan,nan,nan,nan,nan,nan,nan,nan,0.0,0.2718333333333333,nan,0.0,0,306,nan,0.18761496014714898,0.0,0.0,0.0,0.037274646633359804,0.037274646633359804,0.0,nan,nan,0.5706287294792617,0.5706287294792617
m01-j0016,manifest.tsv,dml2_real_real_digits_misaligned_ctmle_n6000_s0_chunk15.reps.csv,real_digits_misaligned,box,6000,0.05,0.0,estimated_residual_lowp_supported,ctmle,estimated,xgboost,xgboost,if_residual,1.0,0.0|0.25|0.5|1.0,aipw_variance,-1.0,1.0,obsval,4.0,0.1,30,0.1,crossfit_rank_empty_standdown,1.0,4,50,3,3061.502075771801,0.048379908881256706,0.048379908881256706,0.048379908881256706,0.0,2.913479644296507e-05,-2.251131459015353e-05,0.0,0.5,0.0,reference,9.473903143468002e-18,-2.7755575615628914e-17,nan,nan,nan,,,nan,nan,nan,nan,nan,nan,nan,nan,0.05,0.26966666666666667,0.9066666666666666,0.1681087762669963,44,290,0.14666666666666667,0.1792336217552534,0.011244763475977233,0.011244763475977233,0.0,0.040548305802337564,0.040548305802337564,0.0,0.6167165315252352,0.6167165315252352,0.5539556164227959,0.5539556164227959
m01-j0016,manifest.tsv,dml2_real_real_digits_misaligned_ctmle_n6000_s0_chunk15.reps.csv,real_digits_misaligned,box,6000,0.05,0.0,estimated_residual_lowp_supported,ctmle,estimated,xgboost,xgboost,if_residual,1.0,0.0|0.25|0.5|1.0,aipw_variance,-1.0,1.0,obsval,4.0,0.1,30,0.1,crossfit_rank_empty_standdown,1.0,4,50,4,4081.8814909737557,0.042217391916494235,0.042217391916494235,0.042217391916494235,0.0,2.0960676666843044e-05,-1.4436568793598263e-05,0.0,0.5,0.0,reference,2.1316282072803006e-17,0.0,nan,nan,nan,,,nan,nan,nan,nan,nan,nan,nan,nan,0.0,0.27116666666666667,nan,0.0,0,325,nan,0.1997541487400123,0.0,0.0,0.0,0.03396531291887514,0.03396531291887514,0.0,nan,nan,0.542632718787229,0.542632718787229
m01-j0017,manifest.tsv,dml2_real_real_digits_misaligned_ctmle_n6000_s0_chunk16.reps.csv,real_digits_misaligned,box,6000,0.05,0.0,estimated_residual_lowp_supported,ctmle,estimated,xgboost,xgboost,if_residual,1.0,0.0|0.25|0.5|1.0,aipw_variance,-1.0,1.0,obsval,4.0,0.1,30,0.1,crossfit_rank_empty_standdown,1.0,4,50,1,1021.2455325061455,0.05632301376225918,0.05632301376225918,0.05632301376225918,0.0,3.380255600020051e-05,-3.9576210675644995e-05,0.0,0.5,0.0,reference,5.3290705182007515e-18,0.0,nan,nan,nan,,,nan,nan,nan,nan,nan,nan,nan,nan,0.1,0.27066666666666667,0.9283333333333333,0.34298029556650245,74,326,0.12333333333333334,0.20073891625615764,0.014618269562397776,0.014618269562397776,0.0,0.028257351337375853,0.028257351337375853,0.0,0.5768147991429948,0.5768147991429948,0.5595823713803358,0.5595823713803358
m01-j0017,manifest.tsv,dml2_real_real_digits_misaligned_ctmle_n6000_s0_chunk16.reps.csv,real_digits_misaligned,box,6000,0.05,0.0,estimated_residual_lowp_supported,ctmle,estimated,xgboost,xgboost,if_residual,1.0,0.0|0.25|0.5|1.0,aipw_variance,-1.0,1.0,obsval,4.0,0.1,30,0.1,crossfit_rank_empty_standdown,1.0,4,50,2,2039.4324184488505,0.016880548717767535,0.016880548717767535,0.016880548717767535,0.0,2.171636082109454e-05,-1.2991729351104534e-05,0.0,0.5,0.0,reference,1.0658141036401503e-17,0.0,nan,nan,nan,,,nan,nan,nan,nan,nan,nan,nan,nan,0.0,0.2693333333333333,nan,0.0,0,329,nan,0.20358910891089108,0.0,0.0,0.0,0.015200344755392293,0.015200344755392293,0.0,nan,nan,0.5251195977018921,0.5251195977018921
m01-j0017,manifest.tsv,dml2_real_real_digits_misaligned_ctmle_n6000_s0_chunk16.reps.csv,real_digits_misaligned,box,6000,0.05,0.0,estimated_residual_lowp_supported,ctmle,estimated,xgboost,xgboost,if_residual,1.0,0.0|0.25|0.5|1.0,aipw_variance,-1.0,1.0,obsval,4.0,0.1,30,0.1,crossfit_rank_empty_standdown,1.0,4,50,3,3074.1813681405038,0.07067011350699534,0.07067011350699534,0.07067011350699534,0.0,3.312401218965016e-05,-1.575404845686573e-05,0.0,0.5,0.0,reference,-2.2796579438969882e-17,5.551115123125783e-17,nan,nan,nan,,,nan,nan,nan,nan,nan,nan,nan,nan,0.05,0.2725,0.9533333333333334,0.1749235474006116,43,332,0.14333333333333334,0.20305810397553517,0.00952923040858158,0.00952923040858158,0.0,0.03411450723228703,0.03411450723228703,0.0,0.6216914333364758,0.6216914333364758,0.5488852500260524,0.5488852500260524
m01-j0017,manifest.tsv,dml2_real_real_digits_misaligned_ctmle_n6000_s0_chunk16.reps.csv,real_digits_misaligned,box,6000,0.05,0.0,estimated_residual_lowp_supported,ctmle,estimated,xgboost,xgboost,if_residual,1.0,0.0|0.25|0.5|1.0,aipw_variance,-1.0,1.0,obsval,4.0,0.1,30,0.1,crossfit_rank_empty_standdown,1.0,4,50,4,4096.3715253463015,0.060294473710074514,0.060294473710074514,0.060294473710074514,0.0,3.103192498981168e-05,-5.653513586368524e-06,0.0,0.5,0.0,reference,-7.105427357601002e-18,0.0,nan,nan,nan,,,nan,nan,nan,nan,nan,nan,nan,nan,0.05,0.26716666666666666,0.93,0.17404865876481598,52,341,0.17333333333333334,0.21272613849033062,0.008803135919660721,0.008803135919660721,0.0,0.0401157025604241,0.0401157025604241,0.0,0.6370950077536547,0.6370950077536547,0.5984203646792005,0.5984203646792005
m01-j0018,manifest.tsv,dml2_real_real_digits_misaligned_ctmle_n6000_s0_chunk17.reps.csv,real_digits_misaligned,box,6000,0.05,0.0,estimated_residual_lowp_supported,ctmle,estimated,xgboost,xgboost,if_residual,1.0,0.0|0.25|0.5|1.0,aipw_variance,-1.0,1.0,obsval,4.0,0.1,30,0.1,crossfit_rank_empty_standdown,1.0,4,50,1,1022.817418881692,0.012607803247608657,0.012607803247608657,0.012607803247608657,0.0,3.46745956861038e-05,6.68275171648706e-07,0.0,0.5,0.0,reference,-2.0132044179869507e-17,0.0,nan,nan,nan,,,nan,nan,nan,nan,nan,nan,nan,nan,0.0,0.275,nan,0.0,0,360,nan,0.21818181818181817,0.0,0.0,0.0,0.020653763466928193,0.020653763466928193,0.0,nan,nan,0.5363184027629582,0.5363184027629582
m01-j0018,manifest.tsv,dml2_real_real_digits_misaligned_ctmle_n6000_s0_chunk17.reps.csv,real_digits_misaligned,box,6000,0.05,0.0,estimated_residual_lowp_supported,ctmle,estimated,xgboost,xgboost,if_residual,1.0,0.0|0.25|0.5|1.0,aipw_variance,-1.0,1.0,obsval,4.0,0.1,30,0.1,crossfit_rank_empty_standdown,1.0,4,50,2,2040.6790234008804,0.042218284830772446,0.042218284830772446,0.042218284830772446,0.0,2.9751239347035525e-05,-3.1409664207894506e-05,0.0,0.5,0.0,reference,2.0724163126336257e-18,0.0,nan,nan,nan,,,nan,nan,nan,nan,nan,nan,nan,nan,0.1,0.2743333333333333,0.9233333333333333,0.33657351154313486,80,325,0.13333333333333333,0.19744835965978128,0.023259662356924195,0.023259662356924195,0.0,0.047616449582610146,0.047616449582610146,0.0,0.5942993306635618,0.5942993306635618,0.5748653660857207,0.5748653660857207
m01-j0018,manifest.tsv,dml2_real_real_digits_misaligned_ctmle_n6000_s0_chunk17.reps.csv,real_digits_misaligned,box,6000,0.05,0.0,estimated_residual_lowp_supported,ctmle,estimated,xgboost,xgboost,if_residual,1.0,0.0|0.25|0.5|1.0,aipw_variance,-1.0,1.0,obsval,4.0,0.1,30,0.1,crossfit_rank_empty_standdown,1.0,4,50,3,3069.6978862378746,0.019283009995483574,0.019283009995483574,0.019283009995483574,0.0,3.109551910117684e-05,-4.8318944214082566e-05,0.0,0.5,0.0,reference,-1.3026616822268503e-17,0.0,nan,nan,nan,,,nan,nan,nan,nan,nan,nan,nan,nan,0.0,0.2685,nan,0.0,0,304,nan,0.18870266914959652,0.0,0.0,0.0,0.03181965758491931,0.03181965758491931,0.0,nan,nan,0.567494679195,0.567494679195
m01-j0018,manifest.tsv,dml2_real_real_digits_misaligned_ctmle_n6000_s0_chunk17.reps.csv,real_digits_misaligned,box,6000,0.05,0.0,estimated_residual_lowp_supported,ctmle,estimated,xgboost,xgboost,if_residual,1.0,0.0|0.25|0.5|1.0,aipw_variance,-1.0,1.0,obsval,4.0,0.1,30,0.1,crossfit_rank_empty_standdown,1.0,4,50,4,4081.5440683066845,0.04645925125268227,0.04645925125268227,0.04645925125268227,0.0,2.832461566462522e-05,-2.0488904587161996e-05,0.0,0.5,0.0,reference,3.2566542055671258e-18,0.0,nan,nan,nan,,,nan,nan,nan,nan,nan,nan,nan,nan,0.075,0.26516666666666666,0.9355555555555556,0.2646134506599623,50,332,0.1111111111111111,0.20867379006913891,0.006347294591967836,0.006347294591967836,0.0,0.021870748340093154,0.021870748340093154,0.0,0.6126789581956171,0.6126789581956171,0.5572547232009462,0.5572547232009462
m01-j0019,manifest.tsv,dml2_real_real_digits_misaligned_ctmle_n6000_s0_chunk18.reps.csv,real_digits_misaligned,box,6000,0.05,0.0,estimated_residual_lowp_supported,ctmle,estimated,xgboost,xgboost,if_residual,1.0,0.0|0.25|0.5|1.0,aipw_variance,-1.0,1.0,obsval,4.0,0.1,30,0.1,crossfit_rank_empty_standdown,1.0,4,50,1,1022.0313967736438,0.04344218257420357,0.04344218257420357,0.04344218257420357,0.0,3.019981919960774e-05,-2.935018776758152e-05,0.0,0.5,0.0,reference,8.289665250534503e-18,2.7755575615628914e-17,nan,nan,nan,,,nan,nan,nan,nan,nan,nan,nan,nan,0.0,0.266,nan,0.0,0,328,nan,0.20551378446115287,0.0,0.0,0.0,0.03896900012385271,0.03896900012385271,0.0,nan,nan,0.5735434378882357,0.5735434378882357
m01-j0019,manifest.tsv,dml2_real_real_digits_misaligned_ctmle_n6000_s0_chunk18.reps.csv,real_digits_misaligned,box,6000,0.05,0.0,estimated_residual_lowp_supported,ctmle,estimated,xgboost,xgboost,if_residual,1.0,0.0|0.25|0.5|1.0,aipw_variance,-1.0,1.0,obsval,4.0,0.1,30,0.1,crossfit_rank_empty_standdown,1.0,4,50,2,2041.0971755981445,0.035011996606001794,0.035011996606001794,0.035011996606001794,0.0,2.3374377484099585e-05,-2.567101380287237e-05,0.0,0.5,0.0,reference,-9.473903143468002e-18,0.0,nan,nan,nan,,,nan,nan,nan,nan,nan,nan,nan,nan,0.1,0.2743333333333333,0.91,0.33171324422843257,92,334,0.15333333333333332,0.20291616038882138,0.019577768767278403,0.019577768767278403,0.0,0.03300055117730327,0.03300055117730327,0.0,0.586855769837479,0.586855769837479,0.5446852639137887,0.5446852639137887
m01-j0019,manifest.tsv,dml2_real_real_digits_misaligned_ctmle_n6000_s0_chunk18.reps.csv,real_digits_misaligned,box,6000,0.05,0.0,estimated_residual_lowp_supported,ctmle,estimated,xgboost,xgboost,if_residual,1.0,0.0|0.25|0.5|1.0,aipw_variance,-1.0,1.0,obsval,4.0,0.1,30,0.1,crossfit_rank_empty_standdown,1.0,4,50,3,3065.607781706378,0.024050790182598647,0.024050790182598647,0.024050790182598647,0.0,2.4182628277078563e-05,-1.8009759153916254e-05,0.0,0.5,0.0,reference,1.1842378929335003e-18,2.7755575615628914e-17,nan,nan,nan,,,nan,nan,nan,nan,nan,nan,nan,nan,0.0,0.274,nan,0.0,0,295,nan,0.1794403892944039,0.0,0.0,0.0,0.03927311897913079,0.03927311897913079,0.0,nan,nan,0.556231670512007,0.556231670512007
m01-j0019,manifest.tsv,dml2_real_real_digits_misaligned_ctmle_n6000_s0_chunk18.reps.csv,real_digits_misaligned,box,6000,0.05,0.0,estimated_residual_lowp_supported,ctmle,estimated,xgboost,xgboost,if_residual,1.0,0.0|0.25|0.5|1.0,aipw_variance,-1.0,1.0,obsval,4.0,0.1,30,0.1,crossfit_rank_empty_standdown,1.0,4,50,4,4073.6582976691425,0.03158067179272303,0.03158067179272303,0.03158067179272303,0.0,3.5304360510786696e-05,-1.551162960910092e-05,0.0,0.5,0.0,reference,0.0,0.0,nan,nan,nan,,,nan,nan,nan,nan,nan,nan,nan,nan,0.1,0.2675,0.9066666666666666,0.33894080996884735,91,309,0.15166666666666667,0.1925233644859813,0.006850135223546907,0.006850135223546907,0.0,0.02137272112515937,0.02137272112515937,0.0,0.5963486091687679,0.5963486091687679,0.5614613286251772,0.5614613286251772
m01-j0020,manifest.tsv,dml2_real_real_digits_misaligned_ctmle_n6000_s0_chunk19.reps.csv,real_digits_misaligned,box,6000,0.05,0.0,estimated_residual_lowp_supported,ctmle,estimated,xgboost,xgboost,if_residual,1.0,0.0|0.25|0.5|1.0,aipw_variance,-1.0,1.0,obsval,4.0,0.1,30,0.1,crossfit_rank_empty_standdown,1.0,4,50,1,1025.5380721753463,0.031792973061586405,0.031792973061586405,0.031792973061586405,0.0,3.594573542697833e-05,-9.6869011039836e-07,0.0,0.5,0.0,reference,-9.473903143468002e-18,5.551115123125783e-17,nan,nan,nan,,,nan,nan,nan,nan,nan,nan,nan,nan,0.0,0.2723333333333333,nan,0.0,0,321,nan,0.19645042839657284,0.0,0.0,0.0,0.019537852322305024,0.019537852322305024,0.0,nan,nan,0.5779537073567759,0.5779537073567759
m01-j0020,manifest.tsv,dml2_real_real_digits_misaligned_ctmle_n6000_s0_chunk19.reps.csv,real_digits_misaligned,box,6000,0.05,0.0,estimated_residual_lowp_supported,ctmle,estimated,xgboost,xgboost,if_residual,1.0,0.0|0.25|0.5|1.0,aipw_variance,-1.0,1.0,obsval,4.0,0.1,30,0.1,crossfit_rank_empty_standdown,1.0,4,50,2,2048.0113808531314,0.049796785814819555,0.049796785814819555,0.049796785814819555,0.0,3.1402381470212334e-05,-8.419671532798947e-06,0.0,0.5,0.0,reference,7.105427357601002e-18,0.0,nan,nan,nan,,,nan,nan,nan,nan,nan,nan,nan,nan,0.0,0.2738333333333333,nan,0.0,0,317,nan,0.1929397443700548,0.0,0.0,0.0,0.042686406359232515,0.042686406359232515,0.0,nan,nan,0.58315875335441,0.58315875335441
m01-j0020,manifest.tsv,dml2_real_real_digits_misaligned_ctmle_n6000_s0_chunk19.reps.csv,real_digits_misaligned,box,6000,0.05,0.0,estimated_residual_lowp_supported,ctmle,estimated,xgboost,xgboost,if_residual,1.0,0.0|0.25|0.5|1.0,aipw_variance,-1.0,1.0,obsval,4.0,0.1,30,0.1,crossfit_rank_empty_standdown,1.0,4,50,3,3080.6278899647295,0.06180415860134758,0.06180415860134758,0.06180415860134758,0.0,3.64559339584798e-05,-3.087616374626616e-05,0.0,0.5,0.0,reference,1.8947806286936004e-17,5.551115123125783e-17,nan,nan,nan,,,nan,nan,nan,nan,nan,nan,nan,nan,0.0,0.2718333333333333,nan,0.0,0,318,nan,0.19497240956468423,0.0,0.0,0.0,0.032518944628942774,0.032518944628942774,0.0,nan,nan,0.5755529547083024,0.5755529547083024
m01-j0020,manifest.tsv,dml2_real_real_digits_misaligned_ctmle_n6000_s0_chunk19.reps.csv,real_digits_misaligned,box,6000,0.05,0.0,estimated_residual_lowp_supported,ctmle,estimated,xgboost,xgboost,if_residual,1.0,0.0|0.25|0.5|1.0,aipw_variance,-1.0,1.0,obsval,4.0,0.1,30,0.1,crossfit_rank_empty_standdown,1.0,4,50,4,4096.0244344212115,0.01738735340575384,0.01738735340575384,0.01738735340575384,0.0,2.2432641717730784e-05,-9.801006553242686e-06,0.0,0.5,0.0,reference,-5.921189464667502e-18,0.0,nan,nan,nan,,,nan,nan,nan,nan,nan,nan,nan,nan,0.1,0.27266666666666667,0.925,0.33924205378973105,86,324,0.14333333333333334,0.1980440097799511,0.020223723471614368,0.020223723471614368,0.0,0.03521847169234214,0.03521847169234214,0.0,0.6429485110761637,0.6429485110761637,0.5589315369521919,0.5589315369521919
m01-j0021,manifest.tsv,dml2_real_real_digits_misaligned_ctmle_n6000_s0_chunk20.reps.csv,real_digits_misaligned,box,6000,0.05,0.0,estimated_residual_lowp_supported,ctmle,estimated,xgboost,xgboost,if_residual,1.0,0.0|0.25|0.5|1.0,aipw_variance,-1.0,1.0,obsval,4.0,0.1,30,0.1,crossfit_rank_empty_standdown,1.0,4,50,1,1027.1207881700248,0.019515488023436806,0.019515488023436806,0.019515488023436806,0.0,3.081128794625836e-05,-3.357592899148724e-05,0.0,0.5,0.0,reference,1.7763568394002505e-18,-2.7755575615628914e-17,nan,nan,nan,,,nan,nan,nan,nan,nan,nan,nan,nan,0.075,0.27516666666666667,0.92,0.25075711689884916,73,350,0.1622222222222222,0.21199273167777105,0.009795124974105883,0.009795124974105883,0.0,0.02954534636807108,0.02954534636807108,0.0,0.5247141000651203,0.5247141000651203,0.5375198579401711,0.5375198579401711
m01-j0021,manifest.tsv,dml2_real_real_digits_misaligned_ctmle_n6000_s0_chunk20.reps.csv,real_digits_misaligned,box,6000,0.05,0.0,estimated_residual_lowp_supported,ctmle,estimated,xgboost,xgboost,if_residual,1.0,0.0|0.25|0.5|1.0,aipw_variance,-1.0,1.0,obsval,4.0,0.1,30,0.1,crossfit_rank_empty_standdown,1.0,4,50,2,2061.321830594912,0.03926723477432298,0.03926723477432298,0.03926723477432298,0.0,2.8837845724589083e-05,-3.8139928752785204e-05,0.0,0.5,0.0,reference,1.7911598130619192e-17,5.551115123125783e-17,nan,nan,nan,,,nan,nan,nan,nan,nan,nan,nan,nan,0.1,0.2715,0.9033333333333333,0.332719459791283,100,352,0.16666666666666666,0.21608348680171885,0.012622401137935621,0.012622401137935621,0.0,0.0310619380581151,0.0310619380581151,0.0,0.5311456908236352,0.5311456908236352,0.5620847494310969,0.5620847494310969
m01-j0021,manifest.tsv,dml2_real_real_digits_misaligned_ctmle_n6000_s0_chunk20.reps.csv,real_digits_misaligned,box,6000,0.05,0.0,estimated_residual_lowp_supported,ctmle,estimated,xgboost,xgboost,if_residual,1.0,0.0|0.25|0.5|1.0,aipw_variance,-1.0,1.0,obsval,4.0,0.1,30,0.1,crossfit_rank_empty_standdown,1.0,4,50,3,3094.674116143957,0.00993128607822974,0.00993128607822974,0.00993128607822974,0.0,3.157191216143014e-05,5.133216556860111e-06,0.0,0.5,0.0,reference,1.1842378929335003e-18,0.0,nan,nan,nan,,,nan,nan,nan,nan,nan,nan,nan,nan,0.1,0.2763333333333333,0.9183333333333333,0.3323281061519904,85,329,0.14166666666666666,0.19843184559710494,0.006765840514878209,0.006765840514878209,0.0,0.014767743140697289,0.014767743140697289,0.0,0.5549738407303161,0.5549738407303161,0.5455260590346159,0.5455260590346159
m01-j0021,manifest.tsv,dml2_real_real_digits_misaligned_ctmle_n6000_s0_chunk20.reps.csv,real_digits_misaligned,box,6000,0.05,0.0,estimated_residual_lowp_supported,ctmle,estimated,xgboost,xgboost,if_residual,1.0,0.0|0.25|0.5|1.0,aipw_variance,-1.0,1.0,obsval,4.0,0.1,30,0.1,crossfit_rank_empty_standdown,1.0,4,50,4,4107.990598697215,0.04231815059864624,0.04231815059864624,0.04231815059864624,0.0,2.907675634044606e-05,1.080138587265003e-05,0.0,0.5,0.0,reference,8.289665250534503e-18,0.0,nan,nan,nan,,,nan,nan,nan,nan,nan,nan,nan,nan,0.1,0.2713333333333333,0.9233333333333333,0.3402948402948403,74,309,0.12333333333333334,0.1898034398034398,0.012553561188102075,0.012553561188102075,0.0,0.027850703869999004,0.027850703869999004,0.0,0.6136180005714423,0.6136180005714423,0.5590990299070009,0.5590990299070009
m01-j0022,manifest.tsv,dml2_real_real_digits_misaligned_ctmle_n6000_s0_chunk21.reps.csv,real_digits_misaligned,box,6000,0.05,0.0,estimated_residual_lowp_supported,ctmle,estimated,xgboost,xgboost,if_residual,1.0,0.0|0.25|0.5|1.0,aipw_variance,-1.0,1.0,obsval,4.0,0.1,30,0.1,crossfit_rank_empty_standdown,1.0,4,50,1,1014.5452405512333,0.019702795577647036,0.019702795577647036,0.019702795577647036,0.0,1.865473162538289e-05,-1.982145692740829e-05,0.0,0.5,0.0,reference,-4.736951571734001e-18,5.551115123125783e-17,nan,nan,nan,,,nan,nan,nan,nan,nan,nan,nan,nan,0.1,0.2755,0.9033333333333333,0.3278886872353297,84,335,0.14,0.2026618269812462,0.014735443711864287,0.014735443711864287,0.0,0.027926622364546915,0.027926622364546915,0.0,0.5684360693968462,0.5684360693968462,0.5274571053319307,0.5274571053319307
m01-j0022,manifest.tsv,dml2_real_real_digits_misaligned_ctmle_n6000_s0_chunk21.reps.csv,real_digits_misaligned,box,6000,0.05,0.0,estimated_residual_lowp_supported,ctmle,estimated,xgboost,xgboost,if_residual,1.0,0.0|0.25|0.5|1.0,aipw_variance,-1.0,1.0,obsval,4.0,0.1,30,0.1,crossfit_rank_empty_standdown,1.0,4,50,2,2026.9184108963236,0.031041244509494526,0.031041244509494526,0.031041244509494526,0.0,2.0960327778181756e-05,-2.10047797778511e-05,0.0,0.5,0.0,reference,4.736951571734001e-18,0.0,nan,nan,nan,,,nan,nan,nan,nan,nan,nan,nan,nan,0.05,0.27066666666666667,0.9333333333333333,0.1724137931034483,40,319,0.13333333333333333,0.19642857142857142,0.005858342462139881,0.005858342462139881,0.0,0.027600081972257433,0.027600081972257433,0.0,0.5660990578328275,0.5660990578328275,0.536833805863931,0.536833805863931
m01-j0022,manifest.tsv,dml2_real_real_digits_misaligned_ctmle_n6000_s0_chunk21.reps.csv,real_digits_misaligned,box,6000,0.05,0.0,estimated_residual_lowp_supported,ctmle,estimated,xgboost,xgboost,if_residual,1.0,0.0|0.25|0.5|1.0,aipw_variance,-1.0,1.0,obsval,4.0,0.1,30,0.1,crossfit_rank_empty_standdown,1.0,4,50,3,3046.657165366225,0.0016687703701094014,0.0016687703701094014,0.0016687703701094014,0.0,2.352536369310367e-05,4.123652238558005e-06,0.0,0.5,0.0,reference,-5.921189464667501e-19,-2.7755575615628914e-17,nan,nan,nan,,,nan,nan,nan,nan,nan,nan,nan,nan,0.0,0.2753333333333333,nan,0.0,0,301,nan,0.18220338983050846,0.0,0.0,0.0,0.021616471687341886,0.021616471687341886,0.0,nan,nan,0.5523540051265826,0.5523540051265826
m01-j0022,manifest.tsv,dml2_real_real_digits_misaligned_ctmle_n6000_s0_chunk21.reps.csv,real_digits_misaligned,box,6000,0.05,0.0,estimated_residual_lowp_supported,ctmle,estimated,xgboost,xgboost,if_residual,1.0,0.0|0.25|0.5|1.0,aipw_variance,-1.0,1.0,obsval,4.0,0.1,30,0.1,crossfit_rank_empty_standdown,1.0,4,50,4,4066.2791939293966,0.05699030775271777,0.05699030775271777,0.05699030775271777,0.0,3.648617283269007e-05,-2.3574778539829666e-05,0.0,0.5,0.0,reference,-2.3684757858670005e-18,0.0,nan,nan,nan,,,nan,nan,nan,nan,nan,nan,nan,nan,0.075,0.2816666666666667,0.9244444444444444,0.24615384615384617,58,349,0.1288888888888889,0.20650887573964496,0.009971016462905795,0.009971016462905795,0.0,0.03234937061985676,0.03234937061985676,0.0,0.5871000995548457,0.5871000995548457,0.5724280674805997,0.5724280674805997
m01-j0023,manifest.tsv,dml2_real_real_digits_misaligned_ctmle_n6000_s0_chunk22.reps.csv,real_digits_misaligned,box,6000,0.05,0.0,estimated_residual_lowp_supported,ctmle,estimated,xgboost,xgboost,if_residual,1.0,0.0|0.25|0.5|1.0,aipw_variance,-1.0,1.0,obsval,4.0,0.1,30,0.1,crossfit_rank_empty_standdown,1.0,4,50,1,1024.8267809003592,0.04356537137216854,0.04356537137216854,0.04356537137216854,0.0,2.687878234532094e-05,1.5111195223437837e-06,0.0,0.5,0.0,reference,1.1842378929335004e-17,-5.551115123125783e-17,nan,nan,nan,,,nan,nan,nan,nan,nan,nan,nan,nan,0.1,0.2723333333333333,0.945,0.34700122399020805,74,330,0.12333333333333334,0.20195838433292534,0.02446048515570258,0.02446048515570258,0.0,0.045089933416339364,0.045089933416339364,0.0,0.6059850458086176,0.6059850458086176,0.5573794311406775,0.5573794311406775
m01-j0023,manifest.tsv,dml2_real_real_digits_misaligned_ctmle_n6000_s0_chunk22.reps.csv,real_digits_misaligned,box,6000,0.05,0.0,estimated_residual_lowp_supported,ctmle,estimated,xgboost,xgboost,if_residual,1.0,0.0|0.25|0.5|1.0,aipw_variance,-1.0,1.0,obsval,4.0,0.1,30,0.1,crossfit_rank_empty_standdown,1.0,4,50,2,2051.470923166722,0.022320228347622484,0.022320228347622484,0.022320228347622484,0.0,3.268424393818904e-05,4.5578354808513085e-06,0.0,0.5,0.0,reference,-4.736951571734001e-18,2.7755575615628914e-17,nan,nan,nan,,,nan,nan,nan,nan,nan,nan,nan,nan,0.1,0.27066666666666667,0.925,0.3417487684729064,76,319,0.12666666666666668,0.19642857142857142,0.012930763839001968,0.012930763839001968,0.0,0.023664031017389557,0.023664031017389557,0.0,0.5583429555423485,0.5583429555423485,0.5391004059330674,0.5391004059330674
m01-j0023,manifest.tsv,dml2_real_real_digits_misaligned_ctmle_n6000_s0_chunk22.reps.csv,real_digits_misaligned,box,6000,0.05,0.0,estimated_residual_lowp_supported,ctmle,estimated,xgboost,xgboost,if_residual,1.0,0.0|0.25|0.5|1.0,aipw_variance,-1.0,1.0,obsval,4.0,0.1,30,0.1,crossfit_rank_empty_standdown,1.0,4,50,3,3071.2892967080697,0.06087033329968558,0.06087033329968558,0.06087033329968558,0.0,3.5085164442807916e-05,-1.9719822386179953e-05,0.0,0.5,0.0,reference,0.0,0.0,nan,nan,nan,,,nan,nan,nan,nan,nan,nan,nan,nan,0.075,0.2776666666666667,0.9066666666666666,0.24489795918367346,56,315,0.12444444444444444,0.18907563025210083,0.012647753582833468,0.012647753582833468,0.0,0.04078399206393265,0.04078399206393265,0.0,0.5892230789307925,0.5892230789307925,0.5624539004422163,0.5624539004422163
m01-j0023,manifest.tsv,dml2_real_real_digits_misaligned_ctmle_n6000_s0_chunk22.reps.csv,real_digits_misaligned,box,6000,0.05,0.0,estimated_residual_lowp_supported,ctmle,estimated,xgboost,xgboost,if_residual,1.0,0.0|0.25|0.5|1.0,aipw_variance,-1.0,1.0,obsval,4.0,0.1,30,0.1,crossfit_rank_empty_standdown,1.0,4,50,4,4084.893451119773,0.007169817699116066,0.007169817699116066,0.007169817699116066,0.0,4.381478493827723e-05,1.2306417587067153e-05,0.0,0.5,0.0,reference,-1.8947806286936004e-17,0.0,nan,nan,nan,,,nan,nan,nan,nan,nan,nan,nan,nan,0.1,0.27,0.9266666666666666,0.3432098765432099,81,313,0.135,0.19320987654320987,0.015177465974578792,0.015177465974578792,0.0,0.027171718857369083,0.027171718857369083,0.0,0.5652138906876514,0.5652138906876514,0.5355459224024964,0.5355459224024964
m01-j0024,manifest.tsv,dml2_real_real_digits_misaligned_ctmle_n6000_s0_chunk23.reps.csv,real_digits_misaligned,box,6000,0.05,0.0,estimated_residual_lowp_supported,ctmle,estimated,xgboost,xgboost,if_residual,1.0,0.0|0.25|0.5|1.0,aipw_variance,-1.0,1.0,obsval,4.0,0.1,30,0.1,crossfit_rank_empty_standdown,1.0,4,50,1,1023.183646529913,0.038514800139458655,0.038514800139458655,0.038514800139458655,0.0,2.9396376796747884e-05,-1.7264826188655158e-06,0.0,0.5,0.0,reference,-2.3684757858670005e-18,0.0,nan,nan,nan,,,nan,nan,nan,nan,nan,nan,nan,nan,0.1,0.2733333333333333,0.8933333333333333,0.32682926829268294,107,336,0.17833333333333334,0.2048780487804878,0.019550126416067265,0.019550126416067265,0.0,0.03663849156914016,0.03663849156914016,0.0,0.6178350484508295,0.6178350484508295,0.5554554101034153,0.5554554101034153
m01-j0024,manifest.tsv,dml2_real_real_digits_misaligned_ctmle_n6000_s0_chunk23.reps.csv,real_digits_misaligned,box,6000,0.05,0.0,estimated_residual_lowp_supported,ctmle,estimated,xgboost,xgboost,if_residual,1.0,0.0|0.25|0.5|1.0,aipw_variance,-1.0,1.0,obsval,4.0,0.1,30,0.1,crossfit_rank_empty_standdown,1.0,4,50,2,2049.183627200313,-0.0006829782726788802,-0.0006829782726788802,-0.0006829782726788802,0.0,4.168568319873941e-05,-2.75702714582827e-05,0.0,0.5,0.0,reference,-2.3684757858670005e-18,-8.326672684688674e-17,nan,nan,nan,,,nan,nan,nan,nan,nan,nan,nan,nan,0.0,0.2771666666666667,nan,0.0,0,348,nan,0.20926037282020446,0.0,0.0,0.0,0.01813861301379847,0.01813861301379847,0.0,nan,nan,0.5355391645757649,0.5355391645757649
m01-j0024,manifest.tsv,dml2_real_real_digits_misaligned_ctmle_n6000_s0_chunk23.reps.csv,real_digits_misaligned,box,6000,0.05,0.0,estimated_residual_lowp_supported,ctmle,estimated,xgboost,xgboost,if_residual,1.0,0.0|0.25|0.5|1.0,aipw_variance,-1.0,1.0,obsval,4.0,0.1,30,0.1,crossfit_rank_empty_standdown,1.0,4,50,3,3082.812480538152,0.007799611973570875,0.007799611973570875,0.007799611973570875,0.0,2.8066293509735273e-05,-2.0328953229343508e-05,0.0,0.5,0.0,reference,1.6579330501069006e-17,-2.7755575615628914e-17,nan,nan,nan,,,nan,nan,nan,nan,nan,nan,nan,nan,0.0,0.279,nan,0.0,0,330,nan,0.1971326164874552,0.0,0.0,0.0,0.02242738337738581,0.02242738337738581,0.0,nan,nan,0.5564391126732405,0.5564391126732405
m01-j0024,manifest.tsv,dml2_real_real_digits_misaligned_ctmle_n6000_s0_chunk23.reps.csv,real_digits_misaligned,box,6000,0.05,0.0,estimated_residual_lowp_supported,ctmle,estimated,xgboost,xgboost,if_residual,1.0,0.0|0.25|0.5|1.0,aipw_variance,-1.0,1.0,obsval,4.0,0.1,30,0.1,crossfit_rank_empty_standdown,1.0,4,50,4,4089.006673105061,0.03652235897815331,0.03652235897815331,0.03652235897815331,0.0,4.633484086062774e-05,-3.711480067126506e-05,0.0,0.5,0.0,reference,1.8947806286936004e-17,0.0,nan,nan,nan,,,nan,nan,nan,nan,nan,nan,nan,nan,0.1,0.2758333333333333,0.93,0.33716012084592145,75,297,0.125,0.17945619335347432,0.01466432275523534,0.01466432275523534,0.0,0.03170003114644513,0.03170003114644513,0.0,0.5601372794105585,0.5601372794105585,0.5387950314644713,0.5387950314644713
m01-j0025,manifest.tsv,dml2_real_real_digits_misaligned_cui_selective_ml_n6000_s0_chunk00.reps.csv,real_digits_misaligned,box,6000,0.05,0.0,estimated_residual_lowp_supported,cui_selective_ml,estimated,xgboost,xgboost,if_residual,1.0,0.0|0.25|0.5|1.0,aipw_variance,-1.0,1.0,obsval,4.0,0.1,30,0.1,crossfit_rank_empty_standdown,1.0,4,50,1,1303.640329144895,0.06817692381862936,0.06817692381862936,0.06817692381862936,0.0,8.200515992792291e-05,-9.87208254615567e-05,0.0,nan,0.0,reference,nan,nan,nan,nan,nan,logistic_l1,gradient_boosting,0.0011644732057895174,nan,nan,nan,nan,nan,nan,nan,0.1,0.2745,0.9216666666666666,0.33576199149969643,83,346,0.13833333333333334,0.2100789313904068,0.009646448828273082,0.009646448828273082,0.0,-0.3406878092330988,-0.3406878092330988,0.0,0.45377212140359463,0.45377212140359463,0.45817523297848534,0.45817523297848534
m01-j0025,manifest.tsv,dml2_real_real_digits_misaligned_cui_selective_ml_n6000_s0_chunk00.reps.csv,real_digits_misaligned,box,6000,0.05,0.0,estimated_residual_lowp_supported,cui_selective_ml,estimated,xgboost,xgboost,if_residual,1.0,0.0|0.25|0.5|1.0,aipw_variance,-1.0,1.0,obsval,4.0,0.1,30,0.1,crossfit_rank_empty_standdown,1.0,4,50,2,2609.4926478117704,0.020420267291853283,0.020420267291853283,0.020420267291853283,0.0,0.00016862784428676428,-0.00018434271837233996,0.0,nan,0.0,reference,nan,nan,nan,nan,nan,gradient_boosting,gradient_boosting,0.22942100674160693,nan,nan,nan,nan,nan,nan,nan,0.1,0.27216666666666667,0.9166666666666666,0.3368034292712799,89,371,0.14833333333333334,0.2271892222902633,0.010779482672747594,0.010779482672747594,0.0,0.01923044494871358,0.01923044494871358,0.0,0.4634983044612049,0.4634983044612049,0.40276020716200533,0.40276020716200533
m01-j0025,manifest.tsv,dml2_real_real_digits_misaligned_cui_selective_ml_n6000_s0_chunk00.reps.csv,real_digits_misaligned,box,6000,0.05,0.0,estimated_residual_lowp_supported,cui_selective_ml,estimated,xgboost,xgboost,if_residual,1.0,0.0|0.25|0.5|1.0,aipw_variance,-1.0,1.0,obsval,4.0,0.1,30,0.1,crossfit_rank_empty_standdown,1.0,4,50,3,3950.4288324741647,0.08042213585099028,0.08042213585099028,0.08042213585099028,0.0,5.377536244083824e-05,-9.020482518422231e-05,0.0,nan,0.0,reference,nan,nan,nan,nan,nan,gradient_boosting,random_forest,920.9581497471814,nan,nan,nan,nan,nan,nan,nan,0.0,0.27666666666666667,nan,0.0,0,323,nan,0.19457831325301206,0.0,0.0,0.0,0.03656536074681158,0.03656536074681158,0.0,nan,nan,0.5063809613041369,0.5063809613041369
m01-j0025,manifest.tsv,dml2_real_real_digits_misaligned_cui_selective_ml_n6000_s0_chunk00.reps.csv,real_digits_misaligned,box,6000,0.05,0.0,estimated_residual_lowp_supported,cui_selective_ml,estimated,xgboost,xgboost,if_residual,1.0,0.0|0.25|0.5|1.0,aipw_variance,-1.0,1.0,obsval,4.0,0.1,30,0.1,crossfit_rank_empty_standdown,1.0,4,50,4,5247.090535624884,0.019972037346063648,0.019972037346063648,0.019972037346063648,0.0,0.00020915750294806142,-0.00022299607051715954,0.0,nan,0.0,reference,nan,nan,nan,nan,nan,gradient_boosting,gradient_boosting,0.01343305795283907,nan,nan,nan,nan,nan,nan,nan,0.0,0.27566666666666667,nan,0.0,0,329,nan,0.1989117291414752,0.0,0.0,0.0,0.025110081351965883,0.025110081351965883,0.0,nan,nan,0.42403236614665124,0.42403236614665124
m01-j0026,manifest.tsv,dml2_real_real_digits_misaligned_cui_selective_ml_n6000_s0_chunk01.reps.csv,real_digits_misaligned,box,6000,0.05,0.0,estimated_residual_lowp_supported,cui_selective_ml,estimated,xgboost,xgboost,if_residual,1.0,0.0|0.25|0.5|1.0,aipw_variance,-1.0,1.0,obsval,4.0,0.1,30,0.1,crossfit_rank_empty_standdown,1.0,4,50,1,1307.9029920250177,-0.02630010596924509,-0.02630010596924509,-0.02630010596924509,0.0,0.00013053179287937427,-0.00015855086521156313,0.0,nan,0.0,reference,nan,nan,nan,nan,nan,logistic_l1,lasso,0.0016191138665192302,nan,nan,nan,nan,nan,nan,nan,0.0,0.2826666666666667,nan,0.0,0,363,nan,0.21403301886792453,0.0,0.0,0.0,0.038360288936103555,0.038360288936103555,0.0,nan,nan,0.36653738878838577,0.36653738878838577
m01-j0026,manifest.tsv,dml2_real_real_digits_misaligned_cui_selective_ml_n6000_s0_chunk01.reps.csv,real_digits_misaligned,box,6000,0.05,0.0,estimated_residual_lowp_supported,cui_selective_ml,estimated,xgboost,xgboost,if_residual,1.0,0.0|0.25|0.5|1.0,aipw_variance,-1.0,1.0,obsval,4.0,0.1,30,0.1,crossfit_rank_empty_standdown,1.0,4,50,2,2624.5425513992086,0.07869712272084525,0.07869712272084525,0.07869712272084525,0.0,0.00014385121943816584,-0.00014445255713479635,0.0,nan,0.0,reference,nan,nan,nan,nan,nan,gradient_boosting,lasso,0.0005028947468460448,nan,nan,nan,nan,nan,nan,nan,0.1,0.27116666666666667,0.9283333333333333,0.3423478795328826,80,327,0.13333333333333333,0.20098340503995082,0.013637574059306407,0.013637574059306407,0.0,0.02721755209344837,0.02721755209344837,0.0,0.7116228851409652,0.7116228851409652,0.5961620771587701,0.5961620771587701
m01-j0026,manifest.tsv,dml2_real_real_digits_misaligned_cui_selective_ml_n6000_s0_chunk01.reps.csv,real_digits_misaligned,box,6000,0.05,0.0,estimated_residual_lowp_supported,cui_selective_ml,estimated,xgboost,xgboost,if_residual,1.0,0.0|0.25|0.5|1.0,aipw_variance,-1.0,1.0,obsval,4.0,0.1,30,0.1,crossfit_rank_empty_standdown,1.0,4,50,3,3961.1908426247537,-0.12244582602189094,-0.12172194800271445,-0.12244582602189094,0.000723878019176491,0.00013154907155145563,-0.00015030581022667426,0.0,nan,1.0,if_residual,nan,nan,nan,nan,nan,logistic_l1,lasso,0.020210616585975782,nan,nan,nan,nan,nan,nan,nan,0.0,0.2745,nan,0.0,0,314,nan,0.19064966605950212,0.0,0.0,0.0,-27.079902706199263,0.2461178711358093,26.833784835063454,nan,nan,0.524087951262491,0.7576544901849264
m01-j0026,manifest.tsv,dml2_real_real_digits_misaligned_cui_selective_ml_n6000_s0_chunk01.reps.csv,real_digits_misaligned,box,6000,0.05,0.0,estimated_residual_lowp_supported,cui_selective_ml,estimated,xgboost,xgboost,if_residual,1.0,0.0|0.25|0.5|1.0,aipw_variance,-1.0,1.0,obsval,4.0,0.1,30,0.1,crossfit_rank_empty_standdown,1.0,4,50,4,5252.442611607723,-0.0005108327965892556,-0.0005108327965892556,-0.0005108327965892556,0.0,0.00012868104153195936,-0.00010173461946000545,0.0,nan,0.0,reference,nan,nan,nan,nan,nan,logistic_l1,lasso,0.00029826678517257094,nan,nan,nan,nan,nan,nan,nan,0.0,0.271,nan,0.0,0,304,nan,0.18696186961869618,0.0,0.0,0.0,-18.10219709057265,-18.10219709057265,0.0,nan,nan,0.5651938584034342,0.5651938584034342
m01-j0027,manifest.tsv,dml2_real_real_digits_misaligned_cui_selective_ml_n6000_s0_chunk02.reps.csv,real_digits_misaligned,box,6000,0.05,0.0,estimated_residual_lowp_supported,cui_selective_ml,estimated,xgboost,xgboost,if_residual,1.0,0.0|0.25|0.5|1.0,aipw_variance,-1.0,1.0,obsval,4.0,0.1,30,0.1,crossfit_rank_empty_standdown,1.0,4,50,1,1315.1322508696467,0.01897986564905091,0.01897986564905091,0.01897986564905091,0.0,0.0003468562962698524,-0.0004258128653268681,0.0,nan,0.0,reference,nan,nan,nan,nan,nan,gradient_boosting,lasso,0.001486533464802178,nan,nan,nan,nan,nan,nan,nan,0.1,0.2733333333333333,0.935,0.34207317073170734,80,320,0.13333333333333333,0.1951219512195122,0.006927152347199643,0.006927152347199643,0.0,0.014747922853485213,0.014747922853485213,0.0,0.612093988742952,0.612093988742952,0.44023526057240797,0.44023526057240797
m01-j0027,manifest.tsv,dml2_real_real_digits_misaligned_cui_selective_ml_n6000_s0_chunk02.reps.csv,real_digits_misaligned,box,6000,0.05,0.0,estimated_residual_lowp_supported,cui_selective_ml,estimated,xgboost,xgboost,if_residual,1.0,0.0|0.25|0.5|1.0,aipw_variance,-1.0,1.0,obsval,4.0,0.1,30,0.1,crossfit_rank_empty_standdown,1.0,4,50,2,2654.7875031381845,0.061756856748145295,0.061756856748145295,0.061756856748145295,0.0,9.003728114166405e-05,-0.00013093413640595877,0.0,nan,0.0,reference,nan,nan,nan,nan,nan,gradient_boosting,gradient_boosting,0.0009461236269567698,nan,nan,nan,nan,nan,nan,nan,0.0,0.2708333333333333,nan,0.0,0,334,nan,0.20553846153846153,0.0,0.0,0.0,0.025246929100862573,0.025246929100862573,0.0,nan,nan,0.4415042962383233,0.4415042962383233
m01-j0027,manifest.tsv,dml2_real_real_digits_misaligned_cui_selective_ml_n6000_s0_chunk02.reps.csv,real_digits_misaligned,box,6000,0.05,0.0,estimated_residual_lowp_supported,cui_selective_ml,estimated,xgboost,xgboost,if_residual,1.0,0.0|0.25|0.5|1.0,aipw_variance,-1.0,1.0,obsval,4.0,0.1,30,0.1,crossfit_rank_empty_standdown,1.0,4,50,3,4002.786596627906,-0.034440770264999476,-0.034440770264999476,-0.034440770264999476,0.0,0.0001277111698129974,-0.0002442609643371857,0.0,nan,0.0,reference,nan,nan,nan,nan,nan,logistic_l1,lasso,0.0017860667774501403,nan,nan,nan,nan,nan,nan,nan,0.1,0.26866666666666666,0.8833333333333333,0.32878411910669975,112,345,0.18666666666666668,0.2140198511166253,-47.411391223932675,-47.411391223932675,0.0,-47.40689269792848,-47.40689269792848,0.0,0.31041170178272076,0.31041170178272076,0.2778690588160448,0.2778690588160448
m01-j0027,manifest.tsv,dml2_real_real_digits_misaligned_cui_selective_ml_n6000_s0_chunk02.reps.csv,real_digits_misaligned,box,6000,0.05,0.0,estimated_residual_lowp_supported,cui_selective_ml,estimated,xgboost,xgboost,if_residual,1.0,0.0|0.25|0.5|1.0,aipw_variance,-1.0,1.0,obsval,4.0,0.1,30,0.1,crossfit_rank_empty_standdown,1.0,4,50,4,5307.631019978784,0.006498026466794926,0.006498026466794926,0.006498026466794926,0.0,0.00016910467356473415,-0.00022558051828575185,0.0,nan,0.0,reference,nan,nan,nan,nan,nan,gradient_boosting,gradient_boosting,0.024071256065350204,nan,nan,nan,nan,nan,nan,nan,0.1,0.26916666666666667,0.935,0.3473684210526316,89,318,0.14833333333333334,0.19690402476780186,0.011899509699616052,0.011899509699616052,0.0,0.02196729029527791,0.02196729029527791,0.0,0.4216909288588974,0.4216909288588974,0.37957795231797137,0.37957795231797137
m01-j0028,manifest.tsv,dml2_real_real_digits_misaligned_cui_selective_ml_n6000_s0_chunk03.reps.csv,real_digits_misaligned,box,6000,0.05,0.0,estimated_residual_lowp_supported,cui_selective_ml,estimated,xgboost,xgboost,if_residual,1.0,0.0|0.25|0.5|1.0,aipw_variance,-1.0,1.0,obsval,4.0,0.1,30,0.1,crossfit_rank_empty_standdown,1.0,4,50,1,1323.792665509507,0.039397610945581446,0.039397610945581446,0.039397610945581446,0.0,0.00010390158834138591,-0.00010724602287269405,0.0,nan,0.0,reference,nan,nan,nan,nan,nan,gradient_boosting,gradient_boosting,5805.908029859357,nan,nan,nan,nan,nan,nan,nan,0.0,0.27016666666666667,nan,0.0,0,344,nan,0.2122146822948797,0.0,0.0,0.0,0.0279107952504642,0.0279107952504642,0.0,nan,nan,0.4542513721100895,0.4542513721100895
m01-j0028,manifest.tsv,dml2_real_real_digits_misaligned_cui_selective_ml_n6000_s0_chunk03.reps.csv,real_digits_misaligned,box,6000,0.05,0.0,estimated_residual_lowp_supported,cui_selective_ml,estimated,xgboost,xgboost,if_residual,1.0,0.0|0.25|0.5|1.0,aipw_variance,-1.0,1.0,obsval,4.0,0.1,30,0.1,crossfit_rank_empty_standdown,1.0,4,50,2,2627.0218731202185,0.022180255550551004,0.022180255550551004,0.022180255550551004,0.0,0.00026520719911618225,-0.0002965415317278499,0.0,nan,0.0,reference,nan,nan,nan,nan,nan,gradient_boosting,lasso,0.0018300219593320713,nan,nan,nan,nan,nan,nan,nan,0.0,0.2801666666666667,nan,0.0,0,322,nan,0.19155264723378942,0.0,0.0,0.0,0.022101685580564155,0.022101685580564155,0.0,nan,nan,0.41461835714854844,0.41461835714854844
m01-j0028,manifest.tsv,dml2_real_real_digits_misaligned_cui_selective_ml_n6000_s0_chunk03.reps.csv,real_digits_misaligned,box,6000,0.05,0.0,estimated_residual_lowp_supported,cui_selective_ml,estimated,xgboost,xgboost,if_residual,1.0,0.0|0.25|0.5|1.0,aipw_variance,-1.0,1.0,obsval,4.0,0.1,30,0.1,crossfit_rank_empty_standdown,1.0,4,50,3,3940.5185690559447,0.030162816293098582,0.030162816293098582,0.030162816293098582,0.0,0.00012378850114561774,-0.00021592805547687895,0.0,nan,0.0,reference,nan,nan,nan,nan,nan,gradient_boosting,lasso,33.321257121592595,nan,nan,nan,nan,nan,nan,nan,0.0,0.275,nan,0.0,0,321,nan,0.19454545454545455,0.0,0.0,0.0,0.018160914336102483,0.018160914336102483,0.0,nan,nan,0.38047564691122576,0.38047564691122576
m01-j0028,manifest.tsv,dml2_real_real_digits_misaligned_cui_selective_ml_n6000_s0_chunk03.reps.csv,real_digits_misaligned,box,6000,0.05,0.0,estimated_residual_lowp_supported,cui_selective_ml,estimated,xgboost,xgboost,if_residual,1.0,0.0|0.25|0.5|1.0,aipw_variance,-1.0,1.0,obsval,4.0,0.1,30,0.1,crossfit_rank_empty_standdown,1.0,4,50,4,5234.06043736171,0.02979927427660997,0.02979927427660997,0.02979927427660997,0.0,0.00022327513789270116,-0.00024171891524372795,0.0,nan,0.0,reference,nan,nan,nan,nan,nan,gradient_boosting,lasso,1.9836599257023253,nan,nan,nan,nan,nan,nan,nan,0.1,0.26466666666666666,0.9216666666666666,0.3482367758186398,91,343,0.15166666666666667,0.21599496221662468,0.015566652889178391,0.015566652889178391,0.0,0.026670864298025728,0.026670864298025728,0.0,0.501901467726888,0.501901467726888,0.39558771640141294,0.39558771640141294
m01-j0029,manifest.tsv,dml2_real_real_digits_misaligned_cui_selective_ml_n6000_s0_chunk04.reps.csv,real_digits_misaligned,box,6000,0.05,0.0,estimated_residual_lowp_supported,cui_selective_ml,estimated,xgboost,xgboost,if_residual,1.0,0.0|0.25|0.5|1.0,aipw_variance,-1.0,1.0,obsval,4.0,0.1,30,0.1,crossfit_rank_empty_standdown,1.0,4,50,1,1335.3875855011865,0.06822454690578503,0.05909538684207602,0.06822454690578503,-0.009129160063709008,0.0001761911260637365,-0.00023387696111974753,0.0,nan,0.25,if_residual,nan,nan,nan,nan,nan,random_forest,lasso,0.002812170329732665,nan,nan,nan,nan,nan,nan,nan,0.075,0.281,0.9466666666666667,0.2526690391459075,57,303,0.12666666666666668,0.1797153024911032,0.013190485584560884,0.010714084628681085,0.002476400955879799,0.03369371688458497,0.028205314182636207,0.005488402701948766,0.6457085855841788,0.613501985276666,0.4501075614015688,0.43619766067535004
m01-j0029,manifest.tsv,dml2_real_real_digits_misaligned_cui_selective_ml_n6000_s0_chunk04.reps.csv,real_digits_misaligned,box,6000,0.05,0.0,estimated_residual_lowp_supported,cui_selective_ml,estimated,xgboost,xgboost,if_residual,1.0,0.0|0.25|0.5|1.0,aipw_variance,-1.0,1.0,obsval,4.0,0.1,30,0.1,crossfit_rank_empty_standdown,1.0,4,50,2,2651.369203960523,-0.0037823921893094803,-0.0037823921893094803,-0.0037823921893094803,0.0,0.00014129865597124064,-0.00013211552494823704,0.0,nan,0.0,reference,nan,nan,nan,nan,nan,logistic_l1,gradient_boosting,0.001870353987424263,nan,nan,nan,nan,nan,nan,nan,0.1,0.2745,0.905,0.3296903460837887,79,333,0.13166666666666665,0.20218579234972678,-3.9555558689185393,-3.9555558689185393,0.0,-3.9549478885414087,-3.9549478885414087,0.0,0.4527112752508319,0.4527112752508319,0.40257244304083817,0.40257244304083817
m01-j0029,manifest.tsv,dml2_real_real_digits_misaligned_cui_selective_ml_n6000_s0_chunk04.reps.csv,real_digits_misaligned,box,6000,0.05,0.0,estimated_residual_lowp_supported,cui_selective_ml,estimated,xgboost,xgboost,if_residual,1.0,0.0|0.25|0.5|1.0,aipw_variance,-1.0,1.0,obsval,4.0,0.1,30,0.1,crossfit_rank_empty_standdown,1.0,4,50,3,3982.7043160041794,0.02677840408595572,0.020047603010048987,0.02677840408595572,-0.006730801075906734,7.375571109377696e-05,-4.371034111983602e-05,0.0,nan,0.5,if_residual,nan,nan,nan,nan,nan,logistic_l1,lasso,0.001082824396776506,nan,nan,nan,nan,nan,nan,nan,0.0,0.27016666666666667,nan,0.0,0,346,nan,0.2134484885872918,0.0,0.0,0.0,-17.971132571873884,-20.811152344333067,-2.8400197724591827,nan,nan,0.40385791751819144,0.453969743094426
m01-j0029,manifest.tsv,dml2_real_real_digits_misaligned_cui_selective_ml_n6000_s0_chunk04.reps.csv,real_digits_misaligned,box,6000,0.05,0.0,estimated_residual_lowp_supported,cui_selective_ml,estimated,xgboost,xgboost,if_residual,1.0,0.0|0.25|0.5|1.0,aipw_variance,-1.0,1.0,obsval,4.0,0.1,30,0.1,crossfit_rank_empty_standdown,1.0,4,50,4,5262.863692408428,0.044432154095645354,0.044432154095645354,0.044432154095645354,0.0,0.00012883149154502716,-0.0001977905073308762,0.0,nan,0.0,reference,nan,nan,nan,nan,nan,gradient_boosting,random_forest,1.588186928373309,nan,nan,nan,nan,nan,nan,nan,0.0,0.2698333333333333,nan,0.0,0,343,nan,0.2118591723285979,0.0,0.0,0.0,0.029304654033871322,0.029304654033871322,0.0,nan,nan,0.41669310716139213,0.41669310716139213
m01-j0030,manifest.tsv,dml2_real_real_digits_misaligned_cui_selective_ml_n6000_s0_chunk05.reps.csv,real_digits_misaligned,box,6000,0.05,0.0,estimated_residual_lowp_supported,cui_selective_ml,estimated,xgboost,xgboost,if_residual,1.0,0.0|0.25|0.5|1.0,aipw_variance,-1.0,1.0,obsval,4.0,0.1,30,0.1,crossfit_rank_empty_standdown,1.0,4,50,1,1313.563747365959,0.019126589172905245,0.019126589172905245,0.019126589172905245,0.0,0.00024353312873381027,-0.00030150966023203543,0.0,nan,0.0,reference,nan,nan,nan,nan,nan,gradient_boosting,lasso,445181.7022968111,nan,nan,nan,nan,nan,nan,nan,0.0,0.2826666666666667,nan,0.0,0,330,nan,0.1945754716981132,0.0,0.0,0.0,0.012213109831056083,0.012213109831056083,0.0,nan,nan,0.29410342334208883,0.29410342334208883
m01-j0030,manifest.tsv,dml2_real_real_digits_misaligned_cui_selective_ml_n6000_s0_chunk05.reps.csv,real_digits_misaligned,box,6000,0.05,0.0,estimated_residual_lowp_supported,cui_selective_ml,estimated,xgboost,xgboost,if_residual,1.0,0.0|0.25|0.5|1.0,aipw_variance,-1.0,1.0,obsval,4.0,0.1,30,0.1,crossfit_rank_empty_standdown,1.0,4,50,2,2616.1932984115556,-0.003582477032266801,-0.003582477032266801,-0.003582477032266801,0.0,6.605465806575018e-05,-0.00012677123670988685,0.0,nan,0.0,reference,nan,nan,nan,nan,nan,gradient_boosting,gradient_boosting,0.004408870268612014,nan,nan,nan,nan,nan,nan,nan,0.0,0.274,nan,0.0,0,336,nan,0.20437956204379562,0.0,0.0,0.0,0.025002517848902377,0.025002517848902377,0.0,nan,nan,0.3938918586425831,0.3938918586425831
m01-j0030,manifest.tsv,dml2_real_real_digits_misaligned_cui_selective_ml_n6000_s0_chunk05.reps.csv,real_digits_misaligned,box,6000,0.05,0.0,estimated_residual_lowp_supported,cui_selective_ml,estimated,xgboost,xgboost,if_residual,1.0,0.0|0.25|0.5|1.0,aipw_variance,-1.0,1.0,obsval,4.0,0.1,30,0.1,crossfit_rank_empty_standdown,1.0,4,50,3,3959.912280063145,0.009873509807591857,0.009873509807591857,0.009873509807591857,0.0,0.00016386071950104733,-0.0002351985947841237,0.0,nan,0.0,reference,nan,nan,nan,nan,nan,gradient_boosting,random_forest,26.669160563975606,nan,nan,nan,nan,nan,nan,nan,0.0,0.26866666666666666,nan,0.0,0,364,nan,0.22580645161290322,0.0,0.0,0.0,0.025273733782145646,0.025273733782145646,0.0,nan,nan,0.37187328219511573,0.37187328219511573
m01-j0030,manifest.tsv,dml2_real_real_digits_misaligned_cui_selective_ml_n6000_s0_chunk05.reps.csv,real_digits_misaligned,box,6000,0.05,0.0,estimated_residual_lowp_supported,cui_selective_ml,estimated,xgboost,xgboost,if_residual,1.0,0.0|0.25|0.5|1.0,aipw_variance,-1.0,1.0,obsval,4.0,0.1,30,0.1,crossfit_rank_empty_standdown,1.0,4,50,4,5294.413228522986,-0.003889372083207193,-0.003889372083207193,-0.003889372083207193,0.0,0.00012292234368080162,-0.00014979708958128934,0.0,nan,0.0,reference,nan,nan,nan,nan,nan,logistic_l1,lasso,0.000706774762623702,nan,nan,nan,nan,nan,nan,nan,0.0,0.2678333333333333,nan,0.0,0,309,nan,0.1922837585563161,0.0,0.0,0.0,184.05736828320718,184.05736828320718,0.0,nan,nan,0.6670408142535843,0.6670408142535843
m01-j0031,manifest.tsv,dml2_real_real_digits_misaligned_cui_selective_ml_n6000_s0_chunk06.reps.csv,real_digits_misaligned,box,6000,0.05,0.0,estimated_residual_lowp_supported,cui_selective_ml,estimated,xgboost,xgboost,if_residual,1.0,0.0|0.25|0.5|1.0,aipw_variance,-1.0,1.0,obsval,4.0,0.1,30,0.1,crossfit_rank_empty_standdown,1.0,4,50,1,1310.8163222810254,0.021938613309901545,0.021938613309901545,0.021938613309901545,0.0,0.0002977153318356005,-0.0002281673402772888,0.0,nan,0.0,reference,nan,nan,nan,nan,nan,gradient_boosting,lasso,0.068828186303182,nan,nan,nan,nan,nan,nan,nan,0.05,0.27516666666666667,0.9666666666666667,0.1756511205330103,43,350,0.14333333333333334,0.21199273167777105,0.006663372409249536,0.006663372409249536,0.0,0.024806591784038063,0.024806591784038063,0.0,0.4549762189567251,0.4549762189567251,0.3975629073238638,0.3975629073238638
m01-j0031,manifest.tsv,dml2_real_real_digits_misaligned_cui_selective_ml_n6000_s0_chunk06.reps.csv,real_digits_misaligned,box,6000,0.05,0.0,estimated_residual_lowp_supported,cui_selective_ml,estimated,xgboost,xgboost,if_residual,1.0,0.0|0.25|0.5|1.0,aipw_variance,-1.0,1.0,obsval,4.0,0.1,30,0.1,crossfit_rank_empty_standdown,1.0,4,50,2,2633.0868095178157,-0.003256830841998487,-0.003256830841998487,-0.003256830841998487,0.0,0.00023010390668068924,-0.00032815560028939415,0.0,nan,0.0,reference,nan,nan,nan,nan,nan,logistic_l1,gradient_boosting,0.0021439329730800825,nan,nan,nan,nan,nan,nan,nan,0.075,0.2818333333333333,0.9066666666666666,0.24127735068007097,68,365,0.1511111111111111,0.21584861028976937,-2.404251889808691,-2.404251889808691,0.0,-16.547756985794713,-16.547756985794713,0.0,0.4680217958639619,0.4680217958639619,0.40676280992222646,0.40676280992222646
m01-j0031,manifest.tsv,dml2_real_real_digits_misaligned_cui_selective_ml_n6000_s0_chunk06.reps.csv,real_digits_misaligned,box,6000,0.05,0.0,estimated_residual_lowp_supported,cui_selective_ml,estimated,xgboost,xgboost,if_residual,1.0,0.0|0.25|0.5|1.0,aipw_variance,-1.0,1.0,obsval,4.0,0.1,30,0.1,crossfit_rank_empty_standdown,1.0,4,50,3,3962.926804904826,-0.04626045287258862,-0.046849369300225346,-0.04626045287258862,-0.0005889164276367265,8.148438391204424e-05,-0.00011170183886396361,0.0,nan,0.25,if_residual,nan,nan,nan,nan,nan,gradient_boosting,lasso,95193.27993281044,nan,nan,nan,nan,nan,nan,nan,0.05,0.2743333333333333,0.97,0.1767922235722965,31,352,0.10333333333333333,0.21385176184690158,0.002937857298778089,0.0018203813741504717,0.0011174759246276172,0.011687120401975809,0.01025165018962474,0.0014354702123510685,0.5629638291337297,0.565120229699425,0.34787461473578624,0.35929466271557947
m01-j0031,manifest.tsv,dml2_real_real_digits_misaligned_cui_selective_ml_n6000_s0_chunk06.reps.csv,real_digits_misaligned,box,6000,0.05,0.0,estimated_residual_lowp_supported,cui_selective_ml,estimated,xgboost,xgboost,if_residual,1.0,0.0|0.25|0.5|1.0,aipw_variance,-1.0,1.0,obsval,4.0,0.1,30,0.1,crossfit_rank_empty_standdown,1.0,4,50,4,5256.492878463119,-0.00030691818763192713,-0.00030691818763192713,-0.00030691818763192713,0.0,7.82286104122887e-05,-4.5245692056295156e-05,0.0,nan,0.0,reference,nan,nan,nan,nan,nan,gradient_boosting,gradient_boosting,0.0053034170598624435,nan,nan,nan,nan,nan,nan,nan,0.1,0.27066666666666667,0.925,0.3417487684729064,67,333,0.11166666666666666,0.20504926108374386,0.009906662320697706,0.009906662320697706,0.0,0.015458221319971306,0.015458221319971306,0.0,0.44552027230017127,0.44552027230017127,0.39042444337510585,0.39042444337510585
m01-j0032,manifest.tsv,dml2_real_real_digits_misaligned_cui_selective_ml_n6000_s0_chunk07.reps.csv,real_digits_misaligned,box,6000,0.05,0.0,estimated_residual_lowp_supported,cui_selective_ml,estimated,xgboost,xgboost,if_residual,1.0,0.0|0.25|0.5|1.0,aipw_variance,-1.0,1.0,obsval,4.0,0.1,30,0.1,crossfit_rank_empty_standdown,1.0,4,50,1,1348.595518779941,0.041226734301091694,0.041226734301091694,0.041226734301091694,0.0,0.0001070432545596015,-0.00010938663135844876,0.0,nan,0.0,reference,nan,nan,nan,nan,nan,logistic_l1,gradient_boosting,0.00048608947874396205,nan,nan,nan,nan,nan,nan,nan,0.075,0.26366666666666666,0.9222222222222223,0.26232616940581543,71,308,0.15777777777777777,0.19469026548672566,-19.253039437224086,-19.253039437224086,0.0,-65.78739075622013,-65.78739075622013,0.0,0.532087670530643,0.532087670530643,0.4458104361641946,0.4458104361641946
m01-j0032,manifest.tsv,dml2_real_real_digits_misaligned_cui_selective_ml_n6000_s0_chunk07.reps.csv,real_digits_misaligned,box,6000,0.05,0.0,estimated_residual_lowp_supported,cui_selective_ml,estimated,xgboost,xgboost,if_residual,1.0,0.0|0.25|0.5|1.0,aipw_variance,-1.0,1.0,obsval,4.0,0.1,30,0.1,crossfit_rank_empty_standdown,1.0,4,50,2,2674.966358120553,-0.009115076562466184,-0.009115076562466184,-0.009115076562466184,0.0,0.00012332882705251124,-0.00012708122335040932,0.0,nan,0.0,reference,nan,nan,nan,nan,nan,logistic_l1,gradient_boosting,0.0007740879597693836,nan,nan,nan,nan,nan,nan,nan,0.1,0.2743333333333333,0.9383333333333334,0.342041312272175,77,359,0.12833333333333333,0.2181044957472661,-71.39820179498157,-71.39820179498157,0.0,-88.49721863674047,-88.49721863674047,0.0,0.4479148996983248,0.4479148996983248,0.3995220918328482,0.3995220918328482
m01-j0032,manifest.tsv,dml2_real_real_digits_misaligned_cui_selective_ml_n6000_s0_chunk07.reps.csv,real_digits_misaligned,box,6000,0.05,0.0,estimated_residual_lowp_supported,cui_selective_ml,estimated,xgboost,xgboost,if_residual,1.0,0.0|0.25|0.5|1.0,aipw_variance,-1.0,1.0,obsval,4.0,0.1,30,0.1,crossfit_rank_empty_standdown,1.0,4,50,3,4023.426810436882,0.0808147199410397,0.0808147199410397,0.0808147199410397,0.0,0.00010510196945368337,-8.547664609143905e-05,0.0,nan,0.0,reference,nan,nan,nan,nan,nan,gradient_boosting,gradient_boosting,0.0013833539282936107,nan,nan,nan,nan,nan,nan,nan,0.1,0.2785,0.9433333333333334,0.33871932974266905,69,321,0.115,0.19210053859964094,0.014833745721961878,0.014833745721961878,0.0,0.030775278789710814,0.030775278789710814,0.0,0.5267731869783547,0.5267731869783547,0.4758258697301831,0.4758258697301831
m01-j0032,manifest.tsv,dml2_real_real_digits_misaligned_cui_selective_ml_n6000_s0_chunk07.reps.csv,real_digits_misaligned,box,6000,0.05,0.0,estimated_residual_lowp_supported,cui_selective_ml,estimated,xgboost,xgboost,if_residual,1.0,0.0|0.25|0.5|1.0,aipw_variance,-1.0,1.0,obsval,4.0,0.1,30,0.1,crossfit_rank_empty_standdown,1.0,4,50,4,5338.013088068925,0.028571514466664366,0.028571514466664366,0.028571514466664366,0.0,9.416461503084926e-05,-7.918887402362886e-05,0.0,nan,0.0,reference,nan,nan,nan,nan,nan,gradient_boosting,gradient_boosting,12.571610581376047,nan,nan,nan,nan,nan,nan,nan,0.0,0.2678333333333333,nan,0.0,0,354,nan,0.22028624766645924,0.0,0.0,0.0,0.01798401578815324,0.01798401578815324,0.0,nan,nan,0.46269674543412337,0.46269674543412337
m01-j0033,manifest.tsv,dml2_real_real_digits_misaligned_cui_selective_ml_n6000_s0_chunk08.reps.csv,real_digits_misaligned,box,6000,0.05,0.0,estimated_residual_lowp_supported,cui_selective_ml,estimated,xgboost,xgboost,if_residual,1.0,0.0|0.25|0.5|1.0,aipw_variance,-1.0,1.0,obsval,4.0,0.1,30,0.1,crossfit_rank_empty_standdown,1.0,4,50,1,1322.92073299177,0.04183127843647966,0.04183127843647966,0.04183127843647966,0.0,8.963968797815001e-05,-0.00011506666944954965,0.0,nan,0.0,reference,nan,nan,nan,nan,nan,gradient_boosting,lasso,0.0004371186233541735,nan,nan,nan,nan,nan,nan,nan,0.075,0.27616666666666667,0.9222222222222223,0.2504526252263126,88,390,0.19555555555555557,0.23536511768255883,0.0065375762436423466,0.0065375762436423466,0.0,0.01992150542289579,0.01992150542289579,0.0,0.2844244188888217,0.2844244188888217,0.3481607363094649,0.3481607363094649
m01-j0033,manifest.tsv,dml2_real_real_digits_misaligned_cui_selective_ml_n6000_s0_chunk08.reps.csv,real_digits_misaligned,box,6000,0.05,0.0,estimated_residual_lowp_supported,cui_selective_ml,estimated,xgboost,xgboost,if_residual,1.0,0.0|0.25|0.5|1.0,aipw_variance,-1.0,1.0,obsval,4.0,0.1,30,0.1,crossfit_rank_empty_standdown,1.0,4,50,2,2668.4231279604137,0.014552448337565832,0.014552448337565832,0.014552448337565832,0.0,0.00013114336514033996,-0.00013079814185925622,0.0,nan,0.0,reference,nan,nan,nan,nan,nan,gradient_boosting,gradient_boosting,0.0156910891076442,nan,nan,nan,nan,nan,nan,nan,0.0,0.2715,nan,0.0,0,361,nan,0.22160834868017187,0.0,0.0,0.0,0.02333220621677963,0.02333220621677963,0.0,nan,nan,0.40320666867828514,0.40320666867828514
m01-j0033,manifest.tsv,dml2_real_real_digits_misaligned_cui_selective_ml_n6000_s0_chunk08.reps.csv,real_digits_misaligned,box,6000,0.05,0.0,estimated_residual_lowp_supported,cui_selective_ml,estimated,xgboost,xgboost,if_residual,1.0,0.0|0.25|0.5|1.0,aipw_variance,-1.0,1.0,obsval,4.0,0.1,30,0.1,crossfit_rank_empty_standdown,1.0,4,50,3,3975.296592367813,0.01529498570053231,0.01529498570053231,0.01529498570053231,0.0,8.01602617665131e-05,-9.062044909456408e-05,0.0,nan,0.0,reference,nan,nan,nan,nan,nan,random_forest,gradient_boosting,38.70628954457679,nan,nan,nan,nan,nan,nan,nan,0.1,0.2725,0.9233333333333333,0.3388379204892966,91,325,0.15166666666666667,0.19877675840978593,0.010455765124734897,0.010455765124734897,0.0,0.02032949450759711,0.02032949450759711,0.0,0.4134963405046603,0.4134963405046603,0.38542907093103496,0.38542907093103496
m01-j0033,manifest.tsv,dml2_real_real_digits_misaligned_cui_selective_ml_n6000_s0_chunk08.reps.csv,real_digits_misaligned,box,6000,0.05,0.0,estimated_residual_lowp_supported,cui_selective_ml,estimated,xgboost,xgboost,if_residual,1.0,0.0|0.25|0.5|1.0,aipw_variance,-1.0,1.0,obsval,4.0,0.1,30,0.1,crossfit_rank_empty_standdown,1.0,4,50,4,5259.515431208536,0.06406819211666492,0.06406819211666492,0.06406819211666492,0.0,5.5687821935903464e-05,-0.00010493879584018082,0.0,nan,0.0,reference,nan,nan,nan,nan,nan,gradient_boosting,gradient_boosting,5.911454883352065,nan,nan,nan,nan,nan,nan,nan,0.0,0.2678333333333333,nan,0.0,0,329,nan,0.20472930927193528,0.0,0.0,0.0,0.029386451524335114,0.029386451524335114,0.0,nan,nan,0.4527204003632248,0.4527204003632248
m01-j0034,manifest.tsv,dml2_real_real_digits_misaligned_cui_selective_ml_n6000_s0_chunk09.reps.csv,real_digits_misaligned,box,6000,0.05,0.0,estimated_residual_lowp_supported,cui_selective_ml,estimated,xgboost,xgboost,if_residual,1.0,0.0|0.25|0.5|1.0,aipw_variance,-1.0,1.0,obsval,4.0,0.1,30,0.1,crossfit_rank_empty_standdown,1.0,4,50,1,1335.8894386170432,0.04499386826217469,0.04499386826217469,0.04499386826217469,0.0,8.696382981958622e-05,-0.0001038948011475457,0.0,nan,0.0,reference,nan,nan,nan,nan,nan,random_forest,lasso,1.1884458541814575,nan,nan,nan,nan,nan,nan,nan,0.0,0.2745,nan,0.0,0,341,nan,0.20704310868245293,0.0,0.0,0.0,0.03415990592017484,0.03415990592017484,0.0,nan,nan,0.445162060542618,0.445162060542618
m01-j0034,manifest.tsv,dml2_real_real_digits_misaligned_cui_selective_ml_n6000_s0_chunk09.reps.csv,real_digits_misaligned,box,6000,0.05,0.0,estimated_residual_lowp_supported,cui_selective_ml,estimated,xgboost,xgboost,if_residual,1.0,0.0|0.25|0.5|1.0,aipw_variance,-1.0,1.0,obsval,4.0,0.1,30,0.1,crossfit_rank_empty_standdown,1.0,4,50,2,2648.3152112346143,0.05542293167697526,0.05542293167697526,0.05542293167697526,0.0,9.417464536229901e-05,-0.0001541812413737259,0.0,nan,0.0,reference,nan,nan,nan,nan,nan,gradient_boosting,gradient_boosting,91512.54151871917,nan,nan,nan,nan,nan,nan,nan,0.1,0.2718333333333333,0.9333333333333333,0.34334763948497854,84,327,0.14,0.2004904966278357,0.010178335861825396,0.010178335861825396,0.0,0.022580675459899627,0.022580675459899627,0.0,0.42847437923791254,0.42847437923791254,0.43782550046734636,0.43782550046734636
m01-j0034,manifest.tsv,dml2_real_real_digits_misaligned_cui_selective_ml_n6000_s0_chunk09.reps.csv,real_digits_misaligned,box,6000,0.05,0.0,estimated_residual_lowp_supported,cui_selective_ml,estimated,xgboost,xgboost,if_residual,1.0,0.0|0.25|0.5|1.0,aipw_variance,-1.0,1.0,obsval,4.0,0.1,30,0.1,crossfit_rank_empty_standdown,1.0,4,50,3,3975.319445308298,-0.006499576834166965,-0.006499576834166965,-0.006499576834166965,0.0,0.0001504002170580913,-0.0001778278015605551,0.0,nan,0.0,reference,nan,nan,nan,nan,nan,logistic_l1,lasso,0.0012686444826705123,nan,nan,nan,nan,nan,nan,nan,0.05,0.2776666666666667,0.9333333333333333,0.16806722689075632,50,354,0.16666666666666666,0.21248499399759904,-0.03215554017906081,-0.03215554017906081,0.0,-42.06587010965857,-42.06587010965857,0.0,0.3354661989167248,0.3354661989167248,0.5888898973747789,0.5888898973747789
m01-j0034,manifest.tsv,dml2_real_real_digits_misaligned_cui_selective_ml_n6000_s0_chunk09.reps.csv,real_digits_misaligned,box,6000,0.05,0.0,estimated_residual_lowp_supported,cui_selective_ml,estimated,xgboost,xgboost,if_residual,1.0,0.0|0.25|0.5|1.0,aipw_variance,-1.0,1.0,obsval,4.0,0.1,30,0.1,crossfit_rank_empty_standdown,1.0,4,50,4,5294.200644269586,0.00018037041279711508,0.00018037041279711508,0.00018037041279711508,0.0,0.0001344750190017945,-0.00015037912140089646,0.0,nan,0.0,reference,nan,nan,nan,nan,nan,gradient_boosting,gradient_boosting,0.0009361325803042182,nan,nan,nan,nan,nan,nan,nan,0.1,0.2645,0.925,0.3497164461247637,84,319,0.14,0.2010081915563957,0.010356909271726564,0.010356909271726564,0.0,0.018596712656652994,0.018596712656652994,0.0,0.5598662132729685,0.5598662132729685,0.455052243561054,0.455052243561054
m01-j0035,manifest.tsv,dml2_real_real_digits_misaligned_cui_selective_ml_n6000_s0_chunk10.reps.csv,real_digits_misaligned,box,6000,0.05,0.0,estimated_residual_lowp_supported,cui_selective_ml,estimated,xgboost,xgboost,if_residual,1.0,0.0|0.25|0.5|1.0,aipw_variance,-1.0,1.0,obsval,4.0,0.1,30,0.1,crossfit_rank_empty_standdown,1.0,4,50,1,1362.21204551775,0.056173769291741144,0.056173769291741144,0.056173769291741144,0.0,0.0002100225355410421,-0.00017778533543852122,0.0,nan,0.0,reference,nan,nan,nan,nan,nan,gradient_boosting,gradient_boosting,116.39214347861034,nan,nan,nan,nan,nan,nan,nan,0.1,0.271,0.8983333333333333,0.33148831488314884,85,343,0.14166666666666666,0.2109471094710947,0.017821354564035007,0.017821354564035007,0.0,0.03152971676221335,0.03152971676221335,0.0,0.5675003719596093,0.5675003719596093,0.4796391287565223,0.4796391287565223
m01-j0035,manifest.tsv,dml2_real_real_digits_misaligned_cui_selective_ml_n6000_s0_chunk10.reps.csv,real_digits_misaligned,box,6000,0.05,0.0,estimated_residual_lowp_supported,cui_selective_ml,estimated,xgboost,xgboost,if_residual,1.0,0.0|0.25|0.5|1.0,aipw_variance,-1.0,1.0,obsval,4.0,0.1,30,0.1,crossfit_rank_empty_standdown,1.0,4,50,2,2656.9266929654405,0.03656263239236002,0.03656263239236002,0.03656263239236002,0.0,5.904091386802943e-05,-5.753898278840653e-05,0.0,nan,0.0,reference,nan,nan,nan,nan,nan,gradient_boosting,lasso,11.07300797980844,nan,nan,nan,nan,nan,nan,nan,0.1,0.27366666666666667,0.91,0.3325213154689403,94,349,0.15666666666666668,0.21254567600487212,0.009654075415799563,0.009654075415799563,0.0,0.01825174196243545,0.01825174196243545,0.0,0.34073012298580047,0.34073012298580047,0.3202215207095897,0.3202215207095897
m01-j0035,manifest.tsv,dml2_real_real_digits_misaligned_cui_selective_ml_n6000_s0_chunk10.reps.csv,real_digits_misaligned,box,6000,0.05,0.0,estimated_residual_lowp_supported,cui_selective_ml,estimated,xgboost,xgboost,if_residual,1.0,0.0|0.25|0.5|1.0,aipw_variance,-1.0,1.0,obsval,4.0,0.1,30,0.1,crossfit_rank_empty_standdown,1.0,4,50,3,4003.3282350916415,-0.005087617799588828,-0.005087617799588828,-0.005087617799588828,0.0,0.00016408816001898196,-0.00021611980200075592,0.0,nan,0.0,reference,nan,nan,nan,nan,nan,gradient_boosting,gradient_boosting,0.9950236995513076,nan,nan,nan,nan,nan,nan,nan,0.0,0.2648333333333333,nan,0.0,0,341,nan,0.2146003775959723,0.0,0.0,0.0,0.018358744515639524,0.018358744515639524,0.0,nan,nan,0.3810375957499393,0.3810375957499393
m01-j0035,manifest.tsv,dml2_real_real_digits_misaligned_cui_selective_ml_n6000_s0_chunk10.reps.csv,real_digits_misaligned,box,6000,0.05,0.0,estimated_residual_lowp_supported,cui_selective_ml,estimated,xgboost,xgboost,if_residual,1.0,0.0|0.25|0.5|1.0,aipw_variance,-1.0,1.0,obsval,4.0,0.1,30,0.1,crossfit_rank_empty_standdown,1.0,4,50,4,5273.09573217202,0.06214977286049181,0.06214977286049181,0.06214977286049181,0.0,0.0001120098451078956,-0.0001374170930837784,0.0,nan,0.0,reference,nan,nan,nan,nan,nan,gradient_boosting,gradient_boosting,0.02451349729874232,nan,nan,nan,nan,nan,nan,nan,0.0,0.2743333333333333,nan,0.0,0,352,nan,0.21385176184690158,0.0,0.0,0.0,0.030861980108674403,0.030861980108674403,0.0,nan,nan,0.40747344920793943,0.40747344920793943
m01-j0036,manifest.tsv,dml2_real_real_digits_misaligned_cui_selective_ml_n6000_s0_chunk11.reps.csv,real_digits_misaligned,box,6000,0.05,0.0,estimated_residual_lowp_supported,cui_selective_ml,estimated,xgboost,xgboost,if_residual,1.0,0.0|0.25|0.5|1.0,aipw_variance,-1.0,1.0,obsval,4.0,0.1,30,0.1,crossfit_rank_empty_standdown,1.0,4,50,1,1310.6276855617762,0.012756007749135656,0.012756007749135656,0.012756007749135656,0.0,0.00021035589015480746,-0.00019219452263236016,0.0,nan,0.0,reference,nan,nan,nan,nan,nan,logistic_l1,gradient_boosting,0.0008428264373500163,nan,nan,nan,nan,nan,nan,nan,0.0,0.2713333333333333,nan,0.0,0,328,nan,0.20147420147420148,0.0,0.0,0.0,-14.21656646211822,-14.21656646211822,0.0,nan,nan,0.41097105389131006,0.41097105389131006
m01-j0036,manifest.tsv,dml2_real_real_digits_misaligned_cui_selective_ml_n6000_s0_chunk11.reps.csv,real_digits_misaligned,box,6000,0.05,0.0,estimated_residual_lowp_supported,cui_selective_ml,estimated,xgboost,xgboost,if_residual,1.0,0.0|0.25|0.5|1.0,aipw_variance,-1.0,1.0,obsval,4.0,0.1,30,0.1,crossfit_rank_empty_standdown,1.0,4,50,2,2648.0966923059896,0.021936116612799372,0.021936116612799372,0.021936116612799372,0.0,0.00015901617841359043,-0.00033267787455349535,0.0,nan,0.0,reference,nan,nan,nan,nan,nan,gradient_boosting,lasso,0.0861641829333222,nan,nan,nan,nan,nan,nan,nan,0.0,0.2645,nan,0.0,0,342,nan,0.21550094517958412,0.0,0.0,0.0,0.027079419685173793,0.027079419685173793,0.0,nan,nan,0.6662572791780522,0.6662572791780522
m01-j0036,manifest.tsv,dml2_real_real_digits_misaligned_cui_selective_ml_n6000_s0_chunk11.reps.csv,real_digits_misaligned,box,6000,0.05,0.0,estimated_residual_lowp_supported,cui_selective_ml,estimated,xgboost,xgboost,if_residual,1.0,0.0|0.25|0.5|1.0,aipw_variance,-1.0,1.0,obsval,4.0,0.1,30,0.1,crossfit_rank_empty_standdown,1.0,4,50,3,3986.5663888296112,0.009242948564898823,0.009242948564898823,0.009242948564898823,0.0,0.00019572801557237417,-0.00023151549452337284,0.0,nan,0.0,reference,nan,nan,nan,nan,nan,gradient_boosting,lasso,0.008613785625534193,nan,nan,nan,nan,nan,nan,nan,0.1,0.27316666666666667,0.8933333333333333,0.3270286760219646,98,354,0.16333333333333333,0.21598535692495424,0.009171465879934561,0.009171465879934561,0.0,0.020083170032517573,0.020083170032517573,0.0,0.3557788100434758,0.3557788100434758,0.31794261490027154,0.31794261490027154
m01-j0036,manifest.tsv,dml2_real_real_digits_misaligned_cui_selective_ml_n6000_s0_chunk11.reps.csv,real_digits_misaligned,box,6000,0.05,0.0,estimated_residual_lowp_supported,cui_selective_ml,estimated,xgboost,xgboost,if_residual,1.0,0.0|0.25|0.5|1.0,aipw_variance,-1.0,1.0,obsval,4.0,0.1,30,0.1,crossfit_rank_empty_standdown,1.0,4,50,4,5297.279552392662,0.008740793874935926,0.006138839057273693,0.008740793874935926,-0.002601954817662233,8.633981779559074e-05,-9.949672919184029e-05,0.0,nan,0.25,if_residual,nan,nan,nan,nan,nan,gradient_boosting,lasso,6037.823432953504,nan,nan,nan,nan,nan,nan,nan,0.0,0.2723333333333333,nan,0.0,0,343,nan,0.20991432068543453,0.0,0.0,0.0,0.010121154403146598,0.009102094506028599,0.001019059897117999,nan,nan,0.9486909727115672,0.9504043990533881
m01-j0037,manifest.tsv,dml2_real_real_digits_misaligned_cui_selective_ml_n6000_s0_chunk12.reps.csv,real_digits_misaligned,box,6000,0.05,0.0,estimated_residual_lowp_supported,cui_selective_ml,estimated,xgboost,xgboost,if_residual,1.0,0.0|0.25|0.5|1.0,aipw_variance,-1.0,1.0,obsval,4.0,0.1,30,0.1,crossfit_rank_empty_standdown,1.0,4,50,1,1331.892219800502,0.04946352665037829,0.04946352665037829,0.04946352665037829,0.0,0.0001247636937551104,-0.0001588240824592699,0.0,nan,0.0,reference,nan,nan,nan,nan,nan,gradient_boosting,lasso,0.13009277937320188,nan,nan,nan,nan,nan,nan,nan,0.05,0.2763333333333333,0.95,0.17189384800965019,33,340,0.11,0.20506634499396864,0.004346110536688446,0.004346110536688446,0.0,0.020968541995119334,0.020968541995119334,0.0,0.5306937762802436,0.5306937762802436,0.35422668832947857,0.35422668832947857
m01-j0037,manifest.tsv,dml2_real_real_digits_misaligned_cui_selective_ml_n6000_s0_chunk12.reps.csv,real_digits_misaligned,box,6000,0.05,0.0,estimated_residual_lowp_supported,cui_selective_ml,estimated,xgboost,xgboost,if_residual,1.0,0.0|0.25|0.5|1.0,aipw_variance,-1.0,1.0,obsval,4.0,0.1,30,0.1,crossfit_rank_empty_standdown,1.0,4,50,2,2655.677979358472,0.02965572756635071,0.02965572756635071,0.02965572756635071,0.0,8.759301533658613e-05,-9.142481698407522e-05,0.0,nan,0.0,reference,nan,nan,nan,nan,nan,gradient_boosting,lasso,0.06896170354318731,nan,nan,nan,nan,nan,nan,nan,0.1,0.26716666666666666,0.9316666666666666,0.3487211478477854,76,320,0.12666666666666668,0.19962570180910794,0.01200579619620208,0.01200579619620208,0.0,0.028617440851358235,0.028617440851358235,0.0,0.4610542357217163,0.4610542357217163,0.8154291878203674,0.8154291878203674
m01-j0037,manifest.tsv,dml2_real_real_digits_misaligned_cui_selective_ml_n6000_s0_chunk12.reps.csv,real_digits_misaligned,box,6000,0.05,0.0,estimated_residual_lowp_supported,cui_selective_ml,estimated,xgboost,xgboost,if_residual,1.0,0.0|0.25|0.5|1.0,aipw_variance,-1.0,1.0,obsval,4.0,0.1,30,0.1,crossfit_rank_empty_standdown,1.0,4,50,3,4016.0554664358497,0.017586787773537033,0.017586787773537033,0.017586787773537033,0.0,0.000259135243083349,-0.0002733131769105657,0.0,nan,0.0,reference,nan,nan,nan,nan,nan,gradient_boosting,gradient_boosting,0.006209395383117672,nan,nan,nan,nan,nan,nan,nan,0.05,0.26716666666666666,0.9166666666666666,0.1715533374922021,47,341,0.15666666666666668,0.21272613849033062,0.006569501650552666,0.006569501650552666,0.0,0.02580141829476709,0.02580141829476709,0.0,0.538054056634812,0.538054056634812,0.4122734921886182,0.4122734921886182
m01-j0037,manifest.tsv,dml2_real_real_digits_misaligned_cui_selective_ml_n6000_s0_chunk12.reps.csv,real_digits_misaligned,box,6000,0.05,0.0,estimated_residual_lowp_supported,cui_selective_ml,estimated,xgboost,xgboost,if_residual,1.0,0.0|0.25|0.5|1.0,aipw_variance,-1.0,1.0,obsval,4.0,0.1,30,0.1,crossfit_rank_empty_standdown,1.0,4,50,4,5316.476348391734,-0.04571682591937953,-0.04571682591937953,-0.04571682591937953,0.0,0.0001180121324458785,-0.0001531648826531651,0.0,nan,0.0,reference,nan,nan,nan,nan,nan,gradient_boosting,gradient_boosting,0.0030609046383313233,nan,nan,nan,nan,nan,nan,nan,0.1,0.268,0.92,0.34328358208955223,73,310,0.12166666666666667,0.1927860696517413,0.008623942343714506,0.008623942343714506,0.0,0.016033086950818055,0.016033086950818055,0.0,0.46836971794974996,0.46836971794974996,0.4115155318956811,0.4115155318956811
m01-j0038,manifest.tsv,dml2_real_real_digits_misaligned_cui_selective_ml_n6000_s0_chunk13.reps.csv,real_digits_misaligned,box,6000,0.05,0.0,estimated_residual_lowp_supported,cui_selective_ml,estimated,xgboost,xgboost,if_residual,1.0,0.0|0.25|0.5|1.0,aipw_variance,-1.0,1.0,obsval,4.0,0.1,30,0.1,crossfit_rank_empty_standdown,1.0,4,50,1,1321.830343093723,0.018287907510040974,0.018287907510040974,0.018287907510040974,0.0,4.7362996455645656e-05,-5.124664711543656e-05,0.0,nan,0.0,reference,nan,nan,nan,nan,nan,gradient_boosting,gradient_boosting,0.00036221192508142003,nan,nan,nan,nan,nan,nan,nan,0.1,0.2776666666666667,0.9166666666666666,0.33013205282112845,93,338,0.155,0.2028811524609844,0.010771376593080393,0.010771376593080393,0.0,0.02424728498654922,0.02424728498654922,0.0,0.44547476534043096,0.44547476534043096,0.38400465967831143,0.38400465967831143
m01-j0038,manifest.tsv,dml2_real_real_digits_misaligned_cui_selective_ml_n6000_s0_chunk13.reps.csv,real_digits_misaligned,box,6000,0.05,0.0,estimated_residual_lowp_supported,cui_selective_ml,estimated,xgboost,xgboost,if_residual,1.0,0.0|0.25|0.5|1.0,aipw_variance,-1.0,1.0,obsval,4.0,0.1,30,0.1,crossfit_rank_empty_standdown,1.0,4,50,2,2647.3024714645,-0.018679844328798517,-0.0211137758585003,-0.018679844328798517,-0.0024339315297017827,0.0002716029608494676,-0.00032456102228601094,0.0,nan,0.25,if_residual,nan,nan,nan,nan,nan,gradient_boosting,lasso,0.0134475928373853,nan,nan,nan,nan,nan,nan,nan,0.1,0.26766666666666666,0.9183333333333333,0.34308841843088417,77,328,0.12833333333333333,0.20423412204234123,0.008070435230273152,0.005065762964873279,0.003004672265399873,0.013669257728485106,0.009271635252442463,0.004397622476042643,0.45481319394995584,0.44281009636418306,0.43174481137825155,0.4293350711943132
m01-j0038,manifest.tsv,dml2_real_real_digits_misaligned_cui_selective_ml_n6000_s0_chunk13.reps.csv,real_digits_misaligned,box,6000,0.05,0.0,estimated_residual_lowp_supported,cui_selective_ml,estimated,xgboost,xgboost,if_residual,1.0,0.0|0.25|0.5|1.0,aipw_variance,-1.0,1.0,obsval,4.0,0.1,30,0.1,crossfit_rank_empty_standdown,1.0,4,50,3,4007.9487030422315,0.05187615603097065,0.05187615603097065,0.05187615603097065,0.0,0.00011573385620896465,-0.00010642432766748021,0.0,nan,0.0,reference,nan,nan,nan,nan,nan,gradient_boosting,gradient_boosting,0.007912292692747066,nan,nan,nan,nan,nan,nan,nan,0.075,0.2765,0.9333333333333333,0.25316455696202533,57,335,0.12666666666666668,0.20192887281494876,0.008075389862207051,0.008075389862207051,0.0,0.020859311964902774,0.020859311964902774,0.0,0.5155621625067688,0.5155621625067688,0.4402074860081461,0.4402074860081461
m01-j0038,manifest.tsv,dml2_real_real_digits_misaligned_cui_selective_ml_n6000_s0_chunk13.reps.csv,real_digits_misaligned,box,6000,0.05,0.0,estimated_residual_lowp_supported,cui_selective_ml,estimated,xgboost,xgboost,if_residual,1.0,0.0|0.25|0.5|1.0,aipw_variance,-1.0,1.0,obsval,4.0,0.1,30,0.1,crossfit_rank_empty_standdown,1.0,4,50,4,5294.691195388325,0.01095821867994784,0.01095821867994784,0.01095821867994784,0.0,0.00013386120702494437,-0.00017558818263985784,0.0,nan,0.0,reference,nan,nan,nan,nan,nan,gradient_boosting,lasso,0.020855161068262146,nan,nan,nan,nan,nan,nan,nan,0.1,0.27066666666666667,0.92,0.3399014778325123,83,340,0.13833333333333334,0.20935960591133004,0.005154441862658205,0.005154441862658205,0.0,0.009994329641215747,0.009994329641215747,0.0,0.2589902540799082,0.2589902540799082,0.24264767426262665,0.24264767426262665
m01-j0039,manifest.tsv,dml2_real_real_digits_misaligned_cui_selective_ml_n6000_s0_chunk14.reps.csv,real_digits_misaligned,box,6000,0.05,0.0,estimated_residual_lowp_supported,cui_selective_ml,estimated,xgboost,xgboost,if_residual,1.0,0.0|0.25|0.5|1.0,aipw_variance,-1.0,1.0,obsval,4.0,0.1,30,0.1,crossfit_rank_empty_standdown,1.0,4,50,1,1323.598620776087,0.03628663485321998,0.03628663485321998,0.03628663485321998,0.0,0.00010421670266568049,-0.00010912527456576667,0.0,nan,0.0,reference,nan,nan,nan,nan,nan,gradient_boosting,gradient_boosting,0.03369326053726043,nan,nan,nan,nan,nan,nan,nan,0.1,0.2768333333333333,0.9283333333333333,0.3353401565322095,82,354,0.13666666666666666,0.21312462372065022,0.009862288313558523,0.009862288313558523,0.0,0.021741599456532687,0.021741599456532687,0.0,0.46672989794594616,0.46672989794594616,0.41398133771882195,0.41398133771882195
m01-j0039,manifest.tsv,dml2_real_real_digits_misaligned_cui_selective_ml_n6000_s0_chunk14.reps.csv,real_digits_misaligned,box,6000,0.05,0.0,estimated_residual_lowp_supported,cui_selective_ml,estimated,xgboost,xgboost,if_residual,1.0,0.0|0.25|0.5|1.0,aipw_variance,-1.0,1.0,obsval,4.0,0.1,30,0.1,crossfit_rank_empty_standdown,1.0,4,50,2,2646.626291337423,-0.010213274553843882,-0.010213274553843882,-0.010213274553843882,0.0,9.176728420018225e-05,-0.00011033345339019377,0.0,nan,0.0,reference,nan,nan,nan,nan,nan,logistic_l1,lasso,0.00038921323894761816,nan,nan,nan,nan,nan,nan,nan,0.0,0.2758333333333333,nan,0.0,0,325,nan,0.19637462235649547,0.0,0.0,0.0,0.6312534780326684,0.6312534780326684,0.0,nan,nan,0.47922325375838715,0.47922325375838715
m01-j0039,manifest.tsv,dml2_real_real_digits_misaligned_cui_selective_ml_n6000_s0_chunk14.reps.csv,real_digits_misaligned,box,6000,0.05,0.0,estimated_residual_lowp_supported,cui_selective_ml,estimated,xgboost,xgboost,if_residual,1.0,0.0|0.25|0.5|1.0,aipw_variance,-1.0,1.0,obsval,4.0,0.1,30,0.1,crossfit_rank_empty_standdown,1.0,4,50,3,4016.797903638333,-0.0700535038518815,-0.0700535038518815,-0.0700535038518815,0.0,0.00020815448316407548,-0.0002705554846480064,0.0,nan,0.0,reference,nan,nan,nan,nan,nan,logistic_l1,gradient_boosting,0.03018937816854326,nan,nan,nan,nan,nan,nan,nan,0.0,0.2658333333333333,nan,0.0,0,327,nan,0.20501567398119122,0.0,0.0,0.0,-177.7029797917866,-177.7029797917866,0.0,nan,nan,0.4325983688883668,0.4325983688883668
m01-j0039,manifest.tsv,dml2_real_real_digits_misaligned_cui_selective_ml_n6000_s0_chunk14.reps.csv,real_digits_misaligned,box,6000,0.05,0.0,estimated_residual_lowp_supported,cui_selective_ml,estimated,xgboost,xgboost,if_residual,1.0,0.0|0.25|0.5|1.0,aipw_variance,-1.0,1.0,obsval,4.0,0.1,30,0.1,crossfit_rank_empty_standdown,1.0,4,50,4,5309.740285974927,0.04704398389769915,0.04704398389769915,0.04704398389769915,0.0,0.00010431509987717945,-0.00011365339847125167,0.0,nan,0.0,reference,nan,nan,nan,nan,nan,gradient_boosting,gradient_boosting,0.006448153605292799,nan,nan,nan,nan,nan,nan,nan,0.0,0.27316666666666667,nan,0.0,0,325,nan,0.19829164124466137,0.0,0.0,0.0,0.02571406976549908,0.02571406976549908,0.0,nan,nan,0.40758954344664305,0.40758954344664305
m01-j0040,manifest.tsv,dml2_real_real_digits_misaligned_cui_selective_ml_n6000_s0_chunk15.reps.csv,real_digits_misaligned,box,6000,0.05,0.0,estimated_residual_lowp_supported,cui_selective_ml,estimated,xgboost,xgboost,if_residual,1.0,0.0|0.25|0.5|1.0,aipw_variance,-1.0,1.0,obsval,4.0,0.1,30,0.1,crossfit_rank_empty_standdown,1.0,4,50,1,1355.8968579098582,0.025090005946160454,0.025090005946160454,0.025090005946160454,0.0,0.00012061702180109581,-0.00012913378767657015,0.0,nan,0.0,reference,nan,nan,nan,nan,nan,logistic_l1,lasso,0.0006603260459644076,nan,nan,nan,nan,nan,nan,nan,0.0,0.27616666666666667,nan,0.0,0,346,nan,0.2088111044055522,0.0,0.0,0.0,-149.08715583480793,-149.08715583480793,0.0,nan,nan,0.42781672826391703,0.42781672826391703
m01-j0040,manifest.tsv,dml2_real_real_digits_misaligned_cui_selective_ml_n6000_s0_chunk15.reps.csv,real_digits_misaligned,box,6000,0.05,0.0,estimated_residual_lowp_supported,cui_selective_ml,estimated,xgboost,xgboost,if_residual,1.0,0.0|0.25|0.5|1.0,aipw_variance,-1.0,1.0,obsval,4.0,0.1,30,0.1,crossfit_rank_empty_standdown,1.0,4,50,2,2684.273896626197,0.018587326564651174,0.018587326564651174,0.018587326564651174,0.0,0.00017087101978491455,-0.00012870242500560088,0.0,nan,0.0,reference,nan,nan,nan,nan,nan,gradient_boosting,gradient_boosting,0.216779973016772,nan,nan,nan,nan,nan,nan,nan,0.0,0.2715,nan,0.0,0,321,nan,0.19705340699815838,0.0,0.0,0.0,0.0186666721455413,0.0186666721455413,0.0,nan,nan,0.3946476946671589,0.3946476946671589
m01-j0040,manifest.tsv,dml2_real_real_digits_misaligned_cui_selective_ml_n6000_s0_chunk15.reps.csv,real_digits_misaligned,box,6000,0.05,0.0,estimated_residual_lowp_supported,cui_selective_ml,estimated,xgboost,xgboost,if_residual,1.0,0.0|0.25|0.5|1.0,aipw_variance,-1.0,1.0,obsval,4.0,0.1,30,0.1,crossfit_rank_empty_standdown,1.0,4,50,3,4032.390257190913,0.031878848290588735,0.031878848290588735,0.031878848290588735,0.0,0.000104714827628313,-0.00019790569608952062,0.0,nan,0.0,reference,nan,nan,nan,nan,nan,gradient_boosting,gradient_boosting,50.443945617782916,nan,nan,nan,nan,nan,nan,nan,0.1,0.2683333333333333,0.925,0.3447204968944099,79,311,0.13166666666666665,0.19316770186335402,0.016340136171215117,0.016340136171215117,0.0,0.0264720913291922,0.0264720913291922,0.0,0.5518333809778774,0.5518333809778774,0.4593970001769209,0.4593970001769209
m01-j0040,manifest.tsv,dml2_real_real_digits_misaligned_cui_selective_ml_n6000_s0_chunk15.reps.csv,real_digits_misaligned,box,6000,0.05,0.0,estimated_residual_lowp_supported,cui_selective_ml,estimated,xgboost,xgboost,if_residual,1.0,0.0|0.25|0.5|1.0,aipw_variance,-1.0,1.0,obsval,4.0,0.1,30,0.1,crossfit_rank_empty_standdown,1.0,4,50,4,5333.743766658008,0.08310904105696035,0.08310904105696035,0.08310904105696035,0.0,8.786351411201629e-05,-0.00011285635361308374,0.0,nan,0.0,reference,nan,nan,nan,nan,nan,gradient_boosting,lasso,0.035663877815898734,nan,nan,nan,nan,nan,nan,nan,0.0,0.27516666666666667,nan,0.0,0,323,nan,0.1956390066626287,0.0,0.0,0.0,0.026466033563349797,0.026466033563349797,0.0,nan,nan,0.45368290485108975,0.45368290485108975
m01-j0041,manifest.tsv,dml2_real_real_digits_misaligned_cui_selective_ml_n6000_s0_chunk16.reps.csv,real_digits_misaligned,box,6000,0.05,0.0,estimated_residual_lowp_supported,cui_selective_ml,estimated,xgboost,xgboost,if_residual,1.0,0.0|0.25|0.5|1.0,aipw_variance,-1.0,1.0,obsval,4.0,0.1,30,0.1,crossfit_rank_empty_standdown,1.0,4,50,1,1369.0223095528781,0.033484964559244795,0.033484964559244795,0.033484964559244795,0.0,6.840847181756229e-05,-0.00018007812902990326,0.0,nan,0.0,reference,nan,nan,nan,nan,nan,gradient_boosting,gradient_boosting,727.2519405333794,nan,nan,nan,nan,nan,nan,nan,0.0,0.26216666666666666,nan,0.0,0,345,nan,0.2193261284170375,0.0,0.0,0.0,0.023621889094564332,0.023621889094564332,0.0,nan,nan,0.4683305708971427,0.4683305708971427
m01-j0041,manifest.tsv,dml2_real_real_digits_misaligned_cui_selective_ml_n6000_s0_chunk16.reps.csv,real_digits_misaligned,box,6000,0.05,0.0,estimated_residual_lowp_supported,cui_selective_ml,estimated,xgboost,xgboost,if_residual,1.0,0.0|0.25|0.5|1.0,aipw_variance,-1.0,1.0,obsval,4.0,0.1,30,0.1,crossfit_rank_empty_standdown,1.0,4,50,2,2676.2399262916297,0.04335541660669007,0.04335541660669007,0.04335541660669007,0.0,0.00019337399583545505,-0.00017044916196097852,0.0,nan,0.0,reference,nan,nan,nan,nan,nan,gradient_boosting,random_forest,0.0027906533850379912,nan,nan,nan,nan,nan,nan,nan,0.0,0.274,nan,0.0,0,308,nan,0.1873479318734793,0.0,0.0,0.0,0.028653012237396133,0.028653012237396133,0.0,nan,nan,0.4367597916700173,0.4367597916700173
m01-j0041,manifest.tsv,dml2_real_real_digits_misaligned_cui_selective_ml_n6000_s0_chunk16.reps.csv,real_digits_misaligned,box,6000,0.05,0.0,estimated_residual_lowp_supported,cui_selective_ml,estimated,xgboost,xgboost,if_residual,1.0,0.0|0.25|0.5|1.0,aipw_variance,-1.0,1.0,obsval,4.0,0.1,30,0.1,crossfit_rank_empty_standdown,1.0,4,50,3,3998.447609981522,0.03538123510814842,0.03538123510814842,0.03538123510814842,0.0,0.00034341758796171615,-0.00047632639993025114,0.0,nan,0.0,reference,nan,nan,nan,nan,nan,gradient_boosting,gradient_boosting,0.7729978750049539,nan,nan,nan,nan,nan,nan,nan,0.0,0.2743333333333333,nan,0.0,0,337,nan,0.20473876063183474,0.0,0.0,0.0,0.020733563953384673,0.020733563953384673,0.0,nan,nan,0.4229381579491577,0.4229381579491577
m01-j0041,manifest.tsv,dml2_real_real_digits_misaligned_cui_selective_ml_n6000_s0_chunk16.reps.csv,real_digits_misaligned,box,6000,0.05,0.0,estimated_residual_lowp_supported,cui_selective_ml,estimated,xgboost,xgboost,if_residual,1.0,0.0|0.25|0.5|1.0,aipw_variance,-1.0,1.0,obsval,4.0,0.1,30,0.1,crossfit_rank_empty_standdown,1.0,4,50,4,5274.233132664114,-0.04997158840488236,-0.04997158840488236,-0.04997158840488236,0.0,0.00010966595494478698,-0.000234263990001335,0.0,nan,0.0,reference,nan,nan,nan,nan,nan,gradient_boosting,lasso,28.266084279069876,nan,nan,nan,nan,nan,nan,nan,0.05,0.2718333333333333,0.93,0.17106069895769466,47,320,0.15666666666666668,0.19619865113427346,0.0002800215254978777,0.0002800215254978777,0.0,0.00615619117614984,0.00615619117614984,0.0,0.6445348516365157,0.6445348516365157,0.42997018615181903,0.42997018615181903
m01-j0042,manifest.tsv,dml2_real_real_digits_misaligned_cui_selective_ml_n6000_s0_chunk17.reps.csv,real_digits_misaligned,box,6000,0.05,0.0,estimated_residual_lowp_supported,cui_selective_ml,estimated,xgboost,xgboost,if_residual,1.0,0.0|0.25|0.5|1.0,aipw_variance,-1.0,1.0,obsval,4.0,0.1,30,0.1,crossfit_rank_empty_standdown,1.0,4,50,1,1312.049115714617,0.0052679446201571445,0.0052679446201571445,0.0052679446201571445,0.0,0.00016115172690312277,-0.00013062586480289161,0.0,nan,0.0,reference,nan,nan,nan,nan,nan,gradient_boosting,lasso,201327.53904090112,nan,nan,nan,nan,nan,nan,nan,0.075,0.26966666666666667,0.9155555555555556,0.2546353522867738,80,309,0.17777777777777778,0.19097651421508036,0.00842463103394196,0.00842463103394196,0.0,0.017735175852491458,0.017735175852491458,0.0,0.596822365031359,0.596822365031359,0.4892459990636604,0.4892459990636604
m01-j0042,manifest.tsv,dml2_real_real_digits_misaligned_cui_selective_ml_n6000_s0_chunk17.reps.csv,real_digits_misaligned,box,6000,0.05,0.0,estimated_residual_lowp_supported,cui_selective_ml,estimated,xgboost,xgboost,if_residual,1.0,0.0|0.25|0.5|1.0,aipw_variance,-1.0,1.0,obsval,4.0,0.1,30,0.1,crossfit_rank_empty_standdown,1.0,4,50,2,2619.2311214180663,0.056391556041198915,0.056391556041198915,0.056391556041198915,0.0,0.00020930929638580953,-0.00019516614911540024,0.0,nan,0.0,reference,nan,nan,nan,nan,nan,random_forest,lasso,0.006391810060493909,nan,nan,nan,nan,nan,nan,nan,0.0,0.2771666666666667,nan,0.0,0,343,nan,0.20625375826819,0.0,0.0,0.0,0.038439745621579355,0.038439745621579355,0.0,nan,nan,0.7360097676093263,0.7360097676093263
m01-j0042,manifest.tsv,dml2_real_real_digits_misaligned_cui_selective_ml_n6000_s0_chunk17.reps.csv,real_digits_misaligned,box,6000,0.05,0.0,estimated_residual_lowp_supported,cui_selective_ml,estimated,xgboost,xgboost,if_residual,1.0,0.0|0.25|0.5|1.0,aipw_variance,-1.0,1.0,obsval,4.0,0.1,30,0.1,crossfit_rank_empty_standdown,1.0,4,50,3,3944.0390038890764,0.001052616210893642,0.001052616210893642,0.001052616210893642,0.0,0.000120712150602447,-0.00010646620022318302,0.0,nan,0.0,reference,nan,nan,nan,nan,nan,gradient_boosting,gradient_boosting,0.009474608624492002,nan,nan,nan,nan,nan,nan,nan,0.05,0.2715,0.9366666666666666,0.17249846531614488,33,303,0.11,0.1860036832412523,0.004000297364632501,0.004000297364632501,0.0,0.016846304944421915,0.016846304944421915,0.0,0.43303422780295026,0.43303422780295026,0.4009323905253426,0.4009323905253426
m01-j0042,manifest.tsv,dml2_real_real_digits_misaligned_cui_selective_ml_n6000_s0_chunk17.reps.csv,real_digits_misaligned,box,6000,0.05,0.0,estimated_residual_lowp_supported,cui_selective_ml,estimated,xgboost,xgboost,if_residual,1.0,0.0|0.25|0.5|1.0,aipw_variance,-1.0,1.0,obsval,4.0,0.1,30,0.1,crossfit_rank_empty_standdown,1.0,4,50,4,5264.440304629505,0.052048140165779494,0.052048140165779494,0.052048140165779494,0.0,0.00020296621343621115,-0.0003281894498043767,0.0,nan,0.0,reference,nan,nan,nan,nan,nan,gradient_boosting,lasso,0.002036230829142793,nan,nan,nan,nan,nan,nan,nan,0.0,0.2733333333333333,nan,0.0,0,340,nan,0.2073170731707317,0.0,0.0,0.0,0.022116144375829993,0.022116144375829993,0.0,nan,nan,0.37809898430471084,0.37809898430471084
m01-j0043,manifest.tsv,dml2_real_real_digits_misaligned_cui_selective_ml_n6000_s0_chunk18.reps.csv,real_digits_misaligned,box,6000,0.05,0.0,estimated_residual_lowp_supported,cui_selective_ml,estimated,xgboost,xgboost,if_residual,1.0,0.0|0.25|0.5|1.0,aipw_variance,-1.0,1.0,obsval,4.0,0.1,30,0.1,crossfit_rank_empty_standdown,1.0,4,50,1,1338.474385632202,-0.00678951878372086,-0.00678951878372086,-0.00678951878372086,0.0,0.00013587390893429665,-6.466206181237726e-05,0.0,nan,0.0,reference,nan,nan,nan,nan,nan,gradient_boosting,gradient_boosting,113.69293231515192,nan,nan,nan,nan,nan,nan,nan,0.075,0.27316666666666667,0.9088888888888889,0.24954240390482002,66,328,0.14666666666666667,0.20012202562538134,0.007444786406042272,0.007444786406042272,0.0,0.022601773166298262,0.022601773166298262,0.0,0.4651037514831069,0.4651037514831069,0.43174738604573626,0.43174738604573626
m01-j0043,manifest.tsv,dml2_real_real_digits_misaligned_cui_selective_ml_n6000_s0_chunk18.reps.csv,real_digits_misaligned,box,6000,0.05,0.0,estimated_residual_lowp_supported,cui_selective_ml,estimated,xgboost,xgboost,if_residual,1.0,0.0|0.25|0.5|1.0,aipw_variance,-1.0,1.0,obsval,4.0,0.1,30,0.1,crossfit_rank_empty_standdown,1.0,4,50,2,2678.235413879156,0.023698885140749526,0.023698885140749526,0.023698885140749526,0.0,4.613306332358993e-05,-3.0810013152113985e-05,0.0,nan,0.0,reference,nan,nan,nan,nan,nan,gradient_boosting,gradient_boosting,30772.21881454562,nan,nan,nan,nan,nan,nan,nan,0.0,0.26416666666666666,nan,0.0,0,346,nan,0.21829652996845425,0.0,0.0,0.0,0.025955165776975528,0.025955165776975528,0.0,nan,nan,0.4541082169293554,0.4541082169293554
m01-j0043,manifest.tsv,dml2_real_real_digits_misaligned_cui_selective_ml_n6000_s0_chunk18.reps.csv,real_digits_misaligned,box,6000,0.05,0.0,estimated_residual_lowp_supported,cui_selective_ml,estimated,xgboost,xgboost,if_residual,1.0,0.0|0.25|0.5|1.0,aipw_variance,-1.0,1.0,obsval,4.0,0.1,30,0.1,crossfit_rank_empty_standdown,1.0,4,50,3,4033.4918051417917,0.008559311418778942,0.008559311418778942,0.008559311418778942,0.0,7.261976716789464e-05,-0.00011850137543819488,0.0,nan,0.0,reference,nan,nan,nan,nan,nan,gradient_boosting,gradient_boosting,0.023360163395133148,nan,nan,nan,nan,nan,nan,nan,0.1,0.273,0.9066666666666666,0.3321123321123321,89,348,0.14833333333333334,0.21245421245421245,0.011973786948198374,0.011973786948198374,0.0,0.02360776795650916,0.02360776795650916,0.0,0.43980304359444183,0.43980304359444183,0.389272130466189,0.389272130466189
m01-j0043,manifest.tsv,dml2_real_real_digits_misaligned_cui_selective_ml_n6000_s0_chunk18.reps.csv,real_digits_misaligned,box,6000,0.05,0.0,estimated_residual_lowp_supported,cui_selective_ml,estimated,xgboost,xgboost,if_residual,1.0,0.0|0.25|0.5|1.0,aipw_variance,-1.0,1.0,obsval,4.0,0.1,30,0.1,crossfit_rank_empty_standdown,1.0,4,50,4,5329.370990152471,-0.0016154826200576455,-0.0016154826200576455,-0.0016154826200576455,0.0,0.00017489790852468607,-0.0002037867887632256,0.0,nan,0.0,reference,nan,nan,nan,nan,nan,gradient_boosting,gradient_boosting,251195.5822859759,nan,nan,nan,nan,nan,nan,nan,0.0,0.2753333333333333,nan,0.0,0,332,nan,0.2009685230024213,0.0,0.0,0.0,0.018107245336917335,0.018107245336917335,0.0,nan,nan,0.40849226315289694,0.40849226315289694
m01-j0044,manifest.tsv,dml2_real_real_digits_misaligned_cui_selective_ml_n6000_s0_chunk19.reps.csv,real_digits_misaligned,box,6000,0.05,0.0,estimated_residual_lowp_supported,cui_selective_ml,estimated,xgboost,xgboost,if_residual,1.0,0.0|0.25|0.5|1.0,aipw_variance,-1.0,1.0,obsval,4.0,0.1,30,0.1,crossfit_rank_empty_standdown,1.0,4,50,1,1290.6546173477545,-0.056259665460347774,-0.059032336251434836,-0.056259665460347774,-0.002772670791087062,0.00014996619498881824,-0.00010311995575386937,0.0,nan,0.25,if_residual,nan,nan,nan,nan,nan,gradient_boosting,lasso,6.834693859492794,nan,nan,nan,nan,nan,nan,nan,0.0,0.281,nan,0.0,0,345,nan,0.20462633451957296,0.0,0.0,0.0,0.008352743543724856,0.005280440563677681,0.003072302980047175,nan,nan,0.3675139644513414,0.3773065556074912
m01-j0044,manifest.tsv,dml2_real_real_digits_misaligned_cui_selective_ml_n6000_s0_chunk19.reps.csv,real_digits_misaligned,box,6000,0.05,0.0,estimated_residual_lowp_supported,cui_selective_ml,estimated,xgboost,xgboost,if_residual,1.0,0.0|0.25|0.5|1.0,aipw_variance,-1.0,1.0,obsval,4.0,0.1,30,0.1,crossfit_rank_empty_standdown,1.0,4,50,2,2617.891965318471,-0.007130082070556071,-0.007130082070556071,-0.007130082070556071,0.0,7.790830132643506e-05,-7.606976545770965e-05,0.0,nan,0.0,reference,nan,nan,nan,nan,nan,gradient_boosting,lasso,4222.466040402603,nan,nan,nan,nan,nan,nan,nan,0.1,0.2763333333333333,0.9166666666666666,0.33172496984318456,92,350,0.15333333333333332,0.21109770808202655,0.010573092740257695,0.010573092740257695,0.0,0.017662899126388514,0.017662899126388514,0.0,0.3671413153794613,0.3671413153794613,0.3212180753469431,0.3212180753469431
m01-j0044,manifest.tsv,dml2_real_real_digits_misaligned_cui_selective_ml_n6000_s0_chunk19.reps.csv,real_digits_misaligned,box,6000,0.05,0.0,estimated_residual_lowp_supported,cui_selective_ml,estimated,xgboost,xgboost,if_residual,1.0,0.0|0.25|0.5|1.0,aipw_variance,-1.0,1.0,obsval,4.0,0.1,30,0.1,crossfit_rank_empty_standdown,1.0,4,50,3,3952.8102742768824,0.00162083430177562,0.00162083430177562,0.00162083430177562,0.0,0.00015522047334248844,-0.00017808808788789224,0.0,nan,0.0,reference,nan,nan,nan,nan,nan,gradient_boosting,gradient_boosting,1042309.7832349276,nan,nan,nan,nan,nan,nan,nan,0.0,0.2803333333333333,nan,0.0,0,316,nan,0.187871581450654,0.0,0.0,0.0,0.02060333706479315,0.02060333706479315,0.0,nan,nan,0.40919123612545705,0.40919123612545705
m01-j0044,manifest.tsv,dml2_real_real_digits_misaligned_cui_selective_ml_n6000_s0_chunk19.reps.csv,real_digits_misaligned,box,6000,0.05,0.0,estimated_residual_lowp_supported,cui_selective_ml,estimated,xgboost,xgboost,if_residual,1.0,0.0|0.25|0.5|1.0,aipw_variance,-1.0,1.0,obsval,4.0,0.1,30,0.1,crossfit_rank_empty_standdown,1.0,4,50,4,5237.005215095356,0.022936409519103473,0.022936409519103473,0.022936409519103473,0.0,0.00018396475763212024,-0.00024357286922719354,0.0,nan,0.0,reference,nan,nan,nan,nan,nan,gradient_boosting,lasso,0.001396590193836507,nan,nan,nan,nan,nan,nan,nan,0.0,0.278,nan,0.0,0,308,nan,0.18465227817745802,0.0,0.0,0.0,0.011132971956764392,0.011132971956764392,0.0,nan,nan,0.4491517845391722,0.4491517845391722
m01-j0045,manifest.tsv,dml2_real_real_digits_misaligned_cui_selective_ml_n6000_s0_chunk20.reps.csv,real_digits_misaligned,box,6000,0.05,0.0,estimated_residual_lowp_supported,cui_selective_ml,estimated,xgboost,xgboost,if_residual,1.0,0.0|0.25|0.5|1.0,aipw_variance,-1.0,1.0,obsval,4.0,0.1,30,0.1,crossfit_rank_empty_standdown,1.0,4,50,1,1344.6934099989012,-0.009624358453820675,-0.009624358453820675,-0.009624358453820675,0.0,0.00022522410248685472,-0.00020342175095870762,0.0,nan,0.0,reference,nan,nan,nan,nan,nan,gradient_boosting,random_forest,0.08397404047943377,nan,nan,nan,nan,nan,nan,nan,0.0,0.27216666666666667,nan,0.0,0,325,nan,0.19902020820575628,0.0,0.0,0.0,0.02528371190943541,0.02528371190943541,0.0,nan,nan,0.4282915239790326,0.4282915239790326
m01-j0045,manifest.tsv,dml2_real_real_digits_misaligned_cui_selective_ml_n6000_s0_chunk20.reps.csv,real_digits_misaligned,box,6000,0.05,0.0,estimated_residual_lowp_supported,cui_selective_ml,estimated,xgboost,xgboost,if_residual,1.0,0.0|0.25|0.5|1.0,aipw_variance,-1.0,1.0,obsval,4.0,0.1,30,0.1,crossfit_rank_empty_standdown,1.0,4,50,2,2704.5428614504635,0.05871409284912024,0.05871409284912024,0.05871409284912024,0.0,9.35338827563624e-05,-0.00012367756516762623,0.0,nan,0.0,reference,nan,nan,nan,nan,nan,gradient_boosting,lasso,0.0009157013908787417,nan,nan,nan,nan,nan,nan,nan,0.0,0.27116666666666667,nan,0.0,0,320,nan,0.19668100799016594,0.0,0.0,0.0,0.018264162827085068,0.018264162827085068,0.0,nan,nan,0.5756315815106084,0.5756315815106084
m01-j0045,manifest.tsv,dml2_real_real_digits_misaligned_cui_selective_ml_n6000_s0_chunk20.reps.csv,real_digits_misaligned,box,6000,0.05,0.0,estimated_residual_lowp_supported,cui_selective_ml,estimated,xgboost,xgboost,if_residual,1.0,0.0|0.25|0.5|1.0,aipw_variance,-1.0,1.0,obsval,4.0,0.1,30,0.1,crossfit_rank_empty_standdown,1.0,4,50,3,4020.5091651044786,0.06717644067541972,0.06717644067541972,0.06717644067541972,0.0,7.08618328466241e-05,-9.99649148875929e-05,0.0,nan,0.0,reference,nan,nan,nan,nan,nan,gradient_boosting,lasso,0.02255796671009485,nan,nan,nan,nan,nan,nan,nan,0.1,0.267,0.9383333333333334,0.35143570536828966,78,295,0.13,0.18414481897627966,0.016896791099584765,0.016896791099584765,0.0,0.02676189294032059,0.02676189294032059,0.0,1.1746740387366577,1.1746740387366577,0.8559344973356476,0.8559344973356476
m01-j0045,manifest.tsv,dml2_real_real_digits_misaligned_cui_selective_ml_n6000_s0_chunk20.reps.csv,real_digits_misaligned,box,6000,0.05,0.0,estimated_residual_lowp_supported,cui_selective_ml,estimated,xgboost,xgboost,if_residual,1.0,0.0|0.25|0.5|1.0,aipw_variance,-1.0,1.0,obsval,4.0,0.1,30,0.1,crossfit_rank_empty_standdown,1.0,4,50,4,5337.193655407056,0.04941300812826491,0.04941300812826491,0.04941300812826491,0.0,0.00015854540115300964,-0.00020831596347161796,0.0,nan,0.0,reference,nan,nan,nan,nan,nan,gradient_boosting,gradient_boosting,0.058023896382007195,nan,nan,nan,nan,nan,nan,nan,0.0,0.2713333333333333,nan,0.0,0,328,nan,0.20147420147420148,0.0,0.0,0.0,0.02864785161085703,0.02864785161085703,0.0,nan,nan,0.44644307815299883,0.44644307815299883
m01-j0046,manifest.tsv,dml2_real_real_digits_misaligned_cui_selective_ml_n6000_s0_chunk21.reps.csv,real_digits_misaligned,box,6000,0.05,0.0,estimated_residual_lowp_supported,cui_selective_ml,estimated,xgboost,xgboost,if_residual,1.0,0.0|0.25|0.5|1.0,aipw_variance,-1.0,1.0,obsval,4.0,0.1,30,0.1,crossfit_rank_empty_standdown,1.0,4,50,1,1317.215016069822,0.02834257437922763,0.02834257437922763,0.02834257437922763,0.0,5.883345451020432e-05,-7.346077056344152e-05,0.0,nan,0.0,reference,nan,nan,nan,nan,nan,logistic_l1,gradient_boosting,0.0005419945460194269,nan,nan,nan,nan,nan,nan,nan,0.1,0.2745,0.9416666666666667,0.3430479659987857,87,297,0.145,0.18032786885245902,-3.4957848224956796,-3.4957848224956796,0.0,-34.41491014561179,-34.41491014561179,0.0,0.4877099075761608,0.4877099075761608,0.43247817094180974,0.43247817094180974
m01-j0046,manifest.tsv,dml2_real_real_digits_misaligned_cui_selective_ml_n6000_s0_chunk21.reps.csv,real_digits_misaligned,box,6000,0.05,0.0,estimated_residual_lowp_supported,cui_selective_ml,estimated,xgboost,xgboost,if_residual,1.0,0.0|0.25|0.5|1.0,aipw_variance,-1.0,1.0,obsval,4.0,0.1,30,0.1,crossfit_rank_empty_standdown,1.0,4,50,2,2619.9678318575025,0.04332735810180119,0.04332735810180119,0.04332735810180119,0.0,9.684344798568858e-05,-0.00013621176694185802,0.0,nan,0.0,reference,nan,nan,nan,nan,nan,gradient_boosting,gradient_boosting,0.00106404693272052,nan,nan,nan,nan,nan,nan,nan,0.0,0.2793333333333333,nan,0.0,0,337,nan,0.20107398568019094,0.0,0.0,0.0,0.023920698208687433,0.023920698208687433,0.0,nan,nan,0.43915538663678455,0.43915538663678455
m01-j0046,manifest.tsv,dml2_real_real_digits_misaligned_cui_selective_ml_n6000_s0_chunk21.reps.csv,real_digits_misaligned,box,6000,0.05,0.0,estimated_residual_lowp_supported,cui_selective_ml,estimated,xgboost,xgboost,if_residual,1.0,0.0|0.25|0.5|1.0,aipw_variance,-1.0,1.0,obsval,4.0,0.1,30,0.1,crossfit_rank_empty_standdown,1.0,4,50,3,3955.244331275113,-0.023947708908823417,-0.023947708908823417,-0.023947708908823417,0.0,0.0001106825118816256,-0.0001448497125216921,0.0,nan,0.0,reference,nan,nan,nan,nan,nan,gradient_boosting,lasso,13657.48836003803,nan,nan,nan,nan,nan,nan,nan,0.1,0.2683333333333333,0.915,0.3409937888198758,82,334,0.13666666666666666,0.20745341614906831,0.0038587233380754176,0.0038587233380754176,0.0,0.006357395622083123,0.006357395622083123,0.0,0.5050825011377493,0.5050825011377493,0.36014774672424715,0.36014774672424715
m01-j0046,manifest.tsv,dml2_real_real_digits_misaligned_cui_selective_ml_n6000_s0_chunk21.reps.csv,real_digits_misaligned,box,6000,0.05,0.0,estimated_residual_lowp_supported,cui_selective_ml,estimated,xgboost,xgboost,if_residual,1.0,0.0|0.25|0.5|1.0,aipw_variance,-1.0,1.0,obsval,4.0,0.1,30,0.1,crossfit_rank_empty_standdown,1.0,4,50,4,5235.762140812352,0.012997217491198476,0.013162558390781731,0.012997217491198476,0.00016534089958325504,0.0002142829481074683,-0.00012811704183881656,0.0,nan,0.25,if_residual,nan,nan,nan,nan,nan,gradient_boosting,lasso,0.2231734629519101,nan,nan,nan,nan,nan,nan,nan,0.1,0.2723333333333333,0.9083333333333333,0.33353733170134636,95,353,0.15833333333333333,0.2160342717258262,0.013421291355019776,0.011035980627796798,0.002385310727222978,0.029982948879996415,0.02641944226259717,0.003563506617399244,0.41642960793548656,0.3927948981684113,0.3689407311492343,0.3571436541290575
m01-j0047,manifest.tsv,dml2_real_real_digits_misaligned_cui_selective_ml_n6000_s0_chunk22.reps.csv,real_digits_misaligned,box,6000,0.05,0.0,estimated_residual_lowp_supported,cui_selective_ml,estimated,xgboost,xgboost,if_residual,1.0,0.0|0.25|0.5|1.0,aipw_variance,-1.0,1.0,obsval,4.0,0.1,30,0.1,crossfit_rank_empty_standdown,1.0,4,50,1,1348.1467948686332,-0.030681311457397026,-0.030681311457397026,-0.030681311457397026,0.0,0.0001684322606856773,-0.00017009888063163655,0.0,nan,0.0,reference,nan,nan,nan,nan,nan,logistic_l1,lasso,0.001392269146442682,nan,nan,nan,nan,nan,nan,nan,0.1,0.2693333333333333,0.9366666666666666,0.34777227722772275,78,306,0.13,0.18935643564356436,12.660208243196214,12.660208243196214,0.0,12.683047213833692,12.683047213833692,0.0,0.5502607560124038,0.5502607560124038,0.48959268533048916,0.48959268533048916
m01-j0047,manifest.tsv,dml2_real_real_digits_misaligned_cui_selective_ml_n6000_s0_chunk22.reps.csv,real_digits_misaligned,box,6000,0.05,0.0,estimated_residual_lowp_supported,cui_selective_ml,estimated,xgboost,xgboost,if_residual,1.0,0.0|0.25|0.5|1.0,aipw_variance,-1.0,1.0,obsval,4.0,0.1,30,0.1,crossfit_rank_empty_standdown,1.0,4,50,2,2653.745502169244,0.030724266464179723,0.030724266464179723,0.030724266464179723,0.0,0.00021026648492381656,-0.0002921249842107391,0.0,nan,0.0,reference,nan,nan,nan,nan,nan,gradient_boosting,random_forest,0.002512215646758278,nan,nan,nan,nan,nan,nan,nan,0.1,0.27616666666666667,0.9433333333333334,0.3415811707905854,71,315,0.11833333333333333,0.19010259505129753,0.013728301746232276,0.013728301746232276,0.0,0.026267287073075615,0.026267287073075615,0.0,0.4492312954126536,0.4492312954126536,0.39404766663213325,0.39404766663213325
m01-j0047,manifest.tsv,dml2_real_real_digits_misaligned_cui_selective_ml_n6000_s0_chunk22.reps.csv,real_digits_misaligned,box,6000,0.05,0.0,estimated_residual_lowp_supported,cui_selective_ml,estimated,xgboost,xgboost,if_residual,1.0,0.0|0.25|0.5|1.0,aipw_variance,-1.0,1.0,obsval,4.0,0.1,30,0.1,crossfit_rank_empty_standdown,1.0,4,50,3,4002.725411894731,0.034973662165722924,0.034973662165722924,0.034973662165722924,0.0,0.00020639832133491787,-0.0002546421891194068,0.0,nan,0.0,reference,nan,nan,nan,nan,nan,gradient_boosting,gradient_boosting,0.010271789925218367,nan,nan,nan,nan,nan,nan,nan,0.1,0.2765,0.9333333333333333,0.33755274261603374,103,329,0.17166666666666666,0.19831223628691982,0.012418791545256507,0.012418791545256507,0.0,0.02402863391545983,0.02402863391545983,0.0,0.4739828092726522,0.4739828092726522,0.4010964411151422,0.4010964411151422
m01-j0047,manifest.tsv,dml2_real_real_digits_misaligned_cui_selective_ml_n6000_s0_chunk22.reps.csv,real_digits_misaligned,box,6000,0.05,0.0,estimated_residual_lowp_supported,cui_selective_ml,estimated,xgboost,xgboost,if_residual,1.0,0.0|0.25|0.5|1.0,aipw_variance,-1.0,1.0,obsval,4.0,0.1,30,0.1,crossfit_rank_empty_standdown,1.0,4,50,4,5298.041772593744,0.019042965726673244,0.019042965726673244,0.019042965726673244,0.0,0.00010209609957176824,-0.00023354358194445802,0.0,nan,0.0,reference,nan,nan,nan,nan,nan,logistic_l1,gradient_boosting,0.0010531632417162264,nan,nan,nan,nan,nan,nan,nan,0.05,0.275,0.9233333333333333,0.16787878787878788,52,349,0.17333333333333334,0.21151515151515152,-1.5917149110573727,-1.5917149110573727,0.0,-1.5942951697710466,-1.5942951697710466,0.0,0.4719239834685719,0.4719239834685719,0.40583940933597046,0.40583940933597046
m01-j0048,manifest.tsv,dml2_real_real_digits_misaligned_cui_selective_ml_n6000_s0_chunk23.reps.csv,real_digits_misaligned,box,6000,0.05,0.0,estimated_residual_lowp_supported,cui_selective_ml,estimated,xgboost,xgboost,if_residual,1.0,0.0|0.25|0.5|1.0,aipw_variance,-1.0,1.0,obsval,4.0,0.1,30,0.1,crossfit_rank_empty_standdown,1.0,4,50,1,1334.555330120027,-0.03416144664824533,-0.03416144664824533,-0.03416144664824533,0.0,0.00011319096019822214,-0.00017006461101884039,0.0,nan,0.0,reference,nan,nan,nan,nan,nan,gradient_boosting,random_forest,19.358676449767504,nan,nan,nan,nan,nan,nan,nan,0.05,0.2703333333333333,0.89,0.16461159062885328,56,324,0.18666666666666668,0.1997533908754624,0.005092181799156381,0.005092181799156381,0.0,0.021559327856078524,0.021559327856078524,0.0,0.4480945498639449,0.4480945498639449,0.37169926187856256,0.37169926187856256
m01-j0048,manifest.tsv,dml2_real_real_digits_misaligned_cui_selective_ml_n6000_s0_chunk23.reps.csv,real_digits_misaligned,box,6000,0.05,0.0,estimated_residual_lowp_supported,cui_selective_ml,estimated,xgboost,xgboost,if_residual,1.0,0.0|0.25|0.5|1.0,aipw_variance,-1.0,1.0,obsval,4.0,0.1,30,0.1,crossfit_rank_empty_standdown,1.0,4,50,2,2650.9716452797875,0.03600803629500002,0.03600803629500002,0.03600803629500002,0.0,0.0004043342644409857,-0.0003884323386501654,0.0,nan,0.0,reference,nan,nan,nan,nan,nan,gradient_boosting,gradient_boosting,3.5937577153658085,nan,nan,nan,nan,nan,nan,nan,0.0,0.2748333333333333,nan,0.0,0,312,nan,0.18920557913887204,0.0,0.0,0.0,0.02318214426068811,0.02318214426068811,0.0,nan,nan,0.4116963942669805,0.4116963942669805
m01-j0048,manifest.tsv,dml2_real_real_digits_misaligned_cui_selective_ml_n6000_s0_chunk23.reps.csv,real_digits_misaligned,box,6000,0.05,0.0,estimated_residual_lowp_supported,cui_selective_ml,estimated,xgboost,xgboost,if_residual,1.0,0.0|0.25|0.5|1.0,aipw_variance,-1.0,1.0,obsval,4.0,0.1,30,0.1,crossfit_rank_empty_standdown,1.0,4,50,3,4002.6429494209588,0.032378948799249796,0.032378948799249796,0.032378948799249796,0.0,0.0001013798087248156,-0.00011620995007473729,0.0,nan,0.0,reference,nan,nan,nan,nan,nan,gradient_boosting,lasso,114280.58168788563,nan,nan,nan,nan,nan,nan,nan,0.0,0.2728333333333333,nan,0.0,0,352,nan,0.21502748930971288,0.0,0.0,0.0,0.023371511871448064,0.023371511871448064,0.0,nan,nan,0.33826586467692477,0.33826586467692477
m01-j0048,manifest.tsv,dml2_real_real_digits_misaligned_cui_selective_ml_n6000_s0_chunk23.reps.csv,real_digits_misaligned,box,6000,0.05,0.0,estimated_residual_lowp_supported,cui_selective_ml,estimated,xgboost,xgboost,if_residual,1.0,0.0|0.25|0.5|1.0,aipw_variance,-1.0,1.0,obsval,4.0,0.1,30,0.1,crossfit_rank_empty_standdown,1.0,4,50,4,5296.782096623443,0.04651500057879965,0.04651500057879965,0.04651500057879965,0.0,7.864812189618223e-05,-9.28803066859583e-05,0.0,nan,0.0,reference,nan,nan,nan,nan,nan,gradient_boosting,random_forest,14.155147018619958,nan,nan,nan,nan,nan,nan,nan,0.075,0.273,0.9244444444444444,0.25396825396825395,51,338,0.11333333333333333,0.20634920634920634,0.014137446440841441,0.014137446440841441,0.0,0.03317265295801027,0.03317265295801027,0.0,0.5460178171627983,0.5460178171627983,0.43703655838383165,0.43703655838383165
m01-j0049,manifest.tsv,dml2_real_real_digits_misaligned_ctmle_n6000_s1_chunk00.reps.csv,real_digits_misaligned,box,6000,0.05,1.0,estimated_residual_lowp_supported,ctmle,estimated,xgboost,xgboost,if_residual,1.0,0.0|0.25|0.5|1.0,aipw_variance,-1.0,1.0,obsval,4.0,0.1,30,0.1,crossfit_rank_empty_standdown,1.0,4,50,1,1025.8397488929331,0.0066270204260434895,0.0066270204260434895,0.0066270204260434895,0.0,1.788686227175535e-05,-1.8143493187261625e-05,0.0,0.5,0.0,reference,0.0,0.0,nan,nan,nan,,,nan,nan,nan,nan,nan,nan,nan,nan,0.075,0.2748333333333333,0.9266666666666666,0.25288053365676166,53,324,0.11777777777777777,0.19648271679805943,0.01883750333690158,0.01883750333690158,0.0,0.030224271225936912,0.030224271225936912,0.0,0.986075943854462,0.986075943854462,0.9189631482298755,0.9189631482298755
m01-j0049,manifest.tsv,dml2_real_real_digits_misaligned_ctmle_n6000_s1_chunk00.reps.csv,real_digits_misaligned,box,6000,0.05,1.0,estimated_residual_lowp_supported,ctmle,estimated,xgboost,xgboost,if_residual,1.0,0.0|0.25|0.5|1.0,aipw_variance,-1.0,1.0,obsval,4.0,0.1,30,0.1,crossfit_rank_empty_standdown,1.0,4,50,2,2041.5929546803236,0.03084414512417638,0.03084414512417638,0.03084414512417638,0.0,2.668288135261143e-05,2.109474960141093e-05,0.0,0.5,0.0,reference,0.0,0.0,nan,nan,nan,,,nan,nan,nan,nan,nan,nan,nan,nan,0.0,0.2615,nan,0.0,0,313,nan,0.19949012109623965,0.0,0.0,0.0,0.01857416460101976,0.01857416460101976,0.0,nan,nan,0.956381023937874,0.956381023937874
m01-j0049,manifest.tsv,dml2_real_real_digits_misaligned_ctmle_n6000_s1_chunk00.reps.csv,real_digits_misaligned,box,6000,0.05,1.0,estimated_residual_lowp_supported,ctmle,estimated,xgboost,xgboost,if_residual,1.0,0.0|0.25|0.5|1.0,aipw_variance,-1.0,1.0,obsval,4.0,0.1,30,0.1,crossfit_rank_empty_standdown,1.0,4,50,3,3075.257629821077,0.019412535133067732,0.019412535133067732,0.019412535133067732,0.0,3.498595514519272e-05,-1.3374946503243808e-05,0.0,0.5,0.0,reference,-2.3684757858670005e-18,0.0,nan,nan,nan,,,nan,nan,nan,nan,nan,nan,nan,nan,0.05,0.27166666666666667,0.9466666666666667,0.17423312883435582,34,337,0.11333333333333333,0.2067484662576687,0.017298340619120525,0.017298340619120525,0.0,0.030864296019596622,0.030864296019596622,0.0,1.0407316640353803,1.0407316640353803,0.868622505594264,0.868622505594264
m01-j0049,manifest.tsv,dml2_real_real_digits_misaligned_ctmle_n6000_s1_chunk00.reps.csv,real_digits_misaligned,box,6000,0.05,1.0,estimated_residual_lowp_supported,ctmle,estimated,xgboost,xgboost,if_residual,1.0,0.0|0.25|0.5|1.0,aipw_variance,-1.0,1.0,obsval,4.0,0.1,30,0.1,crossfit_rank_empty_standdown,1.0,4,50,4,4085.7450892273337,0.03218807213211364,0.03218807213211364,0.03218807213211364,0.0,2.235337202975956e-05,-2.2439811483811536e-05,0.0,0.5,0.0,reference,4.736951571734001e-18,0.0,nan,nan,nan,,,nan,nan,nan,nan,nan,nan,nan,nan,0.075,0.2735,0.9133333333333333,0.25045703839122485,74,314,0.16444444444444445,0.19134673979280925,0.006856516306292517,0.006856516306292517,0.0,0.031097662318364864,0.031097662318364864,0.0,0.942985226672769,0.942985226672769,0.8665573141388445,0.8665573141388445
m01-j0050,manifest.tsv,dml2_real_real_digits_misaligned_ctmle_n6000_s1_chunk01.reps.csv,real_digits_misaligned,box,6000,0.05,1.0,estimated_residual_lowp_supported,ctmle,estimated,xgboost,xgboost,if_residual,1.0,0.0|0.25|0.5|1.0,aipw_variance,-1.0,1.0,obsval,4.0,0.1,30,0.1,crossfit_rank_empty_standdown,1.0,4,50,1,1024.141438969411,0.011659914504413366,0.011659914504413366,0.011659914504413366,0.0,2.7378968248232237e-05,-1.6077045346017064e-05,0.0,0.5,0.0,reference,-5.921189464667502e-18,-2.7755575615628914e-17,nan,nan,nan,,,nan,nan,nan,nan,nan,nan,nan,nan,0.075,0.26966666666666667,0.9088888888888889,0.2527812113720643,69,322,0.15333333333333332,0.19901112484548825,0.00754582797986244,0.00754582797986244,0.0,0.013612690356638306,0.013612690356638306,0.0,0.9557394422318248,0.9557394422318248,0.8761512252322042,0.8761512252322042
m01-j0050,manifest.tsv,dml2_real_real_digits_misaligned_ctmle_n6000_s1_chunk01.reps.csv,real_digits_misaligned,box,6000,0.05,1.0,estimated_residual_lowp_supported,ctmle,estimated,xgboost,xgboost,if_residual,1.0,0.0|0.25|0.5|1.0,aipw_variance,-1.0,1.0,obsval,4.0,0.1,30,0.1,crossfit_rank_empty_standdown,1.0,4,50,2,2038.435671530664,0.023170433028435578,0.023170433028435578,0.023170433028435578,0.0,2.9282428436894952e-05,-1.5505537965352517e-05,0.0,0.5,0.0,reference,2.3684757858670005e-18,0.0,nan,nan,nan,,,nan,nan,nan,nan,nan,nan,nan,nan,0.075,0.2683333333333333,0.9133333333333333,0.25527950310559006,57,314,0.12666666666666668,0.19503105590062111,0.012326402912035518,0.012326402912035518,0.0,0.014688757020915474,0.014688757020915474,0.0,1.0618139768799137,1.0618139768799137,0.8458203389262012,0.8458203389262012
m01-j0050,manifest.tsv,dml2_real_real_digits_misaligned_ctmle_n6000_s1_chunk01.reps.csv,real_digits_misaligned,box,6000,0.05,1.0,estimated_residual_lowp_supported,ctmle,estimated,xgboost,xgboost,if_residual,1.0,0.0|0.25|0.5|1.0,aipw_variance,-1.0,1.0,obsval,4.0,0.1,30,0.1,crossfit_rank_empty_standdown,1.0,4,50,3,3079.9547162009403,-0.02953298518921038,-0.02953298518921038,-0.02953298518921038,0.0,2.7747950350684924e-05,-8.777555528125469e-06,0.0,0.5,0.0,reference,2.3684757858670005e-18,5.551115123125783e-17,nan,nan,nan,,,nan,nan,nan,nan,nan,nan,nan,nan,0.0,0.274,nan,0.0,0,342,nan,0.20802919708029197,0.0,0.0,0.0,0.007316487538877183,0.007316487538877183,0.0,nan,nan,0.9684453241132972,0.9684453241132972
m01-j0050,manifest.tsv,dml2_real_real_digits_misaligned_ctmle_n6000_s1_chunk01.reps.csv,real_digits_misaligned,box,6000,0.05,1.0,estimated_residual_lowp_supported,ctmle,estimated,xgboost,xgboost,if_residual,1.0,0.0|0.25|0.5|1.0,aipw_variance,-1.0,1.0,obsval,4.0,0.1,30,0.1,crossfit_rank_empty_standdown,1.0,4,50,4,4102.382513711229,0.008765844756196017,0.008765844756196017,0.008765844756196017,0.0,3.30676888605513e-05,-8.618742918559195e-06,0.0,0.5,0.0,reference,-4.1448326252672514e-18,-2.7755575615628914e-17,nan,nan,nan,,,nan,nan,nan,nan,nan,nan,nan,nan,0.0,0.2648333333333333,nan,0.0,0,326,nan,0.20516047828823158,0.0,0.0,0.0,0.0143674923353718,0.0143674923353718,0.0,nan,nan,0.9294737904657357,0.9294737904657357
m01-j0051,manifest.tsv,dml2_real_real_digits_misaligned_ctmle_n6000_s1_chunk02.reps.csv,real_digits_misaligned,box,6000,0.05,1.0,estimated_residual_lowp_supported,ctmle,estimated,xgboost,xgboost,if_residual,1.0,0.0|0.25|0.5|1.0,aipw_variance,-1.0,1.0,obsval,4.0,0.1,30,0.1,crossfit_rank_empty_standdown,1.0,4,50,1,1020.6914732623845,0.029613172024967854,0.029613172024967854,0.029613172024967854,0.0,3.132401562611629e-05,-8.389588575102099e-06,0.0,0.5,0.0,reference,-2.0132044179869507e-17,0.0,nan,nan,nan,,,nan,nan,nan,nan,nan,nan,nan,nan,0.075,0.2753333333333333,0.9377777777777778,0.25544794188861986,69,350,0.15333333333333332,0.211864406779661,0.01904735808257408,0.01904735808257408,0.0,0.03309863180009527,0.03309863180009527,0.0,1.1299140394753697,1.1299140394753697,0.9115423292657127,0.9115423292657127
m01-j0051,manifest.tsv,dml2_real_real_digits_misaligned_ctmle_n6000_s1_chunk02.reps.csv,real_digits_misaligned,box,6000,0.05,1.0,estimated_residual_lowp_supported,ctmle,estimated,xgboost,xgboost,if_residual,1.0,0.0|0.25|0.5|1.0,aipw_variance,-1.0,1.0,obsval,4.0,0.1,30,0.1,crossfit_rank_empty_standdown,1.0,4,50,2,2036.658828774467,0.02022823972747445,0.02022823972747445,0.02022823972747445,0.0,4.943924240899899e-05,-3.573628693900253e-05,0.0,0.5,0.0,reference,-3.552713678800501e-18,0.0,nan,nan,nan,,,nan,nan,nan,nan,nan,nan,nan,nan,0.05,0.2781666666666667,0.9266666666666666,0.1665668064709407,49,345,0.16333333333333333,0.2067106051527861,0.006549676433071687,0.006549676433071687,0.0,0.010794176923798098,0.010794176923798098,0.0,0.8659125061717542,0.8659125061717542,0.8684783574356079,0.8684783574356079
m01-j0051,manifest.tsv,dml2_real_real_digits_misaligned_ctmle_n6000_s1_chunk02.reps.csv,real_digits_misaligned,box,6000,0.05,1.0,estimated_residual_lowp_supported,ctmle,estimated,xgboost,xgboost,if_residual,1.0,0.0|0.25|0.5|1.0,aipw_variance,-1.0,1.0,obsval,4.0,0.1,30,0.1,crossfit_rank_empty_standdown,1.0,4,50,3,3068.8376772487536,0.023544717996856868,0.023544717996856868,0.023544717996856868,0.0,2.576859937359526e-05,-3.673583615948343e-05,0.0,0.5,0.0,reference,2.960594732333751e-18,5.551115123125783e-17,nan,nan,nan,,,nan,nan,nan,nan,nan,nan,nan,nan,0.1,0.27116666666666667,0.9016666666666666,0.3325138291333743,104,336,0.17333333333333334,0.20651505838967424,0.012404901040281236,0.012404901040281236,0.0,0.015327867583756283,0.015327867583756283,0.0,0.9816101010850757,0.9816101010850757,0.8504647358501836,0.8504647358501836
m01-j0051,manifest.tsv,dml2_real_real_digits_misaligned_ctmle_n6000_s1_chunk02.reps.csv,real_digits_misaligned,box,6000,0.05,1.0,estimated_residual_lowp_supported,ctmle,estimated,xgboost,xgboost,if_residual,1.0,0.0|0.25|0.5|1.0,aipw_variance,-1.0,1.0,obsval,4.0,0.1,30,0.1,crossfit_rank_empty_standdown,1.0,4,50,4,4087.3708764808252,0.06616478893246602,0.06616478893246602,0.06616478893246602,0.0,4.0501258926175935e-05,-2.3653468676580183e-06,0.0,0.5,0.0,reference,-8.289665250534503e-18,0.0,nan,nan,nan,,,nan,nan,nan,nan,nan,nan,nan,nan,0.0,0.2723333333333333,nan,0.0,0,341,nan,0.2086903304773562,0.0,0.0,0.0,0.023062049717730706,0.023062049717730706,0.0,nan,nan,0.9292352103962475,0.9292352103962475
m01-j0052,manifest.tsv,dml2_real_real_digits_misaligned_ctmle_n6000_s1_chunk03.reps.csv,real_digits_misaligned,box,6000,0.05,1.0,estimated_residual_lowp_supported,ctmle,estimated,xgboost,xgboost,if_residual,1.0,0.0|0.25|0.5|1.0,aipw_variance,-1.0,1.0,obsval,4.0,0.1,30,0.1,crossfit_rank_empty_standdown,1.0,4,50,1,1024.472596933134,0.02857197050580615,0.02857197050580615,0.02857197050580615,0.0,3.957339734261139e-05,-2.5061608770459982e-05,0.0,0.5,0.0,reference,2.3684757858670005e-18,-5.551115123125783e-17,nan,nan,nan,,,nan,nan,nan,nan,nan,nan,nan,nan,0.0,0.27016666666666667,nan,0.0,0,312,nan,0.19247378161628625,0.0,0.0,0.0,0.019596285603110542,0.019596285603110542,0.0,nan,nan,0.9353806394199774,0.9353806394199774
m01-j0052,manifest.tsv,dml2_real_real_digits_misaligned_ctmle_n6000_s1_chunk03.reps.csv,real_digits_misaligned,box,6000,0.05,1.0,estimated_residual_lowp_supported,ctmle,estimated,xgboost,xgboost,if_residual,1.0,0.0|0.25|0.5|1.0,aipw_variance,-1.0,1.0,obsval,4.0,0.1,30,0.1,crossfit_rank_empty_standdown,1.0,4,50,2,2047.4797806451097,0.08823475748064152,0.08823475748064152,0.08823475748064152,0.0,3.159794503538671e-05,-4.29286275955193e-06,0.0,0.5,0.0,reference,0.0,0.0,nan,nan,nan,,,nan,nan,nan,nan,nan,nan,nan,nan,0.075,0.2705,0.9111111111111111,0.2526186075169439,61,328,0.13555555555555557,0.20209488601355516,0.023007262150104707,0.023007262150104707,0.0,0.04565391380230784,0.04565391380230784,0.0,1.0358835791021836,1.0358835791021836,0.9383224212087298,0.9383224212087298
m01-j0052,manifest.tsv,dml2_real_real_digits_misaligned_ctmle_n6000_s1_chunk03.reps.csv,real_digits_misaligned,box,6000,0.05,1.0,estimated_residual_lowp_supported,ctmle,estimated,xgboost,xgboost,if_residual,1.0,0.0|0.25|0.5|1.0,aipw_variance,-1.0,1.0,obsval,4.0,0.1,30,0.1,crossfit_rank_empty_standdown,1.0,4,50,3,3080.564946277067,0.012740081613069304,0.012740081613069304,0.012740081613069304,0.0,2.8964258299585526e-05,-2.5534580048909095e-05,0.0,0.5,0.0,reference,0.0,0.0,nan,nan,nan,,,nan,nan,nan,nan,nan,nan,nan,nan,0.075,0.2765,0.9266666666666666,0.2513562386980108,70,349,0.15555555555555556,0.2103676913803496,0.009643082418215699,0.009643082418215699,0.0,0.01887366262937091,0.01887366262937091,0.0,0.8330505583201399,0.8330505583201399,0.8353869858441433,0.8353869858441433
m01-j0052,manifest.tsv,dml2_real_real_digits_misaligned_ctmle_n6000_s1_chunk03.reps.csv,real_digits_misaligned,box,6000,0.05,1.0,estimated_residual_lowp_supported,ctmle,estimated,xgboost,xgboost,if_residual,1.0,0.0|0.25|0.5|1.0,aipw_variance,-1.0,1.0,obsval,4.0,0.1,30,0.1,crossfit_rank_empty_standdown,1.0,4,50,4,4099.156701669097,0.05733073038951117,0.05733073038951117,0.05733073038951117,0.0,3.955391583491128e-05,-1.4156466596357449e-05,0.0,0.5,0.0,reference,-7.105427357601002e-18,0.0,nan,nan,nan,,,nan,nan,nan,nan,nan,nan,nan,nan,0.1,0.27316666666666667,0.9333333333333333,0.34167175106772424,83,327,0.13833333333333334,0.19951189749847467,0.03854444416849568,0.03854444416849568,0.0,0.05248143598033971,0.05248143598033971,0.0,1.2725873349564583,1.2725873349564583,0.9551343649021339,0.9551343649021339
m01-j0053,manifest.tsv,dml2_real_real_digits_misaligned_ctmle_n6000_s1_chunk04.reps.csv,real_digits_misaligned,box,6000,0.05,1.0,estimated_residual_lowp_supported,ctmle,estimated,xgboost,xgboost,if_residual,1.0,0.0|0.25|0.5|1.0,aipw_variance,-1.0,1.0,obsval,4.0,0.1,30,0.1,crossfit_rank_empty_standdown,1.0,4,50,1,1016.607684455812,0.01644622592994527,0.01644622592994527,0.01644622592994527,0.0,4.540408872594779e-05,-5.014026016196668e-05,0.0,0.5,0.0,reference,-5.921189464667502e-18,0.0,nan,nan,nan,,,nan,nan,nan,nan,nan,nan,nan,nan,0.1,0.278,0.9433333333333334,0.3393285371702638,66,317,0.11,0.19004796163069546,0.014493614226181556,0.014493614226181556,0.0,0.023302831810803837,0.023302831810803837,0.0,1.1243815335994,1.1243815335994,0.8607628338323592,0.8607628338323592
m01-j0053,manifest.tsv,dml2_real_real_digits_misaligned_ctmle_n6000_s1_chunk04.reps.csv,real_digits_misaligned,box,6000,0.05,1.0,estimated_residual_lowp_supported,ctmle,estimated,xgboost,xgboost,if_residual,1.0,0.0|0.25|0.5|1.0,aipw_variance,-1.0,1.0,obsval,4.0,0.1,30,0.1,crossfit_rank_empty_standdown,1.0,4,50,2,2032.360868183896,0.020501623458147405,0.020501623458147405,0.020501623458147405,0.0,2.4226758440160307e-05,2.2333968506847723e-05,0.0,0.5,0.0,reference,5.3290705182007515e-18,0.0,nan,nan,nan,,,nan,nan,nan,nan,nan,nan,nan,nan,0.0,0.267,nan,0.0,0,301,nan,0.18789013732833956,0.0,0.0,0.0,0.021761918259252278,0.021761918259252278,0.0,nan,nan,0.9764775230082796,0.9764775230082796
m01-j0053,manifest.tsv,dml2_real_real_digits_misaligned_ctmle_n6000_s1_chunk04.reps.csv,real_digits_misaligned,box,6000,0.05,1.0,estimated_residual_lowp_supported,ctmle,estimated,xgboost,xgboost,if_residual,1.0,0.0|0.25|0.5|1.0,aipw_variance,-1.0,1.0,obsval,4.0,0.1,30,0.1,crossfit_rank_empty_standdown,1.0,4,50,3,3056.2270719772205,0.02131388892947081,0.02131388892947081,0.02131388892947081,0.0,2.2223846139398382e-05,-2.2461266371170117e-05,0.0,0.5,0.0,reference,-7.697546304067752e-18,5.551115123125783e-17,nan,nan,nan,,,nan,nan,nan,nan,nan,nan,nan,nan,0.075,0.27016666666666667,0.9133333333333333,0.25354719309068474,66,331,0.14666666666666667,0.2041949413942011,0.017914396798061137,0.017914396798061137,0.0,0.021860318941099195,0.021860318941099195,0.0,1.1956639412536945,1.1956639412536945,0.9011392201947104,0.9011392201947104
m01-j0053,manifest.tsv,dml2_real_real_digits_misaligned_ctmle_n6000_s1_chunk04.reps.csv,real_digits_misaligned,box,6000,0.05,1.0,estimated_residual_lowp_supported,ctmle,estimated,xgboost,xgboost,if_residual,1.0,0.0|0.25|0.5|1.0,aipw_variance,-1.0,1.0,obsval,4.0,0.1,30,0.1,crossfit_rank_empty_standdown,1.0,4,50,4,4070.271668112837,0.017214402270322227,0.017214402270322227,0.017214402270322227,0.0,2.3177652992844135e-05,2.8449672876115935e-05,0.0,0.5,0.0,reference,0.0,0.0,nan,nan,nan,,,nan,nan,nan,nan,nan,nan,nan,nan,0.0,0.2703333333333333,nan,0.0,0,330,nan,0.2034525277435265,0.0,0.0,0.0,0.024673094585175255,0.024673094585175255,0.0,nan,nan,0.8974069934576988,0.8974069934576988
m01-j0054,manifest.tsv,dml2_real_real_digits_misaligned_ctmle_n6000_s1_chunk05.reps.csv,real_digits_misaligned,box,6000,0.05,1.0,estimated_residual_lowp_supported,ctmle,estimated,xgboost,xgboost,if_residual,1.0,0.0|0.25|0.5|1.0,aipw_variance,-1.0,1.0,obsval,4.0,0.1,30,0.1,crossfit_rank_empty_standdown,1.0,4,50,1,1016.9297479996458,-0.005555575322544359,-0.005555575322544359,-0.005555575322544359,0.0,5.061945608705312e-05,-2.7080203030743224e-05,0.0,0.5,0.0,reference,-2.3684757858670005e-18,2.7755575615628914e-17,nan,nan,nan,,,nan,nan,nan,nan,nan,nan,nan,nan,0.1,0.269,0.945,0.3513011152416357,80,281,0.13333333333333333,0.17410161090458487,0.012206023592387908,0.012206023592387908,0.0,0.015330863718758482,0.015330863718758482,0.0,1.1582658112444448,1.1582658112444448,0.9029228697709937,0.9029228697709937
m01-j0054,manifest.tsv,dml2_real_real_digits_misaligned_ctmle_n6000_s1_chunk05.reps.csv,real_digits_misaligned,box,6000,0.05,1.0,estimated_residual_lowp_supported,ctmle,estimated,xgboost,xgboost,if_residual,1.0,0.0|0.25|0.5|1.0,aipw_variance,-1.0,1.0,obsval,4.0,0.1,30,0.1,crossfit_rank_empty_standdown,1.0,4,50,2,2034.780950024724,0.02621732062628182,0.02621732062628182,0.02621732062628182,0.0,1.652623289209081e-05,1.3470962419542517e-06,0.0,0.5,0.0,reference,2.0724163126336256e-17,-2.7755575615628914e-17,nan,nan,nan,,,nan,nan,nan,nan,nan,nan,nan,nan,0.1,0.2695,0.9416666666666667,0.3494124922696351,81,315,0.135,0.19480519480519481,0.022371140243552294,0.022371140243552294,0.0,0.021120839724526417,0.021120839724526417,0.0,1.1103279270033952,1.1103279270033952,0.8759652797213735,0.8759652797213735
m01-j0054,manifest.tsv,dml2_real_real_digits_misaligned_ctmle_n6000_s1_chunk05.reps.csv,real_digits_misaligned,box,6000,0.05,1.0,estimated_residual_lowp_supported,ctmle,estimated,xgboost,xgboost,if_residual,1.0,0.0|0.25|0.5|1.0,aipw_variance,-1.0,1.0,obsval,4.0,0.1,30,0.1,crossfit_rank_empty_standdown,1.0,4,50,3,3051.7375752329826,0.012661082659760181,0.012661082659760181,0.012661082659760181,0.0,3.6095430645276044e-05,9.49428729771825e-07,0.0,0.5,0.0,reference,-6.8093678843676264e-18,0.0,nan,nan,nan,,,nan,nan,nan,nan,nan,nan,nan,nan,0.075,0.27166666666666667,0.92,0.25398773006134967,59,320,0.13111111111111112,0.19631901840490798,0.011230598157514796,0.011230598157514796,0.0,0.016139152367521826,0.016139152367521826,0.0,0.863651719875257,0.863651719875257,0.82792980157929,0.82792980157929
m01-j0054,manifest.tsv,dml2_real_real_digits_misaligned_ctmle_n6000_s1_chunk05.reps.csv,real_digits_misaligned,box,6000,0.05,1.0,estimated_residual_lowp_supported,ctmle,estimated,xgboost,xgboost,if_residual,1.0,0.0|0.25|0.5|1.0,aipw_variance,-1.0,1.0,obsval,4.0,0.1,30,0.1,crossfit_rank_empty_standdown,1.0,4,50,4,4074.2416585311294,0.037317608015274506,0.037317608015274506,0.037317608015274506,0.0,2.917214376859528e-05,-6.231947231055788e-06,0.0,0.5,0.0,reference,-6.8093678843676264e-18,0.0,nan,nan,nan,,,nan,nan,nan,nan,nan,nan,nan,nan,0.0,0.27116666666666667,nan,0.0,0,334,nan,0.2052858020897357,0.0,0.0,0.0,0.02428593966398709,0.02428593966398709,0.0,nan,nan,0.9308164842110768,0.9308164842110768
m01-j0055,manifest.tsv,dml2_real_real_digits_misaligned_ctmle_n6000_s1_chunk06.reps.csv,real_digits_misaligned,box,6000,0.05,1.0,estimated_residual_lowp_supported,ctmle,estimated,xgboost,xgboost,if_residual,1.0,0.0|0.25|0.5|1.0,aipw_variance,-1.0,1.0,obsval,4.0,0.1,30,0.1,crossfit_rank_empty_standdown,1.0,4,50,1,1014.5434229308739,0.029484603752783112,0.029484603752783112,0.029484603752783112,0.0,3.3236746014107224e-05,1.970004333795339e-05,0.0,0.5,0.0,reference,0.0,0.0,nan,nan,nan,,,nan,nan,nan,nan,nan,nan,nan,nan,0.0,0.2745,nan,0.0,0,311,nan,0.18882817243472982,0.0,0.0,0.0,0.021590935371082875,0.021590935371082875,0.0,nan,nan,0.8254914989243045,0.8254914989243045
m01-j0055,manifest.tsv,dml2_real_real_digits_misaligned_ctmle_n6000_s1_chunk06.reps.csv,real_digits_misaligned,box,6000,0.05,1.0,estimated_residual_lowp_supported,ctmle,estimated,xgboost,xgboost,if_residual,1.0,0.0|0.25|0.5|1.0,aipw_variance,-1.0,1.0,obsval,4.0,0.1,30,0.1,crossfit_rank_empty_standdown,1.0,4,50,2,2033.4620996192098,0.008635582233317174,0.008635582233317174,0.008635582233317174,0.0,2.2278818300236307e-05,6.8437271637939974e-06,0.0,0.5,0.0,reference,-7.105427357601002e-18,5.551115123125783e-17,nan,nan,nan,,,nan,nan,nan,nan,nan,nan,nan,nan,0.0,0.276,nan,0.0,0,352,nan,0.21256038647342995,0.0,0.0,0.0,0.019197973324592235,0.019197973324592235,0.0,nan,nan,0.8935379123189849,0.8935379123189849
m01-j0055,manifest.tsv,dml2_real_real_digits_misaligned_ctmle_n6000_s1_chunk06.reps.csv,real_digits_misaligned,box,6000,0.05,1.0,estimated_residual_lowp_supported,ctmle,estimated,xgboost,xgboost,if_residual,1.0,0.0|0.25|0.5|1.0,aipw_variance,-1.0,1.0,obsval,4.0,0.1,30,0.1,crossfit_rank_empty_standdown,1.0,4,50,3,3069.9253320759162,0.0026279907910020106,0.0026279907910020106,0.0026279907910020106,0.0,4.012497255721445e-05,-3.2042444399866274e-05,0.0,0.5,0.0,reference,-9.473903143468002e-18,0.0,nan,nan,nan,,,nan,nan,nan,nan,nan,nan,nan,nan,0.075,0.274,0.9044444444444445,0.2475669099756691,72,352,0.16,0.2141119221411192,0.008942195487912695,0.008942195487912695,0.0,0.012186475422577564,0.012186475422577564,0.0,0.9121456517441674,0.9121456517441674,0.8095561330210859,0.8095561330210859
m01-j0055,manifest.tsv,dml2_real_real_digits_misaligned_ctmle_n6000_s1_chunk06.reps.csv,real_digits_misaligned,box,6000,0.05,1.0,estimated_residual_lowp_supported,ctmle,estimated,xgboost,xgboost,if_residual,1.0,0.0|0.25|0.5|1.0,aipw_variance,-1.0,1.0,obsval,4.0,0.1,30,0.1,crossfit_rank_empty_standdown,1.0,4,50,4,4085.738667661324,-0.0032035985754091667,-0.0032035985754091667,-0.0032035985754091667,0.0,3.660939867645963e-05,-1.4056436026334317e-05,0.0,0.5,0.0,reference,4.736951571734001e-18,0.0,nan,nan,nan,,,nan,nan,nan,nan,nan,nan,nan,nan,0.1,0.2705,0.9,0.33271719038817005,91,331,0.15166666666666667,0.203943314849045,0.008008851813234973,0.008008851813234973,0.0,0.012002063112684274,0.012002063112684274,0.0,0.9521398229345257,0.9521398229345257,0.8610297260832409,0.8610297260832409
m01-j0056,manifest.tsv,dml2_real_real_digits_misaligned_ctmle_n6000_s1_chunk07.reps.csv,real_digits_misaligned,box,6000,0.05,1.0,estimated_residual_lowp_supported,ctmle,estimated,xgboost,xgboost,if_residual,1.0,0.0|0.25|0.5|1.0,aipw_variance,-1.0,1.0,obsval,4.0,0.1,30,0.1,crossfit_rank_empty_standdown,1.0,4,50,1,1014.8331622909755,0.04284566773307305,0.04284566773307305,0.04284566773307305,0.0,3.122619367056903e-05,-6.415426722114416e-06,0.0,0.5,0.0,reference,4.736951571734001e-18,-5.551115123125783e-17,nan,nan,nan,,,nan,nan,nan,nan,nan,nan,nan,nan,0.0,0.27016666666666667,nan,0.0,0,317,nan,0.19555829734731647,0.0,0.0,0.0,0.03097004468191823,0.03097004468191823,0.0,nan,nan,0.8854572700279654,0.8854572700279654
m01-j0056,manifest.tsv,dml2_real_real_digits_misaligned_ctmle_n6000_s1_chunk07.reps.csv,real_digits_misaligned,box,6000,0.05,1.0,estimated_residual_lowp_supported,ctmle,estimated,xgboost,xgboost,if_residual,1.0,0.0|0.25|0.5|1.0,aipw_variance,-1.0,1.0,obsval,4.0,0.1,30,0.1,crossfit_rank_empty_standdown,1.0,4,50,2,2030.294093778357,0.055902758898819155,0.055902758898819155,0.055902758898819155,0.0,2.717053233550074e-05,-1.615925727122008e-05,0.0,0.5,0.0,reference,8.289665250534503e-18,-5.551115123125783e-17,nan,nan,nan,,,nan,nan,nan,nan,nan,nan,nan,nan,0.05,0.2793333333333333,0.9066666666666666,0.162291169451074,35,310,0.11666666666666667,0.18496420047732698,0.008209092531891638,0.008209092531891638,0.0,0.027741157229622032,0.027741157229622032,0.0,0.8691838905994067,0.8691838905994067,0.8184065785665486,0.8184065785665486
m01-j0056,manifest.tsv,dml2_real_real_digits_misaligned_ctmle_n6000_s1_chunk07.reps.csv,real_digits_misaligned,box,6000,0.05,1.0,estimated_residual_lowp_supported,ctmle,estimated,xgboost,xgboost,if_residual,1.0,0.0|0.25|0.5|1.0,aipw_variance,-1.0,1.0,obsval,4.0,0.1,30,0.1,crossfit_rank_empty_standdown,1.0,4,50,3,3050.720963696018,0.016005256642624727,0.016005256642624727,0.016005256642624727,0.0,2.354289006009885e-05,-1.0226575954535048e-05,0.0,0.5,0.0,reference,1.7763568394002505e-18,2.7755575615628914e-17,nan,nan,nan,,,nan,nan,nan,nan,nan,nan,nan,nan,0.0,0.272,nan,0.0,0,316,nan,0.19362745098039216,0.0,0.0,0.0,0.020712948306560945,0.020712948306560945,0.0,nan,nan,0.9199742341646908,0.9199742341646908
m01-j0056,manifest.tsv,dml2_real_real_digits_misaligned_ctmle_n6000_s1_chunk07.reps.csv,real_digits_misaligned,box,6000,0.05,1.0,estimated_residual_lowp_supported,ctmle,estimated,xgboost,xgboost,if_residual,1.0,0.0|0.25|0.5|1.0,aipw_variance,-1.0,1.0,obsval,4.0,0.1,30,0.1,crossfit_rank_empty_standdown,1.0,4,50,4,4058.7126363376155,0.07580281419437834,0.07580281419437834,0.07580281419437834,0.0,2.249247807434296e-05,-2.3900719754922205e-05,0.0,0.5,0.0,reference,0.0,0.0,nan,nan,nan,,,nan,nan,nan,nan,nan,nan,nan,nan,0.0,0.2745,nan,0.0,0,353,nan,0.2143290831815422,0.0,0.0,0.0,0.03995419568355559,0.03995419568355559,0.0,nan,nan,0.9235920121678531,0.9235920121678531
m01-j0057,manifest.tsv,dml2_real_real_digits_misaligned_ctmle_n6000_s1_chunk08.reps.csv,real_digits_misaligned,box,6000,0.05,1.0,estimated_residual_lowp_supported,ctmle,estimated,xgboost,xgboost,if_residual,1.0,0.0|0.25|0.5|1.0,aipw_variance,-1.0,1.0,obsval,4.0,0.1,30,0.1,crossfit_rank_empty_standdown,1.0,4,50,1,1036.1112958863378,-0.01036386457421723,-0.01036386457421723,-0.01036386457421723,0.0,4.604895990588289e-05,8.626527886081495e-06,0.0,0.5,0.0,reference,-2.3684757858670005e-18,0.0,nan,nan,nan,,,nan,nan,nan,nan,nan,nan,nan,nan,0.0,0.276,nan,0.0,0,329,nan,0.19867149758454106,0.0,0.0,0.0,0.010311899900668563,0.010311899900668563,0.0,nan,nan,0.8926647022374967,0.8926647022374967
m01-j0057,manifest.tsv,dml2_real_real_digits_misaligned_ctmle_n6000_s1_chunk08.reps.csv,real_digits_misaligned,box,6000,0.05,1.0,estimated_residual_lowp_supported,ctmle,estimated,xgboost,xgboost,if_residual,1.0,0.0|0.25|0.5|1.0,aipw_variance,-1.0,1.0,obsval,4.0,0.1,30,0.1,crossfit_rank_empty_standdown,1.0,4,50,2,2056.9233895931393,0.03456449013623808,0.03456449013623808,0.03456449013623808,0.0,3.022847188291879e-05,-6.639624178629913e-07,0.0,0.5,0.0,reference,8.289665250534503e-18,-5.551115123125783e-17,nan,nan,nan,,,nan,nan,nan,nan,nan,nan,nan,nan,0.0,0.2771666666666667,nan,0.0,0,321,nan,0.19302465423932652,0.0,0.0,0.0,0.021924301534445127,0.021924301534445127,0.0,nan,nan,0.8086281249031941,0.8086281249031941
m01-j0057,manifest.tsv,dml2_real_real_digits_misaligned_ctmle_n6000_s1_chunk08.reps.csv,real_digits_misaligned,box,6000,0.05,1.0,estimated_residual_lowp_supported,ctmle,estimated,xgboost,xgboost,if_residual,1.0,0.0|0.25|0.5|1.0,aipw_variance,-1.0,1.0,obsval,4.0,0.1,30,0.1,crossfit_rank_empty_standdown,1.0,4,50,3,3087.792969642207,0.013922221957747477,0.013922221957747477,0.013922221957747477,0.0,4.21554376751343e-05,-4.217083503617466e-05,0.0,0.5,0.0,reference,2.3684757858670005e-18,0.0,nan,nan,nan,,,nan,nan,nan,nan,nan,nan,nan,nan,0.1,0.278,0.9366666666666666,0.3369304556354916,71,336,0.11833333333333333,0.2014388489208633,0.01906698897423612,0.01906698897423612,0.0,0.020757331316201777,0.020757331316201777,0.0,1.0110205428328622,1.0110205428328622,0.8485705012529077,0.8485705012529077
m01-j0057,manifest.tsv,dml2_real_real_digits_misaligned_ctmle_n6000_s1_chunk08.reps.csv,real_digits_misaligned,box,6000,0.05,1.0,estimated_residual_lowp_supported,ctmle,estimated,xgboost,xgboost,if_residual,1.0,0.0|0.25|0.5|1.0,aipw_variance,-1.0,1.0,obsval,4.0,0.1,30,0.1,crossfit_rank_empty_standdown,1.0,4,50,4,4103.988147571683,0.0766258890953852,0.0766258890953852,0.0766258890953852,0.0,2.9783752595363222e-05,-3.952730141529022e-05,0.0,0.5,0.0,reference,-6.217248937900877e-18,0.0,nan,nan,nan,,,nan,nan,nan,nan,nan,nan,nan,nan,0.05,0.2728333333333333,0.94,0.17226634086744044,53,331,0.17666666666666667,0.20219914477703116,0.0064706912931460775,0.0064706912931460775,0.0,0.03796228433233714,0.03796228433233714,0.0,1.193879171528352,1.193879171528352,0.9000073541853998,0.9000073541853998
m01-j0058,manifest.tsv,dml2_real_real_digits_misaligned_ctmle_n6000_s1_chunk09.reps.csv,real_digits_misaligned,box,6000,0.05,1.0,estimated_residual_lowp_supported,ctmle,estimated,xgboost,xgboost,if_residual,1.0,0.0|0.25|0.5|1.0,aipw_variance,-1.0,1.0,obsval,4.0,0.1,30,0.1,crossfit_rank_empty_standdown,1.0,4,50,1,1007.9037519935519,0.06400205558699054,0.06400205558699054,0.06400205558699054,0.0,4.391931581197673e-05,-6.495890185151583e-06,0.0,0.5,0.0,reference,-1.1842378929335003e-18,5.551115123125783e-17,nan,nan,nan,,,nan,nan,nan,nan,nan,nan,nan,nan,0.1,0.27316666666666667,0.9283333333333333,0.33984136668700426,65,324,0.10833333333333334,0.19768151311775473,0.02084531563262622,0.02084531563262622,0.0,0.028686951434648233,0.028686951434648233,0.0,1.110180230867473,1.110180230867473,0.8778629274707597,0.8778629274707597
m01-j0058,manifest.tsv,dml2_real_real_digits_misaligned_ctmle_n6000_s1_chunk09.reps.csv,real_digits_misaligned,box,6000,0.05,1.0,estimated_residual_lowp_supported,ctmle,estimated,xgboost,xgboost,if_residual,1.0,0.0|0.25|0.5|1.0,aipw_variance,-1.0,1.0,obsval,4.0,0.1,30,0.1,crossfit_rank_empty_standdown,1.0,4,50,2,2030.9658226333559,0.014925482436334514,0.014925482436334514,0.014925482436334514,0.0,4.2867185439067674e-05,-3.0025324069897692e-05,0.0,0.5,0.0,reference,-1.1842378929335004e-17,0.0,nan,nan,nan,,,nan,nan,nan,nan,nan,nan,nan,nan,0.0,0.2781666666666667,nan,0.0,0,331,nan,0.1983223487118035,0.0,0.0,0.0,0.02243501138643031,0.02243501138643031,0.0,nan,nan,0.8820282740504444,0.8820282740504444
m01-j0058,manifest.tsv,dml2_real_real_digits_misaligned_ctmle_n6000_s1_chunk09.reps.csv,real_digits_misaligned,box,6000,0.05,1.0,estimated_residual_lowp_supported,ctmle,estimated,xgboost,xgboost,if_residual,1.0,0.0|0.25|0.5|1.0,aipw_variance,-1.0,1.0,obsval,4.0,0.1,30,0.1,crossfit_rank_empty_standdown,1.0,4,50,3,3064.3440476376563,-0.0271212347084126,-0.0271212347084126,-0.0271212347084126,0.0,2.983655329204238e-05,-4.381882143454581e-05,0.0,0.5,0.0,reference,-3.848773152033876e-18,0.0,nan,nan,nan,,,nan,nan,nan,nan,nan,nan,nan,nan,0.075,0.27616666666666667,0.9133333333333333,0.248038624019312,69,317,0.15333333333333332,0.19130959565479783,0.005974564509986801,0.005974564509986801,0.0,0.010847312033265477,0.010847312033265477,0.0,0.8592857968777473,0.8592857968777473,0.9534674628344082,0.9534674628344082
m01-j0058,manifest.tsv,dml2_real_real_digits_misaligned_ctmle_n6000_s1_chunk09.reps.csv,real_digits_misaligned,box,6000,0.05,1.0,estimated_residual_lowp_supported,ctmle,estimated,xgboost,xgboost,if_residual,1.0,0.0|0.25|0.5|1.0,aipw_variance,-1.0,1.0,obsval,4.0,0.1,30,0.1,crossfit_rank_empty_standdown,1.0,4,50,4,4088.922296669334,0.008937091289621918,0.008937091289621918,0.008937091289621918,0.0,3.276402438154064e-05,-1.507033169700976e-05,0.0,0.5,0.0,reference,2.960594732333751e-18,0.0,nan,nan,nan,,,nan,nan,nan,nan,nan,nan,nan,nan,0.0,0.27466666666666667,nan,0.0,0,320,nan,0.1941747572815534,0.0,0.0,0.0,0.020003740138610684,0.020003740138610684,0.0,nan,nan,0.8953965942910217,0.8953965942910217
m01-j0059,manifest.tsv,dml2_real_real_digits_misaligned_ctmle_n6000_s1_chunk10.reps.csv,real_digits_misaligned,box,6000,0.05,1.0,estimated_residual_lowp_supported,ctmle,estimated,xgboost,xgboost,if_residual,1.0,0.0|0.25|0.5|1.0,aipw_variance,-1.0,1.0,obsval,4.0,0.1,30,0.1,crossfit_rank_empty_standdown,1.0,4,50,1,1023.9153181482106,0.04234289220987297,0.04234289220987297,0.04234289220987297,0.0,3.101576412990596e-05,8.484000980859717e-07,0.0,0.5,0.0,reference,-1.5395092608135503e-17,0.0,nan,nan,nan,,,nan,nan,nan,nan,nan,nan,nan,nan,0.0,0.2685,nan,0.0,0,375,nan,0.23277467411545624,0.0,0.0,0.0,0.02402049690063703,0.02402049690063703,0.0,nan,nan,0.9118210631002263,0.9118210631002263
m01-j0059,manifest.tsv,dml2_real_real_digits_misaligned_ctmle_n6000_s1_chunk10.reps.csv,real_digits_misaligned,box,6000,0.05,1.0,estimated_residual_lowp_supported,ctmle,estimated,xgboost,xgboost,if_residual,1.0,0.0|0.25|0.5|1.0,aipw_variance,-1.0,1.0,obsval,4.0,0.1,30,0.1,crossfit_rank_empty_standdown,1.0,4,50,2,2050.4552406733856,0.001134753926194998,0.001134753926194998,0.001134753926194998,0.0,2.5009058116898762e-05,-2.1721917623142447e-05,0.0,0.5,0.0,reference,-1.1842378929335004e-17,5.551115123125783e-17,nan,nan,nan,,,nan,nan,nan,nan,nan,nan,nan,nan,0.05,0.2675,0.96,0.17943925233644858,37,339,0.12333333333333334,0.21121495327102804,0.0051159145190776524,0.0051159145190776524,0.0,0.0038843334370112473,0.0038843334370112473,0.0,1.4216952748004341,1.4216952748004341,0.9065084473391565,0.9065084473391565
m01-j0059,manifest.tsv,dml2_real_real_digits_misaligned_ctmle_n6000_s1_chunk10.reps.csv,real_digits_misaligned,box,6000,0.05,1.0,estimated_residual_lowp_supported,ctmle,estimated,xgboost,xgboost,if_residual,1.0,0.0|0.25|0.5|1.0,aipw_variance,-1.0,1.0,obsval,4.0,0.1,30,0.1,crossfit_rank_empty_standdown,1.0,4,50,3,3090.3735161544755,0.028414011661177768,0.028414011661177768,0.028414011661177768,0.0,3.4865541363714734e-05,-3.8318510675374026e-05,0.0,0.5,0.0,reference,-5.3290705182007515e-18,0.0,nan,nan,nan,,,nan,nan,nan,nan,nan,nan,nan,nan,0.1,0.2771666666666667,0.935,0.33734215273601925,68,331,0.11333333333333333,0.19903788334335537,0.022120517189279505,0.022120517189279505,0.0,0.025743683323879437,0.025743683323879437,0.0,1.0262170005191982,1.0262170005191982,0.8103804521884304,0.8103804521884304
m01-j0059,manifest.tsv,dml2_real_real_digits_misaligned_ctmle_n6000_s1_chunk10.reps.csv,real_digits_misaligned,box,6000,0.05,1.0,estimated_residual_lowp_supported,ctmle,estimated,xgboost,xgboost,if_residual,1.0,0.0|0.25|0.5|1.0,aipw_variance,-1.0,1.0,obsval,4.0,0.1,30,0.1,crossfit_rank_empty_standdown,1.0,4,50,4,4118.021538818255,0.012340670407793963,0.012340670407793963,0.012340670407793963,0.0,2.5305046859491645e-05,-7.833956462259821e-07,0.0,0.5,0.0,reference,6.8093678843676264e-18,-8.326672684688674e-17,nan,nan,nan,,,nan,nan,nan,nan,nan,nan,nan,nan,0.1,0.2781666666666667,0.91,0.3271420011983224,106,356,0.17666666666666667,0.21330137807070101,0.005337705933014116,0.005337705933014116,0.0,0.009031828410501878,0.009031828410501878,0.0,0.9400618843779877,0.9400618843779877,0.822044214820708,0.822044214820708
m01-j0060,manifest.tsv,dml2_real_real_digits_misaligned_ctmle_n6000_s1_chunk11.reps.csv,real_digits_misaligned,box,6000,0.05,1.0,estimated_residual_lowp_supported,ctmle,estimated,xgboost,xgboost,if_residual,1.0,0.0|0.25|0.5|1.0,aipw_variance,-1.0,1.0,obsval,4.0,0.1,30,0.1,crossfit_rank_empty_standdown,1.0,4,50,1,1029.0501920245588,0.042780829275346544,0.042780829275346544,0.042780829275346544,0.0,3.239220517460106e-05,-2.4212705109518426e-05,0.0,0.5,0.0,reference,5.921189464667502e-18,0.0,nan,nan,nan,,,nan,nan,nan,nan,nan,nan,nan,nan,0.0,0.2718333333333333,nan,0.0,0,320,nan,0.19619865113427346,0.0,0.0,0.0,0.024892197659062268,0.024892197659062268,0.0,nan,nan,0.8469430346615908,0.8469430346615908
m01-j0060,manifest.tsv,dml2_real_real_digits_misaligned_ctmle_n6000_s1_chunk11.reps.csv,real_digits_misaligned,box,6000,0.05,1.0,estimated_residual_lowp_supported,ctmle,estimated,xgboost,xgboost,if_residual,1.0,0.0|0.25|0.5|1.0,aipw_variance,-1.0,1.0,obsval,4.0,0.1,30,0.1,crossfit_rank_empty_standdown,1.0,4,50,2,2047.299922968261,0.04067712713350449,0.04067712713350449,0.04067712713350449,0.0,1.8135247891939792e-05,-8.549381372684412e-06,0.0,0.5,0.0,reference,1.8355687340469255e-17,0.0,nan,nan,nan,,,nan,nan,nan,nan,nan,nan,nan,nan,0.0,0.2765,nan,0.0,0,312,nan,0.18806509945750452,0.0,0.0,0.0,0.03833077162539607,0.03833077162539607,0.0,nan,nan,0.9226723456157581,0.9226723456157581
m01-j0060,manifest.tsv,dml2_real_real_digits_misaligned_ctmle_n6000_s1_chunk11.reps.csv,real_digits_misaligned,box,6000,0.05,1.0,estimated_residual_lowp_supported,ctmle,estimated,xgboost,xgboost,if_residual,1.0,0.0|0.25|0.5|1.0,aipw_variance,-1.0,1.0,obsval,4.0,0.1,30,0.1,crossfit_rank_empty_standdown,1.0,4,50,3,3076.5764982691035,0.00010564577692873112,0.00010564577692873112,0.00010564577692873112,0.0,4.052939312828435e-05,-5.221505414241894e-05,0.0,0.5,0.0,reference,7.105427357601002e-18,0.0,nan,nan,nan,,,nan,nan,nan,nan,nan,nan,nan,nan,0.05,0.26366666666666666,0.9633333333333334,0.18268015170670038,34,311,0.11333333333333333,0.1965865992414665,0.01153246167029171,0.01153246167029171,0.0,0.015927974172116235,0.015927974172116235,0.0,1.0865862672986424,1.0865862672986424,0.8786788437913283,0.8786788437913283
m01-j0060,manifest.tsv,dml2_real_real_digits_misaligned_ctmle_n6000_s1_chunk11.reps.csv,real_digits_misaligned,box,6000,0.05,1.0,estimated_residual_lowp_supported,ctmle,estimated,xgboost,xgboost,if_residual,1.0,0.0|0.25|0.5|1.0,aipw_variance,-1.0,1.0,obsval,4.0,0.1,30,0.1,crossfit_rank_empty_standdown,1.0,4,50,4,4095.788420177996,0.03919441121097647,0.03919441121097647,0.03919441121097647,0.0,3.445957882843194e-05,-4.079955993227058e-06,0.0,0.5,0.0,reference,7.105427357601002e-18,-8.326672684688674e-17,nan,nan,nan,,,nan,nan,nan,nan,nan,nan,nan,nan,0.0,0.2605,nan,0.0,0,332,nan,0.2124120281509917,0.0,0.0,0.0,0.021486331215286057,0.021486331215286057,0.0,nan,nan,0.940067283463143,0.940067283463143
m01-j0061,manifest.tsv,dml2_real_real_digits_misaligned_ctmle_n6000_s1_chunk12.reps.csv,real_digits_misaligned,box,6000,0.05,1.0,estimated_residual_lowp_supported,ctmle,estimated,xgboost,xgboost,if_residual,1.0,0.0|0.25|0.5|1.0,aipw_variance,-1.0,1.0,obsval,4.0,0.1,30,0.1,crossfit_rank_empty_standdown,1.0,4,50,1,1015.2821555538103,0.09100936738886395,0.09100936738886395,0.09100936738886395,0.0,3.5900033121609356e-05,-1.851108211042569e-05,0.0,0.5,0.0,reference,-9.473903143468002e-18,0.0,nan,nan,nan,,,nan,nan,nan,nan,nan,nan,nan,nan,0.0,0.27316666666666667,nan,0.0,0,334,nan,0.20378279438682123,0.0,0.0,0.0,0.05103458860562237,0.05103458860562237,0.0,nan,nan,0.9239785369217285,0.9239785369217285
m01-j0061,manifest.tsv,dml2_real_real_digits_misaligned_ctmle_n6000_s1_chunk12.reps.csv,real_digits_misaligned,box,6000,0.05,1.0,estimated_residual_lowp_supported,ctmle,estimated,xgboost,xgboost,if_residual,1.0,0.0|0.25|0.5|1.0,aipw_variance,-1.0,1.0,obsval,4.0,0.1,30,0.1,crossfit_rank_empty_standdown,1.0,4,50,2,2034.682524313219,0.04658202441803336,0.04658202441803336,0.04658202441803336,0.0,2.1296492935809867e-05,3.407648644205652e-06,0.0,0.5,0.0,reference,1.0658141036401503e-17,0.0,nan,nan,nan,,,nan,nan,nan,nan,nan,nan,nan,nan,0.075,0.25983333333333336,0.8777777777777778,0.25336754329698524,73,314,0.1622222222222222,0.20141116100064144,0.01729078725818209,0.01729078725818209,0.0,0.032225051875109996,0.032225051875109996,0.0,1.3214457780315918,1.3214457780315918,0.9794907387622455,0.9794907387622455
m01-j0061,manifest.tsv,dml2_real_real_digits_misaligned_ctmle_n6000_s1_chunk12.reps.csv,real_digits_misaligned,box,6000,0.05,1.0,estimated_residual_lowp_supported,ctmle,estimated,xgboost,xgboost,if_residual,1.0,0.0|0.25|0.5|1.0,aipw_variance,-1.0,1.0,obsval,4.0,0.1,30,0.1,crossfit_rank_empty_standdown,1.0,4,50,3,3055.557053889148,0.01119865905379841,0.01119865905379841,0.01119865905379841,0.0,3.9565582851017536e-05,-1.6161044283809363e-05,0.0,0.5,0.0,reference,-1.4210854715202004e-17,0.0,nan,nan,nan,,,nan,nan,nan,nan,nan,nan,nan,nan,0.0,0.277,nan,0.0,0,319,nan,0.19193742478941034,0.0,0.0,0.0,0.028420121911970447,0.028420121911970447,0.0,nan,nan,0.8359162794573772,0.8359162794573772
m01-j0061,manifest.tsv,dml2_real_real_digits_misaligned_ctmle_n6000_s1_chunk12.reps.csv,real_digits_misaligned,box,6000,0.05,1.0,estimated_residual_lowp_supported,ctmle,estimated,xgboost,xgboost,if_residual,1.0,0.0|0.25|0.5|1.0,aipw_variance,-1.0,1.0,obsval,4.0,0.1,30,0.1,crossfit_rank_empty_standdown,1.0,4,50,4,4074.441856171936,0.05136237950651901,0.05136237950651901,0.05136237950651901,0.0,5.011361697470989e-05,-3.574360927675673e-05,0.0,0.5,0.0,reference,-1.6579330501069006e-17,5.551115123125783e-17,nan,nan,nan,,,nan,nan,nan,nan,nan,nan,nan,nan,0.075,0.2763333333333333,0.9155555555555556,0.24849215922798554,67,328,0.14888888888888888,0.19782870928829915,0.023507908647769832,0.023507908647769832,0.0,0.029704609233076898,0.029704609233076898,0.0,0.9281037937310416,0.9281037937310416,0.8196799867601375,0.8196799867601375
m01-j0062,manifest.tsv,dml2_real_real_digits_misaligned_ctmle_n6000_s1_chunk13.reps.csv,real_digits_misaligned,box,6000,0.05,1.0,estimated_residual_lowp_supported,ctmle,estimated,xgboost,xgboost,if_residual,1.0,0.0|0.25|0.5|1.0,aipw_variance,-1.0,1.0,obsval,4.0,0.1,30,0.1,crossfit_rank_empty_standdown,1.0,4,50,1,1024.90460862685,0.05085786560939079,0.05085786560939079,0.05085786560939079,0.0,3.6808348174397886e-05,-2.486773303156007e-05,0.0,0.5,0.0,reference,4.736951571734001e-18,0.0,nan,nan,nan,,,nan,nan,nan,nan,nan,nan,nan,nan,0.075,0.2753333333333333,0.9222222222222223,0.25121065375302665,58,360,0.1288888888888889,0.2179176755447942,0.019616111333977,0.019616111333977,0.0,0.022519501924477946,0.022519501924477946,0.0,0.9686734428535555,0.9686734428535555,0.8481426296305946,0.8481426296305946
m01-j0062,manifest.tsv,dml2_real_real_digits_misaligned_ctmle_n6000_s1_chunk13.reps.csv,real_digits_misaligned,box,6000,0.05,1.0,estimated_residual_lowp_supported,ctmle,estimated,xgboost,xgboost,if_residual,1.0,0.0|0.25|0.5|1.0,aipw_variance,-1.0,1.0,obsval,4.0,0.1,30,0.1,crossfit_rank_empty_standdown,1.0,4,50,2,2046.990018975921,0.04117150862358332,0.04117150862358332,0.04117150862358332,0.0,2.9876560835923353e-05,-1.4296004451098195e-05,0.0,0.5,0.0,reference,5.921189464667502e-18,0.0,nan,nan,nan,,,nan,nan,nan,nan,nan,nan,nan,nan,0.1,0.27616666666666667,0.9266666666666666,0.3355461677730839,84,321,0.14,0.19372359686179844,0.02570721689059,0.02570721689059,0.0,0.0343087450516051,0.0343087450516051,0.0,1.0820485846015395,1.0820485846015395,0.9220014457640245,0.9220014457640245
m01-j0062,manifest.tsv,dml2_real_real_digits_misaligned_ctmle_n6000_s1_chunk13.reps.csv,real_digits_misaligned,box,6000,0.05,1.0,estimated_residual_lowp_supported,ctmle,estimated,xgboost,xgboost,if_residual,1.0,0.0|0.25|0.5|1.0,aipw_variance,-1.0,1.0,obsval,4.0,0.1,30,0.1,crossfit_rank_empty_standdown,1.0,4,50,3,3078.474367341958,0.006143143162369968,0.006143143162369968,0.006143143162369968,0.0,2.4508642835808473e-05,-2.0555277975885375e-05,0.0,0.5,0.0,reference,1.3026616822268503e-17,0.0,nan,nan,nan,,,nan,nan,nan,nan,nan,nan,nan,nan,0.05,0.2773333333333333,0.96,0.17307692307692307,32,340,0.10666666666666667,0.20432692307692307,0.016064702179086322,0.016064702179086322,0.0,0.03373660970116539,0.03373660970116539,0.0,0.8511986588522389,0.8511986588522389,0.8714614245950617,0.8714614245950617
m01-j0062,manifest.tsv,dml2_real_real_digits_misaligned_ctmle_n6000_s1_chunk13.reps.csv,real_digits_misaligned,box,6000,0.05,1.0,estimated_residual_lowp_supported,ctmle,estimated,xgboost,xgboost,if_residual,1.0,0.0|0.25|0.5|1.0,aipw_variance,-1.0,1.0,obsval,4.0,0.1,30,0.1,crossfit_rank_empty_standdown,1.0,4,50,4,4089.2970525678247,0.03751585125069734,0.03751585125069734,0.03751585125069734,0.0,3.9907584212182804e-05,-6.1171802962056276e-06,0.0,0.5,0.0,reference,2.3684757858670005e-18,5.551115123125783e-17,nan,nan,nan,,,nan,nan,nan,nan,nan,nan,nan,nan,0.0,0.2808333333333333,nan,0.0,0,335,nan,0.19881305637982197,0.0,0.0,0.0,0.030897701892644513,0.030897701892644513,0.0,nan,nan,0.8714858429460913,0.8714858429460913
m01-j0063,manifest.tsv,dml2_real_real_digits_misaligned_ctmle_n6000_s1_chunk14.reps.csv,real_digits_misaligned,box,6000,0.05,1.0,estimated_residual_lowp_supported,ctmle,estimated,xgboost,xgboost,if_residual,1.0,0.0|0.25|0.5|1.0,aipw_variance,-1.0,1.0,obsval,4.0,0.1,30,0.1,crossfit_rank_empty_standdown,1.0,4,50,1,1030.3306735120714,0.05469782799893819,0.05469782799893819,0.05469782799893819,0.0,4.490008169747914e-05,-3.8362834225030644e-05,0.0,0.5,0.0,reference,-2.3684757858670005e-18,5.551115123125783e-17,nan,nan,nan,,,nan,nan,nan,nan,nan,nan,nan,nan,0.0,0.27516666666666667,nan,0.0,0,338,nan,0.2047244094488189,0.0,0.0,0.0,0.03973643794076213,0.03973643794076213,0.0,nan,nan,0.8663245507436773,0.8663245507436773
m01-j0063,manifest.tsv,dml2_real_real_digits_misaligned_ctmle_n6000_s1_chunk14.reps.csv,real_digits_misaligned,box,6000,0.05,1.0,estimated_residual_lowp_supported,ctmle,estimated,xgboost,xgboost,if_residual,1.0,0.0|0.25|0.5|1.0,aipw_variance,-1.0,1.0,obsval,4.0,0.1,30,0.1,crossfit_rank_empty_standdown,1.0,4,50,2,2050.499289899133,-0.0016743242272673209,-0.0016743242272673209,-0.0016743242272673209,0.0,3.983943949052498e-05,-4.519820019309928e-05,0.0,0.5,0.0,reference,-9.473903143468002e-18,2.7755575615628914e-17,nan,nan,nan,,,nan,nan,nan,nan,nan,nan,nan,nan,0.1,0.2668333333333333,0.9116666666666666,0.34166146158650845,85,338,0.14166666666666666,0.21111805121798877,0.027890356661034024,0.027890356661034024,0.0,0.03465703145426426,0.03465703145426426,0.0,1.0892640047026938,1.0892640047026938,0.9045300990118723,0.9045300990118723
m01-j0063,manifest.tsv,dml2_real_real_digits_misaligned_ctmle_n6000_s1_chunk14.reps.csv,real_digits_misaligned,box,6000,0.05,1.0,estimated_residual_lowp_supported,ctmle,estimated,xgboost,xgboost,if_residual,1.0,0.0|0.25|0.5|1.0,aipw_variance,-1.0,1.0,obsval,4.0,0.1,30,0.1,crossfit_rank_empty_standdown,1.0,4,50,3,3094.726085105911,0.028766108259036915,0.028766108259036915,0.028766108259036915,0.0,2.603786476615183e-05,-1.0181222310178082e-05,0.0,0.5,0.0,reference,-1.4210854715202004e-17,0.0,nan,nan,nan,,,nan,nan,nan,nan,nan,nan,nan,nan,0.0,0.266,nan,0.0,0,334,nan,0.20927318295739347,0.0,0.0,0.0,0.026247898610867855,0.026247898610867855,0.0,nan,nan,0.960295307997213,0.960295307997213
m01-j0063,manifest.tsv,dml2_real_real_digits_misaligned_ctmle_n6000_s1_chunk14.reps.csv,real_digits_misaligned,box,6000,0.05,1.0,estimated_residual_lowp_supported,ctmle,estimated,xgboost,xgboost,if_residual,1.0,0.0|0.25|0.5|1.0,aipw_variance,-1.0,1.0,obsval,4.0,0.1,30,0.1,crossfit_rank_empty_standdown,1.0,4,50,4,4108.669037914835,0.08167350383982994,0.08167350383982994,0.08167350383982994,0.0,2.1443586476618142e-05,-6.621608542581293e-06,0.0,0.5,0.0,reference,-2.3684757858670005e-18,0.0,nan,nan,nan,,,nan,nan,nan,nan,nan,nan,nan,nan,0.0,0.26566666666666666,nan,0.0,0,330,nan,0.20702634880803011,0.0,0.0,0.0,0.04499753955707362,0.04499753955707362,0.0,nan,nan,0.9977078086121167,0.9977078086121167
m01-j0064,manifest.tsv,dml2_real_real_digits_misaligned_ctmle_n6000_s1_chunk15.reps.csv,real_digits_misaligned,box,6000,0.05,1.0,estimated_residual_lowp_supported,ctmle,estimated,xgboost,xgboost,if_residual,1.0,0.0|0.25|0.5|1.0,aipw_variance,-1.0,1.0,obsval,4.0,0.1,30,0.1,crossfit_rank_empty_standdown,1.0,4,50,1,1017.8765073567629,0.008524380579943897,0.008524380579943897,0.008524380579943897,0.0,3.7313263999605786e-05,-3.052599498135837e-06,0.0,0.5,0.0,reference,-1.6579330501069006e-17,5.551115123125783e-17,nan,nan,nan,,,nan,nan,nan,nan,nan,nan,nan,nan,0.05,0.27316666666666667,0.97,0.17754728492983526,32,305,0.10666666666666667,0.18608907870652838,0.006294326042169788,0.006294326042169788,0.0,0.006857717838637725,0.006857717838637725,0.0,1.1125649303140683,1.1125649303140683,0.880231090592054,0.880231090592054
m01-j0064,manifest.tsv,dml2_real_real_digits_misaligned_ctmle_n6000_s1_chunk15.reps.csv,real_digits_misaligned,box,6000,0.05,1.0,estimated_residual_lowp_supported,ctmle,estimated,xgboost,xgboost,if_residual,1.0,0.0|0.25|0.5|1.0,aipw_variance,-1.0,1.0,obsval,4.0,0.1,30,0.1,crossfit_rank_empty_standdown,1.0,4,50,2,2037.9737465819344,0.050802456728499756,0.050802456728499756,0.050802456728499756,0.0,3.854005109471461e-05,6.971969475304219e-06,0.0,0.5,0.0,reference,1.0658141036401503e-17,0.0,nan,nan,nan,,,nan,nan,nan,nan,nan,nan,nan,nan,0.0,0.26966666666666667,nan,0.0,0,334,nan,0.20642768850432633,0.0,0.0,0.0,0.021998263496296865,0.021998263496296865,0.0,nan,nan,0.8831396654735975,0.8831396654735975
m01-j0064,manifest.tsv,dml2_real_real_digits_misaligned_ctmle_n6000_s1_chunk15.reps.csv,real_digits_misaligned,box,6000,0.05,1.0,estimated_residual_lowp_supported,ctmle,estimated,xgboost,xgboost,if_residual,1.0,0.0|0.25|0.5|1.0,aipw_variance,-1.0,1.0,obsval,4.0,0.1,30,0.1,crossfit_rank_empty_standdown,1.0,4,50,3,3070.6489888867363,0.013172703234327843,0.013172703234327843,0.013172703234327843,0.0,2.5353365024649707e-05,-1.2737538296332175e-05,0.0,0.5,0.0,reference,-4.1448326252672514e-18,2.7755575615628914e-17,nan,nan,nan,,,nan,nan,nan,nan,nan,nan,nan,nan,0.05,0.275,0.9766666666666667,0.17757575757575758,30,340,0.1,0.20606060606060606,0.017008348776501855,0.017008348776501855,0.0,0.0233638215717608,0.0233638215717608,0.0,1.0637053894312272,1.0637053894312272,0.8506892414915407,0.8506892414915407
m01-j0064,manifest.tsv,dml2_real_real_digits_misaligned_ctmle_n6000_s1_chunk15.reps.csv,real_digits_misaligned,box,6000,0.05,1.0,estimated_residual_lowp_supported,ctmle,estimated,xgboost,xgboost,if_residual,1.0,0.0|0.25|0.5|1.0,aipw_variance,-1.0,1.0,obsval,4.0,0.1,30,0.1,crossfit_rank_empty_standdown,1.0,4,50,4,4094.99078354612,0.05635338816434882,0.05635338816434882,0.05635338816434882,0.0,2.4352840996517272e-05,-3.2262249836454175e-05,0.0,0.5,0.0,reference,5.921189464667501e-19,0.0,nan,nan,nan,,,nan,nan,nan,nan,nan,nan,nan,nan,0.05,0.27566666666666667,0.93,0.1686819830713422,45,358,0.15,0.21644498186215236,0.010584755361740202,0.010584755361740202,0.0,0.02892346791221485,0.02892346791221485,0.0,1.1099042017436458,1.1099042017436458,0.882997494986728,0.882997494986728
m01-j0065,manifest.tsv,dml2_real_real_digits_misaligned_ctmle_n6000_s1_chunk16.reps.csv,real_digits_misaligned,box,6000,0.05,1.0,estimated_residual_lowp_supported,ctmle,estimated,xgboost,xgboost,if_residual,1.0,0.0|0.25|0.5|1.0,aipw_variance,-1.0,1.0,obsval,4.0,0.1,30,0.1,crossfit_rank_empty_standdown,1.0,4,50,1,1005.6551654366776,0.016837326258208885,0.016837326258208885,0.016837326258208885,0.0,4.082382303258409e-05,-2.2031914349186473e-05,0.0,0.5,0.0,reference,1.8059627867235878e-17,0.0,nan,nan,nan,,,nan,nan,nan,nan,nan,nan,nan,nan,0.1,0.2778333333333333,0.9183333333333333,0.33053389322135573,96,329,0.16,0.19736052789442113,0.017867091321193036,0.017867091321193036,0.0,0.01743365605340253,0.01743365605340253,0.0,1.0114392227578002,1.0114392227578002,0.8366162835437897,0.8366162835437897
m01-j0065,manifest.tsv,dml2_real_real_digits_misaligned_ctmle_n6000_s1_chunk16.reps.csv,real_digits_misaligned,box,6000,0.05,1.0,estimated_residual_lowp_supported,ctmle,estimated,xgboost,xgboost,if_residual,1.0,0.0|0.25|0.5|1.0,aipw_variance,-1.0,1.0,obsval,4.0,0.1,30,0.1,crossfit_rank_empty_standdown,1.0,4,50,2,2017.4402793571353,0.08460028002437084,0.08460028002437084,0.08460028002437084,0.0,3.59872490752677e-05,-4.333013708493244e-06,0.0,0.5,0.0,reference,2.9605947323337507e-19,0.0,nan,nan,nan,,,nan,nan,nan,nan,nan,nan,nan,nan,0.075,0.267,0.8955555555555555,0.2515605493133583,78,324,0.17333333333333334,0.20224719101123595,0.018837082128696683,0.018837082128696683,0.0,0.04738468886723844,0.04738468886723844,0.0,1.211352666616944,1.211352666616944,0.911229534055756,0.911229534055756
m01-j0065,manifest.tsv,dml2_real_real_digits_misaligned_ctmle_n6000_s1_chunk16.reps.csv,real_digits_misaligned,box,6000,0.05,1.0,estimated_residual_lowp_supported,ctmle,estimated,xgboost,xgboost,if_residual,1.0,0.0|0.25|0.5|1.0,aipw_variance,-1.0,1.0,obsval,4.0,0.1,30,0.1,crossfit_rank_empty_standdown,1.0,4,50,3,3043.72364206519,0.032959339728267784,0.032959339728267784,0.032959339728267784,0.0,3.2813157079618e-05,-1.1867908196439914e-05,0.0,0.5,0.0,reference,9.473903143468002e-18,-5.551115123125783e-17,nan,nan,nan,,,nan,nan,nan,nan,nan,nan,nan,nan,0.075,0.26866666666666666,0.94,0.26240694789081886,50,329,0.1111111111111111,0.20409429280397023,0.016852211803219334,0.016852211803219334,0.0,0.02201513825634469,0.02201513825634469,0.0,1.168728317921751,1.168728317921751,0.918087551535175,0.918087551535175
m01-j0065,manifest.tsv,dml2_real_real_digits_misaligned_ctmle_n6000_s1_chunk16.reps.csv,real_digits_misaligned,box,6000,0.05,1.0,estimated_residual_lowp_supported,ctmle,estimated,xgboost,xgboost,if_residual,1.0,0.0|0.25|0.5|1.0,aipw_variance,-1.0,1.0,obsval,4.0,0.1,30,0.1,crossfit_rank_empty_standdown,1.0,4,50,4,4061.190256729722,0.02084374480241427,0.02084374480241427,0.02084374480241427,0.0,2.5173971857627006e-05,-2.7714615246807086e-05,0.0,0.5,0.0,reference,1.1842378929335003e-18,0.0,nan,nan,nan,,,nan,nan,nan,nan,nan,nan,nan,nan,0.075,0.2685,0.9266666666666666,0.25884543761638734,56,322,0.12444444444444444,0.19987585350713843,0.019898271325859702,0.019898271325859702,0.0,0.024233798359006225,0.024233798359006225,0.0,1.024364966031807,1.024364966031807,0.8916086081422656,0.8916086081422656
m01-j0066,manifest.tsv,dml2_real_real_digits_misaligned_ctmle_n6000_s1_chunk17.reps.csv,real_digits_misaligned,box,6000,0.05,1.0,estimated_residual_lowp_supported,ctmle,estimated,xgboost,xgboost,if_residual,1.0,0.0|0.25|0.5|1.0,aipw_variance,-1.0,1.0,obsval,4.0,0.1,30,0.1,crossfit_rank_empty_standdown,1.0,4,50,1,1001.3407228896394,0.04396666981529776,0.04396666981529776,0.04396666981529776,0.0,4.165027457169617e-05,-4.6244243540068185e-05,0.0,0.5,0.0,reference,4.736951571734001e-18,5.551115123125783e-17,nan,nan,nan,,,nan,nan,nan,nan,nan,nan,nan,nan,0.0,0.2733333333333333,nan,0.0,0,342,nan,0.20853658536585365,0.0,0.0,0.0,0.03540472511845768,0.03540472511845768,0.0,nan,nan,0.9215500634922447,0.9215500634922447
m01-j0066,manifest.tsv,dml2_real_real_digits_misaligned_ctmle_n6000_s1_chunk17.reps.csv,real_digits_misaligned,box,6000,0.05,1.0,estimated_residual_lowp_supported,ctmle,estimated,xgboost,xgboost,if_residual,1.0,0.0|0.25|0.5|1.0,aipw_variance,-1.0,1.0,obsval,4.0,0.1,30,0.1,crossfit_rank_empty_standdown,1.0,4,50,2,1999.5347169311717,-0.008918874748784666,-0.008918874748784666,-0.008918874748784666,0.0,2.6701356727165454e-05,1.4828747175583544e-05,0.0,0.5,0.0,reference,-4.736951571734001e-18,0.0,nan,nan,nan,,,nan,nan,nan,nan,nan,nan,nan,nan,0.1,0.2758333333333333,0.9016666666666666,0.3268882175226586,104,339,0.17333333333333334,0.20483383685800605,0.0201496960285763,0.0201496960285763,0.0,0.01794674447230407,0.01794674447230407,0.0,1.155513043655769,1.155513043655769,0.8785364415736641,0.8785364415736641
m01-j0066,manifest.tsv,dml2_real_real_digits_misaligned_ctmle_n6000_s1_chunk17.reps.csv,real_digits_misaligned,box,6000,0.05,1.0,estimated_residual_lowp_supported,ctmle,estimated,xgboost,xgboost,if_residual,1.0,0.0|0.25|0.5|1.0,aipw_variance,-1.0,1.0,obsval,4.0,0.1,30,0.1,crossfit_rank_empty_standdown,1.0,4,50,3,3019.6005318742245,0.02981880489123681,0.02981880489123681,0.02981880489123681,0.0,3.918130239740042e-05,-6.701077010483347e-06,0.0,0.5,0.0,reference,5.3290705182007515e-18,0.0,nan,nan,nan,,,nan,nan,nan,nan,nan,nan,nan,nan,0.075,0.274,0.9466666666666667,0.2591240875912409,60,339,0.13333333333333333,0.2062043795620438,0.023423895138786236,0.023423895138786236,0.0,0.02774609560098628,0.02774609560098628,0.0,1.1964309632355463,1.1964309632355463,0.8730424267184582,0.8730424267184582
m01-j0066,manifest.tsv,dml2_real_real_digits_misaligned_ctmle_n6000_s1_chunk17.reps.csv,real_digits_misaligned,box,6000,0.05,1.0,estimated_residual_lowp_supported,ctmle,estimated,xgboost,xgboost,if_residual,1.0,0.0|0.25|0.5|1.0,aipw_variance,-1.0,1.0,obsval,4.0,0.1,30,0.1,crossfit_rank_empty_standdown,1.0,4,50,4,4028.709348133765,0.05521831201826968,0.05521831201826968,0.05521831201826968,0.0,3.146545409507583e-05,-1.2676960494235293e-05,0.0,0.5,0.0,reference,4.736951571734001e-18,-5.551115123125783e-17,nan,nan,nan,,,nan,nan,nan,nan,nan,nan,nan,nan,0.1,0.277,0.9483333333333334,0.3423586040914561,66,339,0.11,0.20397111913357402,0.033127679828470785,0.033127679828470785,0.0,0.03880132626195855,0.03880132626195855,0.0,0.9677034726161406,0.9677034726161406,0.8377326185524631,0.8377326185524631
m01-j0067,manifest.tsv,dml2_real_real_digits_misaligned_ctmle_n6000_s1_chunk18.reps.csv,real_digits_misaligned,box,6000,0.05,1.0,estimated_residual_lowp_supported,ctmle,estimated,xgboost,xgboost,if_residual,1.0,0.0|0.25|0.5|1.0,aipw_variance,-1.0,1.0,obsval,4.0,0.1,30,0.1,crossfit_rank_empty_standdown,1.0,4,50,1,992.5426005003974,0.04858251859353563,0.04858251859353563,0.04858251859353563,0.0,3.097422853855182e-05,-7.523700395376844e-06,0.0,0.5,0.0,reference,1.1250259982868253e-17,-5.551115123125783e-17,nan,nan,nan,,,nan,nan,nan,nan,nan,nan,nan,nan,0.075,0.2775,0.9066666666666666,0.24504504504504504,69,334,0.15333333333333332,0.2006006006006006,0.019179496252923138,0.019179496252923138,0.0,0.02892942403747749,0.02892942403747749,0.0,1.0038262962098405,1.0038262962098405,0.8323018577069449,0.8323018577069449
m01-j0067,manifest.tsv,dml2_real_real_digits_misaligned_ctmle_n6000_s1_chunk18.reps.csv,real_digits_misaligned,box,6000,0.05,1.0,estimated_residual_lowp_supported,ctmle,estimated,xgboost,xgboost,if_residual,1.0,0.0|0.25|0.5|1.0,aipw_variance,-1.0,1.0,obsval,4.0,0.1,30,0.1,crossfit_rank_empty_standdown,1.0,4,50,2,2001.7274119257927,-0.004813655294956698,-0.004813655294956698,-0.004813655294956698,0.0,2.5643273502530192e-05,-2.548175298277644e-05,0.0,0.5,0.0,reference,1.1842378929335003e-18,2.7755575615628914e-17,nan,nan,nan,,,nan,nan,nan,nan,nan,nan,nan,nan,0.1,0.2738333333333333,0.9316666666666666,0.3402312842361534,90,364,0.15,0.2215459525258673,0.012845678104923921,0.012845678104923921,0.0,0.011463207012533902,0.011463207012533902,0.0,1.0469384147129364,1.0469384147129364,0.900544431171913,0.900544431171913
m01-j0067,manifest.tsv,dml2_real_real_digits_misaligned_ctmle_n6000_s1_chunk18.reps.csv,real_digits_misaligned,box,6000,0.05,1.0,estimated_residual_lowp_supported,ctmle,estimated,xgboost,xgboost,if_residual,1.0,0.0|0.25|0.5|1.0,aipw_variance,-1.0,1.0,obsval,4.0,0.1,30,0.1,crossfit_rank_empty_standdown,1.0,4,50,3,3018.2380635254085,0.014775206080870018,0.014775206080870018,0.014775206080870018,0.0,2.8637885040881054e-05,-6.800554576723522e-06,0.0,0.5,0.0,reference,-4.1448326252672514e-18,0.0,nan,nan,nan,,,nan,nan,nan,nan,nan,nan,nan,nan,0.1,0.27616666666666667,0.9366666666666666,0.3391671695835848,84,321,0.14,0.19372359686179844,0.017464614098148888,0.017464614098148888,0.0,0.021499728814118987,0.021499728814118987,0.0,1.0673503309577812,1.0673503309577812,0.8614255762078133,0.8614255762078133
m01-j0067,manifest.tsv,dml2_real_real_digits_misaligned_ctmle_n6000_s1_chunk18.reps.csv,real_digits_misaligned,box,6000,0.05,1.0,estimated_residual_lowp_supported,ctmle,estimated,xgboost,xgboost,if_residual,1.0,0.0|0.25|0.5|1.0,aipw_variance,-1.0,1.0,obsval,4.0,0.1,30,0.1,crossfit_rank_empty_standdown,1.0,4,50,4,4022.6047400394455,0.01566416664174966,0.01566416664174966,0.01566416664174966,0.0,3.418327864805994e-05,4.212788485820926e-06,0.0,0.5,0.0,reference,-4.736951571734001e-18,-5.551115123125783e-17,nan,nan,nan,,,nan,nan,nan,nan,nan,nan,nan,nan,0.05,0.26666666666666666,0.9633333333333334,0.180625,36,333,0.12,0.208125,0.01804008823395792,0.01804008823395792,0.0,0.026953706933452438,0.026953706933452438,0.0,1.13227218919437,1.13227218919437,0.860631103289391,0.860631103289391
m01-j0068,manifest.tsv,dml2_real_real_digits_misaligned_ctmle_n6000_s1_chunk19.reps.csv,real_digits_misaligned,box,6000,0.05,1.0,estimated_residual_lowp_supported,ctmle,estimated,xgboost,xgboost,if_residual,1.0,0.0|0.25|0.5|1.0,aipw_variance,-1.0,1.0,obsval,4.0,0.1,30,0.1,crossfit_rank_empty_standdown,1.0,4,50,1,1002.6590887270868,0.022009950279927748,0.022009950279927748,0.022009950279927748,0.0,2.2523391131413595e-05,1.2131773150536509e-05,0.0,0.5,0.0,reference,1.1842378929335003e-18,0.0,nan,nan,nan,,,nan,nan,nan,nan,nan,nan,nan,nan,0.0,0.2775,nan,0.0,0,361,nan,0.2168168168168168,0.0,0.0,0.0,0.016846008125635376,0.016846008125635376,0.0,nan,nan,0.748069349055164,0.748069349055164
m01-j0068,manifest.tsv,dml2_real_real_digits_misaligned_ctmle_n6000_s1_chunk19.reps.csv,real_digits_misaligned,box,6000,0.05,1.0,estimated_residual_lowp_supported,ctmle,estimated,xgboost,xgboost,if_residual,1.0,0.0|0.25|0.5|1.0,aipw_variance,-1.0,1.0,obsval,4.0,0.1,30,0.1,crossfit_rank_empty_standdown,1.0,4,50,2,2000.3104445422068,0.03288437395887006,0.03288437395887006,0.03288437395887006,0.0,3.028584685392608e-05,2.9143395492362467e-05,0.0,0.5,0.0,reference,0.0,0.0,nan,nan,nan,,,nan,nan,nan,nan,nan,nan,nan,nan,0.1,0.27516666666666667,0.905,0.3288915808600848,87,328,0.145,0.19866747425802544,0.02193143451052773,0.02193143451052773,0.0,0.028328369587019703,0.028328369587019703,0.0,1.1549324005772237,1.1549324005772237,0.9004979357698665,0.9004979357698665
m01-j0068,manifest.tsv,dml2_real_real_digits_misaligned_ctmle_n6000_s1_chunk19.reps.csv,real_digits_misaligned,box,6000,0.05,1.0,estimated_residual_lowp_supported,ctmle,estimated,xgboost,xgboost,if_residual,1.0,0.0|0.25|0.5|1.0,aipw_variance,-1.0,1.0,obsval,4.0,0.1,30,0.1,crossfit_rank_empty_standdown,1.0,4,50,3,3023.91503396444,0.04974580045650412,0.04974580045650412,0.04974580045650412,0.0,4.7191646829772716e-05,-1.4916903597147048e-05,0.0,0.5,0.0,reference,-4.736951571734001e-18,0.0,nan,nan,nan,,,nan,nan,nan,nan,nan,nan,nan,nan,0.05,0.2753333333333333,0.96,0.17433414043583534,37,294,0.12333333333333334,0.17796610169491525,0.01185787642109049,0.01185787642109049,0.0,0.022408742369316142,0.022408742369316142,0.0,1.1790140364822208,1.1790140364822208,0.8855949101592042,0.8855949101592042
m01-j0068,manifest.tsv,dml2_real_real_digits_misaligned_ctmle_n6000_s1_chunk19.reps.csv,real_digits_misaligned,box,6000,0.05,1.0,estimated_residual_lowp_supported,ctmle,estimated,xgboost,xgboost,if_residual,1.0,0.0|0.25|0.5|1.0,aipw_variance,-1.0,1.0,obsval,4.0,0.1,30,0.1,crossfit_rank_empty_standdown,1.0,4,50,4,4053.5262726172805,9.036264555370432e-05,9.036264555370432e-05,9.036264555370432e-05,0.0,2.602300456803065e-05,-3.39337749793372e-05,0.0,0.5,0.0,reference,7.105427357601002e-18,-5.551115123125783e-17,nan,nan,nan,,,nan,nan,nan,nan,nan,nan,nan,nan,0.075,0.2753333333333333,0.9577777777777777,0.2608958837772397,57,337,0.12666666666666668,0.20399515738498789,0.014840937833436648,0.014840937833436648,0.0,0.013351604686273015,0.013351604686273015,0.0,0.9321478080975346,0.9321478080975346,0.8444383432161885,0.8444383432161885
m01-j0069,manifest.tsv,dml2_real_real_digits_misaligned_ctmle_n6000_s1_chunk20.reps.csv,real_digits_misaligned,box,6000,0.05,1.0,estimated_residual_lowp_supported,ctmle,estimated,xgboost,xgboost,if_residual,1.0,0.0|0.25|0.5|1.0,aipw_variance,-1.0,1.0,obsval,4.0,0.1,30,0.1,crossfit_rank_empty_standdown,1.0,4,50,1,1001.9622212797403,0.019755500985636748,0.019755500985636748,0.019755500985636748,0.0,3.415233305634495e-05,-1.942300572871212e-05,0.0,0.5,0.0,reference,-5.3290705182007515e-18,0.0,nan,nan,nan,,,nan,nan,nan,nan,nan,nan,nan,nan,0.1,0.2755,0.925,0.33575317604355714,83,330,0.13833333333333334,0.1996370235934664,0.014012917108256858,0.014012917108256858,0.0,0.013937288861714085,0.013937288861714085,0.0,0.9634960776318504,0.9634960776318504,0.8230723288642224,0.8230723288642224
m01-j0069,manifest.tsv,dml2_real_real_digits_misaligned_ctmle_n6000_s1_chunk20.reps.csv,real_digits_misaligned,box,6000,0.05,1.0,estimated_residual_lowp_supported,ctmle,estimated,xgboost,xgboost,if_residual,1.0,0.0|0.25|0.5|1.0,aipw_variance,-1.0,1.0,obsval,4.0,0.1,30,0.1,crossfit_rank_empty_standdown,1.0,4,50,2,2001.799897223711,0.026240637599507705,0.026240637599507705,0.026240637599507705,0.0,3.409662327880634e-05,-2.9160931567499327e-05,0.0,0.5,0.0,reference,-1.6579330501069006e-17,5.551115123125783e-17,nan,nan,nan,,,nan,nan,nan,nan,nan,nan,nan,nan,0.0,0.2798333333333333,nan,0.0,0,336,nan,0.20011911852293032,0.0,0.0,0.0,0.03063124599847078,0.03063124599847078,0.0,nan,nan,0.8635269485224565,0.8635269485224565
m01-j0069,manifest.tsv,dml2_real_real_digits_misaligned_ctmle_n6000_s1_chunk20.reps.csv,real_digits_misaligned,box,6000,0.05,1.0,estimated_residual_lowp_supported,ctmle,estimated,xgboost,xgboost,if_residual,1.0,0.0|0.25|0.5|1.0,aipw_variance,-1.0,1.0,obsval,4.0,0.1,30,0.1,crossfit_rank_empty_standdown,1.0,4,50,3,3016.4797491189092,0.029853461465660786,0.029853461465660786,0.029853461465660786,0.0,2.9394057392170955e-05,-2.677504417165791e-05,0.0,0.5,0.0,reference,-1.4210854715202004e-17,0.0,nan,nan,nan,,,nan,nan,nan,nan,nan,nan,nan,nan,0.075,0.2798333333333333,0.9266666666666666,0.24836212030970817,68,366,0.1511111111111111,0.21798689696247767,0.009772138823376905,0.009772138823376905,0.0,0.014778306279981071,0.014778306279981071,0.0,0.9146153028737416,0.9146153028737416,0.7681703319328447,0.7681703319328447
m01-j0069,manifest.tsv,dml2_real_real_digits_misaligned_ctmle_n6000_s1_chunk20.reps.csv,real_digits_misaligned,box,6000,0.05,1.0,estimated_residual_lowp_supported,ctmle,estimated,xgboost,xgboost,if_residual,1.0,0.0|0.25|0.5|1.0,aipw_variance,-1.0,1.0,obsval,4.0,0.1,30,0.1,crossfit_rank_empty_standdown,1.0,4,50,4,4023.1333041032776,0.05053141957854829,0.05053141957854829,0.05053141957854829,0.0,2.6572459311778596e-05,-2.5379905560221606e-05,0.0,0.5,0.0,reference,-1.4802973661668754e-17,0.0,nan,nan,nan,,,nan,nan,nan,nan,nan,nan,nan,nan,0.0,0.26416666666666666,nan,0.0,0,347,nan,0.21892744479495269,0.0,0.0,0.0,0.02660276003074056,0.02660276003074056,0.0,nan,nan,0.9198781682221234,0.9198781682221234
m01-j0070,manifest.tsv,dml2_real_real_digits_misaligned_ctmle_n6000_s1_chunk21.reps.csv,real_digits_misaligned,box,6000,0.05,1.0,estimated_residual_lowp_supported,ctmle,estimated,xgboost,xgboost,if_residual,1.0,0.0|0.25|0.5|1.0,aipw_variance,-1.0,1.0,obsval,4.0,0.1,30,0.1,crossfit_rank_empty_standdown,1.0,4,50,1,1002.0978278936818,0.025221760969356105,0.025221760969356105,0.025221760969356105,0.0,4.096213055790386e-05,-4.7259496718041335e-05,0.0,0.5,0.0,reference,-3.552713678800501e-18,0.0,nan,nan,nan,,,nan,nan,nan,nan,nan,nan,nan,nan,0.1,0.2783333333333333,0.92,0.33053892215568864,80,340,0.13333333333333333,0.20359281437125748,0.023153795127588438,0.023153795127588438,0.0,0.03142856663723602,0.03142856663723602,0.0,1.0191190936419134,1.0191190936419134,0.8499510708907799,0.8499510708907799
m01-j0070,manifest.tsv,dml2_real_real_digits_misaligned_ctmle_n6000_s1_chunk21.reps.csv,real_digits_misaligned,box,6000,0.05,1.0,estimated_residual_lowp_supported,ctmle,estimated,xgboost,xgboost,if_residual,1.0,0.0|0.25|0.5|1.0,aipw_variance,-1.0,1.0,obsval,4.0,0.1,30,0.1,crossfit_rank_empty_standdown,1.0,4,50,2,2011.1657764827833,0.014698043302708325,0.014698043302708325,0.014698043302708325,0.0,3.644753611454902e-05,-3.2106838177110896e-05,0.0,0.5,0.0,reference,-1.569115208136888e-17,2.7755575615628914e-17,nan,nan,nan,,,nan,nan,nan,nan,nan,nan,nan,nan,0.1,0.2763333333333333,0.9183333333333333,0.3323281061519904,83,328,0.13833333333333334,0.19782870928829915,0.0028332540817084767,0.0028332540817084767,0.0,0.002238962906471948,0.002238962906471948,0.0,1.1368370675085007,1.1368370675085007,0.8919410327240492,0.8919410327240492
m01-j0070,manifest.tsv,dml2_real_real_digits_misaligned_ctmle_n6000_s1_chunk21.reps.csv,real_digits_misaligned,box,6000,0.05,1.0,estimated_residual_lowp_supported,ctmle,estimated,xgboost,xgboost,if_residual,1.0,0.0|0.25|0.5|1.0,aipw_variance,-1.0,1.0,obsval,4.0,0.1,30,0.1,crossfit_rank_empty_standdown,1.0,4,50,3,3022.0308547103778,0.05786598503002527,0.05786598503002527,0.05786598503002527,0.0,4.6791977981408116e-05,-1.0517176278514173e-05,0.0,0.5,0.0,reference,-5.921189464667502e-18,-5.551115123125783e-17,nan,nan,nan,,,nan,nan,nan,nan,nan,nan,nan,nan,0.0,0.2685,nan,0.0,0,304,nan,0.18870266914959652,0.0,0.0,0.0,0.029378600383280162,0.029378600383280162,0.0,nan,nan,0.8958171093508581,0.8958171093508581
m01-j0070,manifest.tsv,dml2_real_real_digits_misaligned_ctmle_n6000_s1_chunk21.reps.csv,real_digits_misaligned,box,6000,0.05,1.0,estimated_residual_lowp_supported,ctmle,estimated,xgboost,xgboost,if_residual,1.0,0.0|0.25|0.5|1.0,aipw_variance,-1.0,1.0,obsval,4.0,0.1,30,0.1,crossfit_rank_empty_standdown,1.0,4,50,4,4022.9954428086057,0.06690505753628209,0.06690505753628209,0.06690505753628209,0.0,2.805474152967188e-05,8.175380092069278e-06,0.0,0.5,0.0,reference,-5.3290705182007515e-18,0.0,nan,nan,nan,,,nan,nan,nan,nan,nan,nan,nan,nan,0.05,0.27166666666666667,0.97,0.1785276073619632,37,327,0.12333333333333334,0.20061349693251534,0.029016112614922224,0.029016112614922224,0.0,0.04369235123171641,0.04369235123171641,0.0,1.3700368561965632,1.3700368561965632,0.9159471362411182,0.9159471362411182
m01-j0071,manifest.tsv,dml2_real_real_digits_misaligned_ctmle_n6000_s1_chunk22.reps.csv,real_digits_misaligned,box,6000,0.05,1.0,estimated_residual_lowp_supported,ctmle,estimated,xgboost,xgboost,if_residual,1.0,0.0|0.25|0.5|1.0,aipw_variance,-1.0,1.0,obsval,4.0,0.1,30,0.1,crossfit_rank_empty_standdown,1.0,4,50,1,994.5664952015504,0.028932731515453586,0.028932731515453586,0.028932731515453586,0.0,3.080357636225462e-05,5.524581498499983e-07,0.0,0.5,0.0,reference,2.3684757858670005e-18,0.0,nan,nan,nan,,,nan,nan,nan,nan,nan,nan,nan,nan,0.05,0.27266666666666667,0.96,0.17603911980440098,33,326,0.11,0.19926650366748166,0.012345957708253098,0.012345957708253098,0.0,0.020821022714898555,0.020821022714898555,0.0,1.0003601380877107,1.0003601380877107,0.8531950330337813,0.8531950330337813
m01-j0071,manifest.tsv,dml2_real_real_digits_misaligned_ctmle_n6000_s1_chunk22.reps.csv,real_digits_misaligned,box,6000,0.05,1.0,estimated_residual_lowp_supported,ctmle,estimated,xgboost,xgboost,if_residual,1.0,0.0|0.25|0.5|1.0,aipw_variance,-1.0,1.0,obsval,4.0,0.1,30,0.1,crossfit_rank_empty_standdown,1.0,4,50,2,1998.8818768793717,0.03839424023330687,0.03839424023330687,0.03839424023330687,0.0,2.775923304090171e-05,1.0616061039500136e-05,0.0,0.5,0.0,reference,4.736951571734001e-18,-5.551115123125783e-17,nan,nan,nan,,,nan,nan,nan,nan,nan,nan,nan,nan,0.05,0.2723333333333333,0.9333333333333333,0.17135862913096694,45,331,0.15,0.20257037943696451,0.00821079217903102,0.00821079217903102,0.0,0.030785368294980235,0.030785368294980235,0.0,1.029571329977407,1.029571329977407,0.9742950223289,0.9742950223289
m01-j0071,manifest.tsv,dml2_real_real_digits_misaligned_ctmle_n6000_s1_chunk22.reps.csv,real_digits_misaligned,box,6000,0.05,1.0,estimated_residual_lowp_supported,ctmle,estimated,xgboost,xgboost,if_residual,1.0,0.0|0.25|0.5|1.0,aipw_variance,-1.0,1.0,obsval,4.0,0.1,30,0.1,crossfit_rank_empty_standdown,1.0,4,50,3,3006.620320188813,0.03129350768465236,0.03129350768465236,0.03129350768465236,0.0,3.6972950661676466e-05,-2.472215876304798e-05,0.0,0.5,0.0,reference,-9.473903143468002e-18,0.0,nan,nan,nan,,,nan,nan,nan,nan,nan,nan,nan,nan,0.05,0.2718333333333333,0.9333333333333333,0.17167381974248927,34,305,0.11333333333333333,0.18700183936235437,0.009830303858223378,0.009830303858223378,0.0,0.027064390779441623,0.027064390779441623,0.0,1.4439934364174685,1.4439934364174685,0.925217633313452,0.925217633313452
m01-j0071,manifest.tsv,dml2_real_real_digits_misaligned_ctmle_n6000_s1_chunk22.reps.csv,real_digits_misaligned,box,6000,0.05,1.0,estimated_residual_lowp_supported,ctmle,estimated,xgboost,xgboost,if_residual,1.0,0.0|0.25|0.5|1.0,aipw_variance,-1.0,1.0,obsval,4.0,0.1,30,0.1,crossfit_rank_empty_standdown,1.0,4,50,4,4020.645618113689,0.0012855395559568938,0.0012855395559568938,0.0012855395559568938,0.0,3.328553578479173e-05,-7.087090686020456e-06,0.0,0.5,0.0,reference,-3.2566542055671258e-18,0.0,nan,nan,nan,,,nan,nan,nan,nan,nan,nan,nan,nan,0.0,0.2653333333333333,nan,0.0,0,328,nan,0.20603015075376885,0.0,0.0,0.0,0.024356324255794263,0.024356324255794263,0.0,nan,nan,0.8722008425769658,0.8722008425769658
m01-j0072,manifest.tsv,dml2_real_real_digits_misaligned_ctmle_n6000_s1_chunk23.reps.csv,real_digits_misaligned,box,6000,0.05,1.0,estimated_residual_lowp_supported,ctmle,estimated,xgboost,xgboost,if_residual,1.0,0.0|0.25|0.5|1.0,aipw_variance,-1.0,1.0,obsval,4.0,0.1,30,0.1,crossfit_rank_empty_standdown,1.0,4,50,1,1004.0104479109868,0.051669762645520534,0.051669762645520534,0.051669762645520534,0.0,4.836765513440626e-05,-2.142230531330258e-05,0.0,0.5,0.0,reference,-1.1842378929335004e-17,0.0,nan,nan,nan,,,nan,nan,nan,nan,nan,nan,nan,nan,0.1,0.2786666666666667,0.92,0.33014354066985646,93,321,0.155,0.19198564593301434,0.011395701425094657,0.011395701425094657,0.0,0.02196281274443235,0.02196281274443235,0.0,1.0094104416937257,1.0094104416937257,0.8417328489930336,0.8417328489930336
m01-j0072,manifest.tsv,dml2_real_real_digits_misaligned_ctmle_n6000_s1_chunk23.reps.csv,real_digits_misaligned,box,6000,0.05,1.0,estimated_residual_lowp_supported,ctmle,estimated,xgboost,xgboost,if_residual,1.0,0.0|0.25|0.5|1.0,aipw_variance,-1.0,1.0,obsval,4.0,0.1,30,0.1,crossfit_rank_empty_standdown,1.0,4,50,2,2008.6520474823192,0.0497829360417919,0.0497829360417919,0.0497829360417919,0.0,2.9258898787611932e-05,-2.2510287705805956e-05,0.0,0.5,0.0,reference,-2.3684757858670005e-18,0.0,nan,nan,nan,,,nan,nan,nan,nan,nan,nan,nan,nan,0.0,0.2728333333333333,nan,0.0,0,325,nan,0.19853390348197922,0.0,0.0,0.0,0.03843916632197552,0.03843916632197552,0.0,nan,nan,0.9084726640231993,0.9084726640231993
m01-j0072,manifest.tsv,dml2_real_real_digits_misaligned_ctmle_n6000_s1_chunk23.reps.csv,real_digits_misaligned,box,6000,0.05,1.0,estimated_residual_lowp_supported,ctmle,estimated,xgboost,xgboost,if_residual,1.0,0.0|0.25|0.5|1.0,aipw_variance,-1.0,1.0,obsval,4.0,0.1,30,0.1,crossfit_rank_empty_standdown,1.0,4,50,3,3014.7015237342566,0.0047849205850001575,0.0047849205850001575,0.0047849205850001575,0.0,4.744087393540326e-05,-5.9580380726795246e-05,0.0,0.5,0.0,reference,-7.105427357601002e-18,0.0,nan,nan,nan,,,nan,nan,nan,nan,nan,nan,nan,nan,0.075,0.26316666666666666,0.9177777777777778,0.2615579480683977,49,309,0.10888888888888888,0.19569347688410385,0.01533288418706684,0.01533288418706684,0.0,0.02325554168377031,0.02325554168377031,0.0,0.9869395003110991,0.9869395003110991,0.857597911230087,0.857597911230087
m01-j0072,manifest.tsv,dml2_real_real_digits_misaligned_ctmle_n6000_s1_chunk23.reps.csv,real_digits_misaligned,box,6000,0.05,1.0,estimated_residual_lowp_supported,ctmle,estimated,xgboost,xgboost,if_residual,1.0,0.0|0.25|0.5|1.0,aipw_variance,-1.0,1.0,obsval,4.0,0.1,30,0.1,crossfit_rank_empty_standdown,1.0,4,50,4,4029.1294331364334,0.004612808673407909,0.004612808673407909,0.004612808673407909,0.0,2.5979843562912207e-05,5.929007437161567e-06,0.0,0.5,0.0,reference,2.3684757858670005e-18,0.0,nan,nan,nan,,,nan,nan,nan,nan,nan,nan,nan,nan,0.0,0.2773333333333333,nan,0.0,0,361,nan,0.2169471153846154,0.0,0.0,0.0,0.03751073469645858,0.03751073469645858,0.0,nan,nan,0.9242080136037879,0.9242080136037879
m01-j0073,manifest.tsv,dml2_real_real_digits_misaligned_cui_selective_ml_n6000_s1_chunk00.reps.csv,real_digits_misaligned,box,6000,0.05,1.0,estimated_residual_lowp_supported,cui_selective_ml,estimated,xgboost,xgboost,if_residual,1.0,0.0|0.25|0.5|1.0,aipw_variance,-1.0,1.0,obsval,4.0,0.1,30,0.1,crossfit_rank_empty_standdown,1.0,4,50,1,1303.5292985485867,0.018791450530495246,0.018791450530495246,0.018791450530495246,0.0,8.60482982037239e-05,-5.6843512220026374e-05,0.0,nan,0.0,reference,nan,nan,nan,nan,nan,gradient_boosting,lasso,0.04071739404308121,nan,nan,nan,nan,nan,nan,nan,0.05,0.2708333333333333,0.9066666666666666,0.16738461538461538,57,329,0.19,0.20246153846153847,0.0036420014397100845,0.0036420014397100845,0.0,0.013969508812367292,0.013969508812367292,0.0,0.6765747812944427,0.6765747812944427,0.7119368199272532,0.7119368199272532
m01-j0073,manifest.tsv,dml2_real_real_digits_misaligned_cui_selective_ml_n6000_s1_chunk00.reps.csv,real_digits_misaligned,box,6000,0.05,1.0,estimated_residual_lowp_supported,cui_selective_ml,estimated,xgboost,xgboost,if_residual,1.0,0.0|0.25|0.5|1.0,aipw_variance,-1.0,1.0,obsval,4.0,0.1,30,0.1,crossfit_rank_empty_standdown,1.0,4,50,2,2623.231367021799,0.01610998021805235,0.01610998021805235,0.01610998021805235,0.0,0.0003187725147104025,-0.00046844119255199886,0.0,nan,0.0,reference,nan,nan,nan,nan,nan,random_forest,lasso,0.1213481507105665,nan,nan,nan,nan,nan,nan,nan,0.1,0.2723333333333333,0.9016666666666666,0.33108935128518974,94,369,0.15666666666666668,0.22582619339045287,0.015437779643910327,0.015437779643910327,0.0,0.025463915773265247,0.025463915773265247,0.0,0.9482323115879566,0.9482323115879566,0.8473106421336322,0.8473106421336322
m01-j0073,manifest.tsv,dml2_real_real_digits_misaligned_cui_selective_ml_n6000_s1_chunk00.reps.csv,real_digits_misaligned,box,6000,0.05,1.0,estimated_residual_lowp_supported,cui_selective_ml,estimated,xgboost,xgboost,if_residual,1.0,0.0|0.25|0.5|1.0,aipw_variance,-1.0,1.0,obsval,4.0,0.1,30,0.1,crossfit_rank_empty_standdown,1.0,4,50,3,3910.012200385332,0.04587149752976624,0.04587149752976624,0.04587149752976624,0.0,0.0005291879295481916,-0.0006184105131877598,0.0,nan,0.0,reference,nan,nan,nan,nan,nan,gradient_boosting,random_forest,0.0011680289387693819,nan,nan,nan,nan,nan,nan,nan,0.0,0.2791666666666667,nan,0.0,0,305,nan,0.18208955223880596,0.0,0.0,0.0,0.01951584112437851,0.01951584112437851,0.0,nan,nan,0.7991454454821573,0.7991454454821573
m01-j0073,manifest.tsv,dml2_real_real_digits_misaligned_cui_selective_ml_n6000_s1_chunk00.reps.csv,real_digits_misaligned,box,6000,0.05,1.0,estimated_residual_lowp_supported,cui_selective_ml,estimated,xgboost,xgboost,if_residual,1.0,0.0|0.25|0.5|1.0,aipw_variance,-1.0,1.0,obsval,4.0,0.1,30,0.1,crossfit_rank_empty_standdown,1.0,4,50,4,5190.964610637166,-0.020834779579733703,-0.020834779579733703,-0.020834779579733703,0.0,0.0002600669685485779,-0.00014678421446281584,0.0,nan,0.0,reference,nan,nan,nan,nan,nan,gradient_boosting,lasso,0.12216033636328828,nan,nan,nan,nan,nan,nan,nan,0.0,0.27416666666666667,nan,0.0,0,325,nan,0.19756838905775076,0.0,0.0,0.0,0.006534533627429456,0.006534533627429456,0.0,nan,nan,0.7609836794700731,0.7609836794700731
m01-j0074,manifest.tsv,dml2_real_real_digits_misaligned_cui_selective_ml_n6000_s1_chunk01.reps.csv,real_digits_misaligned,box,6000,0.05,1.0,estimated_residual_lowp_supported,cui_selective_ml,estimated,xgboost,xgboost,if_residual,1.0,0.0|0.25|0.5|1.0,aipw_variance,-1.0,1.0,obsval,4.0,0.1,30,0.1,crossfit_rank_empty_standdown,1.0,4,50,1,1276.523870342411,-0.013426403157752453,-0.013426403157752453,-0.013426403157752453,0.0,0.00012099294600209122,-7.19874971084922e-05,0.0,nan,0.0,reference,nan,nan,nan,nan,nan,gradient_boosting,lasso,0.06965410974223286,nan,nan,nan,nan,nan,nan,nan,0.0,0.2776666666666667,nan,0.0,0,319,nan,0.1914765906362545,0.0,0.0,0.0,0.005657492049854318,0.005657492049854318,0.0,nan,nan,0.7368602164034932,0.7368602164034932
m01-j0074,manifest.tsv,dml2_real_real_digits_misaligned_cui_selective_ml_n6000_s1_chunk01.reps.csv,real_digits_misaligned,box,6000,0.05,1.0,estimated_residual_lowp_supported,cui_selective_ml,estimated,xgboost,xgboost,if_residual,1.0,0.0|0.25|0.5|1.0,aipw_variance,-1.0,1.0,obsval,4.0,0.1,30,0.1,crossfit_rank_empty_standdown,1.0,4,50,2,2595.6182652935386,0.020344367647257194,0.020344367647257194,0.020344367647257194,0.0,0.00027671201509595804,-0.00034879586765884337,0.0,nan,0.0,reference,nan,nan,nan,nan,nan,gradient_boosting,gradient_boosting,444.9481835117157,nan,nan,nan,nan,nan,nan,nan,0.05,0.2733333333333333,0.9566666666666667,0.175,34,328,0.11333333333333333,0.2,0.006221391389774915,0.006221391389774915,0.0,0.013567320982399423,0.013567320982399423,0.0,0.8313201973172438,0.8313201973172438,0.7841993018874028,0.7841993018874028
m01-j0074,manifest.tsv,dml2_real_real_digits_misaligned_cui_selective_ml_n6000_s1_chunk01.reps.csv,real_digits_misaligned,box,6000,0.05,1.0,estimated_residual_lowp_supported,cui_selective_ml,estimated,xgboost,xgboost,if_residual,1.0,0.0|0.25|0.5|1.0,aipw_variance,-1.0,1.0,obsval,4.0,0.1,30,0.1,crossfit_rank_empty_standdown,1.0,4,50,3,3906.1847802363336,0.057298359086516454,0.057298359086516454,0.057298359086516454,0.0,0.0008536696141506002,-0.0008907161217442021,0.0,nan,0.0,reference,nan,nan,nan,nan,nan,logistic_l1,gradient_boosting,0.0010881621235463482,nan,nan,nan,nan,nan,nan,nan,0.1,0.274,0.9366666666666666,0.3418491484184915,61,316,0.10166666666666667,0.1922141119221411,-143.72487546555743,-143.72487546555743,0.0,-143.7976719336064,-143.7976719336064,0.0,1.1582706673027812,1.1582706673027812,0.892952455222519,0.892952455222519
m01-j0074,manifest.tsv,dml2_real_real_digits_misaligned_cui_selective_ml_n6000_s1_chunk01.reps.csv,real_digits_misaligned,box,6000,0.05,1.0,estimated_residual_lowp_supported,cui_selective_ml,estimated,xgboost,xgboost,if_residual,1.0,0.0|0.25|0.5|1.0,aipw_variance,-1.0,1.0,obsval,4.0,0.1,30,0.1,crossfit_rank_empty_standdown,1.0,4,50,4,5199.411348200403,-0.009500641560395706,-0.009500641560395706,-0.009500641560395706,0.0,0.0002986201477591932,-0.0027011921933536437,0.0,nan,0.0,reference,nan,nan,nan,nan,nan,gradient_boosting,lasso,45.069461582406795,nan,nan,nan,nan,nan,nan,nan,0.1,0.2801666666666667,0.9116666666666666,0.32540154669839383,83,366,0.13833333333333334,0.21772754312908982,0.0076376174514358845,0.0076376174514358845,0.0,0.0054063284594159395,0.0054063284594159395,0.0,0.8772963298547352,0.8772963298547352,0.835047479126986,0.835047479126986
m01-j0075,manifest.tsv,dml2_real_real_digits_misaligned_cui_selective_ml_n6000_s1_chunk02.reps.csv,real_digits_misaligned,box,6000,0.05,1.0,estimated_residual_lowp_supported,cui_selective_ml,estimated,xgboost,xgboost,if_residual,1.0,0.0|0.25|0.5|1.0,aipw_variance,-1.0,1.0,obsval,4.0,0.1,30,0.1,crossfit_rank_empty_standdown,1.0,4,50,1,1304.2192386146635,-0.003853416455499109,-0.003853416455499109,-0.003853416455499109,0.0,0.00014148421316081223,-0.00012439267405611287,0.0,nan,0.0,reference,nan,nan,nan,nan,nan,gradient_boosting,gradient_boosting,10.819410747639095,nan,nan,nan,nan,nan,nan,nan,0.0,0.26716666666666666,nan,0.0,0,334,nan,0.2083593262632564,0.0,0.0,0.0,0.01747972344327682,0.01747972344327682,0.0,nan,nan,0.9379679094205583,0.9379679094205583
m01-j0075,manifest.tsv,dml2_real_real_digits_misaligned_cui_selective_ml_n6000_s1_chunk02.reps.csv,real_digits_misaligned,box,6000,0.05,1.0,estimated_residual_lowp_supported,cui_selective_ml,estimated,xgboost,xgboost,if_residual,1.0,0.0|0.25|0.5|1.0,aipw_variance,-1.0,1.0,obsval,4.0,0.1,30,0.1,crossfit_rank_empty_standdown,1.0,4,50,2,2620.7229778487235,0.0410013131210932,0.03833307603753558,0.0410013131210932,-0.002668237083557623,0.00018098764600249246,-7.67571411518787e-05,0.0,nan,0.25,if_residual,nan,nan,nan,nan,nan,gradient_boosting,lasso,0.0009156047971891527,nan,nan,nan,nan,nan,nan,nan,0.0,0.2708333333333333,nan,0.0,0,333,nan,0.20492307692307693,0.0,0.0,0.0,0.015432417862559274,0.01478260772361168,0.0006498101389475937,nan,nan,0.8902888652401868,0.8713634516453614
m01-j0075,manifest.tsv,dml2_real_real_digits_misaligned_cui_selective_ml_n6000_s1_chunk02.reps.csv,real_digits_misaligned,box,6000,0.05,1.0,estimated_residual_lowp_supported,cui_selective_ml,estimated,xgboost,xgboost,if_residual,1.0,0.0|0.25|0.5|1.0,aipw_variance,-1.0,1.0,obsval,4.0,0.1,30,0.1,crossfit_rank_empty_standdown,1.0,4,50,3,3960.5621390175074,-0.008500476675361385,0.0024760517787731084,-0.008500476675361385,0.010976528454134493,0.00026654779702095163,-0.00043213706069329194,0.0,nan,1.0,if_residual,nan,nan,nan,nan,nan,logistic_l1,gradient_boosting,0.003714522229584149,nan,nan,nan,nan,nan,nan,nan,0.0,0.2738333333333333,nan,0.0,0,328,nan,0.19963481436396835,0.0,0.0,0.0,-192.92299997168504,-251.02695972345487,-58.10395975176982,nan,nan,0.7899520186019104,0.9808107719461687
m01-j0075,manifest.tsv,dml2_real_real_digits_misaligned_cui_selective_ml_n6000_s1_chunk02.reps.csv,real_digits_misaligned,box,6000,0.05,1.0,estimated_residual_lowp_supported,cui_selective_ml,estimated,xgboost,xgboost,if_residual,1.0,0.0|0.25|0.5|1.0,aipw_variance,-1.0,1.0,obsval,4.0,0.1,30,0.1,crossfit_rank_empty_standdown,1.0,4,50,4,5290.663402426988,0.013732014428366385,0.013732014428366385,0.013732014428366385,0.0,6.42843963667367e-05,-6.913789131020537e-05,0.0,nan,0.0,reference,nan,nan,nan,nan,nan,gradient_boosting,lasso,0.010857684767464066,nan,nan,nan,nan,nan,nan,nan,0.0,0.269,nan,0.0,0,320,nan,0.1982651796778191,0.0,0.0,0.0,0.021134713362613633,0.021134713362613633,0.0,nan,nan,0.7982991302179872,0.7982991302179872
m01-j0076,manifest.tsv,dml2_real_real_digits_misaligned_cui_selective_ml_n6000_s1_chunk03.reps.csv,real_digits_misaligned,box,6000,0.05,1.0,estimated_residual_lowp_supported,cui_selective_ml,estimated,xgboost,xgboost,if_residual,1.0,0.0|0.25|0.5|1.0,aipw_variance,-1.0,1.0,obsval,4.0,0.1,30,0.1,crossfit_rank_empty_standdown,1.0,4,50,1,1286.485535621643,-0.04994520441265121,-0.046412673086350914,-0.04994520441265121,0.0035325313263002978,0.00036985593378874304,-0.0004593962356541012,0.0,nan,0.25,if_residual,nan,nan,nan,nan,nan,logistic_l1,lasso,0.008699016333439984,nan,nan,nan,nan,nan,nan,nan,0.1,0.277,0.9316666666666666,0.33634175691937424,74,328,0.12333333333333334,0.197352587244284,-58.84055851250661,-60.65748297759187,-1.8169244650852576,-56.22747166185278,-57.88839634574021,-1.6609246838874299,1.1248887645861387,1.1088892037268339,0.9256091821133026,0.9198886797641916
m01-j0076,manifest.tsv,dml2_real_real_digits_misaligned_cui_selective_ml_n6000_s1_chunk03.reps.csv,real_digits_misaligned,box,6000,0.05,1.0,estimated_residual_lowp_supported,cui_selective_ml,estimated,xgboost,xgboost,if_residual,1.0,0.0|0.25|0.5|1.0,aipw_variance,-1.0,1.0,obsval,4.0,0.1,30,0.1,crossfit_rank_empty_standdown,1.0,4,50,2,2607.7977579850703,0.009587999968876021,0.009587999968876021,0.009587999968876021,0.0,6.33246570553611e-05,-5.190521855031856e-05,0.0,nan,0.0,reference,nan,nan,nan,nan,nan,gradient_boosting,lasso,0.44620834604481613,nan,nan,nan,nan,nan,nan,nan,0.0,0.26766666666666666,nan,0.0,0,337,nan,0.20983810709838108,0.0,0.0,0.0,0.00627340219870267,0.00627340219870267,0.0,nan,nan,0.7869010872906478,0.7869010872906478
m01-j0076,manifest.tsv,dml2_real_real_digits_misaligned_cui_selective_ml_n6000_s1_chunk03.reps.csv,real_digits_misaligned,box,6000,0.05,1.0,estimated_residual_lowp_supported,cui_selective_ml,estimated,xgboost,xgboost,if_residual,1.0,0.0|0.25|0.5|1.0,aipw_variance,-1.0,1.0,obsval,4.0,0.1,30,0.1,crossfit_rank_empty_standdown,1.0,4,50,3,3913.311748350039,0.02199175837135342,0.019741505010668264,0.02199175837135342,-0.002250253360685156,0.0002061444727375749,-0.0001750644404029546,0.0,nan,0.25,if_residual,nan,nan,nan,nan,nan,gradient_boosting,lasso,0.011668189037238506,nan,nan,nan,nan,nan,nan,nan,0.1,0.2776666666666667,0.925,0.33313325330132054,87,333,0.145,0.1998799519807923,0.01163846212448101,0.009340998833133376,0.002297463291347633,0.017435687193600412,0.013846182557371764,0.003589504636228648,0.8824360749255726,0.8496455947368108,0.7817496145880292,0.7697639409703686
m01-j0076,manifest.tsv,dml2_real_real_digits_misaligned_cui_selective_ml_n6000_s1_chunk03.reps.csv,real_digits_misaligned,box,6000,0.05,1.0,estimated_residual_lowp_supported,cui_selective_ml,estimated,xgboost,xgboost,if_residual,1.0,0.0|0.25|0.5|1.0,aipw_variance,-1.0,1.0,obsval,4.0,0.1,30,0.1,crossfit_rank_empty_standdown,1.0,4,50,4,5220.397861440666,0.05007748873613713,0.05007748873613713,0.05007748873613713,0.0,0.00011983697308952704,-0.00017569513471315276,0.0,nan,0.0,reference,nan,nan,nan,nan,nan,gradient_boosting,lasso,0.00023396962422212787,nan,nan,nan,nan,nan,nan,nan,0.05,0.2713333333333333,0.9366666666666666,0.1726044226044226,33,330,0.11,0.20270270270270271,0.0019162699301928164,0.0019162699301928164,0.0,0.015811213834533152,0.015811213834533152,0.0,0.8290300067153958,0.8290300067153958,0.8890618029345235,0.8890618029345235
m01-j0077,manifest.tsv,dml2_real_real_digits_misaligned_cui_selective_ml_n6000_s1_chunk04.reps.csv,real_digits_misaligned,box,6000,0.05,1.0,estimated_residual_lowp_supported,cui_selective_ml,estimated,xgboost,xgboost,if_residual,1.0,0.0|0.25|0.5|1.0,aipw_variance,-1.0,1.0,obsval,4.0,0.1,30,0.1,crossfit_rank_empty_standdown,1.0,4,50,1,1314.7391573665664,0.03125696525297744,0.03125696525297744,0.03125696525297744,0.0,0.00013051398349899542,-0.00010659903045589256,0.0,nan,0.0,reference,nan,nan,nan,nan,nan,gradient_boosting,lasso,0.0022165112072129586,nan,nan,nan,nan,nan,nan,nan,0.075,0.2695,0.9133333333333333,0.2541743970315399,63,331,0.14,0.20470006184291897,0.013607469436477506,0.013607469436477506,0.0,0.016213143477442727,0.016213143477442727,0.0,0.8157211295380196,0.8157211295380196,0.7185533874691247,0.7185533874691247
m01-j0077,manifest.tsv,dml2_real_real_digits_misaligned_cui_selective_ml_n6000_s1_chunk04.reps.csv,real_digits_misaligned,box,6000,0.05,1.0,estimated_residual_lowp_supported,cui_selective_ml,estimated,xgboost,xgboost,if_residual,1.0,0.0|0.25|0.5|1.0,aipw_variance,-1.0,1.0,obsval,4.0,0.1,30,0.1,crossfit_rank_empty_standdown,1.0,4,50,2,2614.4232974154875,-0.02074913953775509,-0.02074913953775509,-0.02074913953775509,0.0,0.0001533733166842622,-0.00021116679545624812,0.0,nan,0.0,reference,nan,nan,nan,nan,nan,gradient_boosting,gradient_boosting,5.041294426342265,nan,nan,nan,nan,nan,nan,nan,0.05,0.282,0.9266666666666666,0.16430260047281323,50,324,0.16666666666666666,0.19148936170212766,0.0046945240453381415,0.0046945240453381415,0.0,0.014731891231544073,0.014731891231544073,0.0,1.1807702466986736,1.1807702466986736,0.8061317079916439,0.8061317079916439
m01-j0077,manifest.tsv,dml2_real_real_digits_misaligned_cui_selective_ml_n6000_s1_chunk04.reps.csv,real_digits_misaligned,box,6000,0.05,1.0,estimated_residual_lowp_supported,cui_selective_ml,estimated,xgboost,xgboost,if_residual,1.0,0.0|0.25|0.5|1.0,aipw_variance,-1.0,1.0,obsval,4.0,0.1,30,0.1,crossfit_rank_empty_standdown,1.0,4,50,3,3927.9091828558594,-0.004841117560424241,-0.004841117560424241,-0.004841117560424241,0.0,0.00018650078294567664,-0.0002171257512100362,0.0,nan,0.0,reference,nan,nan,nan,nan,nan,gradient_boosting,lasso,0.0007175024518543404,nan,nan,nan,nan,nan,nan,nan,0.0,0.27466666666666667,nan,0.0,0,349,nan,0.21177184466019416,0.0,0.0,0.0,0.011671375007437527,0.011671375007437527,0.0,nan,nan,0.7691371792238442,0.7691371792238442
m01-j0077,manifest.tsv,dml2_real_real_digits_misaligned_cui_selective_ml_n6000_s1_chunk04.reps.csv,real_digits_misaligned,box,6000,0.05,1.0,estimated_residual_lowp_supported,cui_selective_ml,estimated,xgboost,xgboost,if_residual,1.0,0.0|0.25|0.5|1.0,aipw_variance,-1.0,1.0,obsval,4.0,0.1,30,0.1,crossfit_rank_empty_standdown,1.0,4,50,4,5284.93698265031,-0.01195574878535352,-0.01195574878535352,-0.01195574878535352,0.0,0.00011498369892539513,-2.5738778668876912e-05,0.0,nan,0.0,reference,nan,nan,nan,nan,nan,gradient_boosting,gradient_boosting,0.00045868701340577627,nan,nan,nan,nan,nan,nan,nan,0.0,0.268,nan,0.0,0,297,nan,0.18470149253731344,0.0,0.0,0.0,0.017252312160622323,0.017252312160622323,0.0,nan,nan,0.8229778613006575,0.8229778613006575
m01-j0078,manifest.tsv,dml2_real_real_digits_misaligned_cui_selective_ml_n6000_s1_chunk05.reps.csv,real_digits_misaligned,box,6000,0.05,1.0,estimated_residual_lowp_supported,cui_selective_ml,estimated,xgboost,xgboost,if_residual,1.0,0.0|0.25|0.5|1.0,aipw_variance,-1.0,1.0,obsval,4.0,0.1,30,0.1,crossfit_rank_empty_standdown,1.0,4,50,1,1271.3466401714832,0.03019385662986493,0.03019385662986493,0.03019385662986493,0.0,7.897006198395425e-05,-8.950359132035444e-05,0.0,nan,0.0,reference,nan,nan,nan,nan,nan,gradient_boosting,gradient_boosting,0.059380912782996155,nan,nan,nan,nan,nan,nan,nan,0.0,0.279,nan,0.0,0,336,nan,0.2007168458781362,0.0,0.0,0.0,0.010669959766980323,0.010669959766980323,0.0,nan,nan,0.8025384472275511,0.8025384472275511
m01-j0078,manifest.tsv,dml2_real_real_digits_misaligned_cui_selective_ml_n6000_s1_chunk05.reps.csv,real_digits_misaligned,box,6000,0.05,1.0,estimated_residual_lowp_supported,cui_selective_ml,estimated,xgboost,xgboost,if_residual,1.0,0.0|0.25|0.5|1.0,aipw_variance,-1.0,1.0,obsval,4.0,0.1,30,0.1,crossfit_rank_empty_standdown,1.0,4,50,2,2564.100152437575,0.031577961094425344,0.031577961094425344,0.031577961094425344,0.0,0.00024685896343111264,-0.0003010455868843035,0.0,nan,0.0,reference,nan,nan,nan,nan,nan,gradient_boosting,gradient_boosting,0.0025352790393088995,nan,nan,nan,nan,nan,nan,nan,0.075,0.2748333333333333,0.9177777777777778,0.2504548211036992,56,310,0.12444444444444444,0.1879927228623408,0.010888774548862666,0.010888774548862666,0.0,0.017308227839151872,0.017308227839151872,0.0,0.9226681378189127,0.9226681378189127,0.7994679425177564,0.7994679425177564
m01-j0078,manifest.tsv,dml2_real_real_digits_misaligned_cui_selective_ml_n6000_s1_chunk05.reps.csv,real_digits_misaligned,box,6000,0.05,1.0,estimated_residual_lowp_supported,cui_selective_ml,estimated,xgboost,xgboost,if_residual,1.0,0.0|0.25|0.5|1.0,aipw_variance,-1.0,1.0,obsval,4.0,0.1,30,0.1,crossfit_rank_empty_standdown,1.0,4,50,3,3881.516430386342,-0.05271801116281641,-0.05271801116281641,-0.05271801116281641,0.0,0.00031053435444725877,-0.0004906469806501587,0.0,nan,0.0,reference,nan,nan,nan,nan,nan,logistic_l1,lasso,0.005052915389152506,nan,nan,nan,nan,nan,nan,nan,0.1,0.2713333333333333,0.915,0.33722358722358725,86,353,0.14333333333333334,0.21683046683046683,-108.56020155553547,-108.56020155553547,0.0,-108.94453467845618,-108.94453467845618,0.0,0.8580327047046311,0.8580327047046311,0.7004411828942873,0.7004411828942873
m01-j0078,manifest.tsv,dml2_real_real_digits_misaligned_cui_selective_ml_n6000_s1_chunk05.reps.csv,real_digits_misaligned,box,6000,0.05,1.0,estimated_residual_lowp_supported,cui_selective_ml,estimated,xgboost,xgboost,if_residual,1.0,0.0|0.25|0.5|1.0,aipw_variance,-1.0,1.0,obsval,4.0,0.1,30,0.1,crossfit_rank_empty_standdown,1.0,4,50,4,5172.570384786464,0.061458525163805594,0.061458525163805594,0.061458525163805594,0.0,0.00026267436053169354,-0.0003396452595306866,0.0,nan,0.0,reference,nan,nan,nan,nan,nan,gradient_boosting,gradient_boosting,28.34107553524441,nan,nan,nan,nan,nan,nan,nan,0.1,0.2713333333333333,0.9166666666666666,0.33783783783783783,99,327,0.165,0.20085995085995087,0.018874454772539625,0.018874454772539625,0.0,0.026111718050749355,0.026111718050749355,0.0,1.0216625285787115,1.0216625285787115,0.8520676888560648,0.8520676888560648
m01-j0079,manifest.tsv,dml2_real_real_digits_misaligned_cui_selective_ml_n6000_s1_chunk06.reps.csv,real_digits_misaligned,box,6000,0.05,1.0,estimated_residual_lowp_supported,cui_selective_ml,estimated,xgboost,xgboost,if_residual,1.0,0.0|0.25|0.5|1.0,aipw_variance,-1.0,1.0,obsval,4.0,0.1,30,0.1,crossfit_rank_empty_standdown,1.0,4,50,1,1292.451578469947,0.0458358342548742,0.04433528340376153,0.0458358342548742,-0.0015005508511126697,0.00017017394694709715,-0.00023617231411280758,0.0,nan,0.25,if_residual,nan,nan,nan,nan,nan,gradient_boosting,lasso,347.6168751962318,nan,nan,nan,nan,nan,nan,nan,0.05,0.2688333333333333,0.9333333333333333,0.1735895846249225,33,316,0.11,0.1959082455052697,0.0075716583473349865,0.006915590633867346,0.0006560677134676406,0.019195269708979803,0.017494848211043055,0.001700421497936748,1.0760441084474424,1.0675881362870643,0.8781967091675336,0.8725319911818575
m01-j0079,manifest.tsv,dml2_real_real_digits_misaligned_cui_selective_ml_n6000_s1_chunk06.reps.csv,real_digits_misaligned,box,6000,0.05,1.0,estimated_residual_lowp_supported,cui_selective_ml,estimated,xgboost,xgboost,if_residual,1.0,0.0|0.25|0.5|1.0,aipw_variance,-1.0,1.0,obsval,4.0,0.1,30,0.1,crossfit_rank_empty_standdown,1.0,4,50,2,2624.2493468411267,0.042898097370319216,0.03770599881802922,0.042898097370319216,-0.005192098552289998,0.0001786510200206203,-8.963871171423232e-05,0.0,nan,0.25,if_residual,nan,nan,nan,nan,nan,gradient_boosting,random_forest,0.007248235400569006,nan,nan,nan,nan,nan,nan,nan,0.0,0.2733333333333333,nan,0.0,0,319,nan,0.19451219512195123,0.0,0.0,0.0,0.027074065079655867,0.024275697545366234,0.002798367534289633,nan,nan,0.9108406019827974,0.8942788610389946
m01-j0079,manifest.tsv,dml2_real_real_digits_misaligned_cui_selective_ml_n6000_s1_chunk06.reps.csv,real_digits_misaligned,box,6000,0.05,1.0,estimated_residual_lowp_supported,cui_selective_ml,estimated,xgboost,xgboost,if_residual,1.0,0.0|0.25|0.5|1.0,aipw_variance,-1.0,1.0,obsval,4.0,0.1,30,0.1,crossfit_rank_empty_standdown,1.0,4,50,3,3921.4849706441164,0.023266609113567566,0.023266609113567566,0.023266609113567566,0.0,0.00027082154707305166,-0.00022721451392093543,0.0,nan,0.0,reference,nan,nan,nan,nan,nan,gradient_boosting,gradient_boosting,3.004738266915729,nan,nan,nan,nan,nan,nan,nan,0.0,0.2745,nan,0.0,0,323,nan,0.19611414693381907,0.0,0.0,0.0,0.009615735325486954,0.009615735325486954,0.0,nan,nan,0.7717785996036961,0.7717785996036961
m01-j0079,manifest.tsv,dml2_real_real_digits_misaligned_cui_selective_ml_n6000_s1_chunk06.reps.csv,real_digits_misaligned,box,6000,0.05,1.0,estimated_residual_lowp_supported,cui_selective_ml,estimated,xgboost,xgboost,if_residual,1.0,0.0|0.25|0.5|1.0,aipw_variance,-1.0,1.0,obsval,4.0,0.1,30,0.1,crossfit_rank_empty_standdown,1.0,4,50,4,5229.973098831251,0.035281806559617546,0.035281806559617546,0.035281806559617546,0.0,0.00041356414465397147,-0.00040255629448042994,0.0,nan,0.0,reference,nan,nan,nan,nan,nan,gradient_boosting,gradient_boosting,0.004131646987047476,nan,nan,nan,nan,nan,nan,nan,0.1,0.277,0.915,0.3303249097472924,74,344,0.12333333333333334,0.2069795427196149,0.010700166178677724,0.010700166178677724,0.0,0.01743858769183312,0.01743858769183312,0.0,0.8414228228196629,0.8414228228196629,0.7600047139475888,0.7600047139475888
m01-j0080,manifest.tsv,dml2_real_real_digits_misaligned_cui_selective_ml_n6000_s1_chunk07.reps.csv,real_digits_misaligned,box,6000,0.05,1.0,estimated_residual_lowp_supported,cui_selective_ml,estimated,xgboost,xgboost,if_residual,1.0,0.0|0.25|0.5|1.0,aipw_variance,-1.0,1.0,obsval,4.0,0.1,30,0.1,crossfit_rank_empty_standdown,1.0,4,50,1,1296.0080878371373,-0.033285870341551005,-0.033285870341551005,-0.033285870341551005,0.0,0.00026411591946122904,-0.0001782428862450809,0.0,nan,0.0,reference,nan,nan,nan,nan,nan,gradient_boosting,lasso,0.003140431670143066,nan,nan,nan,nan,nan,nan,nan,0.05,0.2713333333333333,0.95,0.17506142506142505,31,315,0.10333333333333333,0.1934889434889435,0.003998696919938814,0.003998696919938814,0.0,-0.004387959473562434,-0.004387959473562434,0.0,0.964497616982645,0.964497616982645,0.8166910394733258,0.8166910394733258
m01-j0080,manifest.tsv,dml2_real_real_digits_misaligned_cui_selective_ml_n6000_s1_chunk07.reps.csv,real_digits_misaligned,box,6000,0.05,1.0,estimated_residual_lowp_supported,cui_selective_ml,estimated,xgboost,xgboost,if_residual,1.0,0.0|0.25|0.5|1.0,aipw_variance,-1.0,1.0,obsval,4.0,0.1,30,0.1,crossfit_rank_empty_standdown,1.0,4,50,2,2654.2625893093646,0.04051559334877389,0.04051559334877389,0.04051559334877389,0.0,0.0001254734273138892,-6.801782850351999e-05,0.0,nan,0.0,reference,nan,nan,nan,nan,nan,logistic_l1,gradient_boosting,0.00024925350135083255,nan,nan,nan,nan,nan,nan,nan,0.075,0.26766666666666666,0.8933333333333333,0.2503113325031133,64,341,0.14222222222222222,0.21232876712328766,-196.2894934218418,-196.2894934218418,0.0,-285.470467503585,-285.470467503585,0.0,1.3694876720980567,1.3694876720980567,0.9274081454694492,0.9274081454694492
m01-j0080,manifest.tsv,dml2_real_real_digits_misaligned_cui_selective_ml_n6000_s1_chunk07.reps.csv,real_digits_misaligned,box,6000,0.05,1.0,estimated_residual_lowp_supported,cui_selective_ml,estimated,xgboost,xgboost,if_residual,1.0,0.0|0.25|0.5|1.0,aipw_variance,-1.0,1.0,obsval,4.0,0.1,30,0.1,crossfit_rank_empty_standdown,1.0,4,50,3,3963.82466877345,-0.014618930586751011,-0.014618930586751011,-0.014618930586751011,0.0,0.00022639387011598585,-0.00027836726164551045,0.0,nan,0.0,reference,nan,nan,nan,nan,nan,gradient_boosting,lasso,3101355.9387418446,nan,nan,nan,nan,nan,nan,nan,0.1,0.2778333333333333,0.915,0.32933413317336535,90,355,0.15,0.21295740851829634,0.01988588881722421,0.01988588881722421,0.0,0.019826356971342537,0.019826356971342537,0.0,0.9993942357299708,0.9993942357299708,0.7597911152694073,0.7597911152694073
m01-j0080,manifest.tsv,dml2_real_real_digits_misaligned_cui_selective_ml_n6000_s1_chunk07.reps.csv,real_digits_misaligned,box,6000,0.05,1.0,estimated_residual_lowp_supported,cui_selective_ml,estimated,xgboost,xgboost,if_residual,1.0,0.0|0.25|0.5|1.0,aipw_variance,-1.0,1.0,obsval,4.0,0.1,30,0.1,crossfit_rank_empty_standdown,1.0,4,50,4,5248.6095658857375,0.013353385011615565,0.013353385011615565,0.013353385011615565,0.0,0.002176874592904371,-0.0022002355019692874,0.0,nan,0.0,reference,nan,nan,nan,nan,nan,logistic_l1,gradient_boosting,0.003615506632315266,nan,nan,nan,nan,nan,nan,nan,0.05,0.2835,0.9366666666666666,0.16519694297472076,32,316,0.10666666666666667,0.18577307466196355,-0.34147354488625525,-0.34147354488625525,0.0,-0.35432751431902126,-0.35432751431902126,0.0,1.129833606820414,1.129833606820414,0.8476828057977802,0.8476828057977802
m01-j0081,manifest.tsv,dml2_real_real_digits_misaligned_cui_selective_ml_n6000_s1_chunk08.reps.csv,real_digits_misaligned,box,6000,0.05,1.0,estimated_residual_lowp_supported,cui_selective_ml,estimated,xgboost,xgboost,if_residual,1.0,0.0|0.25|0.5|1.0,aipw_variance,-1.0,1.0,obsval,4.0,0.1,30,0.1,crossfit_rank_empty_standdown,1.0,4,50,1,1337.483748331666,0.049895650792739776,0.049895650792739776,0.049895650792739776,0.0,0.00014409945548701027,-0.0001646820092009554,0.0,nan,0.0,reference,nan,nan,nan,nan,nan,random_forest,gradient_boosting,0.0008879473447661779,nan,nan,nan,nan,nan,nan,nan,0.0,0.26616666666666666,nan,0.0,0,314,nan,0.19661865998747652,0.0,0.0,0.0,0.027530742748599644,0.027530742748599644,0.0,nan,nan,0.8941671489204666,0.8941671489204666
m01-j0081,manifest.tsv,dml2_real_real_digits_misaligned_cui_selective_ml_n6000_s1_chunk08.reps.csv,real_digits_misaligned,box,6000,0.05,1.0,estimated_residual_lowp_supported,cui_selective_ml,estimated,xgboost,xgboost,if_residual,1.0,0.0|0.25|0.5|1.0,aipw_variance,-1.0,1.0,obsval,4.0,0.1,30,0.1,crossfit_rank_empty_standdown,1.0,4,50,2,2653.78836541716,-0.01699761955765447,-0.01699761955765447,-0.01699761955765447,0.0,0.0001439093453511446,-0.00013530628542079374,0.0,nan,0.0,reference,nan,nan,nan,nan,nan,gradient_boosting,lasso,0.0013709179219215223,nan,nan,nan,nan,nan,nan,nan,0.0,0.272,nan,0.0,0,337,nan,0.20649509803921567,0.0,0.0,0.0,0.012483147895717348,0.012483147895717348,0.0,nan,nan,0.8183285957656398,0.8183285957656398
m01-j0081,manifest.tsv,dml2_real_real_digits_misaligned_cui_selective_ml_n6000_s1_chunk08.reps.csv,real_digits_misaligned,box,6000,0.05,1.0,estimated_residual_lowp_supported,cui_selective_ml,estimated,xgboost,xgboost,if_residual,1.0,0.0|0.25|0.5|1.0,aipw_variance,-1.0,1.0,obsval,4.0,0.1,30,0.1,crossfit_rank_empty_standdown,1.0,4,50,3,3951.670659329742,-0.04740038206116129,-0.04740038206116129,-0.04740038206116129,0.0,0.0002871950340923319,-0.0003710160413932348,0.0,nan,0.0,reference,nan,nan,nan,nan,nan,logistic_l1,gradient_boosting,0.0027563297002623525,nan,nan,nan,nan,nan,nan,nan,0.05,0.2841666666666667,0.9433333333333334,0.16598240469208211,44,340,0.14666666666666667,0.19941348973607037,-0.0007011614613183994,-0.0007011614613183994,0.0,-70.68158293038873,-70.68158293038873,0.0,0.8217744427850877,0.8217744427850877,0.7421103060773916,0.7421103060773916
m01-j0081,manifest.tsv,dml2_real_real_digits_misaligned_cui_selective_ml_n6000_s1_chunk08.reps.csv,real_digits_misaligned,box,6000,0.05,1.0,estimated_residual_lowp_supported,cui_selective_ml,estimated,xgboost,xgboost,if_residual,1.0,0.0|0.25|0.5|1.0,aipw_variance,-1.0,1.0,obsval,4.0,0.1,30,0.1,crossfit_rank_empty_standdown,1.0,4,50,4,5265.225741599686,0.05878990425029129,0.05878990425029129,0.05878990425029129,0.0,0.00025695490168463635,-0.0001634903727164416,0.0,nan,0.0,reference,nan,nan,nan,nan,nan,gradient_boosting,gradient_boosting,0.010190630464301461,nan,nan,nan,nan,nan,nan,nan,0.0,0.2705,nan,0.0,0,325,nan,0.2002464571780653,0.0,0.0,0.0,0.020636920756529325,0.020636920756529325,0.0,nan,nan,0.8528093027464848,0.8528093027464848
m01-j0082,manifest.tsv,dml2_real_real_digits_misaligned_cui_selective_ml_n6000_s1_chunk09.reps.csv,real_digits_misaligned,box,6000,0.05,1.0,estimated_residual_lowp_supported,cui_selective_ml,estimated,xgboost,xgboost,if_residual,1.0,0.0|0.25|0.5|1.0,aipw_variance,-1.0,1.0,obsval,4.0,0.1,30,0.1,crossfit_rank_empty_standdown,1.0,4,50,1,1286.6596543947235,0.015366185489599976,0.014677967410177212,0.015366185489599976,-0.0006882180794227644,0.0001819686666422876,-0.0009531032792577596,0.0,nan,0.25,if_residual,nan,nan,nan,nan,nan,gradient_boosting,lasso,697658.0389336172,nan,nan,nan,nan,nan,nan,nan,0.0,0.273,nan,0.0,0,342,nan,0.2087912087912088,0.0,0.0,0.0,0.012800825836048049,0.011298457322445745,0.0015023685136023035,nan,nan,0.707852284953817,0.6787076866115842
m01-j0082,manifest.tsv,dml2_real_real_digits_misaligned_cui_selective_ml_n6000_s1_chunk09.reps.csv,real_digits_misaligned,box,6000,0.05,1.0,estimated_residual_lowp_supported,cui_selective_ml,estimated,xgboost,xgboost,if_residual,1.0,0.0|0.25|0.5|1.0,aipw_variance,-1.0,1.0,obsval,4.0,0.1,30,0.1,crossfit_rank_empty_standdown,1.0,4,50,2,2607.7116970717907,0.041109819701141775,0.041109819701141775,0.041109819701141775,0.0,0.000284351354682094,-0.0002217057860566399,0.0,nan,0.0,reference,nan,nan,nan,nan,nan,gradient_boosting,lasso,0.005650471698275392,nan,nan,nan,nan,nan,nan,nan,0.0,0.2675,nan,0.0,0,316,nan,0.19688473520249222,0.0,0.0,0.0,0.010460674335468734,0.010460674335468734,0.0,nan,nan,0.7222112158771004,0.7222112158771004
m01-j0082,manifest.tsv,dml2_real_real_digits_misaligned_cui_selective_ml_n6000_s1_chunk09.reps.csv,real_digits_misaligned,box,6000,0.05,1.0,estimated_residual_lowp_supported,cui_selective_ml,estimated,xgboost,xgboost,if_residual,1.0,0.0|0.25|0.5|1.0,aipw_variance,-1.0,1.0,obsval,4.0,0.1,30,0.1,crossfit_rank_empty_standdown,1.0,4,50,3,3926.482068568468,0.007873924866841825,0.007873924866841825,0.007873924866841825,0.0,0.0004420264817650854,-0.0005279306481069799,0.0,nan,0.0,reference,nan,nan,nan,nan,nan,gradient_boosting,gradient_boosting,3823.722760725894,nan,nan,nan,nan,nan,nan,nan,0.0,0.2725,nan,0.0,0,325,nan,0.19877675840978593,0.0,0.0,0.0,0.013013259113365037,0.013013259113365037,0.0,nan,nan,0.833818958505688,0.833818958505688
m01-j0082,manifest.tsv,dml2_real_real_digits_misaligned_cui_selective_ml_n6000_s1_chunk09.reps.csv,real_digits_misaligned,box,6000,0.05,1.0,estimated_residual_lowp_supported,cui_selective_ml,estimated,xgboost,xgboost,if_residual,1.0,0.0|0.25|0.5|1.0,aipw_variance,-1.0,1.0,obsval,4.0,0.1,30,0.1,crossfit_rank_empty_standdown,1.0,4,50,4,5289.300738834776,0.057162117244480476,0.057162117244480476,0.057162117244480476,0.0,0.0001744163980414101,-0.0001561309517955047,0.0,nan,0.0,reference,nan,nan,nan,nan,nan,random_forest,gradient_boosting,0.21977068909683245,nan,nan,nan,nan,nan,nan,nan,0.0,0.2675,nan,0.0,0,353,nan,0.21993769470404984,0.0,0.0,0.0,0.024606600840525857,0.024606600840525857,0.0,nan,nan,0.9347889321212174,0.9347889321212174
m01-j0083,manifest.tsv,dml2_real_real_digits_misaligned_cui_selective_ml_n6000_s1_chunk10.reps.csv,real_digits_misaligned,box,6000,0.05,1.0,estimated_residual_lowp_supported,cui_selective_ml,estimated,xgboost,xgboost,if_residual,1.0,0.0|0.25|0.5|1.0,aipw_variance,-1.0,1.0,obsval,4.0,0.1,30,0.1,crossfit_rank_empty_standdown,1.0,4,50,1,1322.5210110535845,0.007840448562809882,0.007840448562809882,0.007840448562809882,0.0,0.00023599495722662523,-9.681192645456652e-05,0.0,nan,0.0,reference,nan,nan,nan,nan,nan,gradient_boosting,lasso,11.025512430233382,nan,nan,nan,nan,nan,nan,nan,0.0,0.2836666666666667,nan,0.0,0,336,nan,0.19741480611045828,0.0,0.0,0.0,0.011496271683679898,0.011496271683679898,0.0,nan,nan,0.6928510097726208,0.6928510097726208
m01-j0083,manifest.tsv,dml2_real_real_digits_misaligned_cui_selective_ml_n6000_s1_chunk10.reps.csv,real_digits_misaligned,box,6000,0.05,1.0,estimated_residual_lowp_supported,cui_selective_ml,estimated,xgboost,xgboost,if_residual,1.0,0.0|0.25|0.5|1.0,aipw_variance,-1.0,1.0,obsval,4.0,0.1,30,0.1,crossfit_rank_empty_standdown,1.0,4,50,2,2634.8159041460603,0.04588999315876441,0.05092141234590808,0.04588999315876441,0.005031419187143671,0.0005276877403944387,-0.0004882910561853806,0.0,nan,1.0,if_residual,nan,nan,nan,nan,nan,logistic_l1,gradient_boosting,0.0004929244867735873,nan,nan,nan,nan,nan,nan,nan,0.0,0.2763333333333333,nan,0.0,0,304,nan,0.18335343787696018,0.0,0.0,0.0,-125.11086174732675,-125.19892164349775,-0.08805989617100352,nan,nan,0.9112021029222966,1.0098615633408499
m01-j0083,manifest.tsv,dml2_real_real_digits_misaligned_cui_selective_ml_n6000_s1_chunk10.reps.csv,real_digits_misaligned,box,6000,0.05,1.0,estimated_residual_lowp_supported,cui_selective_ml,estimated,xgboost,xgboost,if_residual,1.0,0.0|0.25|0.5|1.0,aipw_variance,-1.0,1.0,obsval,4.0,0.1,30,0.1,crossfit_rank_empty_standdown,1.0,4,50,3,3947.2299107229337,0.040940550933354636,0.040940550933354636,0.040940550933354636,0.0,0.00018554745196500328,-0.00014678082430356985,0.0,nan,0.0,reference,nan,nan,nan,nan,nan,gradient_boosting,lasso,146.2048920645673,nan,nan,nan,nan,nan,nan,nan,0.1,0.27466666666666667,0.925,0.33677184466019416,86,340,0.14333333333333334,0.20631067961165048,0.010057986176086874,0.010057986176086874,0.0,0.012311957060128881,0.012311957060128881,0.0,1.108390221925407,1.108390221925407,0.811884740113112,0.811884740113112
m01-j0083,manifest.tsv,dml2_real_real_digits_misaligned_cui_selective_ml_n6000_s1_chunk10.reps.csv,real_digits_misaligned,box,6000,0.05,1.0,estimated_residual_lowp_supported,cui_selective_ml,estimated,xgboost,xgboost,if_residual,1.0,0.0|0.25|0.5|1.0,aipw_variance,-1.0,1.0,obsval,4.0,0.1,30,0.1,crossfit_rank_empty_standdown,1.0,4,50,4,5263.625932526775,0.09137477354390727,0.09137477354390727,0.09137477354390727,0.0,0.0002560379407770656,-0.00029528863193365297,0.0,nan,0.0,reference,nan,nan,nan,nan,nan,logistic_l1,gradient_boosting,0.0013008127491603938,nan,nan,nan,nan,nan,nan,nan,0.0,0.272,nan,0.0,0,316,nan,0.19362745098039216,0.0,0.0,0.0,-131.144050835794,-131.144050835794,0.0,nan,nan,0.9041072048061108,0.9041072048061108
m01-j0084,manifest.tsv,dml2_real_real_digits_misaligned_cui_selective_ml_n6000_s1_chunk11.reps.csv,real_digits_misaligned,box,6000,0.05,1.0,estimated_residual_lowp_supported,cui_selective_ml,estimated,xgboost,xgboost,if_residual,1.0,0.0|0.25|0.5|1.0,aipw_variance,-1.0,1.0,obsval,4.0,0.1,30,0.1,crossfit_rank_empty_standdown,1.0,4,50,1,1316.3062937194481,0.0034230541445235962,0.0034230541445235962,0.0034230541445235962,0.0,0.00020610127083577458,-0.000412597964404479,0.0,nan,0.0,reference,nan,nan,nan,nan,nan,gradient_boosting,lasso,3761186.5186792742,nan,nan,nan,nan,nan,nan,nan,0.075,0.26816666666666666,0.9044444444444445,0.25295214418893724,66,322,0.14666666666666667,0.20012430080795526,0.011159802535670412,0.011159802535670412,0.0,0.013993848977794366,0.013993848977794366,0.0,1.2254361521412898,1.2254361521412898,0.8793319667437826,0.8793319667437826
m01-j0084,manifest.tsv,dml2_real_real_digits_misaligned_cui_selective_ml_n6000_s1_chunk11.reps.csv,real_digits_misaligned,box,6000,0.05,1.0,estimated_residual_lowp_supported,cui_selective_ml,estimated,xgboost,xgboost,if_residual,1.0,0.0|0.25|0.5|1.0,aipw_variance,-1.0,1.0,obsval,4.0,0.1,30,0.1,crossfit_rank_empty_standdown,1.0,4,50,2,2609.890881365165,-0.04934111901868507,-0.05381588240409424,-0.04934111901868507,-0.0044747633854091695,0.00011235229046422648,-7.552701911974565e-05,0.0,nan,0.5,if_residual,nan,nan,nan,nan,nan,gradient_boosting,lasso,3568652.758197351,nan,nan,nan,nan,nan,nan,nan,0.0,0.2668333333333333,nan,0.0,0,319,nan,0.19925046845721425,0.0,0.0,0.0,0.0051519265991421355,-0.0011079496179031904,0.0040439769812389455,nan,nan,0.7384147066412267,0.7687597958939455
m01-j0084,manifest.tsv,dml2_real_real_digits_misaligned_cui_selective_ml_n6000_s1_chunk11.reps.csv,real_digits_misaligned,box,6000,0.05,1.0,estimated_residual_lowp_supported,cui_selective_ml,estimated,xgboost,xgboost,if_residual,1.0,0.0|0.25|0.5|1.0,aipw_variance,-1.0,1.0,obsval,4.0,0.1,30,0.1,crossfit_rank_empty_standdown,1.0,4,50,3,3925.0913235442713,0.06228682412305031,0.06228682412305031,0.06228682412305031,0.0,0.00031069547278623577,-0.00032682753797419456,0.0,nan,0.0,reference,nan,nan,nan,nan,nan,logistic_l1,lasso,0.0006022764135647137,nan,nan,nan,nan,nan,nan,nan,0.0,0.2733333333333333,nan,0.0,0,321,nan,0.19573170731707318,0.0,0.0,0.0,-418.81953854664584,-418.81953854664584,0.0,nan,nan,0.9467554453060659,0.9467554453060659
m01-j0084,manifest.tsv,dml2_real_real_digits_misaligned_cui_selective_ml_n6000_s1_chunk11.reps.csv,real_digits_misaligned,box,6000,0.05,1.0,estimated_residual_lowp_supported,cui_selective_ml,estimated,xgboost,xgboost,if_residual,1.0,0.0|0.25|0.5|1.0,aipw_variance,-1.0,1.0,obsval,4.0,0.1,30,0.1,crossfit_rank_empty_standdown,1.0,4,50,4,5221.7620990965515,0.0418817019184205,0.0418817019184205,0.0418817019184205,0.0,0.00041325415316213797,-0.0003149331654742082,0.0,nan,0.0,reference,nan,nan,nan,nan,nan,gradient_boosting,gradient_boosting,0.0023516798843173006,nan,nan,nan,nan,nan,nan,nan,0.0,0.2703333333333333,nan,0.0,0,309,nan,0.1905055487053021,0.0,0.0,0.0,0.016828796057710215,0.016828796057710215,0.0,nan,nan,0.8385759775708749,0.8385759775708749
m01-j0085,manifest.tsv,dml2_real_real_digits_misaligned_cui_selective_ml_n6000_s1_chunk12.reps.csv,real_digits_misaligned,box,6000,0.05,1.0,estimated_residual_lowp_supported,cui_selective_ml,estimated,xgboost,xgboost,if_residual,1.0,0.0|0.25|0.5|1.0,aipw_variance,-1.0,1.0,obsval,4.0,0.1,30,0.1,crossfit_rank_empty_standdown,1.0,4,50,1,1308.3976386142895,-0.0317552138378481,-0.0247285828059563,-0.0317552138378481,0.0070266310318918,0.000356309290180188,-0.0004240007714931182,0.0,nan,1.0,if_residual,nan,nan,nan,nan,nan,logistic_l1,lasso,0.003603130065412551,nan,nan,nan,nan,nan,nan,nan,0.0,0.278,nan,0.0,0,311,nan,0.18645083932853718,0.0,0.0,0.0,-89.05893579461585,-91.01564539119954,-1.9567095965836927,nan,nan,0.684599129230049,0.8010094987667631
m01-j0085,manifest.tsv,dml2_real_real_digits_misaligned_cui_selective_ml_n6000_s1_chunk12.reps.csv,real_digits_misaligned,box,6000,0.05,1.0,estimated_residual_lowp_supported,cui_selective_ml,estimated,xgboost,xgboost,if_residual,1.0,0.0|0.25|0.5|1.0,aipw_variance,-1.0,1.0,obsval,4.0,0.1,30,0.1,crossfit_rank_empty_standdown,1.0,4,50,2,2617.019955459982,-0.04784218972171325,-0.04784218972171325,-0.04784218972171325,0.0,0.00019916289764245203,-0.00012254783184072453,0.0,nan,0.0,reference,nan,nan,nan,nan,nan,gradient_boosting,gradient_boosting,2115.313464538288,nan,nan,nan,nan,nan,nan,nan,0.075,0.2775,0.9555555555555556,0.25825825825825827,56,330,0.12444444444444444,0.1981981981981982,0.008247890045784625,0.008247890045784625,0.0,0.011370271272981711,0.011370271272981711,0.0,0.8070731254066882,0.8070731254066882,0.7306203015483869,0.7306203015483869
m01-j0085,manifest.tsv,dml2_real_real_digits_misaligned_cui_selective_ml_n6000_s1_chunk12.reps.csv,real_digits_misaligned,box,6000,0.05,1.0,estimated_residual_lowp_supported,cui_selective_ml,estimated,xgboost,xgboost,if_residual,1.0,0.0|0.25|0.5|1.0,aipw_variance,-1.0,1.0,obsval,4.0,0.1,30,0.1,crossfit_rank_empty_standdown,1.0,4,50,3,3952.6479860739782,-0.011428033818840277,-0.015553260183410661,-0.011428033818840277,-0.0041252263645703835,0.00026345411650561764,-0.00023144637703018925,0.0,nan,0.5,if_residual,nan,nan,nan,nan,nan,gradient_boosting,random_forest,9332197.658110762,nan,nan,nan,nan,nan,nan,nan,0.1,0.276,0.93,0.33695652173913043,81,373,0.135,0.2252415458937198,0.015803799952189293,0.012189940415511908,0.0036138595366773853,0.024184322311105916,0.017743913922118517,0.0064404083889873995,1.1361135791619799,1.0680651113497284,0.8578858358959688,0.8175309312356911
m01-j0085,manifest.tsv,dml2_real_real_digits_misaligned_cui_selective_ml_n6000_s1_chunk12.reps.csv,real_digits_misaligned,box,6000,0.05,1.0,estimated_residual_lowp_supported,cui_selective_ml,estimated,xgboost,xgboost,if_residual,1.0,0.0|0.25|0.5|1.0,aipw_variance,-1.0,1.0,obsval,4.0,0.1,30,0.1,crossfit_rank_empty_standdown,1.0,4,50,4,5220.91365820542,0.005863555180230767,0.005863555180230767,0.005863555180230767,0.0,0.0004357910325592145,-0.00043523162980349766,0.0,nan,0.0,reference,nan,nan,nan,nan,nan,gradient_boosting,lasso,15.256180810078268,nan,nan,nan,nan,nan,nan,nan,0.1,0.2805,0.9183333333333333,0.3273915626856803,83,351,0.13833333333333334,0.20855614973262032,0.01260213995734876,0.01260213995734876,0.0,0.011168418021408914,0.011168418021408914,0.0,0.9718612599925021,0.9718612599925021,0.7263218443785466,0.7263218443785466
m01-j0086,manifest.tsv,dml2_real_real_digits_misaligned_cui_selective_ml_n6000_s1_chunk13.reps.csv,real_digits_misaligned,box,6000,0.05,1.0,estimated_residual_lowp_supported,cui_selective_ml,estimated,xgboost,xgboost,if_residual,1.0,0.0|0.25|0.5|1.0,aipw_variance,-1.0,1.0,obsval,4.0,0.1,30,0.1,crossfit_rank_empty_standdown,1.0,4,50,1,1324.6693007797003,-0.002613081635289838,-0.002613081635289838,-0.002613081635289838,0.0,0.0001982670079271958,-0.00023500929246541462,0.0,nan,0.0,reference,nan,nan,nan,nan,nan,gradient_boosting,lasso,0.0012396986607674547,nan,nan,nan,nan,nan,nan,nan,0.0,0.2745,nan,0.0,0,337,nan,0.20461445051608987,0.0,0.0,0.0,0.0161476717757773,0.0161476717757773,0.0,nan,nan,0.7777949017275984,0.7777949017275984
m01-j0086,manifest.tsv,dml2_real_real_digits_misaligned_cui_selective_ml_n6000_s1_chunk13.reps.csv,real_digits_misaligned,box,6000,0.05,1.0,estimated_residual_lowp_supported,cui_selective_ml,estimated,xgboost,xgboost,if_residual,1.0,0.0|0.25|0.5|1.0,aipw_variance,-1.0,1.0,obsval,4.0,0.1,30,0.1,crossfit_rank_empty_standdown,1.0,4,50,2,2653.712867709808,0.021667908251126855,0.021667908251126855,0.021667908251126855,0.0,0.00011278773962000808,-0.0001555489563999919,0.0,nan,0.0,reference,nan,nan,nan,nan,nan,gradient_boosting,gradient_boosting,765170.4392378753,nan,nan,nan,nan,nan,nan,nan,0.1,0.2683333333333333,0.9216666666666666,0.34347826086956523,80,350,0.13333333333333333,0.21739130434782608,0.019108111086645983,0.019108111086645983,0.0,0.021443898662353585,0.021443898662353585,0.0,1.136683312258011,1.136683312258011,0.8509788438731264,0.8509788438731264
m01-j0086,manifest.tsv,dml2_real_real_digits_misaligned_cui_selective_ml_n6000_s1_chunk13.reps.csv,real_digits_misaligned,box,6000,0.05,1.0,estimated_residual_lowp_supported,cui_selective_ml,estimated,xgboost,xgboost,if_residual,1.0,0.0|0.25|0.5|1.0,aipw_variance,-1.0,1.0,obsval,4.0,0.1,30,0.1,crossfit_rank_empty_standdown,1.0,4,50,3,3948.813661028631,-0.00454113711754045,-0.00454113711754045,-0.00454113711754045,0.0,0.00010456046464094146,-0.00012975277486730716,0.0,nan,0.0,reference,nan,nan,nan,nan,nan,logistic_l1,gradient_boosting,0.001438196827048188,nan,nan,nan,nan,nan,nan,nan,0.0,0.27116666666666667,nan,0.0,0,332,nan,0.20405654578979718,0.0,0.0,0.0,-179.26781011148577,-179.26781011148577,0.0,nan,nan,0.8311964345283083,0.8311964345283083
m01-j0086,manifest.tsv,dml2_real_real_digits_misaligned_cui_selective_ml_n6000_s1_chunk13.reps.csv,real_digits_misaligned,box,6000,0.05,1.0,estimated_residual_lowp_supported,cui_selective_ml,estimated,xgboost,xgboost,if_residual,1.0,0.0|0.25|0.5|1.0,aipw_variance,-1.0,1.0,obsval,4.0,0.1,30,0.1,crossfit_rank_empty_standdown,1.0,4,50,4,5227.710585454479,0.057879783319385536,0.057879783319385536,0.057879783319385536,0.0,0.00018941519373416333,-0.00019823411901454056,0.0,nan,0.0,reference,nan,nan,nan,nan,nan,gradient_boosting,gradient_boosting,0.00018687933122836297,nan,nan,nan,nan,nan,nan,nan,0.075,0.2805,0.94,0.25133689839572193,50,327,0.1111111111111111,0.19429590017825313,0.005036681703482642,0.005036681703482642,0.0,0.015261795020194804,0.015261795020194804,0.0,0.9764582937192128,0.9764582937192128,0.7774760170201865,0.7774760170201865
m01-j0087,manifest.tsv,dml2_real_real_digits_misaligned_cui_selective_ml_n6000_s1_chunk14.reps.csv,real_digits_misaligned,box,6000,0.05,1.0,estimated_residual_lowp_supported,cui_selective_ml,estimated,xgboost,xgboost,if_residual,1.0,0.0|0.25|0.5|1.0,aipw_variance,-1.0,1.0,obsval,4.0,0.1,30,0.1,crossfit_rank_empty_standdown,1.0,4,50,1,1284.0280407713726,0.01895448561647603,0.013922122793979946,0.01895448561647603,-0.005032362822496084,9.915572465238906e-05,-6.670739232015195e-05,0.0,nan,0.25,if_residual,nan,nan,nan,nan,nan,gradient_boosting,random_forest,0.0003894864115664956,nan,nan,nan,nan,nan,nan,nan,0.0,0.2725,nan,0.0,0,315,nan,0.1926605504587156,0.0,0.0,0.0,0.02251770499717623,0.020464974160357263,0.0020527308368189674,nan,nan,0.8315779223190916,0.8211327590018062
m01-j0087,manifest.tsv,dml2_real_real_digits_misaligned_cui_selective_ml_n6000_s1_chunk14.reps.csv,real_digits_misaligned,box,6000,0.05,1.0,estimated_residual_lowp_supported,cui_selective_ml,estimated,xgboost,xgboost,if_residual,1.0,0.0|0.25|0.5|1.0,aipw_variance,-1.0,1.0,obsval,4.0,0.1,30,0.1,crossfit_rank_empty_standdown,1.0,4,50,2,2595.206454347819,0.007665930299630058,0.007665930299630058,0.007665930299630058,0.0,0.00012066520930618246,-5.002747135819977e-05,0.0,nan,0.0,reference,nan,nan,nan,nan,nan,logistic_l1,random_forest,0.0024938462416856364,nan,nan,nan,nan,nan,nan,nan,0.05,0.2748333333333333,0.8833333333333333,0.16070345664038813,50,353,0.16666666666666666,0.21406913280776227,-0.045849909652154165,-0.045849909652154165,0.0,-0.1292588271944735,-0.1292588271944735,0.0,1.0464302816406257,1.0464302816406257,0.8138623004679584,0.8138623004679584
m01-j0087,manifest.tsv,dml2_real_real_digits_misaligned_cui_selective_ml_n6000_s1_chunk14.reps.csv,real_digits_misaligned,box,6000,0.05,1.0,estimated_residual_lowp_supported,cui_selective_ml,estimated,xgboost,xgboost,if_residual,1.0,0.0|0.25|0.5|1.0,aipw_variance,-1.0,1.0,obsval,4.0,0.1,30,0.1,crossfit_rank_empty_standdown,1.0,4,50,3,3889.7552203917876,0.050728270226177236,0.04839323382635849,0.050728270226177236,-0.0023350363998187462,0.00022456174991455978,-0.0002808066142317078,0.0,nan,0.25,if_residual,nan,nan,nan,nan,nan,gradient_boosting,lasso,1.329682861927286,nan,nan,nan,nan,nan,nan,nan,0.075,0.26716666666666666,0.8888888888888888,0.2495321272613849,68,332,0.1511111111111111,0.20711166562694946,0.01549055902784384,0.013331081337309484,0.0021594776905343553,0.01803994890279614,0.015042700967805182,0.0029972479349909577,1.003140839408052,0.9627508186873055,0.7984109841794659,0.7737857595317071
m01-j0087,manifest.tsv,dml2_real_real_digits_misaligned_cui_selective_ml_n6000_s1_chunk14.reps.csv,real_digits_misaligned,box,6000,0.05,1.0,estimated_residual_lowp_supported,cui_selective_ml,estimated,xgboost,xgboost,if_residual,1.0,0.0|0.25|0.5|1.0,aipw_variance,-1.0,1.0,obsval,4.0,0.1,30,0.1,crossfit_rank_empty_standdown,1.0,4,50,4,5191.751458299346,0.019216393116009062,0.019216393116009062,0.019216393116009062,0.0,0.0004425074737242963,-0.000474748951549388,0.0,nan,0.0,reference,nan,nan,nan,nan,nan,gradient_boosting,gradient_boosting,0.6116907810456127,nan,nan,nan,nan,nan,nan,nan,0.0,0.28,nan,0.0,0,322,nan,0.19166666666666668,0.0,0.0,0.0,0.022157321070179693,0.022157321070179693,0.0,nan,nan,0.7668745392005422,0.7668745392005422
m01-j0088,manifest.tsv,dml2_real_real_digits_misaligned_cui_selective_ml_n6000_s1_chunk15.reps.csv,real_digits_misaligned,box,6000,0.05,1.0,estimated_residual_lowp_supported,cui_selective_ml,estimated,xgboost,xgboost,if_residual,1.0,0.0|0.25|0.5|1.0,aipw_variance,-1.0,1.0,obsval,4.0,0.1,30,0.1,crossfit_rank_empty_standdown,1.0,4,50,1,1300.6894469009712,-0.047224397844282395,-0.047224397844282395,-0.047224397844282395,0.0,0.00036969593353609453,-0.0004860669909863128,0.0,nan,0.0,reference,nan,nan,nan,nan,nan,gradient_boosting,gradient_boosting,46029.7957817566,nan,nan,nan,nan,nan,nan,nan,0.1,0.2695,0.92,0.34137291280148424,90,356,0.15,0.22016079158936303,0.008765315356644389,0.008765315356644389,0.0,0.015108001464953278,0.015108001464953278,0.0,1.0989546552230356,1.0989546552230356,0.8393663051555111,0.8393663051555111
m01-j0088,manifest.tsv,dml2_real_real_digits_misaligned_cui_selective_ml_n6000_s1_chunk15.reps.csv,real_digits_misaligned,box,6000,0.05,1.0,estimated_residual_lowp_supported,cui_selective_ml,estimated,xgboost,xgboost,if_residual,1.0,0.0|0.25|0.5|1.0,aipw_variance,-1.0,1.0,obsval,4.0,0.1,30,0.1,crossfit_rank_empty_standdown,1.0,4,50,2,2597.9569732192904,0.028416086364126486,0.028416086364126486,0.028416086364126486,0.0,0.0002904971332268369,-0.00017730614469742582,0.0,nan,0.0,reference,nan,nan,nan,nan,nan,gradient_boosting,gradient_boosting,0.002260167126662844,nan,nan,nan,nan,nan,nan,nan,0.0,0.26416666666666666,nan,0.0,0,297,nan,0.18738170347003155,0.0,0.0,0.0,0.007726086206623764,0.007726086206623764,0.0,nan,nan,0.8680179782186563,0.8680179782186563
m01-j0088,manifest.tsv,dml2_real_real_digits_misaligned_cui_selective_ml_n6000_s1_chunk15.reps.csv,real_digits_misaligned,box,6000,0.05,1.0,estimated_residual_lowp_supported,cui_selective_ml,estimated,xgboost,xgboost,if_residual,1.0,0.0|0.25|0.5|1.0,aipw_variance,-1.0,1.0,obsval,4.0,0.1,30,0.1,crossfit_rank_empty_standdown,1.0,4,50,3,3890.8295360319316,0.0645400519540518,0.0645400519540518,0.0645400519540518,0.0,0.0003392601709840048,-0.0002779427114843521,0.0,nan,0.0,reference,nan,nan,nan,nan,nan,gradient_boosting,gradient_boosting,0.0036927134047110895,nan,nan,nan,nan,nan,nan,nan,0.05,0.2695,0.9266666666666666,0.17192331478045764,42,342,0.14,0.21150278293135436,0.007453801419748603,0.007453801419748603,0.0,0.0185409846463992,0.0185409846463992,0.0,1.3611420343375589,1.3611420343375589,0.8468149564718522,0.8468149564718522
m01-j0088,manifest.tsv,dml2_real_real_digits_misaligned_cui_selective_ml_n6000_s1_chunk15.reps.csv,real_digits_misaligned,box,6000,0.05,1.0,estimated_residual_lowp_supported,cui_selective_ml,estimated,xgboost,xgboost,if_residual,1.0,0.0|0.25|0.5|1.0,aipw_variance,-1.0,1.0,obsval,4.0,0.1,30,0.1,crossfit_rank_empty_standdown,1.0,4,50,4,5188.2994172703475,0.018378808740799807,0.018378808740799807,0.018378808740799807,0.0,0.0008939466633828904,-0.0011146060336595534,0.0,nan,0.0,reference,nan,nan,nan,nan,nan,gradient_boosting,gradient_boosting,436589.8485454134,nan,nan,nan,nan,nan,nan,nan,0.0,0.2781666666666667,nan,0.0,0,347,nan,0.2079089275014979,0.0,0.0,0.0,0.021349214626341706,0.021349214626341706,0.0,nan,nan,0.8034021662002118,0.8034021662002118
m01-j0089,manifest.tsv,dml2_real_real_digits_misaligned_cui_selective_ml_n6000_s1_chunk16.reps.csv,real_digits_misaligned,box,6000,0.05,1.0,estimated_residual_lowp_supported,cui_selective_ml,estimated,xgboost,xgboost,if_residual,1.0,0.0|0.25|0.5|1.0,aipw_variance,-1.0,1.0,obsval,4.0,0.1,30,0.1,crossfit_rank_empty_standdown,1.0,4,50,1,1271.2442067749798,0.02326006237731193,0.02326006237731193,0.02326006237731193,0.0,0.00013555972732413554,-0.00016222620002473128,0.0,nan,0.0,reference,nan,nan,nan,nan,nan,logistic_l1,gradient_boosting,0.00031107588544891337,nan,nan,nan,nan,nan,nan,nan,0.05,0.2738333333333333,0.9533333333333334,0.17407181984175288,30,331,0.1,0.2014607425441266,-0.0237589815455953,-0.0237589815455953,0.0,-0.09506489511422088,-0.09506489511422088,0.0,1.056319276856677,1.056319276856677,0.8043283734264307,0.8043283734264307
m01-j0089,manifest.tsv,dml2_real_real_digits_misaligned_cui_selective_ml_n6000_s1_chunk16.reps.csv,real_digits_misaligned,box,6000,0.05,1.0,estimated_residual_lowp_supported,cui_selective_ml,estimated,xgboost,xgboost,if_residual,1.0,0.0|0.25|0.5|1.0,aipw_variance,-1.0,1.0,obsval,4.0,0.1,30,0.1,crossfit_rank_empty_standdown,1.0,4,50,2,2607.5256134858355,0.01918454621031737,0.01918454621031737,0.01918454621031737,0.0,0.00016637511661203933,-0.00017089179922875062,0.0,nan,0.0,reference,nan,nan,nan,nan,nan,random_forest,gradient_boosting,2852218.255898879,nan,nan,nan,nan,nan,nan,nan,0.0,0.2668333333333333,nan,0.0,0,350,nan,0.21861336664584635,0.0,0.0,0.0,0.02575822429594467,0.02575822429594467,0.0,nan,nan,0.8816539157176008,0.8816539157176008
m01-j0089,manifest.tsv,dml2_real_real_digits_misaligned_cui_selective_ml_n6000_s1_chunk16.reps.csv,real_digits_misaligned,box,6000,0.05,1.0,estimated_residual_lowp_supported,cui_selective_ml,estimated,xgboost,xgboost,if_residual,1.0,0.0|0.25|0.5|1.0,aipw_variance,-1.0,1.0,obsval,4.0,0.1,30,0.1,crossfit_rank_empty_standdown,1.0,4,50,3,3898.186815178953,0.004886453283247522,0.004886453283247522,0.004886453283247522,0.0,0.00027873037288018163,-0.0004646495562022862,0.0,nan,0.0,reference,nan,nan,nan,nan,nan,gradient_boosting,gradient_boosting,474789.4271968665,nan,nan,nan,nan,nan,nan,nan,0.0,0.27116666666666667,nan,0.0,0,309,nan,0.189920098340504,0.0,0.0,0.0,0.011734319672240763,0.011734319672240763,0.0,nan,nan,0.8475561398574062,0.8475561398574062
m01-j0089,manifest.tsv,dml2_real_real_digits_misaligned_cui_selective_ml_n6000_s1_chunk16.reps.csv,real_digits_misaligned,box,6000,0.05,1.0,estimated_residual_lowp_supported,cui_selective_ml,estimated,xgboost,xgboost,if_residual,1.0,0.0|0.25|0.5|1.0,aipw_variance,-1.0,1.0,obsval,4.0,0.1,30,0.1,crossfit_rank_empty_standdown,1.0,4,50,4,5218.216468224302,0.012303198195418974,0.012303198195418974,0.012303198195418974,0.0,0.00017324332434595722,-0.0003059567198440095,0.0,nan,0.0,reference,nan,nan,nan,nan,nan,gradient_boosting,lasso,0.0007135089498750122,nan,nan,nan,nan,nan,nan,nan,0.05,0.2718333333333333,0.9366666666666666,0.17228694052728388,39,325,0.13,0.19926425505824646,0.006168211935715727,0.006168211935715727,0.0,0.006539190089473811,0.006539190089473811,0.0,0.9906983955014719,0.9906983955014719,0.6900853775024796,0.6900853775024796
m01-j0090,manifest.tsv,dml2_real_real_digits_misaligned_cui_selective_ml_n6000_s1_chunk17.reps.csv,real_digits_misaligned,box,6000,0.05,1.0,estimated_residual_lowp_supported,cui_selective_ml,estimated,xgboost,xgboost,if_residual,1.0,0.0|0.25|0.5|1.0,aipw_variance,-1.0,1.0,obsval,4.0,0.1,30,0.1,crossfit_rank_empty_standdown,1.0,4,50,1,1282.3259234186262,0.003947910112278991,0.003947910112278991,0.003947910112278991,0.0,0.00013332236275085882,-0.000404944822492391,0.0,nan,0.0,reference,nan,nan,nan,nan,nan,gradient_boosting,lasso,0.004514174561440315,nan,nan,nan,nan,nan,nan,nan,0.0,0.2798333333333333,nan,0.0,0,314,nan,0.18701608100059558,0.0,0.0,0.0,0.005745106300752399,0.005745106300752399,0.0,nan,nan,0.6925289001379488,0.6925289001379488
m01-j0090,manifest.tsv,dml2_real_real_digits_misaligned_cui_selective_ml_n6000_s1_chunk17.reps.csv,real_digits_misaligned,box,6000,0.05,1.0,estimated_residual_lowp_supported,cui_selective_ml,estimated,xgboost,xgboost,if_residual,1.0,0.0|0.25|0.5|1.0,aipw_variance,-1.0,1.0,obsval,4.0,0.1,30,0.1,crossfit_rank_empty_standdown,1.0,4,50,2,2641.426407562569,0.08606448831018076,0.08606448831018076,0.08606448831018076,0.0,0.0010244614733324656,-0.0009501974484397255,0.0,nan,0.0,reference,nan,nan,nan,nan,nan,gradient_boosting,random_forest,44.212604013468486,nan,nan,nan,nan,nan,nan,nan,0.075,0.26616666666666666,0.9066666666666666,0.25547902316844084,79,335,0.17555555555555555,0.2097683155917345,0.022057575767165247,0.022057575767165247,0.0,0.03393312118107174,0.03393312118107174,0.0,1.4086220719773264,1.4086220719773264,0.9660853597534189,0.9660853597534189
m01-j0090,manifest.tsv,dml2_real_real_digits_misaligned_cui_selective_ml_n6000_s1_chunk17.reps.csv,real_digits_misaligned,box,6000,0.05,1.0,estimated_residual_lowp_supported,cui_selective_ml,estimated,xgboost,xgboost,if_residual,1.0,0.0|0.25|0.5|1.0,aipw_variance,-1.0,1.0,obsval,4.0,0.1,30,0.1,crossfit_rank_empty_standdown,1.0,4,50,3,3996.791335215792,-0.01879660558249313,-0.02313263062446344,-0.01879660558249313,-0.0043360250419703095,0.000651727848675559,-0.0012078761748248379,0.0,nan,0.25,if_residual,nan,nan,nan,nan,nan,gradient_boosting,gradient_boosting,93.57542540736826,nan,nan,nan,nan,nan,nan,nan,0.0,0.27266666666666667,nan,0.0,0,334,nan,0.2041564792176039,0.0,0.0,0.0,0.01418961911211943,0.010886016529647035,0.003303602582472396,nan,nan,0.9030837674736713,0.8994339477040086
m01-j0090,manifest.tsv,dml2_real_real_digits_misaligned_cui_selective_ml_n6000_s1_chunk17.reps.csv,real_digits_misaligned,box,6000,0.05,1.0,estimated_residual_lowp_supported,cui_selective_ml,estimated,xgboost,xgboost,if_residual,1.0,0.0|0.25|0.5|1.0,aipw_variance,-1.0,1.0,obsval,4.0,0.1,30,0.1,crossfit_rank_empty_standdown,1.0,4,50,4,5303.6019721366465,-0.008336710963614657,-0.008336710963614657,-0.008336710963614657,0.0,0.0002536696218347243,-0.00029151142469246343,0.0,nan,0.0,reference,nan,nan,nan,nan,nan,gradient_boosting,lasso,0.016374026515361108,nan,nan,nan,nan,nan,nan,nan,0.1,0.2725,0.945,0.3467889908256881,76,304,0.12666666666666668,0.18593272171253822,0.008987993853372,0.008987993853372,0.0,0.013518075171725805,0.013518075171725805,0.0,0.9139059271216133,0.9139059271216133,0.8458566139427854,0.8458566139427854
m01-j0091,manifest.tsv,dml2_real_real_digits_misaligned_cui_selective_ml_n6000_s1_chunk18.reps.csv,real_digits_misaligned,box,6000,0.05,1.0,estimated_residual_lowp_supported,cui_selective_ml,estimated,xgboost,xgboost,if_residual,1.0,0.0|0.25|0.5|1.0,aipw_variance,-1.0,1.0,obsval,4.0,0.1,30,0.1,crossfit_rank_empty_standdown,1.0,4,50,1,1305.0240492569283,0.03581724839978334,0.03581724839978334,0.03581724839978334,0.0,0.0002717403836124026,-0.00027504639943462224,0.0,nan,0.0,reference,nan,nan,nan,nan,nan,gradient_boosting,gradient_boosting,146.19604714728797,nan,nan,nan,nan,nan,nan,nan,0.0,0.27466666666666667,nan,0.0,0,361,nan,0.21905339805825244,0.0,0.0,0.0,0.020527008661903306,0.020527008661903306,0.0,nan,nan,0.8561132849601644,0.8561132849601644
m01-j0091,manifest.tsv,dml2_real_real_digits_misaligned_cui_selective_ml_n6000_s1_chunk18.reps.csv,real_digits_misaligned,box,6000,0.05,1.0,estimated_residual_lowp_supported,cui_selective_ml,estimated,xgboost,xgboost,if_residual,1.0,0.0|0.25|0.5|1.0,aipw_variance,-1.0,1.0,obsval,4.0,0.1,30,0.1,crossfit_rank_empty_standdown,1.0,4,50,2,2604.3002339219674,-0.0007821129805902771,-0.0007821129805902771,-0.0007821129805902771,0.0,0.0007170561119961799,-0.0005115138270724616,0.0,nan,0.0,reference,nan,nan,nan,nan,nan,gradient_boosting,gradient_boosting,276.17521645326605,nan,nan,nan,nan,nan,nan,nan,0.05,0.279,0.9466666666666667,0.16965352449223417,35,346,0.11666666666666667,0.2066905615292712,0.009863287464578202,0.009863287464578202,0.0,0.014303065313241669,0.014303065313241669,0.0,1.1603616244018564,1.1603616244018564,0.790202611750062,0.790202611750062
m01-j0091,manifest.tsv,dml2_real_real_digits_misaligned_cui_selective_ml_n6000_s1_chunk18.reps.csv,real_digits_misaligned,box,6000,0.05,1.0,estimated_residual_lowp_supported,cui_selective_ml,estimated,xgboost,xgboost,if_residual,1.0,0.0|0.25|0.5|1.0,aipw_variance,-1.0,1.0,obsval,4.0,0.1,30,0.1,crossfit_rank_empty_standdown,1.0,4,50,3,3956.142864198424,0.026542876721604103,0.024548328896425803,0.026542876721604103,-0.0019945478251783,0.00017251423416175435,-0.00025690019292405424,0.0,nan,0.25,if_residual,nan,nan,nan,nan,nan,gradient_boosting,random_forest,118960.78349711039,nan,nan,nan,nan,nan,nan,nan,0.0,0.2685,nan,0.0,0,299,nan,0.1855990068280571,0.0,0.0,0.0,0.023593654725401085,0.021002571786757684,0.0025910829386434006,nan,nan,0.8251975727199542,0.8267021950682377
m01-j0091,manifest.tsv,dml2_real_real_digits_misaligned_cui_selective_ml_n6000_s1_chunk18.reps.csv,real_digits_misaligned,box,6000,0.05,1.0,estimated_residual_lowp_supported,cui_selective_ml,estimated,xgboost,xgboost,if_residual,1.0,0.0|0.25|0.5|1.0,aipw_variance,-1.0,1.0,obsval,4.0,0.1,30,0.1,crossfit_rank_empty_standdown,1.0,4,50,4,5232.403663463891,0.03655905550955188,0.03943183207482312,0.03655905550955188,0.00287277656527124,0.00041821653036752606,-0.0003915553045694774,0.0,nan,0.5,if_residual,nan,nan,nan,nan,nan,gradient_boosting,lasso,0.0018443182488850304,nan,nan,nan,nan,nan,nan,nan,0.075,0.2785,0.9355555555555556,0.2519449431478157,49,327,0.10888888888888888,0.19569120287253142,0.012722273577616747,0.010187286469748221,0.0025349871078685256,0.016876783740689034,0.01402844576975304,0.002848337970935994,1.0490094384866298,1.0322420173086353,0.8305925419011486,0.8540480317463546
m01-j0092,manifest.tsv,dml2_real_real_digits_misaligned_cui_selective_ml_n6000_s1_chunk19.reps.csv,real_digits_misaligned,box,6000,0.05,1.0,estimated_residual_lowp_supported,cui_selective_ml,estimated,xgboost,xgboost,if_residual,1.0,0.0|0.25|0.5|1.0,aipw_variance,-1.0,1.0,obsval,4.0,0.1,30,0.1,crossfit_rank_empty_standdown,1.0,4,50,1,1292.700410131365,0.03541492598861409,0.03541492598861409,0.03541492598861409,0.0,0.00015948559533528564,-0.00022341939306159,0.0,nan,0.0,reference,nan,nan,nan,nan,nan,gradient_boosting,random_forest,0.5946082586929358,nan,nan,nan,nan,nan,nan,nan,0.1,0.2775,0.9383333333333334,0.33813813813813814,73,336,0.12166666666666667,0.2018018018018018,0.01693705739962152,0.01693705739962152,0.0,0.026435637400172376,0.026435637400172376,0.0,1.0483499142356543,1.0483499142356543,0.8373412137155208,0.8373412137155208
m01-j0092,manifest.tsv,dml2_real_real_digits_misaligned_cui_selective_ml_n6000_s1_chunk19.reps.csv,real_digits_misaligned,box,6000,0.05,1.0,estimated_residual_lowp_supported,cui_selective_ml,estimated,xgboost,xgboost,if_residual,1.0,0.0|0.25|0.5|1.0,aipw_variance,-1.0,1.0,obsval,4.0,0.1,30,0.1,crossfit_rank_empty_standdown,1.0,4,50,2,2616.7982505569234,0.009233185551730194,0.009233185551730194,0.009233185551730194,0.0,0.00020492929000440435,-0.00016964490651744492,0.0,nan,0.0,reference,nan,nan,nan,nan,nan,gradient_boosting,gradient_boosting,0.0009285837480886811,nan,nan,nan,nan,nan,nan,nan,0.05,0.27066666666666667,0.8966666666666666,0.16564039408866996,53,336,0.17666666666666667,0.20689655172413793,0.004591580686926375,0.004591580686926375,0.0,0.012802922857992437,0.012802922857992437,0.0,1.272912648433705,1.272912648433705,0.8035051286620759,0.8035051286620759
m01-j0092,manifest.tsv,dml2_real_real_digits_misaligned_cui_selective_ml_n6000_s1_chunk19.reps.csv,real_digits_misaligned,box,6000,0.05,1.0,estimated_residual_lowp_supported,cui_selective_ml,estimated,xgboost,xgboost,if_residual,1.0,0.0|0.25|0.5|1.0,aipw_variance,-1.0,1.0,obsval,4.0,0.1,30,0.1,crossfit_rank_empty_standdown,1.0,4,50,3,3904.6337984213606,0.01995215504812481,0.01995215504812481,0.01995215504812481,0.0,0.00010407646006070897,-0.0001294255604228679,0.0,nan,0.0,reference,nan,nan,nan,nan,nan,gradient_boosting,lasso,0.714738310424863,nan,nan,nan,nan,nan,nan,nan,0.0,0.2773333333333333,nan,0.0,0,322,nan,0.1935096153846154,0.0,0.0,0.0,0.00479348960857025,0.00479348960857025,0.0,nan,nan,0.7446533744718588,0.7446533744718588
m01-j0092,manifest.tsv,dml2_real_real_digits_misaligned_cui_selective_ml_n6000_s1_chunk19.reps.csv,real_digits_misaligned,box,6000,0.05,1.0,estimated_residual_lowp_supported,cui_selective_ml,estimated,xgboost,xgboost,if_residual,1.0,0.0|0.25|0.5|1.0,aipw_variance,-1.0,1.0,obsval,4.0,0.1,30,0.1,crossfit_rank_empty_standdown,1.0,4,50,4,5202.186385480687,0.053442657795324006,0.053442657795324006,0.053442657795324006,0.0,0.00029872458316776277,-0.0004001159054809886,0.0,nan,0.0,reference,nan,nan,nan,nan,nan,gradient_boosting,gradient_boosting,0.12263894939621903,nan,nan,nan,nan,nan,nan,nan,0.075,0.2845,0.9577777777777777,0.252489748096075,52,318,0.11555555555555555,0.18629173989455183,0.013105112106928997,0.013105112106928997,0.0,0.0173438972763088,0.0173438972763088,0.0,0.8052522704056343,0.8052522704056343,0.7216435528348417,0.7216435528348417
m01-j0093,manifest.tsv,dml2_real_real_digits_misaligned_cui_selective_ml_n6000_s1_chunk20.reps.csv,real_digits_misaligned,box,6000,0.05,1.0,estimated_residual_lowp_supported,cui_selective_ml,estimated,xgboost,xgboost,if_residual,1.0,0.0|0.25|0.5|1.0,aipw_variance,-1.0,1.0,obsval,4.0,0.1,30,0.1,crossfit_rank_empty_standdown,1.0,4,50,1,1275.849351474084,0.0077917885827510636,0.0077917885827510636,0.0077917885827510636,0.0,0.00023414410089550716,-0.0003295527790064324,0.0,nan,0.0,reference,nan,nan,nan,nan,nan,gradient_boosting,random_forest,186.21070331452972,nan,nan,nan,nan,nan,nan,nan,0.0,0.2743333333333333,nan,0.0,0,353,nan,0.21445929526123936,0.0,0.0,0.0,0.02225122049828299,0.02225122049828299,0.0,nan,nan,0.7776421619882483,0.7776421619882483
m01-j0093,manifest.tsv,dml2_real_real_digits_misaligned_cui_selective_ml_n6000_s1_chunk20.reps.csv,real_digits_misaligned,box,6000,0.05,1.0,estimated_residual_lowp_supported,cui_selective_ml,estimated,xgboost,xgboost,if_residual,1.0,0.0|0.25|0.5|1.0,aipw_variance,-1.0,1.0,obsval,4.0,0.1,30,0.1,crossfit_rank_empty_standdown,1.0,4,50,2,2589.5981668643653,0.04110633447242665,0.03759459719203098,0.04110633447242665,-0.003511737280395666,8.777144225405493e-05,-0.00014045622482343912,0.0,nan,0.25,if_residual,nan,nan,nan,nan,nan,random_forest,lasso,0.004190225042148265,nan,nan,nan,nan,nan,nan,nan,0.075,0.27116666666666667,0.9288888888888889,0.2569145666871543,63,330,0.14,0.20282728948985865,0.010389776147351105,0.008770365375351013,0.0016194107720000923,0.01607742793484073,0.013186508929296858,0.002890919005543873,1.0101230495911453,0.9866934844596075,0.827013078614885,0.8121553664842311
m01-j0093,manifest.tsv,dml2_real_real_digits_misaligned_cui_selective_ml_n6000_s1_chunk20.reps.csv,real_digits_misaligned,box,6000,0.05,1.0,estimated_residual_lowp_supported,cui_selective_ml,estimated,xgboost,xgboost,if_residual,1.0,0.0|0.25|0.5|1.0,aipw_variance,-1.0,1.0,obsval,4.0,0.1,30,0.1,crossfit_rank_empty_standdown,1.0,4,50,3,3917.1148271802813,-0.004332453846524614,-0.00932412525193757,-0.004332453846524614,-0.004991671405412956,0.0001721462158673563,-0.0001941663169706308,0.0,nan,0.25,if_residual,nan,nan,nan,nan,nan,logistic_l1,lasso,0.0009080680283292274,nan,nan,nan,nan,nan,nan,nan,0.075,0.2768333333333333,0.9066666666666666,0.2456351595424443,77,368,0.1711111111111111,0.22155328115593018,-213.17426920890892,-195.40830079049775,17.765968418411177,-376.52422051898264,-349.86252431059285,26.6616962083898,1.0819795643543535,1.0310278660984151,0.8069338650463835,0.7697758754002458
m01-j0093,manifest.tsv,dml2_real_real_digits_misaligned_cui_selective_ml_n6000_s1_chunk20.reps.csv,real_digits_misaligned,box,6000,0.05,1.0,estimated_residual_lowp_supported,cui_selective_ml,estimated,xgboost,xgboost,if_residual,1.0,0.0|0.25|0.5|1.0,aipw_variance,-1.0,1.0,obsval,4.0,0.1,30,0.1,crossfit_rank_empty_standdown,1.0,4,50,4,5224.665203639306,0.05884370986566376,0.05884370986566376,0.05884370986566376,0.0,0.00016894371163098717,-0.00018923192868254405,0.0,nan,0.0,reference,nan,nan,nan,nan,nan,gradient_boosting,gradient_boosting,0.05194826517328561,nan,nan,nan,nan,nan,nan,nan,0.0,0.2733333333333333,nan,0.0,0,322,nan,0.19634146341463415,0.0,0.0,0.0,0.021784761148301555,0.021784761148301555,0.0,nan,nan,0.8515796809044552,0.8515796809044552
m01-j0094,manifest.tsv,dml2_real_real_digits_misaligned_cui_selective_ml_n6000_s1_chunk21.reps.csv,real_digits_misaligned,box,6000,0.05,1.0,estimated_residual_lowp_supported,cui_selective_ml,estimated,xgboost,xgboost,if_residual,1.0,0.0|0.25|0.5|1.0,aipw_variance,-1.0,1.0,obsval,4.0,0.1,30,0.1,crossfit_rank_empty_standdown,1.0,4,50,1,1300.7369354357943,0.036028655286270916,0.036028655286270916,0.036028655286270916,0.0,0.00025275391837284705,-0.00024278730728431025,0.0,nan,0.0,reference,nan,nan,nan,nan,nan,gradient_boosting,gradient_boosting,0.005165834251314381,nan,nan,nan,nan,nan,nan,nan,0.1,0.27116666666666667,0.9366666666666666,0.345421020282729,80,331,0.13333333333333333,0.2034419176398279,0.01548838956058878,0.01548838956058878,0.0,0.017498364760754465,0.017498364760754465,0.0,1.1523616166604709,1.1523616166604709,0.8684442993661982,0.8684442993661982
m01-j0094,manifest.tsv,dml2_real_real_digits_misaligned_cui_selective_ml_n6000_s1_chunk21.reps.csv,real_digits_misaligned,box,6000,0.05,1.0,estimated_residual_lowp_supported,cui_selective_ml,estimated,xgboost,xgboost,if_residual,1.0,0.0|0.25|0.5|1.0,aipw_variance,-1.0,1.0,obsval,4.0,0.1,30,0.1,crossfit_rank_empty_standdown,1.0,4,50,2,2613.899676080793,0.043411136644677245,0.043411136644677245,0.043411136644677245,0.0,0.00011396102547643139,-0.00012785695268768436,0.0,nan,0.0,reference,nan,nan,nan,nan,nan,gradient_boosting,gradient_boosting,0.0327317518661554,nan,nan,nan,nan,nan,nan,nan,0.0,0.269,nan,0.0,0,314,nan,0.19454770755885997,0.0,0.0,0.0,0.017135871777631345,0.017135871777631345,0.0,nan,nan,0.8652989049591934,0.8652989049591934
m01-j0094,manifest.tsv,dml2_real_real_digits_misaligned_cui_selective_ml_n6000_s1_chunk21.reps.csv,real_digits_misaligned,box,6000,0.05,1.0,estimated_residual_lowp_supported,cui_selective_ml,estimated,xgboost,xgboost,if_residual,1.0,0.0|0.25|0.5|1.0,aipw_variance,-1.0,1.0,obsval,4.0,0.1,30,0.1,crossfit_rank_empty_standdown,1.0,4,50,3,3938.8596307337284,-0.02705661828142078,-0.02705661828142078,-0.02705661828142078,0.0,0.000128776768066352,-0.00020012599494352882,0.0,nan,0.0,reference,nan,nan,nan,nan,nan,gradient_boosting,gradient_boosting,5317033.330007201,nan,nan,nan,nan,nan,nan,nan,0.1,0.27566666666666667,0.9233333333333333,0.3349455864570738,76,326,0.12666666666666668,0.19709794437726724,0.011766371161665025,0.011766371161665025,0.0,0.0134575366248807,0.0134575366248807,0.0,1.0422427864359756,1.0422427864359756,0.8267679725500542,0.8267679725500542
m01-j0094,manifest.tsv,dml2_real_real_digits_misaligned_cui_selective_ml_n6000_s1_chunk21.reps.csv,real_digits_misaligned,box,6000,0.05,1.0,estimated_residual_lowp_supported,cui_selective_ml,estimated,xgboost,xgboost,if_residual,1.0,0.0|0.25|0.5|1.0,aipw_variance,-1.0,1.0,obsval,4.0,0.1,30,0.1,crossfit_rank_empty_standdown,1.0,4,50,4,5246.840047930367,0.017713121918866703,0.017713121918866703,0.017713121918866703,0.0,0.00015774191550852867,-0.0001485975198154138,0.0,nan,0.0,reference,nan,nan,nan,nan,nan,gradient_boosting,lasso,0.0345710295256148,nan,nan,nan,nan,nan,nan,nan,0.0,0.2743333333333333,nan,0.0,0,328,nan,0.19927095990279464,0.0,0.0,0.0,0.017191707358672724,0.017191707358672724,0.0,nan,nan,0.7265137063254323,0.7265137063254323
m01-j0095,manifest.tsv,dml2_real_real_digits_misaligned_cui_selective_ml_n6000_s1_chunk22.reps.csv,real_digits_misaligned,box,6000,0.05,1.0,estimated_residual_lowp_supported,cui_selective_ml,estimated,xgboost,xgboost,if_residual,1.0,0.0|0.25|0.5|1.0,aipw_variance,-1.0,1.0,obsval,4.0,0.1,30,0.1,crossfit_rank_empty_standdown,1.0,4,50,1,1299.1982462024316,0.0455154217462162,0.039055491862379554,0.0455154217462162,-0.006459929883836646,0.00018773284861758085,-0.00017630644512562374,0.0,nan,0.25,if_residual,nan,nan,nan,nan,nan,gradient_boosting,lasso,7.396956091647176,nan,nan,nan,nan,nan,nan,nan,0.1,0.2763333333333333,0.93,0.3365500603136309,86,314,0.14333333333333334,0.18938480096501809,0.016746429630178188,0.013948990169242143,0.002797439460936045,0.029028238693388025,0.023162509224394213,0.005865729468993813,1.166954685899632,1.1079582854525707,0.9807898354301805,0.9422990323771525
m01-j0095,manifest.tsv,dml2_real_real_digits_misaligned_cui_selective_ml_n6000_s1_chunk22.reps.csv,real_digits_misaligned,box,6000,0.05,1.0,estimated_residual_lowp_supported,cui_selective_ml,estimated,xgboost,xgboost,if_residual,1.0,0.0|0.25|0.5|1.0,aipw_variance,-1.0,1.0,obsval,4.0,0.1,30,0.1,crossfit_rank_empty_standdown,1.0,4,50,2,2638.257615044713,0.03230979089238806,0.030565141150302594,0.03230979089238806,-0.0017446497420854634,0.00012257693986642134,-0.00014658582273226802,0.0,nan,0.25,if_residual,nan,nan,nan,nan,nan,logistic_l1,lasso,0.0014633390586456447,nan,nan,nan,nan,nan,nan,nan,0.0,0.26966666666666667,nan,0.0,0,338,nan,0.2088998763906057,0.0,0.0,0.0,-406.44047050022505,-399.81095143320147,6.62951906702358,nan,nan,0.964715466737087,0.944613566818895
m01-j0095,manifest.tsv,dml2_real_real_digits_misaligned_cui_selective_ml_n6000_s1_chunk22.reps.csv,real_digits_misaligned,box,6000,0.05,1.0,estimated_residual_lowp_supported,cui_selective_ml,estimated,xgboost,xgboost,if_residual,1.0,0.0|0.25|0.5|1.0,aipw_variance,-1.0,1.0,obsval,4.0,0.1,30,0.1,crossfit_rank_empty_standdown,1.0,4,50,3,3976.099068051204,0.0006011095099734132,0.0006011095099734132,0.0006011095099734132,0.0,0.0002775555340512005,-0.0002521746004971975,0.0,nan,0.0,reference,nan,nan,nan,nan,nan,gradient_boosting,gradient_boosting,5742000.86437944,nan,nan,nan,nan,nan,nan,nan,0.1,0.26816666666666666,0.9083333333333333,0.3387197016780609,93,343,0.155,0.21317588564325668,0.012245800828240151,0.012245800828240151,0.0,0.013724611823795781,0.013724611823795781,0.0,1.0975974150752372,1.0975974150752372,0.8722275963143017,0.8722275963143017
m01-j0095,manifest.tsv,dml2_real_real_digits_misaligned_cui_selective_ml_n6000_s1_chunk22.reps.csv,real_digits_misaligned,box,6000,0.05,1.0,estimated_residual_lowp_supported,cui_selective_ml,estimated,xgboost,xgboost,if_residual,1.0,0.0|0.25|0.5|1.0,aipw_variance,-1.0,1.0,obsval,4.0,0.1,30,0.1,crossfit_rank_empty_standdown,1.0,4,50,4,5287.451456459239,-0.025044096491290885,-0.025044096491290885,-0.025044096491290885,0.0,0.0002947616045229184,-0.0002540402025418997,0.0,nan,0.0,reference,nan,nan,nan,nan,nan,logistic_l1,gradient_boosting,0.005204175291278116,nan,nan,nan,nan,nan,nan,nan,0.0,0.2776666666666667,nan,0.0,0,330,nan,0.19807923169267708,0.0,0.0,0.0,-212.23847622905768,-212.23847622905768,0.0,nan,nan,0.8080650223354324,0.8080650223354324
m01-j0096,manifest.tsv,dml2_real_real_digits_misaligned_cui_selective_ml_n6000_s1_chunk23.reps.csv,real_digits_misaligned,box,6000,0.05,1.0,estimated_residual_lowp_supported,cui_selective_ml,estimated,xgboost,xgboost,if_residual,1.0,0.0|0.25|0.5|1.0,aipw_variance,-1.0,1.0,obsval,4.0,0.1,30,0.1,crossfit_rank_empty_standdown,1.0,4,50,1,1257.397754136473,-0.025031780893605804,-0.03031049864249974,-0.025031780893605804,-0.005278717748893935,0.00021471433982928273,-0.0002830931241234187,0.0,nan,1.0,if_residual,nan,nan,nan,nan,nan,logistic_l1,lasso,0.002540989756853805,nan,nan,nan,nan,nan,nan,nan,0.05,0.27366666666666667,0.9366666666666666,0.17113276492082827,35,318,0.11666666666666667,0.19366626065773446,-0.08704605306219876,-0.07102906179437428,0.01601699126782448,-0.19622000328528366,-0.16341210533713535,0.03280789794814831,0.9698755229179565,1.0159653981605343,0.740251288602761,0.823403783689749
m01-j0096,manifest.tsv,dml2_real_real_digits_misaligned_cui_selective_ml_n6000_s1_chunk23.reps.csv,real_digits_misaligned,box,6000,0.05,1.0,estimated_residual_lowp_supported,cui_selective_ml,estimated,xgboost,xgboost,if_residual,1.0,0.0|0.25|0.5|1.0,aipw_variance,-1.0,1.0,obsval,4.0,0.1,30,0.1,crossfit_rank_empty_standdown,1.0,4,50,2,2556.4198322184384,0.007980142682214725,0.007980142682214725,0.007980142682214725,0.0,0.00023496062172063004,-0.000249784819886406,0.0,nan,0.0,reference,nan,nan,nan,nan,nan,gradient_boosting,lasso,0.2678273536083993,nan,nan,nan,nan,nan,nan,nan,0.05,0.28,0.9366666666666666,0.16726190476190475,33,333,0.11,0.1982142857142857,0.011820350866231942,0.011820350866231942,0.0,0.013838625753971334,0.013838625753971334,0.0,0.8733850510345468,0.8733850510345468,0.7486868974620183,0.7486868974620183
m01-j0096,manifest.tsv,dml2_real_real_digits_misaligned_cui_selective_ml_n6000_s1_chunk23.reps.csv,real_digits_misaligned,box,6000,0.05,1.0,estimated_residual_lowp_supported,cui_selective_ml,estimated,xgboost,xgboost,if_residual,1.0,0.0|0.25|0.5|1.0,aipw_variance,-1.0,1.0,obsval,4.0,0.1,30,0.1,crossfit_rank_empty_standdown,1.0,4,50,3,3858.7845377558842,-0.005034311947978626,-0.005034311947978626,-0.005034311947978626,0.0,0.000200347227850706,-0.0002616812092032714,0.0,nan,0.0,reference,nan,nan,nan,nan,nan,gradient_boosting,lasso,0.09329848253765362,nan,nan,nan,nan,nan,nan,nan,0.1,0.2675,0.92,0.34392523364485983,94,301,0.15666666666666668,0.18753894080996886,0.014823105626275652,0.014823105626275652,0.0,0.01073453307090472,0.01073453307090472,0.0,0.9401688766691939,0.9401688766691939,0.9482235821801358,0.9482235821801358
m01-j0096,manifest.tsv,dml2_real_real_digits_misaligned_cui_selective_ml_n6000_s1_chunk23.reps.csv,real_digits_misaligned,box,6000,0.05,1.0,estimated_residual_lowp_supported,cui_selective_ml,estimated,xgboost,xgboost,if_residual,1.0,0.0|0.25|0.5|1.0,aipw_variance,-1.0,1.0,obsval,4.0,0.1,30,0.1,crossfit_rank_empty_standdown,1.0,4,50,4,5150.136777234264,0.012792192662711782,0.012792192662711782,0.012792192662711782,0.0,0.00048558029329381653,-0.0006657348182631507,0.0,nan,0.0,reference,nan,nan,nan,nan,nan,gradient_boosting,lasso,0.0022249670836966525,nan,nan,nan,nan,nan,nan,nan,0.1,0.2723333333333333,0.9116666666666666,0.3347613219094247,100,328,0.16666666666666666,0.200734394124847,0.009384728481854331,0.009384728481854331,0.0,0.011994295182684953,0.011994295182684953,0.0,1.1774865932324303,1.1774865932324303,0.8802600984705881,0.8802600984705881
m01-j0097,manifest.tsv,dml2_real_real_digits_misaligned_ctmle_n6000_s2_chunk00.reps.csv,real_digits_misaligned,box,6000,0.05,2.0,estimated_residual_lowp_supported,ctmle,estimated,xgboost,xgboost,if_residual,1.0,0.0|0.25|0.5|1.0,aipw_variance,-1.0,1.0,obsval,4.0,0.1,30,0.1,crossfit_rank_empty_standdown,1.0,4,50,1,1004.0225236136466,-0.0023938930475982945,-0.0023938930475982945,-0.0023938930475982945,0.0,2.846775790042689e-05,1.23886585903473e-06,0.0,0.5,0.0,reference,8.289665250534503e-18,0.0,nan,nan,nan,,,nan,nan,nan,nan,nan,nan,nan,nan,0.0,0.2778333333333333,nan,0.0,0,355,nan,0.21295740851829634,0.0,0.0,0.0,-0.006099831579797354,-0.006099831579797354,0.0,nan,nan,1.3795798893858076,1.3795798893858076
m01-j0097,manifest.tsv,dml2_real_real_digits_misaligned_ctmle_n6000_s2_chunk00.reps.csv,real_digits_misaligned,box,6000,0.05,2.0,estimated_residual_lowp_supported,ctmle,estimated,xgboost,xgboost,if_residual,1.0,0.0|0.25|0.5|1.0,aipw_variance,-1.0,1.0,obsval,4.0,0.1,30,0.1,crossfit_rank_empty_standdown,1.0,4,50,2,1997.7563988901675,0.01760848293567316,0.01760848293567316,0.01760848293567316,0.0,5.205797673468455e-05,2.3912329401308595e-05,0.0,0.5,0.0,reference,-8.289665250534503e-18,2.7755575615628914e-17,nan,nan,nan,,,nan,nan,nan,nan,nan,nan,nan,nan,0.0,0.2753333333333333,nan,0.0,0,342,nan,0.20702179176755447,0.0,0.0,0.0,0.015944466684293328,0.015944466684293328,0.0,nan,nan,1.3116101114352747,1.3116101114352747
m01-j0097,manifest.tsv,dml2_real_real_digits_misaligned_ctmle_n6000_s2_chunk00.reps.csv,real_digits_misaligned,box,6000,0.05,2.0,estimated_residual_lowp_supported,ctmle,estimated,xgboost,xgboost,if_residual,1.0,0.0|0.25|0.5|1.0,aipw_variance,-1.0,1.0,obsval,4.0,0.1,30,0.1,crossfit_rank_empty_standdown,1.0,4,50,3,3013.1972165070474,0.04495211669238394,0.04495211669238394,0.04495211669238394,0.0,2.7848723695963855e-05,-2.219976934011395e-05,0.0,0.5,0.0,reference,-9.473903143468002e-18,5.551115123125783e-17,nan,nan,nan,,,nan,nan,nan,nan,nan,nan,nan,nan,0.0,0.2755,nan,0.0,0,297,nan,0.17967332123411978,0.0,0.0,0.0,0.02900141962755262,0.02900141962755262,0.0,nan,nan,1.450322467913398,1.450322467913398
m01-j0097,manifest.tsv,dml2_real_real_digits_misaligned_ctmle_n6000_s2_chunk00.reps.csv,real_digits_misaligned,box,6000,0.05,2.0,estimated_residual_lowp_supported,ctmle,estimated,xgboost,xgboost,if_residual,1.0,0.0|0.25|0.5|1.0,aipw_variance,-1.0,1.0,obsval,4.0,0.1,30,0.1,crossfit_rank_empty_standdown,1.0,4,50,4,4033.886565634981,0.07460543179409729,0.07460543179409729,0.07460543179409729,0.0,3.924768790837031e-05,1.3367162488306687e-05,0.0,0.5,0.0,reference,-2.3684757858670005e-18,0.0,nan,nan,nan,,,nan,nan,nan,nan,nan,nan,nan,nan,0.0,0.26216666666666666,nan,0.0,0,313,nan,0.1989828353464717,0.0,0.0,0.0,0.04420455365617615,0.04420455365617615,0.0,nan,nan,1.5938475073335525,1.5938475073335525
m01-j0098,manifest.tsv,dml2_real_real_digits_misaligned_ctmle_n6000_s2_chunk01.reps.csv,real_digits_misaligned,box,6000,0.05,2.0,estimated_residual_lowp_supported,ctmle,estimated,xgboost,xgboost,if_residual,1.0,0.0|0.25|0.5|1.0,aipw_variance,-1.0,1.0,obsval,4.0,0.1,30,0.1,crossfit_rank_empty_standdown,1.0,4,50,1,989.018551084213,0.03683077548567057,0.03683077548567057,0.03683077548567057,0.0,4.6272696432040055e-05,-3.741694106403748e-05,0.0,0.5,0.0,reference,1.7763568394002505e-18,5.551115123125783e-17,nan,nan,nan,,,nan,nan,nan,nan,nan,nan,nan,nan,0.1,0.2765,0.915,0.3309222423146474,89,356,0.14833333333333334,0.21458710066305003,0.03427735299439209,0.03427735299439209,0.0,0.027135871666817073,0.027135871666817073,0.0,1.8458840117749988,1.8458840117749988,1.4849472586913461,1.4849472586913461
m01-j0098,manifest.tsv,dml2_real_real_digits_misaligned_ctmle_n6000_s2_chunk01.reps.csv,real_digits_misaligned,box,6000,0.05,2.0,estimated_residual_lowp_supported,ctmle,estimated,xgboost,xgboost,if_residual,1.0,0.0|0.25|0.5|1.0,aipw_variance,-1.0,1.0,obsval,4.0,0.1,30,0.1,crossfit_rank_empty_standdown,1.0,4,50,2,1985.3529135733843,0.03326930794615254,0.03326930794615254,0.03326930794615254,0.0,2.8336901208893435e-05,-1.0333647506136447e-05,0.0,0.5,0.0,reference,-1.1842378929335003e-18,5.551115123125783e-17,nan,nan,nan,,,nan,nan,nan,nan,nan,nan,nan,nan,0.05,0.27166666666666667,0.96,0.17668711656441718,32,321,0.10666666666666667,0.19693251533742331,0.02840403158308798,0.02840403158308798,0.0,0.026347881476893077,0.026347881476893077,0.0,1.580931287037508,1.580931287037508,1.3583458673655189,1.3583458673655189
m01-j0098,manifest.tsv,dml2_real_real_digits_misaligned_ctmle_n6000_s2_chunk01.reps.csv,real_digits_misaligned,box,6000,0.05,2.0,estimated_residual_lowp_supported,ctmle,estimated,xgboost,xgboost,if_residual,1.0,0.0|0.25|0.5|1.0,aipw_variance,-1.0,1.0,obsval,4.0,0.1,30,0.1,crossfit_rank_empty_standdown,1.0,4,50,3,2991.8849885202944,0.0382086391841977,0.0382086391841977,0.0382086391841977,0.0,3.4308360994856225e-05,-2.085145675068741e-05,0.0,0.5,0.0,reference,1.3618735768735253e-17,0.0,nan,nan,nan,,,nan,nan,nan,nan,nan,nan,nan,nan,0.0,0.275,nan,0.0,0,328,nan,0.1987878787878788,0.0,0.0,0.0,0.012864806786690788,0.012864806786690788,0.0,nan,nan,1.5281933012589586,1.5281933012589586
m01-j0098,manifest.tsv,dml2_real_real_digits_misaligned_ctmle_n6000_s2_chunk01.reps.csv,real_digits_misaligned,box,6000,0.05,2.0,estimated_residual_lowp_supported,ctmle,estimated,xgboost,xgboost,if_residual,1.0,0.0|0.25|0.5|1.0,aipw_variance,-1.0,1.0,obsval,4.0,0.1,30,0.1,crossfit_rank_empty_standdown,1.0,4,50,4,3996.0379848023877,-0.002451086716470735,-0.002451086716470735,-0.002451086716470735,0.0,4.0805985658567447e-05,-6.61048738268428e-06,0.0,0.5,0.0,reference,-2.3684757858670005e-18,-2.7755575615628914e-17,nan,nan,nan,,,nan,nan,nan,nan,nan,nan,nan,nan,0.0,0.27516666666666667,nan,0.0,0,306,nan,0.18534221683827984,0.0,0.0,0.0,0.004421462059994167,0.004421462059994167,0.0,nan,nan,1.3373213243861999,1.3373213243861999
m01-j0099,manifest.tsv,dml2_real_real_digits_misaligned_ctmle_n6000_s2_chunk02.reps.csv,real_digits_misaligned,box,6000,0.05,2.0,estimated_residual_lowp_supported,ctmle,estimated,xgboost,xgboost,if_residual,1.0,0.0|0.25|0.5|1.0,aipw_variance,-1.0,1.0,obsval,4.0,0.1,30,0.1,crossfit_rank_empty_standdown,1.0,4,50,1,987.3771230243146,0.03429199457908552,0.03429199457908552,0.03429199457908552,0.0,5.416751771423686e-05,-7.3455294967447e-06,0.0,0.5,0.0,reference,-4.736951571734001e-18,0.0,nan,nan,nan,,,nan,nan,nan,nan,nan,nan,nan,nan,0.0,0.2663333333333333,nan,0.0,0,341,nan,0.21339173967459324,0.0,0.0,0.0,0.026464768207861995,0.026464768207861995,0.0,nan,nan,1.5346410281348009,1.5346410281348009
m01-j0099,manifest.tsv,dml2_real_real_digits_misaligned_ctmle_n6000_s2_chunk02.reps.csv,real_digits_misaligned,box,6000,0.05,2.0,estimated_residual_lowp_supported,ctmle,estimated,xgboost,xgboost,if_residual,1.0,0.0|0.25|0.5|1.0,aipw_variance,-1.0,1.0,obsval,4.0,0.1,30,0.1,crossfit_rank_empty_standdown,1.0,4,50,2,1990.7329740598798,-0.02598255429610974,-0.02598255429610974,-0.02598255429610974,0.0,3.0712677927454747e-05,-5.964217796506754e-06,0.0,0.5,0.0,reference,-2.0132044179869507e-17,0.0,nan,nan,nan,,,nan,nan,nan,nan,nan,nan,nan,nan,0.0,0.2743333333333333,nan,0.0,0,339,nan,0.20595382746051033,0.0,0.0,0.0,-0.020210580695920754,-0.020210580695920754,0.0,nan,nan,1.3620931553619227,1.3620931553619227
m01-j0099,manifest.tsv,dml2_real_real_digits_misaligned_ctmle_n6000_s2_chunk02.reps.csv,real_digits_misaligned,box,6000,0.05,2.0,estimated_residual_lowp_supported,ctmle,estimated,xgboost,xgboost,if_residual,1.0,0.0|0.25|0.5|1.0,aipw_variance,-1.0,1.0,obsval,4.0,0.1,30,0.1,crossfit_rank_empty_standdown,1.0,4,50,3,2998.9908250859007,0.003575369525868566,0.003575369525868566,0.003575369525868566,0.0,4.637191998982382e-05,-4.826772210484538e-05,0.0,0.5,0.0,reference,-7.105427357601002e-18,2.7755575615628914e-17,nan,nan,nan,,,nan,nan,nan,nan,nan,nan,nan,nan,0.0,0.2718333333333333,nan,0.0,0,363,nan,0.22256284488044145,0.0,0.0,0.0,0.018794955941776124,0.018794955941776124,0.0,nan,nan,1.2984127476721503,1.2984127476721503
m01-j0099,manifest.tsv,dml2_real_real_digits_misaligned_ctmle_n6000_s2_chunk02.reps.csv,real_digits_misaligned,box,6000,0.05,2.0,estimated_residual_lowp_supported,ctmle,estimated,xgboost,xgboost,if_residual,1.0,0.0|0.25|0.5|1.0,aipw_variance,-1.0,1.0,obsval,4.0,0.1,30,0.1,crossfit_rank_empty_standdown,1.0,4,50,4,4021.9220025381073,0.0702262353711558,0.0702262353711558,0.0702262353711558,0.0,3.941054512837227e-05,-4.222721370090001e-05,0.0,0.5,0.0,reference,-4.736951571734001e-18,0.0,nan,nan,nan,,,nan,nan,nan,nan,nan,nan,nan,nan,0.0,0.27266666666666667,nan,0.0,0,331,nan,0.20232273838630807,0.0,0.0,0.0,0.04964637688401026,0.04964637688401026,0.0,nan,nan,1.5613383636096756,1.5613383636096756
m01-j0100,manifest.tsv,dml2_real_real_digits_misaligned_ctmle_n6000_s2_chunk03.reps.csv,real_digits_misaligned,box,6000,0.05,2.0,estimated_residual_lowp_supported,ctmle,estimated,xgboost,xgboost,if_residual,1.0,0.0|0.25|0.5|1.0,aipw_variance,-1.0,1.0,obsval,4.0,0.1,30,0.1,crossfit_rank_empty_standdown,1.0,4,50,1,1003.54622287862,0.03161950030918423,0.03161950030918423,0.03161950030918423,0.0,3.947897605839764e-05,-3.0265552038220118e-05,0.0,0.5,0.0,reference,-7.105427357601002e-18,0.0,nan,nan,nan,,,nan,nan,nan,nan,nan,nan,nan,nan,0.0,0.26916666666666667,nan,0.0,0,343,nan,0.21238390092879256,0.0,0.0,0.0,0.029559106198763955,0.029559106198763955,0.0,nan,nan,1.5068047788091137,1.5068047788091137
m01-j0100,manifest.tsv,dml2_real_real_digits_misaligned_ctmle_n6000_s2_chunk03.reps.csv,real_digits_misaligned,box,6000,0.05,2.0,estimated_residual_lowp_supported,ctmle,estimated,xgboost,xgboost,if_residual,1.0,0.0|0.25|0.5|1.0,aipw_variance,-1.0,1.0,obsval,4.0,0.1,30,0.1,crossfit_rank_empty_standdown,1.0,4,50,2,2002.614149867557,0.03992108585527723,0.03992108585527723,0.03992108585527723,0.0,3.963191977065627e-05,-4.621913696464309e-05,0.0,0.5,0.0,reference,1.4210854715202004e-17,0.0,nan,nan,nan,,,nan,nan,nan,nan,nan,nan,nan,nan,0.05,0.276,0.9266666666666666,0.1678743961352657,46,334,0.15333333333333332,0.20169082125603865,-0.009515700209955442,-0.009515700209955442,0.0,0.023928589879908323,0.023928589879908323,0.0,1.7447603736371986,1.7447603736371986,1.3429981293434583,1.3429981293434583
m01-j0100,manifest.tsv,dml2_real_real_digits_misaligned_ctmle_n6000_s2_chunk03.reps.csv,real_digits_misaligned,box,6000,0.05,2.0,estimated_residual_lowp_supported,ctmle,estimated,xgboost,xgboost,if_residual,1.0,0.0|0.25|0.5|1.0,aipw_variance,-1.0,1.0,obsval,4.0,0.1,30,0.1,crossfit_rank_empty_standdown,1.0,4,50,3,3010.7257571853697,0.03422434495542523,0.03422434495542523,0.03422434495542523,0.0,3.385232844005522e-05,-2.3866516380628244e-05,0.0,0.5,0.0,reference,9.473903143468002e-18,-5.551115123125783e-17,nan,nan,nan,,,nan,nan,nan,nan,nan,nan,nan,nan,0.0,0.262,nan,0.0,0,300,nan,0.19083969465648856,0.0,0.0,0.0,0.03217863576077467,0.03217863576077467,0.0,nan,nan,1.5000043552538596,1.5000043552538596
m01-j0100,manifest.tsv,dml2_real_real_digits_misaligned_ctmle_n6000_s2_chunk03.reps.csv,real_digits_misaligned,box,6000,0.05,2.0,estimated_residual_lowp_supported,ctmle,estimated,xgboost,xgboost,if_residual,1.0,0.0|0.25|0.5|1.0,aipw_variance,-1.0,1.0,obsval,4.0,0.1,30,0.1,crossfit_rank_empty_standdown,1.0,4,50,4,4011.979640426114,0.07745626288810584,0.07745626288810584,0.07745626288810584,0.0,3.2696863565151056e-05,-2.366255362875279e-05,0.0,0.5,0.0,reference,4.736951571734001e-18,-5.551115123125783e-17,nan,nan,nan,,,nan,nan,nan,nan,nan,nan,nan,nan,0.05,0.26966666666666667,0.88,0.1631644004944376,53,339,0.17666666666666667,0.20951792336217553,0.008954143263283962,0.008954143263283962,0.0,0.048764731552494944,0.048764731552494944,0.0,1.8802231321839291,1.8802231321839291,1.5677097634225576,1.5677097634225576
m01-j0101,manifest.tsv,dml2_real_real_digits_misaligned_ctmle_n6000_s2_chunk04.reps.csv,real_digits_misaligned,box,6000,0.05,2.0,estimated_residual_lowp_supported,ctmle,estimated,xgboost,xgboost,if_residual,1.0,0.0|0.25|0.5|1.0,aipw_variance,-1.0,1.0,obsval,4.0,0.1,30,0.1,crossfit_rank_empty_standdown,1.0,4,50,1,982.3952241903171,0.012034161951466837,0.012034161951466837,0.012034161951466837,0.0,3.567282802350983e-05,1.8061100011596757e-05,0.0,0.5,0.0,reference,-1.1842378929335003e-18,0.0,nan,nan,nan,,,nan,nan,nan,nan,nan,nan,nan,nan,0.0,0.27466666666666667,nan,0.0,0,312,nan,0.18932038834951456,0.0,0.0,0.0,0.007486894101948442,0.007486894101948442,0.0,nan,nan,1.3817410482419958,1.3817410482419958
m01-j0101,manifest.tsv,dml2_real_real_digits_misaligned_ctmle_n6000_s2_chunk04.reps.csv,real_digits_misaligned,box,6000,0.05,2.0,estimated_residual_lowp_supported,ctmle,estimated,xgboost,xgboost,if_residual,1.0,0.0|0.25|0.5|1.0,aipw_variance,-1.0,1.0,obsval,4.0,0.1,30,0.1,crossfit_rank_empty_standdown,1.0,4,50,2,1993.4953250130638,0.022518844292798768,0.022518844292798768,0.022518844292798768,0.0,2.854964208513864e-05,-3.8749061932496056e-05,0.0,0.5,0.0,reference,-1.0658141036401503e-17,2.7755575615628914e-17,nan,nan,nan,,,nan,nan,nan,nan,nan,nan,nan,nan,0.1,0.2678333333333333,0.9383333333333334,0.35034225264467955,85,294,0.14166666666666666,0.18294959551960174,0.01738041955767839,0.01738041955767839,0.0,0.013705268854629445,0.013705268854629445,0.0,1.9046567228128342,1.9046567228128342,1.517411918802215,1.517411918802215
m01-j0101,manifest.tsv,dml2_real_real_digits_misaligned_ctmle_n6000_s2_chunk04.reps.csv,real_digits_misaligned,box,6000,0.05,2.0,estimated_residual_lowp_supported,ctmle,estimated,xgboost,xgboost,if_residual,1.0,0.0|0.25|0.5|1.0,aipw_variance,-1.0,1.0,obsval,4.0,0.1,30,0.1,crossfit_rank_empty_standdown,1.0,4,50,3,3003.7473248597234,0.043853756286903856,0.043853756286903856,0.043853756286903856,0.0,4.710081679286664e-05,3.797867236811489e-05,0.0,0.5,0.0,reference,7.105427357601002e-18,0.0,nan,nan,nan,,,nan,nan,nan,nan,nan,nan,nan,nan,0.1,0.26716666666666666,0.91,0.3406113537117904,84,337,0.14,0.21023081721771678,0.021726467011416773,0.021726467011416773,0.0,0.024134444617509285,0.024134444617509285,0.0,1.608222322702398,1.608222322702398,1.3685037378896971,1.3685037378896971
m01-j0101,manifest.tsv,dml2_real_real_digits_misaligned_ctmle_n6000_s2_chunk04.reps.csv,real_digits_misaligned,box,6000,0.05,2.0,estimated_residual_lowp_supported,ctmle,estimated,xgboost,xgboost,if_residual,1.0,0.0|0.25|0.5|1.0,aipw_variance,-1.0,1.0,obsval,4.0,0.1,30,0.1,crossfit_rank_empty_standdown,1.0,4,50,4,4009.0915475161746,0.0287788637076499,0.0287788637076499,0.0287788637076499,0.0,3.8054335904407085e-05,-2.8717494780910568e-05,0.0,0.5,0.0,reference,1.1842378929335004e-17,0.0,nan,nan,nan,,,nan,nan,nan,nan,nan,nan,nan,nan,0.0,0.2815,nan,0.0,0,311,nan,0.18413262285375961,0.0,0.0,0.0,0.032030546585473434,0.032030546585473434,0.0,nan,nan,1.330345408562174,1.330345408562174
m01-j0102,manifest.tsv,dml2_real_real_digits_misaligned_ctmle_n6000_s2_chunk05.reps.csv,real_digits_misaligned,box,6000,0.05,2.0,estimated_residual_lowp_supported,ctmle,estimated,xgboost,xgboost,if_residual,1.0,0.0|0.25|0.5|1.0,aipw_variance,-1.0,1.0,obsval,4.0,0.1,30,0.1,crossfit_rank_empty_standdown,1.0,4,50,1,988.302308825776,0.04787171156966935,0.04787171156966935,0.04787171156966935,0.0,3.298559934099233e-05,3.587485187095114e-05,0.0,0.5,0.0,reference,-2.3684757858670005e-18,0.0,nan,nan,nan,,,nan,nan,nan,nan,nan,nan,nan,nan,0.0,0.27466666666666667,nan,0.0,0,315,nan,0.19114077669902912,0.0,0.0,0.0,0.021587839423984474,0.021587839423984474,0.0,nan,nan,1.4506752018121893,1.4506752018121893
m01-j0102,manifest.tsv,dml2_real_real_digits_misaligned_ctmle_n6000_s2_chunk05.reps.csv,real_digits_misaligned,box,6000,0.05,2.0,estimated_residual_lowp_supported,ctmle,estimated,xgboost,xgboost,if_residual,1.0,0.0|0.25|0.5|1.0,aipw_variance,-1.0,1.0,obsval,4.0,0.1,30,0.1,crossfit_rank_empty_standdown,1.0,4,50,2,1994.2110459711403,0.022389721193308093,0.022389721193308093,0.022389721193308093,0.0,4.0837486568429376e-05,3.514099633222204e-05,0.0,0.5,0.0,reference,1.1842378929335004e-17,0.0,nan,nan,nan,,,nan,nan,nan,nan,nan,nan,nan,nan,0.0,0.2733333333333333,nan,0.0,0,318,nan,0.19390243902439025,0.0,0.0,0.0,0.018194138798868404,0.018194138798868404,0.0,nan,nan,1.403791592574147,1.403791592574147
m01-j0102,manifest.tsv,dml2_real_real_digits_misaligned_ctmle_n6000_s2_chunk05.reps.csv,real_digits_misaligned,box,6000,0.05,2.0,estimated_residual_lowp_supported,ctmle,estimated,xgboost,xgboost,if_residual,1.0,0.0|0.25|0.5|1.0,aipw_variance,-1.0,1.0,obsval,4.0,0.1,30,0.1,crossfit_rank_empty_standdown,1.0,4,50,3,3001.6453814255074,-0.008974962057830355,-0.008974962057830355,-0.008974962057830355,0.0,3.813067701132237e-05,-3.234688254275236e-05,0.0,0.5,0.0,reference,2.1316282072803006e-17,0.0,nan,nan,nan,,,nan,nan,nan,nan,nan,nan,nan,nan,0.0,0.2748333333333333,nan,0.0,0,311,nan,0.18859915100060642,0.0,0.0,0.0,0.005448052139477042,0.005448052139477042,0.0,nan,nan,1.5172687344416262,1.5172687344416262
m01-j0102,manifest.tsv,dml2_real_real_digits_misaligned_ctmle_n6000_s2_chunk05.reps.csv,real_digits_misaligned,box,6000,0.05,2.0,estimated_residual_lowp_supported,ctmle,estimated,xgboost,xgboost,if_residual,1.0,0.0|0.25|0.5|1.0,aipw_variance,-1.0,1.0,obsval,4.0,0.1,30,0.1,crossfit_rank_empty_standdown,1.0,4,50,4,4019.4085216335952,0.033592353121396884,0.033592353121396884,0.033592353121396884,0.0,2.3328741866930494e-05,-1.0301454150787176e-05,0.0,0.5,0.0,reference,4.440892098500626e-18,0.0,nan,nan,nan,,,nan,nan,nan,nan,nan,nan,nan,nan,0.0,0.2683333333333333,nan,0.0,0,315,nan,0.1956521739130435,0.0,0.0,0.0,0.026478231024595705,0.026478231024595705,0.0,nan,nan,1.5084573016407645,1.5084573016407645
m01-j0103,manifest.tsv,dml2_real_real_digits_misaligned_ctmle_n6000_s2_chunk06.reps.csv,real_digits_misaligned,box,6000,0.05,2.0,estimated_residual_lowp_supported,ctmle,estimated,xgboost,xgboost,if_residual,1.0,0.0|0.25|0.5|1.0,aipw_variance,-1.0,1.0,obsval,4.0,0.1,30,0.1,crossfit_rank_empty_standdown,1.0,4,50,1,992.3112593274564,0.03374907088857232,0.03374907088857232,0.03374907088857232,0.0,4.0574563708726326e-05,-1.874496461147778e-05,0.0,0.5,0.0,reference,-9.473903143468002e-18,0.0,nan,nan,nan,,,nan,nan,nan,nan,nan,nan,nan,nan,0.0,0.2685,nan,0.0,0,336,nan,0.2085661080074488,0.0,0.0,0.0,0.033520919267347106,0.033520919267347106,0.0,nan,nan,1.4768806610370944,1.4768806610370944
m01-j0103,manifest.tsv,dml2_real_real_digits_misaligned_ctmle_n6000_s2_chunk06.reps.csv,real_digits_misaligned,box,6000,0.05,2.0,estimated_residual_lowp_supported,ctmle,estimated,xgboost,xgboost,if_residual,1.0,0.0|0.25|0.5|1.0,aipw_variance,-1.0,1.0,obsval,4.0,0.1,30,0.1,crossfit_rank_empty_standdown,1.0,4,50,2,2001.1464751241729,0.005950066291246808,0.005950066291246808,0.005950066291246808,0.0,2.8262958990818432e-05,2.048197873571534e-05,0.0,0.5,0.0,reference,-5.921189464667502e-18,2.7755575615628914e-17,nan,nan,nan,,,nan,nan,nan,nan,nan,nan,nan,nan,0.05,0.2763333333333333,0.95,0.17189384800965019,43,306,0.14333333333333334,0.18455971049457176,0.014541127240784917,0.014541127240784917,0.0,0.00511191212879376,0.00511191212879376,0.0,1.3799328736839174,1.3799328736839174,1.2941370758913595,1.2941370758913595
m01-j0103,manifest.tsv,dml2_real_real_digits_misaligned_ctmle_n6000_s2_chunk06.reps.csv,real_digits_misaligned,box,6000,0.05,2.0,estimated_residual_lowp_supported,ctmle,estimated,xgboost,xgboost,if_residual,1.0,0.0|0.25|0.5|1.0,aipw_variance,-1.0,1.0,obsval,4.0,0.1,30,0.1,crossfit_rank_empty_standdown,1.0,4,50,3,3016.734332832508,0.017403380492341358,0.017403380492341358,0.017403380492341358,0.0,5.417123325364426e-05,2.2402318589259012e-05,0.0,0.5,0.0,reference,2.6053233644537006e-17,-5.551115123125783e-17,nan,nan,nan,,,nan,nan,nan,nan,nan,nan,nan,nan,0.075,0.27466666666666667,0.9111111111111111,0.2487864077669903,78,326,0.17333333333333334,0.19781553398058252,0.012313407471197123,0.012313407471197123,0.0,0.002793094669385129,0.002793094669385129,0.0,1.6374330344221324,1.6374330344221324,1.3820003090163018,1.3820003090163018
m01-j0103,manifest.tsv,dml2_real_real_digits_misaligned_ctmle_n6000_s2_chunk06.reps.csv,real_digits_misaligned,box,6000,0.05,2.0,estimated_residual_lowp_supported,ctmle,estimated,xgboost,xgboost,if_residual,1.0,0.0|0.25|0.5|1.0,aipw_variance,-1.0,1.0,obsval,4.0,0.1,30,0.1,crossfit_rank_empty_standdown,1.0,4,50,4,4028.514310472645,0.030412577673324614,0.030412577673324614,0.030412577673324614,0.0,2.6278859934594366e-05,-4.206801025048956e-05,0.0,0.5,0.0,reference,-9.473903143468002e-18,0.0,nan,nan,nan,,,nan,nan,nan,nan,nan,nan,nan,nan,0.0,0.27066666666666667,nan,0.0,0,338,nan,0.20812807881773399,0.0,0.0,0.0,0.025690878313701763,0.025690878313701763,0.0,nan,nan,1.4005520486384375,1.4005520486384375
m01-j0104,manifest.tsv,dml2_real_real_digits_misaligned_ctmle_n6000_s2_chunk07.reps.csv,real_digits_misaligned,box,6000,0.05,2.0,estimated_residual_lowp_supported,ctmle,estimated,xgboost,xgboost,if_residual,1.0,0.0|0.25|0.5|1.0,aipw_variance,-1.0,1.0,obsval,4.0,0.1,30,0.1,crossfit_rank_empty_standdown,1.0,4,50,1,991.8879493419081,-0.0038744093072136665,-0.0038744093072136665,-0.0038744093072136665,0.0,2.7447080956471883e-05,-3.990956539416581e-05,0.0,0.5,0.0,reference,6.217248937900877e-18,2.7755575615628914e-17,nan,nan,nan,,,nan,nan,nan,nan,nan,nan,nan,nan,0.0,0.2768333333333333,nan,0.0,0,333,nan,0.20048163756773027,0.0,0.0,0.0,0.016490027898769688,0.016490027898769688,0.0,nan,nan,1.35686541726908,1.35686541726908
m01-j0104,manifest.tsv,dml2_real_real_digits_misaligned_ctmle_n6000_s2_chunk07.reps.csv,real_digits_misaligned,box,6000,0.05,2.0,estimated_residual_lowp_supported,ctmle,estimated,xgboost,xgboost,if_residual,1.0,0.0|0.25|0.5|1.0,aipw_variance,-1.0,1.0,obsval,4.0,0.1,30,0.1,crossfit_rank_empty_standdown,1.0,4,50,2,1997.8773561818525,0.0702803400419614,0.0702803400419614,0.0702803400419614,0.0,3.5484703203320024e-05,6.349062659316649e-06,0.0,0.5,0.0,reference,-4.736951571734001e-18,0.0,nan,nan,nan,,,nan,nan,nan,nan,nan,nan,nan,nan,0.0,0.26916666666666667,nan,0.0,0,359,nan,0.22229102167182663,0.0,0.0,0.0,0.047382325086089146,0.047382325086089146,0.0,nan,nan,1.5196725487299851,1.5196725487299851
m01-j0104,manifest.tsv,dml2_real_real_digits_misaligned_ctmle_n6000_s2_chunk07.reps.csv,real_digits_misaligned,box,6000,0.05,2.0,estimated_residual_lowp_supported,ctmle,estimated,xgboost,xgboost,if_residual,1.0,0.0|0.25|0.5|1.0,aipw_variance,-1.0,1.0,obsval,4.0,0.1,30,0.1,crossfit_rank_empty_standdown,1.0,4,50,3,3017.462856334634,-0.017671910364442128,-0.017671910364442128,-0.017671910364442128,0.0,5.5764749645907446e-05,4.8007762122985465e-06,0.0,0.5,0.0,reference,7.105427357601002e-18,0.0,nan,nan,nan,,,nan,nan,nan,nan,nan,nan,nan,nan,0.1,0.2755,0.9066666666666666,0.3290986085904416,96,333,0.16,0.2014519056261343,0.025296887011016792,0.025296887011016792,0.0,0.00900962163535379,0.00900962163535379,0.0,1.6248940684102635,1.6248940684102635,1.3516815338542922,1.3516815338542922
m01-j0104,manifest.tsv,dml2_real_real_digits_misaligned_ctmle_n6000_s2_chunk07.reps.csv,real_digits_misaligned,box,6000,0.05,2.0,estimated_residual_lowp_supported,ctmle,estimated,xgboost,xgboost,if_residual,1.0,0.0|0.25|0.5|1.0,aipw_variance,-1.0,1.0,obsval,4.0,0.1,30,0.1,crossfit_rank_empty_standdown,1.0,4,50,4,4007.6950138052925,0.0018999189155689822,0.0018999189155689822,0.0018999189155689822,0.0,7.457736328736963e-05,-4.550853462021977e-05,0.0,0.5,0.0,reference,1.7171449447535755e-17,0.0,nan,nan,nan,,,nan,nan,nan,nan,nan,nan,nan,nan,0.0,0.26216666666666666,nan,0.0,0,299,nan,0.19008264462809918,0.0,0.0,0.0,0.00038048309665477477,0.00038048309665477477,0.0,nan,nan,1.3799014938836853,1.3799014938836853
m01-j0105,manifest.tsv,dml2_real_real_digits_misaligned_ctmle_n6000_s2_chunk08.reps.csv,real_digits_misaligned,box,6000,0.05,2.0,estimated_residual_lowp_supported,ctmle,estimated,xgboost,xgboost,if_residual,1.0,0.0|0.25|0.5|1.0,aipw_variance,-1.0,1.0,obsval,4.0,0.1,30,0.1,crossfit_rank_empty_standdown,1.0,4,50,1,1009.0460031479597,-0.00048479202892637296,-0.00048479202892637296,-0.00048479202892637296,0.0,5.9062860549139676e-05,-2.365918574135891e-05,0.0,0.5,0.0,reference,-4.736951571734001e-18,0.0,nan,nan,nan,,,nan,nan,nan,nan,nan,nan,nan,nan,0.05,0.2738333333333333,0.9433333333333334,0.17224589166159465,32,329,0.10666666666666667,0.20024345709068778,0.01985742888423075,0.01985742888423075,0.0,0.003851571539851155,0.003851571539851155,0.0,2.204997099840386,2.204997099840386,1.5342577416776322,1.5342577416776322
m01-j0105,manifest.tsv,dml2_real_real_digits_misaligned_ctmle_n6000_s2_chunk08.reps.csv,real_digits_misaligned,box,6000,0.05,2.0,estimated_residual_lowp_supported,ctmle,estimated,xgboost,xgboost,if_residual,1.0,0.0|0.25|0.5|1.0,aipw_variance,-1.0,1.0,obsval,4.0,0.1,30,0.1,crossfit_rank_empty_standdown,1.0,4,50,2,2017.1691081933677,0.01612791077849568,0.01612791077849568,0.01612791077849568,0.0,4.079142306479379e-05,-4.125433419810843e-05,0.0,0.5,0.0,reference,-9.473903143468002e-18,5.551115123125783e-17,nan,nan,nan,,,nan,nan,nan,nan,nan,nan,nan,nan,0.075,0.2695,0.9333333333333333,0.2597402597402597,53,295,0.11777777777777777,0.18243661100803957,0.03377483632773745,0.03377483632773745,0.0,0.022734665266120998,0.022734665266120998,0.0,1.8111423696243907,1.8111423696243907,1.3721491768099172,1.3721491768099172
m01-j0105,manifest.tsv,dml2_real_real_digits_misaligned_ctmle_n6000_s2_chunk08.reps.csv,real_digits_misaligned,box,6000,0.05,2.0,estimated_residual_lowp_supported,ctmle,estimated,xgboost,xgboost,if_residual,1.0,0.0|0.25|0.5|1.0,aipw_variance,-1.0,1.0,obsval,4.0,0.1,30,0.1,crossfit_rank_empty_standdown,1.0,4,50,3,3021.6793356556445,0.03154911411904812,0.03154911411904812,0.03154911411904812,0.0,4.112131300274468e-05,-8.52417825806921e-06,0.0,0.5,0.0,reference,-2.3684757858670005e-18,0.0,nan,nan,nan,,,nan,nan,nan,nan,nan,nan,nan,nan,0.1,0.27516666666666667,0.92,0.3343428225317989,105,344,0.175,0.20835857056329496,0.023924301459802233,0.023924301459802233,0.0,0.022340059905314704,0.022340059905314704,0.0,1.841800360609661,1.841800360609661,1.348432629661605,1.348432629661605
m01-j0105,manifest.tsv,dml2_real_real_digits_misaligned_ctmle_n6000_s2_chunk08.reps.csv,real_digits_misaligned,box,6000,0.05,2.0,estimated_residual_lowp_supported,ctmle,estimated,xgboost,xgboost,if_residual,1.0,0.0|0.25|0.5|1.0,aipw_variance,-1.0,1.0,obsval,4.0,0.1,30,0.1,crossfit_rank_empty_standdown,1.0,4,50,4,4015.2671448979527,0.04717289731120769,0.04717289731120769,0.04717289731120769,0.0,5.687849034414203e-05,-5.17492711111817e-06,0.0,0.5,0.0,reference,-4.1448326252672514e-18,5.551115123125783e-17,nan,nan,nan,,,nan,nan,nan,nan,nan,nan,nan,nan,0.0,0.27116666666666667,nan,0.0,0,303,nan,0.18623232944068838,0.0,0.0,0.0,0.04011783034015579,0.04011783034015579,0.0,nan,nan,1.4659650363606405,1.4659650363606405
m01-j0106,manifest.tsv,dml2_real_real_digits_misaligned_ctmle_n6000_s2_chunk09.reps.csv,real_digits_misaligned,box,6000,0.05,2.0,estimated_residual_lowp_supported,ctmle,estimated,xgboost,xgboost,if_residual,1.0,0.0|0.25|0.5|1.0,aipw_variance,-1.0,1.0,obsval,4.0,0.1,30,0.1,crossfit_rank_empty_standdown,1.0,4,50,1,1008.4905674541369,0.03047236416391283,0.03047236416391283,0.03047236416391283,0.0,3.7521465971048634e-05,1.974860873611402e-06,0.0,0.5,0.0,reference,-4.736951571734001e-18,0.0,nan,nan,nan,,,nan,nan,nan,nan,nan,nan,nan,nan,0.0,0.2733333333333333,nan,0.0,0,336,nan,0.2048780487804878,0.0,0.0,0.0,0.013105339392541267,0.013105339392541267,0.0,nan,nan,1.4822012147821602,1.4822012147821602
m01-j0106,manifest.tsv,dml2_real_real_digits_misaligned_ctmle_n6000_s2_chunk09.reps.csv,real_digits_misaligned,box,6000,0.05,2.0,estimated_residual_lowp_supported,ctmle,estimated,xgboost,xgboost,if_residual,1.0,0.0|0.25|0.5|1.0,aipw_variance,-1.0,1.0,obsval,4.0,0.1,30,0.1,crossfit_rank_empty_standdown,1.0,4,50,2,2016.818711423315,0.02339077459521735,0.02339077459521735,0.02339077459521735,0.0,3.3259025331822795e-05,-7.003852821766982e-06,0.0,0.5,0.0,reference,-1.1842378929335003e-18,0.0,nan,nan,nan,,,nan,nan,nan,nan,nan,nan,nan,nan,0.05,0.2643333333333333,0.9466666666666667,0.17906683480453972,44,315,0.14666666666666667,0.19861286254728877,0.02800894635031212,0.02800894635031212,0.0,0.019301948813933736,0.019301948813933736,0.0,2.0538406116730967,2.0538406116730967,1.4827159491269304,1.4827159491269304
m01-j0106,manifest.tsv,dml2_real_real_digits_misaligned_ctmle_n6000_s2_chunk09.reps.csv,real_digits_misaligned,box,6000,0.05,2.0,estimated_residual_lowp_supported,ctmle,estimated,xgboost,xgboost,if_residual,1.0,0.0|0.25|0.5|1.0,aipw_variance,-1.0,1.0,obsval,4.0,0.1,30,0.1,crossfit_rank_empty_standdown,1.0,4,50,3,3027.1164851663634,0.045227801707239945,0.045227801707239945,0.045227801707239945,0.0,3.132745787337067e-05,-1.5304916609428605e-05,0.0,0.5,0.0,reference,1.1842378929335003e-18,0.0,nan,nan,nan,,,nan,nan,nan,nan,nan,nan,nan,nan,0.0,0.2705,nan,0.0,0,342,nan,0.21072088724584104,0.0,0.0,0.0,0.03219391404471729,0.03219391404471729,0.0,nan,nan,1.4755283009903593,1.4755283009903593
m01-j0106,manifest.tsv,dml2_real_real_digits_misaligned_ctmle_n6000_s2_chunk09.reps.csv,real_digits_misaligned,box,6000,0.05,2.0,estimated_residual_lowp_supported,ctmle,estimated,xgboost,xgboost,if_residual,1.0,0.0|0.25|0.5|1.0,aipw_variance,-1.0,1.0,obsval,4.0,0.1,30,0.1,crossfit_rank_empty_standdown,1.0,4,50,4,4033.834821641445,0.008246380178795976,0.008246380178795976,0.008246380178795976,0.0,4.295768725734233e-05,-2.934803568514473e-05,0.0,0.5,0.0,reference,9.473903143468002e-18,0.0,nan,nan,nan,,,nan,nan,nan,nan,nan,nan,nan,nan,0.05,0.2748333333333333,0.9233333333333333,0.16798059429957551,31,379,0.10333333333333333,0.22983626440266827,0.01290455364756403,0.01290455364756403,0.0,-0.0029681363973237417,-0.0029681363973237417,0.0,1.6107859078324729,1.6107859078324729,1.2705536252427603,1.2705536252427603
m01-j0107,manifest.tsv,dml2_real_real_digits_misaligned_ctmle_n6000_s2_chunk10.reps.csv,real_digits_misaligned,box,6000,0.05,2.0,estimated_residual_lowp_supported,ctmle,estimated,xgboost,xgboost,if_residual,1.0,0.0|0.25|0.5|1.0,aipw_variance,-1.0,1.0,obsval,4.0,0.1,30,0.1,crossfit_rank_empty_standdown,1.0,4,50,1,997.1911127306521,0.03374511101793354,0.03374511101793354,0.03374511101793354,0.0,5.135457946997416e-05,-2.625894958180775e-05,0.0,0.5,0.0,reference,1.1842378929335003e-18,0.0,nan,nan,nan,,,nan,nan,nan,nan,nan,nan,nan,nan,0.0,0.2748333333333333,nan,0.0,0,323,nan,0.1958762886597938,0.0,0.0,0.0,0.022129244771260114,0.022129244771260114,0.0,nan,nan,1.3907377814684985,1.3907377814684985
m01-j0107,manifest.tsv,dml2_real_real_digits_misaligned_ctmle_n6000_s2_chunk10.reps.csv,real_digits_misaligned,box,6000,0.05,2.0,estimated_residual_lowp_supported,ctmle,estimated,xgboost,xgboost,if_residual,1.0,0.0|0.25|0.5|1.0,aipw_variance,-1.0,1.0,obsval,4.0,0.1,30,0.1,crossfit_rank_empty_standdown,1.0,4,50,2,2016.1170668136328,0.049471202324079616,0.049471202324079616,0.049471202324079616,0.0,6.69829440817307e-05,-5.550285034433653e-05,0.0,0.5,0.0,reference,1.7763568394002505e-18,0.0,nan,nan,nan,,,nan,nan,nan,nan,nan,nan,nan,nan,0.0,0.273,nan,0.0,0,338,nan,0.20634920634920634,0.0,0.0,0.0,0.018415901341882247,0.018415901341882247,0.0,nan,nan,1.5077840142288603,1.5077840142288603
m01-j0107,manifest.tsv,dml2_real_real_digits_misaligned_ctmle_n6000_s2_chunk10.reps.csv,real_digits_misaligned,box,6000,0.05,2.0,estimated_residual_lowp_supported,ctmle,estimated,xgboost,xgboost,if_residual,1.0,0.0|0.25|0.5|1.0,aipw_variance,-1.0,1.0,obsval,4.0,0.1,30,0.1,crossfit_rank_empty_standdown,1.0,4,50,3,3002.8770404029638,0.043984439813595316,0.043984439813595316,0.043984439813595316,0.0,3.191100180864972e-05,-1.1331389781032812e-05,0.0,0.5,0.0,reference,-4.736951571734001e-18,-5.551115123125783e-17,nan,nan,nan,,,nan,nan,nan,nan,nan,nan,nan,nan,0.05,0.2673333333333333,0.94,0.17581047381546136,43,292,0.14333333333333334,0.18204488778054864,0.023884761117765645,0.023884761117765645,0.0,0.019378520405421117,0.019378520405421117,0.0,1.775044773382433,1.775044773382433,1.3384030677795777,1.3384030677795777
m01-j0107,manifest.tsv,dml2_real_real_digits_misaligned_ctmle_n6000_s2_chunk10.reps.csv,real_digits_misaligned,box,6000,0.05,2.0,estimated_residual_lowp_supported,ctmle,estimated,xgboost,xgboost,if_residual,1.0,0.0|0.25|0.5|1.0,aipw_variance,-1.0,1.0,obsval,4.0,0.1,30,0.1,crossfit_rank_empty_standdown,1.0,4,50,4,4012.6034471727908,-0.011202435425080148,-0.011202435425080148,-0.011202435425080148,0.0,3.318025796532928e-05,-1.188375820360165e-05,0.0,0.5,0.0,reference,-1.4210854715202004e-17,0.0,nan,nan,nan,,,nan,nan,nan,nan,nan,nan,nan,nan,0.075,0.273,0.9244444444444444,0.25396825396825395,54,355,0.12,0.21672771672771673,0.018453248723460564,0.018453248723460564,0.0,-0.00633148840028615,-0.00633148840028615,0.0,1.20903261127198,1.20903261127198,1.2954728109850298,1.2954728109850298
m01-j0108,manifest.tsv,dml2_real_real_digits_misaligned_ctmle_n6000_s2_chunk11.reps.csv,real_digits_misaligned,box,6000,0.05,2.0,estimated_residual_lowp_supported,ctmle,estimated,xgboost,xgboost,if_residual,1.0,0.0|0.25|0.5|1.0,aipw_variance,-1.0,1.0,obsval,4.0,0.1,30,0.1,crossfit_rank_empty_standdown,1.0,4,50,1,992.4139435123652,0.023732654847270968,0.023732654847270968,0.023732654847270968,0.0,4.0108659175121784e-05,-2.3168379277737695e-05,0.0,0.5,0.0,reference,-7.105427357601002e-18,2.7755575615628914e-17,nan,nan,nan,,,nan,nan,nan,nan,nan,nan,nan,nan,0.0,0.26616666666666666,nan,0.0,0,309,nan,0.19348778960551033,0.0,0.0,0.0,0.023462624293121195,0.023462624293121195,0.0,nan,nan,1.4680505602207732,1.4680505602207732
m01-j0108,manifest.tsv,dml2_real_real_digits_misaligned_ctmle_n6000_s2_chunk11.reps.csv,real_digits_misaligned,box,6000,0.05,2.0,estimated_residual_lowp_supported,ctmle,estimated,xgboost,xgboost,if_residual,1.0,0.0|0.25|0.5|1.0,aipw_variance,-1.0,1.0,obsval,4.0,0.1,30,0.1,crossfit_rank_empty_standdown,1.0,4,50,2,2012.2271246882156,0.029854266386009437,0.029854266386009437,0.029854266386009437,0.0,3.025695080354949e-05,1.8515642328815335e-08,0.0,0.5,0.0,reference,0.0,0.0,nan,nan,nan,,,nan,nan,nan,nan,nan,nan,nan,nan,0.05,0.2755,0.92,0.16696914700544466,32,370,0.10666666666666667,0.2238354506957048,0.02845723245540295,0.02845723245540295,0.0,0.02995722649773205,0.02995722649773205,0.0,1.61110005210296,1.61110005210296,1.4617622211846464,1.4617622211846464
m01-j0108,manifest.tsv,dml2_real_real_digits_misaligned_ctmle_n6000_s2_chunk11.reps.csv,real_digits_misaligned,box,6000,0.05,2.0,estimated_residual_lowp_supported,ctmle,estimated,xgboost,xgboost,if_residual,1.0,0.0|0.25|0.5|1.0,aipw_variance,-1.0,1.0,obsval,4.0,0.1,30,0.1,crossfit_rank_empty_standdown,1.0,4,50,3,3007.864465439692,-0.035261850938226785,-0.035261850938226785,-0.035261850938226785,0.0,4.497804866309633e-05,-6.112747466773026e-05,0.0,0.5,0.0,reference,7.105427357601002e-18,-2.7755575615628914e-17,nan,nan,nan,,,nan,nan,nan,nan,nan,nan,nan,nan,0.1,0.27016666666666667,0.9183333333333333,0.33991363355953114,86,328,0.14333333333333334,0.202344231955583,-0.003018800353265147,-0.003018800353265147,0.0,-0.010315099618007828,-0.010315099618007828,0.0,2.1597732949573767,2.1597732949573767,1.5702133325333427,1.5702133325333427
m01-j0108,manifest.tsv,dml2_real_real_digits_misaligned_ctmle_n6000_s2_chunk11.reps.csv,real_digits_misaligned,box,6000,0.05,2.0,estimated_residual_lowp_supported,ctmle,estimated,xgboost,xgboost,if_residual,1.0,0.0|0.25|0.5|1.0,aipw_variance,-1.0,1.0,obsval,4.0,0.1,30,0.1,crossfit_rank_empty_standdown,1.0,4,50,4,4016.672121398151,-0.011491431923641299,-0.011491431923641299,-0.011491431923641299,0.0,2.2475433920350922e-05,-3.00893280743785e-05,0.0,0.5,0.0,reference,-7.697546304067752e-18,0.0,nan,nan,nan,,,nan,nan,nan,nan,nan,nan,nan,nan,0.1,0.272,0.9566666666666667,0.35171568627450983,62,313,0.10333333333333333,0.19178921568627452,0.011053234460771236,0.011053234460771236,0.0,0.007017420004587146,0.007017420004587146,0.0,1.7097876072284195,1.7097876072284195,1.3721726522496271,1.3721726522496271
m01-j0109,manifest.tsv,dml2_real_real_digits_misaligned_ctmle_n6000_s2_chunk12.reps.csv,real_digits_misaligned,box,6000,0.05,2.0,estimated_residual_lowp_supported,ctmle,estimated,xgboost,xgboost,if_residual,1.0,0.0|0.25|0.5|1.0,aipw_variance,-1.0,1.0,obsval,4.0,0.1,30,0.1,crossfit_rank_empty_standdown,1.0,4,50,1,1001.7554517816752,0.03575681624450247,0.03575681624450247,0.03575681624450247,0.0,2.9038440079865455e-05,-1.9492151255855465e-05,0.0,0.5,0.0,reference,-7.105427357601002e-18,0.0,nan,nan,nan,,,nan,nan,nan,nan,nan,nan,nan,nan,0.0,0.277,nan,0.0,0,328,nan,0.197352587244284,0.0,0.0,0.0,0.024127042025201377,0.024127042025201377,0.0,nan,nan,1.3449156542352243,1.3449156542352243
m01-j0109,manifest.tsv,dml2_real_real_digits_misaligned_ctmle_n6000_s2_chunk12.reps.csv,real_digits_misaligned,box,6000,0.05,2.0,estimated_residual_lowp_supported,ctmle,estimated,xgboost,xgboost,if_residual,1.0,0.0|0.25|0.5|1.0,aipw_variance,-1.0,1.0,obsval,4.0,0.1,30,0.1,crossfit_rank_empty_standdown,1.0,4,50,2,2012.906065360643,0.07920133799091714,0.07920133799091714,0.07920133799091714,0.0,4.000181044958376e-05,-9.894065163258616e-06,0.0,0.5,0.0,reference,-1.3026616822268503e-17,0.0,nan,nan,nan,,,nan,nan,nan,nan,nan,nan,nan,nan,0.0,0.2663333333333333,nan,0.0,0,311,nan,0.19461827284105132,0.0,0.0,0.0,0.04710013402868598,0.04710013402868598,0.0,nan,nan,1.497795430380911,1.497795430380911
m01-j0109,manifest.tsv,dml2_real_real_digits_misaligned_ctmle_n6000_s2_chunk12.reps.csv,real_digits_misaligned,box,6000,0.05,2.0,estimated_residual_lowp_supported,ctmle,estimated,xgboost,xgboost,if_residual,1.0,0.0|0.25|0.5|1.0,aipw_variance,-1.0,1.0,obsval,4.0,0.1,30,0.1,crossfit_rank_empty_standdown,1.0,4,50,3,3017.448605568148,0.06411121422834676,0.06411121422834676,0.06411121422834676,0.0,4.732571839670559e-05,-1.3079731283348751e-05,0.0,0.5,0.0,reference,-9.473903143468002e-18,0.0,nan,nan,nan,,,nan,nan,nan,nan,nan,nan,nan,nan,0.075,0.27666666666666667,0.92,0.2493975903614458,74,329,0.16444444444444445,0.19819277108433736,0.015526002396564513,0.015526002396564513,0.0,0.04584247577110026,0.04584247577110026,0.0,1.4992942968432097,1.4992942968432097,1.363539880190541,1.363539880190541
m01-j0109,manifest.tsv,dml2_real_real_digits_misaligned_ctmle_n6000_s2_chunk12.reps.csv,real_digits_misaligned,box,6000,0.05,2.0,estimated_residual_lowp_supported,ctmle,estimated,xgboost,xgboost,if_residual,1.0,0.0|0.25|0.5|1.0,aipw_variance,-1.0,1.0,obsval,4.0,0.1,30,0.1,crossfit_rank_empty_standdown,1.0,4,50,4,4011.31734551955,0.0203258982831869,0.0203258982831869,0.0203258982831869,0.0,3.993687232107103e-05,2.2038657368055438e-05,0.0,0.5,0.0,reference,-2.3684757858670005e-18,0.0,nan,nan,nan,,,nan,nan,nan,nan,nan,nan,nan,nan,0.05,0.2786666666666667,0.8933333333333333,0.16028708133971292,48,328,0.16,0.19617224880382775,-0.004248037144147189,-0.004248037144147189,0.0,0.0148326518232453,0.0148326518232453,0.0,1.6551010996760813,1.6551010996760813,1.3106322782281132,1.3106322782281132
m01-j0110,manifest.tsv,dml2_real_real_digits_misaligned_ctmle_n6000_s2_chunk13.reps.csv,real_digits_misaligned,box,6000,0.05,2.0,estimated_residual_lowp_supported,ctmle,estimated,xgboost,xgboost,if_residual,1.0,0.0|0.25|0.5|1.0,aipw_variance,-1.0,1.0,obsval,4.0,0.1,30,0.1,crossfit_rank_empty_standdown,1.0,4,50,1,1016.6415935019031,0.05396312109979673,0.05396312109979673,0.05396312109979673,0.0,3.1312199519437567e-05,-1.0074743874188049e-05,0.0,0.5,0.0,reference,8.289665250534503e-18,0.0,nan,nan,nan,,,nan,nan,nan,nan,nan,nan,nan,nan,0.1,0.267,0.8983333333333333,0.3364544319600499,94,339,0.15666666666666668,0.21161048689138576,0.03660928258895101,0.03660928258895101,0.0,0.034921257463433115,0.034921257463433115,0.0,1.9256146561139948,1.9256146561139948,1.5052295908829443,1.5052295908829443
m01-j0110,manifest.tsv,dml2_real_real_digits_misaligned_ctmle_n6000_s2_chunk13.reps.csv,real_digits_misaligned,box,6000,0.05,2.0,estimated_residual_lowp_supported,ctmle,estimated,xgboost,xgboost,if_residual,1.0,0.0|0.25|0.5|1.0,aipw_variance,-1.0,1.0,obsval,4.0,0.1,30,0.1,crossfit_rank_empty_standdown,1.0,4,50,2,2020.1531489677727,0.05752032594550585,0.05752032594550585,0.05752032594550585,0.0,6.197559415769974e-05,-2.0045885930426244e-05,0.0,0.5,0.0,reference,-1.7763568394002505e-18,0.0,nan,nan,nan,,,nan,nan,nan,nan,nan,nan,nan,nan,0.1,0.273,0.9333333333333333,0.3418803418803419,67,308,0.11166666666666666,0.18803418803418803,0.030851319486497487,0.030851319486497487,0.0,0.029642416658136245,0.029642416658136245,0.0,1.7956906117960312,1.7956906117960312,1.5285678316648,1.5285678316648
m01-j0110,manifest.tsv,dml2_real_real_digits_misaligned_ctmle_n6000_s2_chunk13.reps.csv,real_digits_misaligned,box,6000,0.05,2.0,estimated_residual_lowp_supported,ctmle,estimated,xgboost,xgboost,if_residual,1.0,0.0|0.25|0.5|1.0,aipw_variance,-1.0,1.0,obsval,4.0,0.1,30,0.1,crossfit_rank_empty_standdown,1.0,4,50,3,3018.51937029697,0.018107409243199424,0.018107409243199424,0.018107409243199424,0.0,8.068224795548394e-05,1.22754266517858e-05,0.0,0.5,0.0,reference,-4.736951571734001e-18,0.0,nan,nan,nan,,,nan,nan,nan,nan,nan,nan,nan,nan,0.1,0.264,0.9166666666666666,0.3472222222222222,79,318,0.13166666666666665,0.20075757575757575,0.0368384213352771,0.0368384213352771,0.0,0.04125057481521805,0.04125057481521805,0.0,2.2688106892258313,2.2688106892258313,1.664924585683461,1.664924585683461
m01-j0110,manifest.tsv,dml2_real_real_digits_misaligned_ctmle_n6000_s2_chunk13.reps.csv,real_digits_misaligned,box,6000,0.05,2.0,estimated_residual_lowp_supported,ctmle,estimated,xgboost,xgboost,if_residual,1.0,0.0|0.25|0.5|1.0,aipw_variance,-1.0,1.0,obsval,4.0,0.1,30,0.1,crossfit_rank_empty_standdown,1.0,4,50,4,4022.3609485607594,-0.01867464930913032,-0.01867464930913032,-0.01867464930913032,0.0,5.680948877069027e-05,-3.087866574032563e-05,0.0,0.5,0.0,reference,-2.3684757858670005e-18,0.0,nan,nan,nan,,,nan,nan,nan,nan,nan,nan,nan,nan,0.075,0.2673333333333333,0.9111111111111111,0.25561097256857856,72,343,0.16,0.21384039900249377,0.023575225927365533,0.023575225927365533,0.0,0.007944897620929913,0.007944897620929913,0.0,1.235689374423471,1.235689374423471,1.462710279980545,1.462710279980545
m01-j0111,manifest.tsv,dml2_real_real_digits_misaligned_ctmle_n6000_s2_chunk14.reps.csv,real_digits_misaligned,box,6000,0.05,2.0,estimated_residual_lowp_supported,ctmle,estimated,xgboost,xgboost,if_residual,1.0,0.0|0.25|0.5|1.0,aipw_variance,-1.0,1.0,obsval,4.0,0.1,30,0.1,crossfit_rank_empty_standdown,1.0,4,50,1,1006.8397524626926,-0.006652452268392395,-0.006652452268392395,-0.006652452268392395,0.0,3.506371765252172e-05,-2.1026156771820513e-05,0.0,0.5,0.0,reference,4.736951571734001e-18,-5.551115123125783e-17,nan,nan,nan,,,nan,nan,nan,nan,nan,nan,nan,nan,0.05,0.2776666666666667,0.86,0.15486194477791115,67,340,0.22333333333333333,0.20408163265306123,0.00022435189267972004,0.00022435189267972004,0.0,-0.004335925263435681,-0.004335925263435681,0.0,1.406408899060695,1.406408899060695,1.3619174701245875,1.3619174701245875
m01-j0111,manifest.tsv,dml2_real_real_digits_misaligned_ctmle_n6000_s2_chunk14.reps.csv,real_digits_misaligned,box,6000,0.05,2.0,estimated_residual_lowp_supported,ctmle,estimated,xgboost,xgboost,if_residual,1.0,0.0|0.25|0.5|1.0,aipw_variance,-1.0,1.0,obsval,4.0,0.1,30,0.1,crossfit_rank_empty_standdown,1.0,4,50,2,2018.261618329212,0.027109500364725453,0.027109500364725453,0.027109500364725453,0.0,4.9847386183082256e-05,1.094750904214012e-05,0.0,0.5,0.0,reference,-1.8947806286936004e-17,2.7755575615628914e-17,nan,nan,nan,,,nan,nan,nan,nan,nan,nan,nan,nan,0.0,0.2735,nan,0.0,0,305,nan,0.1858622790981109,0.0,0.0,0.0,0.010770103140569821,0.010770103140569821,0.0,nan,nan,1.3294572111682597,1.3294572111682597
m01-j0111,manifest.tsv,dml2_real_real_digits_misaligned_ctmle_n6000_s2_chunk14.reps.csv,real_digits_misaligned,box,6000,0.05,2.0,estimated_residual_lowp_supported,ctmle,estimated,xgboost,xgboost,if_residual,1.0,0.0|0.25|0.5|1.0,aipw_variance,-1.0,1.0,obsval,4.0,0.1,30,0.1,crossfit_rank_empty_standdown,1.0,4,50,3,3016.5097906431183,0.0020362136038042933,0.0020362136038042933,0.0020362136038042933,0.0,3.656512688975978e-05,-3.186235235852811e-05,0.0,0.5,0.0,reference,-1.1842378929335004e-17,0.0,nan,nan,nan,,,nan,nan,nan,nan,nan,nan,nan,nan,0.05,0.2763333333333333,0.9533333333333334,0.17249698431845598,32,332,0.10666666666666667,0.20024125452352232,0.02517559137441586,0.02517559137441586,0.0,0.014131499291738105,0.014131499291738105,0.0,1.5894355851273512,1.5894355851273512,1.289191647996131,1.289191647996131
m01-j0111,manifest.tsv,dml2_real_real_digits_misaligned_ctmle_n6000_s2_chunk14.reps.csv,real_digits_misaligned,box,6000,0.05,2.0,estimated_residual_lowp_supported,ctmle,estimated,xgboost,xgboost,if_residual,1.0,0.0|0.25|0.5|1.0,aipw_variance,-1.0,1.0,obsval,4.0,0.1,30,0.1,crossfit_rank_empty_standdown,1.0,4,50,4,4023.613906748593,0.03245513943568287,0.03245513943568287,0.03245513943568287,0.0,4.49034124157295e-05,1.5997884331601453e-06,0.0,0.5,0.0,reference,-2.960594732333751e-18,0.0,nan,nan,nan,,,nan,nan,nan,nan,nan,nan,nan,nan,0.05,0.2765,0.8966666666666666,0.1621458710066305,43,355,0.14333333333333334,0.21398432790837854,-0.001487113808085701,-0.001487113808085701,0.0,0.024088205941165463,0.024088205941165463,0.0,1.4083655747800738,1.4083655747800738,1.4591934730105367,1.4591934730105367
m01-j0112,manifest.tsv,dml2_real_real_digits_misaligned_ctmle_n6000_s2_chunk15.reps.csv,real_digits_misaligned,box,6000,0.05,2.0,estimated_residual_lowp_supported,ctmle,estimated,xgboost,xgboost,if_residual,1.0,0.0|0.25|0.5|1.0,aipw_variance,-1.0,1.0,obsval,4.0,0.1,30,0.1,crossfit_rank_empty_standdown,1.0,4,50,1,1016.7932857917622,0.0714447258382391,0.0714447258382391,0.0714447258382391,0.0,2.6704492727830332e-05,-5.760636367968595e-05,0.0,0.5,0.0,reference,-2.3684757858670005e-18,-5.551115123125783e-17,nan,nan,nan,,,nan,nan,nan,nan,nan,nan,nan,nan,0.05,0.2645,0.9266666666666666,0.1751732829237555,33,330,0.11,0.20793950850661624,0.032376262926096064,0.032376262926096064,0.0,0.04738549941092244,0.04738549941092244,0.0,2.239598489581805,2.239598489581805,1.4675951421535585,1.4675951421535585
m01-j0112,manifest.tsv,dml2_real_real_digits_misaligned_ctmle_n6000_s2_chunk15.reps.csv,real_digits_misaligned,box,6000,0.05,2.0,estimated_residual_lowp_supported,ctmle,estimated,xgboost,xgboost,if_residual,1.0,0.0|0.25|0.5|1.0,aipw_variance,-1.0,1.0,obsval,4.0,0.1,30,0.1,crossfit_rank_empty_standdown,1.0,4,50,2,2023.321294334717,0.011071903538540484,0.011071903538540484,0.011071903538540484,0.0,4.197637625817413e-05,-3.329238314884694e-05,0.0,0.5,0.0,reference,4.736951571734001e-18,0.0,nan,nan,nan,,,nan,nan,nan,nan,nan,nan,nan,nan,0.05,0.27216666666666667,0.9666666666666667,0.17758726270667483,33,332,0.11,0.20330679730557258,0.033799755706011556,0.033799755706011556,0.0,0.021134368246966496,0.021134368246966496,0.0,2.108610069285894,2.108610069285894,1.4757616432459848,1.4757616432459848
m01-j0112,manifest.tsv,dml2_real_real_digits_misaligned_ctmle_n6000_s2_chunk15.reps.csv,real_digits_misaligned,box,6000,0.05,2.0,estimated_residual_lowp_supported,ctmle,estimated,xgboost,xgboost,if_residual,1.0,0.0|0.25|0.5|1.0,aipw_variance,-1.0,1.0,obsval,4.0,0.1,30,0.1,crossfit_rank_empty_standdown,1.0,4,50,3,3032.191028818488,-0.0039453857866395825,-0.0039453857866395825,-0.0039453857866395825,0.0,3.606760459868262e-05,-3.2273029575622205e-05,0.0,0.5,0.0,reference,-8.289665250534503e-18,0.0,nan,nan,nan,,,nan,nan,nan,nan,nan,nan,nan,nan,0.1,0.2806666666666667,0.94,0.334916864608076,79,341,0.13166666666666665,0.20249406175771972,0.029657189571750592,0.029657189571750592,0.0,0.019035596668162635,0.019035596668162635,0.0,1.8112912103809973,1.8112912103809973,1.3994184557223086,1.3994184557223086
m01-j0112,manifest.tsv,dml2_real_real_digits_misaligned_ctmle_n6000_s2_chunk15.reps.csv,real_digits_misaligned,box,6000,0.05,2.0,estimated_residual_lowp_supported,ctmle,estimated,xgboost,xgboost,if_residual,1.0,0.0|0.25|0.5|1.0,aipw_variance,-1.0,1.0,obsval,4.0,0.1,30,0.1,crossfit_rank_empty_standdown,1.0,4,50,4,4049.5897146286443,0.025116672113833977,0.025116672113833977,0.025116672113833977,0.0,3.964019553372134e-05,-2.6964266854437237e-05,0.0,0.5,0.0,reference,-8.881784197001253e-18,5.551115123125783e-17,nan,nan,nan,,,nan,nan,nan,nan,nan,nan,nan,nan,0.1,0.27,0.9183333333333333,0.34012345679012346,82,303,0.13666666666666666,0.18703703703703703,0.024333104624554874,0.024333104624554874,0.0,0.01731484104766179,0.01731484104766179,0.0,1.707406450610325,1.707406450610325,1.520538048711368,1.520538048711368
m01-j0113,manifest.tsv,dml2_real_real_digits_misaligned_ctmle_n6000_s2_chunk16.reps.csv,real_digits_misaligned,box,6000,0.05,2.0,estimated_residual_lowp_supported,ctmle,estimated,xgboost,xgboost,if_residual,1.0,0.0|0.25|0.5|1.0,aipw_variance,-1.0,1.0,obsval,4.0,0.1,30,0.1,crossfit_rank_empty_standdown,1.0,4,50,1,1002.2235775431618,0.03550208382010947,0.03550208382010947,0.03550208382010947,0.0,3.528799549532241e-05,-1.1975956348598302e-05,0.0,0.5,0.0,reference,5.3290705182007515e-18,0.0,nan,nan,nan,,,nan,nan,nan,nan,nan,nan,nan,nan,0.0,0.2755,nan,0.0,0,352,nan,0.21294615849969753,0.0,0.0,0.0,0.031329858108861255,0.031329858108861255,0.0,nan,nan,1.4633451313247956,1.4633451313247956
m01-j0113,manifest.tsv,dml2_real_real_digits_misaligned_ctmle_n6000_s2_chunk16.reps.csv,real_digits_misaligned,box,6000,0.05,2.0,estimated_residual_lowp_supported,ctmle,estimated,xgboost,xgboost,if_residual,1.0,0.0|0.25|0.5|1.0,aipw_variance,-1.0,1.0,obsval,4.0,0.1,30,0.1,crossfit_rank_empty_standdown,1.0,4,50,2,2011.1969319572672,0.07217261704626743,0.07217261704626743,0.07217261704626743,0.0,3.1090853010816715e-05,-1.514018553289186e-05,0.0,0.5,0.0,reference,0.0,0.0,nan,nan,nan,,,nan,nan,nan,nan,nan,nan,nan,nan,0.0,0.2775,nan,0.0,0,354,nan,0.2126126126126126,0.0,0.0,0.0,0.05246565606218265,0.05246565606218265,0.0,nan,nan,1.4078544540161886,1.4078544540161886
m01-j0113,manifest.tsv,dml2_real_real_digits_misaligned_ctmle_n6000_s2_chunk16.reps.csv,real_digits_misaligned,box,6000,0.05,2.0,estimated_residual_lowp_supported,ctmle,estimated,xgboost,xgboost,if_residual,1.0,0.0|0.25|0.5|1.0,aipw_variance,-1.0,1.0,obsval,4.0,0.1,30,0.1,crossfit_rank_empty_standdown,1.0,4,50,3,3008.483837028034,-0.03516396295109006,-0.03516396295109006,-0.03516396295109006,0.0,4.222392737734102e-05,-2.9439694011501615e-05,0.0,0.5,0.0,reference,7.105427357601002e-18,0.0,nan,nan,nan,,,nan,nan,nan,nan,nan,nan,nan,nan,0.1,0.2773333333333333,0.945,0.3407451923076923,65,317,0.10833333333333334,0.19050480769230768,0.029039499009408463,0.029039499009408463,0.0,0.0022767954803866422,0.0022767954803866422,0.0,1.865157203149622,1.865157203149622,1.4553911204698229,1.4553911204698229
m01-j0113,manifest.tsv,dml2_real_real_digits_misaligned_ctmle_n6000_s2_chunk16.reps.csv,real_digits_misaligned,box,6000,0.05,2.0,estimated_residual_lowp_supported,ctmle,estimated,xgboost,xgboost,if_residual,1.0,0.0|0.25|0.5|1.0,aipw_variance,-1.0,1.0,obsval,4.0,0.1,30,0.1,crossfit_rank_empty_standdown,1.0,4,50,4,4011.4308449272066,0.009036340721994829,0.009036340721994829,0.009036340721994829,0.0,4.608178767115346e-05,-1.3377201704078425e-05,0.0,0.5,0.0,reference,-4.736951571734001e-18,8.326672684688674e-17,nan,nan,nan,,,nan,nan,nan,nan,nan,nan,nan,nan,0.0,0.26766666666666666,nan,0.0,0,316,nan,0.19676214196762143,0.0,0.0,0.0,0.0016166413036299578,0.0016166413036299578,0.0,nan,nan,1.485993038325637,1.485993038325637
m01-j0114,manifest.tsv,dml2_real_real_digits_misaligned_ctmle_n6000_s2_chunk17.reps.csv,real_digits_misaligned,box,6000,0.05,2.0,estimated_residual_lowp_supported,ctmle,estimated,xgboost,xgboost,if_residual,1.0,0.0|0.25|0.5|1.0,aipw_variance,-1.0,1.0,obsval,4.0,0.1,30,0.1,crossfit_rank_empty_standdown,1.0,4,50,1,1005.1159868091345,-0.03950268807851895,-0.03950268807851895,-0.03950268807851895,0.0,3.189690837047813e-05,-1.1148073475071997e-05,0.0,0.5,0.0,reference,2.0724163126336257e-18,0.0,nan,nan,nan,,,nan,nan,nan,nan,nan,nan,nan,nan,0.05,0.2796666666666667,0.9333333333333333,0.16686531585220502,37,353,0.12333333333333334,0.21036948748510131,0.01113219938365256,0.01113219938365256,0.0,-0.011567048746603236,-0.011567048746603236,0.0,1.5850805949779823,1.5850805949779823,1.3352155063619693,1.3352155063619693
m01-j0114,manifest.tsv,dml2_real_real_digits_misaligned_ctmle_n6000_s2_chunk17.reps.csv,real_digits_misaligned,box,6000,0.05,2.0,estimated_residual_lowp_supported,ctmle,estimated,xgboost,xgboost,if_residual,1.0,0.0|0.25|0.5|1.0,aipw_variance,-1.0,1.0,obsval,4.0,0.1,30,0.1,crossfit_rank_empty_standdown,1.0,4,50,2,2014.3168358635157,0.05221829095422509,0.05221829095422509,0.05221829095422509,0.0,5.336337885897247e-05,-3.4843307842445984e-05,0.0,0.5,0.0,reference,9.473903143468002e-18,0.0,nan,nan,nan,,,nan,nan,nan,nan,nan,nan,nan,nan,0.05,0.2781666666666667,0.9266666666666666,0.1665668064709407,45,307,0.15,0.18394248052726184,0.004422821742866311,0.004422821742866311,0.0,0.031813017750882466,0.031813017750882466,0.0,2.0079959442730195,2.0079959442730195,1.3600874829989416,1.3600874829989416
m01-j0114,manifest.tsv,dml2_real_real_digits_misaligned_ctmle_n6000_s2_chunk17.reps.csv,real_digits_misaligned,box,6000,0.05,2.0,estimated_residual_lowp_supported,ctmle,estimated,xgboost,xgboost,if_residual,1.0,0.0|0.25|0.5|1.0,aipw_variance,-1.0,1.0,obsval,4.0,0.1,30,0.1,crossfit_rank_empty_standdown,1.0,4,50,3,3011.5202970253304,0.023747797841523227,0.023747797841523227,0.023747797841523227,0.0,8.06441521839093e-05,-3.728534158420815e-05,0.0,0.5,0.0,reference,-1.2730557349035128e-17,0.0,nan,nan,nan,,,nan,nan,nan,nan,nan,nan,nan,nan,0.075,0.26116666666666666,0.9111111111111111,0.2616464582003829,82,333,0.18222222222222223,0.21250797702616464,0.02446219894252519,0.02446219894252519,0.0,0.02445473943097782,0.02445473943097782,0.0,1.8728147357098133,1.8728147357098133,1.4777758975514261,1.4777758975514261
m01-j0114,manifest.tsv,dml2_real_real_digits_misaligned_ctmle_n6000_s2_chunk17.reps.csv,real_digits_misaligned,box,6000,0.05,2.0,estimated_residual_lowp_supported,ctmle,estimated,xgboost,xgboost,if_residual,1.0,0.0|0.25|0.5|1.0,aipw_variance,-1.0,1.0,obsval,4.0,0.1,30,0.1,crossfit_rank_empty_standdown,1.0,4,50,4,4016.1252379342914,0.029621263235745265,0.029621263235745265,0.029621263235745265,0.0,4.0745556477329295e-05,-1.247959547298616e-05,0.0,0.5,0.0,reference,-1.1842378929335003e-18,-2.7755575615628914e-17,nan,nan,nan,,,nan,nan,nan,nan,nan,nan,nan,nan,0.0,0.2693333333333333,nan,0.0,0,336,nan,0.2079207920792079,0.0,0.0,0.0,0.015317979136554447,0.015317979136554447,0.0,nan,nan,1.5275202022772376,1.5275202022772376
m01-j0115,manifest.tsv,dml2_real_real_digits_misaligned_ctmle_n6000_s2_chunk18.reps.csv,real_digits_misaligned,box,6000,0.05,2.0,estimated_residual_lowp_supported,ctmle,estimated,xgboost,xgboost,if_residual,1.0,0.0|0.25|0.5|1.0,aipw_variance,-1.0,1.0,obsval,4.0,0.1,30,0.1,crossfit_rank_empty_standdown,1.0,4,50,1,1001.3815512303263,0.10153389389382095,0.10153389389382095,0.10153389389382095,0.0,4.541608529372689e-05,-4.989990925657764e-05,0.0,0.5,0.0,reference,1.6579330501069006e-17,0.0,nan,nan,nan,,,nan,nan,nan,nan,nan,nan,nan,nan,0.0,0.27116666666666667,nan,0.0,0,312,nan,0.1917639827904118,0.0,0.0,0.0,0.05293959659060969,0.05293959659060969,0.0,nan,nan,1.4116032713224473,1.4116032713224473
m01-j0115,manifest.tsv,dml2_real_real_digits_misaligned_ctmle_n6000_s2_chunk18.reps.csv,real_digits_misaligned,box,6000,0.05,2.0,estimated_residual_lowp_supported,ctmle,estimated,xgboost,xgboost,if_residual,1.0,0.0|0.25|0.5|1.0,aipw_variance,-1.0,1.0,obsval,4.0,0.1,30,0.1,crossfit_rank_empty_standdown,1.0,4,50,2,2004.5667045023292,0.03321871263123147,0.03321871263123147,0.03321871263123147,0.0,0.00013677250063568705,-6.012316946134809e-05,0.0,0.5,0.0,reference,-1.7763568394002505e-18,0.0,nan,nan,nan,,,nan,nan,nan,nan,nan,nan,nan,nan,0.1,0.278,0.9316666666666666,0.3351318944844125,80,298,0.13333333333333333,0.17865707434052758,0.01855755789861486,0.01855755789861486,0.0,0.014992323543939645,0.014992323543939645,0.0,1.7557891784688007,1.7557891784688007,1.4286481990660005,1.4286481990660005
m01-j0115,manifest.tsv,dml2_real_real_digits_misaligned_ctmle_n6000_s2_chunk18.reps.csv,real_digits_misaligned,box,6000,0.05,2.0,estimated_residual_lowp_supported,ctmle,estimated,xgboost,xgboost,if_residual,1.0,0.0|0.25|0.5|1.0,aipw_variance,-1.0,1.0,obsval,4.0,0.1,30,0.1,crossfit_rank_empty_standdown,1.0,4,50,3,3015.2124205306172,0.02292799828880271,0.02292799828880271,0.02292799828880271,0.0,3.1190742164112235e-05,2.1230556277442632e-05,0.0,0.5,0.0,reference,7.105427357601002e-18,-8.326672684688674e-17,nan,nan,nan,,,nan,nan,nan,nan,nan,nan,nan,nan,0.0,0.2698333333333333,nan,0.0,0,343,nan,0.2118591723285979,0.0,0.0,0.0,0.020883521759268255,0.020883521759268255,0.0,nan,nan,1.3688518980855038,1.3688518980855038
m01-j0115,manifest.tsv,dml2_real_real_digits_misaligned_ctmle_n6000_s2_chunk18.reps.csv,real_digits_misaligned,box,6000,0.05,2.0,estimated_residual_lowp_supported,ctmle,estimated,xgboost,xgboost,if_residual,1.0,0.0|0.25|0.5|1.0,aipw_variance,-1.0,1.0,obsval,4.0,0.1,30,0.1,crossfit_rank_empty_standdown,1.0,4,50,4,4010.7237728694454,-0.010157112348027325,-0.010157112348027325,-0.010157112348027325,0.0,5.5577343562664226e-05,-4.926477162567528e-06,0.0,0.5,0.0,reference,-6.5133084111342516e-18,0.0,nan,nan,nan,,,nan,nan,nan,nan,nan,nan,nan,nan,0.05,0.267,0.9266666666666666,0.1735330836454432,34,302,0.11333333333333333,0.18851435705368288,-0.00028426461585298547,-0.00028426461585298547,0.0,0.015863073910480883,0.015863073910480883,0.0,1.7272123575565568,1.7272123575565568,1.461793786305453,1.461793786305453
m01-j0116,manifest.tsv,dml2_real_real_digits_misaligned_ctmle_n6000_s2_chunk19.reps.csv,real_digits_misaligned,box,6000,0.05,2.0,estimated_residual_lowp_supported,ctmle,estimated,xgboost,xgboost,if_residual,1.0,0.0|0.25|0.5|1.0,aipw_variance,-1.0,1.0,obsval,4.0,0.1,30,0.1,crossfit_rank_empty_standdown,1.0,4,50,1,1005.1766952062026,0.005199814090463356,0.005199814090463356,0.005199814090463356,0.0,4.2670406114738704e-05,-1.1939582060808062e-06,0.0,0.5,0.0,reference,-2.3684757858670005e-18,0.0,nan,nan,nan,,,nan,nan,nan,nan,nan,nan,nan,nan,0.1,0.2826666666666667,0.9466666666666667,0.33490566037735847,72,335,0.12,0.19752358490566038,0.03267058099995182,0.03267058099995182,0.0,0.023820520106554076,0.023820520106554076,0.0,1.5903309111395294,1.5903309111395294,1.3342960220245799,1.3342960220245799
m01-j0116,manifest.tsv,dml2_real_real_digits_misaligned_ctmle_n6000_s2_chunk19.reps.csv,real_digits_misaligned,box,6000,0.05,2.0,estimated_residual_lowp_supported,ctmle,estimated,xgboost,xgboost,if_residual,1.0,0.0|0.25|0.5|1.0,aipw_variance,-1.0,1.0,obsval,4.0,0.1,30,0.1,crossfit_rank_empty_standdown,1.0,4,50,2,2009.6775562325493,0.02116887848877766,0.02116887848877766,0.02116887848877766,0.0,4.447149700657319e-05,-1.1231190024243954e-05,0.0,0.5,0.0,reference,-2.3684757858670005e-18,0.0,nan,nan,nan,,,nan,nan,nan,nan,nan,nan,nan,nan,0.0,0.2698333333333333,nan,0.0,0,317,nan,0.1957998764669549,0.0,0.0,0.0,0.01577668922396167,0.01577668922396167,0.0,nan,nan,1.5351685732824416,1.5351685732824416
m01-j0116,manifest.tsv,dml2_real_real_digits_misaligned_ctmle_n6000_s2_chunk19.reps.csv,real_digits_misaligned,box,6000,0.05,2.0,estimated_residual_lowp_supported,ctmle,estimated,xgboost,xgboost,if_residual,1.0,0.0|0.25|0.5|1.0,aipw_variance,-1.0,1.0,obsval,4.0,0.1,30,0.1,crossfit_rank_empty_standdown,1.0,4,50,3,3003.3430386586115,0.04407665300513261,0.04407665300513261,0.04407665300513261,0.0,4.291971944399373e-05,-1.787614630056238e-05,0.0,0.5,0.0,reference,7.105427357601002e-18,0.0,nan,nan,nan,,,nan,nan,nan,nan,nan,nan,nan,nan,0.0,0.281,nan,0.0,0,339,nan,0.20106761565836298,0.0,0.0,0.0,0.017838573106006117,0.017838573106006117,0.0,nan,nan,1.3387226181175669,1.3387226181175669
m01-j0116,manifest.tsv,dml2_real_real_digits_misaligned_ctmle_n6000_s2_chunk19.reps.csv,real_digits_misaligned,box,6000,0.05,2.0,estimated_residual_lowp_supported,ctmle,estimated,xgboost,xgboost,if_residual,1.0,0.0|0.25|0.5|1.0,aipw_variance,-1.0,1.0,obsval,4.0,0.1,30,0.1,crossfit_rank_empty_standdown,1.0,4,50,4,4004.928750197403,0.07783432836412515,0.07783432836412515,0.07783432836412515,0.0,3.539245812052901e-05,-3.341992287330493e-05,0.0,0.5,0.0,reference,-1.4210854715202004e-17,0.0,nan,nan,nan,,,nan,nan,nan,nan,nan,nan,nan,nan,0.075,0.2763333333333333,0.9466666666666667,0.2569360675512666,42,289,0.09333333333333334,0.17430639324487335,0.03863174203387863,0.03863174203387863,0.0,0.0389390578503654,0.0389390578503654,0.0,1.249607172567188,1.249607172567188,1.5131906197391796,1.5131906197391796
m01-j0117,manifest.tsv,dml2_real_real_digits_misaligned_ctmle_n6000_s2_chunk20.reps.csv,real_digits_misaligned,box,6000,0.05,2.0,estimated_residual_lowp_supported,ctmle,estimated,xgboost,xgboost,if_residual,1.0,0.0|0.25|0.5|1.0,aipw_variance,-1.0,1.0,obsval,4.0,0.1,30,0.1,crossfit_rank_empty_standdown,1.0,4,50,1,1015.6222227718681,-0.009282888465298733,-0.009282888465298733,-0.009282888465298733,0.0,3.290429922862424e-05,-2.2947002923726903e-05,0.0,0.5,0.0,reference,-7.105427357601002e-18,2.7755575615628914e-17,nan,nan,nan,,,nan,nan,nan,nan,nan,nan,nan,nan,0.075,0.27666666666666667,0.8822222222222222,0.2391566265060241,62,373,0.13777777777777778,0.2246987951807229,0.019761724585773,0.019761724585773,0.0,0.006927753033709245,0.006927753033709245,0.0,1.925678044579061,1.925678044579061,1.397377282295773,1.397377282295773
m01-j0117,manifest.tsv,dml2_real_real_digits_misaligned_ctmle_n6000_s2_chunk20.reps.csv,real_digits_misaligned,box,6000,0.05,2.0,estimated_residual_lowp_supported,ctmle,estimated,xgboost,xgboost,if_residual,1.0,0.0|0.25|0.5|1.0,aipw_variance,-1.0,1.0,obsval,4.0,0.1,30,0.1,crossfit_rank_empty_standdown,1.0,4,50,2,2021.3948877966031,0.027951790729060066,0.027951790729060066,0.027951790729060066,0.0,4.040479111282473e-05,3.062146271866654e-06,0.0,0.5,0.0,reference,-4.736951571734001e-18,0.0,nan,nan,nan,,,nan,nan,nan,nan,nan,nan,nan,nan,0.1,0.2745,0.9216666666666666,0.33576199149969643,75,307,0.125,0.18639951426836673,0.017263283940609074,0.017263283940609074,0.0,0.021072837757018154,0.021072837757018154,0.0,1.892569250597663,1.892569250597663,1.4666421245253578,1.4666421245253578
m01-j0117,manifest.tsv,dml2_real_real_digits_misaligned_ctmle_n6000_s2_chunk20.reps.csv,real_digits_misaligned,box,6000,0.05,2.0,estimated_residual_lowp_supported,ctmle,estimated,xgboost,xgboost,if_residual,1.0,0.0|0.25|0.5|1.0,aipw_variance,-1.0,1.0,obsval,4.0,0.1,30,0.1,crossfit_rank_empty_standdown,1.0,4,50,3,3022.846993832849,0.017940001435641145,0.017940001435641145,0.017940001435641145,0.0,2.934408414376655e-05,-3.443706428966648e-05,0.0,0.5,0.0,reference,-5.921189464667502e-18,0.0,nan,nan,nan,,,nan,nan,nan,nan,nan,nan,nan,nan,0.0,0.2695,nan,0.0,0,334,nan,0.20655534941249226,0.0,0.0,0.0,0.02798189543664815,0.02798189543664815,0.0,nan,nan,1.4132783657652876,1.4132783657652876
m01-j0117,manifest.tsv,dml2_real_real_digits_misaligned_ctmle_n6000_s2_chunk20.reps.csv,real_digits_misaligned,box,6000,0.05,2.0,estimated_residual_lowp_supported,ctmle,estimated,xgboost,xgboost,if_residual,1.0,0.0|0.25|0.5|1.0,aipw_variance,-1.0,1.0,obsval,4.0,0.1,30,0.1,crossfit_rank_empty_standdown,1.0,4,50,4,4013.9180513238534,0.013022302116692974,0.013022302116692974,0.013022302116692974,0.0,3.303407167889647e-05,-1.1898836914638327e-05,0.0,0.5,0.0,reference,-1.1842378929335004e-17,5.551115123125783e-17,nan,nan,nan,,,nan,nan,nan,nan,nan,nan,nan,nan,0.0,0.27466666666666667,nan,0.0,0,336,nan,0.20388349514563106,0.0,0.0,0.0,0.013818523652582774,0.013818523652582774,0.0,nan,nan,1.4776316497526567,1.4776316497526567
m01-j0118,manifest.tsv,dml2_real_real_digits_misaligned_ctmle_n6000_s2_chunk21.reps.csv,real_digits_misaligned,box,6000,0.05,2.0,estimated_residual_lowp_supported,ctmle,estimated,xgboost,xgboost,if_residual,1.0,0.0|0.25|0.5|1.0,aipw_variance,-1.0,1.0,obsval,4.0,0.1,30,0.1,crossfit_rank_empty_standdown,1.0,4,50,1,1005.892606947571,0.010220876707014326,0.010220876707014326,0.010220876707014326,0.0,2.7434080885164677e-05,-3.516380139920888e-05,0.0,0.5,0.0,reference,9.473903143468002e-18,0.0,nan,nan,nan,,,nan,nan,nan,nan,nan,nan,nan,nan,0.075,0.266,0.9022222222222223,0.2543859649122807,82,329,0.18222222222222223,0.20614035087719298,0.0061438803048176095,0.0061438803048176095,0.0,-0.0015727999965097557,-0.0015727999965097557,0.0,1.9769485455211757,1.9769485455211757,1.5123117732465368,1.5123117732465368
m01-j0118,manifest.tsv,dml2_real_real_digits_misaligned_ctmle_n6000_s2_chunk21.reps.csv,real_digits_misaligned,box,6000,0.05,2.0,estimated_residual_lowp_supported,ctmle,estimated,xgboost,xgboost,if_residual,1.0,0.0|0.25|0.5|1.0,aipw_variance,-1.0,1.0,obsval,4.0,0.1,30,0.1,crossfit_rank_empty_standdown,1.0,4,50,2,2013.3417443959042,0.011423106064402305,0.011423106064402305,0.011423106064402305,0.0,4.0477742911065265e-05,-1.9710801286283025e-05,0.0,0.5,0.0,reference,1.3322676295501878e-17,0.0,nan,nan,nan,,,nan,nan,nan,nan,nan,nan,nan,nan,0.05,0.2703333333333333,0.8933333333333333,0.16522811344019728,50,313,0.16666666666666666,0.19297163995067818,-0.0017187710980877942,-0.0017187710980877942,0.0,0.01130841998303712,0.01130841998303712,0.0,1.5174407466190445,1.5174407466190445,1.3792353796841559,1.3792353796841559
m01-j0118,manifest.tsv,dml2_real_real_digits_misaligned_ctmle_n6000_s2_chunk21.reps.csv,real_digits_misaligned,box,6000,0.05,2.0,estimated_residual_lowp_supported,ctmle,estimated,xgboost,xgboost,if_residual,1.0,0.0|0.25|0.5|1.0,aipw_variance,-1.0,1.0,obsval,4.0,0.1,30,0.1,crossfit_rank_empty_standdown,1.0,4,50,3,3014.281781258993,0.0012129889351578937,0.0012129889351578937,0.0012129889351578937,0.0,4.2937297035278805e-05,-3.9046444852604235e-05,0.0,0.5,0.0,reference,1.0658141036401503e-17,0.0,nan,nan,nan,,,nan,nan,nan,nan,nan,nan,nan,nan,0.05,0.27616666666666667,0.95,0.171997585998793,38,333,0.12666666666666668,0.20096560048280024,0.024093448423092346,0.024093448423092346,0.0,0.017667115080616552,0.017667115080616552,0.0,1.90365373649965,1.90365373649965,1.41690476250557,1.41690476250557
m01-j0118,manifest.tsv,dml2_real_real_digits_misaligned_ctmle_n6000_s2_chunk21.reps.csv,real_digits_misaligned,box,6000,0.05,2.0,estimated_residual_lowp_supported,ctmle,estimated,xgboost,xgboost,if_residual,1.0,0.0|0.25|0.5|1.0,aipw_variance,-1.0,1.0,obsval,4.0,0.1,30,0.1,crossfit_rank_empty_standdown,1.0,4,50,4,4004.890523095615,0.02379633323368302,0.02379633323368302,0.02379633323368302,0.0,3.662982769386553e-05,-3.276258596232541e-05,0.0,0.5,0.0,reference,8.289665250534503e-18,0.0,nan,nan,nan,,,nan,nan,nan,nan,nan,nan,nan,nan,0.1,0.2755,0.9433333333333334,0.3424077434966727,80,315,0.13333333333333333,0.19056261343012704,0.0065690004170428475,0.0065690004170428475,0.0,0.011052879455739977,0.011052879455739977,0.0,1.8284447728436362,1.8284447728436362,1.4640976601643105,1.4640976601643105
m01-j0119,manifest.tsv,dml2_real_real_digits_misaligned_ctmle_n6000_s2_chunk22.reps.csv,real_digits_misaligned,box,6000,0.05,2.0,estimated_residual_lowp_supported,ctmle,estimated,xgboost,xgboost,if_residual,1.0,0.0|0.25|0.5|1.0,aipw_variance,-1.0,1.0,obsval,4.0,0.1,30,0.1,crossfit_rank_empty_standdown,1.0,4,50,1,1007.2656399263069,-0.018851493262221714,-0.018851493262221714,-0.018851493262221714,0.0,3.0693930331732915e-05,2.3013657788793925e-05,0.0,0.5,0.0,reference,-8.881784197001253e-18,0.0,nan,nan,nan,,,nan,nan,nan,nan,nan,nan,nan,nan,0.05,0.2821666666666667,0.9566666666666667,0.16952155936207916,32,307,0.10666666666666667,0.1813349084465446,0.020887076882982306,0.020887076882982306,0.0,-0.002926519345679805,-0.002926519345679805,0.0,1.6074827047401818,1.6074827047401818,1.459979051736182,1.459979051736182
m01-j0119,manifest.tsv,dml2_real_real_digits_misaligned_ctmle_n6000_s2_chunk22.reps.csv,real_digits_misaligned,box,6000,0.05,2.0,estimated_residual_lowp_supported,ctmle,estimated,xgboost,xgboost,if_residual,1.0,0.0|0.25|0.5|1.0,aipw_variance,-1.0,1.0,obsval,4.0,0.1,30,0.1,crossfit_rank_empty_standdown,1.0,4,50,2,2010.4037761772051,0.06056683938771798,0.06056683938771798,0.06056683938771798,0.0,3.1676664978560294e-05,-1.98462482361942e-05,0.0,0.5,0.0,reference,-8.881784197001253e-18,0.0,nan,nan,nan,,,nan,nan,nan,nan,nan,nan,nan,nan,0.0,0.2705,nan,0.0,0,324,nan,0.19963031423290203,0.0,0.0,0.0,0.03544336515229533,0.03544336515229533,0.0,nan,nan,1.4955048836529679,1.4955048836529679
m01-j0119,manifest.tsv,dml2_real_real_digits_misaligned_ctmle_n6000_s2_chunk22.reps.csv,real_digits_misaligned,box,6000,0.05,2.0,estimated_residual_lowp_supported,ctmle,estimated,xgboost,xgboost,if_residual,1.0,0.0|0.25|0.5|1.0,aipw_variance,-1.0,1.0,obsval,4.0,0.1,30,0.1,crossfit_rank_empty_standdown,1.0,4,50,3,2999.771498323418,0.004330378636446114,0.004330378636446114,0.004330378636446114,0.0,6.301803403635357e-05,-2.955812188604862e-05,0.0,0.5,0.0,reference,-3.552713678800501e-18,0.0,nan,nan,nan,,,nan,nan,nan,nan,nan,nan,nan,nan,0.0,0.2781666666666667,nan,0.0,0,320,nan,0.19173157579388855,0.0,0.0,0.0,-0.0022102466116160667,-0.0022102466116160667,0.0,nan,nan,1.3071164181802981,1.3071164181802981
m01-j0119,manifest.tsv,dml2_real_real_digits_misaligned_ctmle_n6000_s2_chunk22.reps.csv,real_digits_misaligned,box,6000,0.05,2.0,estimated_residual_lowp_supported,ctmle,estimated,xgboost,xgboost,if_residual,1.0,0.0|0.25|0.5|1.0,aipw_variance,-1.0,1.0,obsval,4.0,0.1,30,0.1,crossfit_rank_empty_standdown,1.0,4,50,4,3999.451984210871,0.008861749175597872,0.008861749175597872,0.008861749175597872,0.0,4.225738294545689e-05,-1.0365649084420679e-05,0.0,0.5,0.0,reference,-8.289665250534503e-18,2.7755575615628914e-17,nan,nan,nan,,,nan,nan,nan,nan,nan,nan,nan,nan,0.0,0.2663333333333333,nan,0.0,0,309,nan,0.19336670838548184,0.0,0.0,0.0,0.010095616774844074,0.010095616774844074,0.0,nan,nan,1.5304279128165434,1.5304279128165434
m01-j0120,manifest.tsv,dml2_real_real_digits_misaligned_ctmle_n6000_s2_chunk23.reps.csv,real_digits_misaligned,box,6000,0.05,2.0,estimated_residual_lowp_supported,ctmle,estimated,xgboost,xgboost,if_residual,1.0,0.0|0.25|0.5|1.0,aipw_variance,-1.0,1.0,obsval,4.0,0.1,30,0.1,crossfit_rank_empty_standdown,1.0,4,50,1,997.1086600730196,0.07616557237945246,0.07616557237945246,0.07616557237945246,0.0,2.9498424813050386e-05,-1.0055682323578305e-05,0.0,0.5,0.0,reference,4.736951571734001e-18,0.0,nan,nan,nan,,,nan,nan,nan,nan,nan,nan,nan,nan,0.075,0.2673333333333333,0.9,0.2524937655860349,69,321,0.15333333333333332,0.20012468827930174,0.03577776239110645,0.03577776239110645,0.0,0.04393190238446063,0.04393190238446063,0.0,1.5801306141857576,1.5801306141857576,1.4608410722042595,1.4608410722042595
m01-j0120,manifest.tsv,dml2_real_real_digits_misaligned_ctmle_n6000_s2_chunk23.reps.csv,real_digits_misaligned,box,6000,0.05,2.0,estimated_residual_lowp_supported,ctmle,estimated,xgboost,xgboost,if_residual,1.0,0.0|0.25|0.5|1.0,aipw_variance,-1.0,1.0,obsval,4.0,0.1,30,0.1,crossfit_rank_empty_standdown,1.0,4,50,2,2026.3098485954106,0.0478440719855934,0.0478440719855934,0.0478440719855934,0.0,3.7313934360680596e-05,1.1367938423462827e-05,0.0,0.5,0.0,reference,-1.5395092608135503e-17,0.0,nan,nan,nan,,,nan,nan,nan,nan,nan,nan,nan,nan,0.0,0.26016666666666666,nan,0.0,0,323,nan,0.20691864189622036,0.0,0.0,0.0,0.028941710132887977,0.028941710132887977,0.0,nan,nan,1.5601038894396555,1.5601038894396555
m01-j0120,manifest.tsv,dml2_real_real_digits_misaligned_ctmle_n6000_s2_chunk23.reps.csv,real_digits_misaligned,box,6000,0.05,2.0,estimated_residual_lowp_supported,ctmle,estimated,xgboost,xgboost,if_residual,1.0,0.0|0.25|0.5|1.0,aipw_variance,-1.0,1.0,obsval,4.0,0.1,30,0.1,crossfit_rank_empty_standdown,1.0,4,50,3,3030.210402354598,0.01666770152546848,0.01666770152546848,0.01666770152546848,0.0,2.944087514729322e-05,-1.6466812724113405e-05,0.0,0.5,0.0,reference,1.0658141036401503e-17,2.7755575615628914e-17,nan,nan,nan,,,nan,nan,nan,nan,nan,nan,nan,nan,0.1,0.2778333333333333,0.95,0.34193161367726455,78,340,0.13,0.20395920815836832,0.02574310681075098,0.02574310681075098,0.0,0.012726881322599535,0.012726881322599535,0.0,1.8074091255661358,1.8074091255661358,1.4378724757674575,1.4378724757674575
m01-j0120,manifest.tsv,dml2_real_real_digits_misaligned_ctmle_n6000_s2_chunk23.reps.csv,real_digits_misaligned,box,6000,0.05,2.0,estimated_residual_lowp_supported,ctmle,estimated,xgboost,xgboost,if_residual,1.0,0.0|0.25|0.5|1.0,aipw_variance,-1.0,1.0,obsval,4.0,0.1,30,0.1,crossfit_rank_empty_standdown,1.0,4,50,4,4025.407182778232,0.00871331101222092,0.00871331101222092,0.00871331101222092,0.0,4.4447601106004466e-05,-4.5581254623070454e-05,0.0,0.5,0.0,reference,6.5133084111342516e-18,0.0,nan,nan,nan,,,nan,nan,nan,nan,nan,nan,nan,nan,0.0,0.2683333333333333,nan,0.0,0,367,nan,0.22795031055900622,0.0,0.0,0.0,0.0035090117095443814,0.0035090117095443814,0.0,nan,nan,1.393194127209178,1.393194127209178
m01-j0121,manifest.tsv,dml2_real_real_digits_misaligned_cui_selective_ml_n6000_s2_chunk00.reps.csv,real_digits_misaligned,box,6000,0.05,2.0,estimated_residual_lowp_supported,cui_selective_ml,estimated,xgboost,xgboost,if_residual,1.0,0.0|0.25|0.5|1.0,aipw_variance,-1.0,1.0,obsval,4.0,0.1,30,0.1,crossfit_rank_empty_standdown,1.0,4,50,1,1330.1743234368041,0.008306467328172307,0.008306467328172307,0.008306467328172307,0.0,0.00019775335695691515,-0.00017898366508992656,0.0,nan,0.0,reference,nan,nan,nan,nan,nan,gradient_boosting,gradient_boosting,13969357.916715335,nan,nan,nan,nan,nan,nan,nan,0.0,0.27166666666666667,nan,0.0,0,313,nan,0.19202453987730062,0.0,0.0,0.0,0.01162034552501769,0.01162034552501769,0.0,nan,nan,1.557253775770605,1.557253775770605
m01-j0121,manifest.tsv,dml2_real_real_digits_misaligned_cui_selective_ml_n6000_s2_chunk00.reps.csv,real_digits_misaligned,box,6000,0.05,2.0,estimated_residual_lowp_supported,cui_selective_ml,estimated,xgboost,xgboost,if_residual,1.0,0.0|0.25|0.5|1.0,aipw_variance,-1.0,1.0,obsval,4.0,0.1,30,0.1,crossfit_rank_empty_standdown,1.0,4,50,2,2644.924938977696,0.025225620731077564,0.025225620731077564,0.025225620731077564,0.0,0.0003878707730348384,-0.0003965169298062399,0.0,nan,0.0,reference,nan,nan,nan,nan,nan,gradient_boosting,gradient_boosting,0.039638068575367724,nan,nan,nan,nan,nan,nan,nan,0.05,0.273,0.9733333333333334,0.17826617826617827,35,302,0.11666666666666667,0.18437118437118438,0.023925206481322295,0.023925206481322295,0.0,0.016482897596496585,0.016482897596496585,0.0,1.9523824800661977,1.9523824800661977,1.495336130065152,1.495336130065152
m01-j0121,manifest.tsv,dml2_real_real_digits_misaligned_cui_selective_ml_n6000_s2_chunk00.reps.csv,real_digits_misaligned,box,6000,0.05,2.0,estimated_residual_lowp_supported,cui_selective_ml,estimated,xgboost,xgboost,if_residual,1.0,0.0|0.25|0.5|1.0,aipw_variance,-1.0,1.0,obsval,4.0,0.1,30,0.1,crossfit_rank_empty_standdown,1.0,4,50,3,3917.0776086999103,0.0747784122740085,0.05445730794892001,0.0747784122740085,-0.02032110432508849,0.00038687087910730007,-0.00031382650102361616,0.0,nan,0.5,if_residual,nan,nan,nan,nan,nan,random_forest,lasso,0.1565683049795465,nan,nan,nan,nan,nan,nan,nan,0.0,0.2798333333333333,nan,0.0,0,319,nan,0.18999404407385348,0.0,0.0,0.0,0.02389300764838444,0.010211443129308176,0.013681564519076265,nan,nan,1.4220076375521187,1.3202299336148393
m01-j0121,manifest.tsv,dml2_real_real_digits_misaligned_cui_selective_ml_n6000_s2_chunk00.reps.csv,real_digits_misaligned,box,6000,0.05,2.0,estimated_residual_lowp_supported,cui_selective_ml,estimated,xgboost,xgboost,if_residual,1.0,0.0|0.25|0.5|1.0,aipw_variance,-1.0,1.0,obsval,4.0,0.1,30,0.1,crossfit_rank_empty_standdown,1.0,4,50,4,5197.383337421343,-0.013714512683598523,0.008903260386960765,-0.013714512683598523,0.02261777307055929,0.0005633050155322422,-0.0007184412978710147,0.0,nan,1.0,if_residual,nan,nan,nan,nan,nan,logistic_l1,gradient_boosting,0.004849548608230339,nan,nan,nan,nan,nan,nan,nan,0.0,0.2783333333333333,nan,0.0,0,330,nan,0.19760479041916168,0.0,0.0,0.0,-389.48032963894383,-337.152246966747,52.32808267219684,nan,nan,1.2106342837175144,1.257679701593857
m01-j0122,manifest.tsv,dml2_real_real_digits_misaligned_cui_selective_ml_n6000_s2_chunk01.reps.csv,real_digits_misaligned,box,6000,0.05,2.0,estimated_residual_lowp_supported,cui_selective_ml,estimated,xgboost,xgboost,if_residual,1.0,0.0|0.25|0.5|1.0,aipw_variance,-1.0,1.0,obsval,4.0,0.1,30,0.1,crossfit_rank_empty_standdown,1.0,4,50,1,1297.618092614226,-0.0002963040350979773,-0.0002963040350979773,-0.0002963040350979773,0.0,0.0002747891499702646,-0.000318645558738272,0.0,nan,0.0,reference,nan,nan,nan,nan,nan,gradient_boosting,lasso,25549.549167991645,nan,nan,nan,nan,nan,nan,nan,0.1,0.27666666666666667,0.9216666666666666,0.33313253012048194,80,327,0.13333333333333333,0.19698795180722892,0.007719599062681065,0.007719599062681065,0.0,-0.004080189766141384,-0.004080189766141384,0.0,1.6671386893466513,1.6671386893466513,1.418457724914463,1.418457724914463
m01-j0122,manifest.tsv,dml2_real_real_digits_misaligned_cui_selective_ml_n6000_s2_chunk01.reps.csv,real_digits_misaligned,box,6000,0.05,2.0,estimated_residual_lowp_supported,cui_selective_ml,estimated,xgboost,xgboost,if_residual,1.0,0.0|0.25|0.5|1.0,aipw_variance,-1.0,1.0,obsval,4.0,0.1,30,0.1,crossfit_rank_empty_standdown,1.0,4,50,2,2599.7420231439173,-0.0013677360008731154,-0.002984737982141883,-0.0013677360008731154,-0.0016170019812687675,0.00022759015506947674,-0.00018911942991398014,0.0,nan,0.5,if_residual,nan,nan,nan,nan,nan,gradient_boosting,lasso,0.001969446150666904,nan,nan,nan,nan,nan,nan,nan,0.1,0.26866666666666666,0.95,0.3535980148883375,74,309,0.12333333333333334,0.19168734491315137,0.008147784568696392,0.005206334707429309,0.0029414498612670833,-0.0011255287378283691,-0.004159390735919811,-0.0030338619980914416,1.9525910162683493,1.921948572705145,1.5155392749207062,1.4969524310920346
m01-j0122,manifest.tsv,dml2_real_real_digits_misaligned_cui_selective_ml_n6000_s2_chunk01.reps.csv,real_digits_misaligned,box,6000,0.05,2.0,estimated_residual_lowp_supported,cui_selective_ml,estimated,xgboost,xgboost,if_residual,1.0,0.0|0.25|0.5|1.0,aipw_variance,-1.0,1.0,obsval,4.0,0.1,30,0.1,crossfit_rank_empty_standdown,1.0,4,50,3,3877.119793835096,-0.022044522258367505,-0.022044522258367505,-0.022044522258367505,0.0,0.0017401707137493796,-0.0016399841877549118,0.0,nan,0.0,reference,nan,nan,nan,nan,nan,gradient_boosting,gradient_boosting,140.62475840535876,nan,nan,nan,nan,nan,nan,nan,0.05,0.26866666666666666,0.9466666666666667,0.1761786600496278,35,323,0.11666666666666667,0.20037220843672457,0.018341825000235346,0.018341825000235346,0.0,0.009747458614796572,0.009747458614796572,0.0,1.9760403377241833,1.9760403377241833,1.4841148934829387,1.4841148934829387
m01-j0122,manifest.tsv,dml2_real_real_digits_misaligned_cui_selective_ml_n6000_s2_chunk01.reps.csv,real_digits_misaligned,box,6000,0.05,2.0,estimated_residual_lowp_supported,cui_selective_ml,estimated,xgboost,xgboost,if_residual,1.0,0.0|0.25|0.5|1.0,aipw_variance,-1.0,1.0,obsval,4.0,0.1,30,0.1,crossfit_rank_empty_standdown,1.0,4,50,4,5180.690822981298,-0.004636839411126359,-0.008394889946696266,-0.004636839411126359,-0.0037580505355699068,0.00027456944432201094,-0.00034775892844368845,0.0,nan,0.5,if_residual,nan,nan,nan,nan,nan,gradient_boosting,lasso,0.0030246578643609856,nan,nan,nan,nan,nan,nan,nan,0.1,0.2788333333333333,0.9083333333333333,0.32576210400478184,97,337,0.16166666666666665,0.20143454871488345,0.010642452464101818,0.007332988821770246,0.003309463642331572,0.012384626190828446,0.0063704430070272555,0.006014183183801191,1.972785992956082,1.9127114102248375,1.5848411125093658,1.5358773553800389
m01-j0123,manifest.tsv,dml2_real_real_digits_misaligned_cui_selective_ml_n6000_s2_chunk02.reps.csv,real_digits_misaligned,box,6000,0.05,2.0,estimated_residual_lowp_supported,cui_selective_ml,estimated,xgboost,xgboost,if_residual,1.0,0.0|0.25|0.5|1.0,aipw_variance,-1.0,1.0,obsval,4.0,0.1,30,0.1,crossfit_rank_empty_standdown,1.0,4,50,1,1343.868929270655,-0.003932302709849317,-0.00815759270076985,-0.003932302709849317,-0.004225289990920533,0.00032139264090094797,-0.0002671264361373434,0.0,nan,0.25,if_residual,nan,nan,nan,nan,nan,gradient_boosting,random_forest,266949.76109645964,nan,nan,nan,nan,nan,nan,nan,0.05,0.27566666666666667,0.9766666666666667,0.17714631197097944,34,365,0.11333333333333333,0.22067714631197097,0.035546670862093455,0.03212422999422705,0.0034224408678664026,0.027082985908029072,0.021157805983930147,0.005925179924098925,2.1385922181645274,2.051831530386176,1.4181014470946123,1.3788037265057207
m01-j0123,manifest.tsv,dml2_real_real_digits_misaligned_cui_selective_ml_n6000_s2_chunk02.reps.csv,real_digits_misaligned,box,6000,0.05,2.0,estimated_residual_lowp_supported,cui_selective_ml,estimated,xgboost,xgboost,if_residual,1.0,0.0|0.25|0.5|1.0,aipw_variance,-1.0,1.0,obsval,4.0,0.1,30,0.1,crossfit_rank_empty_standdown,1.0,4,50,2,2636.798248623498,0.05145966476082495,0.05145966476082495,0.05145966476082495,0.0,0.00014774999216166443,-4.341786859683944e-05,0.0,nan,0.0,reference,nan,nan,nan,nan,nan,gradient_boosting,gradient_boosting,0.0010696889392963346,nan,nan,nan,nan,nan,nan,nan,0.1,0.283,0.9383333333333334,0.33156654888103654,73,335,0.12166666666666667,0.1972909305064782,0.013807948415126878,0.013807948415126878,0.0,0.01187500017455315,0.01187500017455315,0.0,1.757787151520863,1.757787151520863,1.3762659646588358,1.3762659646588358
m01-j0123,manifest.tsv,dml2_real_real_digits_misaligned_cui_selective_ml_n6000_s2_chunk02.reps.csv,real_digits_misaligned,box,6000,0.05,2.0,estimated_residual_lowp_supported,cui_selective_ml,estimated,xgboost,xgboost,if_residual,1.0,0.0|0.25|0.5|1.0,aipw_variance,-1.0,1.0,obsval,4.0,0.1,30,0.1,crossfit_rank_empty_standdown,1.0,4,50,3,3961.2278566593304,0.03785046076533613,0.03785046076533613,0.03785046076533613,0.0,0.00019847811546406082,-0.0002811105569224652,0.0,nan,0.0,reference,nan,nan,nan,nan,nan,gradient_boosting,lasso,0.0035652827125078556,nan,nan,nan,nan,nan,nan,nan,0.05,0.2615,0.94,0.17973231357552583,31,311,0.10333333333333333,0.19821542383683874,0.014032525254983708,0.014032525254983708,0.0,0.02626464816939468,0.02626464816939468,0.0,3.0411391142306416,3.0411391142306416,2.0777261801883955,2.0777261801883955
m01-j0123,manifest.tsv,dml2_real_real_digits_misaligned_cui_selective_ml_n6000_s2_chunk02.reps.csv,real_digits_misaligned,box,6000,0.05,2.0,estimated_residual_lowp_supported,cui_selective_ml,estimated,xgboost,xgboost,if_residual,1.0,0.0|0.25|0.5|1.0,aipw_variance,-1.0,1.0,obsval,4.0,0.1,30,0.1,crossfit_rank_empty_standdown,1.0,4,50,4,5231.984718309715,0.031170310831312803,0.031170310831312803,0.031170310831312803,0.0,0.00012254099518441012,-0.00017599499472400006,0.0,nan,0.0,reference,nan,nan,nan,nan,nan,gradient_boosting,gradient_boosting,0.001884018434040069,nan,nan,nan,nan,nan,nan,nan,0.05,0.2683333333333333,0.9333333333333333,0.17391304347826086,40,339,0.13333333333333333,0.21055900621118012,0.01487097391675689,0.01487097391675689,0.0,0.01914867669485852,0.01914867669485852,0.0,1.751195604369867,1.751195604369867,1.451243203648649,1.451243203648649
m01-j0124,manifest.tsv,dml2_real_real_digits_misaligned_cui_selective_ml_n6000_s2_chunk03.reps.csv,real_digits_misaligned,box,6000,0.05,2.0,estimated_residual_lowp_supported,cui_selective_ml,estimated,xgboost,xgboost,if_residual,1.0,0.0|0.25|0.5|1.0,aipw_variance,-1.0,1.0,obsval,4.0,0.1,30,0.1,crossfit_rank_empty_standdown,1.0,4,50,1,1315.758964841254,0.005379096459447452,0.003216895680154458,0.005379096459447452,-0.0021622007792929943,0.0002691942410027559,-0.0003498057024738986,0.0,nan,0.5,if_residual,nan,nan,nan,nan,nan,gradient_boosting,lasso,0.042570869088593415,nan,nan,nan,nan,nan,nan,nan,0.05,0.26966666666666667,0.9633333333333334,0.17861557478368356,35,335,0.11666666666666667,0.20704573547589616,0.023182744972071234,0.015100271917330339,0.008082473054740896,0.009050620133761083,0.000497286902846157,0.008553333230914926,2.085207829441917,1.9015724872809239,1.4328024473551795,1.3177779332598458
m01-j0124,manifest.tsv,dml2_real_real_digits_misaligned_cui_selective_ml_n6000_s2_chunk03.reps.csv,real_digits_misaligned,box,6000,0.05,2.0,estimated_residual_lowp_supported,cui_selective_ml,estimated,xgboost,xgboost,if_residual,1.0,0.0|0.25|0.5|1.0,aipw_variance,-1.0,1.0,obsval,4.0,0.1,30,0.1,crossfit_rank_empty_standdown,1.0,4,50,2,2617.9088760549203,-0.01621109534279097,-0.021773413343719128,-0.01621109534279097,-0.005562318000928157,0.0002501594300013217,-0.00023065991540004507,0.0,nan,0.25,if_residual,nan,nan,nan,nan,nan,gradient_boosting,lasso,22.674412332810398,nan,nan,nan,nan,nan,nan,nan,0.075,0.26916666666666667,0.9066666666666666,0.25263157894736843,66,324,0.14666666666666667,0.20061919504643963,0.011937455170058717,0.009603326797320243,0.0023341283727384733,-0.00024155457921820004,-0.00402495615276954,-0.0037834015735513397,1.5394144046661986,1.4794078670202802,1.291286403924765,1.261340284199121
m01-j0124,manifest.tsv,dml2_real_real_digits_misaligned_cui_selective_ml_n6000_s2_chunk03.reps.csv,real_digits_misaligned,box,6000,0.05,2.0,estimated_residual_lowp_supported,cui_selective_ml,estimated,xgboost,xgboost,if_residual,1.0,0.0|0.25|0.5|1.0,aipw_variance,-1.0,1.0,obsval,4.0,0.1,30,0.1,crossfit_rank_empty_standdown,1.0,4,50,3,3931.5688165808097,-0.037141359400252705,-0.04759966357567083,-0.037141359400252705,-0.010458304175418126,0.0005910749950127636,-0.0005621776289732685,0.0,nan,0.25,if_residual,nan,nan,nan,nan,nan,gradient_boosting,lasso,552.26625059458,nan,nan,nan,nan,nan,nan,nan,0.0,0.273,nan,0.0,0,334,nan,0.2039072039072039,0.0,0.0,0.0,0.0181196506301558,0.013531643545235169,0.004588007084920631,nan,nan,1.4051571149280109,1.3606709731949949
m01-j0124,manifest.tsv,dml2_real_real_digits_misaligned_cui_selective_ml_n6000_s2_chunk03.reps.csv,real_digits_misaligned,box,6000,0.05,2.0,estimated_residual_lowp_supported,cui_selective_ml,estimated,xgboost,xgboost,if_residual,1.0,0.0|0.25|0.5|1.0,aipw_variance,-1.0,1.0,obsval,4.0,0.1,30,0.1,crossfit_rank_empty_standdown,1.0,4,50,4,5231.284821180627,0.09943636258034569,0.0971890600125164,0.09943636258034569,-0.00224730256782929,0.00044882400121616867,-0.00043251097865751775,0.0,nan,0.5,if_residual,nan,nan,nan,nan,nan,gradient_boosting,lasso,0.0006251398040106319,nan,nan,nan,nan,nan,nan,nan,0.0,0.2718333333333333,nan,0.0,0,346,nan,0.21213979153893317,0.0,0.0,0.0,0.021593193598092673,0.012953983792861045,0.008639209805231628,nan,nan,1.5030321664073127,1.3834498080188125
m01-j0125,manifest.tsv,dml2_real_real_digits_misaligned_cui_selective_ml_n6000_s2_chunk04.reps.csv,real_digits_misaligned,box,6000,0.05,2.0,estimated_residual_lowp_supported,cui_selective_ml,estimated,xgboost,xgboost,if_residual,1.0,0.0|0.25|0.5|1.0,aipw_variance,-1.0,1.0,obsval,4.0,0.1,30,0.1,crossfit_rank_empty_standdown,1.0,4,50,1,1325.6354730892926,0.039465929684276035,0.039465929684276035,0.039465929684276035,0.0,0.0006307389879879943,-0.000589117775670913,0.0,nan,0.0,reference,nan,nan,nan,nan,nan,gradient_boosting,gradient_boosting,0.15373016144999524,nan,nan,nan,nan,nan,nan,nan,0.05,0.27066666666666667,0.93,0.17179802955665024,42,335,0.14,0.2062807881773399,0.0005259699317111328,0.0005259699317111328,0.0,0.02098109387362917,0.02098109387362917,0.0,1.5687681752827047,1.5687681752827047,1.354750256992387,1.354750256992387
m01-j0125,manifest.tsv,dml2_real_real_digits_misaligned_cui_selective_ml_n6000_s2_chunk04.reps.csv,real_digits_misaligned,box,6000,0.05,2.0,estimated_residual_lowp_supported,cui_selective_ml,estimated,xgboost,xgboost,if_residual,1.0,0.0|0.25|0.5|1.0,aipw_variance,-1.0,1.0,obsval,4.0,0.1,30,0.1,crossfit_rank_empty_standdown,1.0,4,50,2,2625.1466706935316,-0.030711589108012333,-0.030711589108012333,-0.030711589108012333,0.0,0.00027600452001685645,-0.0003528610428512666,0.0,nan,0.0,reference,nan,nan,nan,nan,nan,logistic_l1,gradient_boosting,0.007717866055049084,nan,nan,nan,nan,nan,nan,nan,0.1,0.2723333333333333,0.9266666666666666,0.3402692778457772,86,330,0.14333333333333334,0.20195838433292534,-1.22828517316148,-1.22828517316148,0.0,-1.7416005491827358,-1.7416005491827358,0.0,1.798173225844483,1.798173225844483,1.4461962399391641,1.4461962399391641
m01-j0125,manifest.tsv,dml2_real_real_digits_misaligned_cui_selective_ml_n6000_s2_chunk04.reps.csv,real_digits_misaligned,box,6000,0.05,2.0,estimated_residual_lowp_supported,cui_selective_ml,estimated,xgboost,xgboost,if_residual,1.0,0.0|0.25|0.5|1.0,aipw_variance,-1.0,1.0,obsval,4.0,0.1,30,0.1,crossfit_rank_empty_standdown,1.0,4,50,3,3917.609378057532,-0.019812106613407793,-0.019812106613407793,-0.019812106613407793,0.0,0.00017282792219734623,-0.00010997816730505647,0.0,nan,0.0,reference,nan,nan,nan,nan,nan,gradient_boosting,lasso,0.00046483501245804694,nan,nan,nan,nan,nan,nan,nan,0.0,0.279,nan,0.0,0,328,nan,0.1959378733572282,0.0,0.0,0.0,-0.0009173683087198411,-0.0009173683087198411,0.0,nan,nan,1.4922073138652538,1.4922073138652538
m01-j0125,manifest.tsv,dml2_real_real_digits_misaligned_cui_selective_ml_n6000_s2_chunk04.reps.csv,real_digits_misaligned,box,6000,0.05,2.0,estimated_residual_lowp_supported,cui_selective_ml,estimated,xgboost,xgboost,if_residual,1.0,0.0|0.25|0.5|1.0,aipw_variance,-1.0,1.0,obsval,4.0,0.1,30,0.1,crossfit_rank_empty_standdown,1.0,4,50,4,5195.304685899988,-0.03591852949478719,-0.03591852949478719,-0.03591852949478719,0.0,0.00037745798961148595,-0.00033010280794509156,0.0,nan,0.0,reference,nan,nan,nan,nan,nan,gradient_boosting,lasso,0.39076198547364177,nan,nan,nan,nan,nan,nan,nan,0.0,0.27216666666666667,nan,0.0,0,372,nan,0.22780159216166565,0.0,0.0,0.0,-0.00020088482812274222,-0.00020088482812274222,0.0,nan,nan,1.3468247319641244,1.3468247319641244
m01-j0126,manifest.tsv,dml2_real_real_digits_misaligned_cui_selective_ml_n6000_s2_chunk05.reps.csv,real_digits_misaligned,box,6000,0.05,2.0,estimated_residual_lowp_supported,cui_selective_ml,estimated,xgboost,xgboost,if_residual,1.0,0.0|0.25|0.5|1.0,aipw_variance,-1.0,1.0,obsval,4.0,0.1,30,0.1,crossfit_rank_empty_standdown,1.0,4,50,1,1321.8712713932618,-0.0031756580021999603,-0.004788829063813643,-0.0031756580021999603,-0.001613171061613683,0.00016163833315224166,-0.00013512234372655958,0.0,nan,0.5,if_residual,nan,nan,nan,nan,nan,gradient_boosting,lasso,0.007028910045289452,nan,nan,nan,nan,nan,nan,nan,0.1,0.2753333333333333,0.9333333333333333,0.3389830508474576,77,307,0.12833333333333333,0.18583535108958837,0.00395758786111103,-9.521676219825108e-05,0.003862371098912779,-0.0035266235306853303,-0.009504329949417254,-0.005977706418731923,1.706834910845788,1.6026539706289893,1.4567909280005424,1.4083142558335888
m01-j0126,manifest.tsv,dml2_real_real_digits_misaligned_cui_selective_ml_n6000_s2_chunk05.reps.csv,real_digits_misaligned,box,6000,0.05,2.0,estimated_residual_lowp_supported,cui_selective_ml,estimated,xgboost,xgboost,if_residual,1.0,0.0|0.25|0.5|1.0,aipw_variance,-1.0,1.0,obsval,4.0,0.1,30,0.1,crossfit_rank_empty_standdown,1.0,4,50,2,2646.6066638315096,0.046055576882544774,0.046055576882544774,0.046055576882544774,0.0,0.000245200391455981,-8.594734144563073e-05,0.0,nan,0.0,reference,nan,nan,nan,nan,nan,gradient_boosting,gradient_boosting,0.12600250835966556,nan,nan,nan,nan,nan,nan,nan,0.0,0.26716666666666666,nan,0.0,0,315,nan,0.1965065502183406,0.0,0.0,0.0,0.021056872280809425,0.021056872280809425,0.0,nan,nan,1.5203786881334265,1.5203786881334265
m01-j0126,manifest.tsv,dml2_real_real_digits_misaligned_cui_selective_ml_n6000_s2_chunk05.reps.csv,real_digits_misaligned,box,6000,0.05,2.0,estimated_residual_lowp_supported,cui_selective_ml,estimated,xgboost,xgboost,if_residual,1.0,0.0|0.25|0.5|1.0,aipw_variance,-1.0,1.0,obsval,4.0,0.1,30,0.1,crossfit_rank_empty_standdown,1.0,4,50,3,3964.71686697565,-0.04034129562308089,-0.04034129562308089,-0.04034129562308089,0.0,0.0006109163186010999,-0.0005291551219077538,0.0,nan,0.0,reference,nan,nan,nan,nan,nan,gradient_boosting,lasso,4393858.119081274,nan,nan,nan,nan,nan,nan,nan,0.0,0.2678333333333333,nan,0.0,0,344,nan,0.21406347230864967,0.0,0.0,0.0,-0.00884367946573782,-0.00884367946573782,0.0,nan,nan,1.2740527128717407,1.2740527128717407
m01-j0126,manifest.tsv,dml2_real_real_digits_misaligned_cui_selective_ml_n6000_s2_chunk05.reps.csv,real_digits_misaligned,box,6000,0.05,2.0,estimated_residual_lowp_supported,cui_selective_ml,estimated,xgboost,xgboost,if_residual,1.0,0.0|0.25|0.5|1.0,aipw_variance,-1.0,1.0,obsval,4.0,0.1,30,0.1,crossfit_rank_empty_standdown,1.0,4,50,4,5247.913461403921,-0.037252939647085204,-0.037252939647085204,-0.037252939647085204,0.0,0.00016875767751550535,-0.0002912597841436607,0.0,nan,0.0,reference,nan,nan,nan,nan,nan,gradient_boosting,lasso,212.91143393297116,nan,nan,nan,nan,nan,nan,nan,0.0,0.26566666666666666,nan,0.0,0,320,nan,0.20075282308657466,0.0,0.0,0.0,-0.01250157845162745,-0.01250157845162745,0.0,nan,nan,1.4585057519383045,1.4585057519383045
m01-j0127,manifest.tsv,dml2_real_real_digits_misaligned_cui_selective_ml_n6000_s2_chunk06.reps.csv,real_digits_misaligned,box,6000,0.05,2.0,estimated_residual_lowp_supported,cui_selective_ml,estimated,xgboost,xgboost,if_residual,1.0,0.0|0.25|0.5|1.0,aipw_variance,-1.0,1.0,obsval,4.0,0.1,30,0.1,crossfit_rank_empty_standdown,1.0,4,50,1,1339.4821986248717,-0.0371145326315932,-0.040970192343209894,-0.0371145326315932,-0.0038556597116166935,0.000512775597046957,-0.00021961986907125149,0.0,nan,0.25,if_residual,nan,nan,nan,nan,nan,gradient_boosting,lasso,6638452.23448312,nan,nan,nan,nan,nan,nan,nan,0.0,0.2675,nan,0.0,0,329,nan,0.20498442367601247,0.0,0.0,0.0,0.0005582654299449382,-0.0038927670227944977,-0.0033345015928495595,nan,nan,1.5415811651320444,1.5127167439703788
m01-j0127,manifest.tsv,dml2_real_real_digits_misaligned_cui_selective_ml_n6000_s2_chunk06.reps.csv,real_digits_misaligned,box,6000,0.05,2.0,estimated_residual_lowp_supported,cui_selective_ml,estimated,xgboost,xgboost,if_residual,1.0,0.0|0.25|0.5|1.0,aipw_variance,-1.0,1.0,obsval,4.0,0.1,30,0.1,crossfit_rank_empty_standdown,1.0,4,50,2,2655.259737928398,-0.025513577472806304,-0.026551221524117125,-0.025513577472806304,-0.001037644051310821,0.0001481108785679325,-5.760174596951555e-05,0.0,nan,0.25,if_residual,nan,nan,nan,nan,nan,gradient_boosting,lasso,0.0013049283593902612,nan,nan,nan,nan,nan,nan,nan,0.05,0.2788333333333333,0.9633333333333334,0.17274357441721458,34,356,0.11333333333333333,0.2127913927077107,0.01715660385641705,0.015500063874252507,0.0016565399821645444,0.00346283922852205,0.0005300028074548595,0.0029328364210671905,1.647709649720385,1.5741034203835411,1.3378184181084882,1.3030968657719668
m01-j0127,manifest.tsv,dml2_real_real_digits_misaligned_cui_selective_ml_n6000_s2_chunk06.reps.csv,real_digits_misaligned,box,6000,0.05,2.0,estimated_residual_lowp_supported,cui_selective_ml,estimated,xgboost,xgboost,if_residual,1.0,0.0|0.25|0.5|1.0,aipw_variance,-1.0,1.0,obsval,4.0,0.1,30,0.1,crossfit_rank_empty_standdown,1.0,4,50,3,3953.29705181811,0.03298350612365725,0.03298350612365725,0.03298350612365725,0.0,0.0003283326711902685,-0.00033824108694462877,0.0,nan,0.0,reference,nan,nan,nan,nan,nan,logistic_l1,gradient_boosting,0.0026704057005073304,nan,nan,nan,nan,nan,nan,nan,0.1,0.27266666666666667,0.9366666666666666,0.343520782396088,75,318,0.125,0.19437652811735942,-2.1602107013956995,-2.1602107013956995,0.0,-2.1823660144944355,-2.1823660144944355,0.0,1.9082880275661258,1.9082880275661258,1.5123836135949307,1.5123836135949307
m01-j0127,manifest.tsv,dml2_real_real_digits_misaligned_cui_selective_ml_n6000_s2_chunk06.reps.csv,real_digits_misaligned,box,6000,0.05,2.0,estimated_residual_lowp_supported,cui_selective_ml,estimated,xgboost,xgboost,if_residual,1.0,0.0|0.25|0.5|1.0,aipw_variance,-1.0,1.0,obsval,4.0,0.1,30,0.1,crossfit_rank_empty_standdown,1.0,4,50,4,5231.914704313502,0.0291904602936697,0.0357684470923689,0.0291904602936697,0.006577986798699198,0.0002771113914158776,-0.00023567982762835444,0.0,nan,0.25,if_residual,nan,nan,nan,nan,nan,logistic_l1,lasso,0.0006034363173903596,nan,nan,nan,nan,nan,nan,nan,0.025,0.2753333333333333,0.9466666666666667,0.08595641646489104,30,364,0.2,0.22033898305084745,-66.90233191296745,-65.72986439042842,1.172467522539037,-278.04042310182285,-274.65456871853485,3.385854383288006,2.5974733742154377,2.3943306862000777,1.513950920381467,1.4423564265529243
m01-j0128,manifest.tsv,dml2_real_real_digits_misaligned_cui_selective_ml_n6000_s2_chunk07.reps.csv,real_digits_misaligned,box,6000,0.05,2.0,estimated_residual_lowp_supported,cui_selective_ml,estimated,xgboost,xgboost,if_residual,1.0,0.0|0.25|0.5|1.0,aipw_variance,-1.0,1.0,obsval,4.0,0.1,30,0.1,crossfit_rank_empty_standdown,1.0,4,50,1,1359.8146914467216,0.004163061768889115,0.004163061768889115,0.004163061768889115,0.0,0.0008320493880463733,-0.0008576696312007606,0.0,nan,0.0,reference,nan,nan,nan,nan,nan,logistic_l1,gradient_boosting,0.0006190576193155086,nan,nan,nan,nan,nan,nan,nan,0.05,0.27266666666666667,0.93,0.17053789731051344,37,347,0.12333333333333334,0.21210268948655256,-99.69456171279627,-99.69456171279627,0.0,-416.0033399237317,-416.0033399237317,0.0,2.0596610540727167,2.0596610540727167,1.5198189202538919,1.5198189202538919
m01-j0128,manifest.tsv,dml2_real_real_digits_misaligned_cui_selective_ml_n6000_s2_chunk07.reps.csv,real_digits_misaligned,box,6000,0.05,2.0,estimated_residual_lowp_supported,cui_selective_ml,estimated,xgboost,xgboost,if_residual,1.0,0.0|0.25|0.5|1.0,aipw_variance,-1.0,1.0,obsval,4.0,0.1,30,0.1,crossfit_rank_empty_standdown,1.0,4,50,2,2705.024510415271,0.038388056856699326,0.038388056856699326,0.038388056856699326,0.0,0.00034723026840872756,-5.07243766887603e-05,0.0,nan,0.0,reference,nan,nan,nan,nan,nan,gradient_boosting,gradient_boosting,1017.837084636808,nan,nan,nan,nan,nan,nan,nan,0.075,0.268,0.9222222222222223,0.25808457711442784,65,315,0.14444444444444443,0.1958955223880597,0.01782188468522772,0.01782188468522772,0.0,0.018751244422942265,0.018751244422942265,0.0,2.1859048517427655,2.1859048517427655,1.6349812744614542,1.6349812744614542
m01-j0128,manifest.tsv,dml2_real_real_digits_misaligned_cui_selective_ml_n6000_s2_chunk07.reps.csv,real_digits_misaligned,box,6000,0.05,2.0,estimated_residual_lowp_supported,cui_selective_ml,estimated,xgboost,xgboost,if_residual,1.0,0.0|0.25|0.5|1.0,aipw_variance,-1.0,1.0,obsval,4.0,0.1,30,0.1,crossfit_rank_empty_standdown,1.0,4,50,3,4006.876832757145,-0.02037899200456786,-0.02037899200456786,-0.02037899200456786,0.0,0.00040130961172480696,-0.00030511075707638437,0.0,nan,0.0,reference,nan,nan,nan,nan,nan,gradient_boosting,gradient_boosting,10999108.124929246,nan,nan,nan,nan,nan,nan,nan,0.0,0.26816666666666666,nan,0.0,0,300,nan,0.18645121193287756,0.0,0.0,0.0,0.0007615673594689204,0.0007615673594689204,0.0,nan,nan,1.4303660881229487,1.4303660881229487
m01-j0128,manifest.tsv,dml2_real_real_digits_misaligned_cui_selective_ml_n6000_s2_chunk07.reps.csv,real_digits_misaligned,box,6000,0.05,2.0,estimated_residual_lowp_supported,cui_selective_ml,estimated,xgboost,xgboost,if_residual,1.0,0.0|0.25|0.5|1.0,aipw_variance,-1.0,1.0,obsval,4.0,0.1,30,0.1,crossfit_rank_empty_standdown,1.0,4,50,4,5287.335171838291,0.03250144821781456,0.03250144821781456,0.03250144821781456,0.0,0.00034517272336451925,-0.00013125419749966606,0.0,nan,0.0,reference,nan,nan,nan,nan,nan,random_forest,gradient_boosting,1.6476314813405608,nan,nan,nan,nan,nan,nan,nan,0.0,0.2728333333333333,nan,0.0,0,335,nan,0.20464263897373244,0.0,0.0,0.0,0.016997181550437914,0.016997181550437914,0.0,nan,nan,1.5037186654290606,1.5037186654290606
m01-j0129,manifest.tsv,dml2_real_real_digits_misaligned_cui_selective_ml_n6000_s2_chunk08.reps.csv,real_digits_misaligned,box,6000,0.05,2.0,estimated_residual_lowp_supported,cui_selective_ml,estimated,xgboost,xgboost,if_residual,1.0,0.0|0.25|0.5|1.0,aipw_variance,-1.0,1.0,obsval,4.0,0.1,30,0.1,crossfit_rank_empty_standdown,1.0,4,50,1,1319.7220115493983,0.008468646424381499,0.008468646424381499,0.008468646424381499,0.0,0.00018018257305458174,-0.00016808947357500458,0.0,nan,0.0,reference,nan,nan,nan,nan,nan,gradient_boosting,lasso,0.11531869159914672,nan,nan,nan,nan,nan,nan,nan,0.0,0.2748333333333333,nan,0.0,0,348,nan,0.2110369921164342,0.0,0.0,0.0,0.0004927692033440868,0.0004927692033440868,0.0,nan,nan,1.3758363554179847,1.3758363554179847
m01-j0129,manifest.tsv,dml2_real_real_digits_misaligned_cui_selective_ml_n6000_s2_chunk08.reps.csv,real_digits_misaligned,box,6000,0.05,2.0,estimated_residual_lowp_supported,cui_selective_ml,estimated,xgboost,xgboost,if_residual,1.0,0.0|0.25|0.5|1.0,aipw_variance,-1.0,1.0,obsval,4.0,0.1,30,0.1,crossfit_rank_empty_standdown,1.0,4,50,2,2587.0277798585594,0.01550324307890108,0.01325563634295679,0.01550324307890108,-0.002247606735944291,0.0005993191457024662,-0.0003652576058846902,0.0,nan,0.25,if_residual,nan,nan,nan,nan,nan,gradient_boosting,lasso,114.49664602418699,nan,nan,nan,nan,nan,nan,nan,0.1,0.2688333333333333,0.9166666666666666,0.34097954122752633,81,312,0.135,0.19342839429634223,0.010418948178992717,0.009503057255598567,0.0009158909233941501,0.006992643887071327,0.005163902296483494,0.001828741590587833,1.640482247497471,1.6059248138885507,1.2587163504727503,1.2333417080425584
m01-j0129,manifest.tsv,dml2_real_real_digits_misaligned_cui_selective_ml_n6000_s2_chunk08.reps.csv,real_digits_misaligned,box,6000,0.05,2.0,estimated_residual_lowp_supported,cui_selective_ml,estimated,xgboost,xgboost,if_residual,1.0,0.0|0.25|0.5|1.0,aipw_variance,-1.0,1.0,obsval,4.0,0.1,30,0.1,crossfit_rank_empty_standdown,1.0,4,50,3,3849.2927149450406,-0.008713173429394011,-0.008713173429394011,-0.008713173429394011,0.0,0.0001559084291932033,-0.00019326603600850422,0.0,nan,0.0,reference,nan,nan,nan,nan,nan,gradient_boosting,lasso,1.6118481648805834,nan,nan,nan,nan,nan,nan,nan,0.075,0.27666666666666667,0.9355555555555556,0.2536144578313253,55,336,0.12222222222222222,0.20240963855421687,0.007810186314727663,0.007810186314727663,0.0,-0.006971529675024589,-0.006971529675024589,0.0,1.5517477404858482,1.5517477404858482,1.3337962704121706,1.3337962704121706
m01-j0129,manifest.tsv,dml2_real_real_digits_misaligned_cui_selective_ml_n6000_s2_chunk08.reps.csv,real_digits_misaligned,box,6000,0.05,2.0,estimated_residual_lowp_supported,cui_selective_ml,estimated,xgboost,xgboost,if_residual,1.0,0.0|0.25|0.5|1.0,aipw_variance,-1.0,1.0,obsval,4.0,0.1,30,0.1,crossfit_rank_empty_standdown,1.0,4,50,4,5120.294849479571,-0.018773292911480888,-0.027928711905758907,-0.018773292911480888,-0.00915541899427802,0.0011429593300880713,-0.0013004438785718278,0.0,nan,1.0,if_residual,nan,nan,nan,nan,nan,gradient_boosting,random_forest,0.025313178716318996,nan,nan,nan,nan,nan,nan,nan,0.05,0.281,0.9133333333333333,0.16251482799525505,44,333,0.14666666666666667,0.19750889679715303,-0.002296043697070541,-0.004167838304541495,-0.0018717946074709546,0.010468639847574462,-0.002857956675702306,0.007610683171872155,2.4041218776331594,2.1211444642548356,1.4617675191345185,1.3713963287738973
m01-j0130,manifest.tsv,dml2_real_real_digits_misaligned_cui_selective_ml_n6000_s2_chunk09.reps.csv,real_digits_misaligned,box,6000,0.05,2.0,estimated_residual_lowp_supported,cui_selective_ml,estimated,xgboost,xgboost,if_residual,1.0,0.0|0.25|0.5|1.0,aipw_variance,-1.0,1.0,obsval,4.0,0.1,30,0.1,crossfit_rank_empty_standdown,1.0,4,50,1,1286.9982209522277,-0.023439283278516077,-0.023439283278516077,-0.023439283278516077,0.0,0.00043361404944195197,-0.0003499866846186769,0.0,nan,0.0,reference,nan,nan,nan,nan,nan,gradient_boosting,lasso,1.5560112073471042,nan,nan,nan,nan,nan,nan,nan,0.075,0.27416666666666667,0.9177777777777778,0.251063829787234,66,334,0.14666666666666667,0.20303951367781156,0.016990219543250484,0.016990219543250484,0.0,0.0044491550238602955,0.0044491550238602955,0.0,1.3857300451554189,1.3857300451554189,1.535252040053007,1.535252040053007
m01-j0130,manifest.tsv,dml2_real_real_digits_misaligned_cui_selective_ml_n6000_s2_chunk09.reps.csv,real_digits_misaligned,box,6000,0.05,2.0,estimated_residual_lowp_supported,cui_selective_ml,estimated,xgboost,xgboost,if_residual,1.0,0.0|0.25|0.5|1.0,aipw_variance,-1.0,1.0,obsval,4.0,0.1,30,0.1,crossfit_rank_empty_standdown,1.0,4,50,2,2597.1532044950873,-0.04246662135023735,-0.047205651819512195,-0.04246662135023735,-0.004739030469274846,0.0008206240686683391,-0.0009709460333866523,0.0,nan,0.25,if_residual,nan,nan,nan,nan,nan,gradient_boosting,lasso,14.343026030256942,nan,nan,nan,nan,nan,nan,nan,0.0,0.27216666666666667,nan,0.0,0,300,nan,0.1837109614206981,0.0,0.0,0.0,-0.006005954110651441,-0.007601621640420234,-0.0015956675297687925,nan,nan,1.4518900356896383,1.441444006575713
m01-j0130,manifest.tsv,dml2_real_real_digits_misaligned_cui_selective_ml_n6000_s2_chunk09.reps.csv,real_digits_misaligned,box,6000,0.05,2.0,estimated_residual_lowp_supported,cui_selective_ml,estimated,xgboost,xgboost,if_residual,1.0,0.0|0.25|0.5|1.0,aipw_variance,-1.0,1.0,obsval,4.0,0.1,30,0.1,crossfit_rank_empty_standdown,1.0,4,50,3,3850.008223942481,0.015574168478379308,0.015574168478379308,0.015574168478379308,0.0,0.0002807022188903714,-0.00026669176138875966,0.0,nan,0.0,reference,nan,nan,nan,nan,nan,gradient_boosting,lasso,11750790.498232376,nan,nan,nan,nan,nan,nan,nan,0.0,0.2801666666666667,nan,0.0,0,325,nan,0.1933372992266508,0.0,0.0,0.0,0.02047790832246007,0.02047790832246007,0.0,nan,nan,1.458038135325228,1.458038135325228
m01-j0130,manifest.tsv,dml2_real_real_digits_misaligned_cui_selective_ml_n6000_s2_chunk09.reps.csv,real_digits_misaligned,box,6000,0.05,2.0,estimated_residual_lowp_supported,cui_selective_ml,estimated,xgboost,xgboost,if_residual,1.0,0.0|0.25|0.5|1.0,aipw_variance,-1.0,1.0,obsval,4.0,0.1,30,0.1,crossfit_rank_empty_standdown,1.0,4,50,4,5123.695004200563,-0.00559649387051514,-0.00559649387051514,-0.00559649387051514,0.0,0.0004006289296458465,-0.00022743558659334552,0.0,nan,0.0,reference,nan,nan,nan,nan,nan,gradient_boosting,gradient_boosting,0.0007205355379472012,nan,nan,nan,nan,nan,nan,nan,0.0,0.2688333333333333,nan,0.0,0,335,nan,0.20768753874767515,0.0,0.0,0.0,0.008535135600011613,0.008535135600011613,0.0,nan,nan,1.536149087115242,1.536149087115242
m01-j0131,manifest.tsv,dml2_real_real_digits_misaligned_cui_selective_ml_n6000_s2_chunk10.reps.csv,real_digits_misaligned,box,6000,0.05,2.0,estimated_residual_lowp_supported,cui_selective_ml,estimated,xgboost,xgboost,if_residual,1.0,0.0|0.25|0.5|1.0,aipw_variance,-1.0,1.0,obsval,4.0,0.1,30,0.1,crossfit_rank_empty_standdown,1.0,4,50,1,1312.1553958803415,-0.041975973904219394,-0.041975973904219394,-0.041975973904219394,0.0,0.00053595522323082,-0.0007495340116164841,0.0,nan,0.0,reference,nan,nan,nan,nan,nan,logistic_l1,lasso,0.004415270353307311,nan,nan,nan,nan,nan,nan,nan,0.0,0.26866666666666666,nan,0.0,0,301,nan,0.18672456575682383,0.0,0.0,0.0,-187.36155990651534,-187.36155990651534,0.0,nan,nan,1.482262682251796,1.482262682251796
m01-j0131,manifest.tsv,dml2_real_real_digits_misaligned_cui_selective_ml_n6000_s2_chunk10.reps.csv,real_digits_misaligned,box,6000,0.05,2.0,estimated_residual_lowp_supported,cui_selective_ml,estimated,xgboost,xgboost,if_residual,1.0,0.0|0.25|0.5|1.0,aipw_variance,-1.0,1.0,obsval,4.0,0.1,30,0.1,crossfit_rank_empty_standdown,1.0,4,50,2,2645.323371499777,-0.012932815967606454,-0.012932815967606454,-0.012932815967606454,0.0,0.0006068566779138186,-0.0006893743818203429,0.0,nan,0.0,reference,nan,nan,nan,nan,nan,gradient_boosting,gradient_boosting,4.48974012597157,nan,nan,nan,nan,nan,nan,nan,0.0,0.2648333333333333,nan,0.0,0,299,nan,0.1881686595342983,0.0,0.0,0.0,0.010286173638023923,0.010286173638023923,0.0,nan,nan,1.537629370188254,1.537629370188254
m01-j0131,manifest.tsv,dml2_real_real_digits_misaligned_cui_selective_ml_n6000_s2_chunk10.reps.csv,real_digits_misaligned,box,6000,0.05,2.0,estimated_residual_lowp_supported,cui_selective_ml,estimated,xgboost,xgboost,if_residual,1.0,0.0|0.25|0.5|1.0,aipw_variance,-1.0,1.0,obsval,4.0,0.1,30,0.1,crossfit_rank_empty_standdown,1.0,4,50,3,3956.7681943634525,0.05440696587738145,0.05440696587738145,0.05440696587738145,0.0,0.0012400311774753026,-0.0016317927755702664,0.0,nan,0.0,reference,nan,nan,nan,nan,nan,random_forest,gradient_boosting,0.0023588761751218517,nan,nan,nan,nan,nan,nan,nan,0.075,0.26666666666666666,0.9222222222222223,0.259375,65,329,0.14444444444444443,0.205625,0.034430097446707296,0.034430097446707296,0.0,0.031606915023583475,0.031606915023583475,0.0,1.9884771901544633,1.9884771901544633,1.4817467051808162,1.4817467051808162
m01-j0131,manifest.tsv,dml2_real_real_digits_misaligned_cui_selective_ml_n6000_s2_chunk10.reps.csv,real_digits_misaligned,box,6000,0.05,2.0,estimated_residual_lowp_supported,cui_selective_ml,estimated,xgboost,xgboost,if_residual,1.0,0.0|0.25|0.5|1.0,aipw_variance,-1.0,1.0,obsval,4.0,0.1,30,0.1,crossfit_rank_empty_standdown,1.0,4,50,4,5267.155722227879,-0.004363679428234873,-0.005110291681514584,-0.004363679428234873,-0.0007466122532797104,0.00017533530397931697,-0.00011564849189441267,0.0,nan,0.5,if_residual,nan,nan,nan,nan,nan,gradient_boosting,gradient_boosting,2469492.9110436635,nan,nan,nan,nan,nan,nan,nan,0.0,0.2748333333333333,nan,0.0,0,342,nan,0.20739842328684052,0.0,0.0,0.0,0.008301013025517116,0.001558179607196757,0.0067428334183203585,nan,nan,1.4365914584629844,1.3180800321556614
m01-j0132,manifest.tsv,dml2_real_real_digits_misaligned_cui_selective_ml_n6000_s2_chunk11.reps.csv,real_digits_misaligned,box,6000,0.05,2.0,estimated_residual_lowp_supported,cui_selective_ml,estimated,xgboost,xgboost,if_residual,1.0,0.0|0.25|0.5|1.0,aipw_variance,-1.0,1.0,obsval,4.0,0.1,30,0.1,crossfit_rank_empty_standdown,1.0,4,50,1,1281.854176448658,-0.00901637913091663,-0.011623069825817206,-0.00901637913091663,-0.0026066906949005764,0.0005286167433722548,-0.00048052023764921716,0.0,nan,0.5,if_residual,nan,nan,nan,nan,nan,gradient_boosting,lasso,30.08947275744213,nan,nan,nan,nan,nan,nan,nan,0.1,0.2831666666666667,0.935,0.3301942319011183,88,354,0.14666666666666667,0.20835785756327252,0.017983414530872783,0.010379237602152378,0.007604176928720405,0.013839435673895936,0.0032883881155726467,0.01055104755832329,1.6241265152504658,1.516007668295118,1.257468300952927,1.187215633646453
m01-j0132,manifest.tsv,dml2_real_real_digits_misaligned_cui_selective_ml_n6000_s2_chunk11.reps.csv,real_digits_misaligned,box,6000,0.05,2.0,estimated_residual_lowp_supported,cui_selective_ml,estimated,xgboost,xgboost,if_residual,1.0,0.0|0.25|0.5|1.0,aipw_variance,-1.0,1.0,obsval,4.0,0.1,30,0.1,crossfit_rank_empty_standdown,1.0,4,50,2,2563.848884577863,0.007941925869789257,0.007941925869789257,0.007941925869789257,0.0,0.000227300016342168,-0.00023690392391716088,0.0,nan,0.0,reference,nan,nan,nan,nan,nan,gradient_boosting,lasso,1.9931102677459236,nan,nan,nan,nan,nan,nan,nan,0.075,0.2825,0.9333333333333333,0.24778761061946902,47,354,0.10444444444444445,0.2088495575221239,0.014530055627073754,0.014530055627073754,0.0,-0.00030856304867220145,-0.00030856304867220145,0.0,1.6085542241308053,1.6085542241308053,1.3085362230258037,1.3085362230258037
m01-j0132,manifest.tsv,dml2_real_real_digits_misaligned_cui_selective_ml_n6000_s2_chunk11.reps.csv,real_digits_misaligned,box,6000,0.05,2.0,estimated_residual_lowp_supported,cui_selective_ml,estimated,xgboost,xgboost,if_residual,1.0,0.0|0.25|0.5|1.0,aipw_variance,-1.0,1.0,obsval,4.0,0.1,30,0.1,crossfit_rank_empty_standdown,1.0,4,50,3,3843.522637662478,0.03623035028065638,0.03623035028065638,0.03623035028065638,0.0,0.0006918812905992401,-0.0013805341127321657,0.0,nan,0.0,reference,nan,nan,nan,nan,nan,gradient_boosting,random_forest,81.56885479465349,nan,nan,nan,nan,nan,nan,nan,0.05,0.2755,0.9166666666666666,0.16636418632788869,37,296,0.12333333333333334,0.17906836055656383,-0.0030809897615329635,-0.0030809897615329635,0.0,0.01573163232016895,0.01573163232016895,0.0,1.8941483165407187,1.8941483165407187,1.544131227636473,1.544131227636473
m01-j0132,manifest.tsv,dml2_real_real_digits_misaligned_cui_selective_ml_n6000_s2_chunk11.reps.csv,real_digits_misaligned,box,6000,0.05,2.0,estimated_residual_lowp_supported,cui_selective_ml,estimated,xgboost,xgboost,if_residual,1.0,0.0|0.25|0.5|1.0,aipw_variance,-1.0,1.0,obsval,4.0,0.1,30,0.1,crossfit_rank_empty_standdown,1.0,4,50,4,5129.484719464555,0.040787225628886065,0.040787225628886065,0.040787225628886065,0.0,0.0002159936026189949,-0.00013400764915637016,0.0,nan,0.0,reference,nan,nan,nan,nan,nan,gradient_boosting,gradient_boosting,1096.6342401206314,nan,nan,nan,nan,nan,nan,nan,0.075,0.2675,0.9,0.2523364485981308,77,319,0.1711111111111111,0.1987538940809969,0.0033539328481474243,0.0033539328481474243,0.0,0.021625046206895548,0.021625046206895548,0.0,1.3249651651847687,1.3249651651847687,1.5629393463202117,1.5629393463202117
m01-j0133,manifest.tsv,dml2_real_real_digits_misaligned_cui_selective_ml_n6000_s2_chunk12.reps.csv,real_digits_misaligned,box,6000,0.05,2.0,estimated_residual_lowp_supported,cui_selective_ml,estimated,xgboost,xgboost,if_residual,1.0,0.0|0.25|0.5|1.0,aipw_variance,-1.0,1.0,obsval,4.0,0.1,30,0.1,crossfit_rank_empty_standdown,1.0,4,50,1,1306.123669276014,0.0031113343107208036,-0.0014562886565921418,0.0031113343107208036,-0.004567622967312945,0.00041004965725588514,-0.00038619234388838635,0.0,nan,0.5,if_residual,nan,nan,nan,nan,nan,gradient_boosting,gradient_boosting,26.609141823570994,nan,nan,nan,nan,nan,nan,nan,0.0,0.26316666666666666,nan,0.0,0,329,nan,0.2083597213426219,0.0,0.0,0.0,0.01592940266152404,0.01029539388141883,0.005634008780105209,nan,nan,1.5017034067618806,1.435285768526791
m01-j0133,manifest.tsv,dml2_real_real_digits_misaligned_cui_selective_ml_n6000_s2_chunk12.reps.csv,real_digits_misaligned,box,6000,0.05,2.0,estimated_residual_lowp_supported,cui_selective_ml,estimated,xgboost,xgboost,if_residual,1.0,0.0|0.25|0.5|1.0,aipw_variance,-1.0,1.0,obsval,4.0,0.1,30,0.1,crossfit_rank_empty_standdown,1.0,4,50,2,2641.456928051077,-0.0023058414048874043,-0.0023058414048874043,-0.0023058414048874043,0.0,0.0013672713495978977,-0.0018398310995450665,0.0,nan,0.0,reference,nan,nan,nan,nan,nan,gradient_boosting,lasso,0.00921131735999166,nan,nan,nan,nan,nan,nan,nan,0.1,0.2693333333333333,0.92,0.3415841584158416,86,331,0.14333333333333334,0.20482673267326731,0.009772730506022157,0.009772730506022157,0.0,0.001131952756700145,0.001131952756700145,0.0,2.160350789952596,2.160350789952596,1.6096443885109164,1.6096443885109164
m01-j0133,manifest.tsv,dml2_real_real_digits_misaligned_cui_selective_ml_n6000_s2_chunk12.reps.csv,real_digits_misaligned,box,6000,0.05,2.0,estimated_residual_lowp_supported,cui_selective_ml,estimated,xgboost,xgboost,if_residual,1.0,0.0|0.25|0.5|1.0,aipw_variance,-1.0,1.0,obsval,4.0,0.1,30,0.1,crossfit_rank_empty_standdown,1.0,4,50,3,3886.426346851513,-0.016478551452146495,-0.009477211892568643,-0.016478551452146495,0.007001339559577852,0.000336634918987598,-0.00043457633800490325,0.0,nan,0.5,if_residual,nan,nan,nan,nan,nan,gradient_boosting,lasso,0.002865717345547514,nan,nan,nan,nan,nan,nan,nan,0.0,0.275,nan,0.0,0,318,nan,0.19272727272727272,0.0,0.0,0.0,-0.0005481023951549535,0.0010339908618160415,-0.000485888466661088,nan,nan,1.5729229158829057,1.6090261979777585
m01-j0133,manifest.tsv,dml2_real_real_digits_misaligned_cui_selective_ml_n6000_s2_chunk12.reps.csv,real_digits_misaligned,box,6000,0.05,2.0,estimated_residual_lowp_supported,cui_selective_ml,estimated,xgboost,xgboost,if_residual,1.0,0.0|0.25|0.5|1.0,aipw_variance,-1.0,1.0,obsval,4.0,0.1,30,0.1,crossfit_rank_empty_standdown,1.0,4,50,4,5210.501980646513,0.027206268438659253,0.023174627382445134,0.027206268438659253,-0.004031641056214119,0.0002751072989928211,-0.00024974403064360906,0.0,nan,0.25,if_residual,nan,nan,nan,nan,nan,gradient_boosting,gradient_boosting,0.005536370223874968,nan,nan,nan,nan,nan,nan,nan,0.05,0.27366666666666667,0.94,0.17174177831912302,44,368,0.14666666666666667,0.2241169305724726,0.023012221920293938,0.021248254704421633,0.0017639672158723044,0.013147343278892934,0.00960548764593136,0.0035418556329615738,2.3236861255457053,2.2354158599447747,1.5219896387886007,1.4840202198618069
m01-j0134,manifest.tsv,dml2_real_real_digits_misaligned_cui_selective_ml_n6000_s2_chunk13.reps.csv,real_digits_misaligned,box,6000,0.05,2.0,estimated_residual_lowp_supported,cui_selective_ml,estimated,xgboost,xgboost,if_residual,1.0,0.0|0.25|0.5|1.0,aipw_variance,-1.0,1.0,obsval,4.0,0.1,30,0.1,crossfit_rank_empty_standdown,1.0,4,50,1,1306.6976002417505,0.03004261693999577,0.014601543853843851,0.03004261693999577,-0.015441073086151919,0.0003752039280050081,-0.0003528261827210493,0.0,nan,0.5,if_residual,nan,nan,nan,nan,nan,random_forest,lasso,0.0004623733876195277,nan,nan,nan,nan,nan,nan,nan,0.1,0.2698333333333333,0.9183333333333333,0.3403335392217418,84,322,0.14,0.19888820259419396,0.020689902163190884,0.012205060658777888,0.008484841504412996,0.020708321294194216,0.007972743025020714,0.012735578269173502,1.9763400787064518,1.9121807848559187,1.6557427944763248,1.617797619095103
m01-j0134,manifest.tsv,dml2_real_real_digits_misaligned_cui_selective_ml_n6000_s2_chunk13.reps.csv,real_digits_misaligned,box,6000,0.05,2.0,estimated_residual_lowp_supported,cui_selective_ml,estimated,xgboost,xgboost,if_residual,1.0,0.0|0.25|0.5|1.0,aipw_variance,-1.0,1.0,obsval,4.0,0.1,30,0.1,crossfit_rank_empty_standdown,1.0,4,50,2,2617.8261478347704,0.05892402781798489,0.05892402781798489,0.05892402781798489,0.0,0.00021877616338432078,-0.00013712214537658592,0.0,nan,0.0,reference,nan,nan,nan,nan,nan,gradient_boosting,gradient_boosting,0.013372306259219532,nan,nan,nan,nan,nan,nan,nan,0.0,0.26916666666666667,nan,0.0,0,350,nan,0.21671826625386997,0.0,0.0,0.0,0.02096672312605775,0.02096672312605775,0.0,nan,nan,1.700597749636967,1.700597749636967
m01-j0134,manifest.tsv,dml2_real_real_digits_misaligned_cui_selective_ml_n6000_s2_chunk13.reps.csv,real_digits_misaligned,box,6000,0.05,2.0,estimated_residual_lowp_supported,cui_selective_ml,estimated,xgboost,xgboost,if_residual,1.0,0.0|0.25|0.5|1.0,aipw_variance,-1.0,1.0,obsval,4.0,0.1,30,0.1,crossfit_rank_empty_standdown,1.0,4,50,3,3890.036793219857,0.01721924563910912,0.01721924563910912,0.01721924563910912,0.0,0.00030735305315554746,-0.0003690850643873313,0.0,nan,0.0,reference,nan,nan,nan,nan,nan,gradient_boosting,gradient_boosting,0.12825067431347967,nan,nan,nan,nan,nan,nan,nan,0.0,0.2715,nan,0.0,0,316,nan,0.1939840392879067,0.0,0.0,0.0,0.015929104105471617,0.015929104105471617,0.0,nan,nan,1.4847516192588845,1.4847516192588845
m01-j0134,manifest.tsv,dml2_real_real_digits_misaligned_cui_selective_ml_n6000_s2_chunk13.reps.csv,real_digits_misaligned,box,6000,0.05,2.0,estimated_residual_lowp_supported,cui_selective_ml,estimated,xgboost,xgboost,if_residual,1.0,0.0|0.25|0.5|1.0,aipw_variance,-1.0,1.0,obsval,4.0,0.1,30,0.1,crossfit_rank_empty_standdown,1.0,4,50,4,5178.224427516572,0.009336576946856134,0.009336576946856134,0.009336576946856134,0.0,0.002041588543583486,-0.001977943567069567,0.0,nan,0.0,reference,nan,nan,nan,nan,nan,gradient_boosting,gradient_boosting,0.0013032257439762188,nan,nan,nan,nan,nan,nan,nan,0.075,0.271,0.88,0.24354243542435425,94,327,0.2088888888888889,0.2011070110701107,0.005761147272760271,0.005761147272760271,0.0,0.01827321224612779,0.01827321224612779,0.0,1.598046809336058,1.598046809336058,1.3676963316704633,1.3676963316704633
m01-j0135,manifest.tsv,dml2_real_real_digits_misaligned_cui_selective_ml_n6000_s2_chunk14.reps.csv,real_digits_misaligned,box,6000,0.05,2.0,estimated_residual_lowp_supported,cui_selective_ml,estimated,xgboost,xgboost,if_residual,1.0,0.0|0.25|0.5|1.0,aipw_variance,-1.0,1.0,obsval,4.0,0.1,30,0.1,crossfit_rank_empty_standdown,1.0,4,50,1,1301.694980815053,0.04267065416658067,0.039187210450917886,0.04267065416658067,-0.0034834437156627818,0.00018682642086054364,-0.00016560410447791977,0.0,nan,0.25,if_residual,nan,nan,nan,nan,nan,random_forest,gradient_boosting,4.513435934202907,nan,nan,nan,nan,nan,nan,nan,0.0,0.2668333333333333,nan,0.0,0,338,nan,0.21111805121798877,0.0,0.0,0.0,0.015096123613709015,0.012554064403583365,0.0025420592101256505,nan,nan,1.4669510346623262,1.4548762922883554
m01-j0135,manifest.tsv,dml2_real_real_digits_misaligned_cui_selective_ml_n6000_s2_chunk14.reps.csv,real_digits_misaligned,box,6000,0.05,2.0,estimated_residual_lowp_supported,cui_selective_ml,estimated,xgboost,xgboost,if_residual,1.0,0.0|0.25|0.5|1.0,aipw_variance,-1.0,1.0,obsval,4.0,0.1,30,0.1,crossfit_rank_empty_standdown,1.0,4,50,2,2577.649309544824,-0.04111241623067008,-0.04111241623067008,-0.04111241623067008,0.0,0.0005273124657636363,-0.0006279207449367379,0.0,nan,0.0,reference,nan,nan,nan,nan,nan,gradient_boosting,lasso,174703.86200221797,nan,nan,nan,nan,nan,nan,nan,0.05,0.2728333333333333,0.9566666666666667,0.17532070861331706,36,340,0.12,0.20769700671960903,0.013294589378477122,0.013294589378477122,0.0,-0.002605061401206234,-0.002605061401206234,0.0,2.0087655142122873,2.0087655142122873,1.439024014216369,1.439024014216369
m01-j0135,manifest.tsv,dml2_real_real_digits_misaligned_cui_selective_ml_n6000_s2_chunk14.reps.csv,real_digits_misaligned,box,6000,0.05,2.0,estimated_residual_lowp_supported,cui_selective_ml,estimated,xgboost,xgboost,if_residual,1.0,0.0|0.25|0.5|1.0,aipw_variance,-1.0,1.0,obsval,4.0,0.1,30,0.1,crossfit_rank_empty_standdown,1.0,4,50,3,3855.6140439165756,-0.034681506822698716,-0.03408446522012612,-0.034681506822698716,0.0005970416025725955,0.00019618577323523147,-0.00023872437377404053,0.0,nan,0.5,if_residual,nan,nan,nan,nan,nan,gradient_boosting,lasso,0.03788173203987771,nan,nan,nan,nan,nan,nan,nan,0.05,0.26816666666666666,0.9633333333333334,0.17961466749533872,42,346,0.14,0.21504039776258546,0.016058675986848143,0.010325060921134615,0.005733615065713528,0.0011422047685302674,-0.007855729067322775,-0.0067135242987925075,1.6823759734288246,1.577921569312015,1.368337877262084,1.3519370926656233
m01-j0135,manifest.tsv,dml2_real_real_digits_misaligned_cui_selective_ml_n6000_s2_chunk14.reps.csv,real_digits_misaligned,box,6000,0.05,2.0,estimated_residual_lowp_supported,cui_selective_ml,estimated,xgboost,xgboost,if_residual,1.0,0.0|0.25|0.5|1.0,aipw_variance,-1.0,1.0,obsval,4.0,0.1,30,0.1,crossfit_rank_empty_standdown,1.0,4,50,4,5131.469888693653,-0.00770410855671097,-0.00770410855671097,-0.00770410855671097,0.0,0.00019241111718066055,-0.00015862721159015864,0.0,nan,0.0,reference,nan,nan,nan,nan,nan,gradient_boosting,gradient_boosting,0.0034852205086407444,nan,nan,nan,nan,nan,nan,nan,0.0,0.2728333333333333,nan,0.0,0,308,nan,0.18814905314599878,0.0,0.0,0.0,0.012101352510545999,0.012101352510545999,0.0,nan,nan,1.4908237231283838,1.4908237231283838
m01-j0136,manifest.tsv,dml2_real_real_digits_misaligned_cui_selective_ml_n6000_s2_chunk15.reps.csv,real_digits_misaligned,box,6000,0.05,2.0,estimated_residual_lowp_supported,cui_selective_ml,estimated,xgboost,xgboost,if_residual,1.0,0.0|0.25|0.5|1.0,aipw_variance,-1.0,1.0,obsval,4.0,0.1,30,0.1,crossfit_rank_empty_standdown,1.0,4,50,1,1296.4298885911703,0.07699709009541875,0.07699709009541875,0.07699709009541875,0.0,0.00048295376400475133,-0.0005099857393347682,0.0,nan,0.0,reference,nan,nan,nan,nan,nan,logistic_l1,gradient_boosting,0.00039675417733673495,nan,nan,nan,nan,nan,nan,nan,0.075,0.273,0.9266666666666666,0.25457875457875456,60,329,0.13333333333333333,0.20085470085470086,-226.62433927351088,-226.62433927351088,0.0,-416.14746975800597,-416.14746975800597,0.0,1.828293688747989,1.828293688747989,1.435652656072395,1.435652656072395
m01-j0136,manifest.tsv,dml2_real_real_digits_misaligned_cui_selective_ml_n6000_s2_chunk15.reps.csv,real_digits_misaligned,box,6000,0.05,2.0,estimated_residual_lowp_supported,cui_selective_ml,estimated,xgboost,xgboost,if_residual,1.0,0.0|0.25|0.5|1.0,aipw_variance,-1.0,1.0,obsval,4.0,0.1,30,0.1,crossfit_rank_empty_standdown,1.0,4,50,2,2577.0713968817145,0.06834596005786056,0.06834596005786056,0.06834596005786056,0.0,0.00020782358716225327,-0.00019248409191641852,0.0,nan,0.0,reference,nan,nan,nan,nan,nan,random_forest,random_forest,20.519526994332626,nan,nan,nan,nan,nan,nan,nan,0.0,0.2715,nan,0.0,0,326,nan,0.20012277470841006,0.0,0.0,0.0,0.02437479616276323,0.02437479616276323,0.0,nan,nan,1.4888631642178354,1.4888631642178354
m01-j0136,manifest.tsv,dml2_real_real_digits_misaligned_cui_selective_ml_n6000_s2_chunk15.reps.csv,real_digits_misaligned,box,6000,0.05,2.0,estimated_residual_lowp_supported,cui_selective_ml,estimated,xgboost,xgboost,if_residual,1.0,0.0|0.25|0.5|1.0,aipw_variance,-1.0,1.0,obsval,4.0,0.1,30,0.1,crossfit_rank_empty_standdown,1.0,4,50,3,3859.567118925974,0.006846233330618123,0.006846233330618123,0.006846233330618123,0.0,0.0001582568698647493,-0.0001654895757000123,0.0,nan,0.0,reference,nan,nan,nan,nan,nan,gradient_boosting,gradient_boosting,0.05500774394775936,nan,nan,nan,nan,nan,nan,nan,0.075,0.278,0.9288888888888889,0.25059952038369304,71,329,0.15777777777777777,0.19724220623501199,0.012662259460731662,0.012662259460731662,0.0,0.006421497953243424,0.006421497953243424,0.0,1.8435406102221543,1.8435406102221543,1.4537905387663974,1.4537905387663974
m01-j0136,manifest.tsv,dml2_real_real_digits_misaligned_cui_selective_ml_n6000_s2_chunk15.reps.csv,real_digits_misaligned,box,6000,0.05,2.0,estimated_residual_lowp_supported,cui_selective_ml,estimated,xgboost,xgboost,if_residual,1.0,0.0|0.25|0.5|1.0,aipw_variance,-1.0,1.0,obsval,4.0,0.1,30,0.1,crossfit_rank_empty_standdown,1.0,4,50,4,5132.21111139562,0.02599149404731646,0.008812363173473142,0.02599149404731646,-0.017179130873843318,0.0003050464366627817,-0.00018675241062711065,0.0,nan,0.5,if_residual,nan,nan,nan,nan,nan,gradient_boosting,lasso,0.07168997033734308,nan,nan,nan,nan,nan,nan,nan,0.0,0.2758333333333333,nan,0.0,0,347,nan,0.20966767371601208,0.0,0.0,0.0,-0.00505589739299612,-0.008306739308710863,-0.0032508419157147427,nan,nan,1.2191906697940071,1.1504872767234724
m01-j0137,manifest.tsv,dml2_real_real_digits_misaligned_cui_selective_ml_n6000_s2_chunk16.reps.csv,real_digits_misaligned,box,6000,0.05,2.0,estimated_residual_lowp_supported,cui_selective_ml,estimated,xgboost,xgboost,if_residual,1.0,0.0|0.25|0.5|1.0,aipw_variance,-1.0,1.0,obsval,4.0,0.1,30,0.1,crossfit_rank_empty_standdown,1.0,4,50,1,1289.6975714331493,0.027252592330306774,0.027252592330306774,0.027252592330306774,0.0,0.0003048013624910918,-0.00025532351394240785,0.0,nan,0.0,reference,nan,nan,nan,nan,nan,logistic_l1,gradient_boosting,0.0006785313423237848,nan,nan,nan,nan,nan,nan,nan,0.05,0.2743333333333333,0.9733333333333334,0.17739975698663427,30,295,0.1,0.17922235722964763,-50.276425022532834,-50.276425022532834,0.0,-464.0533165209391,-464.0533165209391,0.0,1.7980006672795903,1.7980006672795903,1.4727426764950662,1.4727426764950662
m01-j0137,manifest.tsv,dml2_real_real_digits_misaligned_cui_selective_ml_n6000_s2_chunk16.reps.csv,real_digits_misaligned,box,6000,0.05,2.0,estimated_residual_lowp_supported,cui_selective_ml,estimated,xgboost,xgboost,if_residual,1.0,0.0|0.25|0.5|1.0,aipw_variance,-1.0,1.0,obsval,4.0,0.1,30,0.1,crossfit_rank_empty_standdown,1.0,4,50,2,2589.8617422720417,-0.02740209227568638,-0.02740209227568638,-0.02740209227568638,0.0,0.00013522952098799922,-5.695966578749131e-05,0.0,nan,0.0,reference,nan,nan,nan,nan,nan,logistic_l1,gradient_boosting,0.003688804970744934,nan,nan,nan,nan,nan,nan,nan,0.075,0.26066666666666666,0.9377777777777778,0.26982097186700765,43,314,0.09555555555555556,0.20076726342711,-567.710376624931,-567.710376624931,0.0,-641.6041203382695,-641.6041203382695,0.0,2.3139556566607404,2.3139556566607404,1.579127443269611,1.579127443269611
m01-j0137,manifest.tsv,dml2_real_real_digits_misaligned_cui_selective_ml_n6000_s2_chunk16.reps.csv,real_digits_misaligned,box,6000,0.05,2.0,estimated_residual_lowp_supported,cui_selective_ml,estimated,xgboost,xgboost,if_residual,1.0,0.0|0.25|0.5|1.0,aipw_variance,-1.0,1.0,obsval,4.0,0.1,30,0.1,crossfit_rank_empty_standdown,1.0,4,50,3,3857.025961735286,-0.02892782800859539,-0.02892782800859539,-0.02892782800859539,0.0,9.769384688237178e-05,-0.00016781178488067903,0.0,nan,0.0,reference,nan,nan,nan,nan,nan,gradient_boosting,lasso,0.03970393190204344,nan,nan,nan,nan,nan,nan,nan,0.1,0.276,0.9233333333333333,0.33454106280193235,83,312,0.13833333333333334,0.18840579710144928,0.011534118505750177,0.011534118505750177,0.0,-0.00343262953530049,-0.00343262953530049,0.0,1.449706021566334,1.449706021566334,1.301519118865101,1.301519118865101
m01-j0137,manifest.tsv,dml2_real_real_digits_misaligned_cui_selective_ml_n6000_s2_chunk16.reps.csv,real_digits_misaligned,box,6000,0.05,2.0,estimated_residual_lowp_supported,cui_selective_ml,estimated,xgboost,xgboost,if_residual,1.0,0.0|0.25|0.5|1.0,aipw_variance,-1.0,1.0,obsval,4.0,0.1,30,0.1,crossfit_rank_empty_standdown,1.0,4,50,4,5124.12979880441,-0.04329823066105168,-0.04745349480133143,-0.04329823066105168,-0.004155264140279752,0.0003207581712448306,-0.0003085922850994629,0.0,nan,0.5,if_residual,nan,nan,nan,nan,nan,gradient_boosting,lasso,0.014955388118063863,nan,nan,nan,nan,nan,nan,nan,0.1,0.271,0.9333333333333333,0.34440344403444034,72,317,0.12,0.1949569495694957,0.005412046397115427,3.713012567822016e-05,0.0053749162714372065,-0.011802254280791407,-0.02024966072707991,-0.008447406446288502,1.663095696189882,1.6060573939010232,1.2906709493465616,1.278642227416714
m01-j0138,manifest.tsv,dml2_real_real_digits_misaligned_cui_selective_ml_n6000_s2_chunk17.reps.csv,real_digits_misaligned,box,6000,0.05,2.0,estimated_residual_lowp_supported,cui_selective_ml,estimated,xgboost,xgboost,if_residual,1.0,0.0|0.25|0.5|1.0,aipw_variance,-1.0,1.0,obsval,4.0,0.1,30,0.1,crossfit_rank_empty_standdown,1.0,4,50,1,1297.4096402125433,0.000992181633905076,-0.0029409618618550792,0.000992181633905076,-0.003933143495760155,0.0003835443488511784,-0.0008406471130923661,0.0,nan,0.5,if_residual,nan,nan,nan,nan,nan,gradient_boosting,lasso,0.12878438312507762,nan,nan,nan,nan,nan,nan,nan,0.0,0.2758333333333333,nan,0.0,0,307,nan,0.18549848942598188,0.0,0.0,0.0,0.012085235836106977,0.003580879930574709,0.008504355905532269,nan,nan,1.4661332044690667,1.386469880612737
m01-j0138,manifest.tsv,dml2_real_real_digits_misaligned_cui_selective_ml_n6000_s2_chunk17.reps.csv,real_digits_misaligned,box,6000,0.05,2.0,estimated_residual_lowp_supported,cui_selective_ml,estimated,xgboost,xgboost,if_residual,1.0,0.0|0.25|0.5|1.0,aipw_variance,-1.0,1.0,obsval,4.0,0.1,30,0.1,crossfit_rank_empty_standdown,1.0,4,50,2,2602.3502252520993,0.0006064208883089228,0.0006064208883089228,0.0006064208883089228,0.0,0.000981075623458995,-0.001265466364990865,0.0,nan,0.0,reference,nan,nan,nan,nan,nan,gradient_boosting,gradient_boosting,0.048889611138167775,nan,nan,nan,nan,nan,nan,nan,0.075,0.26616666666666666,0.94,0.2648716343143394,48,317,0.10666666666666667,0.19849718221665624,0.018721443052746558,0.018721443052746558,0.0,0.016616581786679588,0.016616581786679588,0.0,1.8155561416807848,1.8155561416807848,1.4946092066743086,1.4946092066743086
m01-j0138,manifest.tsv,dml2_real_real_digits_misaligned_cui_selective_ml_n6000_s2_chunk17.reps.csv,real_digits_misaligned,box,6000,0.05,2.0,estimated_residual_lowp_supported,cui_selective_ml,estimated,xgboost,xgboost,if_residual,1.0,0.0|0.25|0.5|1.0,aipw_variance,-1.0,1.0,obsval,4.0,0.1,30,0.1,crossfit_rank_empty_standdown,1.0,4,50,3,3858.4503700938076,-0.08588200725868114,-0.09149209919122234,-0.08588200725868114,-0.005610091932541195,0.0005128146187300389,-0.00028486414562439114,0.0,nan,0.25,if_residual,nan,nan,nan,nan,nan,gradient_boosting,lasso,2.520144779717627,nan,nan,nan,nan,nan,nan,nan,0.0,0.26816666666666666,nan,0.0,0,330,nan,0.20509633312616532,0.0,0.0,0.0,-0.003992011301784088,-0.010879523798545314,-0.006887512496761225,nan,nan,1.4616248685701632,1.437729364613585
m01-j0138,manifest.tsv,dml2_real_real_digits_misaligned_cui_selective_ml_n6000_s2_chunk17.reps.csv,real_digits_misaligned,box,6000,0.05,2.0,estimated_residual_lowp_supported,cui_selective_ml,estimated,xgboost,xgboost,if_residual,1.0,0.0|0.25|0.5|1.0,aipw_variance,-1.0,1.0,obsval,4.0,0.1,30,0.1,crossfit_rank_empty_standdown,1.0,4,50,4,5108.048611294478,-0.03995705946997388,-0.04686144206516038,-0.03995705946997388,-0.006904382595186498,0.0004433705269999504,-0.0004627387810105636,0.0,nan,0.5,if_residual,nan,nan,nan,nan,nan,gradient_boosting,lasso,0.006161871606439138,nan,nan,nan,nan,nan,nan,nan,0.05,0.2758333333333333,0.9566666666666667,0.17341389728096676,31,353,0.10333333333333333,0.21329305135951662,0.015232322867759869,0.010047343483296918,0.00518497938446295,-0.002435682603470835,-0.010789260644871936,-0.0083535780414011,1.6473658266420677,1.5242942666824326,1.3491447237731053,1.2983371268680515
m01-j0139,manifest.tsv,dml2_real_real_digits_misaligned_cui_selective_ml_n6000_s2_chunk18.reps.csv,real_digits_misaligned,box,6000,0.05,2.0,estimated_residual_lowp_supported,cui_selective_ml,estimated,xgboost,xgboost,if_residual,1.0,0.0|0.25|0.5|1.0,aipw_variance,-1.0,1.0,obsval,4.0,0.1,30,0.1,crossfit_rank_empty_standdown,1.0,4,50,1,1291.5053305476904,0.026140250396095494,0.026140250396095494,0.026140250396095494,0.0,0.0004671062477911731,-0.0002739402710063097,0.0,nan,0.0,reference,nan,nan,nan,nan,nan,gradient_boosting,gradient_boosting,0.0030484003705007934,nan,nan,nan,nan,nan,nan,nan,0.1,0.2708333333333333,0.915,0.33784615384615385,71,308,0.11833333333333333,0.18953846153846154,0.012099994319562215,0.012099994319562215,0.0,0.012773504505962905,0.012773504505962905,0.0,1.6953741274645224,1.6953741274645224,1.4251727278185615,1.4251727278185615
m01-j0139,manifest.tsv,dml2_real_real_digits_misaligned_cui_selective_ml_n6000_s2_chunk18.reps.csv,real_digits_misaligned,box,6000,0.05,2.0,estimated_residual_lowp_supported,cui_selective_ml,estimated,xgboost,xgboost,if_residual,1.0,0.0|0.25|0.5|1.0,aipw_variance,-1.0,1.0,obsval,4.0,0.1,30,0.1,crossfit_rank_empty_standdown,1.0,4,50,2,2559.4463102035224,0.018031172563119563,0.014564145111269966,0.018031172563119563,-0.003467027451849597,0.00038086092853743033,-0.000300914702552424,0.0,nan,0.25,if_residual,nan,nan,nan,nan,nan,random_forest,lasso,0.0011651799464036168,nan,nan,nan,nan,nan,nan,nan,0.1,0.27516666666666667,0.915,0.33252574197456086,94,338,0.15666666666666668,0.2047244094488189,0.012012303955557508,0.009625868611663993,0.0023864353438935153,0.017407333769056413,0.014356674097949435,0.003050659671106978,1.7112439653018903,1.6453386853700827,1.4541048247949953,1.4157692499991237
m01-j0139,manifest.tsv,dml2_real_real_digits_misaligned_cui_selective_ml_n6000_s2_chunk18.reps.csv,real_digits_misaligned,box,6000,0.05,2.0,estimated_residual_lowp_supported,cui_selective_ml,estimated,xgboost,xgboost,if_residual,1.0,0.0|0.25|0.5|1.0,aipw_variance,-1.0,1.0,obsval,4.0,0.1,30,0.1,crossfit_rank_empty_standdown,1.0,4,50,3,3861.2369650695473,0.11054106597819185,0.11054106597819185,0.11054106597819185,0.0,0.00014445013945750865,-0.00010792888767870688,0.0,nan,0.0,reference,nan,nan,nan,nan,nan,gradient_boosting,random_forest,0.0005997471108105558,nan,nan,nan,nan,nan,nan,nan,0.1,0.2725,0.925,0.3394495412844037,78,308,0.13,0.18837920489296636,0.022297213502679415,0.022297213502679415,0.0,0.028809088049857372,0.028809088049857372,0.0,1.5472159638104375,1.5472159638104375,1.374275870848101,1.374275870848101
m01-j0139,manifest.tsv,dml2_real_real_digits_misaligned_cui_selective_ml_n6000_s2_chunk18.reps.csv,real_digits_misaligned,box,6000,0.05,2.0,estimated_residual_lowp_supported,cui_selective_ml,estimated,xgboost,xgboost,if_residual,1.0,0.0|0.25|0.5|1.0,aipw_variance,-1.0,1.0,obsval,4.0,0.1,30,0.1,crossfit_rank_empty_standdown,1.0,4,50,4,5162.130131779239,0.03747976658280314,0.03882491340009844,0.03747976658280314,0.0013451468172953063,0.00013002528332002475,-0.00012611472173830517,0.0,nan,0.5,if_residual,nan,nan,nan,nan,nan,logistic_l1,gradient_boosting,0.0006718525105032936,nan,nan,nan,nan,nan,nan,nan,0.05,0.2653333333333333,0.8766666666666667,0.16520100502512564,49,317,0.16333333333333333,0.19912060301507536,-106.518776573326,-105.92124228940747,0.5975342839185203,-298.40032773240205,-311.3804057680939,-12.98007803569186,2.0736649348776277,2.0726483206580237,1.4878442523945439,1.4786561067191364
m01-j0140,manifest.tsv,dml2_real_real_digits_misaligned_cui_selective_ml_n6000_s2_chunk19.reps.csv,real_digits_misaligned,box,6000,0.05,2.0,estimated_residual_lowp_supported,cui_selective_ml,estimated,xgboost,xgboost,if_residual,1.0,0.0|0.25|0.5|1.0,aipw_variance,-1.0,1.0,obsval,4.0,0.1,30,0.1,crossfit_rank_empty_standdown,1.0,4,50,1,1301.2867649327964,-0.08654750698299599,-0.08654750698299599,-0.08654750698299599,0.0,0.0005544835296476401,-0.0005159720708646294,0.0,nan,0.0,reference,nan,nan,nan,nan,nan,logistic_l1,lasso,0.037736972155194656,nan,nan,nan,nan,nan,nan,nan,0.0,0.277,nan,0.0,0,344,nan,0.2069795427196149,0.0,0.0,0.0,-339.9332438191538,-339.9332438191538,0.0,nan,nan,1.2732306242274922,1.2732306242274922
m01-j0140,manifest.tsv,dml2_real_real_digits_misaligned_cui_selective_ml_n6000_s2_chunk19.reps.csv,real_digits_misaligned,box,6000,0.05,2.0,estimated_residual_lowp_supported,cui_selective_ml,estimated,xgboost,xgboost,if_residual,1.0,0.0|0.25|0.5|1.0,aipw_variance,-1.0,1.0,obsval,4.0,0.1,30,0.1,crossfit_rank_empty_standdown,1.0,4,50,2,2577.467904644087,0.06197140620725761,0.06197140620725761,0.06197140620725761,0.0,0.000359439368393047,-0.00016920905102161513,0.0,nan,0.0,reference,nan,nan,nan,nan,nan,logistic_l1,gradient_boosting,0.0009773886407310045,nan,nan,nan,nan,nan,nan,nan,0.075,0.27616666666666667,0.9,0.2444176222088111,66,323,0.14666666666666667,0.19493059746529873,-0.1168241330957133,-0.1168241330957133,0.0,-0.4757444830395391,-0.4757444830395391,0.0,1.7781460469122663,1.7781460469122663,1.4881227257028042,1.4881227257028042
m01-j0140,manifest.tsv,dml2_real_real_digits_misaligned_cui_selective_ml_n6000_s2_chunk19.reps.csv,real_digits_misaligned,box,6000,0.05,2.0,estimated_residual_lowp_supported,cui_selective_ml,estimated,xgboost,xgboost,if_residual,1.0,0.0|0.25|0.5|1.0,aipw_variance,-1.0,1.0,obsval,4.0,0.1,30,0.1,crossfit_rank_empty_standdown,1.0,4,50,3,3832.289314107038,0.027586846968230022,0.027586846968230022,0.027586846968230022,0.0,8.190337767974916e-05,-4.3203677025037716e-05,0.0,nan,0.0,reference,nan,nan,nan,nan,nan,gradient_boosting,lasso,0.0030190805976290894,nan,nan,nan,nan,nan,nan,nan,0.0,0.2775,nan,0.0,0,354,nan,0.2126126126126126,0.0,0.0,0.0,0.019206601857747634,0.019206601857747634,0.0,nan,nan,1.3685947704409214,1.3685947704409214
m01-j0140,manifest.tsv,dml2_real_real_digits_misaligned_cui_selective_ml_n6000_s2_chunk19.reps.csv,real_digits_misaligned,box,6000,0.05,2.0,estimated_residual_lowp_supported,cui_selective_ml,estimated,xgboost,xgboost,if_residual,1.0,0.0|0.25|0.5|1.0,aipw_variance,-1.0,1.0,obsval,4.0,0.1,30,0.1,crossfit_rank_empty_standdown,1.0,4,50,4,5114.318333473057,0.061164535373109424,0.061164535373109424,0.061164535373109424,0.0,0.0001938617469294402,-0.00021072760083826626,0.0,nan,0.0,reference,nan,nan,nan,nan,nan,gradient_boosting,gradient_boosting,10.14812849284635,nan,nan,nan,nan,nan,nan,nan,0.075,0.2705,0.94,0.26062846580406657,62,324,0.13777777777777778,0.19963031423290203,0.019116506006482244,0.019116506006482244,0.0,0.020804890952927143,0.020804890952927143,0.0,1.6045161076888301,1.6045161076888301,1.453921300416408,1.453921300416408
m01-j0141,manifest.tsv,dml2_real_real_digits_misaligned_cui_selective_ml_n6000_s2_chunk20.reps.csv,real_digits_misaligned,box,6000,0.05,2.0,estimated_residual_lowp_supported,cui_selective_ml,estimated,xgboost,xgboost,if_residual,1.0,0.0|0.25|0.5|1.0,aipw_variance,-1.0,1.0,obsval,4.0,0.1,30,0.1,crossfit_rank_empty_standdown,1.0,4,50,1,1288.5469958111644,0.04511367239198458,0.04511367239198458,0.04511367239198458,0.0,0.00029405694312403677,-0.0003359086286450169,0.0,nan,0.0,reference,nan,nan,nan,nan,nan,logistic_l1,lasso,0.0015241391410593082,nan,nan,nan,nan,nan,nan,nan,0.0,0.27266666666666667,nan,0.0,0,311,nan,0.19009779951100245,0.0,0.0,0.0,-315.1667534532011,-315.1667534532011,0.0,nan,nan,1.5486134493757528,1.5486134493757528
m01-j0141,manifest.tsv,dml2_real_real_digits_misaligned_cui_selective_ml_n6000_s2_chunk20.reps.csv,real_digits_misaligned,box,6000,0.05,2.0,estimated_residual_lowp_supported,cui_selective_ml,estimated,xgboost,xgboost,if_residual,1.0,0.0|0.25|0.5|1.0,aipw_variance,-1.0,1.0,obsval,4.0,0.1,30,0.1,crossfit_rank_empty_standdown,1.0,4,50,2,2603.163477025926,0.03783877570764041,0.03783877570764041,0.03783877570764041,0.0,0.0001306992884457397,-0.00013944181354247505,0.0,nan,0.0,reference,nan,nan,nan,nan,nan,gradient_boosting,gradient_boosting,0.0010849091198961512,nan,nan,nan,nan,nan,nan,nan,0.05,0.27066666666666667,0.9566666666666667,0.17672413793103448,30,316,0.1,0.19458128078817735,0.018557407361406226,0.018557407361406226,0.0,0.021813518511253942,0.021813518511253942,0.0,1.9108791153065612,1.9108791153065612,1.4980660635266037,1.4980660635266037
m01-j0141,manifest.tsv,dml2_real_real_digits_misaligned_cui_selective_ml_n6000_s2_chunk20.reps.csv,real_digits_misaligned,box,6000,0.05,2.0,estimated_residual_lowp_supported,cui_selective_ml,estimated,xgboost,xgboost,if_residual,1.0,0.0|0.25|0.5|1.0,aipw_variance,-1.0,1.0,obsval,4.0,0.1,30,0.1,crossfit_rank_empty_standdown,1.0,4,50,3,3880.496319975704,-0.004026590796167295,-0.012821964759476862,-0.004026590796167295,-0.008795373963309566,0.0004045466096514244,-0.0003971938793870906,0.0,nan,0.25,if_residual,nan,nan,nan,nan,nan,gradient_boosting,lasso,0.005371369898721044,nan,nan,nan,nan,nan,nan,nan,0.05,0.27066666666666667,0.9466666666666667,0.1748768472906404,37,333,0.12333333333333334,0.20504926108374386,0.023678719514129663,0.021557202978004068,0.0021215165361255957,0.019387448695340134,0.014822679058851498,0.004564769636488636,2.0471616374270236,1.9754642347436275,1.434857662547878,1.3886950382628596
m01-j0141,manifest.tsv,dml2_real_real_digits_misaligned_cui_selective_ml_n6000_s2_chunk20.reps.csv,real_digits_misaligned,box,6000,0.05,2.0,estimated_residual_lowp_supported,cui_selective_ml,estimated,xgboost,xgboost,if_residual,1.0,0.0|0.25|0.5|1.0,aipw_variance,-1.0,1.0,obsval,4.0,0.1,30,0.1,crossfit_rank_empty_standdown,1.0,4,50,4,5145.114633572288,-0.039269411136333365,-0.039269411136333365,-0.039269411136333365,0.0,0.00027214137690487303,-0.00020320130958038712,0.0,nan,0.0,reference,nan,nan,nan,nan,nan,random_forest,gradient_boosting,0.005249084138063573,nan,nan,nan,nan,nan,nan,nan,0.075,0.286,0.9377777777777778,0.24592074592074592,54,346,0.12,0.20163170163170163,0.012917774992619532,0.012917774992619532,0.0,-0.004344574270399414,-0.004344574270399414,0.0,1.6627537477258032,1.6627537477258032,1.3780556083591156,1.3780556083591156
m01-j0142,manifest.tsv,dml2_real_real_digits_misaligned_cui_selective_ml_n6000_s2_chunk21.reps.csv,real_digits_misaligned,box,6000,0.05,2.0,estimated_residual_lowp_supported,cui_selective_ml,estimated,xgboost,xgboost,if_residual,1.0,0.0|0.25|0.5|1.0,aipw_variance,-1.0,1.0,obsval,4.0,0.1,30,0.1,crossfit_rank_empty_standdown,1.0,4,50,1,1345.5380589989945,0.025675168651729807,0.025675168651729807,0.025675168651729807,0.0,0.0001879094155268436,-0.00027548548346925693,0.0,nan,0.0,reference,nan,nan,nan,nan,nan,gradient_boosting,lasso,0.0008997508068767718,nan,nan,nan,nan,nan,nan,nan,0.1,0.272,0.915,0.33639705882352944,85,325,0.14166666666666666,0.19914215686274508,0.0181201161277349,0.0181201161277349,0.0,0.024376065807716594,0.024376065807716594,0.0,2.0139675720622896,2.0139675720622896,1.513956554032105,1.513956554032105
m01-j0142,manifest.tsv,dml2_real_real_digits_misaligned_cui_selective_ml_n6000_s2_chunk21.reps.csv,real_digits_misaligned,box,6000,0.05,2.0,estimated_residual_lowp_supported,cui_selective_ml,estimated,xgboost,xgboost,if_residual,1.0,0.0|0.25|0.5|1.0,aipw_variance,-1.0,1.0,obsval,4.0,0.1,30,0.1,crossfit_rank_empty_standdown,1.0,4,50,2,2642.042466362007,0.0562107513855887,0.05452080771253745,0.0562107513855887,-0.001689943673051253,0.00022372103306924035,-0.00010973789545478264,0.0,nan,0.5,if_residual,nan,nan,nan,nan,nan,gradient_boosting,lasso,0.0011845043442037023,nan,nan,nan,nan,nan,nan,nan,0.0,0.2728333333333333,nan,0.0,0,328,nan,0.2003665241295052,0.0,0.0,0.0,0.03061496901957533,0.023869766657911594,0.006745202361663736,nan,nan,1.425198259010454,1.3612736752107408
m01-j0142,manifest.tsv,dml2_real_real_digits_misaligned_cui_selective_ml_n6000_s2_chunk21.reps.csv,real_digits_misaligned,box,6000,0.05,2.0,estimated_residual_lowp_supported,cui_selective_ml,estimated,xgboost,xgboost,if_residual,1.0,0.0|0.25|0.5|1.0,aipw_variance,-1.0,1.0,obsval,4.0,0.1,30,0.1,crossfit_rank_empty_standdown,1.0,4,50,3,3962.806115500629,0.06837753579501507,0.06837753579501507,0.06837753579501507,0.0,0.0008590525277902743,-0.0005448139439056819,0.0,nan,0.0,reference,nan,nan,nan,nan,nan,gradient_boosting,lasso,0.004930403883512786,nan,nan,nan,nan,nan,nan,nan,0.05,0.273,0.9,0.16483516483516483,50,335,0.16666666666666666,0.2045177045177045,0.009732851360327054,0.009732851360327054,0.0,0.019990070889166784,0.019990070889166784,0.0,2.2076002835534596,2.2076002835534596,1.5017314390137069,1.5017314390137069
m01-j0142,manifest.tsv,dml2_real_real_digits_misaligned_cui_selective_ml_n6000_s2_chunk21.reps.csv,real_digits_misaligned,box,6000,0.05,2.0,estimated_residual_lowp_supported,cui_selective_ml,estimated,xgboost,xgboost,if_residual,1.0,0.0|0.25|0.5|1.0,aipw_variance,-1.0,1.0,obsval,4.0,0.1,30,0.1,crossfit_rank_empty_standdown,1.0,4,50,4,5234.572888633236,0.03812863511273093,0.03812863511273093,0.03812863511273093,0.0,0.0002774423047973314,-0.00010044416735547842,0.0,nan,0.0,reference,nan,nan,nan,nan,nan,gradient_boosting,gradient_boosting,6392814.760649602,nan,nan,nan,nan,nan,nan,nan,0.075,0.275,0.9533333333333334,0.26,47,306,0.10444444444444445,0.18545454545454546,0.014547142656934166,0.014547142656934166,0.0,0.017171008579205962,0.017171008579205962,0.0,1.9318885779241473,1.9318885779241473,1.4235582290699627,1.4235582290699627
m01-j0143,manifest.tsv,dml2_real_real_digits_misaligned_cui_selective_ml_n6000_s2_chunk22.reps.csv,real_digits_misaligned,box,6000,0.05,2.0,estimated_residual_lowp_supported,cui_selective_ml,estimated,xgboost,xgboost,if_residual,1.0,0.0|0.25|0.5|1.0,aipw_variance,-1.0,1.0,obsval,4.0,0.1,30,0.1,crossfit_rank_empty_standdown,1.0,4,50,1,1295.8394032474607,0.023888184891606518,0.018208586271881322,0.023888184891606518,-0.005679598619725196,0.00022889281526633802,-9.195585315665742e-05,0.0,nan,0.25,if_residual,nan,nan,nan,nan,nan,gradient_boosting,lasso,4.1457496513936265,nan,nan,nan,nan,nan,nan,nan,0.0,0.27366666666666667,nan,0.0,0,365,nan,0.2222898903775883,0.0,0.0,0.0,0.021472997448592334,0.01559296979526512,0.005880027653327215,nan,nan,1.4560733139005138,1.3952963828649945
m01-j0143,manifest.tsv,dml2_real_real_digits_misaligned_cui_selective_ml_n6000_s2_chunk22.reps.csv,real_digits_misaligned,box,6000,0.05,2.0,estimated_residual_lowp_supported,cui_selective_ml,estimated,xgboost,xgboost,if_residual,1.0,0.0|0.25|0.5|1.0,aipw_variance,-1.0,1.0,obsval,4.0,0.1,30,0.1,crossfit_rank_empty_standdown,1.0,4,50,2,2589.488685532473,-0.0003769517387264276,-0.01579106101412614,-0.0003769517387264276,-0.015414109275399712,0.00042341710151861376,-0.00025018048015396706,0.0,nan,0.5,if_residual,nan,nan,nan,nan,nan,gradient_boosting,lasso,25.44702455007973,nan,nan,nan,nan,nan,nan,nan,0.075,0.27066666666666667,0.9022222222222223,0.25,73,325,0.1622222222222222,0.2001231527093596,0.01090907875756202,0.009309983069922746,0.0015990956876392737,0.004677012347198681,-0.002225614193769128,0.002451398153429553,1.499945339011507,1.4249306956719145,1.3713014190459198,1.3636242974858654
m01-j0143,manifest.tsv,dml2_real_real_digits_misaligned_cui_selective_ml_n6000_s2_chunk22.reps.csv,real_digits_misaligned,box,6000,0.05,2.0,estimated_residual_lowp_supported,cui_selective_ml,estimated,xgboost,xgboost,if_residual,1.0,0.0|0.25|0.5|1.0,aipw_variance,-1.0,1.0,obsval,4.0,0.1,30,0.1,crossfit_rank_empty_standdown,1.0,4,50,3,3848.2602861318737,-0.039301024596232526,-0.039301024596232526,-0.039301024596232526,0.0,0.00022856450064611105,-0.0004367606474197246,0.0,nan,0.0,reference,nan,nan,nan,nan,nan,gradient_boosting,gradient_boosting,0.05275388874383931,nan,nan,nan,nan,nan,nan,nan,0.1,0.27666666666666667,0.95,0.3433734939759036,69,330,0.115,0.19879518072289157,-0.0006674662414383747,-0.0006674662414383747,0.0,0.002378337497707626,0.002378337497707626,0.0,1.7235079918135303,1.7235079918135303,1.3981879284838679,1.3981879284838679
m01-j0143,manifest.tsv,dml2_real_real_digits_misaligned_cui_selective_ml_n6000_s2_chunk22.reps.csv,real_digits_misaligned,box,6000,0.05,2.0,estimated_residual_lowp_supported,cui_selective_ml,estimated,xgboost,xgboost,if_residual,1.0,0.0|0.25|0.5|1.0,aipw_variance,-1.0,1.0,obsval,4.0,0.1,30,0.1,crossfit_rank_empty_standdown,1.0,4,50,4,5124.650961478241,-0.020473027268755967,-0.020473027268755967,-0.020473027268755967,0.0,0.0005887498603242228,-0.0005383945055236128,0.0,nan,0.0,reference,nan,nan,nan,nan,nan,logistic_l1,gradient_boosting,0.007329106777609109,nan,nan,nan,nan,nan,nan,nan,0.075,0.2615,0.9022222222222223,0.2587635436583811,69,300,0.15333333333333332,0.19120458891013384,-80.43346736839482,-80.43346736839482,0.0,-80.67516224018078,-80.67516224018078,0.0,2.0444132143719935,2.0444132143719935,1.5485266823196544,1.5485266823196544
m01-j0144,manifest.tsv,dml2_real_real_digits_misaligned_cui_selective_ml_n6000_s2_chunk23.reps.csv,real_digits_misaligned,box,6000,0.05,2.0,estimated_residual_lowp_supported,cui_selective_ml,estimated,xgboost,xgboost,if_residual,1.0,0.0|0.25|0.5|1.0,aipw_variance,-1.0,1.0,obsval,4.0,0.1,30,0.1,crossfit_rank_empty_standdown,1.0,4,50,1,1304.9077644264325,0.010091047503942602,0.010091047503942602,0.010091047503942602,0.0,0.00025962332975709257,-6.292335929654336e-05,0.0,nan,0.0,reference,nan,nan,nan,nan,nan,logistic_l1,random_forest,0.0014442237622125887,nan,nan,nan,nan,nan,nan,nan,0.0,0.2753333333333333,nan,0.0,0,345,nan,0.20883777239709442,0.0,0.0,0.0,-0.7632987361611313,-0.7632987361611313,0.0,nan,nan,1.2838655205592484,1.2838655205592484
m01-j0144,manifest.tsv,dml2_real_real_digits_misaligned_cui_selective_ml_n6000_s2_chunk23.reps.csv,real_digits_misaligned,box,6000,0.05,2.0,estimated_residual_lowp_supported,cui_selective_ml,estimated,xgboost,xgboost,if_residual,1.0,0.0|0.25|0.5|1.0,aipw_variance,-1.0,1.0,obsval,4.0,0.1,30,0.1,crossfit_rank_empty_standdown,1.0,4,50,2,2603.517673548311,0.020307471329016225,0.020307471329016225,0.020307471329016225,0.0,0.0005315114057420568,-0.0004729804917500348,0.0,nan,0.0,reference,nan,nan,nan,nan,nan,gradient_boosting,random_forest,13529467.873159215,nan,nan,nan,nan,nan,nan,nan,0.05,0.2843333333333333,0.96,0.16881594372801875,37,352,0.12333333333333334,0.2063305978898007,0.026446631046946768,0.026446631046946768,0.0,0.021594244300373138,0.021594244300373138,0.0,2.291284994454243,2.291284994454243,1.4578467169957376,1.4578467169957376
m01-j0144,manifest.tsv,dml2_real_real_digits_misaligned_cui_selective_ml_n6000_s2_chunk23.reps.csv,real_digits_misaligned,box,6000,0.05,2.0,estimated_residual_lowp_supported,cui_selective_ml,estimated,xgboost,xgboost,if_residual,1.0,0.0|0.25|0.5|1.0,aipw_variance,-1.0,1.0,obsval,4.0,0.1,30,0.1,crossfit_rank_empty_standdown,1.0,4,50,3,3871.489027013071,0.10881631618076548,0.10881631618076548,0.10881631618076548,0.0,0.00011467832970715546,-1.8762254180455568e-05,0.0,nan,0.0,reference,nan,nan,nan,nan,nan,gradient_boosting,lasso,0.0003170839681143528,nan,nan,nan,nan,nan,nan,nan,0.0,0.27516666666666667,nan,0.0,0,333,nan,0.20169594185342216,0.0,0.0,0.0,0.028930700661963245,0.028930700661963245,0.0,nan,nan,1.4393299299588493,1.4393299299588493
m01-j0144,manifest.tsv,dml2_real_real_digits_misaligned_cui_selective_ml_n6000_s2_chunk23.reps.csv,real_digits_misaligned,box,6000,0.05,2.0,estimated_residual_lowp_supported,cui_selective_ml,estimated,xgboost,xgboost,if_residual,1.0,0.0|0.25|0.5|1.0,aipw_variance,-1.0,1.0,obsval,4.0,0.1,30,0.1,crossfit_rank_empty_standdown,1.0,4,50,4,5145.401331586763,0.011124044721974952,0.011124044721974952,0.011124044721974952,0.0,0.00019241230994720949,-0.0002320035665959898,0.0,nan,0.0,reference,nan,nan,nan,nan,nan,gradient_boosting,lasso,46.981679311948895,nan,nan,nan,nan,nan,nan,nan,0.1,0.2655,0.9166666666666666,0.34526051475204017,67,310,0.11166666666666666,0.194601381042059,0.0150634933343778,0.0150634933343778,0.0,0.015219188546916944,0.015219188546916944,0.0,2.0811034403089264,2.0811034403089264,1.5644626889161777,1.5644626889161777
m01-j0145,manifest.tsv,dml2_real_real_breast_cancer_misaligned_ctmle_n6000_s0_chunk00.reps.csv,real_breast_cancer_misaligned,box,6000,0.05,0.0,estimated_residual_lowp_supported,ctmle,estimated,xgboost,xgboost,if_residual,1.0,0.0|0.25|0.5|1.0,aipw_variance,-1.0,1.0,obsval,4.0,0.1,30,0.1,crossfit_rank_empty_standdown,1.0,4,50,1,479.7696784520522,0.015518033914181995,0.015518033914181995,0.015518033914181995,0.0,4.5217632061468984e-05,-3.0055067086110453e-05,0.0,0.5,0.0,reference,-3.552713678800501e-18,0.0,nan,nan,nan,,,nan,nan,nan,nan,nan,nan,nan,nan,0.0,0.23483333333333334,nan,0.0,0,251,nan,0.17814052519517387,0.0,0.0,0.0,0.003751000385661726,0.003751000385661726,0.0,nan,nan,0.6264236663569233,0.6264236663569233
m01-j0145,manifest.tsv,dml2_real_real_breast_cancer_misaligned_ctmle_n6000_s0_chunk00.reps.csv,real_breast_cancer_misaligned,box,6000,0.05,0.0,estimated_residual_lowp_supported,ctmle,estimated,xgboost,xgboost,if_residual,1.0,0.0|0.25|0.5|1.0,aipw_variance,-1.0,1.0,obsval,4.0,0.1,30,0.1,crossfit_rank_empty_standdown,1.0,4,50,2,963.9608795689419,0.05548528118853602,0.05548528118853602,0.05548528118853602,0.0,5.615200224869826e-05,-1.223049837836658e-05,0.0,0.5,0.0,reference,-2.3684757858670005e-18,0.0,nan,nan,nan,,,nan,nan,nan,nan,nan,nan,nan,nan,0.0,0.25116666666666665,nan,0.0,0,262,nan,0.1738553417385534,0.0,0.0,0.0,0.030476902480609133,0.030476902480609133,0.0,nan,nan,0.630586646395091,0.630586646395091
m01-j0145,manifest.tsv,dml2_real_real_breast_cancer_misaligned_ctmle_n6000_s0_chunk00.reps.csv,real_breast_cancer_misaligned,box,6000,0.05,0.0,estimated_residual_lowp_supported,ctmle,estimated,xgboost,xgboost,if_residual,1.0,0.0|0.25|0.5|1.0,aipw_variance,-1.0,1.0,obsval,4.0,0.1,30,0.1,crossfit_rank_empty_standdown,1.0,4,50,3,1452.7987277582288,0.028640184980702088,0.028640184980702088,0.028640184980702088,0.0,5.838022436665375e-05,-3.4287891617976315e-05,0.0,0.5,0.0,reference,-8.289665250534503e-18,0.0,nan,nan,nan,,,nan,nan,nan,nan,nan,nan,nan,nan,0.0,0.23933333333333334,nan,0.0,0,267,nan,0.18593314763231197,0.0,0.0,0.0,0.03930971775652472,0.03930971775652472,0.0,nan,nan,0.629367829762688,0.629367829762688
m01-j0145,manifest.tsv,dml2_real_real_breast_cancer_misaligned_ctmle_n6000_s0_chunk00.reps.csv,real_breast_cancer_misaligned,box,6000,0.05,0.0,estimated_residual_lowp_supported,ctmle,estimated,xgboost,xgboost,if_residual,1.0,0.0|0.25|0.5|1.0,aipw_variance,-1.0,1.0,obsval,4.0,0.1,30,0.1,crossfit_rank_empty_standdown,1.0,4,50,4,1937.600763390772,0.03229824214992044,0.03229824214992044,0.03229824214992044,0.0,4.6905457297689054e-05,-2.0176271799294068e-05,0.0,0.5,0.0,reference,-5.921189464667502e-18,0.0,nan,nan,nan,,,nan,nan,nan,nan,nan,nan,nan,nan,0.075,0.24116666666666667,0.9555555555555556,0.29716655148583276,45,252,0.1,0.1741534208707671,0.005172347536428245,0.005172347536428245,0.0,0.019720913558915917,0.019720913558915917,0.0,0.6322061267744341,0.6322061267744341,0.5817062404226577,0.5817062404226577
m01-j0146,manifest.tsv,dml2_real_real_breast_cancer_misaligned_ctmle_n6000_s0_chunk01.reps.csv,real_breast_cancer_misaligned,box,6000,0.05,0.0,estimated_residual_lowp_supported,ctmle,estimated,xgboost,xgboost,if_residual,1.0,0.0|0.25|0.5|1.0,aipw_variance,-1.0,1.0,obsval,4.0,0.1,30,0.1,crossfit_rank_empty_standdown,1.0,4,50,1,485.5974826775491,0.02794026847057729,0.02794026847057729,0.02794026847057729,0.0,7.033914351751817e-05,-5.4812630012562955e-05,0.0,0.5,0.0,reference,-8.289665250534503e-18,0.0,nan,nan,nan,,,nan,nan,nan,nan,nan,nan,nan,nan,0.0,0.24416666666666667,nan,0.0,0,249,nan,0.16996587030716723,0.0,0.0,0.0,0.02662389615854808,0.02662389615854808,0.0,nan,nan,0.5711356966644889,0.5711356966644889
m01-j0146,manifest.tsv,dml2_real_real_breast_cancer_misaligned_ctmle_n6000_s0_chunk01.reps.csv,real_breast_cancer_misaligned,box,6000,0.05,0.0,estimated_residual_lowp_supported,ctmle,estimated,xgboost,xgboost,if_residual,1.0,0.0|0.25|0.5|1.0,aipw_variance,-1.0,1.0,obsval,4.0,0.1,30,0.1,crossfit_rank_empty_standdown,1.0,4,50,2,975.3683253349736,0.037739185441598266,0.037739185441598266,0.037739185441598266,0.0,4.414909101829842e-05,-2.0615704990606723e-05,0.0,0.5,0.0,reference,-2.3684757858670005e-18,0.0,nan,nan,nan,,,nan,nan,nan,nan,nan,nan,nan,nan,0.0,0.24816666666666667,nan,0.0,0,272,nan,0.1826729348556078,0.0,0.0,0.0,0.032901634453479746,0.032901634453479746,0.0,nan,nan,0.5858596561746835,0.5858596561746835
m01-j0146,manifest.tsv,dml2_real_real_breast_cancer_misaligned_ctmle_n6000_s0_chunk01.reps.csv,real_breast_cancer_misaligned,box,6000,0.05,0.0,estimated_residual_lowp_supported,ctmle,estimated,xgboost,xgboost,if_residual,1.0,0.0|0.25|0.5|1.0,aipw_variance,-1.0,1.0,obsval,4.0,0.1,30,0.1,crossfit_rank_empty_standdown,1.0,4,50,3,1455.9519091900438,0.018584513799893676,0.018584513799893676,0.018584513799893676,0.0,5.572406785396317e-05,-6.533200373843586e-05,0.0,0.5,0.0,reference,0.0,5.551115123125783e-17,nan,nan,nan,,,nan,nan,nan,nan,nan,nan,nan,nan,0.0,0.24733333333333332,nan,0.0,0,277,nan,0.18665768194070081,0.0,0.0,0.0,0.026348870684174207,0.026348870684174207,0.0,nan,nan,0.6409061219724065,0.6409061219724065
m01-j0146,manifest.tsv,dml2_real_real_breast_cancer_misaligned_ctmle_n6000_s0_chunk01.reps.csv,real_breast_cancer_misaligned,box,6000,0.05,0.0,estimated_residual_lowp_supported,ctmle,estimated,xgboost,xgboost,if_residual,1.0,0.0|0.25|0.5|1.0,aipw_variance,-1.0,1.0,obsval,4.0,0.1,30,0.1,crossfit_rank_empty_standdown,1.0,4,50,4,1936.8545870268717,0.08852374178644223,0.08852374178644223,0.08852374178644223,0.0,5.479048201255149e-05,-4.002679016979437e-05,0.0,0.5,0.0,reference,-8.289665250534503e-18,0.0,nan,nan,nan,,,nan,nan,nan,nan,nan,nan,nan,nan,0.075,0.25016666666666665,0.9822222222222222,0.29447035309793473,34,259,0.07555555555555556,0.1725516322451699,0.01938985251668155,0.01938985251668155,0.0,0.0377475153796236,0.0377475153796236,0.0,0.6975663197764193,0.6975663197764193,0.6258200511569992,0.6258200511569992
m01-j0147,manifest.tsv,dml2_real_real_breast_cancer_misaligned_ctmle_n6000_s0_chunk02.reps.csv,real_breast_cancer_misaligned,box,6000,0.05,0.0,estimated_residual_lowp_supported,ctmle,estimated,xgboost,xgboost,if_residual,1.0,0.0|0.25|0.5|1.0,aipw_variance,-1.0,1.0,obsval,4.0,0.1,30,0.1,crossfit_rank_empty_standdown,1.0,4,50,1,481.6486189123243,0.059996881771005706,0.059996881771005706,0.059996881771005706,0.0,3.113531189304769e-05,1.904606192347112e-05,0.0,0.5,0.0,reference,1.1842378929335003e-18,-5.551115123125783e-17,nan,nan,nan,,,nan,nan,nan,nan,nan,nan,nan,nan,0.1,0.24566666666666667,0.965,0.39280868385345996,54,274,0.09,0.18588873812754408,0.029111012801092653,0.029111012801092653,0.0,0.042665746025485764,0.042665746025485764,0.0,0.6507832502971349,0.6507832502971349,0.5984774332946796,0.5984774332946796
m01-j0147,manifest.tsv,dml2_real_real_breast_cancer_misaligned_ctmle_n6000_s0_chunk02.reps.csv,real_breast_cancer_misaligned,box,6000,0.05,0.0,estimated_residual_lowp_supported,ctmle,estimated,xgboost,xgboost,if_residual,1.0,0.0|0.25|0.5|1.0,aipw_variance,-1.0,1.0,obsval,4.0,0.1,30,0.1,crossfit_rank_empty_standdown,1.0,4,50,2,970.2017006808892,-0.022304514301882905,-0.022304514301882905,-0.022304514301882905,0.0,4.6195888675871566e-05,-2.7555609672503525e-05,0.0,0.5,0.0,reference,1.2138438402568379e-17,-2.7755575615628914e-17,nan,nan,nan,,,nan,nan,nan,nan,nan,nan,nan,nan,0.0,0.24683333333333332,nan,0.0,0,255,nan,0.17218095881161377,0.0,0.0,0.0,0.019213191701374636,0.019213191701374636,0.0,nan,nan,0.571408634706019,0.571408634706019
m01-j0147,manifest.tsv,dml2_real_real_breast_cancer_misaligned_ctmle_n6000_s0_chunk02.reps.csv,real_breast_cancer_misaligned,box,6000,0.05,0.0,estimated_residual_lowp_supported,ctmle,estimated,xgboost,xgboost,if_residual,1.0,0.0|0.25|0.5|1.0,aipw_variance,-1.0,1.0,obsval,4.0,0.1,30,0.1,crossfit_rank_empty_standdown,1.0,4,50,3,1459.344782108441,-0.0029850100709051808,-0.0029850100709051808,-0.0029850100709051808,0.0,4.9294404878496905e-05,6.3676869706373465e-06,0.0,0.5,0.0,reference,1.0658141036401503e-17,0.0,nan,nan,nan,,,nan,nan,nan,nan,nan,nan,nan,nan,0.075,0.24816666666666667,0.9777777777777777,0.2955003357958361,34,277,0.07555555555555556,0.18603089321692412,-0.0037194206604403263,-0.0037194206604403263,0.0,0.0031397531658718864,0.0031397531658718864,0.0,0.6710386927097223,0.6710386927097223,0.6038457737837257,0.6038457737837257
m01-j0147,manifest.tsv,dml2_real_real_breast_cancer_misaligned_ctmle_n6000_s0_chunk02.reps.csv,real_breast_cancer_misaligned,box,6000,0.05,0.0,estimated_residual_lowp_supported,ctmle,estimated,xgboost,xgboost,if_residual,1.0,0.0|0.25|0.5|1.0,aipw_variance,-1.0,1.0,obsval,4.0,0.1,30,0.1,crossfit_rank_empty_standdown,1.0,4,50,4,1944.1529212249443,0.04373066220285077,0.04373066220285077,0.04373066220285077,0.0,4.3432871708031645e-05,-1.2905894804878535e-05,0.0,0.5,0.0,reference,7.105427357601002e-18,-1.1102230246251565e-16,nan,nan,nan,,,nan,nan,nan,nan,nan,nan,nan,nan,0.1,0.24616666666666667,0.9683333333333334,0.3933649289099526,58,278,0.09666666666666666,0.1882193635748138,0.015921435934738715,0.015921435934738715,0.0,0.027773459101775595,0.027773459101775595,0.0,0.659528761132812,0.659528761132812,0.6017173380096137,0.6017173380096137
m01-j0148,manifest.tsv,dml2_real_real_breast_cancer_misaligned_ctmle_n6000_s0_chunk03.reps.csv,real_breast_cancer_misaligned,box,6000,0.05,0.0,estimated_residual_lowp_supported,ctmle,estimated,xgboost,xgboost,if_residual,1.0,0.0|0.25|0.5|1.0,aipw_variance,-1.0,1.0,obsval,4.0,0.1,30,0.1,crossfit_rank_empty_standdown,1.0,4,50,1,489.5617333948612,0.06726004011245551,0.06726004011245551,0.06726004011245551,0.0,4.4338745890375175e-05,-5.8646467202834235e-05,0.0,0.5,0.0,reference,-1.4506914188435377e-17,-5.551115123125783e-17,nan,nan,nan,,,nan,nan,nan,nan,nan,nan,nan,nan,0.075,0.24483333333333332,0.9244444444444444,0.2831858407079646,48,270,0.10666666666666667,0.18379850238257317,0.032743097505079845,0.032743097505079845,0.0,0.056653201251284174,0.056653201251284174,0.0,0.8107915927316883,0.8107915927316883,0.6782285703953634,0.6782285703953634
m01-j0148,manifest.tsv,dml2_real_real_breast_cancer_misaligned_ctmle_n6000_s0_chunk03.reps.csv,real_breast_cancer_misaligned,box,6000,0.05,0.0,estimated_residual_lowp_supported,ctmle,estimated,xgboost,xgboost,if_residual,1.0,0.0|0.25|0.5|1.0,aipw_variance,-1.0,1.0,obsval,4.0,0.1,30,0.1,crossfit_rank_empty_standdown,1.0,4,50,2,978.1204278096557,-0.031451619392487085,-0.031451619392487085,-0.031451619392487085,0.0,4.788610842937097e-05,-1.5774435110019604e-05,0.0,0.5,0.0,reference,-9.473903143468002e-18,-2.7755575615628914e-17,nan,nan,nan,,,nan,nan,nan,nan,nan,nan,nan,nan,0.075,0.239,0.9488888888888889,0.297768479776848,41,237,0.09111111111111111,0.16527196652719664,-0.0016192459882831023,-0.0016192459882831023,0.0,0.0012325344973708734,0.0012325344973708734,0.0,0.6150481956023092,0.6150481956023092,0.5841891339674867,0.5841891339674867
m01-j0148,manifest.tsv,dml2_real_real_breast_cancer_misaligned_ctmle_n6000_s0_chunk03.reps.csv,real_breast_cancer_misaligned,box,6000,0.05,0.0,estimated_residual_lowp_supported,ctmle,estimated,xgboost,xgboost,if_residual,1.0,0.0|0.25|0.5|1.0,aipw_variance,-1.0,1.0,obsval,4.0,0.1,30,0.1,crossfit_rank_empty_standdown,1.0,4,50,3,1462.6423053098843,0.028681933055674236,0.028681933055674236,0.028681933055674236,0.0,2.7440846956176845e-05,-1.4233489928357212e-05,0.0,0.5,0.0,reference,5.921189464667501e-19,0.0,nan,nan,nan,,,nan,nan,nan,nan,nan,nan,nan,nan,0.0,0.24516666666666667,nan,0.0,0,277,nan,0.18830727396329028,0.0,0.0,0.0,0.03137614398141303,0.03137614398141303,0.0,nan,nan,0.5873040011902371,0.5873040011902371
m01-j0148,manifest.tsv,dml2_real_real_breast_cancer_misaligned_ctmle_n6000_s0_chunk03.reps.csv,real_breast_cancer_misaligned,box,6000,0.05,0.0,estimated_residual_lowp_supported,ctmle,estimated,xgboost,xgboost,if_residual,1.0,0.0|0.25|0.5|1.0,aipw_variance,-1.0,1.0,obsval,4.0,0.1,30,0.1,crossfit_rank_empty_standdown,1.0,4,50,4,1950.3194255745038,0.010943549656538265,0.010943549656538265,0.010943549656538265,0.0,3.634095908443898e-05,-1.7931593561503986e-05,0.0,0.5,0.0,reference,9.473903143468002e-18,0.0,nan,nan,nan,,,nan,nan,nan,nan,nan,nan,nan,nan,0.0,0.24633333333333332,nan,0.0,0,275,nan,0.18606224627875506,0.0,0.0,0.0,0.014461963032028555,0.014461963032028555,0.0,nan,nan,0.569703549878838,0.569703549878838
m01-j0149,manifest.tsv,dml2_real_real_breast_cancer_misaligned_ctmle_n6000_s0_chunk04.reps.csv,real_breast_cancer_misaligned,box,6000,0.05,0.0,estimated_residual_lowp_supported,ctmle,estimated,xgboost,xgboost,if_residual,1.0,0.0|0.25|0.5|1.0,aipw_variance,-1.0,1.0,obsval,4.0,0.1,30,0.1,crossfit_rank_empty_standdown,1.0,4,50,1,488.92011854890734,0.017962317057693078,0.017962317057693078,0.017962317057693078,0.0,5.281468584111685e-05,-1.8113864015056544e-05,0.0,0.5,0.0,reference,0.0,0.0,nan,nan,nan,,,nan,nan,nan,nan,nan,nan,nan,nan,0.1,0.2465,0.9683333333333334,0.3928329952670723,61,291,0.10166666666666667,0.19675456389452334,0.007755050879200044,0.007755050879200044,0.0,0.012420332506279518,0.012420332506279518,0.0,0.6991377248849115,0.6991377248849115,0.62697298146244,0.62697298146244
m01-j0149,manifest.tsv,dml2_real_real_breast_cancer_misaligned_ctmle_n6000_s0_chunk04.reps.csv,real_breast_cancer_misaligned,box,6000,0.05,0.0,estimated_residual_lowp_supported,ctmle,estimated,xgboost,xgboost,if_residual,1.0,0.0|0.25|0.5|1.0,aipw_variance,-1.0,1.0,obsval,4.0,0.1,30,0.1,crossfit_rank_empty_standdown,1.0,4,50,2,979.9483821894974,0.04931119132429934,0.04931119132429934,0.04931119132429934,0.0,2.526959967221647e-05,-9.719983644371352e-06,0.0,0.5,0.0,reference,4.736951571734001e-18,-5.551115123125783e-17,nan,nan,nan,,,nan,nan,nan,nan,nan,nan,nan,nan,0.05,0.247,0.9566666666666667,0.19365721997300944,37,265,0.12333333333333334,0.1788124156545209,0.010450308652438508,0.010450308652438508,0.0,0.03622928750606328,0.03622928750606328,0.0,0.59540147442904,0.59540147442904,0.5823284788699351,0.5823284788699351
m01-j0149,manifest.tsv,dml2_real_real_breast_cancer_misaligned_ctmle_n6000_s0_chunk04.reps.csv,real_breast_cancer_misaligned,box,6000,0.05,0.0,estimated_residual_lowp_supported,ctmle,estimated,xgboost,xgboost,if_residual,1.0,0.0|0.25|0.5|1.0,aipw_variance,-1.0,1.0,obsval,4.0,0.1,30,0.1,crossfit_rank_empty_standdown,1.0,4,50,3,1464.0714588752016,0.023471748123993386,0.023471748123993386,0.023471748123993386,0.0,5.035316784044244e-05,3.69524074909386e-05,0.0,0.5,0.0,reference,-9.473903143468002e-18,-5.551115123125783e-17,nan,nan,nan,,,nan,nan,nan,nan,nan,nan,nan,nan,0.1,0.24316666666666667,0.9583333333333334,0.39410555174777245,58,268,0.09666666666666666,0.18368745716244003,0.01826916441950925,0.01826916441950925,0.0,0.022105466247946078,0.022105466247946078,0.0,0.7898427161435781,0.7898427161435781,0.6901709397632759,0.6901709397632759
m01-j0149,manifest.tsv,dml2_real_real_breast_cancer_misaligned_ctmle_n6000_s0_chunk04.reps.csv,real_breast_cancer_misaligned,box,6000,0.05,0.0,estimated_residual_lowp_supported,ctmle,estimated,xgboost,xgboost,if_residual,1.0,0.0|0.25|0.5|1.0,aipw_variance,-1.0,1.0,obsval,4.0,0.1,30,0.1,crossfit_rank_empty_standdown,1.0,4,50,4,1947.5476165544242,-0.016858545051012197,-0.016858545051012197,-0.016858545051012197,0.0,4.812343754488689e-05,-7.616592683755213e-06,0.0,0.5,0.0,reference,9.473903143468002e-18,0.0,nan,nan,nan,,,nan,nan,nan,nan,nan,nan,nan,nan,0.1,0.246,0.9633333333333334,0.3915989159891599,57,268,0.095,0.18157181571815717,0.006988783302099617,0.006988783302099617,0.0,0.004940451244433087,0.004940451244433087,0.0,0.5494235422840799,0.5494235422840799,0.549598851339382,0.549598851339382
m01-j0150,manifest.tsv,dml2_real_real_breast_cancer_misaligned_ctmle_n6000_s0_chunk05.reps.csv,real_breast_cancer_misaligned,box,6000,0.05,0.0,estimated_residual_lowp_supported,ctmle,estimated,xgboost,xgboost,if_residual,1.0,0.0|0.25|0.5|1.0,aipw_variance,-1.0,1.0,obsval,4.0,0.1,30,0.1,crossfit_rank_empty_standdown,1.0,4,50,1,481.56638772040606,0.023328307750092758,0.023328307750092758,0.023328307750092758,0.0,2.944129115840593e-05,-1.6990641794531404e-05,0.0,0.5,0.0,reference,-2.3684757858670005e-18,5.551115123125783e-17,nan,nan,nan,,,nan,nan,nan,nan,nan,nan,nan,nan,0.0,0.2445,nan,0.0,0,271,nan,0.18473074301295161,0.0,0.0,0.0,0.020216829881400198,0.020216829881400198,0.0,nan,nan,0.5820661535666488,0.5820661535666488
m01-j0150,manifest.tsv,dml2_real_real_breast_cancer_misaligned_ctmle_n6000_s0_chunk05.reps.csv,real_breast_cancer_misaligned,box,6000,0.05,0.0,estimated_residual_lowp_supported,ctmle,estimated,xgboost,xgboost,if_residual,1.0,0.0|0.25|0.5|1.0,aipw_variance,-1.0,1.0,obsval,4.0,0.1,30,0.1,crossfit_rank_empty_standdown,1.0,4,50,2,975.283845259808,0.008513966041148846,0.008513966041148846,0.008513966041148846,0.0,6.464283982155492e-05,-5.339077762309434e-05,0.0,0.5,0.0,reference,1.1842378929335004e-17,0.0,nan,nan,nan,,,nan,nan,nan,nan,nan,nan,nan,nan,0.075,0.2405,0.96,0.2993762993762994,52,252,0.11555555555555555,0.17463617463617465,0.005098243598952413,0.005098243598952413,0.0,0.013044807861508766,0.013044807861508766,0.0,0.6199039696945357,0.6199039696945357,0.5796323482266638,0.5796323482266638
m01-j0150,manifest.tsv,dml2_real_real_breast_cancer_misaligned_ctmle_n6000_s0_chunk05.reps.csv,real_breast_cancer_misaligned,box,6000,0.05,0.0,estimated_residual_lowp_supported,ctmle,estimated,xgboost,xgboost,if_residual,1.0,0.0|0.25|0.5|1.0,aipw_variance,-1.0,1.0,obsval,4.0,0.1,30,0.1,crossfit_rank_empty_standdown,1.0,4,50,3,1457.9030823120847,-0.008405729899075176,-0.008405729899075176,-0.008405729899075176,0.0,4.580283440419521e-05,-3.897226471695085e-05,0.0,0.5,0.0,reference,-2.3684757858670005e-18,5.551115123125783e-17,nan,nan,nan,,,nan,nan,nan,nan,nan,nan,nan,nan,0.0,0.2465,nan,0.0,0,257,nan,0.1737660581473969,0.0,0.0,0.0,0.008710826709759461,0.008710826709759461,0.0,nan,nan,0.514508390050537,0.514508390050537
m01-j0150,manifest.tsv,dml2_real_real_breast_cancer_misaligned_ctmle_n6000_s0_chunk05.reps.csv,real_breast_cancer_misaligned,box,6000,0.05,0.0,estimated_residual_lowp_supported,ctmle,estimated,xgboost,xgboost,if_residual,1.0,0.0|0.25|0.5|1.0,aipw_variance,-1.0,1.0,obsval,4.0,0.1,30,0.1,crossfit_rank_empty_standdown,1.0,4,50,4,1940.7517791176215,0.04808505477072933,0.04808505477072933,0.04808505477072933,0.0,4.466308219542312e-05,-3.849867394300111e-05,0.0,0.5,0.0,reference,1.1842378929335003e-18,0.0,nan,nan,nan,,,nan,nan,nan,nan,nan,nan,nan,nan,0.1,0.2465,0.975,0.39553752535496955,54,260,0.09,0.1757944557133198,0.024186492030966407,0.024186492030966407,0.0,0.041123156888703195,0.041123156888703195,0.0,0.6871904335213272,0.6871904335213272,0.6357987595536672,0.6357987595536672
m01-j0151,manifest.tsv,dml2_real_real_breast_cancer_misaligned_ctmle_n6000_s0_chunk06.reps.csv,real_breast_cancer_misaligned,box,6000,0.05,0.0,estimated_residual_lowp_supported,ctmle,estimated,xgboost,xgboost,if_residual,1.0,0.0|0.25|0.5|1.0,aipw_variance,-1.0,1.0,obsval,4.0,0.1,30,0.1,crossfit_rank_empty_standdown,1.0,4,50,1,481.98561955988407,-0.04298314912822701,-0.04298314912822701,-0.04298314912822701,0.0,5.456240651245908e-05,-1.5596099483231323e-05,0.0,0.5,0.0,reference,-5.921189464667502e-18,5.551115123125783e-17,nan,nan,nan,,,nan,nan,nan,nan,nan,nan,nan,nan,0.0,0.245,nan,0.0,0,278,nan,0.1891156462585034,0.0,0.0,0.0,0.012603084905987596,0.012603084905987596,0.0,nan,nan,0.6084968564762091,0.6084968564762091
m01-j0151,manifest.tsv,dml2_real_real_breast_cancer_misaligned_ctmle_n6000_s0_chunk06.reps.csv,real_breast_cancer_misaligned,box,6000,0.05,0.0,estimated_residual_lowp_supported,ctmle,estimated,xgboost,xgboost,if_residual,1.0,0.0|0.25|0.5|1.0,aipw_variance,-1.0,1.0,obsval,4.0,0.1,30,0.1,crossfit_rank_empty_standdown,1.0,4,50,2,973.8708848683164,0.0394637366747172,0.0394637366747172,0.0394637366747172,0.0,3.335738543560132e-05,-2.390534404611848e-05,0.0,0.5,0.0,reference,1.1842378929335003e-18,0.0,nan,nan,nan,,,nan,nan,nan,nan,nan,nan,nan,nan,0.0,0.2425,nan,0.0,0,263,nan,0.18075601374570446,0.0,0.0,0.0,0.01449800602993263,0.01449800602993263,0.0,nan,nan,0.6350364506674486,0.6350364506674486
m01-j0151,manifest.tsv,dml2_real_real_breast_cancer_misaligned_ctmle_n6000_s0_chunk06.reps.csv,real_breast_cancer_misaligned,box,6000,0.05,0.0,estimated_residual_lowp_supported,ctmle,estimated,xgboost,xgboost,if_residual,1.0,0.0|0.25|0.5|1.0,aipw_variance,-1.0,1.0,obsval,4.0,0.1,30,0.1,crossfit_rank_empty_standdown,1.0,4,50,3,1461.9566556299105,0.05760064694575273,0.05760064694575273,0.05760064694575273,0.0,3.6948214079005905e-05,3.1567276672427947e-06,0.0,0.5,0.0,reference,-2.3684757858670005e-18,0.0,nan,nan,nan,,,nan,nan,nan,nan,nan,nan,nan,nan,0.05,0.24166666666666667,0.98,0.20275862068965517,33,288,0.11,0.1986206896551724,0.007133921848669222,0.007133921848669222,0.0,0.03191762419053148,0.03191762419053148,0.0,0.5471846490410774,0.5471846490410774,0.6201688694994123,0.6201688694994123
m01-j0151,manifest.tsv,dml2_real_real_breast_cancer_misaligned_ctmle_n6000_s0_chunk06.reps.csv,real_breast_cancer_misaligned,box,6000,0.05,0.0,estimated_residual_lowp_supported,ctmle,estimated,xgboost,xgboost,if_residual,1.0,0.0|0.25|0.5|1.0,aipw_variance,-1.0,1.0,obsval,4.0,0.1,30,0.1,crossfit_rank_empty_standdown,1.0,4,50,4,1938.2944564018399,0.044608535725102816,0.044608535725102816,0.044608535725102816,0.0,2.979433994538302e-05,1.1049043124781261e-06,0.0,0.5,0.0,reference,1.4210854715202004e-17,-5.551115123125783e-17,nan,nan,nan,,,nan,nan,nan,nan,nan,nan,nan,nan,0.0,0.24583333333333332,nan,0.0,0,262,nan,0.1776271186440678,0.0,0.0,0.0,0.033934454357873865,0.033934454357873865,0.0,nan,nan,0.6117887712583473,0.6117887712583473
m01-j0152,manifest.tsv,dml2_real_real_breast_cancer_misaligned_ctmle_n6000_s0_chunk07.reps.csv,real_breast_cancer_misaligned,box,6000,0.05,0.0,estimated_residual_lowp_supported,ctmle,estimated,xgboost,xgboost,if_residual,1.0,0.0|0.25|0.5|1.0,aipw_variance,-1.0,1.0,obsval,4.0,0.1,30,0.1,crossfit_rank_empty_standdown,1.0,4,50,1,487.6194830099121,0.02430281168429943,0.02430281168429943,0.02430281168429943,0.0,6.656310618520186e-05,-5.629848087262805e-05,0.0,0.5,0.0,reference,-1.1842378929335003e-18,0.0,nan,nan,nan,,,nan,nan,nan,nan,nan,nan,nan,nan,0.0,0.24466666666666667,nan,0.0,0,265,nan,0.18051771117166213,0.0,0.0,0.0,0.021595517349822256,0.021595517349822256,0.0,nan,nan,0.6629489550799568,0.6629489550799568
m01-j0152,manifest.tsv,dml2_real_real_breast_cancer_misaligned_ctmle_n6000_s0_chunk07.reps.csv,real_breast_cancer_misaligned,box,6000,0.05,0.0,estimated_residual_lowp_supported,ctmle,estimated,xgboost,xgboost,if_residual,1.0,0.0|0.25|0.5|1.0,aipw_variance,-1.0,1.0,obsval,4.0,0.1,30,0.1,crossfit_rank_empty_standdown,1.0,4,50,2,980.0204831352457,0.01691444542546411,0.01691444542546411,0.01691444542546411,0.0,3.317615574147787e-05,-2.7367729571340228e-05,0.0,0.5,0.0,reference,-2.3684757858670005e-18,0.0,nan,nan,nan,,,nan,nan,nan,nan,nan,nan,nan,nan,0.1,0.24783333333333332,0.9566666666666667,0.38601210490921317,70,286,0.11666666666666667,0.19233355749831876,0.02170593737274607,0.02170593737274607,0.0,0.030603975131030296,0.030603975131030296,0.0,0.674467187579695,0.674467187579695,0.6147238709903039,0.6147238709903039
m01-j0152,manifest.tsv,dml2_real_real_breast_cancer_misaligned_ctmle_n6000_s0_chunk07.reps.csv,real_breast_cancer_misaligned,box,6000,0.05,0.0,estimated_residual_lowp_supported,ctmle,estimated,xgboost,xgboost,if_residual,1.0,0.0|0.25|0.5|1.0,aipw_variance,-1.0,1.0,obsval,4.0,0.1,30,0.1,crossfit_rank_empty_standdown,1.0,4,50,3,1464.9705599928275,0.013445759957557146,0.013445759957557146,0.013445759957557146,0.0,5.9069337907459744e-05,-1.751148983460051e-05,0.0,0.5,0.0,reference,-4.736951571734001e-18,5.551115123125783e-17,nan,nan,nan,,,nan,nan,nan,nan,nan,nan,nan,nan,0.1,0.24083333333333334,0.95,0.3944636678200692,66,274,0.11,0.18961937716262975,0.006177095795387821,0.006177095795387821,0.0,0.010650575431865976,0.010650575431865976,0.0,0.6517913034701789,0.6517913034701789,0.5931328668049978,0.5931328668049978
m01-j0152,manifest.tsv,dml2_real_real_breast_cancer_misaligned_ctmle_n6000_s0_chunk07.reps.csv,real_breast_cancer_misaligned,box,6000,0.05,0.0,estimated_residual_lowp_supported,ctmle,estimated,xgboost,xgboost,if_residual,1.0,0.0|0.25|0.5|1.0,aipw_variance,-1.0,1.0,obsval,4.0,0.1,30,0.1,crossfit_rank_empty_standdown,1.0,4,50,4,1949.742353366688,0.005049579019075823,0.005049579019075823,0.005049579019075823,0.0,6.562355146350562e-05,-4.214905718111423e-05,0.0,0.5,0.0,reference,1.1842378929335003e-18,-5.551115123125783e-17,nan,nan,nan,,,nan,nan,nan,nan,nan,nan,nan,nan,0.0,0.2455,nan,0.0,0,261,nan,0.17718940936863545,0.0,0.0,0.0,0.019792792828736548,0.019792792828736548,0.0,nan,nan,0.6255080406989484,0.6255080406989484
m01-j0153,manifest.tsv,dml2_real_real_breast_cancer_misaligned_ctmle_n6000_s0_chunk08.reps.csv,real_breast_cancer_misaligned,box,6000,0.05,0.0,estimated_residual_lowp_supported,ctmle,estimated,xgboost,xgboost,if_residual,1.0,0.0|0.25|0.5|1.0,aipw_variance,-1.0,1.0,obsval,4.0,0.1,30,0.1,crossfit_rank_empty_standdown,1.0,4,50,1,483.17487651854753,0.02954478636431973,0.02954478636431973,0.02954478636431973,0.0,4.0670071770027884e-05,-3.073300647391929e-05,0.0,0.5,0.0,reference,0.0,0.0,nan,nan,nan,,,nan,nan,nan,nan,nan,nan,nan,nan,0.0,0.24633333333333332,nan,0.0,0,253,nan,0.17117726657645466,0.0,0.0,0.0,0.03683459013478092,0.03683459013478092,0.0,nan,nan,0.5910090956402215,0.5910090956402215
m01-j0153,manifest.tsv,dml2_real_real_breast_cancer_misaligned_ctmle_n6000_s0_chunk08.reps.csv,real_breast_cancer_misaligned,box,6000,0.05,0.0,estimated_residual_lowp_supported,ctmle,estimated,xgboost,xgboost,if_residual,1.0,0.0|0.25|0.5|1.0,aipw_variance,-1.0,1.0,obsval,4.0,0.1,30,0.1,crossfit_rank_empty_standdown,1.0,4,50,2,970.8160411044955,0.01835900587753042,0.01835900587753042,0.01835900587753042,0.0,6.679290223856054e-05,-9.783731556615928e-06,0.0,0.5,0.0,reference,-1.6579330501069006e-17,0.0,nan,nan,nan,,,nan,nan,nan,nan,nan,nan,nan,nan,0.0,0.24416666666666667,nan,0.0,0,267,nan,0.18225255972696247,0.0,0.0,0.0,0.02393421247814543,0.02393421247814543,0.0,nan,nan,0.6061429377163817,0.6061429377163817
m01-j0153,manifest.tsv,dml2_real_real_breast_cancer_misaligned_ctmle_n6000_s0_chunk08.reps.csv,real_breast_cancer_misaligned,box,6000,0.05,0.0,estimated_residual_lowp_supported,ctmle,estimated,xgboost,xgboost,if_residual,1.0,0.0|0.25|0.5|1.0,aipw_variance,-1.0,1.0,obsval,4.0,0.1,30,0.1,crossfit_rank_empty_standdown,1.0,4,50,3,1459.1395008470863,-0.003981005029391693,-0.003981005029391693,-0.003981005029391693,0.0,3.332485853260237e-05,1.096390470255019e-05,0.0,0.5,0.0,reference,0.0,0.0,nan,nan,nan,,,nan,nan,nan,nan,nan,nan,nan,nan,0.0,0.2465,nan,0.0,0,288,nan,0.1947261663286004,0.0,0.0,0.0,0.005260105787168068,0.005260105787168068,0.0,nan,nan,0.60424533392082,0.60424533392082
m01-j0153,manifest.tsv,dml2_real_real_breast_cancer_misaligned_ctmle_n6000_s0_chunk08.reps.csv,real_breast_cancer_misaligned,box,6000,0.05,0.0,estimated_residual_lowp_supported,ctmle,estimated,xgboost,xgboost,if_residual,1.0,0.0|0.25|0.5|1.0,aipw_variance,-1.0,1.0,obsval,4.0,0.1,30,0.1,crossfit_rank_empty_standdown,1.0,4,50,4,1943.0475678211078,0.03395962899042737,0.03395962899042737,0.03395962899042737,0.0,4.0751747893740106e-05,-6.523265806977654e-05,0.0,0.5,0.0,reference,-2.3684757858670008e-17,5.551115123125783e-17,nan,nan,nan,,,nan,nan,nan,nan,nan,nan,nan,nan,0.0,0.24616666666666667,nan,0.0,0,244,nan,0.16519972918077183,0.0,0.0,0.0,0.019035150804550535,0.019035150804550535,0.0,nan,nan,0.5708135284430942,0.5708135284430942
m01-j0154,manifest.tsv,dml2_real_real_breast_cancer_misaligned_ctmle_n6000_s0_chunk09.reps.csv,real_breast_cancer_misaligned,box,6000,0.05,0.0,estimated_residual_lowp_supported,ctmle,estimated,xgboost,xgboost,if_residual,1.0,0.0|0.25|0.5|1.0,aipw_variance,-1.0,1.0,obsval,4.0,0.1,30,0.1,crossfit_rank_empty_standdown,1.0,4,50,1,485.1498387614265,0.04580070246966361,0.04580070246966361,0.04580070246966361,0.0,4.834799847204204e-05,-2.3465236196754395e-05,0.0,0.5,0.0,reference,1.1842378929335004e-17,0.0,nan,nan,nan,,,nan,nan,nan,nan,nan,nan,nan,nan,0.0,0.2475,nan,0.0,0,257,nan,0.17306397306397306,0.0,0.0,0.0,0.016931227542820414,0.016931227542820414,0.0,nan,nan,0.5687170761773066,0.5687170761773066
m01-j0154,manifest.tsv,dml2_real_real_breast_cancer_misaligned_ctmle_n6000_s0_chunk09.reps.csv,real_breast_cancer_misaligned,box,6000,0.05,0.0,estimated_residual_lowp_supported,ctmle,estimated,xgboost,xgboost,if_residual,1.0,0.0|0.25|0.5|1.0,aipw_variance,-1.0,1.0,obsval,4.0,0.1,30,0.1,crossfit_rank_empty_standdown,1.0,4,50,2,977.5390080893412,-0.020588663909837934,-0.020588663909837934,-0.020588663909837934,0.0,6.140311040652964e-05,-2.6670300603091695e-05,0.0,0.5,0.0,reference,2.960594732333751e-18,0.0,nan,nan,nan,,,nan,nan,nan,nan,nan,nan,nan,nan,0.1,0.24566666666666667,0.96,0.39077340569877883,55,240,0.09166666666666666,0.1628222523744912,-0.002719976679371251,-0.002719976679371251,0.0,0.0005697994420365032,0.0005697994420365032,0.0,0.6628655570125007,0.6628655570125007,0.6141457986182293,0.6141457986182293
m01-j0154,manifest.tsv,dml2_real_real_breast_cancer_misaligned_ctmle_n6000_s0_chunk09.reps.csv,real_breast_cancer_misaligned,box,6000,0.05,0.0,estimated_residual_lowp_supported,ctmle,estimated,xgboost,xgboost,if_residual,1.0,0.0|0.25|0.5|1.0,aipw_variance,-1.0,1.0,obsval,4.0,0.1,30,0.1,crossfit_rank_empty_standdown,1.0,4,50,3,1465.4220018628985,0.03655131615759993,0.03655131615759993,0.03655131615759993,0.0,4.930023768027537e-05,-6.827686110164174e-07,0.0,0.5,0.0,reference,7.105427357601002e-18,0.0,nan,nan,nan,,,nan,nan,nan,nan,nan,nan,nan,nan,0.1,0.24783333333333332,0.96,0.3873570948217888,70,288,0.11666666666666667,0.1936785474108944,0.01366132584771198,0.01366132584771198,0.0,0.022945798098230948,0.022945798098230948,0.0,0.619869646484734,0.619869646484734,0.5853125768628614,0.5853125768628614
m01-j0154,manifest.tsv,dml2_real_real_breast_cancer_misaligned_ctmle_n6000_s0_chunk09.reps.csv,real_breast_cancer_misaligned,box,6000,0.05,0.0,estimated_residual_lowp_supported,ctmle,estimated,xgboost,xgboost,if_residual,1.0,0.0|0.25|0.5|1.0,aipw_variance,-1.0,1.0,obsval,4.0,0.1,30,0.1,crossfit_rank_empty_standdown,1.0,4,50,4,1950.7320014163852,0.015644386196706273,0.015644386196706273,0.015644386196706273,0.0,3.9952915072802796e-05,-7.285784417239058e-06,0.0,0.5,0.0,reference,-4.736951571734001e-18,5.551115123125783e-17,nan,nan,nan,,,nan,nan,nan,nan,nan,nan,nan,nan,0.1,0.24483333333333332,0.9716666666666667,0.39686861810755614,66,272,0.11,0.18515997277059223,0.012317712203834463,0.012317712203834463,0.0,0.020638831861187947,0.020638831861187947,0.0,0.657929760593213,0.657929760593213,0.6019711554690357,0.6019711554690357
m01-j0155,manifest.tsv,dml2_real_real_breast_cancer_misaligned_ctmle_n6000_s0_chunk10.reps.csv,real_breast_cancer_misaligned,box,6000,0.05,0.0,estimated_residual_lowp_supported,ctmle,estimated,xgboost,xgboost,if_residual,1.0,0.0|0.25|0.5|1.0,aipw_variance,-1.0,1.0,obsval,4.0,0.1,30,0.1,crossfit_rank_empty_standdown,1.0,4,50,1,485.7935062153265,0.02832695545210656,0.02832695545210656,0.02832695545210656,0.0,3.247334671581544e-05,-1.3530746082789829e-05,0.0,0.5,0.0,reference,-1.1842378929335003e-18,0.0,nan,nan,nan,,,nan,nan,nan,nan,nan,nan,nan,nan,0.0,0.24166666666666667,nan,0.0,0,277,nan,0.1910344827586207,0.0,0.0,0.0,0.017209032636896045,0.017209032636896045,0.0,nan,nan,0.5809641118949218,0.5809641118949218
m01-j0155,manifest.tsv,dml2_real_real_breast_cancer_misaligned_ctmle_n6000_s0_chunk10.reps.csv,real_breast_cancer_misaligned,box,6000,0.05,0.0,estimated_residual_lowp_supported,ctmle,estimated,xgboost,xgboost,if_residual,1.0,0.0|0.25|0.5|1.0,aipw_variance,-1.0,1.0,obsval,4.0,0.1,30,0.1,crossfit_rank_empty_standdown,1.0,4,50,2,974.2919206013903,0.01438484211097213,0.01438484211097213,0.01438484211097213,0.0,5.687570411937724e-05,7.917687736473428e-06,0.0,0.5,0.0,reference,-5.921189464667501e-19,0.0,nan,nan,nan,,,nan,nan,nan,nan,nan,nan,nan,nan,0.1,0.2505,0.9666666666666667,0.38589487691284097,68,280,0.11333333333333333,0.18629407850964738,-8.280625922810141e-05,-8.280625922810141e-05,0.0,0.0017293649451241373,0.0017293649451241373,0.0,0.5663763983662821,0.5663763983662821,0.5535421944397894,0.5535421944397894
m01-j0155,manifest.tsv,dml2_real_real_breast_cancer_misaligned_ctmle_n6000_s0_chunk10.reps.csv,real_breast_cancer_misaligned,box,6000,0.05,0.0,estimated_residual_lowp_supported,ctmle,estimated,xgboost,xgboost,if_residual,1.0,0.0|0.25|0.5|1.0,aipw_variance,-1.0,1.0,obsval,4.0,0.1,30,0.1,crossfit_rank_empty_standdown,1.0,4,50,3,1465.5367666892707,-0.00294086378384939,-0.00294086378384939,-0.00294086378384939,0.0,2.5611632352457218e-05,-1.2404309664067268e-05,0.0,0.5,0.0,reference,5.3290705182007515e-18,-5.551115123125783e-17,nan,nan,nan,,,nan,nan,nan,nan,nan,nan,nan,nan,0.0,0.24516666666666667,nan,0.0,0,259,nan,0.1760707002039429,0.0,0.0,0.0,0.02369779561540334,0.02369779561540334,0.0,nan,nan,0.5568495453717027,0.5568495453717027
m01-j0155,manifest.tsv,dml2_real_real_breast_cancer_misaligned_ctmle_n6000_s0_chunk10.reps.csv,real_breast_cancer_misaligned,box,6000,0.05,0.0,estimated_residual_lowp_supported,ctmle,estimated,xgboost,xgboost,if_residual,1.0,0.0|0.25|0.5|1.0,aipw_variance,-1.0,1.0,obsval,4.0,0.1,30,0.1,crossfit_rank_empty_standdown,1.0,4,50,4,1949.4238479631022,0.01655015461537085,0.01655015461537085,0.01655015461537085,0.0,5.466901674731168e-05,-5.281972852828361e-05,0.0,0.5,0.0,reference,4.736951571734001e-18,0.0,nan,nan,nan,,,nan,nan,nan,nan,nan,nan,nan,nan,0.0,0.24583333333333332,nan,0.0,0,258,nan,0.17491525423728813,0.0,0.0,0.0,0.026954788347936395,0.026954788347936395,0.0,nan,nan,0.667614285606717,0.667614285606717
m01-j0156,manifest.tsv,dml2_real_real_breast_cancer_misaligned_ctmle_n6000_s0_chunk11.reps.csv,real_breast_cancer_misaligned,box,6000,0.05,0.0,estimated_residual_lowp_supported,ctmle,estimated,xgboost,xgboost,if_residual,1.0,0.0|0.25|0.5|1.0,aipw_variance,-1.0,1.0,obsval,4.0,0.1,30,0.1,crossfit_rank_empty_standdown,1.0,4,50,1,484.651007222943,0.0485606157114401,0.0485606157114401,0.0485606157114401,0.0,2.742882403429319e-05,-1.3072887976132768e-05,0.0,0.5,0.0,reference,3.552713678800501e-18,0.0,nan,nan,nan,,,nan,nan,nan,nan,nan,nan,nan,nan,0.05,0.24766666666666667,0.92,0.1857335127860027,42,279,0.14,0.18775235531628534,0.007905014199255347,0.007905014199255347,0.0,0.028915164698824658,0.028915164698824658,0.0,0.6188606037487556,0.6188606037487556,0.6006713119965407,0.6006713119965407
m01-j0156,manifest.tsv,dml2_real_real_breast_cancer_misaligned_ctmle_n6000_s0_chunk11.reps.csv,real_breast_cancer_misaligned,box,6000,0.05,0.0,estimated_residual_lowp_supported,ctmle,estimated,xgboost,xgboost,if_residual,1.0,0.0|0.25|0.5|1.0,aipw_variance,-1.0,1.0,obsval,4.0,0.1,30,0.1,crossfit_rank_empty_standdown,1.0,4,50,2,977.979413238354,0.044171313469083096,0.044171313469083096,0.044171313469083096,0.0,3.7428549827598755e-05,-3.202349011426314e-06,0.0,0.5,0.0,reference,-3.552713678800501e-18,0.0,nan,nan,nan,,,nan,nan,nan,nan,nan,nan,nan,nan,0.05,0.2455,0.9233333333333333,0.18805159538357094,34,262,0.11333333333333333,0.1778682959945689,0.010880328335736829,0.010880328335736829,0.0,0.030862738306173487,0.030862738306173487,0.0,0.6255857359308875,0.6255857359308875,0.6167624272574387,0.6167624272574387
m01-j0156,manifest.tsv,dml2_real_real_breast_cancer_misaligned_ctmle_n6000_s0_chunk11.reps.csv,real_breast_cancer_misaligned,box,6000,0.05,0.0,estimated_residual_lowp_supported,ctmle,estimated,xgboost,xgboost,if_residual,1.0,0.0|0.25|0.5|1.0,aipw_variance,-1.0,1.0,obsval,4.0,0.1,30,0.1,crossfit_rank_empty_standdown,1.0,4,50,3,1469.5413629598916,0.00198285491447614,0.00198285491447614,0.00198285491447614,0.0,3.979786206753774e-05,1.649169117227706e-06,0.0,0.5,0.0,reference,1.0658141036401503e-17,-5.551115123125783e-17,nan,nan,nan,,,nan,nan,nan,nan,nan,nan,nan,nan,0.1,0.245,0.9633333333333334,0.39319727891156464,54,274,0.09,0.18639455782312925,0.01305730418612769,0.01305730418612769,0.0,0.019238247082241373,0.019238247082241373,0.0,0.6732642317054103,0.6732642317054103,0.5916308298315618,0.5916308298315618
m01-j0156,manifest.tsv,dml2_real_real_breast_cancer_misaligned_ctmle_n6000_s0_chunk11.reps.csv,real_breast_cancer_misaligned,box,6000,0.05,0.0,estimated_residual_lowp_supported,ctmle,estimated,xgboost,xgboost,if_residual,1.0,0.0|0.25|0.5|1.0,aipw_variance,-1.0,1.0,obsval,4.0,0.1,30,0.1,crossfit_rank_empty_standdown,1.0,4,50,4,1958.5586436009035,0.01950780685290332,0.01950780685290332,0.01950780685290332,0.0,5.1415080337850055e-05,3.130899617195506e-05,0.0,0.5,0.0,reference,-4.736951571734001e-18,0.0,nan,nan,nan,,,nan,nan,nan,nan,nan,nan,nan,nan,0.0,0.24883333333333332,nan,0.0,0,267,nan,0.17883456128600134,0.0,0.0,0.0,0.015068385047422092,0.015068385047422092,0.0,nan,nan,0.6423550186478081,0.6423550186478081
m01-j0157,manifest.tsv,dml2_real_real_breast_cancer_misaligned_ctmle_n6000_s0_chunk12.reps.csv,real_breast_cancer_misaligned,box,6000,0.05,0.0,estimated_residual_lowp_supported,ctmle,estimated,xgboost,xgboost,if_residual,1.0,0.0|0.25|0.5|1.0,aipw_variance,-1.0,1.0,obsval,4.0,0.1,30,0.1,crossfit_rank_empty_standdown,1.0,4,50,1,487.086208502762,0.011254872270474336,0.011254872270474336,0.011254872270474336,0.0,4.318094113904428e-05,-2.6952520113196173e-05,0.0,0.5,0.0,reference,5.921189464667502e-18,-5.551115123125783e-17,nan,nan,nan,,,nan,nan,nan,nan,nan,nan,nan,nan,0.0,0.2435,nan,0.0,0,262,nan,0.17932922655715264,0.0,0.0,0.0,0.026679315188668794,0.026679315188668794,0.0,nan,nan,0.5844552175761696,0.5844552175761696
m01-j0157,manifest.tsv,dml2_real_real_breast_cancer_misaligned_ctmle_n6000_s0_chunk12.reps.csv,real_breast_cancer_misaligned,box,6000,0.05,0.0,estimated_residual_lowp_supported,ctmle,estimated,xgboost,xgboost,if_residual,1.0,0.0|0.25|0.5|1.0,aipw_variance,-1.0,1.0,obsval,4.0,0.1,30,0.1,crossfit_rank_empty_standdown,1.0,4,50,2,981.4854902923107,0.04240714427593012,0.04240714427593012,0.04240714427593012,0.0,4.8642206200091615e-05,-1.954833441671067e-05,0.0,0.5,0.0,reference,-5.921189464667502e-18,5.551115123125783e-17,nan,nan,nan,,,nan,nan,nan,nan,nan,nan,nan,nan,0.0,0.23866666666666667,nan,0.0,0,242,nan,0.16899441340782123,0.0,0.0,0.0,0.03875754670869181,0.03875754670869181,0.0,nan,nan,0.5947291553417057,0.5947291553417057
m01-j0157,manifest.tsv,dml2_real_real_breast_cancer_misaligned_ctmle_n6000_s0_chunk12.reps.csv,real_breast_cancer_misaligned,box,6000,0.05,0.0,estimated_residual_lowp_supported,ctmle,estimated,xgboost,xgboost,if_residual,1.0,0.0|0.25|0.5|1.0,aipw_variance,-1.0,1.0,obsval,4.0,0.1,30,0.1,crossfit_rank_empty_standdown,1.0,4,50,3,1468.0307014826685,0.030100100361166504,0.030100100361166504,0.030100100361166504,0.0,4.4197448582863506e-05,-1.17318122063199e-05,0.0,0.5,0.0,reference,-9.473903143468002e-18,0.0,nan,nan,nan,,,nan,nan,nan,nan,nan,nan,nan,nan,0.0,0.24316666666666667,nan,0.0,0,247,nan,0.16929403701165183,0.0,0.0,0.0,0.01736876694739102,0.01736876694739102,0.0,nan,nan,0.594976769589907,0.594976769589907
m01-j0157,manifest.tsv,dml2_real_real_breast_cancer_misaligned_ctmle_n6000_s0_chunk12.reps.csv,real_breast_cancer_misaligned,box,6000,0.05,0.0,estimated_residual_lowp_supported,ctmle,estimated,xgboost,xgboost,if_residual,1.0,0.0|0.25|0.5|1.0,aipw_variance,-1.0,1.0,obsval,4.0,0.1,30,0.1,crossfit_rank_empty_standdown,1.0,4,50,4,1954.8055232940242,-0.001133086242752157,-0.001133086242752157,-0.001133086242752157,0.0,3.867809440687934e-05,-3.8109242776215835e-05,0.0,0.5,0.0,reference,-4.736951571734001e-18,-5.551115123125783e-17,nan,nan,nan,,,nan,nan,nan,nan,nan,nan,nan,nan,0.0,0.24483333333333332,nan,0.0,0,266,nan,0.18107556160653507,0.0,0.0,0.0,0.012214742289918066,0.012214742289918066,0.0,nan,nan,0.5362533943135965,0.5362533943135965
m01-j0158,manifest.tsv,dml2_real_real_breast_cancer_misaligned_ctmle_n6000_s0_chunk13.reps.csv,real_breast_cancer_misaligned,box,6000,0.05,0.0,estimated_residual_lowp_supported,ctmle,estimated,xgboost,xgboost,if_residual,1.0,0.0|0.25|0.5|1.0,aipw_variance,-1.0,1.0,obsval,4.0,0.1,30,0.1,crossfit_rank_empty_standdown,1.0,4,50,1,481.19772607274354,0.05082671203285927,0.05082671203285927,0.05082671203285927,0.0,3.122146223580487e-05,-1.948713663070848e-05,0.0,0.5,0.0,reference,-6.5133084111342516e-18,5.551115123125783e-17,nan,nan,nan,,,nan,nan,nan,nan,nan,nan,nan,nan,0.0,0.24383333333333335,nan,0.0,0,271,nan,0.18523581681476417,0.0,0.0,0.0,0.03784791782340805,0.03784791782340805,0.0,nan,nan,0.5983121924183195,0.5983121924183195
m01-j0158,manifest.tsv,dml2_real_real_breast_cancer_misaligned_ctmle_n6000_s0_chunk13.reps.csv,real_breast_cancer_misaligned,box,6000,0.05,0.0,estimated_residual_lowp_supported,ctmle,estimated,xgboost,xgboost,if_residual,1.0,0.0|0.25|0.5|1.0,aipw_variance,-1.0,1.0,obsval,4.0,0.1,30,0.1,crossfit_rank_empty_standdown,1.0,4,50,2,969.7381987767294,0.0345941227153575,0.0345941227153575,0.0345941227153575,0.0,3.637806759981127e-05,1.1932362639665726e-05,0.0,0.5,0.0,reference,1.4210854715202004e-17,0.0,nan,nan,nan,,,nan,nan,nan,nan,nan,nan,nan,nan,0.0,0.24733333333333332,nan,0.0,0,252,nan,0.16981132075471697,0.0,0.0,0.0,0.027462946654653823,0.027462946654653823,0.0,nan,nan,0.60173866875583,0.60173866875583
m01-j0158,manifest.tsv,dml2_real_real_breast_cancer_misaligned_ctmle_n6000_s0_chunk13.reps.csv,real_breast_cancer_misaligned,box,6000,0.05,0.0,estimated_residual_lowp_supported,ctmle,estimated,xgboost,xgboost,if_residual,1.0,0.0|0.25|0.5|1.0,aipw_variance,-1.0,1.0,obsval,4.0,0.1,30,0.1,crossfit_rank_empty_standdown,1.0,4,50,3,1455.1319450782612,0.027353153756017046,0.027353153756017046,0.027353153756017046,0.0,5.367703699207934e-05,-1.0846157639445887e-05,0.0,0.5,0.0,reference,2.3684757858670005e-18,5.551115123125783e-17,nan,nan,nan,,,nan,nan,nan,nan,nan,nan,nan,nan,0.05,0.24816666666666667,0.97,0.19543317662860982,31,285,0.10333333333333333,0.1914036265950302,0.0114203315524625,0.0114203315524625,0.0,0.02534292669246897,0.02534292669246897,0.0,0.6743428654445183,0.6743428654445183,0.5723643320809533,0.5723643320809533
m01-j0158,manifest.tsv,dml2_real_real_breast_cancer_misaligned_ctmle_n6000_s0_chunk13.reps.csv,real_breast_cancer_misaligned,box,6000,0.05,0.0,estimated_residual_lowp_supported,ctmle,estimated,xgboost,xgboost,if_residual,1.0,0.0|0.25|0.5|1.0,aipw_variance,-1.0,1.0,obsval,4.0,0.1,30,0.1,crossfit_rank_empty_standdown,1.0,4,50,4,1942.1917635947466,0.06277398399013417,0.06277398399013417,0.06277398399013417,0.0,3.294531086324524e-05,-2.9157642524105243e-06,0.0,0.5,0.0,reference,-1.7763568394002505e-18,0.0,nan,nan,nan,,,nan,nan,nan,nan,nan,nan,nan,nan,0.075,0.2395,0.9488888888888889,0.2971468336812804,57,275,0.12666666666666668,0.19137091162143355,0.018552417514817336,0.018552417514817336,0.0,0.035882471744718564,0.035882471744718564,0.0,0.6909128247540675,0.6909128247540675,0.597494728616044,0.597494728616044
m01-j0159,manifest.tsv,dml2_real_real_breast_cancer_misaligned_ctmle_n6000_s0_chunk14.reps.csv,real_breast_cancer_misaligned,box,6000,0.05,0.0,estimated_residual_lowp_supported,ctmle,estimated,xgboost,xgboost,if_residual,1.0,0.0|0.25|0.5|1.0,aipw_variance,-1.0,1.0,obsval,4.0,0.1,30,0.1,crossfit_rank_empty_standdown,1.0,4,50,1,484.1563148777932,-0.03598430590705476,-0.03598430590705476,-0.03598430590705476,0.0,5.0119422094689874e-05,-3.5226102719232173e-06,0.0,0.5,0.0,reference,1.6579330501069006e-17,-5.551115123125783e-17,nan,nan,nan,,,nan,nan,nan,nan,nan,nan,nan,nan,0.1,0.2415,0.9616666666666667,0.3982056590752243,60,240,0.1,0.16563146997929606,-0.005082316791796941,-0.005082316791796941,0.0,-0.008603847739474467,-0.008603847739474467,0.0,0.6761425936121632,0.6761425936121632,0.6327560425710304,0.6327560425710304
m01-j0159,manifest.tsv,dml2_real_real_breast_cancer_misaligned_ctmle_n6000_s0_chunk14.reps.csv,real_breast_cancer_misaligned,box,6000,0.05,0.0,estimated_residual_lowp_supported,ctmle,estimated,xgboost,xgboost,if_residual,1.0,0.0|0.25|0.5|1.0,aipw_variance,-1.0,1.0,obsval,4.0,0.1,30,0.1,crossfit_rank_empty_standdown,1.0,4,50,2,972.0020885569975,0.050636917615372756,0.050636917615372756,0.050636917615372756,0.0,3.9543742926109043e-05,-3.763522965111437e-05,0.0,0.5,0.0,reference,1.4210854715202004e-17,0.0,nan,nan,nan,,,nan,nan,nan,nan,nan,nan,nan,nan,0.05,0.24383333333333335,0.9766666666666667,0.20027341079972658,30,256,0.1,0.1749829118250171,0.006746076841445068,0.006746076841445068,0.0,0.02971146047584305,0.02971146047584305,0.0,0.60450129969252,0.60450129969252,0.5879444758526925,0.5879444758526925
m01-j0159,manifest.tsv,dml2_real_real_breast_cancer_misaligned_ctmle_n6000_s0_chunk14.reps.csv,real_breast_cancer_misaligned,box,6000,0.05,0.0,estimated_residual_lowp_supported,ctmle,estimated,xgboost,xgboost,if_residual,1.0,0.0|0.25|0.5|1.0,aipw_variance,-1.0,1.0,obsval,4.0,0.1,30,0.1,crossfit_rank_empty_standdown,1.0,4,50,3,1456.9015006357804,0.061432891863281325,0.061432891863281325,0.061432891863281325,0.0,3.229817196855739e-05,-2.3887330599655558e-05,0.0,0.5,0.0,reference,-1.4210854715202004e-17,0.0,nan,nan,nan,,,nan,nan,nan,nan,nan,nan,nan,nan,0.1,0.24166666666666667,0.9816666666666667,0.40620689655172415,48,237,0.08,0.16344827586206898,0.02261039151412235,0.02261039151412235,0.0,0.038581844953810805,0.038581844953810805,0.0,0.7181903254337613,0.7181903254337613,0.6588279684458883,0.6588279684458883
m01-j0159,manifest.tsv,dml2_real_real_breast_cancer_misaligned_ctmle_n6000_s0_chunk14.reps.csv,real_breast_cancer_misaligned,box,6000,0.05,0.0,estimated_residual_lowp_supported,ctmle,estimated,xgboost,xgboost,if_residual,1.0,0.0|0.25|0.5|1.0,aipw_variance,-1.0,1.0,obsval,4.0,0.1,30,0.1,crossfit_rank_empty_standdown,1.0,4,50,4,1936.712112979032,0.026941695383750075,0.026941695383750075,0.026941695383750075,0.0,5.235522535882158e-05,-2.98088073788061e-05,0.0,0.5,0.0,reference,2.3684757858670005e-18,-5.551115123125783e-17,nan,nan,nan,,,nan,nan,nan,nan,nan,nan,nan,nan,0.075,0.23983333333333334,0.9777777777777777,0.30576789437109103,34,212,0.07555555555555556,0.14732453092425296,0.005795330677392123,0.005795330677392123,0.0,0.01606249760347438,0.01606249760347438,0.0,0.6538891672172037,0.6538891672172037,0.6154738861443404,0.6154738861443404
m01-j0160,manifest.tsv,dml2_real_real_breast_cancer_misaligned_ctmle_n6000_s0_chunk15.reps.csv,real_breast_cancer_misaligned,box,6000,0.05,0.0,estimated_residual_lowp_supported,ctmle,estimated,xgboost,xgboost,if_residual,1.0,0.0|0.25|0.5|1.0,aipw_variance,-1.0,1.0,obsval,4.0,0.1,30,0.1,crossfit_rank_empty_standdown,1.0,4,50,1,487.8747654305771,0.05469881885747124,0.05469881885747124,0.05469881885747124,0.0,6.0078328475263025e-05,-4.137605810910534e-05,0.0,0.5,0.0,reference,-7.105427357601002e-18,5.551115123125783e-17,nan,nan,nan,,,nan,nan,nan,nan,nan,nan,nan,nan,0.1,0.244,0.9733333333333334,0.3989071038251366,42,263,0.07,0.1796448087431694,0.023791732740301753,0.023791732740301753,0.0,0.04074548666158559,0.04074548666158559,0.0,0.6815907064975052,0.6815907064975052,0.6084517672605132,0.6084517672605132
m01-j0160,manifest.tsv,dml2_real_real_breast_cancer_misaligned_ctmle_n6000_s0_chunk15.reps.csv,real_breast_cancer_misaligned,box,6000,0.05,0.0,estimated_residual_lowp_supported,ctmle,estimated,xgboost,xgboost,if_residual,1.0,0.0|0.25|0.5|1.0,aipw_variance,-1.0,1.0,obsval,4.0,0.1,30,0.1,crossfit_rank_empty_standdown,1.0,4,50,2,974.9946801122278,0.029090463995556315,0.029090463995556315,0.029090463995556315,0.0,2.7619665100278774e-05,-1.224045147684593e-05,0.0,0.5,0.0,reference,-1.4210854715202004e-17,0.0,nan,nan,nan,,,nan,nan,nan,nan,nan,nan,nan,nan,0.0,0.24316666666666667,nan,0.0,0,261,nan,0.1788896504455106,0.0,0.0,0.0,0.02514345558190333,0.02514345558190333,0.0,nan,nan,0.6176236466912497,0.6176236466912497
m01-j0160,manifest.tsv,dml2_real_real_breast_cancer_misaligned_ctmle_n6000_s0_chunk15.reps.csv,real_breast_cancer_misaligned,box,6000,0.05,0.0,estimated_residual_lowp_supported,ctmle,estimated,xgboost,xgboost,if_residual,1.0,0.0|0.25|0.5|1.0,aipw_variance,-1.0,1.0,obsval,4.0,0.1,30,0.1,crossfit_rank_empty_standdown,1.0,4,50,3,1456.3157815616578,-0.0007439337376545785,-0.0007439337376545785,-0.0007439337376545785,0.0,6.0514635971788047e-05,2.301349575865451e-06,0.0,0.5,0.0,reference,1.1842378929335003e-18,0.0,nan,nan,nan,,,nan,nan,nan,nan,nan,nan,nan,nan,0.1,0.25033333333333335,0.9633333333333334,0.3848202396804261,55,266,0.09166666666666666,0.17709720372836218,-0.003768081040941383,-0.003768081040941383,0.0,-0.002667564773581481,-0.002667564773581481,0.0,0.6904080980404944,0.6904080980404944,0.6121491574850193,0.6121491574850193
m01-j0160,manifest.tsv,dml2_real_real_breast_cancer_misaligned_ctmle_n6000_s0_chunk15.reps.csv,real_breast_cancer_misaligned,box,6000,0.05,0.0,estimated_residual_lowp_supported,ctmle,estimated,xgboost,xgboost,if_residual,1.0,0.0|0.25|0.5|1.0,aipw_variance,-1.0,1.0,obsval,4.0,0.1,30,0.1,crossfit_rank_empty_standdown,1.0,4,50,4,1942.6139232385904,0.009523391442924689,0.009523391442924689,0.009523391442924689,0.0,4.270206938602767e-05,-8.210437351519506e-06,0.0,0.5,0.0,reference,-7.105427357601002e-18,0.0,nan,nan,nan,,,nan,nan,nan,nan,nan,nan,nan,nan,0.075,0.2445,0.9777777777777777,0.299931833674165,39,258,0.08666666666666667,0.17586912065439672,0.004635767672530039,0.004635767672530039,0.0,0.004834382132487813,0.004834382132487813,0.0,0.6190016302690127,0.6190016302690127,0.596805813035949,0.596805813035949
m01-j0161,manifest.tsv,dml2_real_real_breast_cancer_misaligned_ctmle_n6000_s0_chunk16.reps.csv,real_breast_cancer_misaligned,box,6000,0.05,0.0,estimated_residual_lowp_supported,ctmle,estimated,xgboost,xgboost,if_residual,1.0,0.0|0.25|0.5|1.0,aipw_variance,-1.0,1.0,obsval,4.0,0.1,30,0.1,crossfit_rank_empty_standdown,1.0,4,50,1,480.93064365163445,0.047285364085185744,0.047285364085185744,0.047285364085185744,0.0,3.8593164743613135e-05,-3.8648977208411534e-05,0.0,0.5,0.0,reference,-4.736951571734001e-18,0.0,nan,nan,nan,,,nan,nan,nan,nan,nan,nan,nan,nan,0.075,0.24616666666666667,0.9777777777777777,0.2979011509817197,37,248,0.08222222222222222,0.16790792146242384,0.01684149085694047,0.01684149085694047,0.0,0.04052409546353262,0.04052409546353262,0.0,0.6500150320381295,0.6500150320381295,0.5960607729679203,0.5960607729679203
m01-j0161,manifest.tsv,dml2_real_real_breast_cancer_misaligned_ctmle_n6000_s0_chunk16.reps.csv,real_breast_cancer_misaligned,box,6000,0.05,0.0,estimated_residual_lowp_supported,ctmle,estimated,xgboost,xgboost,if_residual,1.0,0.0|0.25|0.5|1.0,aipw_variance,-1.0,1.0,obsval,4.0,0.1,30,0.1,crossfit_rank_empty_standdown,1.0,4,50,2,966.3460213979706,0.03010167408698411,0.03010167408698411,0.03010167408698411,0.0,6.005698969215978e-05,1.837324969361726e-05,0.0,0.5,0.0,reference,-7.105427357601002e-18,-5.551115123125783e-17,nan,nan,nan,,,nan,nan,nan,nan,nan,nan,nan,nan,0.0,0.24616666666666667,nan,0.0,0,256,nan,0.17332430602572782,0.0,0.0,0.0,0.025931339094391347,0.025931339094391347,0.0,nan,nan,0.6517995999370468,0.6517995999370468
m01-j0161,manifest.tsv,dml2_real_real_breast_cancer_misaligned_ctmle_n6000_s0_chunk16.reps.csv,real_breast_cancer_misaligned,box,6000,0.05,0.0,estimated_residual_lowp_supported,ctmle,estimated,xgboost,xgboost,if_residual,1.0,0.0|0.25|0.5|1.0,aipw_variance,-1.0,1.0,obsval,4.0,0.1,30,0.1,crossfit_rank_empty_standdown,1.0,4,50,3,1452.3610865008086,0.06283244657368653,0.06283244657368653,0.06283244657368653,0.0,3.98802433798555e-05,3.0245885850623357e-05,0.0,0.5,0.0,reference,1.5395092608135503e-17,0.0,nan,nan,nan,,,nan,nan,nan,nan,nan,nan,nan,nan,0.05,0.23733333333333334,0.9533333333333334,0.20084269662921347,50,291,0.16666666666666666,0.20435393258426968,0.018488617698976695,0.018488617698976695,0.0,0.045081555716840874,0.045081555716840874,0.0,0.7725443462413951,0.7725443462413951,0.6467618887769814,0.6467618887769814
m01-j0161,manifest.tsv,dml2_real_real_breast_cancer_misaligned_ctmle_n6000_s0_chunk16.reps.csv,real_breast_cancer_misaligned,box,6000,0.05,0.0,estimated_residual_lowp_supported,ctmle,estimated,xgboost,xgboost,if_residual,1.0,0.0|0.25|0.5|1.0,aipw_variance,-1.0,1.0,obsval,4.0,0.1,30,0.1,crossfit_rank_empty_standdown,1.0,4,50,4,1940.2078285068274,0.012116392860988923,0.012116392860988923,0.012116392860988923,0.0,6.257289577181956e-05,-8.8178422767182e-06,0.0,0.5,0.0,reference,3.552713678800501e-18,0.0,nan,nan,nan,,,nan,nan,nan,nan,nan,nan,nan,nan,0.0,0.25083333333333335,nan,0.0,0,284,nan,0.18870431893687709,0.0,0.0,0.0,0.01845458411304159,0.01845458411304159,0.0,nan,nan,0.5597563648383619,0.5597563648383619
m01-j0162,manifest.tsv,dml2_real_real_breast_cancer_misaligned_ctmle_n6000_s0_chunk17.reps.csv,real_breast_cancer_misaligned,box,6000,0.05,0.0,estimated_residual_lowp_supported,ctmle,estimated,xgboost,xgboost,if_residual,1.0,0.0|0.25|0.5|1.0,aipw_variance,-1.0,1.0,obsval,4.0,0.1,30,0.1,crossfit_rank_empty_standdown,1.0,4,50,1,484.878828747198,0.004961779691029733,0.004961779691029733,0.004961779691029733,0.0,3.756038734170229e-05,-2.727557873768283e-05,0.0,0.5,0.0,reference,9.473903143468002e-18,0.0,nan,nan,nan,,,nan,nan,nan,nan,nan,nan,nan,nan,0.0,0.24316666666666667,nan,0.0,0,262,nan,0.17957505140507196,0.0,0.0,0.0,0.012744450719592739,0.012744450719592739,0.0,nan,nan,0.608417436934943,0.608417436934943
m01-j0162,manifest.tsv,dml2_real_real_breast_cancer_misaligned_ctmle_n6000_s0_chunk17.reps.csv,real_breast_cancer_misaligned,box,6000,0.05,0.0,estimated_residual_lowp_supported,ctmle,estimated,xgboost,xgboost,if_residual,1.0,0.0|0.25|0.5|1.0,aipw_variance,-1.0,1.0,obsval,4.0,0.1,30,0.1,crossfit_rank_empty_standdown,1.0,4,50,2,973.8329085195437,0.018559839628241148,0.018559839628241148,0.018559839628241148,0.0,3.661010097499558e-05,2.3293706856238224e-06,0.0,0.5,0.0,reference,-1.1842378929335003e-18,5.551115123125783e-17,nan,nan,nan,,,nan,nan,nan,nan,nan,nan,nan,nan,0.075,0.24433333333333335,0.9733333333333334,0.2987721691678035,41,282,0.09111111111111111,0.19236016371077763,0.010206465576371672,0.010206465576371672,0.0,0.016324653923493,0.016324653923493,0.0,0.6239514674130335,0.6239514674130335,0.5919049721237345,0.5919049721237345
m01-j0162,manifest.tsv,dml2_real_real_breast_cancer_misaligned_ctmle_n6000_s0_chunk17.reps.csv,real_breast_cancer_misaligned,box,6000,0.05,0.0,estimated_residual_lowp_supported,ctmle,estimated,xgboost,xgboost,if_residual,1.0,0.0|0.25|0.5|1.0,aipw_variance,-1.0,1.0,obsval,4.0,0.1,30,0.1,crossfit_rank_empty_standdown,1.0,4,50,3,1460.4251260645688,0.015161930528943934,0.015161930528943934,0.015161930528943934,0.0,3.7680622780334036e-05,-4.639567127707209e-05,0.0,0.5,0.0,reference,-7.105427357601002e-18,0.0,nan,nan,nan,,,nan,nan,nan,nan,nan,nan,nan,nan,0.1,0.24566666666666667,0.97,0.3948439620081411,59,270,0.09833333333333333,0.18317503392130258,0.009555185541781697,0.009555185541781697,0.0,0.018336904940364274,0.018336904940364274,0.0,0.586446654081856,0.586446654081856,0.5498825119369779,0.5498825119369779
m01-j0162,manifest.tsv,dml2_real_real_breast_cancer_misaligned_ctmle_n6000_s0_chunk17.reps.csv,real_breast_cancer_misaligned,box,6000,0.05,0.0,estimated_residual_lowp_supported,ctmle,estimated,xgboost,xgboost,if_residual,1.0,0.0|0.25|0.5|1.0,aipw_variance,-1.0,1.0,obsval,4.0,0.1,30,0.1,crossfit_rank_empty_standdown,1.0,4,50,4,1948.2719102781266,0.047791697018832846,0.047791697018832846,0.047791697018832846,0.0,2.4213372952976045e-05,-9.938469959042682e-06,0.0,0.5,0.0,reference,-5.3290705182007515e-18,-5.551115123125783e-17,nan,nan,nan,,,nan,nan,nan,nan,nan,nan,nan,nan,0.0,0.247,nan,0.0,0,269,nan,0.1815114709851552,0.0,0.0,0.0,0.03357379189126992,0.03357379189126992,0.0,nan,nan,0.6154931894414692,0.6154931894414692
m01-j0163,manifest.tsv,dml2_real_real_breast_cancer_misaligned_ctmle_n6000_s0_chunk18.reps.csv,real_breast_cancer_misaligned,box,6000,0.05,0.0,estimated_residual_lowp_supported,ctmle,estimated,xgboost,xgboost,if_residual,1.0,0.0|0.25|0.5|1.0,aipw_variance,-1.0,1.0,obsval,4.0,0.1,30,0.1,crossfit_rank_empty_standdown,1.0,4,50,1,483.3543381681666,-0.004922841274743683,-0.004922841274743683,-0.004922841274743683,0.0,5.0870188673063886e-05,-2.0499962725661067e-05,0.0,0.5,0.0,reference,2.3684757858670005e-18,5.551115123125783e-17,nan,nan,nan,,,nan,nan,nan,nan,nan,nan,nan,nan,0.075,0.246,0.9511111111111111,0.2899728997289973,38,274,0.08444444444444445,0.1856368563685637,0.008163749269820768,0.008163749269820768,0.0,0.014014581327495008,0.014014581327495008,0.0,0.7320588047879367,0.7320588047879367,0.6248459210632015,0.6248459210632015
m01-j0163,manifest.tsv,dml2_real_real_breast_cancer_misaligned_ctmle_n6000_s0_chunk18.reps.csv,real_breast_cancer_misaligned,box,6000,0.05,0.0,estimated_residual_lowp_supported,ctmle,estimated,xgboost,xgboost,if_residual,1.0,0.0|0.25|0.5|1.0,aipw_variance,-1.0,1.0,obsval,4.0,0.1,30,0.1,crossfit_rank_empty_standdown,1.0,4,50,2,969.7794244345278,0.023640000302416364,0.023640000302416364,0.023640000302416364,0.0,3.9909817041517207e-05,-5.2514102339131885e-05,0.0,0.5,0.0,reference,-3.552713678800501e-18,5.551115123125783e-17,nan,nan,nan,,,nan,nan,nan,nan,nan,nan,nan,nan,0.05,0.2455,0.9466666666666667,0.19280380176510523,34,260,0.11333333333333333,0.17651052274270196,0.013661088231422008,0.013661088231422008,0.0,0.03371009615148041,0.03371009615148041,0.0,0.6337854476795582,0.6337854476795582,0.6068439943956581,0.6068439943956581
m01-j0163,manifest.tsv,dml2_real_real_breast_cancer_misaligned_ctmle_n6000_s0_chunk18.reps.csv,real_breast_cancer_misaligned,box,6000,0.05,0.0,estimated_residual_lowp_supported,ctmle,estimated,xgboost,xgboost,if_residual,1.0,0.0|0.25|0.5|1.0,aipw_variance,-1.0,1.0,obsval,4.0,0.1,30,0.1,crossfit_rank_empty_standdown,1.0,4,50,3,1456.308090109378,0.010131613117231208,0.010131613117231208,0.010131613117231208,0.0,2.941753675716368e-05,-3.0211020507205945e-05,0.0,0.5,0.0,reference,-1.7763568394002505e-17,5.551115123125783e-17,nan,nan,nan,,,nan,nan,nan,nan,nan,nan,nan,nan,0.0,0.24116666666666667,nan,0.0,0,289,nan,0.19972356599861782,0.0,0.0,0.0,0.010265460778091885,0.010265460778091885,0.0,nan,nan,0.6305093521828617,0.6305093521828617
m01-j0163,manifest.tsv,dml2_real_real_breast_cancer_misaligned_ctmle_n6000_s0_chunk18.reps.csv,real_breast_cancer_misaligned,box,6000,0.05,0.0,estimated_residual_lowp_supported,ctmle,estimated,xgboost,xgboost,if_residual,1.0,0.0|0.25|0.5|1.0,aipw_variance,-1.0,1.0,obsval,4.0,0.1,30,0.1,crossfit_rank_empty_standdown,1.0,4,50,4,1944.5108856568113,0.015447849599896923,0.015447849599896923,0.015447849599896923,0.0,5.6444152994517124e-05,-8.550811914122367e-05,0.0,0.5,0.0,reference,-7.105427357601002e-18,0.0,nan,nan,nan,,,nan,nan,nan,nan,nan,nan,nan,nan,0.1,0.24116666666666667,0.9733333333333334,0.4035936420179682,54,278,0.09,0.19212163096060816,0.01245219543384026,0.01245219543384026,0.0,0.017222323908080085,0.017222323908080085,0.0,0.6204483530299542,0.6204483530299542,0.6123826429140311,0.6123826429140311
m01-j0164,manifest.tsv,dml2_real_real_breast_cancer_misaligned_ctmle_n6000_s0_chunk19.reps.csv,real_breast_cancer_misaligned,box,6000,0.05,0.0,estimated_residual_lowp_supported,ctmle,estimated,xgboost,xgboost,if_residual,1.0,0.0|0.25|0.5|1.0,aipw_variance,-1.0,1.0,obsval,4.0,0.1,30,0.1,crossfit_rank_empty_standdown,1.0,4,50,1,483.3586230678484,-0.014729575474428325,-0.014729575474428325,-0.014729575474428325,0.0,6.960055496374343e-05,-3.291364420125227e-05,0.0,0.5,0.0,reference,-4.736951571734001e-18,0.0,nan,nan,nan,,,nan,nan,nan,nan,nan,nan,nan,nan,0.1,0.24183333333333334,0.9633333333333334,0.3983459682977257,65,246,0.10833333333333334,0.1695382494831151,0.0039043120711496244,0.0039043120711496244,0.0,0.005102616535251266,0.005102616535251266,0.0,0.6625254579767438,0.6625254579767438,0.6005986563571254,0.6005986563571254
m01-j0164,manifest.tsv,dml2_real_real_breast_cancer_misaligned_ctmle_n6000_s0_chunk19.reps.csv,real_breast_cancer_misaligned,box,6000,0.05,0.0,estimated_residual_lowp_supported,ctmle,estimated,xgboost,xgboost,if_residual,1.0,0.0|0.25|0.5|1.0,aipw_variance,-1.0,1.0,obsval,4.0,0.1,30,0.1,crossfit_rank_empty_standdown,1.0,4,50,2,971.635296520777,-0.00025001755338205367,-0.00025001755338205367,-0.00025001755338205367,0.0,6.357509127768784e-05,-3.378111229926904e-05,0.0,0.5,0.0,reference,-1.4210854715202004e-17,5.551115123125783e-17,nan,nan,nan,,,nan,nan,nan,nan,nan,nan,nan,nan,0.0,0.24183333333333334,nan,0.0,0,261,nan,0.17987594762232942,0.0,0.0,0.0,0.021532592507580654,0.021532592507580654,0.0,nan,nan,0.6158458498193432,0.6158458498193432
m01-j0164,manifest.tsv,dml2_real_real_breast_cancer_misaligned_ctmle_n6000_s0_chunk19.reps.csv,real_breast_cancer_misaligned,box,6000,0.05,0.0,estimated_residual_lowp_supported,ctmle,estimated,xgboost,xgboost,if_residual,1.0,0.0|0.25|0.5|1.0,aipw_variance,-1.0,1.0,obsval,4.0,0.1,30,0.1,crossfit_rank_empty_standdown,1.0,4,50,3,1456.816314782016,0.029607932201338616,0.029607932201338616,0.029607932201338616,0.0,7.095436567969727e-05,-1.459062857266341e-05,0.0,0.5,0.0,reference,3.552713678800501e-18,5.551115123125783e-17,nan,nan,nan,,,nan,nan,nan,nan,nan,nan,nan,nan,0.0,0.24133333333333334,nan,0.0,0,239,nan,0.16505524861878454,0.0,0.0,0.0,0.030116258434101886,0.030116258434101886,0.0,nan,nan,0.6324313661611016,0.6324313661611016
m01-j0164,manifest.tsv,dml2_real_real_breast_cancer_misaligned_ctmle_n6000_s0_chunk19.reps.csv,real_breast_cancer_misaligned,box,6000,0.05,0.0,estimated_residual_lowp_supported,ctmle,estimated,xgboost,xgboost,if_residual,1.0,0.0|0.25|0.5|1.0,aipw_variance,-1.0,1.0,obsval,4.0,0.1,30,0.1,crossfit_rank_empty_standdown,1.0,4,50,4,1942.1359126577154,0.035923181669378135,0.035923181669378135,0.035923181669378135,0.0,3.339570737588451e-05,-2.0385420820063463e-05,0.0,0.5,0.0,reference,2.960594732333751e-18,0.0,nan,nan,nan,,,nan,nan,nan,nan,nan,nan,nan,nan,0.0,0.24183333333333334,nan,0.0,0,243,nan,0.16747070985527224,0.0,0.0,0.0,0.029219934527535085,0.029219934527535085,0.0,nan,nan,0.5784202719331786,0.5784202719331786
m01-j0165,manifest.tsv,dml2_real_real_breast_cancer_misaligned_ctmle_n6000_s0_chunk20.reps.csv,real_breast_cancer_misaligned,box,6000,0.05,0.0,estimated_residual_lowp_supported,ctmle,estimated,xgboost,xgboost,if_residual,1.0,0.0|0.25|0.5|1.0,aipw_variance,-1.0,1.0,obsval,4.0,0.1,30,0.1,crossfit_rank_empty_standdown,1.0,4,50,1,483.72673793695867,0.004433224157666116,0.004433224157666116,0.004433224157666116,0.0,7.3449246851362e-05,-4.625932162199113e-05,0.0,0.5,0.0,reference,-1.7763568394002505e-18,0.0,nan,nan,nan,,,nan,nan,nan,nan,nan,nan,nan,nan,0.1,0.24183333333333334,0.955,0.39490006891798757,74,245,0.12333333333333334,0.16884906960716747,0.008823754591253473,0.008823754591253473,0.0,0.017326300770932883,0.017326300770932883,0.0,0.6116748585775114,0.6116748585775114,0.54919491597357,0.54919491597357
m01-j0165,manifest.tsv,dml2_real_real_breast_cancer_misaligned_ctmle_n6000_s0_chunk20.reps.csv,real_breast_cancer_misaligned,box,6000,0.05,0.0,estimated_residual_lowp_supported,ctmle,estimated,xgboost,xgboost,if_residual,1.0,0.0|0.25|0.5|1.0,aipw_variance,-1.0,1.0,obsval,4.0,0.1,30,0.1,crossfit_rank_empty_standdown,1.0,4,50,2,978.5772363068536,0.039909610632782866,0.039909610632782866,0.039909610632782866,0.0,2.874832310094909e-05,-9.524110624235154e-06,0.0,0.5,0.0,reference,3.552713678800501e-18,0.0,nan,nan,nan,,,nan,nan,nan,nan,nan,nan,nan,nan,0.0,0.24666666666666667,nan,0.0,0,283,nan,0.1912162162162162,0.0,0.0,0.0,0.028298503021705414,0.028298503021705414,0.0,nan,nan,0.5718095923339573,0.5718095923339573
m01-j0165,manifest.tsv,dml2_real_real_breast_cancer_misaligned_ctmle_n6000_s0_chunk20.reps.csv,real_breast_cancer_misaligned,box,6000,0.05,0.0,estimated_residual_lowp_supported,ctmle,estimated,xgboost,xgboost,if_residual,1.0,0.0|0.25|0.5|1.0,aipw_variance,-1.0,1.0,obsval,4.0,0.1,30,0.1,crossfit_rank_empty_standdown,1.0,4,50,3,1464.8768626051024,0.038116874707289694,0.038116874707289694,0.038116874707289694,0.0,4.097023589414101e-05,6.17981387392749e-07,0.0,0.5,0.0,reference,4.736951571734001e-18,0.0,nan,nan,nan,,,nan,nan,nan,nan,nan,nan,nan,nan,0.1,0.247,0.98,0.3967611336032389,45,273,0.075,0.18421052631578946,0.03031863338533203,0.03031863338533203,0.0,0.03665151790462566,0.03665151790462566,0.0,0.7165767189000394,0.7165767189000394,0.629303498570824,0.629303498570824
m01-j0165,manifest.tsv,dml2_real_real_breast_cancer_misaligned_ctmle_n6000_s0_chunk20.reps.csv,real_breast_cancer_misaligned,box,6000,0.05,0.0,estimated_residual_lowp_supported,ctmle,estimated,xgboost,xgboost,if_residual,1.0,0.0|0.25|0.5|1.0,aipw_variance,-1.0,1.0,obsval,4.0,0.1,30,0.1,crossfit_rank_empty_standdown,1.0,4,50,4,1955.0083566540852,0.04064667489142765,0.04064667489142765,0.04064667489142765,0.0,3.279243502464361e-05,-2.700084243268026e-06,0.0,0.5,0.0,reference,-4.736951571734001e-18,5.551115123125783e-17,nan,nan,nan,,,nan,nan,nan,nan,nan,nan,nan,nan,0.0,0.25233333333333335,nan,0.0,0,316,nan,0.20871862615587847,0.0,0.0,0.0,0.030987399682387236,0.030987399682387236,0.0,nan,nan,0.6090778106195858,0.6090778106195858
m01-j0166,manifest.tsv,dml2_real_real_breast_cancer_misaligned_ctmle_n6000_s0_chunk21.reps.csv,real_breast_cancer_misaligned,box,6000,0.05,0.0,estimated_residual_lowp_supported,ctmle,estimated,xgboost,xgboost,if_residual,1.0,0.0|0.25|0.5|1.0,aipw_variance,-1.0,1.0,obsval,4.0,0.1,30,0.1,crossfit_rank_empty_standdown,1.0,4,50,1,487.9004362374544,0.023003852843480388,0.023003852843480388,0.023003852843480388,0.0,2.5482129835290588e-05,-2.582106550355742e-05,0.0,0.5,0.0,reference,-2.6645352591003758e-18,0.0,nan,nan,nan,,,nan,nan,nan,nan,nan,nan,nan,nan,0.1,0.24466666666666667,0.9683333333333334,0.3957765667574932,50,259,0.08333333333333333,0.17643051771117166,0.028333462809096387,0.028333462809096387,0.0,0.034962291596260194,0.034962291596260194,0.0,0.7136574897610882,0.7136574897610882,0.6252499830649547,0.6252499830649547
m01-j0166,manifest.tsv,dml2_real_real_breast_cancer_misaligned_ctmle_n6000_s0_chunk21.reps.csv,real_breast_cancer_misaligned,box,6000,0.05,0.0,estimated_residual_lowp_supported,ctmle,estimated,xgboost,xgboost,if_residual,1.0,0.0|0.25|0.5|1.0,aipw_variance,-1.0,1.0,obsval,4.0,0.1,30,0.1,crossfit_rank_empty_standdown,1.0,4,50,2,976.9005905138329,-0.023092109081571166,-0.023092109081571166,-0.023092109081571166,0.0,5.814584222169701e-05,-7.78331573690139e-06,0.0,0.5,0.0,reference,3.848773152033876e-18,0.0,nan,nan,nan,,,nan,nan,nan,nan,nan,nan,nan,nan,0.0,0.245,nan,0.0,0,253,nan,0.17210884353741496,0.0,0.0,0.0,5.694899330618952e-05,5.694899330618952e-05,0.0,nan,nan,0.5702400597721621,0.5702400597721621
m01-j0166,manifest.tsv,dml2_real_real_breast_cancer_misaligned_ctmle_n6000_s0_chunk21.reps.csv,real_breast_cancer_misaligned,box,6000,0.05,0.0,estimated_residual_lowp_supported,ctmle,estimated,xgboost,xgboost,if_residual,1.0,0.0|0.25|0.5|1.0,aipw_variance,-1.0,1.0,obsval,4.0,0.1,30,0.1,crossfit_rank_empty_standdown,1.0,4,50,3,1461.4345839982852,0.04247497316530324,0.04247497316530324,0.04247497316530324,0.0,4.64438386445354e-05,-3.79461635229059e-05,0.0,0.5,0.0,reference,0.0,0.0,nan,nan,nan,,,nan,nan,nan,nan,nan,nan,nan,nan,0.0,0.23983333333333334,nan,0.0,0,236,nan,0.16400277970813065,0.0,0.0,0.0,0.022660333102794156,0.022660333102794156,0.0,nan,nan,0.556221782840895,0.556221782840895
m01-j0166,manifest.tsv,dml2_real_real_breast_cancer_misaligned_ctmle_n6000_s0_chunk21.reps.csv,real_breast_cancer_misaligned,box,6000,0.05,0.0,estimated_residual_lowp_supported,ctmle,estimated,xgboost,xgboost,if_residual,1.0,0.0|0.25|0.5|1.0,aipw_variance,-1.0,1.0,obsval,4.0,0.1,30,0.1,crossfit_rank_empty_standdown,1.0,4,50,4,1945.6875878153369,0.007019467935791612,0.007019467935791612,0.007019467935791612,0.0,5.2041079602942685e-05,-1.9456328508226967e-05,0.0,0.5,0.0,reference,0.0,0.0,nan,nan,nan,,,nan,nan,nan,nan,nan,nan,nan,nan,0.0,0.252,nan,0.0,0,286,nan,0.18915343915343916,0.0,0.0,0.0,0.019698065289073644,0.019698065289073644,0.0,nan,nan,0.5536149268812642,0.5536149268812642
m01-j0167,manifest.tsv,dml2_real_real_breast_cancer_misaligned_ctmle_n6000_s0_chunk22.reps.csv,real_breast_cancer_misaligned,box,6000,0.05,0.0,estimated_residual_lowp_supported,ctmle,estimated,xgboost,xgboost,if_residual,1.0,0.0|0.25|0.5|1.0,aipw_variance,-1.0,1.0,obsval,4.0,0.1,30,0.1,crossfit_rank_empty_standdown,1.0,4,50,1,483.49505074322224,0.05282822178522906,0.05282822178522906,0.05282822178522906,0.0,2.3125632200751743e-05,-3.0213510340019664e-06,0.0,0.5,0.0,reference,-7.697546304067752e-18,0.0,nan,nan,nan,,,nan,nan,nan,nan,nan,nan,nan,nan,0.0,0.24333333333333335,nan,0.0,0,263,nan,0.18013698630136987,0.0,0.0,0.0,0.022000386367562817,0.022000386367562817,0.0,nan,nan,0.5399648789692975,0.5399648789692975
m01-j0167,manifest.tsv,dml2_real_real_breast_cancer_misaligned_ctmle_n6000_s0_chunk22.reps.csv,real_breast_cancer_misaligned,box,6000,0.05,0.0,estimated_residual_lowp_supported,ctmle,estimated,xgboost,xgboost,if_residual,1.0,0.0|0.25|0.5|1.0,aipw_variance,-1.0,1.0,obsval,4.0,0.1,30,0.1,crossfit_rank_empty_standdown,1.0,4,50,2,969.3353619715199,0.03755711583419519,0.03755711583419519,0.03755711583419519,0.0,3.180257521464647e-05,-2.056661462860091e-05,0.0,0.5,0.0,reference,1.0658141036401503e-17,0.0,nan,nan,nan,,,nan,nan,nan,nan,nan,nan,nan,nan,0.0,0.24066666666666667,nan,0.0,0,251,nan,0.17382271468144045,0.0,0.0,0.0,0.027908465553893175,0.027908465553893175,0.0,nan,nan,0.606606733149965,0.606606733149965
m01-j0167,manifest.tsv,dml2_real_real_breast_cancer_misaligned_ctmle_n6000_s0_chunk22.reps.csv,real_breast_cancer_misaligned,box,6000,0.05,0.0,estimated_residual_lowp_supported,ctmle,estimated,xgboost,xgboost,if_residual,1.0,0.0|0.25|0.5|1.0,aipw_variance,-1.0,1.0,obsval,4.0,0.1,30,0.1,crossfit_rank_empty_standdown,1.0,4,50,3,1457.583996469155,0.020428424131417433,0.020428424131417433,0.020428424131417433,0.0,3.880770561204088e-05,-1.1252481356058535e-06,0.0,0.5,0.0,reference,1.5395092608135503e-17,-5.551115123125783e-17,nan,nan,nan,,,nan,nan,nan,nan,nan,nan,nan,nan,0.075,0.245,0.9,0.2755102040816326,69,280,0.15333333333333332,0.19047619047619047,0.011872974974130864,0.011872974974130864,0.0,0.03158301934339558,0.03158301934339558,0.0,0.705615074271112,0.705615074271112,0.6547540034851529,0.6547540034851529
m01-j0167,manifest.tsv,dml2_real_real_breast_cancer_misaligned_ctmle_n6000_s0_chunk22.reps.csv,real_breast_cancer_misaligned,box,6000,0.05,0.0,estimated_residual_lowp_supported,ctmle,estimated,xgboost,xgboost,if_residual,1.0,0.0|0.25|0.5|1.0,aipw_variance,-1.0,1.0,obsval,4.0,0.1,30,0.1,crossfit_rank_empty_standdown,1.0,4,50,4,1963.3604039028287,0.04070081459762365,0.04070081459762365,0.04070081459762365,0.0,2.8361615236034503e-05,-2.5052012724577865e-05,0.0,0.5,0.0,reference,8.881784197001253e-18,5.551115123125783e-17,nan,nan,nan,,,nan,nan,nan,nan,nan,nan,nan,nan,0.075,0.24616666666666667,0.9866666666666667,0.3006093432633717,32,275,0.07111111111111111,0.18618821936357483,0.022401202569426782,0.022401202569426782,0.0,0.043711112649165725,0.043711112649165725,0.0,0.7278157440628885,0.7278157440628885,0.6670163454160328,0.6670163454160328
m01-j0168,manifest.tsv,dml2_real_real_breast_cancer_misaligned_ctmle_n6000_s0_chunk23.reps.csv,real_breast_cancer_misaligned,box,6000,0.05,0.0,estimated_residual_lowp_supported,ctmle,estimated,xgboost,xgboost,if_residual,1.0,0.0|0.25|0.5|1.0,aipw_variance,-1.0,1.0,obsval,4.0,0.1,30,0.1,crossfit_rank_empty_standdown,1.0,4,50,1,487.258998000063,0.033826201594662375,0.033826201594662375,0.033826201594662375,0.0,4.13136311100599e-05,-2.9325520360344733e-05,0.0,0.5,0.0,reference,-9.473903143468002e-18,-5.551115123125783e-17,nan,nan,nan,,,nan,nan,nan,nan,nan,nan,nan,nan,0.1,0.23966666666666667,0.9633333333333334,0.4019471488178025,55,249,0.09166666666666666,0.17315716272600834,0.00947638124642145,0.00947638124642145,0.0,0.01217567294873633,0.01217567294873633,0.0,0.6070069983754747,0.6070069983754747,0.5592920281830034,0.5592920281830034
m01-j0168,manifest.tsv,dml2_real_real_breast_cancer_misaligned_ctmle_n6000_s0_chunk23.reps.csv,real_breast_cancer_misaligned,box,6000,0.05,0.0,estimated_residual_lowp_supported,ctmle,estimated,xgboost,xgboost,if_residual,1.0,0.0|0.25|0.5|1.0,aipw_variance,-1.0,1.0,obsval,4.0,0.1,30,0.1,crossfit_rank_empty_standdown,1.0,4,50,2,978.8303370140493,0.015026889157433942,0.015026889157433942,0.015026889157433942,0.0,4.77835329945127e-05,-4.736031319257938e-05,0.0,0.5,0.0,reference,5.921189464667501e-19,5.551115123125783e-17,nan,nan,nan,,,nan,nan,nan,nan,nan,nan,nan,nan,0.1,0.249,0.9716666666666667,0.39022757697456495,54,264,0.09,0.17670682730923695,0.008008507824029561,0.008008507824029561,0.0,0.012950996592099941,0.012950996592099941,0.0,0.6736033743396449,0.6736033743396449,0.6276885226241555,0.6276885226241555
m01-j0168,manifest.tsv,dml2_real_real_breast_cancer_misaligned_ctmle_n6000_s0_chunk23.reps.csv,real_breast_cancer_misaligned,box,6000,0.05,0.0,estimated_residual_lowp_supported,ctmle,estimated,xgboost,xgboost,if_residual,1.0,0.0|0.25|0.5|1.0,aipw_variance,-1.0,1.0,obsval,4.0,0.1,30,0.1,crossfit_rank_empty_standdown,1.0,4,50,3,1466.2989640962332,-0.011153944393639148,-0.011153944393639148,-0.011153944393639148,0.0,3.536859612277097e-05,-2.3722596030189072e-05,0.0,0.5,0.0,reference,-2.3684757858670005e-18,0.0,nan,nan,nan,,,nan,nan,nan,nan,nan,nan,nan,nan,0.0,0.2445,nan,0.0,0,282,nan,0.19222903885480572,0.0,0.0,0.0,0.017424390032972633,0.017424390032972633,0.0,nan,nan,0.5913657310685453,0.5913657310685453
m01-j0168,manifest.tsv,dml2_real_real_breast_cancer_misaligned_ctmle_n6000_s0_chunk23.reps.csv,real_breast_cancer_misaligned,box,6000,0.05,0.0,estimated_residual_lowp_supported,ctmle,estimated,xgboost,xgboost,if_residual,1.0,0.0|0.25|0.5|1.0,aipw_variance,-1.0,1.0,obsval,4.0,0.1,30,0.1,crossfit_rank_empty_standdown,1.0,4,50,4,1950.362948179245,0.037368126283565395,0.037368126283565395,0.037368126283565395,0.0,5.597834864420567e-05,-1.1771412180431055e-05,0.0,0.5,0.0,reference,-1.4210854715202004e-17,0.0,nan,nan,nan,,,nan,nan,nan,nan,nan,nan,nan,nan,0.0,0.24266666666666667,nan,0.0,0,286,nan,0.19642857142857142,0.0,0.0,0.0,0.033517499567617716,0.033517499567617716,0.0,nan,nan,0.6022064699669533,0.6022064699669533
m01-j0169,manifest.tsv,dml2_real_real_breast_cancer_misaligned_cui_selective_ml_n6000_s0_chunk00.reps.csv,real_breast_cancer_misaligned,box,6000,0.05,0.0,estimated_residual_lowp_supported,cui_selective_ml,estimated,xgboost,xgboost,if_residual,1.0,0.0|0.25|0.5|1.0,aipw_variance,-1.0,1.0,obsval,4.0,0.1,30,0.1,crossfit_rank_empty_standdown,1.0,4,50,1,618.6342046670616,0.02172426757820317,0.019109956400424066,0.02172426757820317,-0.002614311177779105,0.00018427074347272723,-0.00010168809407807287,0.0,nan,0.5,if_residual,nan,nan,nan,nan,nan,random_forest,lasso,0.022261113141218817,nan,nan,nan,nan,nan,nan,nan,0.1,0.24166666666666667,0.95,0.3931034482758621,76,282,0.12666666666666668,0.19448275862068964,0.0028558021534250233,0.0022083070261034415,0.0006474951273215818,0.007106730464131708,0.006400207528637533,0.0007065229354941754,0.2300209084164998,0.3374012687249289,0.20828385273741254,0.3176925140183583
m01-j0169,manifest.tsv,dml2_real_real_breast_cancer_misaligned_cui_selective_ml_n6000_s0_chunk00.reps.csv,real_breast_cancer_misaligned,box,6000,0.05,0.0,estimated_residual_lowp_supported,cui_selective_ml,estimated,xgboost,xgboost,if_residual,1.0,0.0|0.25|0.5|1.0,aipw_variance,-1.0,1.0,obsval,4.0,0.1,30,0.1,crossfit_rank_empty_standdown,1.0,4,50,2,1233.506884260103,-0.0027314709908619617,-0.0027314709908619617,-0.0027314709908619617,0.0,0.0002863419786773302,-0.00021966240511491603,0.0,nan,0.0,reference,nan,nan,nan,nan,nan,gradient_boosting,lasso,0.0032194968623990815,nan,nan,nan,nan,nan,nan,nan,0.1,0.24983333333333332,0.985,0.39426284189459637,53,262,0.08833333333333333,0.17478318879252835,-0.0003759991753921428,-0.0003759991753921428,0.0,-0.00018434065619763143,-0.00018434065619763143,0.0,0.2470014394042196,0.2470014394042196,0.21661079857739385,0.21661079857739385
m01-j0169,manifest.tsv,dml2_real_real_breast_cancer_misaligned_cui_selective_ml_n6000_s0_chunk00.reps.csv,real_breast_cancer_misaligned,box,6000,0.05,0.0,estimated_residual_lowp_supported,cui_selective_ml,estimated,xgboost,xgboost,if_residual,1.0,0.0|0.25|0.5|1.0,aipw_variance,-1.0,1.0,obsval,4.0,0.1,30,0.1,crossfit_rank_empty_standdown,1.0,4,50,3,1850.219372810796,0.04223374653795975,0.04223374653795975,0.04223374653795975,0.0,0.00014429129298100995,-5.8877054285749926e-05,0.0,nan,0.0,reference,nan,nan,nan,nan,nan,random_forest,lasso,0.001149499354650531,nan,nan,nan,nan,nan,nan,nan,0.0,0.25133333333333335,nan,0.0,0,281,nan,0.1863395225464191,0.0,0.0,0.0,0.01891461771374021,0.01891461771374021,0.0,nan,nan,0.29308586637881257,0.29308586637881257
m01-j0169,manifest.tsv,dml2_real_real_breast_cancer_misaligned_cui_selective_ml_n6000_s0_chunk00.reps.csv,real_breast_cancer_misaligned,box,6000,0.05,0.0,estimated_residual_lowp_supported,cui_selective_ml,estimated,xgboost,xgboost,if_residual,1.0,0.0|0.25|0.5|1.0,aipw_variance,-1.0,1.0,obsval,4.0,0.1,30,0.1,crossfit_rank_empty_standdown,1.0,4,50,4,2461.1951568210497,0.007101872123333242,0.007101872123333242,0.007101872123333242,0.0,9.542894350325236e-05,-6.75349749155753e-05,0.0,nan,0.0,reference,nan,nan,nan,nan,nan,gradient_boosting,lasso,0.015650030116811754,nan,nan,nan,nan,nan,nan,nan,0.0,0.24666666666666667,nan,0.0,0,257,nan,0.17364864864864865,0.0,0.0,0.0,0.0034536978953748332,0.0034536978953748332,0.0,nan,nan,0.2355117152746694,0.2355117152746694
m01-j0170,manifest.tsv,dml2_real_real_breast_cancer_misaligned_cui_selective_ml_n6000_s0_chunk01.reps.csv,real_breast_cancer_misaligned,box,6000,0.05,0.0,estimated_residual_lowp_supported,cui_selective_ml,estimated,xgboost,xgboost,if_residual,1.0,0.0|0.25|0.5|1.0,aipw_variance,-1.0,1.0,obsval,4.0,0.1,30,0.1,crossfit_rank_empty_standdown,1.0,4,50,1,610.9607215477154,0.010471290412316925,0.010471290412316925,0.010471290412316925,0.0,0.00022178113881474865,-4.269257529387991e-05,0.0,nan,0.0,reference,nan,nan,nan,nan,nan,gradient_boosting,lasso,0.0028456204770330213,nan,nan,nan,nan,nan,nan,nan,0.1,0.23866666666666667,0.95,0.39804469273743015,66,253,0.11,0.17667597765363127,0.003651688655819033,0.003651688655819033,0.0,0.008295480701554288,0.008295480701554288,0.0,0.25569748618275906,0.25569748618275906,0.2375757574526055,0.2375757574526055
m01-j0170,manifest.tsv,dml2_real_real_breast_cancer_misaligned_cui_selective_ml_n6000_s0_chunk01.reps.csv,real_breast_cancer_misaligned,box,6000,0.05,0.0,estimated_residual_lowp_supported,cui_selective_ml,estimated,xgboost,xgboost,if_residual,1.0,0.0|0.25|0.5|1.0,aipw_variance,-1.0,1.0,obsval,4.0,0.1,30,0.1,crossfit_rank_empty_standdown,1.0,4,50,2,1242.3471695063636,0.014727235070500944,0.014727235070500944,0.014727235070500944,0.0,0.00012512468973674027,-0.00011862986570134457,0.0,nan,0.0,reference,nan,nan,nan,nan,nan,gradient_boosting,gradient_boosting,0.001714886382941803,nan,nan,nan,nan,nan,nan,nan,0.0,0.23683333333333334,nan,0.0,0,272,nan,0.19141449683321604,0.0,0.0,0.0,0.011644448442473738,0.011644448442473738,0.0,nan,nan,0.3978471146343012,0.3978471146343012
m01-j0170,manifest.tsv,dml2_real_real_breast_cancer_misaligned_cui_selective_ml_n6000_s0_chunk01.reps.csv,real_breast_cancer_misaligned,box,6000,0.05,0.0,estimated_residual_lowp_supported,cui_selective_ml,estimated,xgboost,xgboost,if_residual,1.0,0.0|0.25|0.5|1.0,aipw_variance,-1.0,1.0,obsval,4.0,0.1,30,0.1,crossfit_rank_empty_standdown,1.0,4,50,3,1858.532955057919,0.03193091344602095,0.03193091344602095,0.03193091344602095,0.0,0.0001526403954296683,-0.00018952216306420777,0.0,nan,0.0,reference,nan,nan,nan,nan,nan,gradient_boosting,gradient_boosting,0.003990755532415628,nan,nan,nan,nan,nan,nan,nan,0.0,0.25033333333333335,nan,0.0,0,269,nan,0.17909454061251665,0.0,0.0,0.0,0.011925120167851974,0.011925120167851974,0.0,nan,nan,0.38513315433524353,0.38513315433524353
m01-j0170,manifest.tsv,dml2_real_real_breast_cancer_misaligned_cui_selective_ml_n6000_s0_chunk01.reps.csv,real_breast_cancer_misaligned,box,6000,0.05,0.0,estimated_residual_lowp_supported,cui_selective_ml,estimated,xgboost,xgboost,if_residual,1.0,0.0|0.25|0.5|1.0,aipw_variance,-1.0,1.0,obsval,4.0,0.1,30,0.1,crossfit_rank_empty_standdown,1.0,4,50,4,2472.792377091013,0.01362227287211043,0.01362227287211043,0.01362227287211043,0.0,0.00014885476097118225,-4.0131104805298337e-05,0.0,nan,0.0,reference,nan,nan,nan,nan,nan,gradient_boosting,lasso,0.0007706602125445582,nan,nan,nan,nan,nan,nan,nan,0.0,0.247,nan,0.0,0,286,nan,0.19298245614035087,0.0,0.0,0.0,0.002596715222494523,0.002596715222494523,0.0,nan,nan,0.25136242022250394,0.25136242022250394
m01-j0171,manifest.tsv,dml2_real_real_breast_cancer_misaligned_cui_selective_ml_n6000_s0_chunk02.reps.csv,real_breast_cancer_misaligned,box,6000,0.05,0.0,estimated_residual_lowp_supported,cui_selective_ml,estimated,xgboost,xgboost,if_residual,1.0,0.0|0.25|0.5|1.0,aipw_variance,-1.0,1.0,obsval,4.0,0.1,30,0.1,crossfit_rank_empty_standdown,1.0,4,50,1,609.1218417286873,0.02489357834908351,0.02489357834908351,0.02489357834908351,0.0,0.0001605328206615536,-9.697478467988769e-05,0.0,nan,0.0,reference,nan,nan,nan,nan,nan,gradient_boosting,gradient_boosting,0.0009993307867047583,nan,nan,nan,nan,nan,nan,nan,0.075,0.24666666666666667,0.9688888888888889,0.2945945945945946,45,248,0.1,0.16756756756756758,0.0017040366521970665,0.0017040366521970665,0.0,0.0057520399183386434,0.0057520399183386434,0.0,0.43527012145682703,0.43527012145682703,0.37305224752593696,0.37305224752593696
m01-j0171,manifest.tsv,dml2_real_real_breast_cancer_misaligned_cui_selective_ml_n6000_s0_chunk02.reps.csv,real_breast_cancer_misaligned,box,6000,0.05,0.0,estimated_residual_lowp_supported,cui_selective_ml,estimated,xgboost,xgboost,if_residual,1.0,0.0|0.25|0.5|1.0,aipw_variance,-1.0,1.0,obsval,4.0,0.1,30,0.1,crossfit_rank_empty_standdown,1.0,4,50,2,1229.684118946083,0.01525191733871828,0.01525191733871828,0.01525191733871828,0.0,0.0001750319687890945,-0.00017133791538621987,0.0,nan,0.0,reference,nan,nan,nan,nan,nan,gradient_boosting,lasso,0.006432832077134976,nan,nan,nan,nan,nan,nan,nan,0.0,0.24683333333333332,nan,0.0,0,283,nan,0.19108710330857528,0.0,0.0,0.0,0.0009831087029646213,0.0009831087029646213,0.0,nan,nan,0.2917861101708185,0.2917861101708185
m01-j0171,manifest.tsv,dml2_real_real_breast_cancer_misaligned_cui_selective_ml_n6000_s0_chunk02.reps.csv,real_breast_cancer_misaligned,box,6000,0.05,0.0,estimated_residual_lowp_supported,cui_selective_ml,estimated,xgboost,xgboost,if_residual,1.0,0.0|0.25|0.5|1.0,aipw_variance,-1.0,1.0,obsval,4.0,0.1,30,0.1,crossfit_rank_empty_standdown,1.0,4,50,3,1854.7441175403073,0.028755108884843283,0.028755108884843283,0.028755108884843283,0.0,0.00022232835637538075,-0.00012482583349136302,0.0,nan,0.0,reference,nan,nan,nan,nan,nan,gradient_boosting,random_forest,0.009152574823614871,nan,nan,nan,nan,nan,nan,nan,0.0,0.248,nan,0.0,0,285,nan,0.19153225806451613,0.0,0.0,0.0,0.024556001264320268,0.024556001264320268,0.0,nan,nan,0.42802198240889067,0.42802198240889067
m01-j0171,manifest.tsv,dml2_real_real_breast_cancer_misaligned_cui_selective_ml_n6000_s0_chunk02.reps.csv,real_breast_cancer_misaligned,box,6000,0.05,0.0,estimated_residual_lowp_supported,cui_selective_ml,estimated,xgboost,xgboost,if_residual,1.0,0.0|0.25|0.5|1.0,aipw_variance,-1.0,1.0,obsval,4.0,0.1,30,0.1,crossfit_rank_empty_standdown,1.0,4,50,4,2464.795642739162,0.0022829989205792045,0.0022829989205792045,0.0022829989205792045,0.0,0.00011174764929122879,-8.535471713468057e-05,0.0,nan,0.0,reference,nan,nan,nan,nan,nan,gradient_boosting,lasso,0.012773558162724649,nan,nan,nan,nan,nan,nan,nan,0.0,0.24583333333333332,nan,0.0,0,295,nan,0.2,0.0,0.0,0.0,0.007550295646699608,0.007550295646699608,0.0,nan,nan,0.27658128397417714,0.27658128397417714
m01-j0172,manifest.tsv,dml2_real_real_breast_cancer_misaligned_cui_selective_ml_n6000_s0_chunk03.reps.csv,real_breast_cancer_misaligned,box,6000,0.05,0.0,estimated_residual_lowp_supported,cui_selective_ml,estimated,xgboost,xgboost,if_residual,1.0,0.0|0.25|0.5|1.0,aipw_variance,-1.0,1.0,obsval,4.0,0.1,30,0.1,crossfit_rank_empty_standdown,1.0,4,50,1,616.088071828708,-0.013726039086072395,-0.013726039086072395,-0.013726039086072395,0.0,9.393188948356949e-05,-0.00011203399280199956,0.0,nan,0.0,reference,nan,nan,nan,nan,nan,gradient_boosting,lasso,0.001579174177239225,nan,nan,nan,nan,nan,nan,nan,0.0,0.24316666666666667,nan,0.0,0,246,nan,0.16860863605209048,0.0,0.0,0.0,0.003619086999601036,0.003619086999601036,0.0,nan,nan,0.23021515259161657,0.23021515259161657
m01-j0172,manifest.tsv,dml2_real_real_breast_cancer_misaligned_cui_selective_ml_n6000_s0_chunk03.reps.csv,real_breast_cancer_misaligned,box,6000,0.05,0.0,estimated_residual_lowp_supported,cui_selective_ml,estimated,xgboost,xgboost,if_residual,1.0,0.0|0.25|0.5|1.0,aipw_variance,-1.0,1.0,obsval,4.0,0.1,30,0.1,crossfit_rank_empty_standdown,1.0,4,50,2,1221.8165991613641,0.014419636261549018,0.014419636261549018,0.014419636261549018,0.0,9.462418058189858e-05,-1.9687240558779713e-05,0.0,nan,0.0,reference,nan,nan,nan,nan,nan,gradient_boosting,gradient_boosting,0.003410469953634219,nan,nan,nan,nan,nan,nan,nan,0.1,0.24666666666666667,0.9816666666666667,0.39797297297297296,45,238,0.075,0.1608108108108108,0.0032997584145081048,0.0032997584145081048,0.0,0.008345677038098444,0.008345677038098444,0.0,0.5133341099333619,0.5133341099333619,0.4258862896103245,0.4258862896103245
m01-j0172,manifest.tsv,dml2_real_real_breast_cancer_misaligned_cui_selective_ml_n6000_s0_chunk03.reps.csv,real_breast_cancer_misaligned,box,6000,0.05,0.0,estimated_residual_lowp_supported,cui_selective_ml,estimated,xgboost,xgboost,if_residual,1.0,0.0|0.25|0.5|1.0,aipw_variance,-1.0,1.0,obsval,4.0,0.1,30,0.1,crossfit_rank_empty_standdown,1.0,4,50,3,1829.4453611839563,-0.008022424514244397,-0.008022424514244397,-0.008022424514244397,0.0,0.0001282642066086474,-0.00010164329646432922,0.0,nan,0.0,reference,nan,nan,nan,nan,nan,gradient_boosting,lasso,0.08228271280111175,nan,nan,nan,nan,nan,nan,nan,0.0,0.24516666666666667,nan,0.0,0,281,nan,0.1910265125764786,0.0,0.0,0.0,0.0068827407258897026,0.0068827407258897026,0.0,nan,nan,0.22371298714395532,0.22371298714395532
m01-j0172,manifest.tsv,dml2_real_real_breast_cancer_misaligned_cui_selective_ml_n6000_s0_chunk03.reps.csv,real_breast_cancer_misaligned,box,6000,0.05,0.0,estimated_residual_lowp_supported,cui_selective_ml,estimated,xgboost,xgboost,if_residual,1.0,0.0|0.25|0.5|1.0,aipw_variance,-1.0,1.0,obsval,4.0,0.1,30,0.1,crossfit_rank_empty_standdown,1.0,4,50,4,2440.241550307721,0.020087344542718544,0.020087344542718544,0.020087344542718544,0.0,0.00014664455485759544,-0.00010036385711735942,0.0,nan,0.0,reference,nan,nan,nan,nan,nan,gradient_boosting,lasso,0.0016964698703419007,nan,nan,nan,nan,nan,nan,nan,0.0,0.25316666666666665,nan,0.0,0,300,nan,0.19749835418038184,0.0,0.0,0.0,0.008863678048237003,0.008863678048237003,0.0,nan,nan,0.2472302438367803,0.2472302438367803
m01-j0173,manifest.tsv,dml2_real_real_breast_cancer_misaligned_cui_selective_ml_n6000_s0_chunk04.reps.csv,real_breast_cancer_misaligned,box,6000,0.05,0.0,estimated_residual_lowp_supported,cui_selective_ml,estimated,xgboost,xgboost,if_residual,1.0,0.0|0.25|0.5|1.0,aipw_variance,-1.0,1.0,obsval,4.0,0.1,30,0.1,crossfit_rank_empty_standdown,1.0,4,50,1,619.3749375808984,0.008023515144745974,0.008023515144745974,0.008023515144745974,0.0,5.7501391233383096e-05,-5.470285085426064e-05,0.0,nan,0.0,reference,nan,nan,nan,nan,nan,gradient_boosting,lasso,0.0014907037162587662,nan,nan,nan,nan,nan,nan,nan,0.1,0.246,0.9566666666666667,0.3888888888888889,71,301,0.11833333333333333,0.20392953929539295,0.004530678819774166,0.004530678819774166,0.0,0.00906113566878718,0.00906113566878718,0.0,0.3353308454506002,0.3353308454506002,0.2803817887915915,0.2803817887915915
m01-j0173,manifest.tsv,dml2_real_real_breast_cancer_misaligned_cui_selective_ml_n6000_s0_chunk04.reps.csv,real_breast_cancer_misaligned,box,6000,0.05,0.0,estimated_residual_lowp_supported,cui_selective_ml,estimated,xgboost,xgboost,if_residual,1.0,0.0|0.25|0.5|1.0,aipw_variance,-1.0,1.0,obsval,4.0,0.1,30,0.1,crossfit_rank_empty_standdown,1.0,4,50,2,1241.101277298294,0.004488074924533458,0.004488074924533458,0.004488074924533458,0.0,8.33490193239948e-05,-6.542762047659356e-06,0.0,nan,0.0,reference,nan,nan,nan,nan,nan,gradient_boosting,lasso,0.004911930083759853,nan,nan,nan,nan,nan,nan,nan,0.1,0.2405,0.9483333333333334,0.3943173943173943,64,261,0.10666666666666667,0.18087318087318088,0.0005087532028401414,0.0005087532028401414,0.0,0.0032190578861644764,0.0032190578861644764,0.0,0.25389211534913875,0.25389211534913875,0.2165344766839814,0.2165344766839814
m01-j0173,manifest.tsv,dml2_real_real_breast_cancer_misaligned_cui_selective_ml_n6000_s0_chunk04.reps.csv,real_breast_cancer_misaligned,box,6000,0.05,0.0,estimated_residual_lowp_supported,cui_selective_ml,estimated,xgboost,xgboost,if_residual,1.0,0.0|0.25|0.5|1.0,aipw_variance,-1.0,1.0,obsval,4.0,0.1,30,0.1,crossfit_rank_empty_standdown,1.0,4,50,3,1851.0640410901979,-0.004805108946925651,-0.004805108946925651,-0.004805108946925651,0.0,0.00012661458163972222,-7.337862654729498e-05,0.0,nan,0.0,reference,nan,nan,nan,nan,nan,random_forest,lasso,0.0026939874047156673,nan,nan,nan,nan,nan,nan,nan,0.0,0.24666666666666667,nan,0.0,0,272,nan,0.1837837837837838,0.0,0.0,0.0,0.013837764149831198,0.013837764149831198,0.0,nan,nan,0.27002174714849636,0.27002174714849636
m01-j0173,manifest.tsv,dml2_real_real_breast_cancer_misaligned_cui_selective_ml_n6000_s0_chunk04.reps.csv,real_breast_cancer_misaligned,box,6000,0.05,0.0,estimated_residual_lowp_supported,cui_selective_ml,estimated,xgboost,xgboost,if_residual,1.0,0.0|0.25|0.5|1.0,aipw_variance,-1.0,1.0,obsval,4.0,0.1,30,0.1,crossfit_rank_empty_standdown,1.0,4,50,4,2474.253370784223,-0.025613546261983228,-0.025613546261983228,-0.025613546261983228,0.0,0.0002492899612238609,-0.0003583477364676155,0.0,nan,0.0,reference,nan,nan,nan,nan,nan,gradient_boosting,lasso,0.005265441878729096,nan,nan,nan,nan,nan,nan,nan,0.1,0.244,0.9716666666666667,0.398224043715847,55,251,0.09166666666666666,0.17144808743169399,-0.0001483175543050159,-0.0001483175543050159,0.0,0.0009360513575143808,0.0009360513575143808,0.0,0.26305713710124257,0.26305713710124257,0.22153716742261945,0.22153716742261945
m01-j0174,manifest.tsv,dml2_real_real_breast_cancer_misaligned_cui_selective_ml_n6000_s0_chunk05.reps.csv,real_breast_cancer_misaligned,box,6000,0.05,0.0,estimated_residual_lowp_supported,cui_selective_ml,estimated,xgboost,xgboost,if_residual,1.0,0.0|0.25|0.5|1.0,aipw_variance,-1.0,1.0,obsval,4.0,0.1,30,0.1,crossfit_rank_empty_standdown,1.0,4,50,1,613.5279082972556,-0.009582359020782583,-0.009582359020782583,-0.009582359020782583,0.0,0.0002538393035820246,-0.00027064034783990504,0.0,nan,0.0,reference,nan,nan,nan,nan,nan,gradient_boosting,lasso,0.006370441558860129,nan,nan,nan,nan,nan,nan,nan,0.0,0.24433333333333335,nan,0.0,0,236,nan,0.16098226466575716,0.0,0.0,0.0,0.0019275301552010775,0.0019275301552010775,0.0,nan,nan,0.2547320275201597,0.2547320275201597
m01-j0174,manifest.tsv,dml2_real_real_breast_cancer_misaligned_cui_selective_ml_n6000_s0_chunk05.reps.csv,real_breast_cancer_misaligned,box,6000,0.05,0.0,estimated_residual_lowp_supported,cui_selective_ml,estimated,xgboost,xgboost,if_residual,1.0,0.0|0.25|0.5|1.0,aipw_variance,-1.0,1.0,obsval,4.0,0.1,30,0.1,crossfit_rank_empty_standdown,1.0,4,50,2,1236.5118544902653,0.044191969225523264,0.044191969225523264,0.044191969225523264,0.0,9.587484978068812e-05,-9.269562154608083e-05,0.0,nan,0.0,reference,nan,nan,nan,nan,nan,gradient_boosting,random_forest,0.0004224214945557775,nan,nan,nan,nan,nan,nan,nan,0.0,0.24183333333333334,nan,0.0,0,253,nan,0.17436250861474845,0.0,0.0,0.0,0.004328616782757159,0.004328616782757159,0.0,nan,nan,0.4496947438088667,0.4496947438088667
m01-j0174,manifest.tsv,dml2_real_real_breast_cancer_misaligned_cui_selective_ml_n6000_s0_chunk05.reps.csv,real_breast_cancer_misaligned,box,6000,0.05,0.0,estimated_residual_lowp_supported,cui_selective_ml,estimated,xgboost,xgboost,if_residual,1.0,0.0|0.25|0.5|1.0,aipw_variance,-1.0,1.0,obsval,4.0,0.1,30,0.1,crossfit_rank_empty_standdown,1.0,4,50,3,1857.0605936897919,-0.017066417730316225,-0.017066417730316225,-0.017066417730316225,0.0,0.00024715233554527954,-0.00022960904189923536,0.0,nan,0.0,reference,nan,nan,nan,nan,nan,gradient_boosting,lasso,0.007780994655764883,nan,nan,nan,nan,nan,nan,nan,0.075,0.24416666666666667,0.9488888888888889,0.29146757679180885,52,274,0.11555555555555555,0.18703071672354948,0.0005056583885982632,0.0005056583885982632,0.0,0.004434493639657492,0.004434493639657492,0.0,0.2648300758051416,0.2648300758051416,0.22537298909082354,0.22537298909082354
m01-j0174,manifest.tsv,dml2_real_real_breast_cancer_misaligned_cui_selective_ml_n6000_s0_chunk05.reps.csv,real_breast_cancer_misaligned,box,6000,0.05,0.0,estimated_residual_lowp_supported,cui_selective_ml,estimated,xgboost,xgboost,if_residual,1.0,0.0|0.25|0.5|1.0,aipw_variance,-1.0,1.0,obsval,4.0,0.1,30,0.1,crossfit_rank_empty_standdown,1.0,4,50,4,2457.665257685818,0.037318919369006553,0.037318919369006553,0.037318919369006553,0.0,5.976284167537359e-05,-5.3874073440841387e-05,0.0,nan,0.0,reference,nan,nan,nan,nan,nan,gradient_boosting,lasso,0.0015255998263780973,nan,nan,nan,nan,nan,nan,nan,0.1,0.243,0.965,0.39711934156378603,54,263,0.09,0.1803840877914952,-0.001818893077724614,-0.001818893077724614,0.0,-0.0009351825408103823,-0.0009351825408103823,0.0,0.33306365738572086,0.33306365738572086,0.2938513981090494,0.2938513981090494
m01-j0175,manifest.tsv,dml2_real_real_breast_cancer_misaligned_cui_selective_ml_n6000_s0_chunk06.reps.csv,real_breast_cancer_misaligned,box,6000,0.05,0.0,estimated_residual_lowp_supported,cui_selective_ml,estimated,xgboost,xgboost,if_residual,1.0,0.0|0.25|0.5|1.0,aipw_variance,-1.0,1.0,obsval,4.0,0.1,30,0.1,crossfit_rank_empty_standdown,1.0,4,50,1,610.3044337052852,0.03694046945888019,0.03694046945888019,0.03694046945888019,0.0,8.475063222053024e-05,-6.599861673644029e-05,0.0,nan,0.0,reference,nan,nan,nan,nan,nan,gradient_boosting,lasso,0.03669553955753008,nan,nan,nan,nan,nan,nan,nan,0.0,0.24833333333333332,nan,0.0,0,250,nan,0.16778523489932887,0.0,0.0,0.0,8.534878982276487e-05,8.534878982276487e-05,0.0,nan,nan,0.2273730549379652,0.2273730549379652
m01-j0175,manifest.tsv,dml2_real_real_breast_cancer_misaligned_cui_selective_ml_n6000_s0_chunk06.reps.csv,real_breast_cancer_misaligned,box,6000,0.05,0.0,estimated_residual_lowp_supported,cui_selective_ml,estimated,xgboost,xgboost,if_residual,1.0,0.0|0.25|0.5|1.0,aipw_variance,-1.0,1.0,obsval,4.0,0.1,30,0.1,crossfit_rank_empty_standdown,1.0,4,50,2,1232.6322098020464,-0.012756412831733732,-0.012756412831733732,-0.012756412831733732,0.0,4.4668921332812654e-05,-6.433180816084818e-05,0.0,nan,0.0,reference,nan,nan,nan,nan,nan,gradient_boosting,lasso,0.001749798147942913,nan,nan,nan,nan,nan,nan,nan,0.1,0.24683333333333332,0.97,0.39297771775827145,56,263,0.09333333333333334,0.1775827143821742,0.00047136400549780934,0.00047136400549780934,0.0,0.0019584350296905717,0.0019584350296905717,0.0,0.2422407259390594,0.2422407259390594,0.21011546249059115,0.21011546249059115
m01-j0175,manifest.tsv,dml2_real_real_breast_cancer_misaligned_cui_selective_ml_n6000_s0_chunk06.reps.csv,real_breast_cancer_misaligned,box,6000,0.05,0.0,estimated_residual_lowp_supported,cui_selective_ml,estimated,xgboost,xgboost,if_residual,1.0,0.0|0.25|0.5|1.0,aipw_variance,-1.0,1.0,obsval,4.0,0.1,30,0.1,crossfit_rank_empty_standdown,1.0,4,50,3,1856.7935470426455,0.012203369518336782,0.012203369518336782,0.012203369518336782,0.0,0.00021684121924546874,-0.00021149170515238295,0.0,nan,0.0,reference,nan,nan,nan,nan,nan,gradient_boosting,lasso,0.07889549339846058,nan,nan,nan,nan,nan,nan,nan,0.0,0.24333333333333335,nan,0.0,0,277,nan,0.18972602739726027,0.0,0.0,0.0,0.005330219972633544,0.005330219972633544,0.0,nan,nan,0.2548970564044363,0.2548970564044363
m01-j0175,manifest.tsv,dml2_real_real_breast_cancer_misaligned_cui_selective_ml_n6000_s0_chunk06.reps.csv,real_breast_cancer_misaligned,box,6000,0.05,0.0,estimated_residual_lowp_supported,cui_selective_ml,estimated,xgboost,xgboost,if_residual,1.0,0.0|0.25|0.5|1.0,aipw_variance,-1.0,1.0,obsval,4.0,0.1,30,0.1,crossfit_rank_empty_standdown,1.0,4,50,4,2471.660228217952,0.0425224067013133,0.0425224067013133,0.0425224067013133,0.0,8.996183675408177e-05,-6.566649235194744e-05,0.0,nan,0.0,reference,nan,nan,nan,nan,nan,gradient_boosting,lasso,0.00909160330802454,nan,nan,nan,nan,nan,nan,nan,0.05,0.2465,0.9366666666666666,0.18999323867478027,37,296,0.12333333333333334,0.20013522650439486,0.002725819478394955,0.002725819478394955,0.0,0.009326074947616716,0.009326074947616716,0.0,0.26935542883753294,0.26935542883753294,0.26571237446137574,0.26571237446137574
m01-j0176,manifest.tsv,dml2_real_real_breast_cancer_misaligned_cui_selective_ml_n6000_s0_chunk07.reps.csv,real_breast_cancer_misaligned,box,6000,0.05,0.0,estimated_residual_lowp_supported,cui_selective_ml,estimated,xgboost,xgboost,if_residual,1.0,0.0|0.25|0.5|1.0,aipw_variance,-1.0,1.0,obsval,4.0,0.1,30,0.1,crossfit_rank_empty_standdown,1.0,4,50,1,604.735496272333,0.03143066996428395,0.03143066996428395,0.03143066996428395,0.0,0.00014889553978592062,-0.00011220919692600615,0.0,nan,0.0,reference,nan,nan,nan,nan,nan,gradient_boosting,lasso,0.004620167162173114,nan,nan,nan,nan,nan,nan,nan,0.075,0.2415,0.9577777777777777,0.2974465148378192,49,267,0.10888888888888888,0.18426501035196688,0.002819870983059173,0.002819870983059173,0.0,0.007588070619685548,0.007588070619685548,0.0,0.3244567221418293,0.3244567221418293,0.25612600467812197,0.25612600467812197
m01-j0176,manifest.tsv,dml2_real_real_breast_cancer_misaligned_cui_selective_ml_n6000_s0_chunk07.reps.csv,real_breast_cancer_misaligned,box,6000,0.05,0.0,estimated_residual_lowp_supported,cui_selective_ml,estimated,xgboost,xgboost,if_residual,1.0,0.0|0.25|0.5|1.0,aipw_variance,-1.0,1.0,obsval,4.0,0.1,30,0.1,crossfit_rank_empty_standdown,1.0,4,50,2,1214.3967972872779,0.00336263685244087,0.00336263685244087,0.00336263685244087,0.0,0.00012558331129924102,-0.00016464874160378477,0.0,nan,0.0,reference,nan,nan,nan,nan,nan,gradient_boosting,lasso,0.005825901113456117,nan,nan,nan,nan,nan,nan,nan,0.0,0.24283333333333335,nan,0.0,0,252,nan,0.17295813315030886,0.0,0.0,0.0,0.0018521589207481147,0.0018521589207481147,0.0,nan,nan,0.28677559760138877,0.28677559760138877
m01-j0176,manifest.tsv,dml2_real_real_breast_cancer_misaligned_cui_selective_ml_n6000_s0_chunk07.reps.csv,real_breast_cancer_misaligned,box,6000,0.05,0.0,estimated_residual_lowp_supported,cui_selective_ml,estimated,xgboost,xgboost,if_residual,1.0,0.0|0.25|0.5|1.0,aipw_variance,-1.0,1.0,obsval,4.0,0.1,30,0.1,crossfit_rank_empty_standdown,1.0,4,50,3,1832.2197355516255,0.040623334644207254,0.040623334644207254,0.040623334644207254,0.0,0.00024638163772388016,-0.0002743217002740175,0.0,nan,0.0,reference,nan,nan,nan,nan,nan,gradient_boosting,gradient_boosting,0.0052054657505724525,nan,nan,nan,nan,nan,nan,nan,0.1,0.23766666666666666,0.9533333333333334,0.4011220196353436,72,264,0.12,0.18513323983169705,0.006544347028197342,0.006544347028197342,0.0,0.010274748851114722,0.010274748851114722,0.0,0.5067353308528637,0.5067353308528637,0.4503598476452299,0.4503598476452299
m01-j0176,manifest.tsv,dml2_real_real_breast_cancer_misaligned_cui_selective_ml_n6000_s0_chunk07.reps.csv,real_breast_cancer_misaligned,box,6000,0.05,0.0,estimated_residual_lowp_supported,cui_selective_ml,estimated,xgboost,xgboost,if_residual,1.0,0.0|0.25|0.5|1.0,aipw_variance,-1.0,1.0,obsval,4.0,0.1,30,0.1,crossfit_rank_empty_standdown,1.0,4,50,4,2439.6046169037,0.04068135530286349,0.04418335973206022,0.04068135530286349,0.0035020044291967367,0.00022687640963917446,-0.00018287987530295934,0.0,nan,0.25,if_residual,nan,nan,nan,nan,nan,gradient_boosting,gradient_boosting,0.025698400839176336,nan,nan,nan,nan,nan,nan,nan,0.1,0.24683333333333332,0.9616666666666667,0.3896016205266712,58,262,0.09666666666666666,0.17690749493585414,0.006500203283001575,0.008244255153899841,-0.0017440518708982666,0.012045047634056479,0.01381227550993709,-0.0017672278758806108,0.47148996497872053,0.5001518566061866,0.4247285541188997,0.45222325120515555
m01-j0177,manifest.tsv,dml2_real_real_breast_cancer_misaligned_cui_selective_ml_n6000_s0_chunk08.reps.csv,real_breast_cancer_misaligned,box,6000,0.05,0.0,estimated_residual_lowp_supported,cui_selective_ml,estimated,xgboost,xgboost,if_residual,1.0,0.0|0.25|0.5|1.0,aipw_variance,-1.0,1.0,obsval,4.0,0.1,30,0.1,crossfit_rank_empty_standdown,1.0,4,50,1,613.2204054631293,-0.047593182741375833,-0.047593182741375833,-0.047593182741375833,0.0,0.0002755829256562239,-7.309409034926757e-05,0.0,nan,0.0,reference,nan,nan,nan,nan,nan,logistic_l1,lasso,0.0013268891469456641,nan,nan,nan,nan,nan,nan,nan,0.075,0.244,0.9711111111111111,0.29849726775956287,38,245,0.08444444444444445,0.16734972677595628,-0.029268094776734255,-0.029268094776734255,0.0,-0.02859421710628606,-0.02859421710628606,0.0,0.24834643825393732,0.24834643825393732,0.21713337894343743,0.21713337894343743
m01-j0177,manifest.tsv,dml2_real_real_breast_cancer_misaligned_cui_selective_ml_n6000_s0_chunk08.reps.csv,real_breast_cancer_misaligned,box,6000,0.05,0.0,estimated_residual_lowp_supported,cui_selective_ml,estimated,xgboost,xgboost,if_residual,1.0,0.0|0.25|0.5|1.0,aipw_variance,-1.0,1.0,obsval,4.0,0.1,30,0.1,crossfit_rank_empty_standdown,1.0,4,50,2,1232.4551068153232,0.02679737249559805,0.02679737249559805,0.02679737249559805,0.0,0.00011606347124326491,-0.0001279538812280829,0.0,nan,0.0,reference,nan,nan,nan,nan,nan,gradient_boosting,lasso,0.007404652655627735,nan,nan,nan,nan,nan,nan,nan,0.075,0.24583333333333332,0.9688888888888889,0.29559322033898305,35,243,0.07777777777777778,0.16474576271186442,0.0041991495748669935,0.0041991495748669935,0.0,0.00933433386819847,0.00933433386819847,0.0,0.2899078383367584,0.2899078383367584,0.26176041022264346,0.26176041022264346
m01-j0177,manifest.tsv,dml2_real_real_breast_cancer_misaligned_cui_selective_ml_n6000_s0_chunk08.reps.csv,real_breast_cancer_misaligned,box,6000,0.05,0.0,estimated_residual_lowp_supported,cui_selective_ml,estimated,xgboost,xgboost,if_residual,1.0,0.0|0.25|0.5|1.0,aipw_variance,-1.0,1.0,obsval,4.0,0.1,30,0.1,crossfit_rank_empty_standdown,1.0,4,50,3,1850.1748251104727,0.007900729488433511,0.007900729488433511,0.007900729488433511,0.0,0.00014364574551757906,-4.933549348138072e-05,0.0,nan,0.0,reference,nan,nan,nan,nan,nan,gradient_boosting,lasso,0.0025274220852975204,nan,nan,nan,nan,nan,nan,nan,0.1,0.2445,0.96,0.39263803680981596,61,272,0.10166666666666667,0.18541240627130198,0.002675852662332418,0.002675852662332418,0.0,0.006731371092143423,0.006731371092143423,0.0,0.30598267635483645,0.30598267635483645,0.27310661719081486,0.27310661719081486
m01-j0177,manifest.tsv,dml2_real_real_breast_cancer_misaligned_cui_selective_ml_n6000_s0_chunk08.reps.csv,real_breast_cancer_misaligned,box,6000,0.05,0.0,estimated_residual_lowp_supported,cui_selective_ml,estimated,xgboost,xgboost,if_residual,1.0,0.0|0.25|0.5|1.0,aipw_variance,-1.0,1.0,obsval,4.0,0.1,30,0.1,crossfit_rank_empty_standdown,1.0,4,50,4,2458.1787806460634,-0.018581551432655496,-0.018581551432655496,-0.018581551432655496,0.0,0.000636229798417601,-0.0008292561811210129,0.0,nan,0.0,reference,nan,nan,nan,nan,nan,gradient_boosting,lasso,0.00923060468490374,nan,nan,nan,nan,nan,nan,nan,0.0,0.24316666666666667,nan,0.0,0,275,nan,0.18848526387936942,0.0,0.0,0.0,0.004458531442216992,0.004458531442216992,0.0,nan,nan,0.2559317985086997,0.2559317985086997
m01-j0178,manifest.tsv,dml2_real_real_breast_cancer_misaligned_cui_selective_ml_n6000_s0_chunk09.reps.csv,real_breast_cancer_misaligned,box,6000,0.05,0.0,estimated_residual_lowp_supported,cui_selective_ml,estimated,xgboost,xgboost,if_residual,1.0,0.0|0.25|0.5|1.0,aipw_variance,-1.0,1.0,obsval,4.0,0.1,30,0.1,crossfit_rank_empty_standdown,1.0,4,50,1,620.9712904477492,-0.02794061394401809,-0.02794061394401809,-0.02794061394401809,0.0,0.00014092861734619957,-0.0001201967646450615,0.0,nan,0.0,reference,nan,nan,nan,nan,nan,gradient_boosting,lasso,0.0004907963844717922,nan,nan,nan,nan,nan,nan,nan,0.0,0.24016666666666667,nan,0.0,0,275,nan,0.19083969465648856,0.0,0.0,0.0,0.0043601812011822335,0.0043601812011822335,0.0,nan,nan,0.21959358423191058,0.21959358423191058
m01-j0178,manifest.tsv,dml2_real_real_breast_cancer_misaligned_cui_selective_ml_n6000_s0_chunk09.reps.csv,real_breast_cancer_misaligned,box,6000,0.05,0.0,estimated_residual_lowp_supported,cui_selective_ml,estimated,xgboost,xgboost,if_residual,1.0,0.0|0.25|0.5|1.0,aipw_variance,-1.0,1.0,obsval,4.0,0.1,30,0.1,crossfit_rank_empty_standdown,1.0,4,50,2,1242.3629949381575,0.028828526142682942,0.028828526142682942,0.028828526142682942,0.0,5.1577711820161975e-05,-7.159196379399706e-05,0.0,nan,0.0,reference,nan,nan,nan,nan,nan,random_forest,lasso,0.02337253070429678,nan,nan,nan,nan,nan,nan,nan,0.0,0.2435,nan,0.0,0,248,nan,0.1697467488021903,0.0,0.0,0.0,0.013801320959552247,0.013801320959552247,0.0,nan,nan,0.2641575660066074,0.2641575660066074
m01-j0178,manifest.tsv,dml2_real_real_breast_cancer_misaligned_cui_selective_ml_n6000_s0_chunk09.reps.csv,real_breast_cancer_misaligned,box,6000,0.05,0.0,estimated_residual_lowp_supported,cui_selective_ml,estimated,xgboost,xgboost,if_residual,1.0,0.0|0.25|0.5|1.0,aipw_variance,-1.0,1.0,obsval,4.0,0.1,30,0.1,crossfit_rank_empty_standdown,1.0,4,50,3,1859.7789879962802,-0.022377068604282152,-0.022377068604282152,-0.022377068604282152,0.0,0.00011544187813585741,-9.114660732008535e-05,0.0,nan,0.0,reference,nan,nan,nan,nan,nan,gradient_boosting,lasso,0.0033163499037384674,nan,nan,nan,nan,nan,nan,nan,0.1,0.2435,0.9683333333333334,0.3976728268309377,73,281,0.12166666666666667,0.19233401779603013,-0.000201979102659549,-0.000201979102659549,0.0,0.0015641969977374538,0.0015641969977374538,0.0,0.21329601175551827,0.21329601175551827,0.19612941053348762,0.19612941053348762
m01-j0178,manifest.tsv,dml2_real_real_breast_cancer_misaligned_cui_selective_ml_n6000_s0_chunk09.reps.csv,real_breast_cancer_misaligned,box,6000,0.05,0.0,estimated_residual_lowp_supported,cui_selective_ml,estimated,xgboost,xgboost,if_residual,1.0,0.0|0.25|0.5|1.0,aipw_variance,-1.0,1.0,obsval,4.0,0.1,30,0.1,crossfit_rank_empty_standdown,1.0,4,50,4,2484.0934483883902,-0.022074865212813405,-0.02431907870824504,-0.022074865212813405,-0.002244213495431635,0.00015715880161366045,-8.234353887517329e-05,0.0,nan,0.25,if_residual,nan,nan,nan,nan,nan,gradient_boosting,lasso,0.007937630460275218,nan,nan,nan,nan,nan,nan,nan,0.1,0.23566666666666666,0.9583333333333334,0.40664780763790664,60,255,0.1,0.18033946251768035,0.0026052826314103216,0.0009309297837521002,0.0016743528476582214,0.00582197048342128,0.003961673707065939,0.0018602967763553403,0.2894322390603225,0.3071045617398033,0.24715656524172425,0.27252308835795586
m01-j0179,manifest.tsv,dml2_real_real_breast_cancer_misaligned_cui_selective_ml_n6000_s0_chunk10.reps.csv,real_breast_cancer_misaligned,box,6000,0.05,0.0,estimated_residual_lowp_supported,cui_selective_ml,estimated,xgboost,xgboost,if_residual,1.0,0.0|0.25|0.5|1.0,aipw_variance,-1.0,1.0,obsval,4.0,0.1,30,0.1,crossfit_rank_empty_standdown,1.0,4,50,1,613.1705627059564,-0.014956871307321373,-0.014956871307321373,-0.014956871307321373,0.0,0.0002453213282379201,-0.0003111234158830327,0.0,nan,0.0,reference,nan,nan,nan,nan,nan,gradient_boosting,lasso,0.005758786771769688,nan,nan,nan,nan,nan,nan,nan,0.1,0.246,0.9716666666666667,0.39498644986449866,62,271,0.10333333333333333,0.18360433604336043,0.0018005035924905778,0.0018005035924905778,0.0,0.005167934061945711,0.005167934061945711,0.0,0.24096800356235687,0.24096800356235687,0.21887126259809964,0.21887126259809964
m01-j0179,manifest.tsv,dml2_real_real_breast_cancer_misaligned_cui_selective_ml_n6000_s0_chunk10.reps.csv,real_breast_cancer_misaligned,box,6000,0.05,0.0,estimated_residual_lowp_supported,cui_selective_ml,estimated,xgboost,xgboost,if_residual,1.0,0.0|0.25|0.5|1.0,aipw_variance,-1.0,1.0,obsval,4.0,0.1,30,0.1,crossfit_rank_empty_standdown,1.0,4,50,2,1233.3989767003804,0.0303393043177565,0.033892209808550566,0.0303393043177565,0.003552905490794067,0.00019259099028794016,-0.00013641370582249062,0.0,nan,0.5,if_residual,nan,nan,nan,nan,nan,gradient_boosting,lasso,0.0008811448299220267,nan,nan,nan,nan,nan,nan,nan,0.1,0.24933333333333332,0.9633333333333334,0.38636363636363635,57,285,0.095,0.19050802139037434,0.003442497201925327,0.001945294934111802,0.0014972022678135248,0.008260848517348525,0.008530674313284053,-0.00026982579593552887,0.3778827329809631,0.45488902311147195,0.3026075321068422,0.4023527666836284
m01-j0179,manifest.tsv,dml2_real_real_breast_cancer_misaligned_cui_selective_ml_n6000_s0_chunk10.reps.csv,real_breast_cancer_misaligned,box,6000,0.05,0.0,estimated_residual_lowp_supported,cui_selective_ml,estimated,xgboost,xgboost,if_residual,1.0,0.0|0.25|0.5|1.0,aipw_variance,-1.0,1.0,obsval,4.0,0.1,30,0.1,crossfit_rank_empty_standdown,1.0,4,50,3,1855.4911646554247,0.03912805753676879,0.03912805753676879,0.03912805753676879,0.0,9.600155611757611e-05,-0.00013700564966955204,0.0,nan,0.0,reference,nan,nan,nan,nan,nan,gradient_boosting,lasso,0.0007059787161616136,nan,nan,nan,nan,nan,nan,nan,0.0,0.24266666666666667,nan,0.0,0,257,nan,0.17651098901098902,0.0,0.0,0.0,0.003622757628080829,0.003622757628080829,0.0,nan,nan,0.27567675239930906,0.27567675239930906
m01-j0179,manifest.tsv,dml2_real_real_breast_cancer_misaligned_cui_selective_ml_n6000_s0_chunk10.reps.csv,real_breast_cancer_misaligned,box,6000,0.05,0.0,estimated_residual_lowp_supported,cui_selective_ml,estimated,xgboost,xgboost,if_residual,1.0,0.0|0.25|0.5|1.0,aipw_variance,-1.0,1.0,obsval,4.0,0.1,30,0.1,crossfit_rank_empty_standdown,1.0,4,50,4,2474.6324072582647,0.04631049827713668,0.04631049827713668,0.04631049827713668,0.0,9.858507867409154e-05,-7.132849102779314e-05,0.0,nan,0.0,reference,nan,nan,nan,nan,nan,gradient_boosting,lasso,0.0012188261888799183,nan,nan,nan,nan,nan,nan,nan,0.0,0.24783333333333332,nan,0.0,0,293,nan,0.19704102219233355,0.0,0.0,0.0,0.003930754551571059,0.003930754551571059,0.0,nan,nan,0.23848875679157364,0.23848875679157364
m01-j0180,manifest.tsv,dml2_real_real_breast_cancer_misaligned_cui_selective_ml_n6000_s0_chunk11.reps.csv,real_breast_cancer_misaligned,box,6000,0.05,0.0,estimated_residual_lowp_supported,cui_selective_ml,estimated,xgboost,xgboost,if_residual,1.0,0.0|0.25|0.5|1.0,aipw_variance,-1.0,1.0,obsval,4.0,0.1,30,0.1,crossfit_rank_empty_standdown,1.0,4,50,1,616.6043295226991,0.018522012090658235,0.018522012090658235,0.018522012090658235,0.0,0.000108800918795308,-9.0817344770894e-05,0.0,nan,0.0,reference,nan,nan,nan,nan,nan,gradient_boosting,lasso,0.003527473428274602,nan,nan,nan,nan,nan,nan,nan,0.0,0.24916666666666668,nan,0.0,0,266,nan,0.17792642140468226,0.0,0.0,0.0,0.004198394564066099,0.004198394564066099,0.0,nan,nan,0.25679314698594596,0.25679314698594596
m01-j0180,manifest.tsv,dml2_real_real_breast_cancer_misaligned_cui_selective_ml_n6000_s0_chunk11.reps.csv,real_breast_cancer_misaligned,box,6000,0.05,0.0,estimated_residual_lowp_supported,cui_selective_ml,estimated,xgboost,xgboost,if_residual,1.0,0.0|0.25|0.5|1.0,aipw_variance,-1.0,1.0,obsval,4.0,0.1,30,0.1,crossfit_rank_empty_standdown,1.0,4,50,2,1237.7310929596424,-0.013412877370674647,-0.013412877370674647,-0.013412877370674647,0.0,0.00036474209965464753,-0.0003706832320898738,0.0,nan,0.0,reference,nan,nan,nan,nan,nan,gradient_boosting,lasso,0.03548818290111703,nan,nan,nan,nan,nan,nan,nan,0.0,0.24266666666666667,nan,0.0,0,274,nan,0.18818681318681318,0.0,0.0,0.0,0.007799403075743776,0.007799403075743776,0.0,nan,nan,0.2626339951506287,0.2626339951506287
m01-j0180,manifest.tsv,dml2_real_real_breast_cancer_misaligned_cui_selective_ml_n6000_s0_chunk11.reps.csv,real_breast_cancer_misaligned,box,6000,0.05,0.0,estimated_residual_lowp_supported,cui_selective_ml,estimated,xgboost,xgboost,if_residual,1.0,0.0|0.25|0.5|1.0,aipw_variance,-1.0,1.0,obsval,4.0,0.1,30,0.1,crossfit_rank_empty_standdown,1.0,4,50,3,1851.3521068030968,0.027994898540809887,0.027994898540809887,0.027994898540809887,0.0,0.00013443614741121728,-0.00010668824962686114,0.0,nan,0.0,reference,nan,nan,nan,nan,nan,random_forest,lasso,0.006695338117502642,nan,nan,nan,nan,nan,nan,nan,0.0,0.2425,nan,0.0,0,267,nan,0.18350515463917524,0.0,0.0,0.0,0.006585555747045172,0.006585555747045172,0.0,nan,nan,0.2640911058465911,0.2640911058465911
m01-j0180,manifest.tsv,dml2_real_real_breast_cancer_misaligned_cui_selective_ml_n6000_s0_chunk11.reps.csv,real_breast_cancer_misaligned,box,6000,0.05,0.0,estimated_residual_lowp_supported,cui_selective_ml,estimated,xgboost,xgboost,if_residual,1.0,0.0|0.25|0.5|1.0,aipw_variance,-1.0,1.0,obsval,4.0,0.1,30,0.1,crossfit_rank_empty_standdown,1.0,4,50,4,2457.0220403783023,0.013442012178647711,0.013442012178647711,0.013442012178647711,0.0,0.00016067984922236793,-0.00014917761006682888,0.0,nan,0.0,reference,nan,nan,nan,nan,nan,gradient_boosting,lasso,0.02338214176449602,nan,nan,nan,nan,nan,nan,nan,0.1,0.24616666666666667,0.965,0.3920108327691266,53,254,0.08833333333333333,0.17197020988490183,0.0002768051024985368,0.0002768051024985368,0.0,0.0028238943560861874,0.0028238943560861874,0.0,0.26347770614294086,0.26347770614294086,0.23117682289711158,0.23117682289711158
m01-j0181,manifest.tsv,dml2_real_real_breast_cancer_misaligned_cui_selective_ml_n6000_s0_chunk12.reps.csv,real_breast_cancer_misaligned,box,6000,0.05,0.0,estimated_residual_lowp_supported,cui_selective_ml,estimated,xgboost,xgboost,if_residual,1.0,0.0|0.25|0.5|1.0,aipw_variance,-1.0,1.0,obsval,4.0,0.1,30,0.1,crossfit_rank_empty_standdown,1.0,4,50,1,606.0637195697054,-0.002787363327037773,-0.002787363327037773,-0.002787363327037773,0.0,0.00015261393944146083,-6.392899041961523e-05,0.0,nan,0.0,reference,nan,nan,nan,nan,nan,gradient_boosting,lasso,0.012128046650581372,nan,nan,nan,nan,nan,nan,nan,0.0,0.23833333333333334,nan,0.0,0,239,nan,0.16713286713286712,0.0,0.0,0.0,0.0012546487904407703,0.0012546487904407703,0.0,nan,nan,0.20142647773086264,0.20142647773086264
m01-j0181,manifest.tsv,dml2_real_real_breast_cancer_misaligned_cui_selective_ml_n6000_s0_chunk12.reps.csv,real_breast_cancer_misaligned,box,6000,0.05,0.0,estimated_residual_lowp_supported,cui_selective_ml,estimated,xgboost,xgboost,if_residual,1.0,0.0|0.25|0.5|1.0,aipw_variance,-1.0,1.0,obsval,4.0,0.1,30,0.1,crossfit_rank_empty_standdown,1.0,4,50,2,1228.8996843388304,-0.027722664517859208,-0.027722664517859208,-0.027722664517859208,0.0,9.78085704665772e-05,-4.3521647952051096e-05,0.0,nan,0.0,reference,nan,nan,nan,nan,nan,gradient_boosting,lasso,0.0071129803573025336,nan,nan,nan,nan,nan,nan,nan,0.0,0.24483333333333332,nan,0.0,0,250,nan,0.17018379850238258,0.0,0.0,0.0,0.0039032897781934145,0.0039032897781934145,0.0,nan,nan,0.25196695465823227,0.25196695465823227
m01-j0181,manifest.tsv,dml2_real_real_breast_cancer_misaligned_cui_selective_ml_n6000_s0_chunk12.reps.csv,real_breast_cancer_misaligned,box,6000,0.05,0.0,estimated_residual_lowp_supported,cui_selective_ml,estimated,xgboost,xgboost,if_residual,1.0,0.0|0.25|0.5|1.0,aipw_variance,-1.0,1.0,obsval,4.0,0.1,30,0.1,crossfit_rank_empty_standdown,1.0,4,50,3,1852.5995981926098,0.020800676947661523,0.020800676947661523,0.020800676947661523,0.0,0.00020314561309442945,-0.00020244544782043947,0.0,nan,0.0,reference,nan,nan,nan,nan,nan,gradient_boosting,lasso,0.004940918918966236,nan,nan,nan,nan,nan,nan,nan,0.0,0.241,nan,0.0,0,256,nan,0.17704011065006917,0.0,0.0,0.0,0.0077418302438609,0.0077418302438609,0.0,nan,nan,0.24840414513530285,0.24840414513530285
m01-j0181,manifest.tsv,dml2_real_real_breast_cancer_misaligned_cui_selective_ml_n6000_s0_chunk12.reps.csv,real_breast_cancer_misaligned,box,6000,0.05,0.0,estimated_residual_lowp_supported,cui_selective_ml,estimated,xgboost,xgboost,if_residual,1.0,0.0|0.25|0.5|1.0,aipw_variance,-1.0,1.0,obsval,4.0,0.1,30,0.1,crossfit_rank_empty_standdown,1.0,4,50,4,2459.598863470368,0.04798157034141742,0.04798157034141742,0.04798157034141742,0.0,0.0001941575087099558,-0.00012963400263648977,0.0,nan,0.0,reference,nan,nan,nan,nan,nan,gradient_boosting,lasso,0.015499475998630163,nan,nan,nan,nan,nan,nan,nan,0.1,0.24333333333333335,0.965,0.39657534246575343,57,241,0.095,0.16506849315068492,0.0021868397346871352,0.0021868397346871352,0.0,0.005866510280254007,0.005866510280254007,0.0,0.36055352196606566,0.36055352196606566,0.3163525983014364,0.3163525983014364
m01-j0182,manifest.tsv,dml2_real_real_breast_cancer_misaligned_cui_selective_ml_n6000_s0_chunk13.reps.csv,real_breast_cancer_misaligned,box,6000,0.05,0.0,estimated_residual_lowp_supported,cui_selective_ml,estimated,xgboost,xgboost,if_residual,1.0,0.0|0.25|0.5|1.0,aipw_variance,-1.0,1.0,obsval,4.0,0.1,30,0.1,crossfit_rank_empty_standdown,1.0,4,50,1,620.7274523517117,0.031894159205371864,0.031894159205371864,0.031894159205371864,0.0,0.00013091725345406062,-6.047130452582891e-05,0.0,nan,0.0,reference,nan,nan,nan,nan,nan,random_forest,lasso,0.008090239625900412,nan,nan,nan,nan,nan,nan,nan,0.0,0.24616666666666667,nan,0.0,0,265,nan,0.17941773865944483,0.0,0.0,0.0,0.009449341756527218,0.009449341756527218,0.0,nan,nan,0.24478449215121834,0.24478449215121834
m01-j0182,manifest.tsv,dml2_real_real_breast_cancer_misaligned_cui_selective_ml_n6000_s0_chunk13.reps.csv,real_breast_cancer_misaligned,box,6000,0.05,0.0,estimated_residual_lowp_supported,cui_selective_ml,estimated,xgboost,xgboost,if_residual,1.0,0.0|0.25|0.5|1.0,aipw_variance,-1.0,1.0,obsval,4.0,0.1,30,0.1,crossfit_rank_empty_standdown,1.0,4,50,2,1244.4451360674575,0.013216011261321714,0.013216011261321714,0.013216011261321714,0.0,8.211288723209505e-05,-5.222399947611315e-05,0.0,nan,0.0,reference,nan,nan,nan,nan,nan,random_forest,lasso,0.008214575824074727,nan,nan,nan,nan,nan,nan,nan,0.1,0.25033333333333335,0.9733333333333334,0.38881491344873503,68,301,0.11333333333333333,0.2003994673768309,0.0021598679586549378,0.0021598679586549378,0.0,0.0040125576300093875,0.0040125576300093875,0.0,0.23500823863190948,0.23500823863190948,0.20925094204309017,0.20925094204309017
m01-j0182,manifest.tsv,dml2_real_real_breast_cancer_misaligned_cui_selective_ml_n6000_s0_chunk13.reps.csv,real_breast_cancer_misaligned,box,6000,0.05,0.0,estimated_residual_lowp_supported,cui_selective_ml,estimated,xgboost,xgboost,if_residual,1.0,0.0|0.25|0.5|1.0,aipw_variance,-1.0,1.0,obsval,4.0,0.1,30,0.1,crossfit_rank_empty_standdown,1.0,4,50,3,1863.090188909322,0.03404956908866924,0.03404956908866924,0.03404956908866924,0.0,0.0001102801254187658,-0.00010033470279585623,0.0,nan,0.0,reference,nan,nan,nan,nan,nan,gradient_boosting,lasso,0.05160577746201475,nan,nan,nan,nan,nan,nan,nan,0.0,0.24816666666666667,nan,0.0,0,257,nan,0.17259905977165882,0.0,0.0,0.0,0.006003391690335659,0.006003391690335659,0.0,nan,nan,0.27140050977993185,0.27140050977993185
m01-j0182,manifest.tsv,dml2_real_real_breast_cancer_misaligned_cui_selective_ml_n6000_s0_chunk13.reps.csv,real_breast_cancer_misaligned,box,6000,0.05,0.0,estimated_residual_lowp_supported,cui_selective_ml,estimated,xgboost,xgboost,if_residual,1.0,0.0|0.25|0.5|1.0,aipw_variance,-1.0,1.0,obsval,4.0,0.1,30,0.1,crossfit_rank_empty_standdown,1.0,4,50,4,2479.818982330151,0.030015630897815282,0.030015630897815282,0.030015630897815282,0.0,7.094312956605934e-05,-5.867413178987734e-05,0.0,nan,0.0,reference,nan,nan,nan,nan,nan,gradient_boosting,lasso,0.0025316985126205443,nan,nan,nan,nan,nan,nan,nan,0.1,0.24416666666666667,0.9433333333333334,0.3863481228668942,74,281,0.12333333333333334,0.19180887372013652,0.0016965466472934768,0.0016965466472934768,0.0,0.0037907287377708545,0.0037907287377708545,0.0,0.32704183451166796,0.32704183451166796,0.2686758842240931,0.2686758842240931
m01-j0183,manifest.tsv,dml2_real_real_breast_cancer_misaligned_cui_selective_ml_n6000_s0_chunk14.reps.csv,real_breast_cancer_misaligned,box,6000,0.05,0.0,estimated_residual_lowp_supported,cui_selective_ml,estimated,xgboost,xgboost,if_residual,1.0,0.0|0.25|0.5|1.0,aipw_variance,-1.0,1.0,obsval,4.0,0.1,30,0.1,crossfit_rank_empty_standdown,1.0,4,50,1,610.8849788261577,0.08747943712098527,0.08747943712098527,0.08747943712098527,0.0,6.435066763939724e-05,-4.138999774944206e-05,0.0,nan,0.0,reference,nan,nan,nan,nan,nan,gradient_boosting,lasso,0.0002398712952507935,nan,nan,nan,nan,nan,nan,nan,0.0,0.25116666666666665,nan,0.0,0,272,nan,0.1804910418049104,0.0,0.0,0.0,0.013876474539533452,0.013876474539533452,0.0,nan,nan,0.34152056545166937,0.34152056545166937
m01-j0183,manifest.tsv,dml2_real_real_breast_cancer_misaligned_cui_selective_ml_n6000_s0_chunk14.reps.csv,real_breast_cancer_misaligned,box,6000,0.05,0.0,estimated_residual_lowp_supported,cui_selective_ml,estimated,xgboost,xgboost,if_residual,1.0,0.0|0.25|0.5|1.0,aipw_variance,-1.0,1.0,obsval,4.0,0.1,30,0.1,crossfit_rank_empty_standdown,1.0,4,50,2,1231.8283243458718,-0.05669315262803887,-0.05669315262803887,-0.05669315262803887,0.0,7.103070441103051e-05,-4.002109413494073e-05,0.0,nan,0.0,reference,nan,nan,nan,nan,nan,gradient_boosting,lasso,0.011693667175223252,nan,nan,nan,nan,nan,nan,nan,0.1,0.2455,0.9666666666666667,0.3937542430414121,64,290,0.10666666666666667,0.19687712152070605,0.0018861244673517117,0.0018861244673517117,0.0,0.003493399805263832,0.003493399805263832,0.0,0.29220063243677746,0.29220063243677746,0.24043218394571206,0.24043218394571206
m01-j0183,manifest.tsv,dml2_real_real_breast_cancer_misaligned_cui_selective_ml_n6000_s0_chunk14.reps.csv,real_breast_cancer_misaligned,box,6000,0.05,0.0,estimated_residual_lowp_supported,cui_selective_ml,estimated,xgboost,xgboost,if_residual,1.0,0.0|0.25|0.5|1.0,aipw_variance,-1.0,1.0,obsval,4.0,0.1,30,0.1,crossfit_rank_empty_standdown,1.0,4,50,3,1838.5686861583963,0.04261559917150415,0.04261559917150415,0.04261559917150415,0.0,0.00010493129050982079,-3.763648370581278e-05,0.0,nan,0.0,reference,nan,nan,nan,nan,nan,gradient_boosting,lasso,0.00028329923244151963,nan,nan,nan,nan,nan,nan,nan,0.0,0.25266666666666665,nan,0.0,0,262,nan,0.17282321899736147,0.0,0.0,0.0,0.0061360800039485285,0.0061360800039485285,0.0,nan,nan,0.2855412935761567,0.2855412935761567
m01-j0183,manifest.tsv,dml2_real_real_breast_cancer_misaligned_cui_selective_ml_n6000_s0_chunk14.reps.csv,real_breast_cancer_misaligned,box,6000,0.05,0.0,estimated_residual_lowp_supported,cui_selective_ml,estimated,xgboost,xgboost,if_residual,1.0,0.0|0.25|0.5|1.0,aipw_variance,-1.0,1.0,obsval,4.0,0.1,30,0.1,crossfit_rank_empty_standdown,1.0,4,50,4,2450.476063499227,-0.015395295297491396,-0.015395295297491396,-0.015395295297491396,0.0,0.00014149602966860792,-7.226564303651711e-05,0.0,nan,0.0,reference,nan,nan,nan,nan,nan,gradient_boosting,lasso,0.0011163260968694883,nan,nan,nan,nan,nan,nan,nan,0.0,0.25083333333333335,nan,0.0,0,280,nan,0.18604651162790697,0.0,0.0,0.0,0.005387674443717488,0.005387674443717488,0.0,nan,nan,0.21541336866756033,0.21541336866756033
m01-j0184,manifest.tsv,dml2_real_real_breast_cancer_misaligned_cui_selective_ml_n6000_s0_chunk15.reps.csv,real_breast_cancer_misaligned,box,6000,0.05,0.0,estimated_residual_lowp_supported,cui_selective_ml,estimated,xgboost,xgboost,if_residual,1.0,0.0|0.25|0.5|1.0,aipw_variance,-1.0,1.0,obsval,4.0,0.1,30,0.1,crossfit_rank_empty_standdown,1.0,4,50,1,626.5119516979903,-0.0014990861635999497,-0.0014990861635999497,-0.0014990861635999497,0.0,0.00029993365316523333,-0.0003661177566614321,0.0,nan,0.0,reference,nan,nan,nan,nan,nan,gradient_boosting,random_forest,0.02368933802567829,nan,nan,nan,nan,nan,nan,nan,0.0,0.249,nan,0.0,0,262,nan,0.1753681392235609,0.0,0.0,0.0,0.010489207562817971,0.010489207562817971,0.0,nan,nan,0.3803801035208575,0.3803801035208575
m01-j0184,manifest.tsv,dml2_real_real_breast_cancer_misaligned_cui_selective_ml_n6000_s0_chunk15.reps.csv,real_breast_cancer_misaligned,box,6000,0.05,0.0,estimated_residual_lowp_supported,cui_selective_ml,estimated,xgboost,xgboost,if_residual,1.0,0.0|0.25|0.5|1.0,aipw_variance,-1.0,1.0,obsval,4.0,0.1,30,0.1,crossfit_rank_empty_standdown,1.0,4,50,2,1244.5503720669076,-0.021016375970942885,-0.021016375970942885,-0.021016375970942885,0.0,0.00013460379222656371,-0.00012060386749403336,0.0,nan,0.0,reference,nan,nan,nan,nan,nan,gradient_boosting,lasso,0.013950557370164698,nan,nan,nan,nan,nan,nan,nan,0.075,0.23983333333333334,0.9533333333333334,0.29812369701181374,39,243,0.08666666666666667,0.16886726893676163,0.001726787687266981,0.001726787687266981,0.0,0.003494090941186615,0.003494090941186615,0.0,0.3134035740023894,0.3134035740023894,0.2476453780984389,0.2476453780984389
m01-j0184,manifest.tsv,dml2_real_real_breast_cancer_misaligned_cui_selective_ml_n6000_s0_chunk15.reps.csv,real_breast_cancer_misaligned,box,6000,0.05,0.0,estimated_residual_lowp_supported,cui_selective_ml,estimated,xgboost,xgboost,if_residual,1.0,0.0|0.25|0.5|1.0,aipw_variance,-1.0,1.0,obsval,4.0,0.1,30,0.1,crossfit_rank_empty_standdown,1.0,4,50,3,1860.9450168851763,0.014554557663400913,0.014554557663400913,0.014554557663400913,0.0,0.00010701047561765924,-8.268143794939412e-05,0.0,nan,0.0,reference,nan,nan,nan,nan,nan,random_forest,lasso,0.010574431534812407,nan,nan,nan,nan,nan,nan,nan,0.0,0.247,nan,0.0,0,269,nan,0.1815114709851552,0.0,0.0,0.0,0.007309689071561965,0.007309689071561965,0.0,nan,nan,0.2353372035594782,0.2353372035594782
m01-j0184,manifest.tsv,dml2_real_real_breast_cancer_misaligned_cui_selective_ml_n6000_s0_chunk15.reps.csv,real_breast_cancer_misaligned,box,6000,0.05,0.0,estimated_residual_lowp_supported,cui_selective_ml,estimated,xgboost,xgboost,if_residual,1.0,0.0|0.25|0.5|1.0,aipw_variance,-1.0,1.0,obsval,4.0,0.1,30,0.1,crossfit_rank_empty_standdown,1.0,4,50,4,2475.0378170497715,0.05788107163517653,0.05788107163517653,0.05788107163517653,0.0,0.0001404584364020408,-7.397608138711136e-05,0.0,nan,0.0,reference,nan,nan,nan,nan,nan,gradient_boosting,lasso,0.034400248247965635,nan,nan,nan,nan,nan,nan,nan,0.0,0.24766666666666667,nan,0.0,0,257,nan,0.17294751009421266,0.0,0.0,0.0,0.005990749583041104,0.005990749583041104,0.0,nan,nan,0.2961707410256494,0.2961707410256494
m01-j0185,manifest.tsv,dml2_real_real_breast_cancer_misaligned_cui_selective_ml_n6000_s0_chunk16.reps.csv,real_breast_cancer_misaligned,box,6000,0.05,0.0,estimated_residual_lowp_supported,cui_selective_ml,estimated,xgboost,xgboost,if_residual,1.0,0.0|0.25|0.5|1.0,aipw_variance,-1.0,1.0,obsval,4.0,0.1,30,0.1,crossfit_rank_empty_standdown,1.0,4,50,1,609.3185561066493,-0.016172556673559102,-0.016172556673559102,-0.016172556673559102,0.0,0.00013329248889950912,-0.00012268658005481483,0.0,nan,0.0,reference,nan,nan,nan,nan,nan,gradient_boosting,lasso,0.012132646011006148,nan,nan,nan,nan,nan,nan,nan,0.0,0.241,nan,0.0,0,247,nan,0.17081604426002767,0.0,0.0,0.0,0.0030725329228857338,0.0030725329228857338,0.0,nan,nan,0.22749186948645733,0.22749186948645733
m01-j0185,manifest.tsv,dml2_real_real_breast_cancer_misaligned_cui_selective_ml_n6000_s0_chunk16.reps.csv,real_breast_cancer_misaligned,box,6000,0.05,0.0,estimated_residual_lowp_supported,cui_selective_ml,estimated,xgboost,xgboost,if_residual,1.0,0.0|0.25|0.5|1.0,aipw_variance,-1.0,1.0,obsval,4.0,0.1,30,0.1,crossfit_rank_empty_standdown,1.0,4,50,2,1221.975822430104,-0.019713828474517636,-0.019713828474517636,-0.019713828474517636,0.0,0.0001018205375450848,-2.4451542700470324e-05,0.0,nan,0.0,reference,nan,nan,nan,nan,nan,gradient_boosting,lasso,0.2294193619161831,nan,nan,nan,nan,nan,nan,nan,0.1,0.24533333333333332,0.9516666666666667,0.38790760869565216,54,277,0.09,0.18817934782608695,0.004524538267619305,0.004524538267619305,0.0,0.009725978394733825,0.009725978394733825,0.0,0.31953788204896894,0.31953788204896894,0.2730225962516384,0.2730225962516384
m01-j0185,manifest.tsv,dml2_real_real_breast_cancer_misaligned_cui_selective_ml_n6000_s0_chunk16.reps.csv,real_breast_cancer_misaligned,box,6000,0.05,0.0,estimated_residual_lowp_supported,cui_selective_ml,estimated,xgboost,xgboost,if_residual,1.0,0.0|0.25|0.5|1.0,aipw_variance,-1.0,1.0,obsval,4.0,0.1,30,0.1,crossfit_rank_empty_standdown,1.0,4,50,3,1834.3362708669156,-0.04940000685487503,-0.04940000685487503,-0.04940000685487503,0.0,0.00030531794021015977,-0.000244885981037592,0.0,nan,0.0,reference,nan,nan,nan,nan,nan,gradient_boosting,lasso,0.0033004042651785474,nan,nan,nan,nan,nan,nan,nan,0.0,0.239,nan,0.0,0,269,nan,0.18758716875871687,0.0,0.0,0.0,0.002438834069711651,0.002438834069711651,0.0,nan,nan,0.22945418620352592,0.22945418620352592
m01-j0185,manifest.tsv,dml2_real_real_breast_cancer_misaligned_cui_selective_ml_n6000_s0_chunk16.reps.csv,real_breast_cancer_misaligned,box,6000,0.05,0.0,estimated_residual_lowp_supported,cui_selective_ml,estimated,xgboost,xgboost,if_residual,1.0,0.0|0.25|0.5|1.0,aipw_variance,-1.0,1.0,obsval,4.0,0.1,30,0.1,crossfit_rank_empty_standdown,1.0,4,50,4,2445.9751209691167,0.02575504879386248,0.02575504879386248,0.02575504879386248,0.0,8.543165955467711e-05,-8.044811511380288e-05,0.0,nan,0.0,reference,nan,nan,nan,nan,nan,random_forest,lasso,0.0031603195756531926,nan,nan,nan,nan,nan,nan,nan,0.1,0.24633333333333332,0.96,0.38971583220568334,64,258,0.10666666666666667,0.17456021650879566,0.005512154021619333,0.005512154021619333,0.0,0.009680548565272727,0.009680548565272727,0.0,0.3078890368549296,0.3078890368549296,0.26852858491989245,0.26852858491989245
m01-j0186,manifest.tsv,dml2_real_real_breast_cancer_misaligned_cui_selective_ml_n6000_s0_chunk17.reps.csv,real_breast_cancer_misaligned,box,6000,0.05,0.0,estimated_residual_lowp_supported,cui_selective_ml,estimated,xgboost,xgboost,if_residual,1.0,0.0|0.25|0.5|1.0,aipw_variance,-1.0,1.0,obsval,4.0,0.1,30,0.1,crossfit_rank_empty_standdown,1.0,4,50,1,612.2947800736874,-0.02598034987908701,-0.02598034987908701,-0.02598034987908701,0.0,0.0002410225507353111,-0.0001566185339073403,0.0,nan,0.0,reference,nan,nan,nan,nan,nan,gradient_boosting,lasso,0.0009557039502713078,nan,nan,nan,nan,nan,nan,nan,0.0,0.2445,nan,0.0,0,289,nan,0.19700068166325835,0.0,0.0,0.0,0.002660916006656763,0.002660916006656763,0.0,nan,nan,0.21999585194090604,0.21999585194090604
m01-j0186,manifest.tsv,dml2_real_real_breast_cancer_misaligned_cui_selective_ml_n6000_s0_chunk17.reps.csv,real_breast_cancer_misaligned,box,6000,0.05,0.0,estimated_residual_lowp_supported,cui_selective_ml,estimated,xgboost,xgboost,if_residual,1.0,0.0|0.25|0.5|1.0,aipw_variance,-1.0,1.0,obsval,4.0,0.1,30,0.1,crossfit_rank_empty_standdown,1.0,4,50,2,1214.828937615268,-4.68279029714469e-05,-4.68279029714469e-05,-4.68279029714469e-05,0.0,0.0001542768234432841,-6.33769340758416e-05,0.0,nan,0.0,reference,nan,nan,nan,nan,nan,gradient_boosting,lasso,0.16569680038376866,nan,nan,nan,nan,nan,nan,nan,0.0,0.24416666666666667,nan,0.0,0,250,nan,0.17064846416382254,0.0,0.0,0.0,0.006912631188736127,0.006912631188736127,0.0,nan,nan,0.25414034288279325,0.25414034288279325
m01-j0186,manifest.tsv,dml2_real_real_breast_cancer_misaligned_cui_selective_ml_n6000_s0_chunk17.reps.csv,real_breast_cancer_misaligned,box,6000,0.05,0.0,estimated_residual_lowp_supported,cui_selective_ml,estimated,xgboost,xgboost,if_residual,1.0,0.0|0.25|0.5|1.0,aipw_variance,-1.0,1.0,obsval,4.0,0.1,30,0.1,crossfit_rank_empty_standdown,1.0,4,50,3,1820.9959334963933,0.02692821950953922,0.02692821950953922,0.02692821950953922,0.0,0.00010004404731069885,-2.2648602889322562e-05,0.0,nan,0.0,reference,nan,nan,nan,nan,nan,gradient_boosting,lasso,0.0008785386101385663,nan,nan,nan,nan,nan,nan,nan,0.1,0.2415,0.985,0.4078674948240166,46,245,0.07666666666666666,0.16908212560386474,-5.897900477153453e-05,-5.897900477153453e-05,0.0,0.0017138800163035075,0.0017138800163035075,0.0,0.2675246602613189,0.2675246602613189,0.2455963269682894,0.2455963269682894
m01-j0186,manifest.tsv,dml2_real_real_breast_cancer_misaligned_cui_selective_ml_n6000_s0_chunk17.reps.csv,real_breast_cancer_misaligned,box,6000,0.05,0.0,estimated_residual_lowp_supported,cui_selective_ml,estimated,xgboost,xgboost,if_residual,1.0,0.0|0.25|0.5|1.0,aipw_variance,-1.0,1.0,obsval,4.0,0.1,30,0.1,crossfit_rank_empty_standdown,1.0,4,50,4,2446.1759023126215,0.013504227790662737,0.013504227790662737,0.013504227790662737,0.0,5.960307041680084e-05,-6.232702694086516e-05,0.0,nan,0.0,reference,nan,nan,nan,nan,nan,gradient_boosting,lasso,0.0006175293055395799,nan,nan,nan,nan,nan,nan,nan,0.1,0.24,0.9633333333333334,0.4013888888888889,65,285,0.10833333333333334,0.19791666666666666,0.0038761138428618225,0.0038761138428618225,0.0,0.007251797303278493,0.007251797303278493,0.0,0.2943879984145589,0.2943879984145589,0.24786022758418272,0.24786022758418272
m01-j0187,manifest.tsv,dml2_real_real_breast_cancer_misaligned_cui_selective_ml_n6000_s0_chunk18.reps.csv,real_breast_cancer_misaligned,box,6000,0.05,0.0,estimated_residual_lowp_supported,cui_selective_ml,estimated,xgboost,xgboost,if_residual,1.0,0.0|0.25|0.5|1.0,aipw_variance,-1.0,1.0,obsval,4.0,0.1,30,0.1,crossfit_rank_empty_standdown,1.0,4,50,1,606.7664401521906,0.0255792056040805,0.0255792056040805,0.0255792056040805,0.0,0.00011758450174044499,-0.00013534747946449877,0.0,nan,0.0,reference,nan,nan,nan,nan,nan,gradient_boosting,gradient_boosting,0.08088397246856552,nan,nan,nan,nan,nan,nan,nan,0.0,0.24383333333333335,nan,0.0,0,253,nan,0.17293233082706766,0.0,0.0,0.0,0.0055618066179973355,0.0055618066179973355,0.0,nan,nan,0.45312910523382294,0.45312910523382294
m01-j0187,manifest.tsv,dml2_real_real_breast_cancer_misaligned_cui_selective_ml_n6000_s0_chunk18.reps.csv,real_breast_cancer_misaligned,box,6000,0.05,0.0,estimated_residual_lowp_supported,cui_selective_ml,estimated,xgboost,xgboost,if_residual,1.0,0.0|0.25|0.5|1.0,aipw_variance,-1.0,1.0,obsval,4.0,0.1,30,0.1,crossfit_rank_empty_standdown,1.0,4,50,2,1219.8775503253564,-0.016524030565834402,-0.016524030565834402,-0.016524030565834402,0.0,7.001072777603205e-05,-7.912559553087525e-05,0.0,nan,0.0,reference,nan,nan,nan,nan,nan,random_forest,gradient_boosting,0.006816487775915668,nan,nan,nan,nan,nan,nan,nan,0.0,0.2495,nan,0.0,0,271,nan,0.18102872411489646,0.0,0.0,0.0,0.014022986140570197,0.014022986140570197,0.0,nan,nan,0.4070048809391295,0.4070048809391295
m01-j0187,manifest.tsv,dml2_real_real_breast_cancer_misaligned_cui_selective_ml_n6000_s0_chunk18.reps.csv,real_breast_cancer_misaligned,box,6000,0.05,0.0,estimated_residual_lowp_supported,cui_selective_ml,estimated,xgboost,xgboost,if_residual,1.0,0.0|0.25|0.5|1.0,aipw_variance,-1.0,1.0,obsval,4.0,0.1,30,0.1,crossfit_rank_empty_standdown,1.0,4,50,3,1835.5001672888175,0.011405861627114156,0.011405861627114156,0.011405861627114156,0.0,0.0001721488015120181,-0.00015269652764123178,0.0,nan,0.0,reference,nan,nan,nan,nan,nan,gradient_boosting,lasso,0.0008649093182838661,nan,nan,nan,nan,nan,nan,nan,0.0,0.2435,nan,0.0,0,240,nan,0.16427104722792607,0.0,0.0,0.0,0.004599156627748127,0.004599156627748127,0.0,nan,nan,0.22299034366180884,0.22299034366180884
m01-j0187,manifest.tsv,dml2_real_real_breast_cancer_misaligned_cui_selective_ml_n6000_s0_chunk18.reps.csv,real_breast_cancer_misaligned,box,6000,0.05,0.0,estimated_residual_lowp_supported,cui_selective_ml,estimated,xgboost,xgboost,if_residual,1.0,0.0|0.25|0.5|1.0,aipw_variance,-1.0,1.0,obsval,4.0,0.1,30,0.1,crossfit_rank_empty_standdown,1.0,4,50,4,2446.0723598077893,0.00021157124098525326,0.00021157124098525326,0.00021157124098525326,0.0,0.000149124774873126,-0.00011447455630276963,0.0,nan,0.0,reference,nan,nan,nan,nan,nan,gradient_boosting,lasso,0.0002829455805351277,nan,nan,nan,nan,nan,nan,nan,0.0,0.242,nan,0.0,0,260,nan,0.1790633608815427,0.0,0.0,0.0,0.0015017580692166495,0.0015017580692166495,0.0,nan,nan,0.20917357935569375,0.20917357935569375
m01-j0188,manifest.tsv,dml2_real_real_breast_cancer_misaligned_cui_selective_ml_n6000_s0_chunk19.reps.csv,real_breast_cancer_misaligned,box,6000,0.05,0.0,estimated_residual_lowp_supported,cui_selective_ml,estimated,xgboost,xgboost,if_residual,1.0,0.0|0.25|0.5|1.0,aipw_variance,-1.0,1.0,obsval,4.0,0.1,30,0.1,crossfit_rank_empty_standdown,1.0,4,50,1,608.1087638372555,-0.01776000747030912,-0.01776000747030912,-0.01776000747030912,0.0,0.00016770334822967486,-0.00012863143075656067,0.0,nan,0.0,reference,nan,nan,nan,nan,nan,logistic_l1,lasso,0.001220417851640502,nan,nan,nan,nan,nan,nan,nan,0.0,0.24666666666666667,nan,0.0,0,274,nan,0.18513513513513513,0.0,0.0,0.0,-0.05575775363662341,-0.05575775363662341,0.0,nan,nan,0.24627011320047407,0.24627011320047407
m01-j0188,manifest.tsv,dml2_real_real_breast_cancer_misaligned_cui_selective_ml_n6000_s0_chunk19.reps.csv,real_breast_cancer_misaligned,box,6000,0.05,0.0,estimated_residual_lowp_supported,cui_selective_ml,estimated,xgboost,xgboost,if_residual,1.0,0.0|0.25|0.5|1.0,aipw_variance,-1.0,1.0,obsval,4.0,0.1,30,0.1,crossfit_rank_empty_standdown,1.0,4,50,2,1211.5190496370196,-0.04288739440736311,-0.030308751802604145,-0.04288739440736311,0.012578642604758966,0.00024048710062575312,-0.00017873844226670883,0.0,nan,0.5,if_residual,nan,nan,nan,nan,nan,logistic_l1,lasso,0.0008746703773738582,nan,nan,nan,nan,nan,nan,nan,0.0,0.24716666666666667,nan,0.0,0,272,nan,0.18341200269723534,0.0,0.0,0.0,-0.013534071603270564,-0.0728446604216862,-0.05931058881841564,nan,nan,0.21381296383656614,0.3848089578518437
m01-j0188,manifest.tsv,dml2_real_real_breast_cancer_misaligned_cui_selective_ml_n6000_s0_chunk19.reps.csv,real_breast_cancer_misaligned,box,6000,0.05,0.0,estimated_residual_lowp_supported,cui_selective_ml,estimated,xgboost,xgboost,if_residual,1.0,0.0|0.25|0.5|1.0,aipw_variance,-1.0,1.0,obsval,4.0,0.1,30,0.1,crossfit_rank_empty_standdown,1.0,4,50,3,1826.3281838232651,-0.016201454612794597,-0.016201454612794597,-0.016201454612794597,0.0,0.00015681286889526942,-9.152545054155726e-05,0.0,nan,0.0,reference,nan,nan,nan,nan,nan,gradient_boosting,lasso,0.02700705960968857,nan,nan,nan,nan,nan,nan,nan,0.0,0.243,nan,0.0,0,276,nan,0.18930041152263374,0.0,0.0,0.0,0.006554740668121257,0.006554740668121257,0.0,nan,nan,0.22792330420832654,0.22792330420832654
m01-j0188,manifest.tsv,dml2_real_real_breast_cancer_misaligned_cui_selective_ml_n6000_s0_chunk19.reps.csv,real_breast_cancer_misaligned,box,6000,0.05,0.0,estimated_residual_lowp_supported,cui_selective_ml,estimated,xgboost,xgboost,if_residual,1.0,0.0|0.25|0.5|1.0,aipw_variance,-1.0,1.0,obsval,4.0,0.1,30,0.1,crossfit_rank_empty_standdown,1.0,4,50,4,2440.236529172398,0.029811892924150096,0.029811892924150096,0.029811892924150096,0.0,0.0001641136184785439,-0.0001161226981716762,0.0,nan,0.0,reference,nan,nan,nan,nan,nan,gradient_boosting,lasso,0.011705749432691518,nan,nan,nan,nan,nan,nan,nan,0.1,0.24383333333333335,0.9666666666666667,0.3964456596035543,55,266,0.09166666666666666,0.18181818181818182,0.002783865497937254,0.002783865497937254,0.0,0.006887096476454941,0.006887096476454941,0.0,0.2818118343968555,0.2818118343968555,0.24717623824345863,0.24717623824345863
m01-j0189,manifest.tsv,dml2_real_real_breast_cancer_misaligned_cui_selective_ml_n6000_s0_chunk20.reps.csv,real_breast_cancer_misaligned,box,6000,0.05,0.0,estimated_residual_lowp_supported,cui_selective_ml,estimated,xgboost,xgboost,if_residual,1.0,0.0|0.25|0.5|1.0,aipw_variance,-1.0,1.0,obsval,4.0,0.1,30,0.1,crossfit_rank_empty_standdown,1.0,4,50,1,612.2692321706563,0.07073470639959734,0.07073470639959734,0.07073470639959734,0.0,0.00010640261435637482,-7.785654937548229e-05,0.0,nan,0.0,reference,nan,nan,nan,nan,nan,gradient_boosting,gradient_boosting,0.0018632628464640328,nan,nan,nan,nan,nan,nan,nan,0.05,0.24916666666666668,0.98,0.19665551839464884,34,262,0.11333333333333333,0.17525083612040135,0.0027456189218408337,0.0027456189218408337,0.0,0.014379094496771126,0.014379094496771126,0.0,0.4448719907609792,0.4448719907609792,0.4355990562312749,0.4355990562312749
m01-j0189,manifest.tsv,dml2_real_real_breast_cancer_misaligned_cui_selective_ml_n6000_s0_chunk20.reps.csv,real_breast_cancer_misaligned,box,6000,0.05,0.0,estimated_residual_lowp_supported,cui_selective_ml,estimated,xgboost,xgboost,if_residual,1.0,0.0|0.25|0.5|1.0,aipw_variance,-1.0,1.0,obsval,4.0,0.1,30,0.1,crossfit_rank_empty_standdown,1.0,4,50,2,1219.2058838829398,0.011393149267124092,0.011393149267124092,0.011393149267124092,0.0,0.00014052632995229333,-7.929716643101121e-05,0.0,nan,0.0,reference,nan,nan,nan,nan,nan,gradient_boosting,lasso,0.0025609664028212473,nan,nan,nan,nan,nan,nan,nan,0.075,0.24416666666666667,0.9688888888888889,0.2976109215017065,34,245,0.07555555555555556,0.16723549488054607,0.001255349724500673,0.001255349724500673,0.0,0.003287213747449728,0.003287213747449728,0.0,0.44922081259238594,0.44922081259238594,0.3524965281990815,0.3524965281990815
m01-j0189,manifest.tsv,dml2_real_real_breast_cancer_misaligned_cui_selective_ml_n6000_s0_chunk20.reps.csv,real_breast_cancer_misaligned,box,6000,0.05,0.0,estimated_residual_lowp_supported,cui_selective_ml,estimated,xgboost,xgboost,if_residual,1.0,0.0|0.25|0.5|1.0,aipw_variance,-1.0,1.0,obsval,4.0,0.1,30,0.1,crossfit_rank_empty_standdown,1.0,4,50,3,1826.2860932964832,-0.0012509216198084983,-0.0012509216198084983,-0.0012509216198084983,0.0,5.1435092985937484e-05,-8.189413306320753e-05,0.0,nan,0.0,reference,nan,nan,nan,nan,nan,gradient_boosting,lasso,0.06785811318867294,nan,nan,nan,nan,nan,nan,nan,0.0,0.23783333333333334,nan,0.0,0,253,nan,0.17729502452697968,0.0,0.0,0.0,0.005467136097262066,0.005467136097262066,0.0,nan,nan,0.2788075601370723,0.2788075601370723
m01-j0189,manifest.tsv,dml2_real_real_breast_cancer_misaligned_cui_selective_ml_n6000_s0_chunk20.reps.csv,real_breast_cancer_misaligned,box,6000,0.05,0.0,estimated_residual_lowp_supported,cui_selective_ml,estimated,xgboost,xgboost,if_residual,1.0,0.0|0.25|0.5|1.0,aipw_variance,-1.0,1.0,obsval,4.0,0.1,30,0.1,crossfit_rank_empty_standdown,1.0,4,50,4,2432.84688391909,0.009959258513148939,0.009959258513148939,0.009959258513148939,0.0,0.00011930632254320722,-0.00011280846133051941,0.0,nan,0.0,reference,nan,nan,nan,nan,nan,gradient_boosting,lasso,0.005355721084039655,nan,nan,nan,nan,nan,nan,nan,0.0,0.2465,nan,0.0,0,253,nan,0.17106152805949967,0.0,0.0,0.0,0.003790505102973085,0.003790505102973085,0.0,nan,nan,0.26679404212781455,0.26679404212781455
m01-j0190,manifest.tsv,dml2_real_real_breast_cancer_misaligned_cui_selective_ml_n6000_s0_chunk21.reps.csv,real_breast_cancer_misaligned,box,6000,0.05,0.0,estimated_residual_lowp_supported,cui_selective_ml,estimated,xgboost,xgboost,if_residual,1.0,0.0|0.25|0.5|1.0,aipw_variance,-1.0,1.0,obsval,4.0,0.1,30,0.1,crossfit_rank_empty_standdown,1.0,4,50,1,617.3163768034428,-0.014318704009333105,-0.014318704009333105,-0.014318704009333105,0.0,0.00016946920766922058,-4.627977864975208e-05,0.0,nan,0.0,reference,nan,nan,nan,nan,nan,logistic_l1,lasso,0.0006581341660795348,nan,nan,nan,nan,nan,nan,nan,0.0,0.24016666666666667,nan,0.0,0,243,nan,0.16863289382373353,0.0,0.0,0.0,-0.020969546628985217,-0.020969546628985217,0.0,nan,nan,0.2755751608109659,0.2755751608109659
m01-j0190,manifest.tsv,dml2_real_real_breast_cancer_misaligned_cui_selective_ml_n6000_s0_chunk21.reps.csv,real_breast_cancer_misaligned,box,6000,0.05,0.0,estimated_residual_lowp_supported,cui_selective_ml,estimated,xgboost,xgboost,if_residual,1.0,0.0|0.25|0.5|1.0,aipw_variance,-1.0,1.0,obsval,4.0,0.1,30,0.1,crossfit_rank_empty_standdown,1.0,4,50,2,1231.6507367994636,-0.011092400219623766,-0.004842839557696599,-0.011092400219623766,0.006249560661927167,7.079399590665205e-05,-0.00012380279920741575,0.0,nan,0.25,if_residual,nan,nan,nan,nan,nan,gradient_boosting,random_forest,0.002354214742271681,nan,nan,nan,nan,nan,nan,nan,0.1,0.24483333333333332,0.9616666666666667,0.39278420694349897,54,235,0.09,0.15997277059223963,0.00442347976363439,0.0049321656549088985,-0.0005086858912745082,0.007967070738785274,0.008155939026568703,-0.00018886828778342905,0.5524042454525753,0.5537906694503067,0.4146296228966971,0.42488485840546225
m01-j0190,manifest.tsv,dml2_real_real_breast_cancer_misaligned_cui_selective_ml_n6000_s0_chunk21.reps.csv,real_breast_cancer_misaligned,box,6000,0.05,0.0,estimated_residual_lowp_supported,cui_selective_ml,estimated,xgboost,xgboost,if_residual,1.0,0.0|0.25|0.5|1.0,aipw_variance,-1.0,1.0,obsval,4.0,0.1,30,0.1,crossfit_rank_empty_standdown,1.0,4,50,3,1868.7796337697655,0.0001817955249166503,0.0001817955249166503,0.0001817955249166503,0.0,0.00014004424924945807,-0.00012430065919298442,0.0,nan,0.0,reference,nan,nan,nan,nan,nan,gradient_boosting,lasso,0.007183418687345154,nan,nan,nan,nan,nan,nan,nan,0.1,0.24883333333333332,0.9483333333333334,0.3811118553248493,79,270,0.13166666666666665,0.18084393837910248,0.002768954911374414,0.002768954911374414,0.0,0.007107338323178358,0.007107338323178358,0.0,0.24578212827864454,0.24578212827864454,0.20825840009489738,0.20825840009489738
m01-j0190,manifest.tsv,dml2_real_real_breast_cancer_misaligned_cui_selective_ml_n6000_s0_chunk21.reps.csv,real_breast_cancer_misaligned,box,6000,0.05,0.0,estimated_residual_lowp_supported,cui_selective_ml,estimated,xgboost,xgboost,if_residual,1.0,0.0|0.25|0.5|1.0,aipw_variance,-1.0,1.0,obsval,4.0,0.1,30,0.1,crossfit_rank_empty_standdown,1.0,4,50,4,2482.359433329664,0.013467915663330055,0.013467915663330055,0.013467915663330055,0.0,7.602530100764846e-05,-5.828590362353173e-05,0.0,nan,0.0,reference,nan,nan,nan,nan,nan,gradient_boosting,lasso,0.012982539065109454,nan,nan,nan,nan,nan,nan,nan,0.075,0.24766666666666667,0.9577777777777777,0.29004037685060563,36,273,0.08,0.18371467025572005,-0.00013383711177577363,-0.00013383711177577363,0.0,0.0037136464200915854,0.0037136464200915854,0.0,0.28528447371875043,0.28528447371875043,0.24306069616383458,0.24306069616383458
m01-j0191,manifest.tsv,dml2_real_real_breast_cancer_misaligned_cui_selective_ml_n6000_s0_chunk22.reps.csv,real_breast_cancer_misaligned,box,6000,0.05,0.0,estimated_residual_lowp_supported,cui_selective_ml,estimated,xgboost,xgboost,if_residual,1.0,0.0|0.25|0.5|1.0,aipw_variance,-1.0,1.0,obsval,4.0,0.1,30,0.1,crossfit_rank_empty_standdown,1.0,4,50,1,611.8474165918306,0.048896058967835665,0.048896058967835665,0.048896058967835665,0.0,7.694608669157627e-05,-9.298198879857027e-05,0.0,nan,0.0,reference,nan,nan,nan,nan,nan,gradient_boosting,gradient_boosting,0.0006835179083713061,nan,nan,nan,nan,nan,nan,nan,0.0,0.24466666666666667,nan,0.0,0,270,nan,0.18392370572207084,0.0,0.0,0.0,0.0107540108073074,0.0107540108073074,0.0,nan,nan,0.41068350018505523,0.41068350018505523
m01-j0191,manifest.tsv,dml2_real_real_breast_cancer_misaligned_cui_selective_ml_n6000_s0_chunk22.reps.csv,real_breast_cancer_misaligned,box,6000,0.05,0.0,estimated_residual_lowp_supported,cui_selective_ml,estimated,xgboost,xgboost,if_residual,1.0,0.0|0.25|0.5|1.0,aipw_variance,-1.0,1.0,obsval,4.0,0.1,30,0.1,crossfit_rank_empty_standdown,1.0,4,50,2,1221.220552507788,-0.049020831841455226,-0.045784773363150316,-0.049020831841455226,0.0032360584783049096,0.00022197383096069336,-0.000235724882308232,0.0,nan,0.5,if_residual,nan,nan,nan,nan,nan,logistic_l1,lasso,0.0023362118396336377,nan,nan,nan,nan,nan,nan,nan,0.075,0.24766666666666667,0.94,0.28465679676985195,49,275,0.10888888888888888,0.18506056527590847,-0.01690298941342532,0.021653708116362018,-0.004750718702936699,-0.015824243572553725,0.02379208216965003,-0.007967838597096304,0.26796573653558353,0.3997391308433796,0.22376910200334404,0.3691331672561733
m01-j0191,manifest.tsv,dml2_real_real_breast_cancer_misaligned_cui_selective_ml_n6000_s0_chunk22.reps.csv,real_breast_cancer_misaligned,box,6000,0.05,0.0,estimated_residual_lowp_supported,cui_selective_ml,estimated,xgboost,xgboost,if_residual,1.0,0.0|0.25|0.5|1.0,aipw_variance,-1.0,1.0,obsval,4.0,0.1,30,0.1,crossfit_rank_empty_standdown,1.0,4,50,3,1836.1931973285973,-0.005497668797534994,-0.005497668797534994,-0.005497668797534994,0.0,0.0002032586243309769,-0.0001238838546358464,0.0,nan,0.0,reference,nan,nan,nan,nan,nan,gradient_boosting,lasso,0.0021407757944708517,nan,nan,nan,nan,nan,nan,nan,0.0,0.24883333333333332,nan,0.0,0,304,nan,0.20361687876758205,0.0,0.0,0.0,0.008160891911016726,0.008160891911016726,0.0,nan,nan,0.2870305657063488,0.2870305657063488
m01-j0191,manifest.tsv,dml2_real_real_breast_cancer_misaligned_cui_selective_ml_n6000_s0_chunk22.reps.csv,real_breast_cancer_misaligned,box,6000,0.05,0.0,estimated_residual_lowp_supported,cui_selective_ml,estimated,xgboost,xgboost,if_residual,1.0,0.0|0.25|0.5|1.0,aipw_variance,-1.0,1.0,obsval,4.0,0.1,30,0.1,crossfit_rank_empty_standdown,1.0,4,50,4,2450.9888988835737,0.01634990748502152,0.01634990748502152,0.01634990748502152,0.0,8.327557724948959e-05,-0.00011189472556010638,0.0,nan,0.0,reference,nan,nan,nan,nan,nan,gradient_boosting,gradient_boosting,0.0011098128700810822,nan,nan,nan,nan,nan,nan,nan,0.1,0.24266666666666667,0.935,0.3853021978021978,67,271,0.11166666666666666,0.18612637362637363,0.0014807740044191589,0.0014807740044191589,0.0,0.0042221877873744075,0.0042221877873744075,0.0,0.46052183939979735,0.46052183939979735,0.3882763311579645,0.3882763311579645
m01-j0192,manifest.tsv,dml2_real_real_breast_cancer_misaligned_cui_selective_ml_n6000_s0_chunk23.reps.csv,real_breast_cancer_misaligned,box,6000,0.05,0.0,estimated_residual_lowp_supported,cui_selective_ml,estimated,xgboost,xgboost,if_residual,1.0,0.0|0.25|0.5|1.0,aipw_variance,-1.0,1.0,obsval,4.0,0.1,30,0.1,crossfit_rank_empty_standdown,1.0,4,50,1,620.883428921923,0.04333136141353627,0.04333136141353627,0.04333136141353627,0.0,7.269327804313851e-05,-1.9092667595632814e-05,0.0,nan,0.0,reference,nan,nan,nan,nan,nan,gradient_boosting,lasso,0.004355205082916262,nan,nan,nan,nan,nan,nan,nan,0.1,0.24233333333333335,0.9733333333333334,0.4016506189821183,56,268,0.09333333333333334,0.1843191196698762,0.002625013037954312,0.002625013037954312,0.0,0.006645995294608954,0.006645995294608954,0.0,0.3316299165675962,0.3316299165675962,0.2719060605731055,0.2719060605731055
m01-j0192,manifest.tsv,dml2_real_real_breast_cancer_misaligned_cui_selective_ml_n6000_s0_chunk23.reps.csv,real_breast_cancer_misaligned,box,6000,0.05,0.0,estimated_residual_lowp_supported,cui_selective_ml,estimated,xgboost,xgboost,if_residual,1.0,0.0|0.25|0.5|1.0,aipw_variance,-1.0,1.0,obsval,4.0,0.1,30,0.1,crossfit_rank_empty_standdown,1.0,4,50,2,1242.9155994839966,0.061753855089273724,0.061753855089273724,0.061753855089273724,0.0,8.65584512871121e-05,-5.990419416175975e-05,0.0,nan,0.0,reference,nan,nan,nan,nan,nan,gradient_boosting,lasso,0.013445588198362723,nan,nan,nan,nan,nan,nan,nan,0.0,0.2475,nan,0.0,0,273,nan,0.18383838383838383,0.0,0.0,0.0,0.010559120609823619,0.010559120609823619,0.0,nan,nan,0.26755484959225523,0.26755484959225523
m01-j0192,manifest.tsv,dml2_real_real_breast_cancer_misaligned_cui_selective_ml_n6000_s0_chunk23.reps.csv,real_breast_cancer_misaligned,box,6000,0.05,0.0,estimated_residual_lowp_supported,cui_selective_ml,estimated,xgboost,xgboost,if_residual,1.0,0.0|0.25|0.5|1.0,aipw_variance,-1.0,1.0,obsval,4.0,0.1,30,0.1,crossfit_rank_empty_standdown,1.0,4,50,3,1842.0399203039706,0.011033923730797424,0.00458647101227716,0.011033923730797424,-0.0064474527185202635,0.00037587826110239064,-0.0002401185921135202,0.0,nan,0.25,if_residual,nan,nan,nan,nan,nan,gradient_boosting,lasso,0.004930342711516059,nan,nan,nan,nan,nan,nan,nan,0.0,0.24416666666666667,nan,0.0,0,228,nan,0.15563139931740613,0.0,0.0,0.0,-0.0013571385545792945,0.001276456740881308,8.068181369798658e-05,nan,nan,0.3230702020217203,0.31952567293855405
m01-j0192,manifest.tsv,dml2_real_real_breast_cancer_misaligned_cui_selective_ml_n6000_s0_chunk23.reps.csv,real_breast_cancer_misaligned,box,6000,0.05,0.0,estimated_residual_lowp_supported,cui_selective_ml,estimated,xgboost,xgboost,if_residual,1.0,0.0|0.25|0.5|1.0,aipw_variance,-1.0,1.0,obsval,4.0,0.1,30,0.1,crossfit_rank_empty_standdown,1.0,4,50,4,2452.9996248353273,-0.022455894000267485,-0.022455894000267485,-0.022455894000267485,0.0,0.00012404348242584743,-8.37882579515964e-05,0.0,nan,0.0,reference,nan,nan,nan,nan,nan,gradient_boosting,lasso,0.002605545748754457,nan,nan,nan,nan,nan,nan,nan,0.05,0.2495,0.9533333333333334,0.19104876419505679,37,270,0.12333333333333334,0.18036072144288579,0.001092617961339116,0.001092617961339116,0.0,0.005859068125597825,0.005859068125597825,0.0,0.3156663394062296,0.3156663394062296,0.253230977729149,0.253230977729149
m01-j0193,manifest.tsv,dml2_real_real_breast_cancer_misaligned_ctmle_n6000_s1_chunk00.reps.csv,real_breast_cancer_misaligned,box,6000,0.05,1.0,estimated_residual_lowp_supported,ctmle,estimated,xgboost,xgboost,if_residual,1.0,0.0|0.25|0.5|1.0,aipw_variance,-1.0,1.0,obsval,4.0,0.1,30,0.1,crossfit_rank_empty_standdown,1.0,4,50,1,480.26611762307584,0.005041190219019054,0.005041190219019054,0.005041190219019054,0.0,6.0817172068894625e-05,-4.6026354668193045e-05,0.0,0.5,0.0,reference,8.289665250534503e-18,-1.6653345369377348e-16,nan,nan,nan,,,nan,nan,nan,nan,nan,nan,nan,nan,0.075,0.252,0.9355555555555556,0.27843915343915343,58,305,0.1288888888888889,0.20171957671957672,-0.015273941533959903,-0.015273941533959903,0.0,-0.01106705339810075,-0.01106705339810075,0.0,1.085374132265886,1.085374132265886,0.8926610399346083,0.8926610399346083
m01-j0193,manifest.tsv,dml2_real_real_breast_cancer_misaligned_ctmle_n6000_s1_chunk00.reps.csv,real_breast_cancer_misaligned,box,6000,0.05,1.0,estimated_residual_lowp_supported,ctmle,estimated,xgboost,xgboost,if_residual,1.0,0.0|0.25|0.5|1.0,aipw_variance,-1.0,1.0,obsval,4.0,0.1,30,0.1,crossfit_rank_empty_standdown,1.0,4,50,2,962.9130221754313,0.00933957744466607,0.00933957744466607,0.00933957744466607,0.0,9.474915469915115e-05,-5.7363889640519184e-05,0.0,0.5,0.0,reference,-9.473903143468002e-18,0.0,nan,nan,nan,,,nan,nan,nan,nan,nan,nan,nan,nan,0.1,0.2435,0.9683333333333334,0.3976728268309377,64,263,0.10666666666666667,0.18001368925393565,-0.016551693103998965,-0.016551693103998965,0.0,-0.01950292544823546,-0.01950292544823546,0.0,1.4517564146540394,1.4517564146540394,1.092492987767362,1.092492987767362
m01-j0193,manifest.tsv,dml2_real_real_breast_cancer_misaligned_ctmle_n6000_s1_chunk00.reps.csv,real_breast_cancer_misaligned,box,6000,0.05,1.0,estimated_residual_lowp_supported,ctmle,estimated,xgboost,xgboost,if_residual,1.0,0.0|0.25|0.5|1.0,aipw_variance,-1.0,1.0,obsval,4.0,0.1,30,0.1,crossfit_rank_empty_standdown,1.0,4,50,3,1442.1085395459086,-0.04240623269552862,-0.04240623269552862,-0.04240623269552862,0.0,7.980193495041332e-05,-3.930123686935415e-05,0.0,0.5,0.0,reference,-9.473903143468002e-18,0.0,nan,nan,nan,,,nan,nan,nan,nan,nan,nan,nan,nan,0.0,0.24716666666666667,nan,0.0,0,283,nan,0.19082939986513822,0.0,0.0,0.0,-0.05677616019711882,-0.05677616019711882,0.0,nan,nan,1.0501287009900868,1.0501287009900868
m01-j0193,manifest.tsv,dml2_real_real_breast_cancer_misaligned_ctmle_n6000_s1_chunk00.reps.csv,real_breast_cancer_misaligned,box,6000,0.05,1.0,estimated_residual_lowp_supported,ctmle,estimated,xgboost,xgboost,if_residual,1.0,0.0|0.25|0.5|1.0,aipw_variance,-1.0,1.0,obsval,4.0,0.1,30,0.1,crossfit_rank_empty_standdown,1.0,4,50,4,1926.7208818495274,-0.0051849962703955366,-0.0051849962703955366,-0.0051849962703955366,0.0,7.385258935114591e-05,-3.7264820178012814e-05,0.0,0.5,0.0,reference,3.552713678800501e-18,0.0,nan,nan,nan,,,nan,nan,nan,nan,nan,nan,nan,nan,0.0,0.2415,nan,0.0,0,301,nan,0.20772946859903382,0.0,0.0,0.0,-0.02660278509026287,-0.02660278509026287,0.0,nan,nan,0.9310557178744224,0.9310557178744224
m01-j0194,manifest.tsv,dml2_real_real_breast_cancer_misaligned_ctmle_n6000_s1_chunk01.reps.csv,real_breast_cancer_misaligned,box,6000,0.05,1.0,estimated_residual_lowp_supported,ctmle,estimated,xgboost,xgboost,if_residual,1.0,0.0|0.25|0.5|1.0,aipw_variance,-1.0,1.0,obsval,4.0,0.1,30,0.1,crossfit_rank_empty_standdown,1.0,4,50,1,478.2131247660145,-0.04900048622401426,-0.04900048622401426,-0.04900048622401426,0.0,3.9369879620427314e-05,1.0450588816174593e-05,0.0,0.5,0.0,reference,5.921189464667502e-18,0.0,nan,nan,nan,,,nan,nan,nan,nan,nan,nan,nan,nan,0.0,0.24966666666666668,nan,0.0,0,295,nan,0.19692923898531375,0.0,0.0,0.0,-0.035788660725622874,-0.035788660725622874,0.0,nan,nan,1.0380866889176903,1.0380866889176903
m01-j0194,manifest.tsv,dml2_real_real_breast_cancer_misaligned_ctmle_n6000_s1_chunk01.reps.csv,real_breast_cancer_misaligned,box,6000,0.05,1.0,estimated_residual_lowp_supported,ctmle,estimated,xgboost,xgboost,if_residual,1.0,0.0|0.25|0.5|1.0,aipw_variance,-1.0,1.0,obsval,4.0,0.1,30,0.1,crossfit_rank_empty_standdown,1.0,4,50,2,959.4415909089148,-0.08982536117855838,-0.08982536117855838,-0.08982536117855838,0.0,4.238568343308013e-05,-1.3264693283081361e-05,0.0,0.5,0.0,reference,2.9605947323337507e-19,5.551115123125783e-17,nan,nan,nan,,,nan,nan,nan,nan,nan,nan,nan,nan,0.0,0.2405,nan,0.0,0,232,nan,0.16077616077616078,0.0,0.0,0.0,-0.07242418059402764,-0.07242418059402764,0.0,nan,nan,1.1633728616106258,1.1633728616106258
m01-j0194,manifest.tsv,dml2_real_real_breast_cancer_misaligned_ctmle_n6000_s1_chunk01.reps.csv,real_breast_cancer_misaligned,box,6000,0.05,1.0,estimated_residual_lowp_supported,ctmle,estimated,xgboost,xgboost,if_residual,1.0,0.0|0.25|0.5|1.0,aipw_variance,-1.0,1.0,obsval,4.0,0.1,30,0.1,crossfit_rank_empty_standdown,1.0,4,50,3,1438.7995059471577,-0.09550737527292752,-0.09550737527292752,-0.09550737527292752,0.0,5.465760566545903e-05,-3.2678649647804696e-05,0.0,0.5,0.0,reference,-4.736951571734001e-18,1.1102230246251565e-16,nan,nan,nan,,,nan,nan,nan,nan,nan,nan,nan,nan,0.075,0.24766666666666667,0.9466666666666667,0.28667563930013457,40,254,0.08888888888888889,0.17092866756393002,-0.05837733571912412,-0.05837733571912412,0.0,-0.08626629142711632,-0.08626629142711632,0.0,1.9052746032424916,1.9052746032424916,1.2268660751762495,1.2268660751762495
m01-j0194,manifest.tsv,dml2_real_real_breast_cancer_misaligned_ctmle_n6000_s1_chunk01.reps.csv,real_breast_cancer_misaligned,box,6000,0.05,1.0,estimated_residual_lowp_supported,ctmle,estimated,xgboost,xgboost,if_residual,1.0,0.0|0.25|0.5|1.0,aipw_variance,-1.0,1.0,obsval,4.0,0.1,30,0.1,crossfit_rank_empty_standdown,1.0,4,50,4,1921.0266882674769,-0.021308496417806133,-0.021308496417806133,-0.021308496417806133,0.0,5.8385340208882324e-05,-4.92039743495952e-05,0.0,0.5,0.0,reference,3.552713678800501e-18,-5.551115123125783e-17,nan,nan,nan,,,nan,nan,nan,nan,nan,nan,nan,nan,0.0,0.23933333333333334,nan,0.0,0,273,nan,0.19011142061281336,0.0,0.0,0.0,-0.06974203533203825,-0.06974203533203825,0.0,nan,nan,1.2228995836815322,1.2228995836815322
m01-j0195,manifest.tsv,dml2_real_real_breast_cancer_misaligned_ctmle_n6000_s1_chunk02.reps.csv,real_breast_cancer_misaligned,box,6000,0.05,1.0,estimated_residual_lowp_supported,ctmle,estimated,xgboost,xgboost,if_residual,1.0,0.0|0.25|0.5|1.0,aipw_variance,-1.0,1.0,obsval,4.0,0.1,30,0.1,crossfit_rank_empty_standdown,1.0,4,50,1,482.3505080547184,-0.018956687172770825,-0.018956687172770825,-0.018956687172770825,0.0,7.465188379487606e-05,4.3651485676858884e-05,0.0,0.5,0.0,reference,0.0,0.0,nan,nan,nan,,,nan,nan,nan,nan,nan,nan,nan,nan,0.0,0.24016666666666667,nan,0.0,0,247,nan,0.1714087439278279,0.0,0.0,0.0,-0.016423949730604626,-0.016423949730604626,0.0,nan,nan,1.0235434689638532,1.0235434689638532
m01-j0195,manifest.tsv,dml2_real_real_breast_cancer_misaligned_ctmle_n6000_s1_chunk02.reps.csv,real_breast_cancer_misaligned,box,6000,0.05,1.0,estimated_residual_lowp_supported,ctmle,estimated,xgboost,xgboost,if_residual,1.0,0.0|0.25|0.5|1.0,aipw_variance,-1.0,1.0,obsval,4.0,0.1,30,0.1,crossfit_rank_empty_standdown,1.0,4,50,2,969.743226133287,-0.08380725652876087,-0.08380725652876087,-0.08380725652876087,0.0,7.191994663568145e-05,7.985427814925154e-06,0.0,0.5,0.0,reference,-5.921189464667502e-18,-5.551115123125783e-17,nan,nan,nan,,,nan,nan,nan,nan,nan,nan,nan,nan,0.075,0.23916666666666667,0.9733333333333334,0.30522648083623694,34,227,0.07555555555555556,0.15818815331010452,-0.046581412858243604,-0.046581412858243604,0.0,-0.06362584001716501,-0.06362584001716501,0.0,1.415748913808044,1.415748913808044,1.0727011842959495,1.0727011842959495
m01-j0195,manifest.tsv,dml2_real_real_breast_cancer_misaligned_ctmle_n6000_s1_chunk02.reps.csv,real_breast_cancer_misaligned,box,6000,0.05,1.0,estimated_residual_lowp_supported,ctmle,estimated,xgboost,xgboost,if_residual,1.0,0.0|0.25|0.5|1.0,aipw_variance,-1.0,1.0,obsval,4.0,0.1,30,0.1,crossfit_rank_empty_standdown,1.0,4,50,3,1454.525926405564,-0.025574763143412227,-0.025574763143412227,-0.025574763143412227,0.0,5.63181296130233e-05,-8.737544406167913e-06,0.0,0.5,0.0,reference,2.3684757858670005e-18,0.0,nan,nan,nan,,,nan,nan,nan,nan,nan,nan,nan,nan,0.1,0.24833333333333332,0.9333333333333333,0.37583892617449666,64,276,0.10666666666666667,0.18523489932885906,-0.03535768897167889,-0.03535768897167889,0.0,-0.04471539064691416,-0.04471539064691416,0.0,1.2672209385972082,1.2672209385972082,0.9933255955031811,0.9933255955031811
m01-j0195,manifest.tsv,dml2_real_real_breast_cancer_misaligned_ctmle_n6000_s1_chunk02.reps.csv,real_breast_cancer_misaligned,box,6000,0.05,1.0,estimated_residual_lowp_supported,ctmle,estimated,xgboost,xgboost,if_residual,1.0,0.0|0.25|0.5|1.0,aipw_variance,-1.0,1.0,obsval,4.0,0.1,30,0.1,crossfit_rank_empty_standdown,1.0,4,50,4,1927.5470778886229,-0.04685494863413331,-0.04685494863413331,-0.04685494863413331,0.0,9.841694620578239e-05,-7.833424054960682e-05,0.0,0.5,0.0,reference,1.1842378929335003e-18,0.0,nan,nan,nan,,,nan,nan,nan,nan,nan,nan,nan,nan,0.075,0.24133333333333334,0.9377777777777778,0.2914364640883978,48,265,0.10666666666666667,0.1830110497237569,-0.031524852326028044,-0.031524852326028044,0.0,-0.04671108902929896,-0.04671108902929896,0.0,1.342682619432621,1.342682619432621,0.9927570955143264,0.9927570955143264
m01-j0196,manifest.tsv,dml2_real_real_breast_cancer_misaligned_ctmle_n6000_s1_chunk03.reps.csv,real_breast_cancer_misaligned,box,6000,0.05,1.0,estimated_residual_lowp_supported,ctmle,estimated,xgboost,xgboost,if_residual,1.0,0.0|0.25|0.5|1.0,aipw_variance,-1.0,1.0,obsval,4.0,0.1,30,0.1,crossfit_rank_empty_standdown,1.0,4,50,1,484.82620841637254,-0.0491648434092829,-0.0491648434092829,-0.0491648434092829,0.0,8.060339500951343e-05,1.755736156825805e-05,0.0,0.5,0.0,reference,9.473903143468002e-18,5.551115123125783e-17,nan,nan,nan,,,nan,nan,nan,nan,nan,nan,nan,nan,0.0,0.2395,nan,0.0,0,257,nan,0.17884481558803061,0.0,0.0,0.0,-0.034003667280705474,-0.034003667280705474,0.0,nan,nan,0.9675030918730431,0.9675030918730431
m01-j0196,manifest.tsv,dml2_real_real_breast_cancer_misaligned_ctmle_n6000_s1_chunk03.reps.csv,real_breast_cancer_misaligned,box,6000,0.05,1.0,estimated_residual_lowp_supported,ctmle,estimated,xgboost,xgboost,if_residual,1.0,0.0|0.25|0.5|1.0,aipw_variance,-1.0,1.0,obsval,4.0,0.1,30,0.1,crossfit_rank_empty_standdown,1.0,4,50,2,968.2380109988153,-0.060215035977552234,-0.060215035977552234,-0.060215035977552234,0.0,6.194467169851818e-05,5.326020310992088e-07,0.0,0.5,0.0,reference,-2.3684757858670005e-18,-5.551115123125783e-17,nan,nan,nan,,,nan,nan,nan,nan,nan,nan,nan,nan,0.05,0.24016666666666667,0.9866666666666667,0.20541290770298404,31,256,0.10333333333333333,0.17765440666204024,-0.03986362375063167,-0.03986362375063167,0.0,-0.056896926887108644,-0.056896926887108644,0.0,1.6129927233013082,1.6129927233013082,1.0234583136597892,1.0234583136597892
m01-j0196,manifest.tsv,dml2_real_real_breast_cancer_misaligned_ctmle_n6000_s1_chunk03.reps.csv,real_breast_cancer_misaligned,box,6000,0.05,1.0,estimated_residual_lowp_supported,ctmle,estimated,xgboost,xgboost,if_residual,1.0,0.0|0.25|0.5|1.0,aipw_variance,-1.0,1.0,obsval,4.0,0.1,30,0.1,crossfit_rank_empty_standdown,1.0,4,50,3,1456.062600695528,-0.05987481644256365,-0.05987481644256365,-0.05987481644256365,0.0,4.91350317382332e-05,-8.837456296363578e-06,0.0,0.5,0.0,reference,-5.921189464667502e-18,5.551115123125783e-17,nan,nan,nan,,,nan,nan,nan,nan,nan,nan,nan,nan,0.1,0.24566666666666667,0.945,0.38466757123473544,73,302,0.12166666666666667,0.20488466757123475,-0.05728855696558172,-0.05728855696558172,0.0,-0.06473188877408742,-0.06473188877408742,0.0,1.6280851300048513,1.6280851300048513,1.1569208953663408,1.1569208953663408
m01-j0196,manifest.tsv,dml2_real_real_breast_cancer_misaligned_ctmle_n6000_s1_chunk03.reps.csv,real_breast_cancer_misaligned,box,6000,0.05,1.0,estimated_residual_lowp_supported,ctmle,estimated,xgboost,xgboost,if_residual,1.0,0.0|0.25|0.5|1.0,aipw_variance,-1.0,1.0,obsval,4.0,0.1,30,0.1,crossfit_rank_empty_standdown,1.0,4,50,4,1935.59886508435,-0.0028980588961899922,-0.0028980588961899922,-0.0028980588961899922,0.0,5.231587981622556e-05,-3.590220115982142e-05,0.0,0.5,0.0,reference,5.921189464667502e-18,0.0,nan,nan,nan,,,nan,nan,nan,nan,nan,nan,nan,nan,0.1,0.24516666666666667,0.9816666666666667,0.4004078857919782,66,276,0.11,0.1876274643099932,-0.011724704501187764,-0.011724704501187764,0.0,-0.01728645403701253,-0.01728645403701253,0.0,1.2090889450038598,1.2090889450038598,0.9865543234630247,0.9865543234630247
m01-j0197,manifest.tsv,dml2_real_real_breast_cancer_misaligned_ctmle_n6000_s1_chunk04.reps.csv,real_breast_cancer_misaligned,box,6000,0.05,1.0,estimated_residual_lowp_supported,ctmle,estimated,xgboost,xgboost,if_residual,1.0,0.0|0.25|0.5|1.0,aipw_variance,-1.0,1.0,obsval,4.0,0.1,30,0.1,crossfit_rank_empty_standdown,1.0,4,50,1,478.1104684481397,-0.07738431956792402,-0.07738431956792402,-0.07738431956792402,0.0,6.436115318154316e-05,-6.867973229057593e-06,0.0,0.5,0.0,reference,0.0,-5.551115123125783e-17,nan,nan,nan,,,nan,nan,nan,nan,nan,nan,nan,nan,0.0,0.24166666666666667,nan,0.0,0,267,nan,0.18413793103448275,0.0,0.0,0.0,-0.05042470798984479,-0.05042470798984479,0.0,nan,nan,1.1566578118047497,1.1566578118047497
m01-j0197,manifest.tsv,dml2_real_real_breast_cancer_misaligned_ctmle_n6000_s1_chunk04.reps.csv,real_breast_cancer_misaligned,box,6000,0.05,1.0,estimated_residual_lowp_supported,ctmle,estimated,xgboost,xgboost,if_residual,1.0,0.0|0.25|0.5|1.0,aipw_variance,-1.0,1.0,obsval,4.0,0.1,30,0.1,crossfit_rank_empty_standdown,1.0,4,50,2,958.177577261813,-0.05443919510907791,-0.05443919510907791,-0.05443919510907791,0.0,9.742389102667033e-05,-6.788551668046182e-05,0.0,0.5,0.0,reference,-1.3618735768735253e-17,0.0,nan,nan,nan,,,nan,nan,nan,nan,nan,nan,nan,nan,0.0,0.24466666666666667,nan,0.0,0,278,nan,0.1893732970027248,0.0,0.0,0.0,-0.04415685171990776,-0.04415685171990776,0.0,nan,nan,1.1168885153702912,1.1168885153702912
m01-j0197,manifest.tsv,dml2_real_real_breast_cancer_misaligned_ctmle_n6000_s1_chunk04.reps.csv,real_breast_cancer_misaligned,box,6000,0.05,1.0,estimated_residual_lowp_supported,ctmle,estimated,xgboost,xgboost,if_residual,1.0,0.0|0.25|0.5|1.0,aipw_variance,-1.0,1.0,obsval,4.0,0.1,30,0.1,crossfit_rank_empty_standdown,1.0,4,50,3,1437.262478960678,0.010615783027891068,0.010615783027891068,0.010615783027891068,0.0,5.249021792669436e-05,-1.936837956473573e-05,0.0,0.5,0.0,reference,-8.289665250534503e-18,0.0,nan,nan,nan,,,nan,nan,nan,nan,nan,nan,nan,nan,0.1,0.24016666666666667,0.9733333333333334,0.40527411519777934,55,251,0.09166666666666666,0.17418459403192227,-0.015204800090763693,-0.015204800090763693,0.0,-0.02604772137642909,-0.02604772137642909,0.0,1.337453312098589,1.337453312098589,1.0480116040032068,1.0480116040032068
m01-j0197,manifest.tsv,dml2_real_real_breast_cancer_misaligned_ctmle_n6000_s1_chunk04.reps.csv,real_breast_cancer_misaligned,box,6000,0.05,1.0,estimated_residual_lowp_supported,ctmle,estimated,xgboost,xgboost,if_residual,1.0,0.0|0.25|0.5|1.0,aipw_variance,-1.0,1.0,obsval,4.0,0.1,30,0.1,crossfit_rank_empty_standdown,1.0,4,50,4,1918.3768194308504,-0.07006055780016313,-0.07006055780016313,-0.07006055780016313,0.0,4.4194938139151e-05,8.227695633933893e-06,0.0,0.5,0.0,reference,-4.736951571734001e-18,5.551115123125783e-17,nan,nan,nan,,,nan,nan,nan,nan,nan,nan,nan,nan,0.0,0.24016666666666667,nan,0.0,0,280,nan,0.19430950728660654,0.0,0.0,0.0,-0.060424597471350996,-0.060424597471350996,0.0,nan,nan,1.0600419638617402,1.0600419638617402
m01-j0198,manifest.tsv,dml2_real_real_breast_cancer_misaligned_ctmle_n6000_s1_chunk05.reps.csv,real_breast_cancer_misaligned,box,6000,0.05,1.0,estimated_residual_lowp_supported,ctmle,estimated,xgboost,xgboost,if_residual,1.0,0.0|0.25|0.5|1.0,aipw_variance,-1.0,1.0,obsval,4.0,0.1,30,0.1,crossfit_rank_empty_standdown,1.0,4,50,1,473.6290580742061,-0.02223021023868016,-0.02223021023868016,-0.02223021023868016,0.0,0.00012240962432673828,2.4288778614975793e-05,0.0,0.5,0.0,reference,-2.3684757858670005e-18,-1.1102230246251565e-16,nan,nan,nan,,,nan,nan,nan,nan,nan,nan,nan,nan,0.0,0.24233333333333335,nan,0.0,0,252,nan,0.1733149931224209,0.0,0.0,0.0,-0.009881947784246182,-0.009881947784246182,0.0,nan,nan,1.1812370644536092,1.1812370644536092
m01-j0198,manifest.tsv,dml2_real_real_breast_cancer_misaligned_ctmle_n6000_s1_chunk05.reps.csv,real_breast_cancer_misaligned,box,6000,0.05,1.0,estimated_residual_lowp_supported,ctmle,estimated,xgboost,xgboost,if_residual,1.0,0.0|0.25|0.5|1.0,aipw_variance,-1.0,1.0,obsval,4.0,0.1,30,0.1,crossfit_rank_empty_standdown,1.0,4,50,2,953.3081270428374,-0.008533709891049235,-0.008533709891049235,-0.008533709891049235,0.0,4.300554103211021e-05,-3.293485630162746e-05,0.0,0.5,0.0,reference,7.105427357601002e-18,0.0,nan,nan,nan,,,nan,nan,nan,nan,nan,nan,nan,nan,0.1,0.244,0.97,0.3975409836065574,64,261,0.10666666666666667,0.17827868852459017,-0.013853497997120778,-0.013853497997120778,0.0,-0.0200566593976661,-0.0200566593976661,0.0,1.0960490186742675,1.0960490186742675,0.8879541837909072,0.8879541837909072
m01-j0198,manifest.tsv,dml2_real_real_breast_cancer_misaligned_ctmle_n6000_s1_chunk05.reps.csv,real_breast_cancer_misaligned,box,6000,0.05,1.0,estimated_residual_lowp_supported,ctmle,estimated,xgboost,xgboost,if_residual,1.0,0.0|0.25|0.5|1.0,aipw_variance,-1.0,1.0,obsval,4.0,0.1,30,0.1,crossfit_rank_empty_standdown,1.0,4,50,3,1436.933908045292,-0.036076468453030586,-0.036076468453030586,-0.036076468453030586,0.0,9.005579934968813e-05,-0.00010933045136689334,0.0,0.5,0.0,reference,-3.552713678800501e-18,0.0,nan,nan,nan,,,nan,nan,nan,nan,nan,nan,nan,nan,0.0,0.23933333333333334,nan,0.0,0,248,nan,0.17270194986072424,0.0,0.0,0.0,-0.03262662228093588,-0.03262662228093588,0.0,nan,nan,1.0470817562214223,1.0470817562214223
m01-j0198,manifest.tsv,dml2_real_real_breast_cancer_misaligned_ctmle_n6000_s1_chunk05.reps.csv,real_breast_cancer_misaligned,box,6000,0.05,1.0,estimated_residual_lowp_supported,ctmle,estimated,xgboost,xgboost,if_residual,1.0,0.0|0.25|0.5|1.0,aipw_variance,-1.0,1.0,obsval,4.0,0.1,30,0.1,crossfit_rank_empty_standdown,1.0,4,50,4,1913.046160645783,-0.04610899357582826,-0.04610899357582826,-0.04610899357582826,0.0,6.820618152355521e-05,-3.1358780445529377e-05,0.0,0.5,0.0,reference,5.921189464667501e-19,0.0,nan,nan,nan,,,nan,nan,nan,nan,nan,nan,nan,nan,0.05,0.24233333333333335,0.95,0.19601100412654746,38,279,0.12666666666666668,0.19188445667125173,-0.02741171085800103,-0.02741171085800103,0.0,-0.04197828637075349,-0.04197828637075349,0.0,1.6578799002730362,1.6578799002730362,1.0359538713994467,1.0359538713994467
m01-j0199,manifest.tsv,dml2_real_real_breast_cancer_misaligned_ctmle_n6000_s1_chunk06.reps.csv,real_breast_cancer_misaligned,box,6000,0.05,1.0,estimated_residual_lowp_supported,ctmle,estimated,xgboost,xgboost,if_residual,1.0,0.0|0.25|0.5|1.0,aipw_variance,-1.0,1.0,obsval,4.0,0.1,30,0.1,crossfit_rank_empty_standdown,1.0,4,50,1,475.6329314922914,-0.04652224734504268,-0.04652224734504268,-0.04652224734504268,0.0,8.5771467078053e-05,-1.148874368430211e-05,0.0,0.5,0.0,reference,1.1842378929335004e-17,0.0,nan,nan,nan,,,nan,nan,nan,nan,nan,nan,nan,nan,0.1,0.23933333333333334,0.9633333333333334,0.4025069637883008,42,261,0.07,0.1817548746518106,-0.03441561230463681,-0.03441561230463681,0.0,-0.047931176784905175,-0.047931176784905175,0.0,1.3248439819405247,1.3248439819405247,1.0303234093580458,1.0303234093580458
m01-j0199,manifest.tsv,dml2_real_real_breast_cancer_misaligned_ctmle_n6000_s1_chunk06.reps.csv,real_breast_cancer_misaligned,box,6000,0.05,1.0,estimated_residual_lowp_supported,ctmle,estimated,xgboost,xgboost,if_residual,1.0,0.0|0.25|0.5|1.0,aipw_variance,-1.0,1.0,obsval,4.0,0.1,30,0.1,crossfit_rank_empty_standdown,1.0,4,50,2,958.8262700084597,-0.04598401028114518,-0.04598401028114518,-0.04598401028114518,0.0,6.327766536548475e-05,-1.597917292001929e-05,0.0,0.5,0.0,reference,-2.3684757858670005e-18,0.0,nan,nan,nan,,,nan,nan,nan,nan,nan,nan,nan,nan,0.0,0.24566666666666667,nan,0.0,0,282,nan,0.19131614654002713,0.0,0.0,0.0,-0.06333645899550187,-0.06333645899550187,0.0,nan,nan,1.045491086126679,1.045491086126679
m01-j0199,manifest.tsv,dml2_real_real_breast_cancer_misaligned_ctmle_n6000_s1_chunk06.reps.csv,real_breast_cancer_misaligned,box,6000,0.05,1.0,estimated_residual_lowp_supported,ctmle,estimated,xgboost,xgboost,if_residual,1.0,0.0|0.25|0.5|1.0,aipw_variance,-1.0,1.0,obsval,4.0,0.1,30,0.1,crossfit_rank_empty_standdown,1.0,4,50,3,1443.4234252003953,-0.07857521018233893,-0.07857521018233893,-0.07857521018233893,0.0,7.480340221515443e-05,-5.3812661638318656e-05,0.0,0.5,0.0,reference,-1.0658141036401503e-17,0.0,nan,nan,nan,,,nan,nan,nan,nan,nan,nan,nan,nan,0.0,0.2385,nan,0.0,0,252,nan,0.1761006289308176,0.0,0.0,0.0,-0.05757424825634483,-0.05757424825634483,0.0,nan,nan,1.0233871259349623,1.0233871259349623
m01-j0199,manifest.tsv,dml2_real_real_breast_cancer_misaligned_ctmle_n6000_s1_chunk06.reps.csv,real_breast_cancer_misaligned,box,6000,0.05,1.0,estimated_residual_lowp_supported,ctmle,estimated,xgboost,xgboost,if_residual,1.0,0.0|0.25|0.5|1.0,aipw_variance,-1.0,1.0,obsval,4.0,0.1,30,0.1,crossfit_rank_empty_standdown,1.0,4,50,4,1921.7581737283617,-0.021204945543378317,-0.021204945543378317,-0.021204945543378317,0.0,6.600221410398141e-05,-4.4481175601906574e-05,0.0,0.5,0.0,reference,-1.1842378929335003e-18,5.551115123125783e-17,nan,nan,nan,,,nan,nan,nan,nan,nan,nan,nan,nan,0.0,0.23966666666666667,nan,0.0,0,254,nan,0.17663421418636996,0.0,0.0,0.0,-0.03168809431279215,-0.03168809431279215,0.0,nan,nan,1.093735769556274,1.093735769556274
m01-j0200,manifest.tsv,dml2_real_real_breast_cancer_misaligned_ctmle_n6000_s1_chunk07.reps.csv,real_breast_cancer_misaligned,box,6000,0.05,1.0,estimated_residual_lowp_supported,ctmle,estimated,xgboost,xgboost,if_residual,1.0,0.0|0.25|0.5|1.0,aipw_variance,-1.0,1.0,obsval,4.0,0.1,30,0.1,crossfit_rank_empty_standdown,1.0,4,50,1,477.86429289449006,-0.0054259087248491045,-0.0054259087248491045,-0.0054259087248491045,0.0,6.001732356774171e-05,-6.4780990106334336e-06,0.0,0.5,0.0,reference,0.0,5.551115123125783e-17,nan,nan,nan,,,nan,nan,nan,nan,nan,nan,nan,nan,0.0,0.24316666666666667,nan,0.0,0,265,nan,0.181631254283756,0.0,0.0,0.0,-0.018663800226882656,-0.018663800226882656,0.0,nan,nan,0.9286550305113084,0.9286550305113084
m01-j0200,manifest.tsv,dml2_real_real_breast_cancer_misaligned_ctmle_n6000_s1_chunk07.reps.csv,real_breast_cancer_misaligned,box,6000,0.05,1.0,estimated_residual_lowp_supported,ctmle,estimated,xgboost,xgboost,if_residual,1.0,0.0|0.25|0.5|1.0,aipw_variance,-1.0,1.0,obsval,4.0,0.1,30,0.1,crossfit_rank_empty_standdown,1.0,4,50,2,954.8727961787954,-0.08092920989518337,-0.08092920989518337,-0.08092920989518337,0.0,7.201956813135586e-05,-4.5281515166471645e-05,0.0,0.5,0.0,reference,2.3684757858670005e-18,0.0,nan,nan,nan,,,nan,nan,nan,nan,nan,nan,nan,nan,0.075,0.24466666666666667,0.9555555555555556,0.29291553133514986,50,282,0.1111111111111111,0.19209809264305178,-0.03749792273958434,-0.03749792273958434,0.0,-0.05914844581532058,-0.05914844581532058,0.0,1.434681012742877,1.434681012742877,1.0418886596363606,1.0418886596363606
m01-j0200,manifest.tsv,dml2_real_real_breast_cancer_misaligned_ctmle_n6000_s1_chunk07.reps.csv,real_breast_cancer_misaligned,box,6000,0.05,1.0,estimated_residual_lowp_supported,ctmle,estimated,xgboost,xgboost,if_residual,1.0,0.0|0.25|0.5|1.0,aipw_variance,-1.0,1.0,obsval,4.0,0.1,30,0.1,crossfit_rank_empty_standdown,1.0,4,50,3,1439.4654716523364,-0.07972916322324386,-0.07972916322324386,-0.07972916322324386,0.0,6.033562427187455e-05,-4.300967515161939e-05,0.0,0.5,0.0,reference,-3.552713678800501e-18,0.0,nan,nan,nan,,,nan,nan,nan,nan,nan,nan,nan,nan,0.1,0.24466666666666667,0.975,0.39850136239782014,48,260,0.08,0.1771117166212534,-0.03588307941108647,-0.03588307941108647,0.0,-0.05369360429304946,-0.05369360429304946,0.0,1.3744806599591812,1.3744806599591812,1.0275869404292186,1.0275869404292186
m01-j0200,manifest.tsv,dml2_real_real_breast_cancer_misaligned_ctmle_n6000_s1_chunk07.reps.csv,real_breast_cancer_misaligned,box,6000,0.05,1.0,estimated_residual_lowp_supported,ctmle,estimated,xgboost,xgboost,if_residual,1.0,0.0|0.25|0.5|1.0,aipw_variance,-1.0,1.0,obsval,4.0,0.1,30,0.1,crossfit_rank_empty_standdown,1.0,4,50,4,1920.3940465385094,-0.07167019289481225,-0.07167019289481225,-0.07167019289481225,0.0,5.6066804695235374e-05,-1.7957997996210498e-05,0.0,0.5,0.0,reference,2.3684757858670005e-18,5.551115123125783e-17,nan,nan,nan,,,nan,nan,nan,nan,nan,nan,nan,nan,0.1,0.24666666666666667,0.9366666666666666,0.37972972972972974,65,300,0.10833333333333334,0.20270270270270271,-0.043153644895402805,-0.043153644895402805,0.0,-0.05551443801143355,-0.05551443801143355,0.0,1.40402427066331,1.40402427066331,1.037066690340826,1.037066690340826
m01-j0201,manifest.tsv,dml2_real_real_breast_cancer_misaligned_ctmle_n6000_s1_chunk08.reps.csv,real_breast_cancer_misaligned,box,6000,0.05,1.0,estimated_residual_lowp_supported,ctmle,estimated,xgboost,xgboost,if_residual,1.0,0.0|0.25|0.5|1.0,aipw_variance,-1.0,1.0,obsval,4.0,0.1,30,0.1,crossfit_rank_empty_standdown,1.0,4,50,1,490.04903920087963,-0.02135544060410699,-0.02135544060410699,-0.02135544060410699,0.0,0.00010766291401755621,4.570929980985197e-06,0.0,0.5,0.0,reference,2.3684757858670005e-18,5.551115123125783e-17,nan,nan,nan,,,nan,nan,nan,nan,nan,nan,nan,nan,0.0,0.24983333333333332,nan,0.0,0,285,nan,0.19012675116744496,0.0,0.0,0.0,-0.02541810640795269,-0.02541810640795269,0.0,nan,nan,1.0230705718980586,1.0230705718980586
m01-j0201,manifest.tsv,dml2_real_real_breast_cancer_misaligned_ctmle_n6000_s1_chunk08.reps.csv,real_breast_cancer_misaligned,box,6000,0.05,1.0,estimated_residual_lowp_supported,ctmle,estimated,xgboost,xgboost,if_residual,1.0,0.0|0.25|0.5|1.0,aipw_variance,-1.0,1.0,obsval,4.0,0.1,30,0.1,crossfit_rank_empty_standdown,1.0,4,50,2,970.0238430397585,-0.010226990546550185,-0.010226990546550185,-0.010226990546550185,0.0,7.495035722956587e-05,-3.461252583079823e-05,0.0,0.5,0.0,reference,-1.3026616822268503e-17,5.551115123125783e-17,nan,nan,nan,,,nan,nan,nan,nan,nan,nan,nan,nan,0.0,0.24266666666666667,nan,0.0,0,250,nan,0.1717032967032967,0.0,0.0,0.0,-0.01878432902074512,-0.01878432902074512,0.0,nan,nan,0.9637263065227318,0.9637263065227318
m01-j0201,manifest.tsv,dml2_real_real_breast_cancer_misaligned_ctmle_n6000_s1_chunk08.reps.csv,real_breast_cancer_misaligned,box,6000,0.05,1.0,estimated_residual_lowp_supported,ctmle,estimated,xgboost,xgboost,if_residual,1.0,0.0|0.25|0.5|1.0,aipw_variance,-1.0,1.0,obsval,4.0,0.1,30,0.1,crossfit_rank_empty_standdown,1.0,4,50,3,1449.283368174918,-0.013230418860517623,-0.013230418860517623,-0.013230418860517623,0.0,0.00013925277709198047,-2.5452392303344676e-05,0.0,0.5,0.0,reference,-4.736951571734001e-18,0.0,nan,nan,nan,,,nan,nan,nan,nan,nan,nan,nan,nan,0.1,0.25316666666666665,0.975,0.38512179065174457,53,239,0.08833333333333333,0.15734035549703754,-0.011224726714571252,-0.011224726714571252,0.0,-0.021256276471199903,-0.021256276471199903,0.0,1.6574654242855842,1.6574654242855842,1.2387769887565852,1.2387769887565852
m01-j0201,manifest.tsv,dml2_real_real_breast_cancer_misaligned_ctmle_n6000_s1_chunk08.reps.csv,real_breast_cancer_misaligned,box,6000,0.05,1.0,estimated_residual_lowp_supported,ctmle,estimated,xgboost,xgboost,if_residual,1.0,0.0|0.25|0.5|1.0,aipw_variance,-1.0,1.0,obsval,4.0,0.1,30,0.1,crossfit_rank_empty_standdown,1.0,4,50,4,1927.9328461950645,-0.07431457272038611,-0.07431457272038611,-0.07431457272038611,0.0,4.254602307050316e-05,-3.165975795240474e-05,0.0,0.5,0.0,reference,1.5395092608135503e-17,0.0,nan,nan,nan,,,nan,nan,nan,nan,nan,nan,nan,nan,0.1,0.24316666666666667,0.9616666666666667,0.39547635366689515,66,258,0.11,0.1768334475668266,-0.04967320660970931,-0.04967320660970931,0.0,-0.06546179021179514,-0.06546179021179514,0.0,1.4666102070840747,1.4666102070840747,1.0972465804941434,1.0972465804941434
m01-j0202,manifest.tsv,dml2_real_real_breast_cancer_misaligned_ctmle_n6000_s1_chunk09.reps.csv,real_breast_cancer_misaligned,box,6000,0.05,1.0,estimated_residual_lowp_supported,ctmle,estimated,xgboost,xgboost,if_residual,1.0,0.0|0.25|0.5|1.0,aipw_variance,-1.0,1.0,obsval,4.0,0.1,30,0.1,crossfit_rank_empty_standdown,1.0,4,50,1,485.36662127729505,0.0020807656988421352,0.0020807656988421352,0.0020807656988421352,0.0,4.815747417114143e-05,-7.119447071456879e-05,0.0,0.5,0.0,reference,2.3684757858670005e-18,0.0,nan,nan,nan,,,nan,nan,nan,nan,nan,nan,nan,nan,0.0,0.2405,nan,0.0,0,266,nan,0.18433818433818433,0.0,0.0,0.0,-0.03145238560509128,-0.03145238560509128,0.0,nan,nan,1.0053839782067102,1.0053839782067102
m01-j0202,manifest.tsv,dml2_real_real_breast_cancer_misaligned_ctmle_n6000_s1_chunk09.reps.csv,real_breast_cancer_misaligned,box,6000,0.05,1.0,estimated_residual_lowp_supported,ctmle,estimated,xgboost,xgboost,if_residual,1.0,0.0|0.25|0.5|1.0,aipw_variance,-1.0,1.0,obsval,4.0,0.1,30,0.1,crossfit_rank_empty_standdown,1.0,4,50,2,964.1473058322445,-0.047968366511487504,-0.047968366511487504,-0.047968366511487504,0.0,9.198735857039037e-05,-2.9622527293095887e-05,0.0,0.5,0.0,reference,9.473903143468002e-18,0.0,nan,nan,nan,,,nan,nan,nan,nan,nan,nan,nan,nan,0.1,0.24283333333333335,0.9666666666666667,0.39807824296499655,59,256,0.09833333333333333,0.1757035003431709,-0.03957152041151384,-0.03957152041151384,0.0,-0.050040894828064286,-0.050040894828064286,0.0,1.4438748484407211,1.4438748484407211,1.1158471041581484,1.1158471041581484
m01-j0202,manifest.tsv,dml2_real_real_breast_cancer_misaligned_ctmle_n6000_s1_chunk09.reps.csv,real_breast_cancer_misaligned,box,6000,0.05,1.0,estimated_residual_lowp_supported,ctmle,estimated,xgboost,xgboost,if_residual,1.0,0.0|0.25|0.5|1.0,aipw_variance,-1.0,1.0,obsval,4.0,0.1,30,0.1,crossfit_rank_empty_standdown,1.0,4,50,3,1441.5532455649227,0.005457923894885919,0.005457923894885919,0.005457923894885919,0.0,6.432623190938229e-05,-5.4047370663948746e-05,0.0,0.5,0.0,reference,9.473903143468002e-18,0.0,nan,nan,nan,,,nan,nan,nan,nan,nan,nan,nan,nan,0.075,0.247,0.9777777777777777,0.2968960863697706,33,253,0.07333333333333333,0.17071524966261808,-0.022759182315550467,-0.022759182315550467,0.0,-0.01914821136239353,-0.01914821136239353,0.0,1.391234348416303,1.391234348416303,1.0501215620197835,1.0501215620197835
m01-j0202,manifest.tsv,dml2_real_real_breast_cancer_misaligned_ctmle_n6000_s1_chunk09.reps.csv,real_breast_cancer_misaligned,box,6000,0.05,1.0,estimated_residual_lowp_supported,ctmle,estimated,xgboost,xgboost,if_residual,1.0,0.0|0.25|0.5|1.0,aipw_variance,-1.0,1.0,obsval,4.0,0.1,30,0.1,crossfit_rank_empty_standdown,1.0,4,50,4,1920.8826473699883,-0.09003464969693847,-0.09003464969693847,-0.09003464969693847,0.0,4.2137188202841366e-05,-5.162671195670749e-05,0.0,0.5,0.0,reference,1.1842378929335003e-18,0.0,nan,nan,nan,,,nan,nan,nan,nan,nan,nan,nan,nan,0.1,0.253,0.965,0.3814229249011858,55,311,0.09166666666666666,0.20487483530961792,-0.03925685058352717,-0.03925685058352717,0.0,-0.05845490279739761,-0.05845490279739761,0.0,1.4895225783838857,1.4895225783838857,1.0901232001273626,1.0901232001273626
m01-j0203,manifest.tsv,dml2_real_real_breast_cancer_misaligned_ctmle_n6000_s1_chunk10.reps.csv,real_breast_cancer_misaligned,box,6000,0.05,1.0,estimated_residual_lowp_supported,ctmle,estimated,xgboost,xgboost,if_residual,1.0,0.0|0.25|0.5|1.0,aipw_variance,-1.0,1.0,obsval,4.0,0.1,30,0.1,crossfit_rank_empty_standdown,1.0,4,50,1,478.8741129171103,-0.0746078568545927,-0.0746078568545927,-0.0746078568545927,0.0,7.444829913099554e-05,2.4027812072397424e-05,0.0,0.5,0.0,reference,5.921189464667502e-18,0.0,nan,nan,nan,,,nan,nan,nan,nan,nan,nan,nan,nan,0.075,0.23983333333333334,0.94,0.2939541348158443,48,259,0.10666666666666667,0.17998610145934676,-0.039461969807448156,-0.039461969807448156,0.0,-0.05582445624599645,-0.05582445624599645,0.0,1.5123227550719454,1.5123227550719454,1.1990994222525195,1.1990994222525195
m01-j0203,manifest.tsv,dml2_real_real_breast_cancer_misaligned_ctmle_n6000_s1_chunk10.reps.csv,real_breast_cancer_misaligned,box,6000,0.05,1.0,estimated_residual_lowp_supported,ctmle,estimated,xgboost,xgboost,if_residual,1.0,0.0|0.25|0.5|1.0,aipw_variance,-1.0,1.0,obsval,4.0,0.1,30,0.1,crossfit_rank_empty_standdown,1.0,4,50,2,956.7562176501378,-0.03148874169901622,-0.03148874169901622,-0.03148874169901622,0.0,3.433994472518305e-05,-3.3473776179051597e-06,0.0,0.5,0.0,reference,-2.3684757858670005e-18,1.1102230246251565e-16,nan,nan,nan,,,nan,nan,nan,nan,nan,nan,nan,nan,0.0,0.24683333333333332,nan,0.0,0,270,nan,0.18230925050641458,0.0,0.0,0.0,-0.039836127871891884,-0.039836127871891884,0.0,nan,nan,1.0704118415377861,1.0704118415377861
m01-j0203,manifest.tsv,dml2_real_real_breast_cancer_misaligned_ctmle_n6000_s1_chunk10.reps.csv,real_breast_cancer_misaligned,box,6000,0.05,1.0,estimated_residual_lowp_supported,ctmle,estimated,xgboost,xgboost,if_residual,1.0,0.0|0.25|0.5|1.0,aipw_variance,-1.0,1.0,obsval,4.0,0.1,30,0.1,crossfit_rank_empty_standdown,1.0,4,50,3,1436.7432117462158,-0.007824000883865145,-0.007824000883865145,-0.007824000883865145,0.0,6.513287327137218e-05,-2.485742746351292e-05,0.0,0.5,0.0,reference,4.736951571734001e-18,0.0,nan,nan,nan,,,nan,nan,nan,nan,nan,nan,nan,nan,0.0,0.24666666666666667,nan,0.0,0,257,nan,0.17364864864864865,0.0,0.0,0.0,-0.019345367615231274,-0.019345367615231274,0.0,nan,nan,0.9997880395285281,0.9997880395285281
m01-j0203,manifest.tsv,dml2_real_real_breast_cancer_misaligned_ctmle_n6000_s1_chunk10.reps.csv,real_breast_cancer_misaligned,box,6000,0.05,1.0,estimated_residual_lowp_supported,ctmle,estimated,xgboost,xgboost,if_residual,1.0,0.0|0.25|0.5|1.0,aipw_variance,-1.0,1.0,obsval,4.0,0.1,30,0.1,crossfit_rank_empty_standdown,1.0,4,50,4,1912.9342102650553,-0.02371215823983952,-0.02371215823983952,-0.02371215823983952,0.0,6.029737511437582e-05,-6.9499376717864795e-06,0.0,0.5,0.0,reference,9.473903143468002e-18,0.0,nan,nan,nan,,,nan,nan,nan,nan,nan,nan,nan,nan,0.05,0.25183333333333335,0.9733333333333334,0.19324950363997354,38,312,0.12666666666666668,0.20648577101257445,-0.021556006945521063,-0.021556006945521063,0.0,-0.039203799623553595,-0.039203799623553595,0.0,1.311937887179593,1.311937887179593,1.0184655072729965,1.0184655072729965
m01-j0204,manifest.tsv,dml2_real_real_breast_cancer_misaligned_ctmle_n6000_s1_chunk11.reps.csv,real_breast_cancer_misaligned,box,6000,0.05,1.0,estimated_residual_lowp_supported,ctmle,estimated,xgboost,xgboost,if_residual,1.0,0.0|0.25|0.5|1.0,aipw_variance,-1.0,1.0,obsval,4.0,0.1,30,0.1,crossfit_rank_empty_standdown,1.0,4,50,1,482.9282661937177,-0.08277001280861851,-0.08277001280861851,-0.08277001280861851,0.0,5.494378685471724e-05,-2.825122507047178e-05,0.0,0.5,0.0,reference,1.0658141036401503e-17,0.0,nan,nan,nan,,,nan,nan,nan,nan,nan,nan,nan,nan,0.0,0.24616666666666667,nan,0.0,0,258,nan,0.17467840216655384,0.0,0.0,0.0,-0.06291636292493302,-0.06291636292493302,0.0,nan,nan,1.0359063117458105,1.0359063117458105
m01-j0204,manifest.tsv,dml2_real_real_breast_cancer_misaligned_ctmle_n6000_s1_chunk11.reps.csv,real_breast_cancer_misaligned,box,6000,0.05,1.0,estimated_residual_lowp_supported,ctmle,estimated,xgboost,xgboost,if_residual,1.0,0.0|0.25|0.5|1.0,aipw_variance,-1.0,1.0,obsval,4.0,0.1,30,0.1,crossfit_rank_empty_standdown,1.0,4,50,2,968.9396934267133,-0.06382318562530342,-0.06382318562530342,-0.06382318562530342,0.0,7.143419757074166e-05,-5.656910087988617e-05,0.0,0.5,0.0,reference,2.3684757858670005e-18,0.0,nan,nan,nan,,,nan,nan,nan,nan,nan,nan,nan,nan,0.1,0.23883333333333334,0.975,0.4082344731332868,62,237,0.10333333333333333,0.16538729937194696,-0.03985164910096756,-0.03985164910096756,0.0,-0.05442055429886298,-0.05442055429886298,0.0,1.4043441666462742,1.4043441666462742,1.0700206510163492,1.0700206510163492
m01-j0204,manifest.tsv,dml2_real_real_breast_cancer_misaligned_ctmle_n6000_s1_chunk11.reps.csv,real_breast_cancer_misaligned,box,6000,0.05,1.0,estimated_residual_lowp_supported,ctmle,estimated,xgboost,xgboost,if_residual,1.0,0.0|0.25|0.5|1.0,aipw_variance,-1.0,1.0,obsval,4.0,0.1,30,0.1,crossfit_rank_empty_standdown,1.0,4,50,3,1470.5111834164709,-0.05225848231060276,-0.05225848231060276,-0.05225848231060276,0.0,4.9442884093930895e-05,-5.988192509502285e-05,0.0,0.5,0.0,reference,-4.736951571734001e-18,0.0,nan,nan,nan,,,nan,nan,nan,nan,nan,nan,nan,nan,0.0,0.24566666666666667,nan,0.0,0,284,nan,0.1926729986431479,0.0,0.0,0.0,-0.02971517308381803,-0.02971517308381803,0.0,nan,nan,0.9004493382826054,0.9004493382826054
m01-j0204,manifest.tsv,dml2_real_real_breast_cancer_misaligned_ctmle_n6000_s1_chunk11.reps.csv,real_breast_cancer_misaligned,box,6000,0.05,1.0,estimated_residual_lowp_supported,ctmle,estimated,xgboost,xgboost,if_residual,1.0,0.0|0.25|0.5|1.0,aipw_variance,-1.0,1.0,obsval,4.0,0.1,30,0.1,crossfit_rank_empty_standdown,1.0,4,50,4,1952.1772837620229,-0.04670712285789025,-0.04670712285789025,-0.04670712285789025,0.0,6.87683867243835e-05,-4.19689161306868e-06,0.0,0.5,0.0,reference,0.0,0.0,nan,nan,nan,,,nan,nan,nan,nan,nan,nan,nan,nan,0.075,0.24133333333333334,0.9288888888888889,0.2886740331491713,61,280,0.13555555555555557,0.19337016574585636,-0.033660438686492294,-0.033660438686492294,0.0,-0.04379952325253701,-0.04379952325253701,0.0,1.4632628004644583,1.4632628004644583,1.0102671162624752,1.0102671162624752
m01-j0205,manifest.tsv,dml2_real_real_breast_cancer_misaligned_ctmle_n6000_s1_chunk12.reps.csv,real_breast_cancer_misaligned,box,6000,0.05,1.0,estimated_residual_lowp_supported,ctmle,estimated,xgboost,xgboost,if_residual,1.0,0.0|0.25|0.5|1.0,aipw_variance,-1.0,1.0,obsval,4.0,0.1,30,0.1,crossfit_rank_empty_standdown,1.0,4,50,1,481.7116380222142,-0.04069330982049124,-0.04069330982049124,-0.04069330982049124,0.0,9.365003904621833e-05,-7.007194397208724e-05,0.0,0.5,0.0,reference,1.1842378929335003e-18,5.551115123125783e-17,nan,nan,nan,,,nan,nan,nan,nan,nan,nan,nan,nan,0.0,0.2505,nan,0.0,0,255,nan,0.16966067864271456,0.0,0.0,0.0,-0.03252583941375714,-0.03252583941375714,0.0,nan,nan,0.9658086365992176,0.9658086365992176
m01-j0205,manifest.tsv,dml2_real_real_breast_cancer_misaligned_ctmle_n6000_s1_chunk12.reps.csv,real_breast_cancer_misaligned,box,6000,0.05,1.0,estimated_residual_lowp_supported,ctmle,estimated,xgboost,xgboost,if_residual,1.0,0.0|0.25|0.5|1.0,aipw_variance,-1.0,1.0,obsval,4.0,0.1,30,0.1,crossfit_rank_empty_standdown,1.0,4,50,2,964.6264453949407,-0.07501053631857163,-0.07501053631857163,-0.07501053631857163,0.0,5.5221151744246555e-05,-1.815253181347543e-05,0.0,0.5,0.0,reference,1.0658141036401503e-17,0.0,nan,nan,nan,,,nan,nan,nan,nan,nan,nan,nan,nan,0.0,0.24566666666666667,nan,0.0,0,273,nan,0.1852103120759837,0.0,0.0,0.0,-0.0777572200647593,-0.0777572200647593,0.0,nan,nan,1.1580487411069047,1.1580487411069047
m01-j0205,manifest.tsv,dml2_real_real_breast_cancer_misaligned_ctmle_n6000_s1_chunk12.reps.csv,real_breast_cancer_misaligned,box,6000,0.05,1.0,estimated_residual_lowp_supported,ctmle,estimated,xgboost,xgboost,if_residual,1.0,0.0|0.25|0.5|1.0,aipw_variance,-1.0,1.0,obsval,4.0,0.1,30,0.1,crossfit_rank_empty_standdown,1.0,4,50,3,1442.2772178305313,-0.024389340807604576,-0.024389340807604576,-0.024389340807604576,0.0,4.8797765182960993e-05,2.3774269142873793e-05,0.0,0.5,0.0,reference,1.1842378929335003e-18,-5.551115123125783e-17,nan,nan,nan,,,nan,nan,nan,nan,nan,nan,nan,nan,0.1,0.2445,0.9633333333333334,0.3940013633265167,58,274,0.09666666666666666,0.18677573278800272,-0.03194289792678042,-0.03194289792678042,0.0,-0.0412725906128603,-0.0412725906128603,0.0,1.3765292387643837,1.3765292387643837,1.0300922116444162,1.0300922116444162
m01-j0205,manifest.tsv,dml2_real_real_breast_cancer_misaligned_ctmle_n6000_s1_chunk12.reps.csv,real_breast_cancer_misaligned,box,6000,0.05,1.0,estimated_residual_lowp_supported,ctmle,estimated,xgboost,xgboost,if_residual,1.0,0.0|0.25|0.5|1.0,aipw_variance,-1.0,1.0,obsval,4.0,0.1,30,0.1,crossfit_rank_empty_standdown,1.0,4,50,4,1918.5484001860023,-0.04529450640595517,-0.04529450640595517,-0.04529450640595517,0.0,6.049286548025267e-05,-7.694472282697906e-07,0.0,0.5,0.0,reference,1.1842378929335004e-17,-5.551115123125783e-17,nan,nan,nan,,,nan,nan,nan,nan,nan,nan,nan,nan,0.1,0.24083333333333334,0.9666666666666667,0.4013840830449827,67,251,0.11166666666666666,0.17370242214532872,-0.03876209455680084,-0.03876209455680084,0.0,-0.05267125795441288,-0.05267125795441288,0.0,1.5276729109833596,1.5276729109833596,1.116336959548858,1.116336959548858
m01-j0206,manifest.tsv,dml2_real_real_breast_cancer_misaligned_ctmle_n6000_s1_chunk13.reps.csv,real_breast_cancer_misaligned,box,6000,0.05,1.0,estimated_residual_lowp_supported,ctmle,estimated,xgboost,xgboost,if_residual,1.0,0.0|0.25|0.5|1.0,aipw_variance,-1.0,1.0,obsval,4.0,0.1,30,0.1,crossfit_rank_empty_standdown,1.0,4,50,1,473.909143419005,-0.06458044568238913,-0.06458044568238913,-0.06458044568238913,0.0,5.284890160279316e-05,-6.74586598879692e-05,0.0,0.5,0.0,reference,1.7763568394002505e-17,-5.551115123125783e-17,nan,nan,nan,,,nan,nan,nan,nan,nan,nan,nan,nan,0.075,0.2465,0.9688888888888889,0.29479377958079783,42,257,0.09333333333333334,0.1737660581473969,-0.02417476215461402,-0.02417476215461402,0.0,-0.04033720949613273,-0.04033720949613273,0.0,1.4406223380047756,1.4406223380047756,1.1101010008701886,1.1101010008701886
m01-j0206,manifest.tsv,dml2_real_real_breast_cancer_misaligned_ctmle_n6000_s1_chunk13.reps.csv,real_breast_cancer_misaligned,box,6000,0.05,1.0,estimated_residual_lowp_supported,ctmle,estimated,xgboost,xgboost,if_residual,1.0,0.0|0.25|0.5|1.0,aipw_variance,-1.0,1.0,obsval,4.0,0.1,30,0.1,crossfit_rank_empty_standdown,1.0,4,50,2,953.5455373693258,-0.030391481426341904,-0.030391481426341904,-0.030391481426341904,0.0,0.00010108706843257485,-4.649007288516551e-05,0.0,0.5,0.0,reference,-5.921189464667501e-19,0.0,nan,nan,nan,,,nan,nan,nan,nan,nan,nan,nan,nan,0.1,0.24666666666666667,0.955,0.38716216216216215,73,269,0.12166666666666667,0.18175675675675676,-0.015258461766477462,-0.015258461766477462,0.0,-0.027673595829318203,-0.027673595829318203,0.0,1.1691541300576862,1.1691541300576862,0.9405297507344419,0.9405297507344419
m01-j0206,manifest.tsv,dml2_real_real_breast_cancer_misaligned_ctmle_n6000_s1_chunk13.reps.csv,real_breast_cancer_misaligned,box,6000,0.05,1.0,estimated_residual_lowp_supported,ctmle,estimated,xgboost,xgboost,if_residual,1.0,0.0|0.25|0.5|1.0,aipw_variance,-1.0,1.0,obsval,4.0,0.1,30,0.1,crossfit_rank_empty_standdown,1.0,4,50,3,1433.6362851914018,-0.05431285655987855,-0.05431285655987855,-0.05431285655987855,0.0,8.599684888314246e-05,2.7221842068053106e-05,0.0,0.5,0.0,reference,1.3026616822268503e-17,0.0,nan,nan,nan,,,nan,nan,nan,nan,nan,nan,nan,nan,0.1,0.24266666666666667,0.965,0.39766483516483514,56,272,0.09333333333333334,0.18681318681318682,-0.04141626185739488,-0.04141626185739488,0.0,-0.05153769137380967,-0.05153769137380967,0.0,1.3446827471672618,1.3446827471672618,1.0591915976409898,1.0591915976409898
m01-j0206,manifest.tsv,dml2_real_real_breast_cancer_misaligned_ctmle_n6000_s1_chunk13.reps.csv,real_breast_cancer_misaligned,box,6000,0.05,1.0,estimated_residual_lowp_supported,ctmle,estimated,xgboost,xgboost,if_residual,1.0,0.0|0.25|0.5|1.0,aipw_variance,-1.0,1.0,obsval,4.0,0.1,30,0.1,crossfit_rank_empty_standdown,1.0,4,50,4,1912.0770583907142,-0.03266581853645123,-0.03266581853645123,-0.03266581853645123,0.0,3.906327018993075e-05,-3.6655204463766685e-07,0.0,0.5,0.0,reference,2.3684757858670005e-18,0.0,nan,nan,nan,,,nan,nan,nan,nan,nan,nan,nan,nan,0.0,0.2345,nan,0.0,0,276,nan,0.19616204690831557,0.0,0.0,0.0,-0.04419518422183478,-0.04419518422183478,0.0,nan,nan,1.0541029890198979,1.0541029890198979
m01-j0207,manifest.tsv,dml2_real_real_breast_cancer_misaligned_ctmle_n6000_s1_chunk14.reps.csv,real_breast_cancer_misaligned,box,6000,0.05,1.0,estimated_residual_lowp_supported,ctmle,estimated,xgboost,xgboost,if_residual,1.0,0.0|0.25|0.5|1.0,aipw_variance,-1.0,1.0,obsval,4.0,0.1,30,0.1,crossfit_rank_empty_standdown,1.0,4,50,1,489.3524382347241,0.012846556057727831,0.012846556057727831,0.012846556057727831,0.0,5.783643061562651e-05,-2.81539124546947e-05,0.0,0.5,0.0,reference,1.4210854715202004e-17,0.0,nan,nan,nan,,,nan,nan,nan,nan,nan,nan,nan,nan,0.05,0.23566666666666666,0.9833333333333333,0.20862800565770862,32,271,0.10666666666666667,0.19165487977369167,-0.016352957743718755,-0.016352957743718755,0.0,-0.025050337353540186,-0.025050337353540186,0.0,1.4800814701409857,1.4800814701409857,1.1143022607882018,1.1143022607882018
m01-j0207,manifest.tsv,dml2_real_real_breast_cancer_misaligned_ctmle_n6000_s1_chunk14.reps.csv,real_breast_cancer_misaligned,box,6000,0.05,1.0,estimated_residual_lowp_supported,ctmle,estimated,xgboost,xgboost,if_residual,1.0,0.0|0.25|0.5|1.0,aipw_variance,-1.0,1.0,obsval,4.0,0.1,30,0.1,crossfit_rank_empty_standdown,1.0,4,50,2,970.9721337649971,-0.011114007666283676,-0.011114007666283676,-0.011114007666283676,0.0,5.111759254588892e-05,-2.7710151083269394e-05,0.0,0.5,0.0,reference,1.0658141036401503e-17,0.0,nan,nan,nan,,,nan,nan,nan,nan,nan,nan,nan,nan,0.1,0.245,0.9633333333333334,0.39319727891156464,62,268,0.10333333333333333,0.18231292517006803,-0.026726393346239538,-0.026726393346239538,0.0,-0.030667589338576457,-0.030667589338576457,0.0,1.3080463565774643,1.3080463565774643,0.9900879720678508,0.9900879720678508
m01-j0207,manifest.tsv,dml2_real_real_breast_cancer_misaligned_ctmle_n6000_s1_chunk14.reps.csv,real_breast_cancer_misaligned,box,6000,0.05,1.0,estimated_residual_lowp_supported,ctmle,estimated,xgboost,xgboost,if_residual,1.0,0.0|0.25|0.5|1.0,aipw_variance,-1.0,1.0,obsval,4.0,0.1,30,0.1,crossfit_rank_empty_standdown,1.0,4,50,3,1451.7176400283352,-0.02739488885117669,-0.02739488885117669,-0.02739488885117669,0.0,3.738112875968668e-05,-2.6731748211716974e-05,0.0,0.5,0.0,reference,1.0658141036401503e-17,0.0,nan,nan,nan,,,nan,nan,nan,nan,nan,nan,nan,nan,0.0,0.25316666666666665,nan,0.0,0,270,nan,0.17774851876234365,0.0,0.0,0.0,-0.04765355153317871,-0.04765355153317871,0.0,nan,nan,1.1124055354253277,1.1124055354253277
m01-j0207,manifest.tsv,dml2_real_real_breast_cancer_misaligned_ctmle_n6000_s1_chunk14.reps.csv,real_breast_cancer_misaligned,box,6000,0.05,1.0,estimated_residual_lowp_supported,ctmle,estimated,xgboost,xgboost,if_residual,1.0,0.0|0.25|0.5|1.0,aipw_variance,-1.0,1.0,obsval,4.0,0.1,30,0.1,crossfit_rank_empty_standdown,1.0,4,50,4,1929.865964599885,-0.04753044353474967,-0.04753044353474967,-0.04753044353474967,0.0,7.435320366493158e-05,-1.8696623071782223e-05,0.0,0.5,0.0,reference,1.6579330501069006e-17,-1.1102230246251565e-16,nan,nan,nan,,,nan,nan,nan,nan,nan,nan,nan,nan,0.075,0.24316666666666667,0.9511111111111111,0.29335161069225496,48,264,0.10666666666666667,0.18094585332419466,-0.03032769689113455,-0.03032769689113455,0.0,-0.04439933333963491,-0.04439933333963491,0.0,1.3419357279377102,1.3419357279377102,1.0088925989345428,1.0088925989345428
m01-j0208,manifest.tsv,dml2_real_real_breast_cancer_misaligned_ctmle_n6000_s1_chunk15.reps.csv,real_breast_cancer_misaligned,box,6000,0.05,1.0,estimated_residual_lowp_supported,ctmle,estimated,xgboost,xgboost,if_residual,1.0,0.0|0.25|0.5|1.0,aipw_variance,-1.0,1.0,obsval,4.0,0.1,30,0.1,crossfit_rank_empty_standdown,1.0,4,50,1,482.94309797137976,-0.1237969649815227,-0.1237969649815227,-0.1237969649815227,0.0,4.6325228200085836e-05,-2.82095374699279e-05,0.0,0.5,0.0,reference,4.1448326252672514e-18,0.0,nan,nan,nan,,,nan,nan,nan,nan,nan,nan,nan,nan,0.0,0.24733333333333332,nan,0.0,0,262,nan,0.1765498652291105,0.0,0.0,0.0,-0.09964118864253557,-0.09964118864253557,0.0,nan,nan,1.3094295312730475,1.3094295312730475
m01-j0208,manifest.tsv,dml2_real_real_breast_cancer_misaligned_ctmle_n6000_s1_chunk15.reps.csv,real_breast_cancer_misaligned,box,6000,0.05,1.0,estimated_residual_lowp_supported,ctmle,estimated,xgboost,xgboost,if_residual,1.0,0.0|0.25|0.5|1.0,aipw_variance,-1.0,1.0,obsval,4.0,0.1,30,0.1,crossfit_rank_empty_standdown,1.0,4,50,2,964.3586020311341,-0.005812608781303907,-0.005812608781303907,-0.005812608781303907,0.0,7.103464255863768e-05,1.2708966431785348e-05,0.0,0.5,0.0,reference,-1.1842378929335003e-18,-1.1102230246251565e-16,nan,nan,nan,,,nan,nan,nan,nan,nan,nan,nan,nan,0.0,0.249,nan,0.0,0,280,nan,0.18741633199464525,0.0,0.0,0.0,-0.018367690599869407,-0.018367690599869407,0.0,nan,nan,0.9414427816618295,0.9414427816618295
m01-j0208,manifest.tsv,dml2_real_real_breast_cancer_misaligned_ctmle_n6000_s1_chunk15.reps.csv,real_breast_cancer_misaligned,box,6000,0.05,1.0,estimated_residual_lowp_supported,ctmle,estimated,xgboost,xgboost,if_residual,1.0,0.0|0.25|0.5|1.0,aipw_variance,-1.0,1.0,obsval,4.0,0.1,30,0.1,crossfit_rank_empty_standdown,1.0,4,50,3,1457.4991849139333,-0.02109239778685673,-0.02109239778685673,-0.02109239778685673,0.0,5.920250855792684e-05,-1.2035797063057567e-05,0.0,0.5,0.0,reference,1.3026616822268503e-17,0.0,nan,nan,nan,,,nan,nan,nan,nan,nan,nan,nan,nan,0.0,0.239,nan,0.0,0,261,nan,0.18200836820083682,0.0,0.0,0.0,-0.016075474444498375,-0.016075474444498375,0.0,nan,nan,1.0003762792994866,1.0003762792994866
m01-j0208,manifest.tsv,dml2_real_real_breast_cancer_misaligned_ctmle_n6000_s1_chunk15.reps.csv,real_breast_cancer_misaligned,box,6000,0.05,1.0,estimated_residual_lowp_supported,ctmle,estimated,xgboost,xgboost,if_residual,1.0,0.0|0.25|0.5|1.0,aipw_variance,-1.0,1.0,obsval,4.0,0.1,30,0.1,crossfit_rank_empty_standdown,1.0,4,50,4,1929.1107255565003,-0.027183168003936553,-0.027183168003936553,-0.027183168003936553,0.0,7.266162594479525e-05,-1.567951730486474e-05,0.0,0.5,0.0,reference,3.552713678800501e-18,0.0,nan,nan,nan,,,nan,nan,nan,nan,nan,nan,nan,nan,0.1,0.24033333333333334,0.9633333333333334,0.40083217753120665,64,261,0.10666666666666667,0.180998613037448,-0.018484005882095627,-0.018484005882095627,0.0,-0.03757123496203362,-0.03757123496203362,0.0,1.3547380745290492,1.3547380745290492,1.0620364918510627,1.0620364918510627
m01-j0209,manifest.tsv,dml2_real_real_breast_cancer_misaligned_ctmle_n6000_s1_chunk16.reps.csv,real_breast_cancer_misaligned,box,6000,0.05,1.0,estimated_residual_lowp_supported,ctmle,estimated,xgboost,xgboost,if_residual,1.0,0.0|0.25|0.5|1.0,aipw_variance,-1.0,1.0,obsval,4.0,0.1,30,0.1,crossfit_rank_empty_standdown,1.0,4,50,1,482.59224360156804,-0.015549638146617972,-0.015549638146617972,-0.015549638146617972,0.0,8.359956107912886e-05,-1.8510739195824353e-05,0.0,0.5,0.0,reference,7.105427357601002e-18,-1.1102230246251565e-16,nan,nan,nan,,,nan,nan,nan,nan,nan,nan,nan,nan,0.1,0.23966666666666667,0.955,0.3984700973574409,55,236,0.09166666666666666,0.16411682892906815,-0.01703697287424634,-0.01703697287424634,0.0,-0.02740435556603326,-0.02740435556603326,0.0,1.3899919008299544,1.3899919008299544,1.079929858347406,1.079929858347406
m01-j0209,manifest.tsv,dml2_real_real_breast_cancer_misaligned_ctmle_n6000_s1_chunk16.reps.csv,real_breast_cancer_misaligned,box,6000,0.05,1.0,estimated_residual_lowp_supported,ctmle,estimated,xgboost,xgboost,if_residual,1.0,0.0|0.25|0.5|1.0,aipw_variance,-1.0,1.0,obsval,4.0,0.1,30,0.1,crossfit_rank_empty_standdown,1.0,4,50,2,965.2610227502882,-0.019073296539817042,-0.019073296539817042,-0.019073296539817042,0.0,5.9488682606075515e-05,7.47245417508102e-06,0.0,0.5,0.0,reference,-7.105427357601002e-18,0.0,nan,nan,nan,,,nan,nan,nan,nan,nan,nan,nan,nan,0.0,0.24533333333333332,nan,0.0,0,263,nan,0.17866847826086957,0.0,0.0,0.0,-0.03677577892090016,-0.03677577892090016,0.0,nan,nan,1.0217063995401898,1.0217063995401898
m01-j0209,manifest.tsv,dml2_real_real_breast_cancer_misaligned_ctmle_n6000_s1_chunk16.reps.csv,real_breast_cancer_misaligned,box,6000,0.05,1.0,estimated_residual_lowp_supported,ctmle,estimated,xgboost,xgboost,if_residual,1.0,0.0|0.25|0.5|1.0,aipw_variance,-1.0,1.0,obsval,4.0,0.1,30,0.1,crossfit_rank_empty_standdown,1.0,4,50,3,1449.3136156285182,-0.06737897289453942,-0.06737897289453942,-0.06737897289453942,0.0,6.576983340491954e-05,-3.02747280186361e-05,0.0,0.5,0.0,reference,7.105427357601002e-18,0.0,nan,nan,nan,,,nan,nan,nan,nan,nan,nan,nan,nan,0.0,0.24433333333333335,nan,0.0,0,267,nan,0.18212824010914053,0.0,0.0,0.0,-0.07101105724577923,-0.07101105724577923,0.0,nan,nan,1.1292547961272363,1.1292547961272363
m01-j0209,manifest.tsv,dml2_real_real_breast_cancer_misaligned_ctmle_n6000_s1_chunk16.reps.csv,real_breast_cancer_misaligned,box,6000,0.05,1.0,estimated_residual_lowp_supported,ctmle,estimated,xgboost,xgboost,if_residual,1.0,0.0|0.25|0.5|1.0,aipw_variance,-1.0,1.0,obsval,4.0,0.1,30,0.1,crossfit_rank_empty_standdown,1.0,4,50,4,1925.5240664137527,-0.059521372076798584,-0.059521372076798584,-0.059521372076798584,0.0,4.764376346738739e-05,-6.437177454722716e-05,0.0,0.5,0.0,reference,-1.1842378929335003e-18,-1.1102230246251565e-16,nan,nan,nan,,,nan,nan,nan,nan,nan,nan,nan,nan,0.0,0.25066666666666665,nan,0.0,0,268,nan,0.17819148936170212,0.0,0.0,0.0,-0.06688360073162948,-0.06688360073162948,0.0,nan,nan,1.2397741741279222,1.2397741741279222
m01-j0210,manifest.tsv,dml2_real_real_breast_cancer_misaligned_ctmle_n6000_s1_chunk17.reps.csv,real_breast_cancer_misaligned,box,6000,0.05,1.0,estimated_residual_lowp_supported,ctmle,estimated,xgboost,xgboost,if_residual,1.0,0.0|0.25|0.5|1.0,aipw_variance,-1.0,1.0,obsval,4.0,0.1,30,0.1,crossfit_rank_empty_standdown,1.0,4,50,1,481.69212230853736,-0.0632431192947388,-0.0632431192947388,-0.0632431192947388,0.0,4.870565849674326e-05,2.534812570914916e-05,0.0,0.5,0.0,reference,-1.1842378929335003e-18,0.0,nan,nan,nan,,,nan,nan,nan,nan,nan,nan,nan,nan,0.05,0.24166666666666667,0.9633333333333334,0.1993103448275862,39,253,0.13,0.17448275862068965,-0.031488656317978043,-0.031488656317978043,0.0,-0.06065537526507257,-0.06065537526507257,0.0,1.5676361226199538,1.5676361226199538,1.0097902024474448,1.0097902024474448
m01-j0210,manifest.tsv,dml2_real_real_breast_cancer_misaligned_ctmle_n6000_s1_chunk17.reps.csv,real_breast_cancer_misaligned,box,6000,0.05,1.0,estimated_residual_lowp_supported,ctmle,estimated,xgboost,xgboost,if_residual,1.0,0.0|0.25|0.5|1.0,aipw_variance,-1.0,1.0,obsval,4.0,0.1,30,0.1,crossfit_rank_empty_standdown,1.0,4,50,2,959.6042418833822,-0.009906613027449385,-0.009906613027449385,-0.009906613027449385,0.0,4.55751410698489e-05,-4.0741264401009396e-05,0.0,0.5,0.0,reference,-1.1842378929335003e-18,0.0,nan,nan,nan,,,nan,nan,nan,nan,nan,nan,nan,nan,0.0,0.2465,nan,0.0,0,266,nan,0.17985125084516565,0.0,0.0,0.0,-0.027578935582011563,-0.027578935582011563,0.0,nan,nan,1.0225497576124456,1.0225497576124456
m01-j0210,manifest.tsv,dml2_real_real_breast_cancer_misaligned_ctmle_n6000_s1_chunk17.reps.csv,real_breast_cancer_misaligned,box,6000,0.05,1.0,estimated_residual_lowp_supported,ctmle,estimated,xgboost,xgboost,if_residual,1.0,0.0|0.25|0.5|1.0,aipw_variance,-1.0,1.0,obsval,4.0,0.1,30,0.1,crossfit_rank_empty_standdown,1.0,4,50,3,1444.0959845315665,-0.013810092941304086,-0.013810092941304086,-0.013810092941304086,0.0,3.667470009950072e-05,-1.9604752144172354e-05,0.0,0.5,0.0,reference,-9.473903143468002e-18,0.0,nan,nan,nan,,,nan,nan,nan,nan,nan,nan,nan,nan,0.1,0.24316666666666667,0.9466666666666667,0.38930774503084303,66,274,0.11,0.18779986291980807,-0.005048918236419135,-0.005048918236419135,0.0,-0.012262603496691104,-0.012262603496691104,0.0,1.3087056303259916,1.3087056303259916,0.9851382917229347,0.9851382917229347
m01-j0210,manifest.tsv,dml2_real_real_breast_cancer_misaligned_ctmle_n6000_s1_chunk17.reps.csv,real_breast_cancer_misaligned,box,6000,0.05,1.0,estimated_residual_lowp_supported,ctmle,estimated,xgboost,xgboost,if_residual,1.0,0.0|0.25|0.5|1.0,aipw_variance,-1.0,1.0,obsval,4.0,0.1,30,0.1,crossfit_rank_empty_standdown,1.0,4,50,4,1928.2621715012938,-0.030672857769289685,-0.030672857769289685,-0.030672857769289685,0.0,8.827807500399153e-05,-4.2765803790727826e-05,0.0,0.5,0.0,reference,4.736951571734001e-18,-5.551115123125783e-17,nan,nan,nan,,,nan,nan,nan,nan,nan,nan,nan,nan,0.075,0.24233333333333335,0.9666666666666667,0.29917469050894085,37,243,0.08222222222222222,0.1671251719394773,-0.010926119654257894,-0.010926119654257894,0.0,-0.015289787110422073,-0.015289787110422073,0.0,1.3613759245445158,1.3613759245445158,0.9746121211150104,0.9746121211150104
m01-j0211,manifest.tsv,dml2_real_real_breast_cancer_misaligned_ctmle_n6000_s1_chunk18.reps.csv,real_breast_cancer_misaligned,box,6000,0.05,1.0,estimated_residual_lowp_supported,ctmle,estimated,xgboost,xgboost,if_residual,1.0,0.0|0.25|0.5|1.0,aipw_variance,-1.0,1.0,obsval,4.0,0.1,30,0.1,crossfit_rank_empty_standdown,1.0,4,50,1,503.58909650705755,-0.0036365528806523995,-0.0036365528806523995,-0.0036365528806523995,0.0,7.34386991646113e-05,-5.399183394012315e-05,0.0,0.5,0.0,reference,0.0,-1.1102230246251565e-16,nan,nan,nan,,,nan,nan,nan,nan,nan,nan,nan,nan,0.0,0.23683333333333334,nan,0.0,0,248,nan,0.17452498240675582,0.0,0.0,0.0,-0.02797306001600866,-0.02797306001600866,0.0,nan,nan,1.0434210057826503,1.0434210057826503
m01-j0211,manifest.tsv,dml2_real_real_breast_cancer_misaligned_ctmle_n6000_s1_chunk18.reps.csv,real_breast_cancer_misaligned,box,6000,0.05,1.0,estimated_residual_lowp_supported,ctmle,estimated,xgboost,xgboost,if_residual,1.0,0.0|0.25|0.5|1.0,aipw_variance,-1.0,1.0,obsval,4.0,0.1,30,0.1,crossfit_rank_empty_standdown,1.0,4,50,2,987.3254128843546,-0.08008589330463683,-0.08008589330463683,-0.08008589330463683,0.0,6.175094507492886e-05,-5.1584585278166345e-05,0.0,0.5,0.0,reference,-1.1842378929335003e-18,0.0,nan,nan,nan,,,nan,nan,nan,nan,nan,nan,nan,nan,0.1,0.23733333333333334,0.9833333333333333,0.4143258426966292,46,224,0.07666666666666666,0.15730337078651685,-0.05547147747041332,-0.05547147747041332,0.0,-0.07043052008762941,-0.07043052008762941,0.0,1.5072780884160129,1.5072780884160129,1.1346882635705788,1.1346882635705788
m01-j0211,manifest.tsv,dml2_real_real_breast_cancer_misaligned_ctmle_n6000_s1_chunk18.reps.csv,real_breast_cancer_misaligned,box,6000,0.05,1.0,estimated_residual_lowp_supported,ctmle,estimated,xgboost,xgboost,if_residual,1.0,0.0|0.25|0.5|1.0,aipw_variance,-1.0,1.0,obsval,4.0,0.1,30,0.1,crossfit_rank_empty_standdown,1.0,4,50,3,1475.4375277925283,-0.045605368751570785,-0.045605368751570785,-0.045605368751570785,0.0,6.0131973842898084e-05,-2.4339392800058388e-05,0.0,0.5,0.0,reference,7.105427357601002e-18,0.0,nan,nan,nan,,,nan,nan,nan,nan,nan,nan,nan,nan,0.0,0.2495,nan,0.0,0,275,nan,0.18370073480293922,0.0,0.0,0.0,-0.034603261896063144,-0.034603261896063144,0.0,nan,nan,0.9705823995691341,0.9705823995691341
m01-j0211,manifest.tsv,dml2_real_real_breast_cancer_misaligned_ctmle_n6000_s1_chunk18.reps.csv,real_breast_cancer_misaligned,box,6000,0.05,1.0,estimated_residual_lowp_supported,ctmle,estimated,xgboost,xgboost,if_residual,1.0,0.0|0.25|0.5|1.0,aipw_variance,-1.0,1.0,obsval,4.0,0.1,30,0.1,crossfit_rank_empty_standdown,1.0,4,50,4,1955.8338892441243,-0.042283232723071884,-0.042283232723071884,-0.042283232723071884,0.0,8.584873182111903e-05,-2.915489326110515e-05,0.0,0.5,0.0,reference,1.6579330501069006e-17,0.0,nan,nan,nan,,,nan,nan,nan,nan,nan,nan,nan,nan,0.0,0.24216666666666667,nan,0.0,0,260,nan,0.17894012388162422,0.0,0.0,0.0,-0.058193654783918816,-0.058193654783918816,0.0,nan,nan,1.0919298465693306,1.0919298465693306
m01-j0212,manifest.tsv,dml2_real_real_breast_cancer_misaligned_ctmle_n6000_s1_chunk19.reps.csv,real_breast_cancer_misaligned,box,6000,0.05,1.0,estimated_residual_lowp_supported,ctmle,estimated,xgboost,xgboost,if_residual,1.0,0.0|0.25|0.5|1.0,aipw_variance,-1.0,1.0,obsval,4.0,0.1,30,0.1,crossfit_rank_empty_standdown,1.0,4,50,1,485.34209082461894,-0.02246099319861905,-0.02246099319861905,-0.02246099319861905,0.0,8.131502419675982e-05,1.0041477782207374e-05,0.0,0.5,0.0,reference,4.736951571734001e-18,-5.551115123125783e-17,nan,nan,nan,,,nan,nan,nan,nan,nan,nan,nan,nan,0.075,0.24183333333333334,0.9488888888888889,0.29427980702963474,53,262,0.11777777777777777,0.18056512749827705,-0.015273548708862687,-0.015273548708862687,0.0,-0.043807842372351746,-0.043807842372351746,0.0,1.030629991651981,1.030629991651981,1.0004088074088893,1.0004088074088893
m01-j0212,manifest.tsv,dml2_real_real_breast_cancer_misaligned_ctmle_n6000_s1_chunk19.reps.csv,real_breast_cancer_misaligned,box,6000,0.05,1.0,estimated_residual_lowp_supported,ctmle,estimated,xgboost,xgboost,if_residual,1.0,0.0|0.25|0.5|1.0,aipw_variance,-1.0,1.0,obsval,4.0,0.1,30,0.1,crossfit_rank_empty_standdown,1.0,4,50,2,960.4088121242821,-0.010402774913808255,-0.010402774913808255,-0.010402774913808255,0.0,4.884887565181862e-05,-4.504545240573588e-05,0.0,0.5,0.0,reference,-6.5133084111342516e-18,5.551115123125783e-17,nan,nan,nan,,,nan,nan,nan,nan,nan,nan,nan,nan,0.0,0.23683333333333334,nan,0.0,0,227,nan,0.1597466572836031,0.0,0.0,0.0,-0.024198789504818744,-0.024198789504818744,0.0,nan,nan,1.1536161726982845,1.1536161726982845
m01-j0212,manifest.tsv,dml2_real_real_breast_cancer_misaligned_ctmle_n6000_s1_chunk19.reps.csv,real_breast_cancer_misaligned,box,6000,0.05,1.0,estimated_residual_lowp_supported,ctmle,estimated,xgboost,xgboost,if_residual,1.0,0.0|0.25|0.5|1.0,aipw_variance,-1.0,1.0,obsval,4.0,0.1,30,0.1,crossfit_rank_empty_standdown,1.0,4,50,3,1446.321723120287,-0.019096088770246933,-0.019096088770246933,-0.019096088770246933,0.0,6.54165374297641e-05,-3.0398165445763158e-05,0.0,0.5,0.0,reference,-7.105427357601002e-18,-5.551115123125783e-17,nan,nan,nan,,,nan,nan,nan,nan,nan,nan,nan,nan,0.075,0.24416666666666667,0.9644444444444444,0.2962457337883959,51,286,0.11333333333333333,0.19522184300341297,-0.024635874812020647,-0.024635874812020647,0.0,-0.03747480110379603,-0.03747480110379603,0.0,1.094658668136015,1.094658668136015,0.9180398064023908,0.9180398064023908
m01-j0212,manifest.tsv,dml2_real_real_breast_cancer_misaligned_ctmle_n6000_s1_chunk19.reps.csv,real_breast_cancer_misaligned,box,6000,0.05,1.0,estimated_residual_lowp_supported,ctmle,estimated,xgboost,xgboost,if_residual,1.0,0.0|0.25|0.5|1.0,aipw_variance,-1.0,1.0,obsval,4.0,0.1,30,0.1,crossfit_rank_empty_standdown,1.0,4,50,4,1922.9648881610483,-0.025938630989423173,-0.025938630989423173,-0.025938630989423173,0.0,7.251210824171599e-05,-2.4081423881692023e-05,0.0,0.5,0.0,reference,-1.4210854715202004e-17,0.0,nan,nan,nan,,,nan,nan,nan,nan,nan,nan,nan,nan,0.075,0.23883333333333334,0.96,0.30146545708304257,48,253,0.10666666666666667,0.1765526866713189,-0.029057366785696374,-0.029057366785696374,0.0,-0.03702714968519602,-0.03702714968519602,0.0,1.6277156773912256,1.6277156773912256,1.11881600032318,1.11881600032318
m01-j0213,manifest.tsv,dml2_real_real_breast_cancer_misaligned_ctmle_n6000_s1_chunk20.reps.csv,real_breast_cancer_misaligned,box,6000,0.05,1.0,estimated_residual_lowp_supported,ctmle,estimated,xgboost,xgboost,if_residual,1.0,0.0|0.25|0.5|1.0,aipw_variance,-1.0,1.0,obsval,4.0,0.1,30,0.1,crossfit_rank_empty_standdown,1.0,4,50,1,485.2583544133231,0.020141136947851468,0.020141136947851468,0.020141136947851468,0.0,6.00816227714475e-05,7.369133342005857e-06,0.0,0.5,0.0,reference,-9.177843670234627e-18,0.0,nan,nan,nan,,,nan,nan,nan,nan,nan,nan,nan,nan,0.075,0.242,0.9488888888888889,0.2940771349862259,44,278,0.09777777777777778,0.19146005509641872,-0.003646521221862669,-0.003646521221862669,0.0,0.0005182177636500631,0.0005182177636500631,0.0,0.8822945509146898,0.8822945509146898,0.8193354117750066,0.8193354117750066
m01-j0213,manifest.tsv,dml2_real_real_breast_cancer_misaligned_ctmle_n6000_s1_chunk20.reps.csv,real_breast_cancer_misaligned,box,6000,0.05,1.0,estimated_residual_lowp_supported,ctmle,estimated,xgboost,xgboost,if_residual,1.0,0.0|0.25|0.5|1.0,aipw_variance,-1.0,1.0,obsval,4.0,0.1,30,0.1,crossfit_rank_empty_standdown,1.0,4,50,2,963.4204967683181,-0.039910725834837846,-0.039910725834837846,-0.039910725834837846,0.0,0.00010480305162644888,7.894269225509334e-06,0.0,0.5,0.0,reference,-1.0658141036401503e-17,1.1102230246251565e-16,nan,nan,nan,,,nan,nan,nan,nan,nan,nan,nan,nan,0.075,0.23466666666666666,0.94,0.30042613636363635,42,251,0.09333333333333334,0.17826704545454544,-0.01935294115724745,-0.01935294115724745,0.0,-0.036991052848990374,-0.036991052848990374,0.0,1.424033626860772,1.424033626860772,1.0572833551987195,1.0572833551987195
m01-j0213,manifest.tsv,dml2_real_real_breast_cancer_misaligned_ctmle_n6000_s1_chunk20.reps.csv,real_breast_cancer_misaligned,box,6000,0.05,1.0,estimated_residual_lowp_supported,ctmle,estimated,xgboost,xgboost,if_residual,1.0,0.0|0.25|0.5|1.0,aipw_variance,-1.0,1.0,obsval,4.0,0.1,30,0.1,crossfit_rank_empty_standdown,1.0,4,50,3,1449.667039213702,-0.010336634444237158,-0.010336634444237158,-0.010336634444237158,0.0,4.488033872444017e-05,1.575128938572127e-05,0.0,0.5,0.0,reference,-5.3290705182007515e-18,0.0,nan,nan,nan,,,nan,nan,nan,nan,nan,nan,nan,nan,0.075,0.24466666666666667,0.9488888888888889,0.2908719346049046,43,278,0.09555555555555556,0.1893732970027248,-0.03069955302392049,-0.03069955302392049,0.0,-0.03036413947085819,-0.03036413947085819,0.0,1.452704779042624,1.452704779042624,1.0541845249849524,1.0541845249849524
m01-j0213,manifest.tsv,dml2_real_real_breast_cancer_misaligned_ctmle_n6000_s1_chunk20.reps.csv,real_breast_cancer_misaligned,box,6000,0.05,1.0,estimated_residual_lowp_supported,ctmle,estimated,xgboost,xgboost,if_residual,1.0,0.0|0.25|0.5|1.0,aipw_variance,-1.0,1.0,obsval,4.0,0.1,30,0.1,crossfit_rank_empty_standdown,1.0,4,50,4,1926.86606931407,0.034226203149147205,0.034226203149147205,0.034226203149147205,0.0,9.222818491997275e-05,-2.6126291762205338e-05,0.0,0.5,0.0,reference,-2.3684757858670005e-18,0.0,nan,nan,nan,,,nan,nan,nan,nan,nan,nan,nan,nan,0.1,0.247,0.945,0.3825910931174089,70,274,0.11666666666666667,0.18488529014844804,-0.011806505299503264,-0.011806505299503264,0.0,-0.012763246319694005,-0.012763246319694005,0.0,1.1672016201637725,1.1672016201637725,0.9334121956623849,0.9334121956623849
m01-j0214,manifest.tsv,dml2_real_real_breast_cancer_misaligned_ctmle_n6000_s1_chunk21.reps.csv,real_breast_cancer_misaligned,box,6000,0.05,1.0,estimated_residual_lowp_supported,ctmle,estimated,xgboost,xgboost,if_residual,1.0,0.0|0.25|0.5|1.0,aipw_variance,-1.0,1.0,obsval,4.0,0.1,30,0.1,crossfit_rank_empty_standdown,1.0,4,50,1,482.98017706908286,0.010951372962769101,0.010951372962769101,0.010951372962769101,0.0,9.813097326976479e-05,7.664841819488596e-05,0.0,0.5,0.0,reference,1.7763568394002505e-18,0.0,nan,nan,nan,,,nan,nan,nan,nan,nan,nan,nan,nan,0.1,0.24166666666666667,0.9516666666666667,0.39379310344827584,65,263,0.10833333333333334,0.1813793103448276,0.01570440683282081,0.01570440683282081,0.0,0.0041357691818761574,0.0041357691818761574,0.0,1.4345913427224666,1.4345913427224666,1.1143789738728718,1.1143789738728718
m01-j0214,manifest.tsv,dml2_real_real_breast_cancer_misaligned_ctmle_n6000_s1_chunk21.reps.csv,real_breast_cancer_misaligned,box,6000,0.05,1.0,estimated_residual_lowp_supported,ctmle,estimated,xgboost,xgboost,if_residual,1.0,0.0|0.25|0.5|1.0,aipw_variance,-1.0,1.0,obsval,4.0,0.1,30,0.1,crossfit_rank_empty_standdown,1.0,4,50,2,966.3581217462197,0.0107252566071257,0.0107252566071257,0.0107252566071257,0.0,6.107839473455732e-05,5.957731387039268e-07,0.0,0.5,0.0,reference,2.960594732333751e-18,0.0,nan,nan,nan,,,nan,nan,nan,nan,nan,nan,nan,nan,0.075,0.2415,0.9444444444444444,0.29330572808833677,56,280,0.12444444444444444,0.1932367149758454,-0.024708418703240122,-0.024708418703240122,0.0,-0.03461913795113918,-0.03461913795113918,0.0,1.4807853591863531,1.4807853591863531,1.050516054855981,1.050516054855981
m01-j0214,manifest.tsv,dml2_real_real_breast_cancer_misaligned_ctmle_n6000_s1_chunk21.reps.csv,real_breast_cancer_misaligned,box,6000,0.05,1.0,estimated_residual_lowp_supported,ctmle,estimated,xgboost,xgboost,if_residual,1.0,0.0|0.25|0.5|1.0,aipw_variance,-1.0,1.0,obsval,4.0,0.1,30,0.1,crossfit_rank_empty_standdown,1.0,4,50,3,1452.1583838006482,-0.017726317295600758,-0.017726317295600758,-0.017726317295600758,0.0,7.107546249610888e-05,3.706694210211907e-07,0.0,0.5,0.0,reference,1.7763568394002505e-18,0.0,nan,nan,nan,,,nan,nan,nan,nan,nan,nan,nan,nan,0.075,0.24566666666666667,0.98,0.29918588873812757,36,270,0.08,0.18317503392130258,-0.025455454147354426,-0.025455454147354426,0.0,-0.04085695808108703,-0.04085695808108703,0.0,1.4714721077779394,1.4714721077779394,1.0632118777730204,1.0632118777730204
m01-j0214,manifest.tsv,dml2_real_real_breast_cancer_misaligned_ctmle_n6000_s1_chunk21.reps.csv,real_breast_cancer_misaligned,box,6000,0.05,1.0,estimated_residual_lowp_supported,ctmle,estimated,xgboost,xgboost,if_residual,1.0,0.0|0.25|0.5|1.0,aipw_variance,-1.0,1.0,obsval,4.0,0.1,30,0.1,crossfit_rank_empty_standdown,1.0,4,50,4,1929.9148351391777,-0.053499176929751535,-0.053499176929751535,-0.053499176929751535,0.0,6.50272885082499e-05,-7.17341288856302e-05,0.0,0.5,0.0,reference,8.881784197001253e-18,5.551115123125783e-17,nan,nan,nan,,,nan,nan,nan,nan,nan,nan,nan,nan,0.075,0.24133333333333334,0.9622222222222222,0.2990331491712707,47,257,0.10444444444444445,0.17748618784530387,-0.017559831216554373,-0.017559831216554373,0.0,-0.03962047234726132,-0.03962047234726132,0.0,1.0913455148430247,1.0913455148430247,0.9981040728270091,0.9981040728270091
m01-j0215,manifest.tsv,dml2_real_real_breast_cancer_misaligned_ctmle_n6000_s1_chunk22.reps.csv,real_breast_cancer_misaligned,box,6000,0.05,1.0,estimated_residual_lowp_supported,ctmle,estimated,xgboost,xgboost,if_residual,1.0,0.0|0.25|0.5|1.0,aipw_variance,-1.0,1.0,obsval,4.0,0.1,30,0.1,crossfit_rank_empty_standdown,1.0,4,50,1,477.49683803878725,-0.041448339759159514,-0.041448339759159514,-0.041448339759159514,0.0,8.168714528027662e-05,-7.982728444681981e-06,0.0,0.5,0.0,reference,-9.473903143468002e-18,0.0,nan,nan,nan,,,nan,nan,nan,nan,nan,nan,nan,nan,0.075,0.23883333333333334,0.9644444444444444,0.30286113049546404,45,237,0.1,0.16538729937194696,-0.031310963040772403,-0.031310963040772403,0.0,-0.04413206291891377,-0.04413206291891377,0.0,1.2940668078483817,1.2940668078483817,0.9768939989396798,0.9768939989396798
m01-j0215,manifest.tsv,dml2_real_real_breast_cancer_misaligned_ctmle_n6000_s1_chunk22.reps.csv,real_breast_cancer_misaligned,box,6000,0.05,1.0,estimated_residual_lowp_supported,ctmle,estimated,xgboost,xgboost,if_residual,1.0,0.0|0.25|0.5|1.0,aipw_variance,-1.0,1.0,obsval,4.0,0.1,30,0.1,crossfit_rank_empty_standdown,1.0,4,50,2,961.4770182929933,-0.04270939149615954,-0.04270939149615954,-0.04270939149615954,0.0,6.241122445899854e-05,3.316362778416635e-05,0.0,0.5,0.0,reference,4.736951571734001e-18,5.551115123125783e-17,nan,nan,nan,,,nan,nan,nan,nan,nan,nan,nan,nan,0.0,0.24316666666666667,nan,0.0,0,273,nan,0.18711446196024675,0.0,0.0,0.0,-0.033354820293334524,-0.033354820293334524,0.0,nan,nan,0.9814150655482305,0.9814150655482305
m01-j0215,manifest.tsv,dml2_real_real_breast_cancer_misaligned_ctmle_n6000_s1_chunk22.reps.csv,real_breast_cancer_misaligned,box,6000,0.05,1.0,estimated_residual_lowp_supported,ctmle,estimated,xgboost,xgboost,if_residual,1.0,0.0|0.25|0.5|1.0,aipw_variance,-1.0,1.0,obsval,4.0,0.1,30,0.1,crossfit_rank_empty_standdown,1.0,4,50,3,1451.2604858046398,-4.2756668735433045e-05,-4.2756668735433045e-05,-4.2756668735433045e-05,0.0,7.330140268179167e-05,-2.705177834944598e-05,0.0,0.5,0.0,reference,5.921189464667501e-19,-5.551115123125783e-17,nan,nan,nan,,,nan,nan,nan,nan,nan,nan,nan,nan,0.1,0.24816666666666667,0.9433333333333334,0.3801208865010074,70,299,0.11666666666666667,0.2008059100067159,-0.033490868785470466,-0.033490868785470466,0.0,-0.032947571113504506,-0.032947571113504506,0.0,1.5219438171408897,1.5219438171408897,1.0936829477812136,1.0936829477812136
m01-j0215,manifest.tsv,dml2_real_real_breast_cancer_misaligned_ctmle_n6000_s1_chunk22.reps.csv,real_breast_cancer_misaligned,box,6000,0.05,1.0,estimated_residual_lowp_supported,ctmle,estimated,xgboost,xgboost,if_residual,1.0,0.0|0.25|0.5|1.0,aipw_variance,-1.0,1.0,obsval,4.0,0.1,30,0.1,crossfit_rank_empty_standdown,1.0,4,50,4,1928.9898118758574,-0.03555904629050732,-0.03555904629050732,-0.03555904629050732,0.0,3.6215715875691007e-05,-4.1355064851958086e-05,0.0,0.5,0.0,reference,0.0,0.0,nan,nan,nan,,,nan,nan,nan,nan,nan,nan,nan,nan,0.075,0.24566666666666667,0.9644444444444444,0.2944369063772049,45,269,0.1,0.1824966078697422,-0.04337525430428591,-0.04337525430428591,0.0,-0.05557483132441971,-0.05557483132441971,0.0,1.6131977521210068,1.6131977521210068,1.0829814281287584,1.0829814281287584
m01-j0216,manifest.tsv,dml2_real_real_breast_cancer_misaligned_ctmle_n6000_s1_chunk23.reps.csv,real_breast_cancer_misaligned,box,6000,0.05,1.0,estimated_residual_lowp_supported,ctmle,estimated,xgboost,xgboost,if_residual,1.0,0.0|0.25|0.5|1.0,aipw_variance,-1.0,1.0,obsval,4.0,0.1,30,0.1,crossfit_rank_empty_standdown,1.0,4,50,1,479.28005562350154,-0.06729718180899741,-0.06729718180899741,-0.06729718180899741,0.0,4.1694097418124455e-05,1.9182639177629194e-06,0.0,0.5,0.0,reference,9.473903143468002e-18,-5.551115123125783e-17,nan,nan,nan,,,nan,nan,nan,nan,nan,nan,nan,nan,0.0,0.25216666666666665,nan,0.0,0,302,nan,0.19960343688037013,0.0,0.0,0.0,-0.04551950568494296,-0.04551950568494296,0.0,nan,nan,1.027803246208163,1.027803246208163
m01-j0216,manifest.tsv,dml2_real_real_breast_cancer_misaligned_ctmle_n6000_s1_chunk23.reps.csv,real_breast_cancer_misaligned,box,6000,0.05,1.0,estimated_residual_lowp_supported,ctmle,estimated,xgboost,xgboost,if_residual,1.0,0.0|0.25|0.5|1.0,aipw_variance,-1.0,1.0,obsval,4.0,0.1,30,0.1,crossfit_rank_empty_standdown,1.0,4,50,2,960.4844983955845,-0.015560420528383245,-0.015560420528383245,-0.015560420528383245,0.0,4.931810713999221e-05,-6.40156280683604e-05,0.0,0.5,0.0,reference,9.473903143468002e-18,5.551115123125783e-17,nan,nan,nan,,,nan,nan,nan,nan,nan,nan,nan,nan,0.0,0.24483333333333332,nan,0.0,0,277,nan,0.18856364874063988,0.0,0.0,0.0,-0.03899170682224662,-0.03899170682224662,0.0,nan,nan,0.9828020903364434,0.9828020903364434
m01-j0216,manifest.tsv,dml2_real_real_breast_cancer_misaligned_ctmle_n6000_s1_chunk23.reps.csv,real_breast_cancer_misaligned,box,6000,0.05,1.0,estimated_residual_lowp_supported,ctmle,estimated,xgboost,xgboost,if_residual,1.0,0.0|0.25|0.5|1.0,aipw_variance,-1.0,1.0,obsval,4.0,0.1,30,0.1,crossfit_rank_empty_standdown,1.0,4,50,3,1444.6594661446288,-0.042921949769129386,-0.042921949769129386,-0.042921949769129386,0.0,6.530530393812606e-05,-2.9055414129179895e-05,0.0,0.5,0.0,reference,3.552713678800501e-18,5.551115123125783e-17,nan,nan,nan,,,nan,nan,nan,nan,nan,nan,nan,nan,0.0,0.243,nan,0.0,0,261,nan,0.17901234567901234,0.0,0.0,0.0,-0.0454548063624208,-0.0454548063624208,0.0,nan,nan,1.0197754068882174,1.0197754068882174
m01-j0216,manifest.tsv,dml2_real_real_breast_cancer_misaligned_ctmle_n6000_s1_chunk23.reps.csv,real_breast_cancer_misaligned,box,6000,0.05,1.0,estimated_residual_lowp_supported,ctmle,estimated,xgboost,xgboost,if_residual,1.0,0.0|0.25|0.5|1.0,aipw_variance,-1.0,1.0,obsval,4.0,0.1,30,0.1,crossfit_rank_empty_standdown,1.0,4,50,4,1920.3874305598438,-0.0932048744696573,-0.0932048744696573,-0.0932048744696573,0.0,6.550888975903114e-05,-5.978142764007891e-05,0.0,0.5,0.0,reference,-2.3684757858670005e-18,5.551115123125783e-17,nan,nan,nan,,,nan,nan,nan,nan,nan,nan,nan,nan,0.1,0.24516666666666667,0.97,0.3956492182188987,64,259,0.10666666666666667,0.1760707002039429,-0.03624482448657913,-0.03624482448657913,0.0,-0.05907891972096611,-0.05907891972096611,0.0,1.1392551966179831,1.1392551966179831,0.9931592439178547,0.9931592439178547
m01-j0217,manifest.tsv,dml2_real_real_breast_cancer_misaligned_cui_selective_ml_n6000_s1_chunk00.reps.csv,real_breast_cancer_misaligned,box,6000,0.05,1.0,estimated_residual_lowp_supported,cui_selective_ml,estimated,xgboost,xgboost,if_residual,1.0,0.0|0.25|0.5|1.0,aipw_variance,-1.0,1.0,obsval,4.0,0.1,30,0.1,crossfit_rank_empty_standdown,1.0,4,50,1,612.3284124890342,-0.015315725152294735,-0.010119085248643911,-0.015315725152294735,0.005196639903650824,0.00038229061893142,-0.00020129036510254847,0.0,nan,0.5,if_residual,nan,nan,nan,nan,nan,gradient_boosting,random_forest,0.0008319059008177292,nan,nan,nan,nan,nan,nan,nan,0.075,0.24866666666666667,0.9755555555555555,0.29423592493297585,43,293,0.09555555555555556,0.19638069705093833,-0.008243180975016503,-0.006376151890741459,0.0018670290842750436,-0.017861509493158186,-0.017339852193223343,0.0005216572999348426,1.5888460217428595,1.3153672990556777,1.0348680830133135,0.8852974726820176
m01-j0217,manifest.tsv,dml2_real_real_breast_cancer_misaligned_cui_selective_ml_n6000_s1_chunk00.reps.csv,real_breast_cancer_misaligned,box,6000,0.05,1.0,estimated_residual_lowp_supported,cui_selective_ml,estimated,xgboost,xgboost,if_residual,1.0,0.0|0.25|0.5|1.0,aipw_variance,-1.0,1.0,obsval,4.0,0.1,30,0.1,crossfit_rank_empty_standdown,1.0,4,50,2,1220.6718498785049,-0.05669431709483691,-0.056314191479908515,-0.05669431709483691,0.0003801256149283949,0.001125707779621362,-0.001170295018276827,0.0,nan,0.5,if_residual,nan,nan,nan,nan,nan,gradient_boosting,lasso,0.009201189028977392,nan,nan,nan,nan,nan,nan,nan,0.0,0.24766666666666667,nan,0.0,0,290,nan,0.19515477792732167,0.0,0.0,0.0,-0.025394956435189533,-0.024577815051576545,0.000817141383612989,nan,nan,1.3258237702932343,1.1975846416833702
m01-j0217,manifest.tsv,dml2_real_real_breast_cancer_misaligned_cui_selective_ml_n6000_s1_chunk00.reps.csv,real_breast_cancer_misaligned,box,6000,0.05,1.0,estimated_residual_lowp_supported,cui_selective_ml,estimated,xgboost,xgboost,if_residual,1.0,0.0|0.25|0.5|1.0,aipw_variance,-1.0,1.0,obsval,4.0,0.1,30,0.1,crossfit_rank_empty_standdown,1.0,4,50,3,1830.125840970315,-0.036531304922777175,-0.036531304922777175,-0.036531304922777175,0.0,0.0004924625227070061,-0.0003329199121030285,0.0,nan,0.0,reference,nan,nan,nan,nan,nan,logistic_l1,gradient_boosting,0.004204494817867521,nan,nan,nan,nan,nan,nan,nan,0.0,0.2415,nan,0.0,0,283,nan,0.19530710835058662,0.0,0.0,0.0,-0.05673416818619933,-0.05673416818619933,0.0,nan,nan,1.0892365896874618,1.0892365896874618
m01-j0217,manifest.tsv,dml2_real_real_breast_cancer_misaligned_cui_selective_ml_n6000_s1_chunk00.reps.csv,real_breast_cancer_misaligned,box,6000,0.05,1.0,estimated_residual_lowp_supported,cui_selective_ml,estimated,xgboost,xgboost,if_residual,1.0,0.0|0.25|0.5|1.0,aipw_variance,-1.0,1.0,obsval,4.0,0.1,30,0.1,crossfit_rank_empty_standdown,1.0,4,50,4,2421.7344164988026,0.026358905359563478,0.026358905359563478,0.026358905359563478,0.0,0.000895129147091066,-0.0009297435073672364,0.0,nan,0.0,reference,nan,nan,nan,nan,nan,gradient_boosting,gradient_boosting,0.002965999362534694,nan,nan,nan,nan,nan,nan,nan,0.0,0.244,nan,0.0,0,248,nan,0.16939890710382513,0.0,0.0,0.0,-0.03809589485754044,-0.03809589485754044,0.0,nan,nan,1.0741508418519248,1.0741508418519248
m01-j0218,manifest.tsv,dml2_real_real_breast_cancer_misaligned_cui_selective_ml_n6000_s1_chunk01.reps.csv,real_breast_cancer_misaligned,box,6000,0.05,1.0,estimated_residual_lowp_supported,cui_selective_ml,estimated,xgboost,xgboost,if_residual,1.0,0.0|0.25|0.5|1.0,aipw_variance,-1.0,1.0,obsval,4.0,0.1,30,0.1,crossfit_rank_empty_standdown,1.0,4,50,1,621.301416146569,-0.006287255679800041,-0.006287255679800041,-0.006287255679800041,0.0,0.000240164490432604,-0.00024420750762429023,0.0,nan,0.0,reference,nan,nan,nan,nan,nan,random_forest,gradient_boosting,0.044121939854166334,nan,nan,nan,nan,nan,nan,nan,0.075,0.24133333333333334,0.9577777777777777,0.29765193370165743,48,236,0.10666666666666667,0.16298342541436464,-0.015911921364339172,-0.015911921364339172,0.0,-0.02462765531589857,-0.02462765531589857,0.0,1.504015101790179,1.504015101790179,1.0952081246313359,1.0952081246313359
m01-j0218,manifest.tsv,dml2_real_real_breast_cancer_misaligned_cui_selective_ml_n6000_s1_chunk01.reps.csv,real_breast_cancer_misaligned,box,6000,0.05,1.0,estimated_residual_lowp_supported,cui_selective_ml,estimated,xgboost,xgboost,if_residual,1.0,0.0|0.25|0.5|1.0,aipw_variance,-1.0,1.0,obsval,4.0,0.1,30,0.1,crossfit_rank_empty_standdown,1.0,4,50,2,1230.0262621017173,-0.036809484069383835,-0.036809484069383835,-0.036809484069383835,0.0,0.0003486278377615151,-0.00016535631031741247,0.0,nan,0.0,reference,nan,nan,nan,nan,nan,gradient_boosting,lasso,0.008523679194450524,nan,nan,nan,nan,nan,nan,nan,0.0,0.24483333333333332,nan,0.0,0,258,nan,0.1756296800544588,0.0,0.0,0.0,-0.03643063341663416,-0.03643063341663416,0.0,nan,nan,1.3024306931936218,1.3024306931936218
m01-j0218,manifest.tsv,dml2_real_real_breast_cancer_misaligned_cui_selective_ml_n6000_s1_chunk01.reps.csv,real_breast_cancer_misaligned,box,6000,0.05,1.0,estimated_residual_lowp_supported,cui_selective_ml,estimated,xgboost,xgboost,if_residual,1.0,0.0|0.25|0.5|1.0,aipw_variance,-1.0,1.0,obsval,4.0,0.1,30,0.1,crossfit_rank_empty_standdown,1.0,4,50,3,1833.2705277837813,-0.015208367370736497,-0.015208367370736497,-0.015208367370736497,0.0,0.0003778645806846886,-0.00047648700006437585,0.0,nan,0.0,reference,nan,nan,nan,nan,nan,gradient_boosting,random_forest,0.009633748094768399,nan,nan,nan,nan,nan,nan,nan,0.1,0.24166666666666667,0.9583333333333334,0.39655172413793105,53,273,0.08833333333333333,0.18827586206896552,-0.005642086561611388,-0.005642086561611388,0.0,-0.01401888188986,-0.01401888188986,0.0,1.674741183793378,1.674741183793378,1.1947244214759383,1.1947244214759383
m01-j0218,manifest.tsv,dml2_real_real_breast_cancer_misaligned_cui_selective_ml_n6000_s1_chunk01.reps.csv,real_breast_cancer_misaligned,box,6000,0.05,1.0,estimated_residual_lowp_supported,cui_selective_ml,estimated,xgboost,xgboost,if_residual,1.0,0.0|0.25|0.5|1.0,aipw_variance,-1.0,1.0,obsval,4.0,0.1,30,0.1,crossfit_rank_empty_standdown,1.0,4,50,4,2437.3736391672865,-0.024838966816984664,-0.024838966816984664,-0.024838966816984664,0.0,0.0003359545239947305,-0.00023802471137102912,0.0,nan,0.0,reference,nan,nan,nan,nan,nan,gradient_boosting,gradient_boosting,0.023833885500159697,nan,nan,nan,nan,nan,nan,nan,0.075,0.247,0.9666666666666667,0.2935222672064777,49,271,0.10888888888888888,0.18286099865047234,-0.013549658893544826,-0.013549658893544826,0.0,-0.019824685828925118,-0.019824685828925118,0.0,1.5438390330855836,1.5438390330855836,1.0615769625850402,1.0615769625850402
m01-j0219,manifest.tsv,dml2_real_real_breast_cancer_misaligned_cui_selective_ml_n6000_s1_chunk02.reps.csv,real_breast_cancer_misaligned,box,6000,0.05,1.0,estimated_residual_lowp_supported,cui_selective_ml,estimated,xgboost,xgboost,if_residual,1.0,0.0|0.25|0.5|1.0,aipw_variance,-1.0,1.0,obsval,4.0,0.1,30,0.1,crossfit_rank_empty_standdown,1.0,4,50,1,616.1938265208155,0.033149581141341034,0.012631065260819307,0.033149581141341034,-0.020518515880521726,0.0013082034623943817,-0.001180269242176461,0.0,nan,0.5,if_residual,nan,nan,nan,nan,nan,random_forest,gradient_boosting,0.032302075324408173,nan,nan,nan,nan,nan,nan,nan,0.05,0.2395,0.9733333333333334,0.20320111343075853,32,265,0.10666666666666667,0.18441196938065413,-0.016792160301503576,-0.012047621597255751,0.0047445387042478245,-0.018854563558963013,-0.009145964049268433,0.00970859950969458,1.363233784729013,1.2559272791448328,1.0160196023846386,0.9553549600043056
m01-j0219,manifest.tsv,dml2_real_real_breast_cancer_misaligned_cui_selective_ml_n6000_s1_chunk02.reps.csv,real_breast_cancer_misaligned,box,6000,0.05,1.0,estimated_residual_lowp_supported,cui_selective_ml,estimated,xgboost,xgboost,if_residual,1.0,0.0|0.25|0.5|1.0,aipw_variance,-1.0,1.0,obsval,4.0,0.1,30,0.1,crossfit_rank_empty_standdown,1.0,4,50,2,1227.2031604982913,0.029851480921502527,0.02553115911320003,0.029851480921502527,-0.004320321808302496,0.001028337060937907,-0.0008072579832760181,0.0,nan,0.25,if_residual,nan,nan,nan,nan,nan,gradient_boosting,gradient_boosting,0.03624573483992934,nan,nan,nan,nan,nan,nan,nan,0.1,0.25133333333333335,0.975,0.3879310344827586,55,278,0.09166666666666666,0.1843501326259947,-0.009548807983054877,-0.00895608111227735,0.0005927268707775265,-0.020058546998336528,-0.018809595403052184,0.0012489515952843443,1.277659802141268,1.2073345645790883,0.9901827958018599,0.929619211098902
m01-j0219,manifest.tsv,dml2_real_real_breast_cancer_misaligned_cui_selective_ml_n6000_s1_chunk02.reps.csv,real_breast_cancer_misaligned,box,6000,0.05,1.0,estimated_residual_lowp_supported,cui_selective_ml,estimated,xgboost,xgboost,if_residual,1.0,0.0|0.25|0.5|1.0,aipw_variance,-1.0,1.0,obsval,4.0,0.1,30,0.1,crossfit_rank_empty_standdown,1.0,4,50,3,1822.8096071723849,0.0036831512481179107,0.0036831512481179107,0.0036831512481179107,0.0,0.0005140948693774625,-0.0002510015029429434,0.0,nan,0.0,reference,nan,nan,nan,nan,nan,gradient_boosting,random_forest,0.0007836013072805171,nan,nan,nan,nan,nan,nan,nan,0.1,0.24616666666666667,0.9683333333333334,0.3933649289099526,50,264,0.08333333333333333,0.17874069058903183,-0.0056487899052906155,-0.0056487899052906155,0.0,-0.009409365858189515,-0.009409365858189515,0.0,1.631760181819773,1.631760181819773,1.1324214481225876,1.1324214481225876
m01-j0219,manifest.tsv,dml2_real_real_breast_cancer_misaligned_cui_selective_ml_n6000_s1_chunk02.reps.csv,real_breast_cancer_misaligned,box,6000,0.05,1.0,estimated_residual_lowp_supported,cui_selective_ml,estimated,xgboost,xgboost,if_residual,1.0,0.0|0.25|0.5|1.0,aipw_variance,-1.0,1.0,obsval,4.0,0.1,30,0.1,crossfit_rank_empty_standdown,1.0,4,50,4,2410.7804065188393,-0.0180924270191542,-0.0180924270191542,-0.0180924270191542,0.0,0.0005295582752490534,-0.00030678890846501253,0.0,nan,0.0,reference,nan,nan,nan,nan,nan,logistic_l1,random_forest,0.0017623514241907944,nan,nan,nan,nan,nan,nan,nan,0.1,0.25033333333333335,0.9683333333333334,0.38681757656458055,52,244,0.08666666666666667,0.16245006657789615,-0.08064270055508543,-0.08064270055508543,0.0,-0.08877791172939267,-0.08877791172939267,0.0,1.659819699060113,1.659819699060113,1.1518734240352284,1.1518734240352284
m01-j0220,manifest.tsv,dml2_real_real_breast_cancer_misaligned_cui_selective_ml_n6000_s1_chunk03.reps.csv,real_breast_cancer_misaligned,box,6000,0.05,1.0,estimated_residual_lowp_supported,cui_selective_ml,estimated,xgboost,xgboost,if_residual,1.0,0.0|0.25|0.5|1.0,aipw_variance,-1.0,1.0,obsval,4.0,0.1,30,0.1,crossfit_rank_empty_standdown,1.0,4,50,1,601.1829574117437,-0.0034860184001560546,-0.0034860184001560546,-0.0034860184001560546,0.0,0.0007786896469476861,-0.0008697683314966978,0.0,nan,0.0,reference,nan,nan,nan,nan,nan,gradient_boosting,gradient_boosting,0.0008710115680503548,nan,nan,nan,nan,nan,nan,nan,0.075,0.24616666666666667,0.9288888888888889,0.2830060934326337,61,276,0.13555555555555557,0.18686526743398782,-0.013411513967078608,-0.013411513967078608,0.0,-0.022820084079028174,-0.022820084079028174,0.0,1.2814092254202007,1.2814092254202007,1.0459407119214517,1.0459407119214517
m01-j0220,manifest.tsv,dml2_real_real_breast_cancer_misaligned_cui_selective_ml_n6000_s1_chunk03.reps.csv,real_breast_cancer_misaligned,box,6000,0.05,1.0,estimated_residual_lowp_supported,cui_selective_ml,estimated,xgboost,xgboost,if_residual,1.0,0.0|0.25|0.5|1.0,aipw_variance,-1.0,1.0,obsval,4.0,0.1,30,0.1,crossfit_rank_empty_standdown,1.0,4,50,2,1208.7835396556184,0.03330521335532299,0.03330521335532299,0.03330521335532299,0.0,0.00044348357347552634,-0.0003250729472314513,0.0,nan,0.0,reference,nan,nan,nan,nan,nan,random_forest,gradient_boosting,0.03753187071344317,nan,nan,nan,nan,nan,nan,nan,0.1,0.24416666666666667,0.9666666666666667,0.39590443686006827,59,261,0.09833333333333333,0.1781569965870307,-0.019881727057793085,-0.019881727057793085,0.0,-0.027000966813112436,-0.027000966813112436,0.0,1.5178383188829334,1.5178383188829334,1.081164255414582,1.081164255414582
m01-j0220,manifest.tsv,dml2_real_real_breast_cancer_misaligned_cui_selective_ml_n6000_s1_chunk03.reps.csv,real_breast_cancer_misaligned,box,6000,0.05,1.0,estimated_residual_lowp_supported,cui_selective_ml,estimated,xgboost,xgboost,if_residual,1.0,0.0|0.25|0.5|1.0,aipw_variance,-1.0,1.0,obsval,4.0,0.1,30,0.1,crossfit_rank_empty_standdown,1.0,4,50,3,1820.92902609054,-0.03231761520252718,-0.03231761520252718,-0.03231761520252718,0.0,0.00042733231195363165,-0.0003236687257248739,0.0,nan,0.0,reference,nan,nan,nan,nan,nan,gradient_boosting,random_forest,0.07807816904007084,nan,nan,nan,nan,nan,nan,nan,0.075,0.24916666666666668,0.94,0.282943143812709,45,273,0.1,0.1826086956521739,-0.0050136190910582456,-0.0050136190910582456,0.0,-0.01890581200962273,-0.01890581200962273,0.0,1.0748013925426598,1.0748013925426598,1.0969905962141238,1.0969905962141238
m01-j0220,manifest.tsv,dml2_real_real_breast_cancer_misaligned_cui_selective_ml_n6000_s1_chunk03.reps.csv,real_breast_cancer_misaligned,box,6000,0.05,1.0,estimated_residual_lowp_supported,cui_selective_ml,estimated,xgboost,xgboost,if_residual,1.0,0.0|0.25|0.5|1.0,aipw_variance,-1.0,1.0,obsval,4.0,0.1,30,0.1,crossfit_rank_empty_standdown,1.0,4,50,4,2429.300014854409,-0.0025695022368244502,0.02077283327956153,-0.0025695022368244502,0.02334233551638598,0.0009364019609977639,-0.0005365865315758046,0.0,nan,1.0,if_residual,nan,nan,nan,nan,nan,gradient_boosting,lasso,0.05581964295437398,nan,nan,nan,nan,nan,nan,nan,0.075,0.24783333333333332,0.9666666666666667,0.2925353059852051,31,260,0.06888888888888889,0.17484868863483524,-0.0004397189533115665,-0.0035917914736077724,-0.003152072520296206,-0.005474698767380509,-0.009757336498605992,-0.004282637731225483,1.8270199226029507,1.8508783481408688,1.2763792008786885,1.357156134114138
m01-j0221,manifest.tsv,dml2_real_real_breast_cancer_misaligned_cui_selective_ml_n6000_s1_chunk04.reps.csv,real_breast_cancer_misaligned,box,6000,0.05,1.0,estimated_residual_lowp_supported,cui_selective_ml,estimated,xgboost,xgboost,if_residual,1.0,0.0|0.25|0.5|1.0,aipw_variance,-1.0,1.0,obsval,4.0,0.1,30,0.1,crossfit_rank_empty_standdown,1.0,4,50,1,616.5995327597484,0.01500166464678121,0.01500166464678121,0.01500166464678121,0.0,0.00022844596421251829,-9.887493884970207e-05,0.0,nan,0.0,reference,nan,nan,nan,nan,nan,gradient_boosting,gradient_boosting,0.03797792407593781,nan,nan,nan,nan,nan,nan,nan,0.075,0.24366666666666667,0.9533333333333334,0.29343365253077974,43,255,0.09555555555555556,0.1744186046511628,-0.008211100267850274,-0.008211100267850274,0.0,-0.026066562535603084,-0.026066562535603084,0.0,1.0754963137338232,1.0754963137338232,0.9590231601025001,0.9590231601025001
m01-j0221,manifest.tsv,dml2_real_real_breast_cancer_misaligned_cui_selective_ml_n6000_s1_chunk04.reps.csv,real_breast_cancer_misaligned,box,6000,0.05,1.0,estimated_residual_lowp_supported,cui_selective_ml,estimated,xgboost,xgboost,if_residual,1.0,0.0|0.25|0.5|1.0,aipw_variance,-1.0,1.0,obsval,4.0,0.1,30,0.1,crossfit_rank_empty_standdown,1.0,4,50,2,1227.1699971882626,-0.06840151894624585,-0.06840151894624585,-0.06840151894624585,0.0,0.0011120034876039996,-0.0006180928860006734,0.0,nan,0.0,reference,nan,nan,nan,nan,nan,gradient_boosting,random_forest,0.00803612824395754,nan,nan,nan,nan,nan,nan,nan,0.0,0.252,nan,0.0,0,296,nan,0.19576719576719576,0.0,0.0,0.0,-0.018095045505226764,-0.018095045505226764,0.0,nan,nan,1.1054992920890494,1.1054992920890494
m01-j0221,manifest.tsv,dml2_real_real_breast_cancer_misaligned_cui_selective_ml_n6000_s1_chunk04.reps.csv,real_breast_cancer_misaligned,box,6000,0.05,1.0,estimated_residual_lowp_supported,cui_selective_ml,estimated,xgboost,xgboost,if_residual,1.0,0.0|0.25|0.5|1.0,aipw_variance,-1.0,1.0,obsval,4.0,0.1,30,0.1,crossfit_rank_empty_standdown,1.0,4,50,3,1835.8743272284046,0.001530158428707018,-0.010124781858284193,0.001530158428707018,-0.011654940286991211,0.00025244721953967403,-0.00018197553167269244,0.0,nan,1.0,if_residual,nan,nan,nan,nan,nan,gradient_boosting,lasso,0.007221988004585369,nan,nan,nan,nan,nan,nan,nan,0.0,0.24733333333333332,nan,0.0,0,261,nan,0.17587601078167117,0.0,0.0,0.0,-0.03961483075564743,-0.02030412256934458,0.01931070818630285,nan,nan,1.2426958974657611,1.1827965276166446
m01-j0221,manifest.tsv,dml2_real_real_breast_cancer_misaligned_cui_selective_ml_n6000_s1_chunk04.reps.csv,real_breast_cancer_misaligned,box,6000,0.05,1.0,estimated_residual_lowp_supported,cui_selective_ml,estimated,xgboost,xgboost,if_residual,1.0,0.0|0.25|0.5|1.0,aipw_variance,-1.0,1.0,obsval,4.0,0.1,30,0.1,crossfit_rank_empty_standdown,1.0,4,50,4,2435.2196559477597,-0.1354235687788653,-0.1354235687788653,-0.1354235687788653,0.0,0.00011934078032680199,-0.00010977743209365353,0.0,nan,0.0,reference,nan,nan,nan,nan,nan,gradient_boosting,lasso,0.0024558326027972963,nan,nan,nan,nan,nan,nan,nan,0.1,0.24516666666666667,0.9766666666666667,0.398368456832087,49,259,0.08166666666666667,0.1760707002039429,0.0034156100370518246,0.0034156100370518246,0.0,-0.004066297943117906,-0.004066297943117906,0.0,1.920446988968477,1.920446988968477,1.3123411564345266,1.3123411564345266
m01-j0222,manifest.tsv,dml2_real_real_breast_cancer_misaligned_cui_selective_ml_n6000_s1_chunk05.reps.csv,real_breast_cancer_misaligned,box,6000,0.05,1.0,estimated_residual_lowp_supported,cui_selective_ml,estimated,xgboost,xgboost,if_residual,1.0,0.0|0.25|0.5|1.0,aipw_variance,-1.0,1.0,obsval,4.0,0.1,30,0.1,crossfit_rank_empty_standdown,1.0,4,50,1,607.9415402151644,-0.02142383910582235,-0.025877605737383236,-0.02142383910582235,-0.004453766631560885,0.00039637368626227443,-8.104046755411153e-05,0.0,nan,0.5,if_residual,nan,nan,nan,nan,nan,gradient_boosting,lasso,0.009195736229843585,nan,nan,nan,nan,nan,nan,nan,0.0,0.24733333333333332,nan,0.0,0,271,nan,0.18261455525606468,0.0,0.0,0.0,-0.012063508836660844,-0.011932905714327752,0.00013060312233309154,nan,nan,1.1578489599743496,1.0443167282965231
m01-j0222,manifest.tsv,dml2_real_real_breast_cancer_misaligned_cui_selective_ml_n6000_s1_chunk05.reps.csv,real_breast_cancer_misaligned,box,6000,0.05,1.0,estimated_residual_lowp_supported,cui_selective_ml,estimated,xgboost,xgboost,if_residual,1.0,0.0|0.25|0.5|1.0,aipw_variance,-1.0,1.0,obsval,4.0,0.1,30,0.1,crossfit_rank_empty_standdown,1.0,4,50,2,1221.6153000444174,-0.06860105434710906,-0.06860105434710906,-0.06860105434710906,0.0,0.000679506834805819,-0.0006460830383999169,0.0,nan,0.0,reference,nan,nan,nan,nan,nan,random_forest,gradient_boosting,0.0006070209173710734,nan,nan,nan,nan,nan,nan,nan,0.0,0.24566666666666667,nan,0.0,0,278,nan,0.18860244233378562,0.0,0.0,0.0,-0.03455098663806204,-0.03455098663806204,0.0,nan,nan,1.0603838693705505,1.0603838693705505
m01-j0222,manifest.tsv,dml2_real_real_breast_cancer_misaligned_cui_selective_ml_n6000_s1_chunk05.reps.csv,real_breast_cancer_misaligned,box,6000,0.05,1.0,estimated_residual_lowp_supported,cui_selective_ml,estimated,xgboost,xgboost,if_residual,1.0,0.0|0.25|0.5|1.0,aipw_variance,-1.0,1.0,obsval,4.0,0.1,30,0.1,crossfit_rank_empty_standdown,1.0,4,50,3,1830.4199329111725,-0.06934389932349788,-0.06934389932349788,-0.06934389932349788,0.0,0.00020510497755477823,-0.00022416623450407787,0.0,nan,0.0,reference,nan,nan,nan,nan,nan,gradient_boosting,random_forest,0.0036470729799332018,nan,nan,nan,nan,nan,nan,nan,0.1,0.24716666666666667,0.9566666666666667,0.3870532703978422,58,258,0.09666666666666666,0.17397167902899527,-0.020577166415474687,-0.020577166415474687,0.0,-0.029924369767649353,-0.029924369767649353,0.0,1.565921933328946,1.565921933328946,1.181172127699818,1.181172127699818
m01-j0222,manifest.tsv,dml2_real_real_breast_cancer_misaligned_cui_selective_ml_n6000_s1_chunk05.reps.csv,real_breast_cancer_misaligned,box,6000,0.05,1.0,estimated_residual_lowp_supported,cui_selective_ml,estimated,xgboost,xgboost,if_residual,1.0,0.0|0.25|0.5|1.0,aipw_variance,-1.0,1.0,obsval,4.0,0.1,30,0.1,crossfit_rank_empty_standdown,1.0,4,50,4,2436.5187139101326,-0.025528072251695566,-0.025528072251695566,-0.025528072251695566,0.0,0.0002460085667933263,-4.8049416873150136e-05,0.0,nan,0.0,reference,nan,nan,nan,nan,nan,logistic_l1,gradient_boosting,0.002259890729743421,nan,nan,nan,nan,nan,nan,nan,0.1,0.24233333333333335,0.955,0.3940852819807428,80,276,0.13333333333333333,0.18982118294360384,0.050677789091301065,0.050677789091301065,0.0,0.03465061007461524,0.03465061007461524,0.0,1.6327780392702511,1.6327780392702511,1.1495393036680914,1.1495393036680914
m01-j0223,manifest.tsv,dml2_real_real_breast_cancer_misaligned_cui_selective_ml_n6000_s1_chunk06.reps.csv,real_breast_cancer_misaligned,box,6000,0.05,1.0,estimated_residual_lowp_supported,cui_selective_ml,estimated,xgboost,xgboost,if_residual,1.0,0.0|0.25|0.5|1.0,aipw_variance,-1.0,1.0,obsval,4.0,0.1,30,0.1,crossfit_rank_empty_standdown,1.0,4,50,1,611.5543180983514,-0.008601936250900999,-0.01972789023296495,-0.008601936250900999,-0.011125953982063952,0.0007537980628369142,-0.0005118797208182778,0.0,nan,0.25,if_residual,nan,nan,nan,nan,nan,gradient_boosting,random_forest,0.04533525631221186,nan,nan,nan,nan,nan,nan,nan,0.1,0.24666666666666667,0.9666666666666667,0.3918918918918919,56,275,0.09333333333333334,0.1858108108108108,-0.006831305482320424,-0.005763414708819842,0.0010678907735005823,-0.018404998122914126,-0.016365726718387798,0.002039271404526328,1.498692603865427,1.4161808044846989,1.1692360195439073,1.1020306635813069
m01-j0223,manifest.tsv,dml2_real_real_breast_cancer_misaligned_cui_selective_ml_n6000_s1_chunk06.reps.csv,real_breast_cancer_misaligned,box,6000,0.05,1.0,estimated_residual_lowp_supported,cui_selective_ml,estimated,xgboost,xgboost,if_residual,1.0,0.0|0.25|0.5|1.0,aipw_variance,-1.0,1.0,obsval,4.0,0.1,30,0.1,crossfit_rank_empty_standdown,1.0,4,50,2,1215.110530199483,-0.020941168914307695,-0.010909992438812077,-0.020941168914307695,0.010031176475495618,0.0004134935301165095,-0.00043638550604680317,0.0,nan,0.25,if_residual,nan,nan,nan,nan,nan,gradient_boosting,random_forest,0.015669873018930185,nan,nan,nan,nan,nan,nan,nan,0.1,0.248,0.9666666666666667,0.3897849462365591,66,286,0.11,0.1922043010752688,-0.013958439003721094,-0.010759340587125524,0.0031990984165955697,-0.029388938888564194,-0.024725382461523417,0.004663556427040777,1.5040459355748965,1.425383012757918,1.1348748734094685,1.0529424083697665
m01-j0223,manifest.tsv,dml2_real_real_breast_cancer_misaligned_cui_selective_ml_n6000_s1_chunk06.reps.csv,real_breast_cancer_misaligned,box,6000,0.05,1.0,estimated_residual_lowp_supported,cui_selective_ml,estimated,xgboost,xgboost,if_residual,1.0,0.0|0.25|0.5|1.0,aipw_variance,-1.0,1.0,obsval,4.0,0.1,30,0.1,crossfit_rank_empty_standdown,1.0,4,50,3,1820.727892106399,-0.022518017065816687,-0.022518017065816687,-0.022518017065816687,0.0,0.0004631582262848112,-0.000419309142831204,0.0,nan,0.0,reference,nan,nan,nan,nan,nan,logistic_l1,lasso,0.009906290554017294,nan,nan,nan,nan,nan,nan,nan,0.0,0.24433333333333335,nan,0.0,0,291,nan,0.1984993178717599,0.0,0.0,0.0,0.024676988055892864,0.024676988055892864,0.0,nan,nan,1.362987305817534,1.362987305817534
m01-j0223,manifest.tsv,dml2_real_real_breast_cancer_misaligned_cui_selective_ml_n6000_s1_chunk06.reps.csv,real_breast_cancer_misaligned,box,6000,0.05,1.0,estimated_residual_lowp_supported,cui_selective_ml,estimated,xgboost,xgboost,if_residual,1.0,0.0|0.25|0.5|1.0,aipw_variance,-1.0,1.0,obsval,4.0,0.1,30,0.1,crossfit_rank_empty_standdown,1.0,4,50,4,2422.506091796793,-0.06040250641905093,-0.06040250641905093,-0.06040250641905093,0.0,0.00042513761803122593,-0.0003226713913244061,0.0,nan,0.0,reference,nan,nan,nan,nan,nan,gradient_boosting,lasso,0.0009005565616191644,nan,nan,nan,nan,nan,nan,nan,0.0,0.24,nan,0.0,0,270,nan,0.1875,0.0,0.0,0.0,-0.017268287021845897,-0.017268287021845897,0.0,nan,nan,1.2377770028837125,1.2377770028837125
m01-j0224,manifest.tsv,dml2_real_real_breast_cancer_misaligned_cui_selective_ml_n6000_s1_chunk07.reps.csv,real_breast_cancer_misaligned,box,6000,0.05,1.0,estimated_residual_lowp_supported,cui_selective_ml,estimated,xgboost,xgboost,if_residual,1.0,0.0|0.25|0.5|1.0,aipw_variance,-1.0,1.0,obsval,4.0,0.1,30,0.1,crossfit_rank_empty_standdown,1.0,4,50,1,603.6772809065878,0.1609448051142407,0.1609448051142407,0.1609448051142407,0.0,0.0023433302089788718,-0.0021033571256091356,0.0,nan,0.0,reference,nan,nan,nan,nan,nan,logistic_l1,random_forest,0.044300360587360664,nan,nan,nan,nan,nan,nan,nan,0.1,0.2435,0.9733333333333334,0.3997262149212868,48,259,0.08,0.17727583846680356,-0.03434658847661959,-0.03434658847661959,0.0,-0.020887713937014957,-0.020887713937014957,0.0,1.5555857431124982,1.5555857431124982,1.149740518450512,1.149740518450512
m01-j0224,manifest.tsv,dml2_real_real_breast_cancer_misaligned_cui_selective_ml_n6000_s1_chunk07.reps.csv,real_breast_cancer_misaligned,box,6000,0.05,1.0,estimated_residual_lowp_supported,cui_selective_ml,estimated,xgboost,xgboost,if_residual,1.0,0.0|0.25|0.5|1.0,aipw_variance,-1.0,1.0,obsval,4.0,0.1,30,0.1,crossfit_rank_empty_standdown,1.0,4,50,2,1216.0471998946741,-0.01959414194333331,-0.01959414194333331,-0.01959414194333331,0.0,0.00023477419597357448,-0.0002486864889118443,0.0,nan,0.0,reference,nan,nan,nan,nan,nan,logistic_l1,random_forest,0.0007939173822041225,nan,nan,nan,nan,nan,nan,nan,0.05,0.23983333333333334,0.94,0.1959694232105629,31,260,0.10333333333333333,0.18068102849200834,-0.04477988119724144,-0.04477988119724144,0.0,-0.06376239922144107,-0.06376239922144107,0.0,1.5162296447204333,1.5162296447204333,1.1654747581359537,1.1654747581359537
m01-j0224,manifest.tsv,dml2_real_real_breast_cancer_misaligned_cui_selective_ml_n6000_s1_chunk07.reps.csv,real_breast_cancer_misaligned,box,6000,0.05,1.0,estimated_residual_lowp_supported,cui_selective_ml,estimated,xgboost,xgboost,if_residual,1.0,0.0|0.25|0.5|1.0,aipw_variance,-1.0,1.0,obsval,4.0,0.1,30,0.1,crossfit_rank_empty_standdown,1.0,4,50,3,1822.2581294225529,-0.03953986913853941,-0.04115912852753245,-0.03953986913853941,-0.001619259388993044,0.00019989798113424122,-0.00027197996335478645,0.0,nan,0.5,if_residual,nan,nan,nan,nan,nan,gradient_boosting,random_forest,0.0007076989397718485,nan,nan,nan,nan,nan,nan,nan,0.0,0.24766666666666667,nan,0.0,0,274,nan,0.18438761776581428,0.0,0.0,0.0,-0.03692192342282995,-0.02593793580864294,0.010983987614187007,nan,nan,1.2481841503302746,1.1351707712995598
m01-j0224,manifest.tsv,dml2_real_real_breast_cancer_misaligned_cui_selective_ml_n6000_s1_chunk07.reps.csv,real_breast_cancer_misaligned,box,6000,0.05,1.0,estimated_residual_lowp_supported,cui_selective_ml,estimated,xgboost,xgboost,if_residual,1.0,0.0|0.25|0.5|1.0,aipw_variance,-1.0,1.0,obsval,4.0,0.1,30,0.1,crossfit_rank_empty_standdown,1.0,4,50,4,2428.1755734635517,0.0009190276815168597,0.0016720658160683244,0.0009190276815168597,0.0007530381345514647,0.0004612055604170859,-0.00037931425292252836,0.0,nan,0.5,if_residual,nan,nan,nan,nan,nan,gradient_boosting,gradient_boosting,0.0219349719166526,nan,nan,nan,nan,nan,nan,nan,0.05,0.24133333333333334,0.98,0.20303867403314918,37,249,0.12333333333333334,0.17196132596685082,-0.015235297047209767,-0.010358882517699166,0.004876414529510601,-0.02338831200211728,-0.013494242930196299,0.009894069071920981,1.71954749582777,1.4861103248305714,1.0460004509279976,0.9735574550043241
m01-j0225,manifest.tsv,dml2_real_real_breast_cancer_misaligned_cui_selective_ml_n6000_s1_chunk08.reps.csv,real_breast_cancer_misaligned,box,6000,0.05,1.0,estimated_residual_lowp_supported,cui_selective_ml,estimated,xgboost,xgboost,if_residual,1.0,0.0|0.25|0.5|1.0,aipw_variance,-1.0,1.0,obsval,4.0,0.1,30,0.1,crossfit_rank_empty_standdown,1.0,4,50,1,616.5874475976452,-0.08590859443556015,-0.08663387501257591,-0.08590859443556015,-0.0007252805770157633,0.0007315244326349811,-0.00042381258935290673,0.0,nan,0.5,if_residual,nan,nan,nan,nan,nan,gradient_boosting,lasso,0.01207204105593853,nan,nan,nan,nan,nan,nan,nan,0.0,0.24383333333333335,nan,0.0,0,279,nan,0.19070403280929596,0.0,0.0,0.0,-0.033966872626785855,-0.035556650366219224,-0.0015897777394333693,nan,nan,1.3335127729499783,1.272760768977753
m01-j0225,manifest.tsv,dml2_real_real_breast_cancer_misaligned_cui_selective_ml_n6000_s1_chunk08.reps.csv,real_breast_cancer_misaligned,box,6000,0.05,1.0,estimated_residual_lowp_supported,cui_selective_ml,estimated,xgboost,xgboost,if_residual,1.0,0.0|0.25|0.5|1.0,aipw_variance,-1.0,1.0,obsval,4.0,0.1,30,0.1,crossfit_rank_empty_standdown,1.0,4,50,2,1233.93079915829,-0.028050305466483405,-0.028050305466483405,-0.028050305466483405,0.0,0.0013594099233040727,-0.0011261718954293986,0.0,nan,0.0,reference,nan,nan,nan,nan,nan,gradient_boosting,lasso,0.14373161597909814,nan,nan,nan,nan,nan,nan,nan,0.075,0.24233333333333335,0.9711111111111111,0.3005502063273728,51,262,0.11333333333333333,0.18019257221458046,-0.006310446709004997,-0.006310446709004997,0.0,-0.018071377809451464,-0.018071377809451464,0.0,2.011646806695529,2.011646806695529,1.3347961464877063,1.3347961464877063
m01-j0225,manifest.tsv,dml2_real_real_breast_cancer_misaligned_cui_selective_ml_n6000_s1_chunk08.reps.csv,real_breast_cancer_misaligned,box,6000,0.05,1.0,estimated_residual_lowp_supported,cui_selective_ml,estimated,xgboost,xgboost,if_residual,1.0,0.0|0.25|0.5|1.0,aipw_variance,-1.0,1.0,obsval,4.0,0.1,30,0.1,crossfit_rank_empty_standdown,1.0,4,50,3,1836.7595619782805,-0.05046071670297242,-0.053070581177716236,-0.05046071670297242,-0.002609864474743817,0.0003569512863242383,-9.755289726703182e-05,0.0,nan,0.5,if_residual,nan,nan,nan,nan,nan,random_forest,lasso,0.017459076602490412,nan,nan,nan,nan,nan,nan,nan,0.075,0.24266666666666667,0.9711111111111111,0.3001373626373626,38,234,0.08444444444444445,0.16071428571428573,-0.03388130553388239,-0.030292966931487524,0.0035883386023948666,-0.04489992959967092,-0.040396950140288254,0.004502979459382668,1.913203872695318,1.719217189984051,1.2203443383360066,1.1160968756033072
m01-j0225,manifest.tsv,dml2_real_real_breast_cancer_misaligned_cui_selective_ml_n6000_s1_chunk08.reps.csv,real_breast_cancer_misaligned,box,6000,0.05,1.0,estimated_residual_lowp_supported,cui_selective_ml,estimated,xgboost,xgboost,if_residual,1.0,0.0|0.25|0.5|1.0,aipw_variance,-1.0,1.0,obsval,4.0,0.1,30,0.1,crossfit_rank_empty_standdown,1.0,4,50,4,2433.058283851482,-0.06521477705368506,-0.05289533158362991,-0.06521477705368506,0.012319445470055146,0.0007425520051847511,-0.00018425573787477097,0.0,nan,0.5,if_residual,nan,nan,nan,nan,nan,random_forest,lasso,0.023302912426391827,nan,nan,nan,nan,nan,nan,nan,0.075,0.24566666666666667,0.96,0.2930800542740841,46,249,0.10222222222222223,0.1689280868385346,-0.02822242669923681,-0.024911561870426965,0.003310864828809844,-0.047147475811444545,-0.03870046270329163,0.008447013108152913,2.109696204532687,1.7707582901288481,1.4197125430904896,1.2157615095028376
m01-j0226,manifest.tsv,dml2_real_real_breast_cancer_misaligned_cui_selective_ml_n6000_s1_chunk09.reps.csv,real_breast_cancer_misaligned,box,6000,0.05,1.0,estimated_residual_lowp_supported,cui_selective_ml,estimated,xgboost,xgboost,if_residual,1.0,0.0|0.25|0.5|1.0,aipw_variance,-1.0,1.0,obsval,4.0,0.1,30,0.1,crossfit_rank_empty_standdown,1.0,4,50,1,597.563848707825,0.0049493657112985034,0.0049493657112985034,0.0049493657112985034,0.0,0.0006700565607418858,-0.00021547774357905455,0.0,nan,0.0,reference,nan,nan,nan,nan,nan,gradient_boosting,gradient_boosting,0.001175296350209643,nan,nan,nan,nan,nan,nan,nan,0.0,0.24383333333333335,nan,0.0,0,253,nan,0.17293233082706766,0.0,0.0,0.0,-0.01621387204004473,-0.01621387204004473,0.0,nan,nan,1.1210663251776043,1.1210663251776043
m01-j0226,manifest.tsv,dml2_real_real_breast_cancer_misaligned_cui_selective_ml_n6000_s1_chunk09.reps.csv,real_breast_cancer_misaligned,box,6000,0.05,1.0,estimated_residual_lowp_supported,cui_selective_ml,estimated,xgboost,xgboost,if_residual,1.0,0.0|0.25|0.5|1.0,aipw_variance,-1.0,1.0,obsval,4.0,0.1,30,0.1,crossfit_rank_empty_standdown,1.0,4,50,2,1208.982988357544,-0.048517207477156266,-0.048517207477156266,-0.048517207477156266,0.0,0.00013505665611275542,-4.9226791685176054e-05,0.0,nan,0.0,reference,nan,nan,nan,nan,nan,gradient_boosting,random_forest,0.005004949675350441,nan,nan,nan,nan,nan,nan,nan,0.05,0.24133333333333334,0.9366666666666666,0.19406077348066297,35,269,0.11666666666666667,0.18577348066298344,-0.0003658786098886458,-0.0003658786098886458,0.0,-0.030491604700916417,-0.030491604700916417,0.0,1.3298668125788833,1.3298668125788833,1.1356528310597571,1.1356528310597571
m01-j0226,manifest.tsv,dml2_real_real_breast_cancer_misaligned_cui_selective_ml_n6000_s1_chunk09.reps.csv,real_breast_cancer_misaligned,box,6000,0.05,1.0,estimated_residual_lowp_supported,cui_selective_ml,estimated,xgboost,xgboost,if_residual,1.0,0.0|0.25|0.5|1.0,aipw_variance,-1.0,1.0,obsval,4.0,0.1,30,0.1,crossfit_rank_empty_standdown,1.0,4,50,3,1813.6865771831945,-0.05046344020814936,-0.05046344020814936,-0.05046344020814936,0.0,0.0002234646544620987,-0.0001234759587707754,0.0,nan,0.0,reference,nan,nan,nan,nan,nan,logistic_l1,lasso,0.0018954936358881662,nan,nan,nan,nan,nan,nan,nan,0.0,0.2485,nan,0.0,0,278,nan,0.18645204560697518,0.0,0.0,0.0,0.04768096269226585,0.04768096269226585,0.0,nan,nan,1.275536658391044,1.275536658391044
m01-j0226,manifest.tsv,dml2_real_real_breast_cancer_misaligned_cui_selective_ml_n6000_s1_chunk09.reps.csv,real_breast_cancer_misaligned,box,6000,0.05,1.0,estimated_residual_lowp_supported,cui_selective_ml,estimated,xgboost,xgboost,if_residual,1.0,0.0|0.25|0.5|1.0,aipw_variance,-1.0,1.0,obsval,4.0,0.1,30,0.1,crossfit_rank_empty_standdown,1.0,4,50,4,2423.063912577927,0.03103427792160629,0.03103427792160629,0.03103427792160629,0.0,0.0007323609696614488,-0.001173827122653274,0.0,nan,0.0,reference,nan,nan,nan,nan,nan,gradient_boosting,gradient_boosting,0.004844862440414061,nan,nan,nan,nan,nan,nan,nan,0.1,0.252,0.945,0.375,59,296,0.09833333333333333,0.19576719576719576,-0.013388412463956272,-0.013388412463956272,0.0,-0.017330666020708832,-0.017330666020708832,0.0,1.5616886558232157,1.5616886558232157,1.1459312914658373,1.1459312914658373
m01-j0227,manifest.tsv,dml2_real_real_breast_cancer_misaligned_cui_selective_ml_n6000_s1_chunk10.reps.csv,real_breast_cancer_misaligned,box,6000,0.05,1.0,estimated_residual_lowp_supported,cui_selective_ml,estimated,xgboost,xgboost,if_residual,1.0,0.0|0.25|0.5|1.0,aipw_variance,-1.0,1.0,obsval,4.0,0.1,30,0.1,crossfit_rank_empty_standdown,1.0,4,50,1,602.9903025515378,-0.12270877478663378,-0.12270877478663378,-0.12270877478663378,0.0,0.00027953680102088367,-0.00034551769712187525,0.0,nan,0.0,reference,nan,nan,nan,nan,nan,gradient_boosting,lasso,0.10180842056535097,nan,nan,nan,nan,nan,nan,nan,0.0,0.23983333333333334,nan,0.0,0,263,nan,0.18276580958999306,0.0,0.0,0.0,-0.01604304181008557,-0.01604304181008557,0.0,nan,nan,1.2697682588136403,1.2697682588136403
m01-j0227,manifest.tsv,dml2_real_real_breast_cancer_misaligned_cui_selective_ml_n6000_s1_chunk10.reps.csv,real_breast_cancer_misaligned,box,6000,0.05,1.0,estimated_residual_lowp_supported,cui_selective_ml,estimated,xgboost,xgboost,if_residual,1.0,0.0|0.25|0.5|1.0,aipw_variance,-1.0,1.0,obsval,4.0,0.1,30,0.1,crossfit_rank_empty_standdown,1.0,4,50,2,1213.7447733897716,-0.0006168177997938895,0.035223398986561016,0.005551831242620206,0.035840216786354906,0.0005317177101669271,-0.0003684712305144877,0.17211528264981435,nan,1.0,if_residual,nan,nan,nan,nan,nan,gradient_boosting,lasso,0.04030662490539973,nan,nan,nan,nan,nan,nan,nan,0.0,0.2455,nan,0.0,0,269,nan,0.1826205023761032,0.0,0.0,0.0,-0.00299607872217744,-0.0028097124118120244,0.00018636631036541553,nan,nan,1.2400657117032419,1.1912233012465505
m01-j0227,manifest.tsv,dml2_real_real_breast_cancer_misaligned_cui_selective_ml_n6000_s1_chunk10.reps.csv,real_breast_cancer_misaligned,box,6000,0.05,1.0,estimated_residual_lowp_supported,cui_selective_ml,estimated,xgboost,xgboost,if_residual,1.0,0.0|0.25|0.5|1.0,aipw_variance,-1.0,1.0,obsval,4.0,0.1,30,0.1,crossfit_rank_empty_standdown,1.0,4,50,3,1816.5469535803422,-0.04840582159091278,-0.04840582159091278,-0.04840582159091278,0.0,0.0004320456168734189,-0.00016519339110056372,0.0,nan,0.0,reference,nan,nan,nan,nan,nan,gradient_boosting,gradient_boosting,0.004328346216567801,nan,nan,nan,nan,nan,nan,nan,0.0,0.245,nan,0.0,0,263,nan,0.17891156462585034,0.0,0.0,0.0,-0.0234003333716223,-0.0234003333716223,0.0,nan,nan,1.1714466737230942,1.1714466737230942
m01-j0227,manifest.tsv,dml2_real_real_breast_cancer_misaligned_cui_selective_ml_n6000_s1_chunk10.reps.csv,real_breast_cancer_misaligned,box,6000,0.05,1.0,estimated_residual_lowp_supported,cui_selective_ml,estimated,xgboost,xgboost,if_residual,1.0,0.0|0.25|0.5|1.0,aipw_variance,-1.0,1.0,obsval,4.0,0.1,30,0.1,crossfit_rank_empty_standdown,1.0,4,50,4,2423.208452420309,-0.09125412511045095,-0.09125412511045095,-0.09125412511045095,0.0,0.000482057692006436,-0.00036633361692016604,0.0,nan,0.0,reference,nan,nan,nan,nan,nan,random_forest,lasso,0.26627407299934946,nan,nan,nan,nan,nan,nan,nan,0.1,0.23983333333333334,0.9533333333333334,0.39749826268241834,67,261,0.11166666666666666,0.1813759555246699,-0.04068736528252436,-0.04068736528252436,0.0,-0.05161164063712488,-0.05161164063712488,0.0,1.8192002772499027,1.8192002772499027,1.2930515686731021,1.2930515686731021
m01-j0228,manifest.tsv,dml2_real_real_breast_cancer_misaligned_cui_selective_ml_n6000_s1_chunk11.reps.csv,real_breast_cancer_misaligned,box,6000,0.05,1.0,estimated_residual_lowp_supported,cui_selective_ml,estimated,xgboost,xgboost,if_residual,1.0,0.0|0.25|0.5|1.0,aipw_variance,-1.0,1.0,obsval,4.0,0.1,30,0.1,crossfit_rank_empty_standdown,1.0,4,50,1,605.2503693280742,-0.015780272391880568,-0.015780272391880568,-0.015780272391880568,0.0,0.0004269276143866567,-0.0004676749273098647,0.0,nan,0.0,reference,nan,nan,nan,nan,nan,random_forest,gradient_boosting,0.01776863670712278,nan,nan,nan,nan,nan,nan,nan,0.075,0.251,0.9666666666666667,0.28884462151394424,36,269,0.08,0.17861885790172644,-0.017073606993833933,-0.017073606993833933,0.0,-0.02950748878639724,-0.02950748878639724,0.0,1.500247385917903,1.500247385917903,1.0650822008068836,1.0650822008068836
m01-j0228,manifest.tsv,dml2_real_real_breast_cancer_misaligned_cui_selective_ml_n6000_s1_chunk11.reps.csv,real_breast_cancer_misaligned,box,6000,0.05,1.0,estimated_residual_lowp_supported,cui_selective_ml,estimated,xgboost,xgboost,if_residual,1.0,0.0|0.25|0.5|1.0,aipw_variance,-1.0,1.0,obsval,4.0,0.1,30,0.1,crossfit_rank_empty_standdown,1.0,4,50,2,1212.4369445526972,-0.030685605856752785,-0.02110635099879621,-0.030685605856752785,0.009579254857956576,0.00037213898086524335,-0.00024182175585418754,0.0,nan,0.25,if_residual,nan,nan,nan,nan,nan,gradient_boosting,random_forest,0.027096993880342715,nan,nan,nan,nan,nan,nan,nan,0.1,0.246,0.9683333333333334,0.39363143631436315,70,276,0.11666666666666667,0.18699186991869918,-0.01951143597557658,-0.016530666400055124,0.0029807695755214546,-0.03881220306610444,-0.03338617906931692,0.005426023996787516,1.4159470554312727,1.3304102022131326,1.1053748302159447,1.0279219850917924
m01-j0228,manifest.tsv,dml2_real_real_breast_cancer_misaligned_cui_selective_ml_n6000_s1_chunk11.reps.csv,real_breast_cancer_misaligned,box,6000,0.05,1.0,estimated_residual_lowp_supported,cui_selective_ml,estimated,xgboost,xgboost,if_residual,1.0,0.0|0.25|0.5|1.0,aipw_variance,-1.0,1.0,obsval,4.0,0.1,30,0.1,crossfit_rank_empty_standdown,1.0,4,50,3,1811.6645260667428,-0.05301218083548953,-0.05301218083548953,-0.05301218083548953,0.0,0.0002882630687980679,-0.0002621684016543538,0.0,nan,0.0,reference,nan,nan,nan,nan,nan,gradient_boosting,random_forest,0.0014704123962750127,nan,nan,nan,nan,nan,nan,nan,0.1,0.24733333333333332,0.955,0.3861185983827493,64,263,0.10666666666666667,0.17722371967654987,-0.007940682655791656,-0.007940682655791656,0.0,-0.01641914850692471,-0.01641914850692471,0.0,1.6576668434364423,1.6576668434364423,1.174650147119826,1.174650147119826
m01-j0228,manifest.tsv,dml2_real_real_breast_cancer_misaligned_cui_selective_ml_n6000_s1_chunk11.reps.csv,real_breast_cancer_misaligned,box,6000,0.05,1.0,estimated_residual_lowp_supported,cui_selective_ml,estimated,xgboost,xgboost,if_residual,1.0,0.0|0.25|0.5|1.0,aipw_variance,-1.0,1.0,obsval,4.0,0.1,30,0.1,crossfit_rank_empty_standdown,1.0,4,50,4,2412.03017895855,-0.06257050067512165,-0.06257050067512165,-0.06257050067512165,0.0,0.0008851791515558081,-0.0008444160960784065,0.0,nan,0.0,reference,nan,nan,nan,nan,nan,gradient_boosting,lasso,0.016174052637808044,nan,nan,nan,nan,nan,nan,nan,0.0,0.247,nan,0.0,0,268,nan,0.18083670715249664,0.0,0.0,0.0,0.006173537464744619,0.006173537464744619,0.0,nan,nan,1.2304690781208334,1.2304690781208334
m01-j0229,manifest.tsv,dml2_real_real_breast_cancer_misaligned_cui_selective_ml_n6000_s1_chunk12.reps.csv,real_breast_cancer_misaligned,box,6000,0.05,1.0,estimated_residual_lowp_supported,cui_selective_ml,estimated,xgboost,xgboost,if_residual,1.0,0.0|0.25|0.5|1.0,aipw_variance,-1.0,1.0,obsval,4.0,0.1,30,0.1,crossfit_rank_empty_standdown,1.0,4,50,1,603.7761745918542,0.003992344868543607,0.003992344868543607,0.003992344868543607,0.0,0.0006909119532795137,-0.0005145175270169706,0.0,nan,0.0,reference,nan,nan,nan,nan,nan,gradient_boosting,random_forest,0.03762920090626818,nan,nan,nan,nan,nan,nan,nan,0.0,0.24133333333333334,nan,0.0,0,256,nan,0.17679558011049723,0.0,0.0,0.0,-0.02738184538803722,-0.02738184538803722,0.0,nan,nan,1.1868714296817944,1.1868714296817944
m01-j0229,manifest.tsv,dml2_real_real_breast_cancer_misaligned_cui_selective_ml_n6000_s1_chunk12.reps.csv,real_breast_cancer_misaligned,box,6000,0.05,1.0,estimated_residual_lowp_supported,cui_selective_ml,estimated,xgboost,xgboost,if_residual,1.0,0.0|0.25|0.5|1.0,aipw_variance,-1.0,1.0,obsval,4.0,0.1,30,0.1,crossfit_rank_empty_standdown,1.0,4,50,2,1209.8018719432876,-0.05251710178228253,-0.05251710178228253,-0.05251710178228253,0.0,0.00022183190128633834,-6.675982721067615e-05,0.0,nan,0.0,reference,nan,nan,nan,nan,nan,gradient_boosting,lasso,0.008769171204911122,nan,nan,nan,nan,nan,nan,nan,0.0,0.24916666666666668,nan,0.0,0,256,nan,0.17123745819397992,0.0,0.0,0.0,-0.02019973062000088,-0.02019973062000088,0.0,nan,nan,1.1865616094476272,1.1865616094476272
m01-j0229,manifest.tsv,dml2_real_real_breast_cancer_misaligned_cui_selective_ml_n6000_s1_chunk12.reps.csv,real_breast_cancer_misaligned,box,6000,0.05,1.0,estimated_residual_lowp_supported,cui_selective_ml,estimated,xgboost,xgboost,if_residual,1.0,0.0|0.25|0.5|1.0,aipw_variance,-1.0,1.0,obsval,4.0,0.1,30,0.1,crossfit_rank_empty_standdown,1.0,4,50,3,1813.2202189248055,-0.038674643504737594,-0.038674643504737594,-0.038674643504737594,0.0,0.0004890978360449724,-0.00032409814427167304,0.0,nan,0.0,reference,nan,nan,nan,nan,nan,gradient_boosting,lasso,0.018633191439253356,nan,nan,nan,nan,nan,nan,nan,0.1,0.24633333333333332,0.95,0.38565629228687415,66,295,0.11,0.19959404600811909,-0.0030961653100901832,-0.0030961653100901832,0.0,-0.01144663453900461,-0.01144663453900461,0.0,1.804309268527898,1.804309268527898,1.2813973522556756,1.2813973522556756
m01-j0229,manifest.tsv,dml2_real_real_breast_cancer_misaligned_cui_selective_ml_n6000_s1_chunk12.reps.csv,real_breast_cancer_misaligned,box,6000,0.05,1.0,estimated_residual_lowp_supported,cui_selective_ml,estimated,xgboost,xgboost,if_residual,1.0,0.0|0.25|0.5|1.0,aipw_variance,-1.0,1.0,obsval,4.0,0.1,30,0.1,crossfit_rank_empty_standdown,1.0,4,50,4,2427.850325839594,-0.09092715361385917,-0.09092715361385917,-0.09092715361385917,0.0,0.000634205642603512,-0.0006590724864904918,0.0,nan,0.0,reference,nan,nan,nan,nan,nan,gradient_boosting,gradient_boosting,0.0006107660042755624,nan,nan,nan,nan,nan,nan,nan,0.075,0.24216666666666667,0.9311111111111111,0.28836889194769444,58,278,0.1288888888888889,0.1913282863041982,-0.020336242107905307,-0.020336242107905307,0.0,-0.034870870071457505,-0.034870870071457505,0.0,1.3745635495215018,1.3745635495215018,1.0290363385420853,1.0290363385420853
m01-j0230,manifest.tsv,dml2_real_real_breast_cancer_misaligned_cui_selective_ml_n6000_s1_chunk13.reps.csv,real_breast_cancer_misaligned,box,6000,0.05,1.0,estimated_residual_lowp_supported,cui_selective_ml,estimated,xgboost,xgboost,if_residual,1.0,0.0|0.25|0.5|1.0,aipw_variance,-1.0,1.0,obsval,4.0,0.1,30,0.1,crossfit_rank_empty_standdown,1.0,4,50,1,612.7021848000586,-0.02218266743239522,-0.0101114453377531,-0.02218266743239522,0.01207122209464212,0.0004997494959946081,-0.00030744545768562567,0.0,nan,0.5,if_residual,nan,nan,nan,nan,nan,gradient_boosting,lasso,0.00871439273159661,nan,nan,nan,nan,nan,nan,nan,0.0,0.25,nan,0.0,0,299,nan,0.19933333333333333,0.0,0.0,0.0,-0.03264089435974997,-0.02748249207137841,0.005158402288371559,nan,nan,1.1895050044475026,1.0350959131612683
m01-j0230,manifest.tsv,dml2_real_real_breast_cancer_misaligned_cui_selective_ml_n6000_s1_chunk13.reps.csv,real_breast_cancer_misaligned,box,6000,0.05,1.0,estimated_residual_lowp_supported,cui_selective_ml,estimated,xgboost,xgboost,if_residual,1.0,0.0|0.25|0.5|1.0,aipw_variance,-1.0,1.0,obsval,4.0,0.1,30,0.1,crossfit_rank_empty_standdown,1.0,4,50,2,1221.9786729207262,0.014825289161381205,0.014825289161381205,0.014825289161381205,0.0,0.0004304365957585009,-0.0004657704521642903,0.0,nan,0.0,reference,nan,nan,nan,nan,nan,gradient_boosting,random_forest,0.01118363678264964,nan,nan,nan,nan,nan,nan,nan,0.075,0.24316666666666667,0.9577777777777777,0.295407813570939,37,264,0.08222222222222222,0.18094585332419466,-0.009944801570363168,-0.009944801570363168,0.0,-0.0158264545294694,-0.0158264545294694,0.0,1.5669304836973437,1.5669304836973437,1.077230800283939,1.077230800283939
m01-j0230,manifest.tsv,dml2_real_real_breast_cancer_misaligned_cui_selective_ml_n6000_s1_chunk13.reps.csv,real_breast_cancer_misaligned,box,6000,0.05,1.0,estimated_residual_lowp_supported,cui_selective_ml,estimated,xgboost,xgboost,if_residual,1.0,0.0|0.25|0.5|1.0,aipw_variance,-1.0,1.0,obsval,4.0,0.1,30,0.1,crossfit_rank_empty_standdown,1.0,4,50,3,1824.9781451011077,-0.03152720489722127,-0.036612687525242604,-0.03152720489722127,-0.005085482628021332,0.00040297300126949194,-0.00032513940438368637,0.0,nan,1.0,if_residual,nan,nan,nan,nan,nan,gradient_boosting,lasso,0.002033698346703269,nan,nan,nan,nan,nan,nan,nan,0.1,0.2445,0.9533333333333334,0.38991138377641443,65,254,0.10833333333333334,0.17314246762099522,-0.014767161914709987,-0.00815196074883997,0.006615201165870017,-0.022806136051358068,-0.018391073852509404,0.004415062198848664,1.6018828199155388,1.296591018697053,1.2678321890737978,1.0687153988583913
m01-j0230,manifest.tsv,dml2_real_real_breast_cancer_misaligned_cui_selective_ml_n6000_s1_chunk13.reps.csv,real_breast_cancer_misaligned,box,6000,0.05,1.0,estimated_residual_lowp_supported,cui_selective_ml,estimated,xgboost,xgboost,if_residual,1.0,0.0|0.25|0.5|1.0,aipw_variance,-1.0,1.0,obsval,4.0,0.1,30,0.1,crossfit_rank_empty_standdown,1.0,4,50,4,2423.873854308389,-0.026576518136347704,-0.03381653007477031,-0.026576518136347704,-0.007240011938422608,0.000909350279343012,-0.0008574098537869213,0.0,nan,1.0,if_residual,nan,nan,nan,nan,nan,gradient_boosting,lasso,0.013550926384516774,nan,nan,nan,nan,nan,nan,nan,0.1,0.246,0.96,0.3902439024390244,55,262,0.09166666666666666,0.17750677506775067,-0.00429968032569632,-0.004756757079919545,-0.0004570767542232254,-0.014334720297695645,-0.014081105376710501,0.0002536149209851433,1.6176278606948162,1.7494596378474574,1.206051183567306,1.3381981836812635
m01-j0231,manifest.tsv,dml2_real_real_breast_cancer_misaligned_cui_selective_ml_n6000_s1_chunk14.reps.csv,real_breast_cancer_misaligned,box,6000,0.05,1.0,estimated_residual_lowp_supported,cui_selective_ml,estimated,xgboost,xgboost,if_residual,1.0,0.0|0.25|0.5|1.0,aipw_variance,-1.0,1.0,obsval,4.0,0.1,30,0.1,crossfit_rank_empty_standdown,1.0,4,50,1,611.164233229123,-0.031006707857448745,-0.031006707857448745,-0.031006707857448745,0.0,0.00029714339486470727,-0.00018366640407179672,0.0,nan,0.0,reference,nan,nan,nan,nan,nan,gradient_boosting,gradient_boosting,0.04116385515524061,nan,nan,nan,nan,nan,nan,nan,0.1,0.2415,0.9666666666666667,0.4002760524499655,73,262,0.12166666666666667,0.1808143547273982,0.0034812541715117345,0.0034812541715117345,0.0,-0.0028988167849931584,-0.0028988167849931584,0.0,1.5278535109044122,1.5278535109044122,1.0750756279812559,1.0750756279812559
m01-j0231,manifest.tsv,dml2_real_real_breast_cancer_misaligned_cui_selective_ml_n6000_s1_chunk14.reps.csv,real_breast_cancer_misaligned,box,6000,0.05,1.0,estimated_residual_lowp_supported,cui_selective_ml,estimated,xgboost,xgboost,if_residual,1.0,0.0|0.25|0.5|1.0,aipw_variance,-1.0,1.0,obsval,4.0,0.1,30,0.1,crossfit_rank_empty_standdown,1.0,4,50,2,1222.249834514223,-0.02088565886064553,-0.02088565886064553,-0.02088565886064553,0.0,0.0012423255512344902,-0.0009897854400628195,0.0,nan,0.0,reference,nan,nan,nan,nan,nan,gradient_boosting,random_forest,0.00212637191960995,nan,nan,nan,nan,nan,nan,nan,0.0,0.24266666666666667,nan,0.0,0,264,nan,0.1813186813186813,0.0,0.0,0.0,-0.03338619794250887,-0.03338619794250887,0.0,nan,nan,1.1510636708671367,1.1510636708671367
m01-j0231,manifest.tsv,dml2_real_real_breast_cancer_misaligned_cui_selective_ml_n6000_s1_chunk14.reps.csv,real_breast_cancer_misaligned,box,6000,0.05,1.0,estimated_residual_lowp_supported,cui_selective_ml,estimated,xgboost,xgboost,if_residual,1.0,0.0|0.25|0.5|1.0,aipw_variance,-1.0,1.0,obsval,4.0,0.1,30,0.1,crossfit_rank_empty_standdown,1.0,4,50,3,1816.8273822339252,-0.055701107589618604,-0.055701107589618604,-0.055701107589618604,0.0,0.00045639209116310974,-0.0003820501373991515,0.0,nan,0.0,reference,nan,nan,nan,nan,nan,random_forest,gradient_boosting,0.002159873595578799,nan,nan,nan,nan,nan,nan,nan,0.0,0.23516666666666666,nan,0.0,0,251,nan,0.1778880226789511,0.0,0.0,0.0,-0.017611290847573124,-0.017611290847573124,0.0,nan,nan,1.1806532645195786,1.1806532645195786
m01-j0231,manifest.tsv,dml2_real_real_breast_cancer_misaligned_cui_selective_ml_n6000_s1_chunk14.reps.csv,real_breast_cancer_misaligned,box,6000,0.05,1.0,estimated_residual_lowp_supported,cui_selective_ml,estimated,xgboost,xgboost,if_residual,1.0,0.0|0.25|0.5|1.0,aipw_variance,-1.0,1.0,obsval,4.0,0.1,30,0.1,crossfit_rank_empty_standdown,1.0,4,50,4,2414.971519178711,-0.06608182949935659,-0.05544508911132806,-0.06608182949935659,0.010636740388028532,0.00020316387078723498,-0.00016778478009265706,0.0,nan,0.5,if_residual,nan,nan,nan,nan,nan,gradient_boosting,lasso,0.0054991981540050755,nan,nan,nan,nan,nan,nan,nan,0.0,0.24216666666666667,nan,0.0,0,268,nan,0.18444597384721267,0.0,0.0,0.0,-0.02411379193631638,-0.023441787365184846,0.0006720045711315348,nan,nan,1.2869535633379292,1.2377904543143878
m01-j0232,manifest.tsv,dml2_real_real_breast_cancer_misaligned_cui_selective_ml_n6000_s1_chunk15.reps.csv,real_breast_cancer_misaligned,box,6000,0.05,1.0,estimated_residual_lowp_supported,cui_selective_ml,estimated,xgboost,xgboost,if_residual,1.0,0.0|0.25|0.5|1.0,aipw_variance,-1.0,1.0,obsval,4.0,0.1,30,0.1,crossfit_rank_empty_standdown,1.0,4,50,1,609.6752724330872,-0.035223121016492887,-0.026234214109182863,-0.035223121016492887,0.008988906907310024,0.00029987437609638634,-0.00011647276878751407,0.0,nan,0.5,if_residual,nan,nan,nan,nan,nan,random_forest,random_forest,0.007350698191878637,nan,nan,nan,nan,nan,nan,nan,0.05,0.24016666666666667,0.9833333333333333,0.20471894517696043,30,259,0.1,0.17973629424011103,-0.02231843228908165,-0.016744596282946184,0.005573836006135466,-0.03371556602720326,-0.02505139106337267,0.008664174963830592,1.7314853277250921,1.5172134039518852,1.0679799425148568,0.987281782503066
m01-j0232,manifest.tsv,dml2_real_real_breast_cancer_misaligned_cui_selective_ml_n6000_s1_chunk15.reps.csv,real_breast_cancer_misaligned,box,6000,0.05,1.0,estimated_residual_lowp_supported,cui_selective_ml,estimated,xgboost,xgboost,if_residual,1.0,0.0|0.25|0.5|1.0,aipw_variance,-1.0,1.0,obsval,4.0,0.1,30,0.1,crossfit_rank_empty_standdown,1.0,4,50,2,1220.1510764751583,0.003267994997593726,0.01552643493927991,0.003267994997593726,0.012258439941686183,0.0010677426173214518,-0.0008328936354169893,0.0,nan,0.5,if_residual,nan,nan,nan,nan,nan,gradient_boosting,gradient_boosting,0.02717613482194015,nan,nan,nan,nan,nan,nan,nan,0.0,0.24833333333333332,nan,0.0,0,260,nan,0.174496644295302,0.0,0.0,0.0,-0.02044244435157604,-0.018019275616289604,0.0024231687352864358,nan,nan,1.0656715019687097,1.0157919238729396
m01-j0232,manifest.tsv,dml2_real_real_breast_cancer_misaligned_cui_selective_ml_n6000_s1_chunk15.reps.csv,real_breast_cancer_misaligned,box,6000,0.05,1.0,estimated_residual_lowp_supported,cui_selective_ml,estimated,xgboost,xgboost,if_residual,1.0,0.0|0.25|0.5|1.0,aipw_variance,-1.0,1.0,obsval,4.0,0.1,30,0.1,crossfit_rank_empty_standdown,1.0,4,50,3,1827.5751853017136,0.014071333098876648,0.014071333098876648,0.014071333098876648,0.0,0.0007241481089707445,-0.0005323275730165262,0.0,nan,0.0,reference,nan,nan,nan,nan,nan,gradient_boosting,gradient_boosting,0.008819423483602562,nan,nan,nan,nan,nan,nan,nan,0.0,0.2395,nan,0.0,0,253,nan,0.17606123869171886,0.0,0.0,0.0,-0.007486941051139039,-0.007486941051139039,0.0,nan,nan,1.1511585377507991,1.1511585377507991
m01-j0232,manifest.tsv,dml2_real_real_breast_cancer_misaligned_cui_selective_ml_n6000_s1_chunk15.reps.csv,real_breast_cancer_misaligned,box,6000,0.05,1.0,estimated_residual_lowp_supported,cui_selective_ml,estimated,xgboost,xgboost,if_residual,1.0,0.0|0.25|0.5|1.0,aipw_variance,-1.0,1.0,obsval,4.0,0.1,30,0.1,crossfit_rank_empty_standdown,1.0,4,50,4,2428.755304634571,-0.0747230212120959,-0.0747230212120959,-0.0747230212120959,0.0,0.0002796440398294578,-0.0002380078379561148,0.0,nan,0.0,reference,nan,nan,nan,nan,nan,gradient_boosting,lasso,1.0714613580337322,nan,nan,nan,nan,nan,nan,nan,0.0,0.24633333333333332,nan,0.0,0,263,nan,0.17794316644113667,0.0,0.0,0.0,-0.023195012360911794,-0.023195012360911794,0.0,nan,nan,1.3810062700714967,1.3810062700714967
m01-j0233,manifest.tsv,dml2_real_real_breast_cancer_misaligned_cui_selective_ml_n6000_s1_chunk16.reps.csv,real_breast_cancer_misaligned,box,6000,0.05,1.0,estimated_residual_lowp_supported,cui_selective_ml,estimated,xgboost,xgboost,if_residual,1.0,0.0|0.25|0.5|1.0,aipw_variance,-1.0,1.0,obsval,4.0,0.1,30,0.1,crossfit_rank_empty_standdown,1.0,4,50,1,609.9386005615816,-0.002729887987340307,-0.002729887987340307,-0.002729887987340307,0.0,0.0004626452641302446,-0.00046963115560645153,0.0,nan,0.0,reference,nan,nan,nan,nan,nan,gradient_boosting,gradient_boosting,0.0570047143311274,nan,nan,nan,nan,nan,nan,nan,0.0,0.23933333333333334,nan,0.0,0,260,nan,0.181058495821727,0.0,0.0,0.0,-0.021613457462141723,-0.021613457462141723,0.0,nan,nan,1.0033105937360605,1.0033105937360605
m01-j0233,manifest.tsv,dml2_real_real_breast_cancer_misaligned_cui_selective_ml_n6000_s1_chunk16.reps.csv,real_breast_cancer_misaligned,box,6000,0.05,1.0,estimated_residual_lowp_supported,cui_selective_ml,estimated,xgboost,xgboost,if_residual,1.0,0.0|0.25|0.5|1.0,aipw_variance,-1.0,1.0,obsval,4.0,0.1,30,0.1,crossfit_rank_empty_standdown,1.0,4,50,2,1206.983910494484,-0.044900762011106654,-0.044900762011106654,-0.044900762011106654,0.0,0.0013220375691549748,-0.0010513406692784924,0.0,nan,0.0,reference,nan,nan,nan,nan,nan,gradient_boosting,lasso,0.013143562649231414,nan,nan,nan,nan,nan,nan,nan,0.0,0.24516666666666667,nan,0.0,0,260,nan,0.17675050985723997,0.0,0.0,0.0,-0.0082831000639382,-0.0082831000639382,0.0,nan,nan,1.2903348444852245,1.2903348444852245
m01-j0233,manifest.tsv,dml2_real_real_breast_cancer_misaligned_cui_selective_ml_n6000_s1_chunk16.reps.csv,real_breast_cancer_misaligned,box,6000,0.05,1.0,estimated_residual_lowp_supported,cui_selective_ml,estimated,xgboost,xgboost,if_residual,1.0,0.0|0.25|0.5|1.0,aipw_variance,-1.0,1.0,obsval,4.0,0.1,30,0.1,crossfit_rank_empty_standdown,1.0,4,50,3,1808.0720336483791,-0.02123162116383337,-0.02123162116383337,-0.02123162116383337,0.0,0.0010501450834863235,-0.0012101836180254703,0.0,nan,0.0,reference,nan,nan,nan,nan,nan,gradient_boosting,gradient_boosting,0.013541634180213376,nan,nan,nan,nan,nan,nan,nan,0.0,0.243,nan,0.0,0,271,nan,0.1858710562414266,0.0,0.0,0.0,-0.023777915967883055,-0.023777915967883055,0.0,nan,nan,1.086529097338611,1.086529097338611
m01-j0233,manifest.tsv,dml2_real_real_breast_cancer_misaligned_cui_selective_ml_n6000_s1_chunk16.reps.csv,real_breast_cancer_misaligned,box,6000,0.05,1.0,estimated_residual_lowp_supported,cui_selective_ml,estimated,xgboost,xgboost,if_residual,1.0,0.0|0.25|0.5|1.0,aipw_variance,-1.0,1.0,obsval,4.0,0.1,30,0.1,crossfit_rank_empty_standdown,1.0,4,50,4,2408.156866987236,-0.04233436699491544,-0.0068795392862883165,-0.036682999009826224,0.035454827708627124,0.0005283382648095221,-0.0004725880786776342,0.15939628959793495,nan,1.0,if_residual,nan,nan,nan,nan,nan,gradient_boosting,lasso,0.0014927567549401467,nan,nan,nan,nan,nan,nan,nan,0.1,0.24733333333333332,0.9516666666666667,0.38477088948787064,79,307,0.13166666666666665,0.2068733153638814,-0.026375414519682578,-0.02180168642585559,0.004573728093826987,-0.04008679996937383,-0.029098429066723507,0.010988370902650323,1.776738437398674,1.427199514810225,1.2523843506780616,1.0607022640103412
m01-j0234,manifest.tsv,dml2_real_real_breast_cancer_misaligned_cui_selective_ml_n6000_s1_chunk17.reps.csv,real_breast_cancer_misaligned,box,6000,0.05,1.0,estimated_residual_lowp_supported,cui_selective_ml,estimated,xgboost,xgboost,if_residual,1.0,0.0|0.25|0.5|1.0,aipw_variance,-1.0,1.0,obsval,4.0,0.1,30,0.1,crossfit_rank_empty_standdown,1.0,4,50,1,602.9126228354871,0.03994655844300443,0.03994655844300443,0.03994655844300443,0.0,0.00015113634012553306,-8.91039536210904e-06,0.0,nan,0.0,reference,nan,nan,nan,nan,nan,logistic_l1,random_forest,0.005634333738281028,nan,nan,nan,nan,nan,nan,nan,0.1,0.25033333333333335,0.9666666666666667,0.38615179760319573,63,269,0.105,0.17909454061251665,-0.08252535914806125,-0.08252535914806125,0.0,-0.08612955414829389,-0.08612955414829389,0.0,1.4437607942748125,1.4437607942748125,1.0672003497525258,1.0672003497525258
m01-j0234,manifest.tsv,dml2_real_real_breast_cancer_misaligned_cui_selective_ml_n6000_s1_chunk17.reps.csv,real_breast_cancer_misaligned,box,6000,0.05,1.0,estimated_residual_lowp_supported,cui_selective_ml,estimated,xgboost,xgboost,if_residual,1.0,0.0|0.25|0.5|1.0,aipw_variance,-1.0,1.0,obsval,4.0,0.1,30,0.1,crossfit_rank_empty_standdown,1.0,4,50,2,1196.4181348271668,0.0151203231366841,0.021190776834100644,0.0151203231366841,0.006070453697416545,0.00025251124178288296,-0.00022420469191366502,0.0,nan,0.5,if_residual,nan,nan,nan,nan,nan,logistic_l1,random_forest,0.0011321233824774337,nan,nan,nan,nan,nan,nan,nan,0.0,0.246,nan,0.0,0,256,nan,0.17344173441734417,0.0,0.0,0.0,-0.01979897716604848,-0.01321358208396551,0.00658539508208297,nan,nan,1.1543206399427182,1.056644058031232
m01-j0234,manifest.tsv,dml2_real_real_breast_cancer_misaligned_cui_selective_ml_n6000_s1_chunk17.reps.csv,real_breast_cancer_misaligned,box,6000,0.05,1.0,estimated_residual_lowp_supported,cui_selective_ml,estimated,xgboost,xgboost,if_residual,1.0,0.0|0.25|0.5|1.0,aipw_variance,-1.0,1.0,obsval,4.0,0.1,30,0.1,crossfit_rank_empty_standdown,1.0,4,50,3,1800.5791347958148,-0.06065064860614544,-0.06065064860614544,-0.06065064860614544,0.0,0.00036934404278732205,-0.0003348199800235998,0.0,nan,0.0,reference,nan,nan,nan,nan,nan,gradient_boosting,random_forest,0.00035768284629879093,nan,nan,nan,nan,nan,nan,nan,0.1,0.238,0.9783333333333334,0.4110644257703081,47,261,0.07833333333333334,0.18277310924369747,0.011070752070331745,0.011070752070331745,0.0,0.002668356997653149,0.002668356997653149,0.0,1.7143319448476728,1.7143319448476728,1.226021847062475,1.226021847062475
m01-j0234,manifest.tsv,dml2_real_real_breast_cancer_misaligned_cui_selective_ml_n6000_s1_chunk17.reps.csv,real_breast_cancer_misaligned,box,6000,0.05,1.0,estimated_residual_lowp_supported,cui_selective_ml,estimated,xgboost,xgboost,if_residual,1.0,0.0|0.25|0.5|1.0,aipw_variance,-1.0,1.0,obsval,4.0,0.1,30,0.1,crossfit_rank_empty_standdown,1.0,4,50,4,2397.1219696598127,-0.06591732676767859,-0.06591732676767859,-0.06591732676767859,0.0,0.0003788766020854364,-0.0003634762645752395,0.0,nan,0.0,reference,nan,nan,nan,nan,nan,gradient_boosting,gradient_boosting,0.020755040010323137,nan,nan,nan,nan,nan,nan,nan,0.0,0.24166666666666667,nan,0.0,0,270,nan,0.18620689655172415,0.0,0.0,0.0,-0.02562629132846285,-0.02562629132846285,0.0,nan,nan,1.0830787376617947,1.0830787376617947
m01-j0235,manifest.tsv,dml2_real_real_breast_cancer_misaligned_cui_selective_ml_n6000_s1_chunk18.reps.csv,real_breast_cancer_misaligned,box,6000,0.05,1.0,estimated_residual_lowp_supported,cui_selective_ml,estimated,xgboost,xgboost,if_residual,1.0,0.0|0.25|0.5|1.0,aipw_variance,-1.0,1.0,obsval,4.0,0.1,30,0.1,crossfit_rank_empty_standdown,1.0,4,50,1,616.778145509772,-0.07214619777635439,-0.07522679845945413,-0.07214619777635439,-0.0030806006830997323,0.0001538001360247938,-5.798234258309182e-05,0.0,nan,0.5,if_residual,nan,nan,nan,nan,nan,gradient_boosting,lasso,0.008804344827809292,nan,nan,nan,nan,nan,nan,nan,0.1,0.24566666666666667,0.9333333333333333,0.37991858887381275,74,286,0.12333333333333334,0.19402985074626866,-0.03059167052262002,-0.027407668586641353,0.0031840019359786684,-0.04774978388759943,-0.04066865552870584,0.0070811283588935875,1.743480971814023,1.6408153642339722,1.282522256373175,1.1974917051547584
m01-j0235,manifest.tsv,dml2_real_real_breast_cancer_misaligned_cui_selective_ml_n6000_s1_chunk18.reps.csv,real_breast_cancer_misaligned,box,6000,0.05,1.0,estimated_residual_lowp_supported,cui_selective_ml,estimated,xgboost,xgboost,if_residual,1.0,0.0|0.25|0.5|1.0,aipw_variance,-1.0,1.0,obsval,4.0,0.1,30,0.1,crossfit_rank_empty_standdown,1.0,4,50,2,1227.2225266648456,0.0684645586512016,0.0684645586512016,0.0684645586512016,0.0,0.0004252687912021317,-0.0001708302355255927,0.0,nan,0.0,reference,nan,nan,nan,nan,nan,gradient_boosting,gradient_boosting,0.03566699964132525,nan,nan,nan,nan,nan,nan,nan,0.0,0.2445,nan,0.0,0,244,nan,0.1663258350374915,0.0,0.0,0.0,-0.020897796101498656,-0.020897796101498656,0.0,nan,nan,0.9864191060208225,0.9864191060208225
m01-j0235,manifest.tsv,dml2_real_real_breast_cancer_misaligned_cui_selective_ml_n6000_s1_chunk18.reps.csv,real_breast_cancer_misaligned,box,6000,0.05,1.0,estimated_residual_lowp_supported,cui_selective_ml,estimated,xgboost,xgboost,if_residual,1.0,0.0|0.25|0.5|1.0,aipw_variance,-1.0,1.0,obsval,4.0,0.1,30,0.1,crossfit_rank_empty_standdown,1.0,4,50,3,1826.1888555800542,-0.05600611430153918,-0.04976431177626811,-0.05600611430153918,0.006241802525271067,0.0004731272323644782,-0.00025735322336334246,0.0,nan,0.5,if_residual,nan,nan,nan,nan,nan,gradient_boosting,lasso,0.004135437997110249,nan,nan,nan,nan,nan,nan,nan,0.0,0.24283333333333335,nan,0.0,0,258,nan,0.17707618393960192,0.0,0.0,0.0,-0.002587866863754468,0.001274159789815986,0.001313707073938482,nan,nan,1.3095075151766435,1.1678027685205319
m01-j0235,manifest.tsv,dml2_real_real_breast_cancer_misaligned_cui_selective_ml_n6000_s1_chunk18.reps.csv,real_breast_cancer_misaligned,box,6000,0.05,1.0,estimated_residual_lowp_supported,cui_selective_ml,estimated,xgboost,xgboost,if_residual,1.0,0.0|0.25|0.5|1.0,aipw_variance,-1.0,1.0,obsval,4.0,0.1,30,0.1,crossfit_rank_empty_standdown,1.0,4,50,4,2421.8563408041373,0.026018290561636515,0.026018290561636515,0.026018290561636515,0.0,0.0010036022990555383,-0.000895793787853125,0.0,nan,0.0,reference,nan,nan,nan,nan,nan,gradient_boosting,gradient_boosting,0.005277402718789601,nan,nan,nan,nan,nan,nan,nan,0.1,0.24566666666666667,0.9566666666666667,0.3894165535956581,70,269,0.11666666666666667,0.1824966078697422,-0.013769253973055624,-0.013769253973055624,0.0,-0.024603042346817025,-0.024603042346817025,0.0,1.1936489578920197,1.1936489578920197,0.928846280991921,0.928846280991921
m01-j0236,manifest.tsv,dml2_real_real_breast_cancer_misaligned_cui_selective_ml_n6000_s1_chunk19.reps.csv,real_breast_cancer_misaligned,box,6000,0.05,1.0,estimated_residual_lowp_supported,cui_selective_ml,estimated,xgboost,xgboost,if_residual,1.0,0.0|0.25|0.5|1.0,aipw_variance,-1.0,1.0,obsval,4.0,0.1,30,0.1,crossfit_rank_empty_standdown,1.0,4,50,1,599.7684093751013,-0.08778192080318042,-0.058361779573171735,-0.08778192080318042,0.02942014123000869,0.00043447266994490184,-0.00027882295467879703,0.0,nan,1.0,if_residual,nan,nan,nan,nan,nan,logistic_l1,lasso,0.0028131227825229426,nan,nan,nan,nan,nan,nan,nan,0.075,0.24316666666666667,0.9777777777777777,0.3015764222069911,32,244,0.07111111111111111,0.16723783413296778,-0.025591362972479145,-0.005554574849495405,0.02003678812298374,-0.03130604245095836,0.018087030216077372,0.013219012234880988,1.5048173676754224,1.0860853362174852,1.3008226289060518,1.0782522864729578
m01-j0236,manifest.tsv,dml2_real_real_breast_cancer_misaligned_cui_selective_ml_n6000_s1_chunk19.reps.csv,real_breast_cancer_misaligned,box,6000,0.05,1.0,estimated_residual_lowp_supported,cui_selective_ml,estimated,xgboost,xgboost,if_residual,1.0,0.0|0.25|0.5|1.0,aipw_variance,-1.0,1.0,obsval,4.0,0.1,30,0.1,crossfit_rank_empty_standdown,1.0,4,50,2,1195.0834665028378,-0.0005084065749711431,-0.0005084065749711431,-0.0005084065749711431,0.0,0.0005055805709858815,-0.0003514335822541908,0.0,nan,0.0,reference,nan,nan,nan,nan,nan,gradient_boosting,gradient_boosting,0.0018100272057475322,nan,nan,nan,nan,nan,nan,nan,0.1,0.24733333333333332,0.975,0.3942048517520216,62,266,0.10333333333333333,0.1792452830188679,-0.01042780264295215,-0.01042780264295215,0.0,-0.022588348838280172,-0.022588348838280172,0.0,1.4387206358503444,1.4387206358503444,1.0485922324660246,1.0485922324660246
m01-j0236,manifest.tsv,dml2_real_real_breast_cancer_misaligned_cui_selective_ml_n6000_s1_chunk19.reps.csv,real_breast_cancer_misaligned,box,6000,0.05,1.0,estimated_residual_lowp_supported,cui_selective_ml,estimated,xgboost,xgboost,if_residual,1.0,0.0|0.25|0.5|1.0,aipw_variance,-1.0,1.0,obsval,4.0,0.1,30,0.1,crossfit_rank_empty_standdown,1.0,4,50,3,1787.8833300499246,-0.0025522384062208747,-0.0025522384062208747,-0.0025522384062208747,0.0,0.0004407784940472187,-0.0004736171124180373,0.0,nan,0.0,reference,nan,nan,nan,nan,nan,gradient_boosting,gradient_boosting,0.007241665013836932,nan,nan,nan,nan,nan,nan,nan,0.1,0.24283333333333335,0.96,0.3953328757721345,62,246,0.10333333333333333,0.16884008236101578,-0.008473371453843356,-0.008473371453843356,0.0,-0.01314919555268088,-0.01314919555268088,0.0,1.3599140708949837,1.3599140708949837,1.0237827631414889,1.0237827631414889
m01-j0236,manifest.tsv,dml2_real_real_breast_cancer_misaligned_cui_selective_ml_n6000_s1_chunk19.reps.csv,real_breast_cancer_misaligned,box,6000,0.05,1.0,estimated_residual_lowp_supported,cui_selective_ml,estimated,xgboost,xgboost,if_residual,1.0,0.0|0.25|0.5|1.0,aipw_variance,-1.0,1.0,obsval,4.0,0.1,30,0.1,crossfit_rank_empty_standdown,1.0,4,50,4,2386.6387940235436,-0.10485290388355933,-0.10485290388355933,-0.10485290388355933,0.0,0.00043507115966950807,-0.0004159221160406168,0.0,nan,0.0,reference,nan,nan,nan,nan,nan,logistic_l1,lasso,0.0048129798421132994,nan,nan,nan,nan,nan,nan,nan,0.0,0.248,nan,0.0,0,287,nan,0.1928763440860215,0.0,0.0,0.0,-0.005133201244647831,-0.005133201244647831,0.0,nan,nan,1.2347083995929555,1.2347083995929555
m01-j0237,manifest.tsv,dml2_real_real_breast_cancer_misaligned_cui_selective_ml_n6000_s1_chunk20.reps.csv,real_breast_cancer_misaligned,box,6000,0.05,1.0,estimated_residual_lowp_supported,cui_selective_ml,estimated,xgboost,xgboost,if_residual,1.0,0.0|0.25|0.5|1.0,aipw_variance,-1.0,1.0,obsval,4.0,0.1,30,0.1,crossfit_rank_empty_standdown,1.0,4,50,1,603.1692474354059,-0.023820279044118264,-0.01570314813996526,-0.023820279044118264,0.008117130904153003,0.0003222797595057881,-0.0003291584209046609,0.0,nan,0.25,if_residual,nan,nan,nan,nan,nan,gradient_boosting,lasso,0.003656584921091106,nan,nan,nan,nan,nan,nan,nan,0.0,0.24333333333333335,nan,0.0,0,276,nan,0.18904109589041096,0.0,0.0,0.0,-0.03153909510050199,-0.031091134067366483,0.0004479610331355084,nan,nan,1.2501950756594562,1.1040159200904789
m01-j0237,manifest.tsv,dml2_real_real_breast_cancer_misaligned_cui_selective_ml_n6000_s1_chunk20.reps.csv,real_breast_cancer_misaligned,box,6000,0.05,1.0,estimated_residual_lowp_supported,cui_selective_ml,estimated,xgboost,xgboost,if_residual,1.0,0.0|0.25|0.5|1.0,aipw_variance,-1.0,1.0,obsval,4.0,0.1,30,0.1,crossfit_rank_empty_standdown,1.0,4,50,2,1199.9120673853904,0.0028614841603325503,0.0028614841603325503,0.0028614841603325503,0.0,0.0007193394922667623,-0.0007772313226283045,0.0,nan,0.0,reference,nan,nan,nan,nan,nan,gradient_boosting,random_forest,0.002336743173319658,nan,nan,nan,nan,nan,nan,nan,0.0,0.243,nan,0.0,0,270,nan,0.18518518518518517,0.0,0.0,0.0,-0.012243813417082507,-0.012243813417082507,0.0,nan,nan,1.1826737002723453,1.1826737002723453
m01-j0237,manifest.tsv,dml2_real_real_breast_cancer_misaligned_cui_selective_ml_n6000_s1_chunk20.reps.csv,real_breast_cancer_misaligned,box,6000,0.05,1.0,estimated_residual_lowp_supported,cui_selective_ml,estimated,xgboost,xgboost,if_residual,1.0,0.0|0.25|0.5|1.0,aipw_variance,-1.0,1.0,obsval,4.0,0.1,30,0.1,crossfit_rank_empty_standdown,1.0,4,50,3,1797.8213312737644,0.07801487945805974,0.07801487945805974,0.07801487945805974,0.0,0.0002268853386280681,-0.00017805936873153223,0.0,nan,0.0,reference,nan,nan,nan,nan,nan,logistic_l1,random_forest,0.013689210110040134,nan,nan,nan,nan,nan,nan,nan,0.1,0.2475,0.98,0.39595959595959596,58,261,0.09666666666666666,0.17575757575757575,-0.08797513385404739,-0.08797513385404739,0.0,-0.09160334235078642,-0.09160334235078642,0.0,1.5860222558207784,1.5860222558207784,1.164226132824737,1.164226132824737
m01-j0237,manifest.tsv,dml2_real_real_breast_cancer_misaligned_cui_selective_ml_n6000_s1_chunk20.reps.csv,real_breast_cancer_misaligned,box,6000,0.05,1.0,estimated_residual_lowp_supported,cui_selective_ml,estimated,xgboost,xgboost,if_residual,1.0,0.0|0.25|0.5|1.0,aipw_variance,-1.0,1.0,obsval,4.0,0.1,30,0.1,crossfit_rank_empty_standdown,1.0,4,50,4,2379.843773650937,-0.0589855798303246,-0.0589855798303246,-0.0589855798303246,0.0,0.0008212824582564825,-0.000616565519160722,0.0,nan,0.0,reference,nan,nan,nan,nan,nan,gradient_boosting,random_forest,0.07361182671581831,nan,nan,nan,nan,nan,nan,nan,0.075,0.24616666666666667,0.9511111111111111,0.2897765741367637,45,260,0.1,0.17603249830737983,-0.002867106948037714,-0.002867106948037714,0.0,-0.0023601332797111947,-0.0023601332797111947,0.0,1.5447033176480407,1.5447033176480407,1.13801910184854,1.13801910184854
m01-j0238,manifest.tsv,dml2_real_real_breast_cancer_misaligned_cui_selective_ml_n6000_s1_chunk21.reps.csv,real_breast_cancer_misaligned,box,6000,0.05,1.0,estimated_residual_lowp_supported,cui_selective_ml,estimated,xgboost,xgboost,if_residual,1.0,0.0|0.25|0.5|1.0,aipw_variance,-1.0,1.0,obsval,4.0,0.1,30,0.1,crossfit_rank_empty_standdown,1.0,4,50,1,603.534287831746,-0.022863057421070476,-0.028112147285379807,-0.022863057421070476,-0.005249089864309331,0.0004690508596592374,-0.0003534504863591478,0.0,nan,0.25,if_residual,nan,nan,nan,nan,nan,gradient_boosting,lasso,0.02053015827872002,nan,nan,nan,nan,nan,nan,nan,0.1,0.2475,0.97,0.39191919191919194,54,277,0.09,0.18653198653198652,-0.01695456878947774,-0.014668751485795445,0.0022858173036822953,-0.033227637180636115,-0.030741353960576628,0.002486283220059487,1.6084904820342683,1.4816916354003051,1.2244718002194317,1.1178766406312888
m01-j0238,manifest.tsv,dml2_real_real_breast_cancer_misaligned_cui_selective_ml_n6000_s1_chunk21.reps.csv,real_breast_cancer_misaligned,box,6000,0.05,1.0,estimated_residual_lowp_supported,cui_selective_ml,estimated,xgboost,xgboost,if_residual,1.0,0.0|0.25|0.5|1.0,aipw_variance,-1.0,1.0,obsval,4.0,0.1,30,0.1,crossfit_rank_empty_standdown,1.0,4,50,2,1229.9151165504009,-0.06264191474502956,-0.06264191474502956,-0.06264191474502956,0.0,0.00017249124162892053,-8.52125186009728e-05,0.0,nan,0.0,reference,nan,nan,nan,nan,nan,random_forest,lasso,0.019622997920971226,nan,nan,nan,nan,nan,nan,nan,0.0,0.2425,nan,0.0,0,270,nan,0.18556701030927836,0.0,0.0,0.0,-0.043216391761985544,-0.043216391761985544,0.0,nan,nan,1.1611574050531974,1.1611574050531974
m01-j0238,manifest.tsv,dml2_real_real_breast_cancer_misaligned_cui_selective_ml_n6000_s1_chunk21.reps.csv,real_breast_cancer_misaligned,box,6000,0.05,1.0,estimated_residual_lowp_supported,cui_selective_ml,estimated,xgboost,xgboost,if_residual,1.0,0.0|0.25|0.5|1.0,aipw_variance,-1.0,1.0,obsval,4.0,0.1,30,0.1,crossfit_rank_empty_standdown,1.0,4,50,3,1827.6662793457508,0.00964783230455607,0.018471571963077082,0.00964783230455607,0.008823739658521013,0.0004778373724934361,-0.00044446808298009475,0.0,nan,0.5,if_residual,nan,nan,nan,nan,nan,random_forest,random_forest,0.0059967006624899455,nan,nan,nan,nan,nan,nan,nan,0.1,0.2435,0.9533333333333334,0.3915126625598905,65,252,0.10833333333333334,0.17248459958932238,-0.01604024864035484,-0.00942455863570849,0.006615690004646348,-0.02559873723466004,-0.017017852990686783,0.008580884243973259,1.5265562836441926,1.376130352513373,1.1013694120676847,1.0063558899123015
m01-j0238,manifest.tsv,dml2_real_real_breast_cancer_misaligned_cui_selective_ml_n6000_s1_chunk21.reps.csv,real_breast_cancer_misaligned,box,6000,0.05,1.0,estimated_residual_lowp_supported,cui_selective_ml,estimated,xgboost,xgboost,if_residual,1.0,0.0|0.25|0.5|1.0,aipw_variance,-1.0,1.0,obsval,4.0,0.1,30,0.1,crossfit_rank_empty_standdown,1.0,4,50,4,2409.4835318429396,-0.025572134299851224,-0.025572134299851224,-0.025572134299851224,0.0,0.00033043400846794,-0.00026887953045930915,0.0,nan,0.0,reference,nan,nan,nan,nan,nan,gradient_boosting,gradient_boosting,0.002831659825786327,nan,nan,nan,nan,nan,nan,nan,0.0,0.24233333333333335,nan,0.0,0,246,nan,0.16918844566712518,0.0,0.0,0.0,-0.0163469313281326,-0.0163469313281326,0.0,nan,nan,1.1553702836268076,1.1553702836268076
m01-j0239,manifest.tsv,dml2_real_real_breast_cancer_misaligned_cui_selective_ml_n6000_s1_chunk22.reps.csv,real_breast_cancer_misaligned,box,6000,0.05,1.0,estimated_residual_lowp_supported,cui_selective_ml,estimated,xgboost,xgboost,if_residual,1.0,0.0|0.25|0.5|1.0,aipw_variance,-1.0,1.0,obsval,4.0,0.1,30,0.1,crossfit_rank_empty_standdown,1.0,4,50,1,602.8736308515072,-0.08918652000651994,-0.08918652000651994,-0.08918652000651994,0.0,0.0008912213614700776,-0.00038010611439231144,0.0,nan,0.0,reference,nan,nan,nan,nan,nan,gradient_boosting,lasso,0.027282403133081813,nan,nan,nan,nan,nan,nan,nan,0.075,0.248,0.9711111111111111,0.29368279569892475,44,280,0.09777777777777778,0.1881720430107527,-0.02766787983608027,-0.02766787983608027,0.0,-0.04225351476429098,-0.04225351476429098,0.0,1.8082024687209917,1.8082024687209917,1.210067218213423,1.210067218213423
m01-j0239,manifest.tsv,dml2_real_real_breast_cancer_misaligned_cui_selective_ml_n6000_s1_chunk22.reps.csv,real_breast_cancer_misaligned,box,6000,0.05,1.0,estimated_residual_lowp_supported,cui_selective_ml,estimated,xgboost,xgboost,if_residual,1.0,0.0|0.25|0.5|1.0,aipw_variance,-1.0,1.0,obsval,4.0,0.1,30,0.1,crossfit_rank_empty_standdown,1.0,4,50,2,1213.6328548826277,-0.038428826594403886,-0.019541911774225595,-0.038428826594403886,0.01888691482017829,0.00035956499345773376,-4.015485973171652e-06,0.0,nan,0.5,if_residual,nan,nan,nan,nan,nan,gradient_boosting,lasso,0.01378190920916823,nan,nan,nan,nan,nan,nan,nan,0.05,0.247,0.9866666666666667,0.19973009446693657,35,307,0.11666666666666667,0.20715249662618085,-0.020325169729216233,-0.014823848496397967,0.005501321232818266,-0.03992431542180048,-0.02947346191128535,0.01045085351051513,1.9746203978287484,1.6475088506818165,1.225422496155734,1.0648724644435303
m01-j0239,manifest.tsv,dml2_real_real_breast_cancer_misaligned_cui_selective_ml_n6000_s1_chunk22.reps.csv,real_breast_cancer_misaligned,box,6000,0.05,1.0,estimated_residual_lowp_supported,cui_selective_ml,estimated,xgboost,xgboost,if_residual,1.0,0.0|0.25|0.5|1.0,aipw_variance,-1.0,1.0,obsval,4.0,0.1,30,0.1,crossfit_rank_empty_standdown,1.0,4,50,3,1813.348617366515,-0.09449142881223982,-0.09449142881223982,-0.09449142881223982,0.0,0.00024624025824482526,-8.86893186306996e-05,0.0,nan,0.0,reference,nan,nan,nan,nan,nan,gradient_boosting,lasso,0.015158286650461322,nan,nan,nan,nan,nan,nan,nan,0.075,0.249,0.9577777777777777,0.28848728246318606,46,312,0.10222222222222223,0.20883534136546184,-0.0218098004336236,-0.0218098004336236,0.0,-0.036471729058626605,-0.036471729058626605,0.0,1.9755744387064111,1.9755744387064111,1.2676565234813575,1.2676565234813575
m01-j0239,manifest.tsv,dml2_real_real_breast_cancer_misaligned_cui_selective_ml_n6000_s1_chunk22.reps.csv,real_breast_cancer_misaligned,box,6000,0.05,1.0,estimated_residual_lowp_supported,cui_selective_ml,estimated,xgboost,xgboost,if_residual,1.0,0.0|0.25|0.5|1.0,aipw_variance,-1.0,1.0,obsval,4.0,0.1,30,0.1,crossfit_rank_empty_standdown,1.0,4,50,4,2401.2921961694956,-0.00755350014745404,0.0063982419282919145,-0.00755350014745404,0.013951742075745954,0.0005177214574972153,-0.0003252094328982728,0.0,nan,1.0,if_residual,nan,nan,nan,nan,nan,random_forest,lasso,0.05758246749406897,nan,nan,nan,nan,nan,nan,nan,0.0,0.24383333333333335,nan,0.0,0,242,nan,0.16541353383458646,0.0,0.0,0.0,-0.035589419843573604,-0.0159354209225602,0.019653998921013403,nan,nan,1.1931593872889192,1.0805204861427502
m01-j0240,manifest.tsv,dml2_real_real_breast_cancer_misaligned_cui_selective_ml_n6000_s1_chunk23.reps.csv,real_breast_cancer_misaligned,box,6000,0.05,1.0,estimated_residual_lowp_supported,cui_selective_ml,estimated,xgboost,xgboost,if_residual,1.0,0.0|0.25|0.5|1.0,aipw_variance,-1.0,1.0,obsval,4.0,0.1,30,0.1,crossfit_rank_empty_standdown,1.0,4,50,1,608.2638315632939,-0.021816377883059124,-0.021816377883059124,-0.021816377883059124,0.0,0.0005289088661642473,-0.00015899731817383528,0.0,nan,0.0,reference,nan,nan,nan,nan,nan,gradient_boosting,lasso,0.008651222251939407,nan,nan,nan,nan,nan,nan,nan,0.075,0.25033333333333335,0.9622222222222222,0.28828229027962715,39,283,0.08666666666666667,0.18841544607190414,-0.015870418815097327,-0.015870418815097327,0.0,-0.03796265736515359,-0.03796265736515359,0.0,1.7235479250347425,1.7235479250347425,1.206609529151888,1.206609529151888
m01-j0240,manifest.tsv,dml2_real_real_breast_cancer_misaligned_cui_selective_ml_n6000_s1_chunk23.reps.csv,real_breast_cancer_misaligned,box,6000,0.05,1.0,estimated_residual_lowp_supported,cui_selective_ml,estimated,xgboost,xgboost,if_residual,1.0,0.0|0.25|0.5|1.0,aipw_variance,-1.0,1.0,obsval,4.0,0.1,30,0.1,crossfit_rank_empty_standdown,1.0,4,50,2,1205.0388739043847,0.007217012469075912,0.007217012469075912,0.007217012469075912,0.0,0.0007233551381928575,-0.0007678492349313523,0.0,nan,0.0,reference,nan,nan,nan,nan,nan,random_forest,random_forest,0.002142187430552172,nan,nan,nan,nan,nan,nan,nan,0.1,0.24833333333333332,0.965,0.38859060402684564,55,263,0.09166666666666666,0.17651006711409395,-0.02615360152490342,-0.02615360152490342,0.0,-0.037182208576031314,-0.037182208576031314,0.0,1.591225749708503,1.591225749708503,1.1581347970740712,1.1581347970740712
m01-j0240,manifest.tsv,dml2_real_real_breast_cancer_misaligned_cui_selective_ml_n6000_s1_chunk23.reps.csv,real_breast_cancer_misaligned,box,6000,0.05,1.0,estimated_residual_lowp_supported,cui_selective_ml,estimated,xgboost,xgboost,if_residual,1.0,0.0|0.25|0.5|1.0,aipw_variance,-1.0,1.0,obsval,4.0,0.1,30,0.1,crossfit_rank_empty_standdown,1.0,4,50,3,1804.678558472544,-0.00988116586370158,-0.01614241788086801,-0.00988116586370158,-0.00626125201716643,0.0006996359888328638,-0.0004982241091707718,0.0,nan,0.5,if_residual,nan,nan,nan,nan,nan,gradient_boosting,random_forest,0.024600589987727448,nan,nan,nan,nan,nan,nan,nan,0.075,0.2535,0.9688888888888889,0.2866535174227482,46,288,0.10222222222222223,0.1893491124260355,-0.020221543865635638,-0.014218786944752395,0.006002756920883243,-0.03130770425152276,-0.024147365084999418,0.007160339166523342,1.561777248248538,1.2442851032370779,1.0638590923065276,0.8846933043759181
m01-j0240,manifest.tsv,dml2_real_real_breast_cancer_misaligned_cui_selective_ml_n6000_s1_chunk23.reps.csv,real_breast_cancer_misaligned,box,6000,0.05,1.0,estimated_residual_lowp_supported,cui_selective_ml,estimated,xgboost,xgboost,if_residual,1.0,0.0|0.25|0.5|1.0,aipw_variance,-1.0,1.0,obsval,4.0,0.1,30,0.1,crossfit_rank_empty_standdown,1.0,4,50,4,2394.8047319119796,-0.007445761754984737,-0.007445761754984737,-0.007445761754984737,0.0,0.00013955640552800169,-0.00012740989649922814,0.0,nan,0.0,reference,nan,nan,nan,nan,nan,gradient_boosting,random_forest,0.06489767595260092,nan,nan,nan,nan,nan,nan,nan,0.1,0.2465,0.94,0.3813387423935091,79,273,0.13166666666666665,0.1845841784989858,-0.017876047657395533,-0.017876047657395533,0.0,-0.03559040143747033,-0.03559040143747033,0.0,1.3684415985436507,1.3684415985436507,1.107954389345419,1.107954389345419
m01-j0241,manifest.tsv,dml2_real_real_breast_cancer_misaligned_ctmle_n6000_s2_chunk00.reps.csv,real_breast_cancer_misaligned,box,6000,0.05,2.0,estimated_residual_lowp_supported,ctmle,estimated,xgboost,xgboost,if_residual,1.0,0.0|0.25|0.5|1.0,aipw_variance,-1.0,1.0,obsval,4.0,0.1,30,0.1,crossfit_rank_empty_standdown,1.0,4,50,1,465.65889676846564,-0.10317710068384967,-0.10317710068384967,-0.10317710068384967,0.0,0.00014423688480243039,8.115975035888389e-05,0.0,0.5,0.0,reference,1.5395092608135503e-17,0.0,nan,nan,nan,,,nan,nan,nan,nan,nan,nan,nan,nan,0.1,0.248,0.9733333333333334,0.3924731182795699,48,239,0.08,0.16061827956989247,-0.08969030135839519,-0.08969030135839519,0.0,-0.12366689399804089,-0.12366689399804089,0.0,2.820492375654924,2.820492375654924,2.048363562565537,2.048363562565537
m01-j0241,manifest.tsv,dml2_real_real_breast_cancer_misaligned_ctmle_n6000_s2_chunk00.reps.csv,real_breast_cancer_misaligned,box,6000,0.05,2.0,estimated_residual_lowp_supported,ctmle,estimated,xgboost,xgboost,if_residual,1.0,0.0|0.25|0.5|1.0,aipw_variance,-1.0,1.0,obsval,4.0,0.1,30,0.1,crossfit_rank_empty_standdown,1.0,4,50,2,934.6818957179785,-0.031263839696278106,-0.031263839696278106,-0.031263839696278106,0.0,0.00024239390062949897,-0.00022644890339842245,0.0,0.5,0.0,reference,2.3684757858670005e-18,-1.1102230246251565e-16,nan,nan,nan,,,nan,nan,nan,nan,nan,nan,nan,nan,0.075,0.246,0.9377777777777778,0.2859078590785908,49,277,0.10888888888888888,0.18766937669376693,-0.006021103132118725,-0.006021103132118725,0.0,-0.046071240425449606,-0.046071240425449606,0.0,2.0689012926251555,2.0689012926251555,1.5512953358411836,1.5512953358411836
m01-j0241,manifest.tsv,dml2_real_real_breast_cancer_misaligned_ctmle_n6000_s2_chunk00.reps.csv,real_breast_cancer_misaligned,box,6000,0.05,2.0,estimated_residual_lowp_supported,ctmle,estimated,xgboost,xgboost,if_residual,1.0,0.0|0.25|0.5|1.0,aipw_variance,-1.0,1.0,obsval,4.0,0.1,30,0.1,crossfit_rank_empty_standdown,1.0,4,50,3,1410.1641156794503,-0.10088552975640541,-0.10088552975640541,-0.10088552975640541,0.0,0.00015482793561835272,-9.66857370084779e-05,0.0,0.5,0.0,reference,4.736951571734001e-18,0.0,nan,nan,nan,,,nan,nan,nan,nan,nan,nan,nan,nan,0.075,0.248,0.9622222222222222,0.290994623655914,40,275,0.08888888888888889,0.18481182795698925,-0.07025060410289935,-0.07025060410289935,0.0,-0.10972442090876108,-0.10972442090876108,0.0,3.0634658689282785,3.0634658689282785,2.034415584779553,2.034415584779553
m01-j0241,manifest.tsv,dml2_real_real_breast_cancer_misaligned_ctmle_n6000_s2_chunk00.reps.csv,real_breast_cancer_misaligned,box,6000,0.05,2.0,estimated_residual_lowp_supported,ctmle,estimated,xgboost,xgboost,if_residual,1.0,0.0|0.25|0.5|1.0,aipw_variance,-1.0,1.0,obsval,4.0,0.1,30,0.1,crossfit_rank_empty_standdown,1.0,4,50,4,1879.7446191888303,-0.05964573411345009,-0.05964573411345009,-0.05964573411345009,0.0,0.00037925263567767115,7.106853058841595e-05,0.0,0.5,0.0,reference,4.1448326252672514e-18,-1.1102230246251565e-16,nan,nan,nan,,,nan,nan,nan,nan,nan,nan,nan,nan,0.1,0.24383333333333335,0.9716666666666667,0.39849624060150374,57,287,0.095,0.19617224880382775,-0.05728545989487923,-0.05728545989487923,0.0,-0.06760480084250542,-0.06760480084250542,0.0,2.4276650610233994,2.4276650610233994,1.7304725380496717,1.7304725380496717
m01-j0242,manifest.tsv,dml2_real_real_breast_cancer_misaligned_ctmle_n6000_s2_chunk01.reps.csv,real_breast_cancer_misaligned,box,6000,0.05,2.0,estimated_residual_lowp_supported,ctmle,estimated,xgboost,xgboost,if_residual,1.0,0.0|0.25|0.5|1.0,aipw_variance,-1.0,1.0,obsval,4.0,0.1,30,0.1,crossfit_rank_empty_standdown,1.0,4,50,1,479.0888389311731,-0.16395011209797894,-0.16395011209797894,-0.16395011209797894,0.0,0.00011276298615775569,-0.0001155192656737417,0.0,0.5,0.0,reference,1.0066022089934753e-17,0.0,nan,nan,nan,,,nan,nan,nan,nan,nan,nan,nan,nan,0.1,0.24483333333333332,0.97,0.3961878829135466,55,289,0.09166666666666666,0.19673247106875424,-0.12763740155517928,-0.12763740155517928,0.0,-0.15362017768816588,-0.15362017768816588,0.0,3.2701633062109177,3.2701633062109177,2.2460631711182244,2.2460631711182244
m01-j0242,manifest.tsv,dml2_real_real_breast_cancer_misaligned_ctmle_n6000_s2_chunk01.reps.csv,real_breast_cancer_misaligned,box,6000,0.05,2.0,estimated_residual_lowp_supported,ctmle,estimated,xgboost,xgboost,if_residual,1.0,0.0|0.25|0.5|1.0,aipw_variance,-1.0,1.0,obsval,4.0,0.1,30,0.1,crossfit_rank_empty_standdown,1.0,4,50,2,951.7081093974411,-0.1225201682346666,-0.1225201682346666,-0.1225201682346666,0.0,9.285544724432792e-05,3.9978868015197564e-05,0.0,0.5,0.0,reference,-9.473903143468002e-18,-1.1102230246251565e-16,nan,nan,nan,,,nan,nan,nan,nan,nan,nan,nan,nan,0.1,0.24066666666666667,0.9783333333333334,0.40650969529085873,50,259,0.08333333333333333,0.1793628808864266,-0.11903093042703587,-0.11903093042703587,0.0,-0.14286651561133037,-0.14286651561133037,0.0,3.3228654872488845,3.3228654872488845,2.279392743776708,2.279392743776708
m01-j0242,manifest.tsv,dml2_real_real_breast_cancer_misaligned_ctmle_n6000_s2_chunk01.reps.csv,real_breast_cancer_misaligned,box,6000,0.05,2.0,estimated_residual_lowp_supported,ctmle,estimated,xgboost,xgboost,if_residual,1.0,0.0|0.25|0.5|1.0,aipw_variance,-1.0,1.0,obsval,4.0,0.1,30,0.1,crossfit_rank_empty_standdown,1.0,4,50,3,1419.3762629497796,-0.13638568886118496,-0.13638568886118496,-0.13638568886118496,0.0,0.00011192502570512479,-0.00010003335296478091,0.0,0.5,0.0,reference,-4.736951571734001e-18,0.0,nan,nan,nan,,,nan,nan,nan,nan,nan,nan,nan,nan,0.05,0.24116666666666667,0.9633333333333334,0.19972356599861782,44,258,0.14666666666666667,0.17829993089149965,-0.0406485885398825,-0.0406485885398825,0.0,-0.11352254389447151,-0.11352254389447151,0.0,2.4403957796933646,2.4403957796933646,1.8033176038790573,1.8033176038790573
m01-j0242,manifest.tsv,dml2_real_real_breast_cancer_misaligned_ctmle_n6000_s2_chunk01.reps.csv,real_breast_cancer_misaligned,box,6000,0.05,2.0,estimated_residual_lowp_supported,ctmle,estimated,xgboost,xgboost,if_residual,1.0,0.0|0.25|0.5|1.0,aipw_variance,-1.0,1.0,obsval,4.0,0.1,30,0.1,crossfit_rank_empty_standdown,1.0,4,50,4,1885.7923320354894,-0.06777142489986898,-0.06777142489986898,-0.06777142489986898,0.0,0.0001406196691728502,-0.00012739407129135245,0.0,0.5,0.0,reference,9.473903143468002e-18,0.0,nan,nan,nan,,,nan,nan,nan,nan,nan,nan,nan,nan,0.0,0.24183333333333334,nan,0.0,0,276,nan,0.19021364576154376,0.0,0.0,0.0,-0.08931488079816992,-0.08931488079816992,0.0,nan,nan,1.7309643936708945,1.7309643936708945
m01-j0243,manifest.tsv,dml2_real_real_breast_cancer_misaligned_ctmle_n6000_s2_chunk02.reps.csv,real_breast_cancer_misaligned,box,6000,0.05,2.0,estimated_residual_lowp_supported,ctmle,estimated,xgboost,xgboost,if_residual,1.0,0.0|0.25|0.5|1.0,aipw_variance,-1.0,1.0,obsval,4.0,0.1,30,0.1,crossfit_rank_empty_standdown,1.0,4,50,1,477.80815875530243,-0.08471518341581619,-0.08471518341581619,-0.08471518341581619,0.0,0.00022983137571129216,-0.00011902253029289107,0.0,0.5,0.0,reference,-1.7763568394002505e-18,-1.1102230246251565e-16,nan,nan,nan,,,nan,nan,nan,nan,nan,nan,nan,nan,0.1,0.243,0.985,0.4053497942386831,47,249,0.07833333333333334,0.17078189300411523,-0.05454609175848238,-0.05454609175848238,0.0,-0.08612864379156916,-0.08612864379156916,0.0,3.051084685697916,3.051084685697916,2.139570891330398,2.139570891330398
m01-j0243,manifest.tsv,dml2_real_real_breast_cancer_misaligned_ctmle_n6000_s2_chunk02.reps.csv,real_breast_cancer_misaligned,box,6000,0.05,2.0,estimated_residual_lowp_supported,ctmle,estimated,xgboost,xgboost,if_residual,1.0,0.0|0.25|0.5|1.0,aipw_variance,-1.0,1.0,obsval,4.0,0.1,30,0.1,crossfit_rank_empty_standdown,1.0,4,50,2,953.5476143276319,-0.05826426497234083,-0.05826426497234083,-0.05826426497234083,0.0,0.00012345213801503432,-2.0074639102388332e-06,0.0,0.5,0.0,reference,1.1842378929335003e-18,0.0,nan,nan,nan,,,nan,nan,nan,nan,nan,nan,nan,nan,0.075,0.24533333333333332,0.9577777777777777,0.29279891304347827,50,252,0.1111111111111111,0.17119565217391305,-0.05898127818032575,-0.05898127818032575,0.0,-0.08143248352980938,-0.08143248352980938,0.0,2.61698164062076,2.61698164062076,1.7964665409074458,1.7964665409074458
m01-j0243,manifest.tsv,dml2_real_real_breast_cancer_misaligned_ctmle_n6000_s2_chunk02.reps.csv,real_breast_cancer_misaligned,box,6000,0.05,2.0,estimated_residual_lowp_supported,ctmle,estimated,xgboost,xgboost,if_residual,1.0,0.0|0.25|0.5|1.0,aipw_variance,-1.0,1.0,obsval,4.0,0.1,30,0.1,crossfit_rank_empty_standdown,1.0,4,50,3,1426.2292449614033,-0.09838944759020052,-0.09838944759020052,-0.09838944759020052,0.0,0.00017852192911029874,4.9055234058962205e-05,0.0,0.5,0.0,reference,-7.105427357601002e-18,0.0,nan,nan,nan,,,nan,nan,nan,nan,nan,nan,nan,nan,0.075,0.24533333333333332,0.9666666666666667,0.2955163043478261,42,282,0.09333333333333334,0.19157608695652173,-0.048667264336290164,-0.048667264336290164,0.0,-0.07793620255419177,-0.07793620255419177,0.0,2.707404864562485,2.707404864562485,1.8335773266708417,1.8335773266708417
m01-j0243,manifest.tsv,dml2_real_real_breast_cancer_misaligned_ctmle_n6000_s2_chunk02.reps.csv,real_breast_cancer_misaligned,box,6000,0.05,2.0,estimated_residual_lowp_supported,ctmle,estimated,xgboost,xgboost,if_residual,1.0,0.0|0.25|0.5|1.0,aipw_variance,-1.0,1.0,obsval,4.0,0.1,30,0.1,crossfit_rank_empty_standdown,1.0,4,50,4,1892.3270268095657,-0.08994369045744333,-0.08994369045744333,-0.08994369045744333,0.0,0.00033738334335007463,3.5290002827082856e-05,0.0,0.5,0.0,reference,1.6579330501069006e-17,-1.1102230246251565e-16,nan,nan,nan,,,nan,nan,nan,nan,nan,nan,nan,nan,0.0,0.237,nan,0.0,0,270,nan,0.189873417721519,0.0,0.0,0.0,-0.1147775969539005,-0.1147775969539005,0.0,nan,nan,2.1256712829444355,2.1256712829444355
m01-j0244,manifest.tsv,dml2_real_real_breast_cancer_misaligned_ctmle_n6000_s2_chunk03.reps.csv,real_breast_cancer_misaligned,box,6000,0.05,2.0,estimated_residual_lowp_supported,ctmle,estimated,xgboost,xgboost,if_residual,1.0,0.0|0.25|0.5|1.0,aipw_variance,-1.0,1.0,obsval,4.0,0.1,30,0.1,crossfit_rank_empty_standdown,1.0,4,50,1,470.348826774396,-0.13771472988691413,-0.13771472988691413,-0.13771472988691413,0.0,0.00012948709646895431,-4.6316761106826674e-05,0.0,0.5,0.0,reference,3.552713678800501e-18,0.0,nan,nan,nan,,,nan,nan,nan,nan,nan,nan,nan,nan,0.075,0.23766666666666666,0.9666666666666667,0.30504908835904626,41,245,0.09111111111111111,0.1718092566619916,-0.0796679289811706,-0.0796679289811706,0.0,-0.1353672380262823,-0.1353672380262823,0.0,3.1547490363092794,3.1547490363092794,2.0799264992358006,2.0799264992358006
m01-j0244,manifest.tsv,dml2_real_real_breast_cancer_misaligned_ctmle_n6000_s2_chunk03.reps.csv,real_breast_cancer_misaligned,box,6000,0.05,2.0,estimated_residual_lowp_supported,ctmle,estimated,xgboost,xgboost,if_residual,1.0,0.0|0.25|0.5|1.0,aipw_variance,-1.0,1.0,obsval,4.0,0.1,30,0.1,crossfit_rank_empty_standdown,1.0,4,50,2,944.231697095558,-0.08973390499422529,-0.08973390499422529,-0.08973390499422529,0.0,0.0003186542562804689,9.20902373114079e-05,0.0,0.5,0.0,reference,7.105427357601002e-18,0.0,nan,nan,nan,,,nan,nan,nan,nan,nan,nan,nan,nan,0.075,0.24883333333333332,0.9688888888888889,0.29202947086403214,48,282,0.10666666666666667,0.18888144675150703,-0.048073262278779345,-0.048073262278779345,0.0,-0.07774929354871858,-0.07774929354871858,0.0,2.5488885586511354,2.5488885586511354,1.8123744285979753,1.8123744285979753
m01-j0244,manifest.tsv,dml2_real_real_breast_cancer_misaligned_ctmle_n6000_s2_chunk03.reps.csv,real_breast_cancer_misaligned,box,6000,0.05,2.0,estimated_residual_lowp_supported,ctmle,estimated,xgboost,xgboost,if_residual,1.0,0.0|0.25|0.5|1.0,aipw_variance,-1.0,1.0,obsval,4.0,0.1,30,0.1,crossfit_rank_empty_standdown,1.0,4,50,3,1421.7594828987494,-0.08527478871393201,-0.08527478871393201,-0.08527478871393201,0.0,0.00010857648967590333,-0.00010863909952531854,0.0,0.5,0.0,reference,1.4210854715202004e-17,0.0,nan,nan,nan,,,nan,nan,nan,nan,nan,nan,nan,nan,0.075,0.24433333333333335,0.9577777777777777,0.2939972714870396,75,269,0.16666666666666666,0.1834924965893588,-0.08257074344137708,-0.08257074344137708,0.0,-0.09971355851226152,-0.09971355851226152,0.0,2.9999255049477656,2.9999255049477656,1.9371373861179855,1.9371373861179855
m01-j0244,manifest.tsv,dml2_real_real_breast_cancer_misaligned_ctmle_n6000_s2_chunk03.reps.csv,real_breast_cancer_misaligned,box,6000,0.05,2.0,estimated_residual_lowp_supported,ctmle,estimated,xgboost,xgboost,if_residual,1.0,0.0|0.25|0.5|1.0,aipw_variance,-1.0,1.0,obsval,4.0,0.1,30,0.1,crossfit_rank_empty_standdown,1.0,4,50,4,1889.2567673893645,-0.0750679008642916,-0.0750679008642916,-0.0750679008642916,0.0,0.00012251157630875425,-0.00013972748761485417,0.0,0.5,0.0,reference,7.105427357601002e-18,0.0,nan,nan,nan,,,nan,nan,nan,nan,nan,nan,nan,nan,0.075,0.23733333333333334,0.9622222222222222,0.30407303370786515,48,251,0.10666666666666667,0.17626404494382023,-0.062006041820038015,-0.062006041820038015,0.0,-0.0876639466199337,-0.0876639466199337,0.0,2.4620779500181844,2.4620779500181844,1.8743079308682278,1.8743079308682278
m01-j0245,manifest.tsv,dml2_real_real_breast_cancer_misaligned_ctmle_n6000_s2_chunk04.reps.csv,real_breast_cancer_misaligned,box,6000,0.05,2.0,estimated_residual_lowp_supported,ctmle,estimated,xgboost,xgboost,if_residual,1.0,0.0|0.25|0.5|1.0,aipw_variance,-1.0,1.0,obsval,4.0,0.1,30,0.1,crossfit_rank_empty_standdown,1.0,4,50,1,468.42490950692445,-0.06720431848856678,-0.06720431848856678,-0.06720431848856678,0.0,0.0006059008031640022,-0.0003096529608568959,0.0,0.5,0.0,reference,6.5133084111342516e-18,0.0,nan,nan,nan,,,nan,nan,nan,nan,nan,nan,nan,nan,0.1,0.25266666666666665,0.9483333333333334,0.37532981530343007,68,290,0.11333333333333333,0.19129287598944592,-0.040522063773246506,-0.040522063773246506,0.0,-0.06812930865330495,-0.06812930865330495,0.0,2.3397965905928357,2.3397965905928357,1.9166732131310618,1.9166732131310618
m01-j0245,manifest.tsv,dml2_real_real_breast_cancer_misaligned_ctmle_n6000_s2_chunk04.reps.csv,real_breast_cancer_misaligned,box,6000,0.05,2.0,estimated_residual_lowp_supported,ctmle,estimated,xgboost,xgboost,if_residual,1.0,0.0|0.25|0.5|1.0,aipw_variance,-1.0,1.0,obsval,4.0,0.1,30,0.1,crossfit_rank_empty_standdown,1.0,4,50,2,937.8827984100208,-0.028366364711515657,-0.028366364711515657,-0.028366364711515657,0.0,0.0005048391220557258,-0.0002106185075888057,0.0,0.5,0.0,reference,-4.736951571734001e-18,0.0,nan,nan,nan,,,nan,nan,nan,nan,nan,nan,nan,nan,0.1,0.24066666666666667,0.96,0.3988919667590028,53,274,0.08833333333333333,0.18975069252077562,-0.0110839832309747,-0.0110839832309747,0.0,-0.03869376307326201,-0.03869376307326201,0.0,3.009130532268859,3.009130532268859,2.1109901783024876,2.1109901783024876
m01-j0245,manifest.tsv,dml2_real_real_breast_cancer_misaligned_ctmle_n6000_s2_chunk04.reps.csv,real_breast_cancer_misaligned,box,6000,0.05,2.0,estimated_residual_lowp_supported,ctmle,estimated,xgboost,xgboost,if_residual,1.0,0.0|0.25|0.5|1.0,aipw_variance,-1.0,1.0,obsval,4.0,0.1,30,0.1,crossfit_rank_empty_standdown,1.0,4,50,3,1409.0771461520344,-0.09594090559315882,-0.09594090559315882,-0.09594090559315882,0.0,0.0001966590962142506,-1.9525555410956864e-05,0.0,0.5,0.0,reference,-9.473903143468002e-18,0.0,nan,nan,nan,,,nan,nan,nan,nan,nan,nan,nan,nan,0.075,0.24133333333333334,0.9666666666666667,0.300414364640884,50,276,0.1111111111111111,0.19060773480662985,-0.07254001671843342,-0.07254001671843342,0.0,-0.1087881580850087,-0.1087881580850087,0.0,2.4395438642690004,2.4395438642690004,1.7758478403186917,1.7758478403186917
m01-j0245,manifest.tsv,dml2_real_real_breast_cancer_misaligned_ctmle_n6000_s2_chunk04.reps.csv,real_breast_cancer_misaligned,box,6000,0.05,2.0,estimated_residual_lowp_supported,ctmle,estimated,xgboost,xgboost,if_residual,1.0,0.0|0.25|0.5|1.0,aipw_variance,-1.0,1.0,obsval,4.0,0.1,30,0.1,crossfit_rank_empty_standdown,1.0,4,50,4,1872.82048643101,-0.08056635416017432,-0.08056635416017432,-0.08056635416017432,0.0,0.0001267615048522186,-6.20438951782615e-05,0.0,0.5,0.0,reference,-5.921189464667502e-18,-1.1102230246251565e-16,nan,nan,nan,,,nan,nan,nan,nan,nan,nan,nan,nan,0.1,0.2405,0.9433333333333334,0.39223839223839224,80,234,0.13333333333333333,0.16216216216216217,-0.06346285377061554,-0.06346285377061554,0.0,-0.08383856704219489,-0.08383856704219489,0.0,2.4408641002692284,2.4408641002692284,1.8553085164714043,1.8553085164714043
m01-j0246,manifest.tsv,dml2_real_real_breast_cancer_misaligned_ctmle_n6000_s2_chunk05.reps.csv,real_breast_cancer_misaligned,box,6000,0.05,2.0,estimated_residual_lowp_supported,ctmle,estimated,xgboost,xgboost,if_residual,1.0,0.0|0.25|0.5|1.0,aipw_variance,-1.0,1.0,obsval,4.0,0.1,30,0.1,crossfit_rank_empty_standdown,1.0,4,50,1,477.1875088522211,-0.09814959749760255,-0.09814959749760255,-0.09814959749760255,0.0,6.556712620380272e-05,2.4611099889461623e-06,0.0,0.5,0.0,reference,-7.993605777301126e-18,0.0,nan,nan,nan,,,nan,nan,nan,nan,nan,nan,nan,nan,0.1,0.23883333333333334,0.9683333333333334,0.4054431263084438,56,268,0.09333333333333334,0.1870202372644801,-0.09592807112045233,-0.09592807112045233,0.0,-0.1152366912447055,-0.1152366912447055,0.0,3.0043482849328713,3.0043482849328713,2.119158468559691,2.119158468559691
m01-j0246,manifest.tsv,dml2_real_real_breast_cancer_misaligned_ctmle_n6000_s2_chunk05.reps.csv,real_breast_cancer_misaligned,box,6000,0.05,2.0,estimated_residual_lowp_supported,ctmle,estimated,xgboost,xgboost,if_residual,1.0,0.0|0.25|0.5|1.0,aipw_variance,-1.0,1.0,obsval,4.0,0.1,30,0.1,crossfit_rank_empty_standdown,1.0,4,50,2,943.1248274333775,-0.12593188975803293,-0.12593188975803293,-0.12593188975803293,0.0,0.00023888384814997306,-0.00013158129188122186,0.0,0.5,0.0,reference,4.736951571734001e-18,-1.1102230246251565e-16,nan,nan,nan,,,nan,nan,nan,nan,nan,nan,nan,nan,0.1,0.243,0.975,0.4012345679012346,56,239,0.09333333333333334,0.16392318244170095,-0.07865065631641814,-0.07865065631641814,0.0,-0.11409182033495387,-0.11409182033495387,0.0,2.6291176651569437,2.6291176651569437,1.957319379822961,1.957319379822961
m01-j0246,manifest.tsv,dml2_real_real_breast_cancer_misaligned_ctmle_n6000_s2_chunk05.reps.csv,real_breast_cancer_misaligned,box,6000,0.05,2.0,estimated_residual_lowp_supported,ctmle,estimated,xgboost,xgboost,if_residual,1.0,0.0|0.25|0.5|1.0,aipw_variance,-1.0,1.0,obsval,4.0,0.1,30,0.1,crossfit_rank_empty_standdown,1.0,4,50,3,1416.3184990389273,-0.0948913998571832,-0.0948913998571832,-0.0948913998571832,0.0,0.00010166886392912449,8.535311719229475e-07,0.0,0.5,0.0,reference,5.921189464667502e-18,0.0,nan,nan,nan,,,nan,nan,nan,nan,nan,nan,nan,nan,0.075,0.2485,0.9666666666666667,0.2917505030181087,46,273,0.10222222222222223,0.18309859154929578,-0.0736125102182791,-0.0736125102182791,0.0,-0.11017347585660066,-0.11017347585660066,0.0,3.057980355599064,3.057980355599064,1.9913037418709068,1.9913037418709068
m01-j0246,manifest.tsv,dml2_real_real_breast_cancer_misaligned_ctmle_n6000_s2_chunk05.reps.csv,real_breast_cancer_misaligned,box,6000,0.05,2.0,estimated_residual_lowp_supported,ctmle,estimated,xgboost,xgboost,if_residual,1.0,0.0|0.25|0.5|1.0,aipw_variance,-1.0,1.0,obsval,4.0,0.1,30,0.1,crossfit_rank_empty_standdown,1.0,4,50,4,1886.4325139475986,-0.05746368640916755,-0.05746368640916755,-0.05746368640916755,0.0,0.00036891682150335184,-0.00017225014344472928,0.0,0.5,0.0,reference,-1.1842378929335004e-17,0.0,nan,nan,nan,,,nan,nan,nan,nan,nan,nan,nan,nan,0.0,0.24666666666666667,nan,0.0,0,272,nan,0.1837837837837838,0.0,0.0,0.0,-0.0730099917546745,-0.0730099917546745,0.0,nan,nan,1.8234335739899692,1.8234335739899692
m01-j0247,manifest.tsv,dml2_real_real_breast_cancer_misaligned_ctmle_n6000_s2_chunk06.reps.csv,real_breast_cancer_misaligned,box,6000,0.05,2.0,estimated_residual_lowp_supported,ctmle,estimated,xgboost,xgboost,if_residual,1.0,0.0|0.25|0.5|1.0,aipw_variance,-1.0,1.0,obsval,4.0,0.1,30,0.1,crossfit_rank_empty_standdown,1.0,4,50,1,475.74852844234556,-0.15852545729906775,-0.15852545729906775,-0.15852545729906775,0.0,0.00015611598565919973,3.996538911534898e-06,0.0,0.5,0.0,reference,-2.3684757858670005e-18,0.0,nan,nan,nan,,,nan,nan,nan,nan,nan,nan,nan,nan,0.0,0.247,nan,0.0,0,276,nan,0.1862348178137652,0.0,0.0,0.0,-0.15832631532348454,-0.15832631532348454,0.0,nan,nan,2.09656316112026,2.09656316112026
m01-j0247,manifest.tsv,dml2_real_real_breast_cancer_misaligned_ctmle_n6000_s2_chunk06.reps.csv,real_breast_cancer_misaligned,box,6000,0.05,2.0,estimated_residual_lowp_supported,ctmle,estimated,xgboost,xgboost,if_residual,1.0,0.0|0.25|0.5|1.0,aipw_variance,-1.0,1.0,obsval,4.0,0.1,30,0.1,crossfit_rank_empty_standdown,1.0,4,50,2,947.288756438531,-0.14421861606694053,-0.14421861606694053,-0.14421861606694053,0.0,0.00016132360271549698,1.7971033439716146e-06,0.0,0.5,0.0,reference,-4.1448326252672514e-18,0.0,nan,nan,nan,,,nan,nan,nan,nan,nan,nan,nan,nan,0.05,0.24183333333333334,0.9366666666666666,0.19365954514128186,40,273,0.13333333333333333,0.1881461061337009,-0.07513581037065262,-0.07513581037065262,0.0,-0.1572203718725619,-0.1572203718725619,0.0,3.1611325590342174,3.1611325590342174,2.0724163163893152,2.0724163163893152
m01-j0247,manifest.tsv,dml2_real_real_breast_cancer_misaligned_ctmle_n6000_s2_chunk06.reps.csv,real_breast_cancer_misaligned,box,6000,0.05,2.0,estimated_residual_lowp_supported,ctmle,estimated,xgboost,xgboost,if_residual,1.0,0.0|0.25|0.5|1.0,aipw_variance,-1.0,1.0,obsval,4.0,0.1,30,0.1,crossfit_rank_empty_standdown,1.0,4,50,3,1422.6943065496162,-0.14027957627157017,-0.14027957627157017,-0.14027957627157017,0.0,0.00010676264623375948,-1.2909046192567317e-05,0.0,0.5,0.0,reference,-4.1448326252672514e-18,0.0,nan,nan,nan,,,nan,nan,nan,nan,nan,nan,nan,nan,0.1,0.24483333333333332,0.9716666666666667,0.39686861810755614,56,272,0.09333333333333334,0.18515997277059223,-0.0939220328367997,-0.0939220328367997,0.0,-0.1313362801151952,-0.1313362801151952,0.0,2.963424868897872,2.963424868897872,2.073306254562475,2.073306254562475
m01-j0247,manifest.tsv,dml2_real_real_breast_cancer_misaligned_ctmle_n6000_s2_chunk06.reps.csv,real_breast_cancer_misaligned,box,6000,0.05,2.0,estimated_residual_lowp_supported,ctmle,estimated,xgboost,xgboost,if_residual,1.0,0.0|0.25|0.5|1.0,aipw_variance,-1.0,1.0,obsval,4.0,0.1,30,0.1,crossfit_rank_empty_standdown,1.0,4,50,4,1897.4065235424787,-0.11467946489127223,-0.11467946489127223,-0.11467946489127223,0.0,0.00014668100800275868,-9.495094191310123e-05,0.0,0.5,0.0,reference,0.0,1.1102230246251565e-16,nan,nan,nan,,,nan,nan,nan,nan,nan,nan,nan,nan,0.1,0.24533333333333332,0.9666666666666667,0.39402173913043476,69,295,0.115,0.20040760869565216,-0.08302094749759975,-0.08302094749759975,0.0,-0.11997473390368801,-0.11997473390368801,0.0,2.6328553030345243,2.6328553030345243,1.9037852492750924,1.9037852492750924
m01-j0248,manifest.tsv,dml2_real_real_breast_cancer_misaligned_ctmle_n6000_s2_chunk07.reps.csv,real_breast_cancer_misaligned,box,6000,0.05,2.0,estimated_residual_lowp_supported,ctmle,estimated,xgboost,xgboost,if_residual,1.0,0.0|0.25|0.5|1.0,aipw_variance,-1.0,1.0,obsval,4.0,0.1,30,0.1,crossfit_rank_empty_standdown,1.0,4,50,1,477.10137052461505,-0.06671236519523949,-0.06671236519523949,-0.06671236519523949,0.0,0.00022685325424857917,7.361740012811575e-05,0.0,0.5,0.0,reference,3.552713678800501e-18,0.0,nan,nan,nan,,,nan,nan,nan,nan,nan,nan,nan,nan,0.0,0.24383333333333335,nan,0.0,0,296,nan,0.20232399179767602,0.0,0.0,0.0,-0.0895160683532657,-0.0895160683532657,0.0,nan,nan,1.9570890500773934,1.9570890500773934
m01-j0248,manifest.tsv,dml2_real_real_breast_cancer_misaligned_ctmle_n6000_s2_chunk07.reps.csv,real_breast_cancer_misaligned,box,6000,0.05,2.0,estimated_residual_lowp_supported,ctmle,estimated,xgboost,xgboost,if_residual,1.0,0.0|0.25|0.5|1.0,aipw_variance,-1.0,1.0,obsval,4.0,0.1,30,0.1,crossfit_rank_empty_standdown,1.0,4,50,2,946.9932101983577,-0.05088322555667735,-0.05088322555667735,-0.05088322555667735,0.0,0.0003673721669589427,-0.0002606877744257153,0.0,0.5,0.0,reference,-8.289665250534503e-18,0.0,nan,nan,nan,,,nan,nan,nan,nan,nan,nan,nan,nan,0.0,0.2375,nan,0.0,0,241,nan,0.16912280701754387,0.0,0.0,0.0,-0.05698264984193213,-0.05698264984193213,0.0,nan,nan,1.7078805771632488,1.7078805771632488
m01-j0248,manifest.tsv,dml2_real_real_breast_cancer_misaligned_ctmle_n6000_s2_chunk07.reps.csv,real_breast_cancer_misaligned,box,6000,0.05,2.0,estimated_residual_lowp_supported,ctmle,estimated,xgboost,xgboost,if_residual,1.0,0.0|0.25|0.5|1.0,aipw_variance,-1.0,1.0,obsval,4.0,0.1,30,0.1,crossfit_rank_empty_standdown,1.0,4,50,3,1418.748284123838,-0.12334412648272641,-0.12334412648272641,-0.12334412648272641,0.0,0.0001269734671889523,6.342469454581222e-07,0.0,0.5,0.0,reference,-3.552713678800501e-18,0.0,nan,nan,nan,,,nan,nan,nan,nan,nan,nan,nan,nan,0.1,0.24533333333333332,0.925,0.37703804347826086,80,288,0.13333333333333333,0.1956521739130435,-0.098189391776877,-0.098189391776877,0.0,-0.12621025091819957,-0.12621025091819957,0.0,2.8728511632318554,2.8728511632318554,2.006790489299461,2.006790489299461
m01-j0248,manifest.tsv,dml2_real_real_breast_cancer_misaligned_ctmle_n6000_s2_chunk07.reps.csv,real_breast_cancer_misaligned,box,6000,0.05,2.0,estimated_residual_lowp_supported,ctmle,estimated,xgboost,xgboost,if_residual,1.0,0.0|0.25|0.5|1.0,aipw_variance,-1.0,1.0,obsval,4.0,0.1,30,0.1,crossfit_rank_empty_standdown,1.0,4,50,4,1888.779212598689,-0.14290528753234288,-0.14290528753234288,-0.14290528753234288,0.0,0.00016639331592372807,-5.170347528022268e-05,0.0,0.5,0.0,reference,-4.736951571734001e-18,0.0,nan,nan,nan,,,nan,nan,nan,nan,nan,nan,nan,nan,0.075,0.24166666666666667,0.9511111111111111,0.29517241379310344,53,265,0.11777777777777777,0.18275862068965518,-0.10366584811374749,-0.10366584811374749,0.0,-0.1491475264356962,-0.1491475264356962,0.0,3.2463509384733658,3.2463509384733658,2.153932069425077,2.153932069425077
m01-j0249,manifest.tsv,dml2_real_real_breast_cancer_misaligned_ctmle_n6000_s2_chunk08.reps.csv,real_breast_cancer_misaligned,box,6000,0.05,2.0,estimated_residual_lowp_supported,ctmle,estimated,xgboost,xgboost,if_residual,1.0,0.0|0.25|0.5|1.0,aipw_variance,-1.0,1.0,obsval,4.0,0.1,30,0.1,crossfit_rank_empty_standdown,1.0,4,50,1,475.81170774437487,-0.10943903764971541,-0.10943903764971541,-0.10943903764971541,0.0,0.00014922260724469123,-0.00011306972951020391,0.0,0.5,0.0,reference,9.473903143468002e-18,1.1102230246251565e-16,nan,nan,nan,,,nan,nan,nan,nan,nan,nan,nan,nan,0.1,0.24,0.9683333333333334,0.40347222222222223,61,280,0.10166666666666667,0.19444444444444445,-0.08860281609262985,-0.08860281609262985,0.0,-0.11676824145300507,-0.11676824145300507,0.0,2.9054926809871544,2.9054926809871544,2.1279064113732464,2.1279064113732464
m01-j0249,manifest.tsv,dml2_real_real_breast_cancer_misaligned_ctmle_n6000_s2_chunk08.reps.csv,real_breast_cancer_misaligned,box,6000,0.05,2.0,estimated_residual_lowp_supported,ctmle,estimated,xgboost,xgboost,if_residual,1.0,0.0|0.25|0.5|1.0,aipw_variance,-1.0,1.0,obsval,4.0,0.1,30,0.1,crossfit_rank_empty_standdown,1.0,4,50,2,947.1684801345691,-0.13824880177363552,-0.13824880177363552,-0.13824880177363552,0.0,0.00018147132986700057,-7.149733988769146e-05,0.0,0.5,0.0,reference,1.6579330501069006e-17,0.0,nan,nan,nan,,,nan,nan,nan,nan,nan,nan,nan,nan,0.075,0.246,0.9511111111111111,0.2899728997289973,55,257,0.12222222222222222,0.17411924119241193,-0.09276836941481846,-0.09276836941481846,0.0,-0.12014894027966011,-0.12014894027966011,0.0,3.0164573639306136,3.0164573639306136,1.9427376620750452,1.9427376620750452
m01-j0249,manifest.tsv,dml2_real_real_breast_cancer_misaligned_ctmle_n6000_s2_chunk08.reps.csv,real_breast_cancer_misaligned,box,6000,0.05,2.0,estimated_residual_lowp_supported,ctmle,estimated,xgboost,xgboost,if_residual,1.0,0.0|0.25|0.5|1.0,aipw_variance,-1.0,1.0,obsval,4.0,0.1,30,0.1,crossfit_rank_empty_standdown,1.0,4,50,3,1418.4745604451746,-0.08628850820883205,-0.08628850820883205,-0.08628850820883205,0.0,0.0002361812279381239,-0.00022587024178590898,0.0,0.5,0.0,reference,1.4210854715202004e-17,0.0,nan,nan,nan,,,nan,nan,nan,nan,nan,nan,nan,nan,0.1,0.24166666666666667,0.9616666666666667,0.3979310344827586,85,280,0.14166666666666666,0.19310344827586207,-0.056529820839007226,-0.056529820839007226,0.0,-0.10234859249598738,-0.10234859249598738,0.0,2.2679096657519606,2.2679096657519606,1.781664357009131,1.781664357009131
m01-j0249,manifest.tsv,dml2_real_real_breast_cancer_misaligned_ctmle_n6000_s2_chunk08.reps.csv,real_breast_cancer_misaligned,box,6000,0.05,2.0,estimated_residual_lowp_supported,ctmle,estimated,xgboost,xgboost,if_residual,1.0,0.0|0.25|0.5|1.0,aipw_variance,-1.0,1.0,obsval,4.0,0.1,30,0.1,crossfit_rank_empty_standdown,1.0,4,50,4,1885.8563417941332,-0.10944173795147505,-0.10944173795147505,-0.10944173795147505,0.0,8.565701567613969e-05,-1.418566196363419e-05,0.0,0.5,0.0,reference,-2.3684757858670005e-18,0.0,nan,nan,nan,,,nan,nan,nan,nan,nan,nan,nan,nan,0.0,0.24416666666666667,nan,0.0,0,262,nan,0.178839590443686,0.0,0.0,0.0,-0.09866246325645761,-0.09866246325645761,0.0,nan,nan,1.938210291389386,1.938210291389386
m01-j0250,manifest.tsv,dml2_real_real_breast_cancer_misaligned_ctmle_n6000_s2_chunk09.reps.csv,real_breast_cancer_misaligned,box,6000,0.05,2.0,estimated_residual_lowp_supported,ctmle,estimated,xgboost,xgboost,if_residual,1.0,0.0|0.25|0.5|1.0,aipw_variance,-1.0,1.0,obsval,4.0,0.1,30,0.1,crossfit_rank_empty_standdown,1.0,4,50,1,472.4068038780242,-0.12325719174424521,-0.12325719174424521,-0.12325719174424521,0.0,7.806506671043708e-05,1.832478355362553e-05,0.0,0.5,0.0,reference,4.736951571734001e-18,0.0,nan,nan,nan,,,nan,nan,nan,nan,nan,nan,nan,nan,0.1,0.25016666666666665,0.9666666666666667,0.3864090606262492,60,285,0.1,0.189873417721519,-0.09815703194424376,-0.09815703194424376,0.0,-0.12358752748863118,-0.12358752748863118,0.0,2.672968501242591,2.672968501242591,1.875131949478839,1.875131949478839
m01-j0250,manifest.tsv,dml2_real_real_breast_cancer_misaligned_ctmle_n6000_s2_chunk09.reps.csv,real_breast_cancer_misaligned,box,6000,0.05,2.0,estimated_residual_lowp_supported,ctmle,estimated,xgboost,xgboost,if_residual,1.0,0.0|0.25|0.5|1.0,aipw_variance,-1.0,1.0,obsval,4.0,0.1,30,0.1,crossfit_rank_empty_standdown,1.0,4,50,2,947.9326592721045,-0.17646180601621475,-0.17646180601621475,-0.17646180601621475,0.0,0.0001276193918709433,-4.8751931172128535e-05,0.0,0.5,0.0,reference,2.3684757858670005e-18,0.0,nan,nan,nan,,,nan,nan,nan,nan,nan,nan,nan,nan,0.075,0.242,0.9733333333333334,0.30165289256198347,45,264,0.1,0.18181818181818182,-0.11602123265396481,-0.11602123265396481,0.0,-0.16085231580939463,-0.16085231580939463,0.0,3.4090522948838116,3.4090522948838116,2.185203708016304,2.185203708016304
m01-j0250,manifest.tsv,dml2_real_real_breast_cancer_misaligned_ctmle_n6000_s2_chunk09.reps.csv,real_breast_cancer_misaligned,box,6000,0.05,2.0,estimated_residual_lowp_supported,ctmle,estimated,xgboost,xgboost,if_residual,1.0,0.0|0.25|0.5|1.0,aipw_variance,-1.0,1.0,obsval,4.0,0.1,30,0.1,crossfit_rank_empty_standdown,1.0,4,50,3,1422.1535965399817,-0.05675339781277555,-0.05675339781277555,-0.05675339781277555,0.0,0.00015318934444804254,-2.2620716201619167e-05,0.0,0.5,0.0,reference,-7.105427357601002e-18,1.1102230246251565e-16,nan,nan,nan,,,nan,nan,nan,nan,nan,nan,nan,nan,0.1,0.239,0.9583333333333334,0.40097629009762903,58,274,0.09666666666666666,0.1910739191073919,-0.07353853124798702,-0.07353853124798702,0.0,-0.08871380430756712,-0.08871380430756712,0.0,2.8085927292527324,2.8085927292527324,1.9964393105218765,1.9964393105218765
m01-j0250,manifest.tsv,dml2_real_real_breast_cancer_misaligned_ctmle_n6000_s2_chunk09.reps.csv,real_breast_cancer_misaligned,box,6000,0.05,2.0,estimated_residual_lowp_supported,ctmle,estimated,xgboost,xgboost,if_residual,1.0,0.0|0.25|0.5|1.0,aipw_variance,-1.0,1.0,obsval,4.0,0.1,30,0.1,crossfit_rank_empty_standdown,1.0,4,50,4,1890.2937518078834,-0.07644436646779418,-0.07644436646779418,-0.07644436646779418,0.0,7.487851447148821e-05,1.0626822456339812e-05,0.0,0.5,0.0,reference,-1.4802973661668754e-17,0.0,nan,nan,nan,,,nan,nan,nan,nan,nan,nan,nan,nan,0.075,0.241,0.9355555555555556,0.29114799446749656,52,252,0.11555555555555555,0.17427385892116182,-0.060430175836281665,-0.060430175836281665,0.0,-0.08462267338817282,-0.08462267338817282,0.0,2.3892107149205937,2.3892107149205937,1.7131473399429946,1.7131473399429946
m01-j0251,manifest.tsv,dml2_real_real_breast_cancer_misaligned_ctmle_n6000_s2_chunk10.reps.csv,real_breast_cancer_misaligned,box,6000,0.05,2.0,estimated_residual_lowp_supported,ctmle,estimated,xgboost,xgboost,if_residual,1.0,0.0|0.25|0.5|1.0,aipw_variance,-1.0,1.0,obsval,4.0,0.1,30,0.1,crossfit_rank_empty_standdown,1.0,4,50,1,476.9565095566213,-0.14133766147247895,-0.14133766147247895,-0.14133766147247895,0.0,0.00016061182599322365,-1.183804900684233e-05,0.0,0.5,0.0,reference,1.0658141036401503e-17,-1.1102230246251565e-16,nan,nan,nan,,,nan,nan,nan,nan,nan,nan,nan,nan,0.0,0.24516666666666667,nan,0.0,0,259,nan,0.1760707002039429,0.0,0.0,0.0,-0.12581809510851247,-0.12581809510851247,0.0,nan,nan,1.9640207210719585,1.9640207210719585
m01-j0251,manifest.tsv,dml2_real_real_breast_cancer_misaligned_ctmle_n6000_s2_chunk10.reps.csv,real_breast_cancer_misaligned,box,6000,0.05,2.0,estimated_residual_lowp_supported,ctmle,estimated,xgboost,xgboost,if_residual,1.0,0.0|0.25|0.5|1.0,aipw_variance,-1.0,1.0,obsval,4.0,0.1,30,0.1,crossfit_rank_empty_standdown,1.0,4,50,2,946.2572578350082,-0.05438690715570216,-0.05438690715570216,-0.05438690715570216,0.0,0.00013883466263621457,-0.0001256164954221233,0.0,0.5,0.0,reference,-5.921189464667502e-18,-1.1102230246251565e-16,nan,nan,nan,,,nan,nan,nan,nan,nan,nan,nan,nan,0.075,0.24333333333333335,0.9733333333333334,0.3,36,245,0.08,0.1678082191780822,-0.017278156469373692,-0.017278156469373692,0.0,-0.03932923857011278,-0.03932923857011278,0.0,2.708348647408899,2.708348647408899,1.833078869968923,1.833078869968923
m01-j0251,manifest.tsv,dml2_real_real_breast_cancer_misaligned_ctmle_n6000_s2_chunk10.reps.csv,real_breast_cancer_misaligned,box,6000,0.05,2.0,estimated_residual_lowp_supported,ctmle,estimated,xgboost,xgboost,if_residual,1.0,0.0|0.25|0.5|1.0,aipw_variance,-1.0,1.0,obsval,4.0,0.1,30,0.1,crossfit_rank_empty_standdown,1.0,4,50,3,1414.9215830378234,-0.09713233909360508,-0.09713233909360508,-0.09713233909360508,0.0,0.0003074945397926231,-0.0002931908888216795,0.0,0.5,0.0,reference,5.921189464667501e-19,1.1102230246251565e-16,nan,nan,nan,,,nan,nan,nan,nan,nan,nan,nan,nan,0.1,0.24016666666666667,0.975,0.4059680777238029,63,273,0.105,0.18945176960444135,-0.06592416703410883,-0.06592416703410883,0.0,-0.10226048490335256,-0.10226048490335256,0.0,2.4822630648730453,2.4822630648730453,1.8772199464756387,1.8772199464756387
m01-j0251,manifest.tsv,dml2_real_real_breast_cancer_misaligned_ctmle_n6000_s2_chunk10.reps.csv,real_breast_cancer_misaligned,box,6000,0.05,2.0,estimated_residual_lowp_supported,ctmle,estimated,xgboost,xgboost,if_residual,1.0,0.0|0.25|0.5|1.0,aipw_variance,-1.0,1.0,obsval,4.0,0.1,30,0.1,crossfit_rank_empty_standdown,1.0,4,50,4,1887.545585649088,-0.08786607282496017,-0.08786607282496017,-0.08786607282496017,0.0,8.089221260280271e-05,-9.726332223344695e-06,0.0,0.5,0.0,reference,2.3684757858670005e-18,0.0,nan,nan,nan,,,nan,nan,nan,nan,nan,nan,nan,nan,0.05,0.24483333333333332,0.99,0.2021783526208305,32,281,0.10666666666666667,0.191286589516678,-0.05630320391090917,-0.05630320391090917,0.0,-0.10538675302777316,-0.10538675302777316,0.0,3.1455243211320947,3.1455243211320947,2.062394327945937,2.062394327945937
m01-j0252,manifest.tsv,dml2_real_real_breast_cancer_misaligned_ctmle_n6000_s2_chunk11.reps.csv,real_breast_cancer_misaligned,box,6000,0.05,2.0,estimated_residual_lowp_supported,ctmle,estimated,xgboost,xgboost,if_residual,1.0,0.0|0.25|0.5|1.0,aipw_variance,-1.0,1.0,obsval,4.0,0.1,30,0.1,crossfit_rank_empty_standdown,1.0,4,50,1,477.6124022845179,-0.11396974323855524,-0.11396974323855524,-0.11396974323855524,0.0,0.00019949369420906244,-0.00018059492118927358,0.0,0.5,0.0,reference,-5.921189464667502e-18,0.0,nan,nan,nan,,,nan,nan,nan,nan,nan,nan,nan,nan,0.0,0.24066666666666667,nan,0.0,0,240,nan,0.16620498614958448,0.0,0.0,0.0,-0.08404200144081211,-0.08404200144081211,0.0,nan,nan,1.8609074583675516,1.8609074583675516
m01-j0252,manifest.tsv,dml2_real_real_breast_cancer_misaligned_ctmle_n6000_s2_chunk11.reps.csv,real_breast_cancer_misaligned,box,6000,0.05,2.0,estimated_residual_lowp_supported,ctmle,estimated,xgboost,xgboost,if_residual,1.0,0.0|0.25|0.5|1.0,aipw_variance,-1.0,1.0,obsval,4.0,0.1,30,0.1,crossfit_rank_empty_standdown,1.0,4,50,2,951.3056954182684,-0.03652045748577992,-0.03652045748577992,-0.03652045748577992,0.0,0.00020470008597012895,9.844255840000832e-05,0.0,0.5,0.0,reference,1.3026616822268503e-17,0.0,nan,nan,nan,,,nan,nan,nan,nan,nan,nan,nan,nan,0.0,0.24566666666666667,nan,0.0,0,271,nan,0.18385345997286295,0.0,0.0,0.0,-0.07394741979907381,-0.07394741979907381,0.0,nan,nan,1.809254463696872,1.809254463696872
m01-j0252,manifest.tsv,dml2_real_real_breast_cancer_misaligned_ctmle_n6000_s2_chunk11.reps.csv,real_breast_cancer_misaligned,box,6000,0.05,2.0,estimated_residual_lowp_supported,ctmle,estimated,xgboost,xgboost,if_residual,1.0,0.0|0.25|0.5|1.0,aipw_variance,-1.0,1.0,obsval,4.0,0.1,30,0.1,crossfit_rank_empty_standdown,1.0,4,50,3,1424.9761128155515,-0.0687220025826516,-0.0687220025826516,-0.0687220025826516,0.0,0.00015825759045645085,-2.309240863159097e-06,0.0,0.5,0.0,reference,-3.552713678800501e-18,-1.1102230246251565e-16,nan,nan,nan,,,nan,nan,nan,nan,nan,nan,nan,nan,0.1,0.24383333333333335,0.9566666666666667,0.3923444976076555,64,260,0.10666666666666667,0.17771701982228297,-0.048510792372617025,-0.048510792372617025,0.0,-0.07177754317340497,-0.07177754317340497,0.0,2.2832573898087487,2.2832573898087487,1.6871825255990738,1.6871825255990738
m01-j0252,manifest.tsv,dml2_real_real_breast_cancer_misaligned_ctmle_n6000_s2_chunk11.reps.csv,real_breast_cancer_misaligned,box,6000,0.05,2.0,estimated_residual_lowp_supported,ctmle,estimated,xgboost,xgboost,if_residual,1.0,0.0|0.25|0.5|1.0,aipw_variance,-1.0,1.0,obsval,4.0,0.1,30,0.1,crossfit_rank_empty_standdown,1.0,4,50,4,1890.58999668248,-0.12480459166970748,-0.12480459166970748,-0.12480459166970748,0.0,0.0002383221041783721,-0.0001714267919096248,0.0,0.5,0.0,reference,-9.473903143468002e-18,0.0,nan,nan,nan,,,nan,nan,nan,nan,nan,nan,nan,nan,0.1,0.246,0.9666666666666667,0.39295392953929537,60,265,0.1,0.17953929539295393,-0.0957266472138551,-0.0957266472138551,0.0,-0.12631596399647682,-0.12631596399647682,0.0,2.6890147223400587,2.6890147223400587,1.9855489055183868,1.9855489055183868
m01-j0253,manifest.tsv,dml2_real_real_breast_cancer_misaligned_ctmle_n6000_s2_chunk12.reps.csv,real_breast_cancer_misaligned,box,6000,0.05,2.0,estimated_residual_lowp_supported,ctmle,estimated,xgboost,xgboost,if_residual,1.0,0.0|0.25|0.5|1.0,aipw_variance,-1.0,1.0,obsval,4.0,0.1,30,0.1,crossfit_rank_empty_standdown,1.0,4,50,1,463.9622791185975,-0.08350800509034262,-0.08350800509034262,-0.08350800509034262,0.0,0.00020220547566125388,-0.00010676866415411054,0.0,0.5,0.0,reference,-7.697546304067752e-18,0.0,nan,nan,nan,,,nan,nan,nan,nan,nan,nan,nan,nan,0.075,0.24333333333333335,0.9644444444444444,0.29726027397260274,38,228,0.08444444444444445,0.15616438356164383,-0.057824206511295745,-0.057824206511295745,0.0,-0.09323293162920203,-0.09323293162920203,0.0,2.432773969048868,2.432773969048868,1.6934167985121078,1.6934167985121078
m01-j0253,manifest.tsv,dml2_real_real_breast_cancer_misaligned_ctmle_n6000_s2_chunk12.reps.csv,real_breast_cancer_misaligned,box,6000,0.05,2.0,estimated_residual_lowp_supported,ctmle,estimated,xgboost,xgboost,if_residual,1.0,0.0|0.25|0.5|1.0,aipw_variance,-1.0,1.0,obsval,4.0,0.1,30,0.1,crossfit_rank_empty_standdown,1.0,4,50,2,935.0414081430063,-0.18657679868175936,-0.18657679868175936,-0.18657679868175936,0.0,0.00016353899750607423,2.198798473299719e-05,0.0,0.5,0.0,reference,1.1842378929335003e-18,0.0,nan,nan,nan,,,nan,nan,nan,nan,nan,nan,nan,nan,0.0,0.24733333333333332,nan,0.0,0,263,nan,0.17722371967654987,0.0,0.0,0.0,-0.1638269650278901,-0.1638269650278901,0.0,nan,nan,2.2401269715591474,2.2401269715591474
m01-j0253,manifest.tsv,dml2_real_real_breast_cancer_misaligned_ctmle_n6000_s2_chunk12.reps.csv,real_breast_cancer_misaligned,box,6000,0.05,2.0,estimated_residual_lowp_supported,ctmle,estimated,xgboost,xgboost,if_residual,1.0,0.0|0.25|0.5|1.0,aipw_variance,-1.0,1.0,obsval,4.0,0.1,30,0.1,crossfit_rank_empty_standdown,1.0,4,50,3,1408.5492023294792,-0.1877398102061711,-0.1877398102061711,-0.1877398102061711,0.0,9.027392746569505e-05,-5.3196474434235533e-05,0.0,0.5,0.0,reference,-3.552713678800501e-18,0.0,nan,nan,nan,,,nan,nan,nan,nan,nan,nan,nan,nan,0.1,0.245,0.9816666666666667,0.40068027210884355,53,265,0.08833333333333333,0.18027210884353742,-0.12816978562682257,-0.12816978562682257,0.0,-0.16669390730822373,-0.16669390730822373,0.0,2.9445971703742564,2.9445971703742564,2.1240124307568236,2.1240124307568236
m01-j0253,manifest.tsv,dml2_real_real_breast_cancer_misaligned_ctmle_n6000_s2_chunk12.reps.csv,real_breast_cancer_misaligned,box,6000,0.05,2.0,estimated_residual_lowp_supported,ctmle,estimated,xgboost,xgboost,if_residual,1.0,0.0|0.25|0.5|1.0,aipw_variance,-1.0,1.0,obsval,4.0,0.1,30,0.1,crossfit_rank_empty_standdown,1.0,4,50,4,1876.1116729043424,-0.14285314544210936,-0.14285314544210936,-0.14285314544210936,0.0,0.00020478445548482776,-0.0001423312823888806,0.0,0.5,0.0,reference,1.1842378929335003e-18,0.0,nan,nan,nan,,,nan,nan,nan,nan,nan,nan,nan,nan,0.1,0.243,0.9516666666666667,0.39163237311385457,58,261,0.09666666666666666,0.17901234567901234,-0.08314081193268734,-0.08314081193268734,0.0,-0.10821920894164012,-0.10821920894164012,0.0,2.8982929080450397,2.8982929080450397,2.0402762592724324,2.0402762592724324
m01-j0254,manifest.tsv,dml2_real_real_breast_cancer_misaligned_ctmle_n6000_s2_chunk13.reps.csv,real_breast_cancer_misaligned,box,6000,0.05,2.0,estimated_residual_lowp_supported,ctmle,estimated,xgboost,xgboost,if_residual,1.0,0.0|0.25|0.5|1.0,aipw_variance,-1.0,1.0,obsval,4.0,0.1,30,0.1,crossfit_rank_empty_standdown,1.0,4,50,1,481.39728923887014,-0.18906069154434035,-0.18906069154434035,-0.18906069154434035,0.0,6.955334595442936e-05,-5.774497750907822e-06,0.0,0.5,0.0,reference,-2.3684757858670005e-18,1.1102230246251565e-16,nan,nan,nan,,,nan,nan,nan,nan,nan,nan,nan,nan,0.0,0.244,nan,0.0,0,238,nan,0.16256830601092895,0.0,0.0,0.0,-0.16148175043512253,-0.16148175043512253,0.0,nan,nan,2.189127245092344,2.189127245092344
m01-j0254,manifest.tsv,dml2_real_real_breast_cancer_misaligned_ctmle_n6000_s2_chunk13.reps.csv,real_breast_cancer_misaligned,box,6000,0.05,2.0,estimated_residual_lowp_supported,ctmle,estimated,xgboost,xgboost,if_residual,1.0,0.0|0.25|0.5|1.0,aipw_variance,-1.0,1.0,obsval,4.0,0.1,30,0.1,crossfit_rank_empty_standdown,1.0,4,50,2,953.0315809473395,-0.18585653530966906,-0.18585653530966906,-0.18585653530966906,0.0,0.00016877928328932817,-7.722056248661547e-05,0.0,0.5,0.0,reference,6.5133084111342516e-18,0.0,nan,nan,nan,,,nan,nan,nan,nan,nan,nan,nan,nan,0.075,0.24283333333333335,0.9755555555555555,0.3013040494166095,37,247,0.08222222222222222,0.1695264241592313,-0.125057140968117,-0.125057140968117,0.0,-0.16329771737561669,-0.16329771737561669,0.0,3.3916590506038404,3.3916590506038404,2.2371898394028182,2.2371898394028182
m01-j0254,manifest.tsv,dml2_real_real_breast_cancer_misaligned_ctmle_n6000_s2_chunk13.reps.csv,real_breast_cancer_misaligned,box,6000,0.05,2.0,estimated_residual_lowp_supported,ctmle,estimated,xgboost,xgboost,if_residual,1.0,0.0|0.25|0.5|1.0,aipw_variance,-1.0,1.0,obsval,4.0,0.1,30,0.1,crossfit_rank_empty_standdown,1.0,4,50,3,1419.5891599906608,-0.148033052137313,-0.148033052137313,-0.148033052137313,0.0,0.00014940112158439356,-6.716385524527051e-05,0.0,0.5,0.0,reference,-4.736951571734001e-18,0.0,nan,nan,nan,,,nan,nan,nan,nan,nan,nan,nan,nan,0.075,0.246,0.9622222222222222,0.29336043360433606,45,255,0.1,0.17276422764227642,-0.05938076179276382,-0.05938076179276382,0.0,-0.11599322926918353,-0.11599322926918353,0.0,2.8658967885579902,2.8658967885579902,1.9554278638254736,1.9554278638254736
m01-j0254,manifest.tsv,dml2_real_real_breast_cancer_misaligned_ctmle_n6000_s2_chunk13.reps.csv,real_breast_cancer_misaligned,box,6000,0.05,2.0,estimated_residual_lowp_supported,ctmle,estimated,xgboost,xgboost,if_residual,1.0,0.0|0.25|0.5|1.0,aipw_variance,-1.0,1.0,obsval,4.0,0.1,30,0.1,crossfit_rank_empty_standdown,1.0,4,50,4,1883.9013048065826,-0.04848632578045187,-0.04848632578045187,-0.04848632578045187,0.0,0.00014657230234064404,-7.946828559391101e-05,0.0,0.5,0.0,reference,0.0,0.0,nan,nan,nan,,,nan,nan,nan,nan,nan,nan,nan,nan,0.075,0.24883333333333332,0.9466666666666667,0.2853315472203617,39,271,0.08666666666666667,0.18151373074346952,-0.00971482389277464,-0.00971482389277464,0.0,-0.039220280182363294,-0.039220280182363294,0.0,2.3610182022556465,2.3610182022556465,1.7116075458598174,1.7116075458598174
m01-j0255,manifest.tsv,dml2_real_real_breast_cancer_misaligned_ctmle_n6000_s2_chunk14.reps.csv,real_breast_cancer_misaligned,box,6000,0.05,2.0,estimated_residual_lowp_supported,ctmle,estimated,xgboost,xgboost,if_residual,1.0,0.0|0.25|0.5|1.0,aipw_variance,-1.0,1.0,obsval,4.0,0.1,30,0.1,crossfit_rank_empty_standdown,1.0,4,50,1,471.85227178316563,-0.09969428069942932,-0.09969428069942932,-0.09969428069942932,0.0,0.00019341863614683562,-6.885016525763306e-05,0.0,0.5,0.0,reference,3.552713678800501e-18,0.0,nan,nan,nan,,,nan,nan,nan,nan,nan,nan,nan,nan,0.0,0.2455,nan,0.0,0,274,nan,0.18601493550577053,0.0,0.0,0.0,-0.10858650448182026,-0.10858650448182026,0.0,nan,nan,1.7476858994654938,1.7476858994654938
m01-j0255,manifest.tsv,dml2_real_real_breast_cancer_misaligned_ctmle_n6000_s2_chunk14.reps.csv,real_breast_cancer_misaligned,box,6000,0.05,2.0,estimated_residual_lowp_supported,ctmle,estimated,xgboost,xgboost,if_residual,1.0,0.0|0.25|0.5|1.0,aipw_variance,-1.0,1.0,obsval,4.0,0.1,30,0.1,crossfit_rank_empty_standdown,1.0,4,50,2,952.742181988433,-0.14016678571704966,-0.14016678571704966,-0.14016678571704966,0.0,8.324032734754148e-05,-4.863113920642909e-05,0.0,0.5,0.0,reference,3.552713678800501e-18,-1.1102230246251565e-16,nan,nan,nan,,,nan,nan,nan,nan,nan,nan,nan,nan,0.1,0.24833333333333332,0.975,0.3926174496644295,57,265,0.095,0.17785234899328858,-0.11583573582452338,-0.11583573582452338,0.0,-0.15085185055334613,-0.15085185055334613,0.0,2.787155792604846,2.787155792604846,1.9637245015424423,1.9637245015424423
m01-j0255,manifest.tsv,dml2_real_real_breast_cancer_misaligned_ctmle_n6000_s2_chunk14.reps.csv,real_breast_cancer_misaligned,box,6000,0.05,2.0,estimated_residual_lowp_supported,ctmle,estimated,xgboost,xgboost,if_residual,1.0,0.0|0.25|0.5|1.0,aipw_variance,-1.0,1.0,obsval,4.0,0.1,30,0.1,crossfit_rank_empty_standdown,1.0,4,50,3,1420.13137737941,-0.06385759005802794,-0.06385759005802794,-0.06385759005802794,0.0,0.00022363404118863053,-0.00017049291969693835,0.0,0.5,0.0,reference,-1.1842378929335004e-17,-1.1102230246251565e-16,nan,nan,nan,,,nan,nan,nan,nan,nan,nan,nan,nan,0.0,0.244,nan,0.0,0,256,nan,0.17486338797814208,0.0,0.0,0.0,-0.0814951056838167,-0.0814951056838167,0.0,nan,nan,1.850764738009257,1.850764738009257
m01-j0255,manifest.tsv,dml2_real_real_breast_cancer_misaligned_ctmle_n6000_s2_chunk14.reps.csv,real_breast_cancer_misaligned,box,6000,0.05,2.0,estimated_residual_lowp_supported,ctmle,estimated,xgboost,xgboost,if_residual,1.0,0.0|0.25|0.5|1.0,aipw_variance,-1.0,1.0,obsval,4.0,0.1,30,0.1,crossfit_rank_empty_standdown,1.0,4,50,4,1884.9392746044323,-0.11429030210919133,-0.11429030210919133,-0.11429030210919133,0.0,0.00010985613815357948,1.200217264680668e-06,0.0,0.5,0.0,reference,0.0,0.0,nan,nan,nan,,,nan,nan,nan,nan,nan,nan,nan,nan,0.075,0.25066666666666665,0.9555555555555556,0.2859042553191489,34,286,0.07555555555555556,0.1901595744680851,-0.05792856072278079,-0.05792856072278079,0.0,-0.10080031465203715,-0.10080031465203715,0.0,2.459819330342633,2.459819330342633,1.8037861205062178,1.8037861205062178
m01-j0256,manifest.tsv,dml2_real_real_breast_cancer_misaligned_ctmle_n6000_s2_chunk15.reps.csv,real_breast_cancer_misaligned,box,6000,0.05,2.0,estimated_residual_lowp_supported,ctmle,estimated,xgboost,xgboost,if_residual,1.0,0.0|0.25|0.5|1.0,aipw_variance,-1.0,1.0,obsval,4.0,0.1,30,0.1,crossfit_rank_empty_standdown,1.0,4,50,1,472.4290022812784,-0.0833661301512586,-0.0833661301512586,-0.0833661301512586,0.0,0.0002105383374034443,-7.564181327137385e-05,0.0,0.5,0.0,reference,-2.960594732333751e-18,0.0,nan,nan,nan,,,nan,nan,nan,nan,nan,nan,nan,nan,0.075,0.2435,0.9488888888888889,0.2922655715263518,51,267,0.11333333333333333,0.18275154004106775,-0.04756093656989007,-0.04756093656989007,0.0,-0.11011958139900767,-0.11011958139900767,0.0,2.525077242876536,2.525077242876536,1.8817547827391192,1.8817547827391192
m01-j0256,manifest.tsv,dml2_real_real_breast_cancer_misaligned_ctmle_n6000_s2_chunk15.reps.csv,real_breast_cancer_misaligned,box,6000,0.05,2.0,estimated_residual_lowp_supported,ctmle,estimated,xgboost,xgboost,if_residual,1.0,0.0|0.25|0.5|1.0,aipw_variance,-1.0,1.0,obsval,4.0,0.1,30,0.1,crossfit_rank_empty_standdown,1.0,4,50,2,944.5272346548736,-0.10731873110747858,-0.10731873110747858,-0.10731873110747858,0.0,7.885414075331693e-05,-6.422584626171088e-05,0.0,0.5,0.0,reference,1.0066022089934753e-17,0.0,nan,nan,nan,,,nan,nan,nan,nan,nan,nan,nan,nan,0.1,0.24216666666666667,0.9633333333333334,0.3977976600137646,77,261,0.12833333333333333,0.17962835512732278,-0.08952291589508615,-0.08952291589508615,0.0,-0.12132456007831358,-0.12132456007831358,0.0,2.7638495813477193,2.7638495813477193,1.9710251038896338,1.9710251038896338
m01-j0256,manifest.tsv,dml2_real_real_breast_cancer_misaligned_ctmle_n6000_s2_chunk15.reps.csv,real_breast_cancer_misaligned,box,6000,0.05,2.0,estimated_residual_lowp_supported,ctmle,estimated,xgboost,xgboost,if_residual,1.0,0.0|0.25|0.5|1.0,aipw_variance,-1.0,1.0,obsval,4.0,0.1,30,0.1,crossfit_rank_empty_standdown,1.0,4,50,3,1416.2276031943038,-0.10153664791563521,-0.10153664791563521,-0.10153664791563521,0.0,0.0002051959008159657,-5.1364811283126756e-05,0.0,0.5,0.0,reference,-1.0658141036401503e-17,1.1102230246251565e-16,nan,nan,nan,,,nan,nan,nan,nan,nan,nan,nan,nan,0.1,0.24316666666666667,0.955,0.39273474982864975,75,284,0.125,0.19465387251542152,-0.043021548121487105,-0.043021548121487105,0.0,-0.0833010287670182,-0.0833010287670182,0.0,2.1017051765253916,2.1017051765253916,1.6541089262380737,1.6541089262380737
m01-j0256,manifest.tsv,dml2_real_real_breast_cancer_misaligned_ctmle_n6000_s2_chunk15.reps.csv,real_breast_cancer_misaligned,box,6000,0.05,2.0,estimated_residual_lowp_supported,ctmle,estimated,xgboost,xgboost,if_residual,1.0,0.0|0.25|0.5|1.0,aipw_variance,-1.0,1.0,obsval,4.0,0.1,30,0.1,crossfit_rank_empty_standdown,1.0,4,50,4,1884.8019293164834,-0.030772760665421783,-0.030772760665421783,-0.030772760665421783,0.0,0.0003645114010521265,-0.00023990605872592887,0.0,0.5,0.0,reference,2.1316282072803006e-17,0.0,nan,nan,nan,,,nan,nan,nan,nan,nan,nan,nan,nan,0.0,0.241,nan,0.0,0,263,nan,0.18188105117565698,0.0,0.0,0.0,-0.04302112298795403,-0.04302112298795403,0.0,nan,nan,1.9696445558800204,1.9696445558800204
m01-j0257,manifest.tsv,dml2_real_real_breast_cancer_misaligned_ctmle_n6000_s2_chunk16.reps.csv,real_breast_cancer_misaligned,box,6000,0.05,2.0,estimated_residual_lowp_supported,ctmle,estimated,xgboost,xgboost,if_residual,1.0,0.0|0.25|0.5|1.0,aipw_variance,-1.0,1.0,obsval,4.0,0.1,30,0.1,crossfit_rank_empty_standdown,1.0,4,50,1,478.7854519356042,-0.08867613166781907,-0.08867613166781907,-0.08867613166781907,0.0,0.00011005990754376022,-0.00018403152492996264,0.0,0.5,0.0,reference,2.3684757858670005e-18,0.0,nan,nan,nan,,,nan,nan,nan,nan,nan,nan,nan,nan,0.05,0.24633333333333332,0.9666666666666667,0.19621109607577808,32,260,0.10666666666666667,0.17591339648173207,-0.052827346136472254,-0.052827346136472254,0.0,-0.11077503117566649,-0.11077503117566649,0.0,2.6772478015400485,2.6772478015400485,1.7575012971866475,1.7575012971866475
m01-j0257,manifest.tsv,dml2_real_real_breast_cancer_misaligned_ctmle_n6000_s2_chunk16.reps.csv,real_breast_cancer_misaligned,box,6000,0.05,2.0,estimated_residual_lowp_supported,ctmle,estimated,xgboost,xgboost,if_residual,1.0,0.0|0.25|0.5|1.0,aipw_variance,-1.0,1.0,obsval,4.0,0.1,30,0.1,crossfit_rank_empty_standdown,1.0,4,50,2,945.3142683552578,-0.1290794520691494,-0.1290794520691494,-0.1290794520691494,0.0,0.00018419787493856483,1.3543326439604706e-05,0.0,0.5,0.0,reference,-5.921189464667502e-18,0.0,nan,nan,nan,,,nan,nan,nan,nan,nan,nan,nan,nan,0.0,0.25116666666666665,nan,0.0,0,268,nan,0.17783676177836763,0.0,0.0,0.0,-0.14275522766149948,-0.14275522766149948,0.0,nan,nan,2.1445199873267056,2.1445199873267056
m01-j0257,manifest.tsv,dml2_real_real_breast_cancer_misaligned_ctmle_n6000_s2_chunk16.reps.csv,real_breast_cancer_misaligned,box,6000,0.05,2.0,estimated_residual_lowp_supported,ctmle,estimated,xgboost,xgboost,if_residual,1.0,0.0|0.25|0.5|1.0,aipw_variance,-1.0,1.0,obsval,4.0,0.1,30,0.1,crossfit_rank_empty_standdown,1.0,4,50,3,1407.4837312055752,-0.11797135202483944,-0.11797135202483944,-0.11797135202483944,0.0,0.00017680545906023637,-0.0001544963392685803,0.0,0.5,0.0,reference,6.5133084111342516e-18,0.0,nan,nan,nan,,,nan,nan,nan,nan,nan,nan,nan,nan,0.1,0.2445,0.9766666666666667,0.3994546693933197,49,261,0.08166666666666667,0.17791411042944785,-0.08405246792931939,-0.08405246792931939,0.0,-0.11523476911678139,-0.11523476911678139,0.0,2.399500455659831,2.399500455659831,1.8123801061777962,1.8123801061777962
m01-j0257,manifest.tsv,dml2_real_real_breast_cancer_misaligned_ctmle_n6000_s2_chunk16.reps.csv,real_breast_cancer_misaligned,box,6000,0.05,2.0,estimated_residual_lowp_supported,ctmle,estimated,xgboost,xgboost,if_residual,1.0,0.0|0.25|0.5|1.0,aipw_variance,-1.0,1.0,obsval,4.0,0.1,30,0.1,crossfit_rank_empty_standdown,1.0,4,50,4,1870.9629719723016,-0.1341631455002139,-0.1341631455002139,-0.1341631455002139,0.0,0.00026139146825631104,-0.00016201415059229258,0.0,0.5,0.0,reference,0.0,-1.1102230246251565e-16,nan,nan,nan,,,nan,nan,nan,nan,nan,nan,nan,nan,0.05,0.24066666666666667,0.9466666666666667,0.19667590027700832,34,254,0.11333333333333333,0.17590027700831026,-0.06835151897265282,-0.06835151897265282,0.0,-0.10532424192150483,-0.10532424192150483,0.0,2.952580725354866,2.952580725354866,1.8583375461014635,1.8583375461014635
m01-j0258,manifest.tsv,dml2_real_real_breast_cancer_misaligned_ctmle_n6000_s2_chunk17.reps.csv,real_breast_cancer_misaligned,box,6000,0.05,2.0,estimated_residual_lowp_supported,ctmle,estimated,xgboost,xgboost,if_residual,1.0,0.0|0.25|0.5|1.0,aipw_variance,-1.0,1.0,obsval,4.0,0.1,30,0.1,crossfit_rank_empty_standdown,1.0,4,50,1,469.60304217226803,-0.07975389560489643,-0.07975389560489643,-0.07975389560489643,0.0,0.00016671335982589887,-0.0002464001260255313,0.0,0.5,0.0,reference,-1.0658141036401503e-17,0.0,nan,nan,nan,,,nan,nan,nan,nan,nan,nan,nan,nan,0.1,0.24883333333333332,0.975,0.39182853315472205,61,262,0.10166666666666667,0.17548559946416611,-0.06099158248534105,-0.06099158248534105,0.0,-0.08471189768450758,-0.08471189768450758,0.0,2.297446052641822,2.297446052641822,1.7325404542571539,1.7325404542571539
m01-j0258,manifest.tsv,dml2_real_real_breast_cancer_misaligned_ctmle_n6000_s2_chunk17.reps.csv,real_breast_cancer_misaligned,box,6000,0.05,2.0,estimated_residual_lowp_supported,ctmle,estimated,xgboost,xgboost,if_residual,1.0,0.0|0.25|0.5|1.0,aipw_variance,-1.0,1.0,obsval,4.0,0.1,30,0.1,crossfit_rank_empty_standdown,1.0,4,50,2,939.1277120737359,-0.04713304422210218,-0.04713304422210218,-0.04713304422210218,0.0,0.0006721433029934507,-0.00021367530577369584,0.0,0.5,0.0,reference,1.4210854715202004e-17,0.0,nan,nan,nan,,,nan,nan,nan,nan,nan,nan,nan,nan,0.075,0.2415,0.9622222222222222,0.29882677708764666,38,271,0.08444444444444445,0.18702553485162182,-0.01526379398716926,-0.01526379398716926,0.0,-0.0612003158412352,-0.0612003158412352,0.0,3.2388468029226036,3.2388468029226036,2.222659539287866,2.222659539287866
m01-j0258,manifest.tsv,dml2_real_real_breast_cancer_misaligned_ctmle_n6000_s2_chunk17.reps.csv,real_breast_cancer_misaligned,box,6000,0.05,2.0,estimated_residual_lowp_supported,ctmle,estimated,xgboost,xgboost,if_residual,1.0,0.0|0.25|0.5|1.0,aipw_variance,-1.0,1.0,obsval,4.0,0.1,30,0.1,crossfit_rank_empty_standdown,1.0,4,50,3,1412.8797604823485,-0.07663188084648409,-0.07663188084648409,-0.07663188084648409,0.0,0.0001331040076415239,3.8340959996344993e-05,0.0,0.5,0.0,reference,-1.4210854715202004e-17,0.0,nan,nan,nan,,,nan,nan,nan,nan,nan,nan,nan,nan,0.1,0.24083333333333334,0.9533333333333334,0.3958477508650519,67,274,0.11166666666666666,0.18961937716262975,-0.05171801460388952,-0.05171801460388952,0.0,-0.08009752691706871,-0.08009752691706871,0.0,2.7989149594164857,2.7989149594164857,1.9818764494910999,1.9818764494910999
m01-j0258,manifest.tsv,dml2_real_real_breast_cancer_misaligned_ctmle_n6000_s2_chunk17.reps.csv,real_breast_cancer_misaligned,box,6000,0.05,2.0,estimated_residual_lowp_supported,ctmle,estimated,xgboost,xgboost,if_residual,1.0,0.0|0.25|0.5|1.0,aipw_variance,-1.0,1.0,obsval,4.0,0.1,30,0.1,crossfit_rank_empty_standdown,1.0,4,50,4,1880.0168152861297,-0.08749306164638027,-0.08749306164638027,-0.08749306164638027,0.0,0.0001644439398451169,-6.734889255769578e-05,0.0,0.5,0.0,reference,9.473903143468002e-18,-1.1102230246251565e-16,nan,nan,nan,,,nan,nan,nan,nan,nan,nan,nan,nan,0.1,0.24083333333333334,0.96,0.3986159169550173,57,258,0.095,0.17854671280276815,-0.0788919411223933,-0.0788919411223933,0.0,-0.1048893852797962,-0.1048893852797962,0.0,2.623788072286454,2.623788072286454,1.8893690553700688,1.8893690553700688
m01-j0259,manifest.tsv,dml2_real_real_breast_cancer_misaligned_ctmle_n6000_s2_chunk18.reps.csv,real_breast_cancer_misaligned,box,6000,0.05,2.0,estimated_residual_lowp_supported,ctmle,estimated,xgboost,xgboost,if_residual,1.0,0.0|0.25|0.5|1.0,aipw_variance,-1.0,1.0,obsval,4.0,0.1,30,0.1,crossfit_rank_empty_standdown,1.0,4,50,1,472.8300912193954,-0.04367413394952413,-0.04367413394952413,-0.04367413394952413,0.0,0.00010267609397598835,-5.928587783733349e-05,0.0,0.5,0.0,reference,9.473903143468002e-18,1.1102230246251565e-16,nan,nan,nan,,,nan,nan,nan,nan,nan,nan,nan,nan,0.1,0.2405,0.9566666666666667,0.39778239778239777,69,276,0.115,0.19126819126819128,-0.06709080677439289,-0.06709080677439289,0.0,-0.09900311139913401,-0.09900311139913401,0.0,2.833651031729078,2.833651031729078,2.002330808092456,2.002330808092456
m01-j0259,manifest.tsv,dml2_real_real_breast_cancer_misaligned_ctmle_n6000_s2_chunk18.reps.csv,real_breast_cancer_misaligned,box,6000,0.05,2.0,estimated_residual_lowp_supported,ctmle,estimated,xgboost,xgboost,if_residual,1.0,0.0|0.25|0.5|1.0,aipw_variance,-1.0,1.0,obsval,4.0,0.1,30,0.1,crossfit_rank_empty_standdown,1.0,4,50,2,944.3818753622472,-0.12840287711658793,-0.12840287711658793,-0.12840287711658793,0.0,9.750362658473058e-05,-4.486545614970064e-05,0.0,0.5,0.0,reference,-1.1842378929335003e-18,0.0,nan,nan,nan,,,nan,nan,nan,nan,nan,nan,nan,nan,0.05,0.24516666666666667,0.96,0.19578518014955812,35,297,0.11666666666666667,0.20190346702923181,-0.07503273525393798,-0.07503273525393798,0.0,-0.12797598918820005,-0.12797598918820005,0.0,3.376670822302953,3.376670822302953,2.0222835568204682,2.0222835568204682
m01-j0259,manifest.tsv,dml2_real_real_breast_cancer_misaligned_ctmle_n6000_s2_chunk18.reps.csv,real_breast_cancer_misaligned,box,6000,0.05,2.0,estimated_residual_lowp_supported,ctmle,estimated,xgboost,xgboost,if_residual,1.0,0.0|0.25|0.5|1.0,aipw_variance,-1.0,1.0,obsval,4.0,0.1,30,0.1,crossfit_rank_empty_standdown,1.0,4,50,3,1408.0646970337257,-0.07141936837018181,-0.07141936837018181,-0.07141936837018181,0.0,0.0002796587280832815,-0.00017015019535577777,0.0,0.5,0.0,reference,1.1842378929335003e-18,1.1102230246251565e-16,nan,nan,nan,,,nan,nan,nan,nan,nan,nan,nan,nan,0.075,0.24516666666666667,0.9288888888888889,0.2841604350781781,58,275,0.1288888888888889,0.18694765465669613,-0.044412472477639436,-0.044412472477639436,0.0,-0.07958785446859164,-0.07958785446859164,0.0,2.0411526416925576,2.0411526416925576,1.5983819072144914,1.5983819072144914
m01-j0259,manifest.tsv,dml2_real_real_breast_cancer_misaligned_ctmle_n6000_s2_chunk18.reps.csv,real_breast_cancer_misaligned,box,6000,0.05,2.0,estimated_residual_lowp_supported,ctmle,estimated,xgboost,xgboost,if_residual,1.0,0.0|0.25|0.5|1.0,aipw_variance,-1.0,1.0,obsval,4.0,0.1,30,0.1,crossfit_rank_empty_standdown,1.0,4,50,4,1873.283061680384,-0.040322354967304075,-0.040322354967304075,-0.040322354967304075,0.0,0.00039933580258927955,-0.00011264053822031077,0.0,0.5,0.0,reference,0.0,0.0,nan,nan,nan,,,nan,nan,nan,nan,nan,nan,nan,nan,0.075,0.247,0.9644444444444444,0.29284750337381915,45,266,0.1,0.1794871794871795,-0.027985554428935095,-0.027985554428935095,0.0,-0.054917174301167035,-0.054917174301167035,0.0,2.374899061951695,2.374899061951695,1.6665506679144917,1.6665506679144917
m01-j0260,manifest.tsv,dml2_real_real_breast_cancer_misaligned_ctmle_n6000_s2_chunk19.reps.csv,real_breast_cancer_misaligned,box,6000,0.05,2.0,estimated_residual_lowp_supported,ctmle,estimated,xgboost,xgboost,if_residual,1.0,0.0|0.25|0.5|1.0,aipw_variance,-1.0,1.0,obsval,4.0,0.1,30,0.1,crossfit_rank_empty_standdown,1.0,4,50,1,473.6515310285613,-0.09947630149968167,-0.09947630149968167,-0.09947630149968167,0.0,9.778658256561282e-05,-2.892881916878717e-05,0.0,0.5,0.0,reference,4.736951571734001e-18,0.0,nan,nan,nan,,,nan,nan,nan,nan,nan,nan,nan,nan,0.1,0.2395,0.975,0.407098121085595,43,265,0.07166666666666667,0.18441196938065413,-0.06452029705250667,-0.06452029705250667,0.0,-0.09669146639782487,-0.09669146639782487,0.0,2.5152607009978505,2.5152607009978505,1.8333312360768101,1.8333312360768101
m01-j0260,manifest.tsv,dml2_real_real_breast_cancer_misaligned_ctmle_n6000_s2_chunk19.reps.csv,real_breast_cancer_misaligned,box,6000,0.05,2.0,estimated_residual_lowp_supported,ctmle,estimated,xgboost,xgboost,if_residual,1.0,0.0|0.25|0.5|1.0,aipw_variance,-1.0,1.0,obsval,4.0,0.1,30,0.1,crossfit_rank_empty_standdown,1.0,4,50,2,948.7734326682985,-0.05813212078747387,-0.05813212078747387,-0.05813212078747387,0.0,0.00016426946969587712,-6.74658649474541e-05,0.0,0.5,0.0,reference,-7.105427357601002e-18,0.0,nan,nan,nan,,,nan,nan,nan,nan,nan,nan,nan,nan,0.05,0.24816666666666667,0.9533333333333334,0.19207521826729348,37,295,0.12333333333333334,0.19811954331766285,-0.045685756658138926,-0.045685756658138926,0.0,-0.08640046314235224,-0.08640046314235224,0.0,2.4267476851882988,2.4267476851882988,1.8214365797007743,1.8214365797007743
m01-j0260,manifest.tsv,dml2_real_real_breast_cancer_misaligned_ctmle_n6000_s2_chunk19.reps.csv,real_breast_cancer_misaligned,box,6000,0.05,2.0,estimated_residual_lowp_supported,ctmle,estimated,xgboost,xgboost,if_residual,1.0,0.0|0.25|0.5|1.0,aipw_variance,-1.0,1.0,obsval,4.0,0.1,30,0.1,crossfit_rank_empty_standdown,1.0,4,50,3,1421.7860864670947,-0.1700125852111739,-0.1700125852111739,-0.1700125852111739,0.0,0.00018297636470224242,-2.4956078953295314e-05,0.0,0.5,0.0,reference,1.1250259982868253e-17,0.0,nan,nan,nan,,,nan,nan,nan,nan,nan,nan,nan,nan,0.0,0.23916666666666667,nan,0.0,0,245,nan,0.17073170731707318,0.0,0.0,0.0,-0.14571530660802173,-0.14571530660802173,0.0,nan,nan,2.1086496531370886,2.1086496531370886
m01-j0260,manifest.tsv,dml2_real_real_breast_cancer_misaligned_ctmle_n6000_s2_chunk19.reps.csv,real_breast_cancer_misaligned,box,6000,0.05,2.0,estimated_residual_lowp_supported,ctmle,estimated,xgboost,xgboost,if_residual,1.0,0.0|0.25|0.5|1.0,aipw_variance,-1.0,1.0,obsval,4.0,0.1,30,0.1,crossfit_rank_empty_standdown,1.0,4,50,4,1886.5315154735,-0.10414493226378108,-0.10414493226378108,-0.10414493226378108,0.0,0.00024874400575263054,-1.8713971660162983e-06,0.0,0.5,0.0,reference,-9.473903143468002e-18,0.0,nan,nan,nan,,,nan,nan,nan,nan,nan,nan,nan,nan,0.1,0.246,0.9666666666666667,0.39295392953929537,60,269,0.1,0.18224932249322492,-0.05219106739219917,-0.05219106739219917,0.0,-0.09061683118722184,-0.09061683118722184,0.0,2.3576881852323823,2.3576881852323823,1.8447249801072836,1.8447249801072836
m01-j0261,manifest.tsv,dml2_real_real_breast_cancer_misaligned_ctmle_n6000_s2_chunk20.reps.csv,real_breast_cancer_misaligned,box,6000,0.05,2.0,estimated_residual_lowp_supported,ctmle,estimated,xgboost,xgboost,if_residual,1.0,0.0|0.25|0.5|1.0,aipw_variance,-1.0,1.0,obsval,4.0,0.1,30,0.1,crossfit_rank_empty_standdown,1.0,4,50,1,469.87866315431893,-0.0384132389735492,-0.0384132389735492,-0.0384132389735492,0.0,0.00025833031464269664,7.116231664760012e-05,0.0,0.5,0.0,reference,4.736951571734001e-18,0.0,nan,nan,nan,,,nan,nan,nan,nan,nan,nan,nan,nan,0.1,0.24366666666666667,0.9766666666666667,0.4008207934336525,65,269,0.10833333333333334,0.18399452804377564,-0.017936778778391425,-0.017936778778391425,0.0,-0.05164245971340777,-0.05164245971340777,0.0,2.737560107161532,2.737560107161532,1.940238016493994,1.940238016493994
m01-j0261,manifest.tsv,dml2_real_real_breast_cancer_misaligned_ctmle_n6000_s2_chunk20.reps.csv,real_breast_cancer_misaligned,box,6000,0.05,2.0,estimated_residual_lowp_supported,ctmle,estimated,xgboost,xgboost,if_residual,1.0,0.0|0.25|0.5|1.0,aipw_variance,-1.0,1.0,obsval,4.0,0.1,30,0.1,crossfit_rank_empty_standdown,1.0,4,50,2,933.6424152879044,0.023216260935021493,0.023216260935021493,0.023216260935021493,0.0,0.0003170595971494854,-0.00031319972451410096,0.0,0.5,0.0,reference,-7.105427357601002e-18,0.0,nan,nan,nan,,,nan,nan,nan,nan,nan,nan,nan,nan,0.075,0.24416666666666667,0.9511111111111111,0.29215017064846416,43,271,0.09555555555555556,0.1849829351535836,-0.0017892404657176173,-0.0017892404657176173,0.0,-0.013971431938534944,-0.013971431938534944,0.0,2.5067214341071438,2.5067214341071438,1.9256955860168896,1.9256955860168896
m01-j0261,manifest.tsv,dml2_real_real_breast_cancer_misaligned_ctmle_n6000_s2_chunk20.reps.csv,real_breast_cancer_misaligned,box,6000,0.05,2.0,estimated_residual_lowp_supported,ctmle,estimated,xgboost,xgboost,if_residual,1.0,0.0|0.25|0.5|1.0,aipw_variance,-1.0,1.0,obsval,4.0,0.1,30,0.1,crossfit_rank_empty_standdown,1.0,4,50,3,1407.2701982790604,-0.19281283639686247,-0.19281283639686247,-0.19281283639686247,0.0,0.00010774277123137138,4.648595001009552e-05,0.0,0.5,0.0,reference,1.1842378929335004e-17,0.0,nan,nan,nan,,,nan,nan,nan,nan,nan,nan,nan,nan,0.075,0.23533333333333334,0.9777777777777777,0.311614730878187,31,247,0.06888888888888889,0.17492917847025496,-0.13335509194425338,-0.13335509194425338,0.0,-0.16479040370297593,-0.16479040370297593,0.0,3.8480373192887343,3.8480373192887343,2.363672986671319,2.363672986671319
m01-j0261,manifest.tsv,dml2_real_real_breast_cancer_misaligned_ctmle_n6000_s2_chunk20.reps.csv,real_breast_cancer_misaligned,box,6000,0.05,2.0,estimated_residual_lowp_supported,ctmle,estimated,xgboost,xgboost,if_residual,1.0,0.0|0.25|0.5|1.0,aipw_variance,-1.0,1.0,obsval,4.0,0.1,30,0.1,crossfit_rank_empty_standdown,1.0,4,50,4,1872.8740922566503,-0.07093258812946701,-0.07093258812946701,-0.07093258812946701,0.0,0.0002246287879689589,-0.00010988893897241766,0.0,0.5,0.0,reference,1.7763568394002505e-18,0.0,nan,nan,nan,,,nan,nan,nan,nan,nan,nan,nan,nan,0.075,0.24566666666666667,0.9622222222222222,0.2937584803256445,34,255,0.07555555555555556,0.17299864314789687,-0.06687963348325596,-0.06687963348325596,0.0,-0.0845498284579099,-0.0845498284579099,0.0,2.6339346460904665,2.6339346460904665,1.8416918114128478,1.8416918114128478
m01-j0262,manifest.tsv,dml2_real_real_breast_cancer_misaligned_ctmle_n6000_s2_chunk21.reps.csv,real_breast_cancer_misaligned,box,6000,0.05,2.0,estimated_residual_lowp_supported,ctmle,estimated,xgboost,xgboost,if_residual,1.0,0.0|0.25|0.5|1.0,aipw_variance,-1.0,1.0,obsval,4.0,0.1,30,0.1,crossfit_rank_empty_standdown,1.0,4,50,1,482.91363576054573,-0.08602773089114468,-0.08602773089114468,-0.08602773089114468,0.0,0.0001257950894369168,-1.7505343082256522e-05,0.0,0.5,0.0,reference,1.8947806286936004e-17,0.0,nan,nan,nan,,,nan,nan,nan,nan,nan,nan,nan,nan,0.1,0.25083333333333335,0.9666666666666667,0.3853820598006645,61,288,0.10166666666666667,0.19136212624584717,-0.07438779329791322,-0.07438779329791322,0.0,-0.10252928196894728,-0.10252928196894728,0.0,2.7579567184475016,2.7579567184475016,1.9656248863039796,1.9656248863039796
m01-j0262,manifest.tsv,dml2_real_real_breast_cancer_misaligned_ctmle_n6000_s2_chunk21.reps.csv,real_breast_cancer_misaligned,box,6000,0.05,2.0,estimated_residual_lowp_supported,ctmle,estimated,xgboost,xgboost,if_residual,1.0,0.0|0.25|0.5|1.0,aipw_variance,-1.0,1.0,obsval,4.0,0.1,30,0.1,crossfit_rank_empty_standdown,1.0,4,50,2,962.9980085501447,-0.12133745186372236,-0.12133745186372236,-0.12133745186372236,0.0,0.00011286247128202993,-1.7973410219031824e-05,0.0,0.5,0.0,reference,-7.105427357601002e-18,-1.1102230246251565e-16,nan,nan,nan,,,nan,nan,nan,nan,nan,nan,nan,nan,0.1,0.24083333333333334,0.97,0.4027681660899654,57,282,0.095,0.19515570934256055,-0.12016964450965545,-0.12016964450965545,0.0,-0.14280562760332163,-0.14280562760332163,0.0,3.208622399281893,3.208622399281893,2.1908932000132304,2.1908932000132304
m01-j0262,manifest.tsv,dml2_real_real_breast_cancer_misaligned_ctmle_n6000_s2_chunk21.reps.csv,real_breast_cancer_misaligned,box,6000,0.05,2.0,estimated_residual_lowp_supported,ctmle,estimated,xgboost,xgboost,if_residual,1.0,0.0|0.25|0.5|1.0,aipw_variance,-1.0,1.0,obsval,4.0,0.1,30,0.1,crossfit_rank_empty_standdown,1.0,4,50,3,1434.3092611981556,-0.17601077761994388,-0.17601077761994388,-0.17601077761994388,0.0,6.863535025241729e-05,-1.8573269564755635e-05,0.0,0.5,0.0,reference,-2.3684757858670005e-18,0.0,nan,nan,nan,,,nan,nan,nan,nan,nan,nan,nan,nan,0.05,0.246,0.9566666666666667,0.19444444444444445,30,257,0.1,0.17411924119241193,-0.11254192536250897,-0.11254192536250897,0.0,-0.17343418067828226,-0.17343418067828226,0.0,4.332866335861393,4.332866335861393,2.3651621602620274,2.3651621602620274
m01-j0262,manifest.tsv,dml2_real_real_breast_cancer_misaligned_ctmle_n6000_s2_chunk21.reps.csv,real_breast_cancer_misaligned,box,6000,0.05,2.0,estimated_residual_lowp_supported,ctmle,estimated,xgboost,xgboost,if_residual,1.0,0.0|0.25|0.5|1.0,aipw_variance,-1.0,1.0,obsval,4.0,0.1,30,0.1,crossfit_rank_empty_standdown,1.0,4,50,4,1902.843193299137,-0.03410325481373,-0.03410325481373,-0.03410325481373,0.0,0.0002810561317883658,-6.068342274033922e-05,0.0,0.5,0.0,reference,-5.921189464667502e-18,0.0,nan,nan,nan,,,nan,nan,nan,nan,nan,nan,nan,nan,0.1,0.24116666666666667,0.9316666666666666,0.3863165169315826,64,288,0.10666666666666667,0.1990324809951624,-0.016335812944460723,-0.016335812944460723,0.0,-0.03283055848647096,-0.03283055848647096,0.0,2.4488847985800155,2.4488847985800155,1.8117517353106756,1.8117517353106756
m01-j0263,manifest.tsv,dml2_real_real_breast_cancer_misaligned_ctmle_n6000_s2_chunk22.reps.csv,real_breast_cancer_misaligned,box,6000,0.05,2.0,estimated_residual_lowp_supported,ctmle,estimated,xgboost,xgboost,if_residual,1.0,0.0|0.25|0.5|1.0,aipw_variance,-1.0,1.0,obsval,4.0,0.1,30,0.1,crossfit_rank_empty_standdown,1.0,4,50,1,472.8498632404953,-0.09338782045950833,-0.09338782045950833,-0.09338782045950833,0.0,0.00017576772179597245,6.4451890802266244e-06,0.0,0.5,0.0,reference,5.625129991434126e-18,0.0,nan,nan,nan,,,nan,nan,nan,nan,nan,nan,nan,nan,0.075,0.2495,0.9466666666666667,0.2845691382765531,45,264,0.1,0.17635270541082165,-0.05937550322757272,-0.05937550322757272,0.0,-0.10067741993839298,-0.10067741993839298,0.0,2.5120727932868774,2.5120727932868774,1.7370707315689395,1.7370707315689395
m01-j0263,manifest.tsv,dml2_real_real_breast_cancer_misaligned_ctmle_n6000_s2_chunk22.reps.csv,real_breast_cancer_misaligned,box,6000,0.05,2.0,estimated_residual_lowp_supported,ctmle,estimated,xgboost,xgboost,if_residual,1.0,0.0|0.25|0.5|1.0,aipw_variance,-1.0,1.0,obsval,4.0,0.1,30,0.1,crossfit_rank_empty_standdown,1.0,4,50,2,945.6060111606494,-0.10691850052605245,-0.10691850052605245,-0.10691850052605245,0.0,0.00018447928875615265,4.1625046825904044e-05,0.0,0.5,0.0,reference,-5.921189464667502e-18,1.1102230246251565e-16,nan,nan,nan,,,nan,nan,nan,nan,nan,nan,nan,nan,0.0,0.24233333333333335,nan,0.0,0,260,nan,0.17881705639614856,0.0,0.0,0.0,-0.11905153229081465,-0.11905153229081465,0.0,nan,nan,1.958078533794729,1.958078533794729
m01-j0263,manifest.tsv,dml2_real_real_breast_cancer_misaligned_ctmle_n6000_s2_chunk22.reps.csv,real_breast_cancer_misaligned,box,6000,0.05,2.0,estimated_residual_lowp_supported,ctmle,estimated,xgboost,xgboost,if_residual,1.0,0.0|0.25|0.5|1.0,aipw_variance,-1.0,1.0,obsval,4.0,0.1,30,0.1,crossfit_rank_empty_standdown,1.0,4,50,3,1415.3226979738101,-0.049165799171638325,-0.049165799171638325,-0.049165799171638325,0.0,0.0004283630636802622,-0.0002685489893849188,0.0,0.5,0.0,reference,-2.3684757858670005e-18,0.0,nan,nan,nan,,,nan,nan,nan,nan,nan,nan,nan,nan,0.1,0.243,0.96,0.3950617283950617,65,258,0.10833333333333334,0.17695473251028807,-0.0472817660173662,-0.0472817660173662,0.0,-0.07748071179366317,-0.07748071179366317,0.0,2.7225179105543975,2.7225179105543975,1.9781852276078709,1.9781852276078709
m01-j0263,manifest.tsv,dml2_real_real_breast_cancer_misaligned_ctmle_n6000_s2_chunk22.reps.csv,real_breast_cancer_misaligned,box,6000,0.05,2.0,estimated_residual_lowp_supported,ctmle,estimated,xgboost,xgboost,if_residual,1.0,0.0|0.25|0.5|1.0,aipw_variance,-1.0,1.0,obsval,4.0,0.1,30,0.1,crossfit_rank_empty_standdown,1.0,4,50,4,1883.6763733318076,-0.1921930799219873,-0.1921930799219873,-0.1921930799219873,0.0,0.00010015146361365174,-4.0069843323642254e-05,0.0,0.5,0.0,reference,-9.473903143468002e-18,1.1102230246251565e-16,nan,nan,nan,,,nan,nan,nan,nan,nan,nan,nan,nan,0.0,0.24883333333333332,nan,0.0,0,275,nan,0.1841929002009377,0.0,0.0,0.0,-0.19548906712286143,-0.19548906712286143,0.0,nan,nan,2.3555673236619326,2.3555673236619326
m01-j0264,manifest.tsv,dml2_real_real_breast_cancer_misaligned_ctmle_n6000_s2_chunk23.reps.csv,real_breast_cancer_misaligned,box,6000,0.05,2.0,estimated_residual_lowp_supported,ctmle,estimated,xgboost,xgboost,if_residual,1.0,0.0|0.25|0.5|1.0,aipw_variance,-1.0,1.0,obsval,4.0,0.1,30,0.1,crossfit_rank_empty_standdown,1.0,4,50,1,470.44464879482985,-0.09373196664647443,-0.09373196664647443,-0.09373196664647443,0.0,0.0003906143622144833,-0.00013069156240232594,0.0,0.5,0.0,reference,1.0658141036401503e-17,0.0,nan,nan,nan,,,nan,nan,nan,nan,nan,nan,nan,nan,0.0,0.24566666666666667,nan,0.0,0,247,nan,0.16757123473541383,0.0,0.0,0.0,-0.08551704964910903,-0.08551704964910903,0.0,nan,nan,1.9404831588287828,1.9404831588287828
m01-j0264,manifest.tsv,dml2_real_real_breast_cancer_misaligned_ctmle_n6000_s2_chunk23.reps.csv,real_breast_cancer_misaligned,box,6000,0.05,2.0,estimated_residual_lowp_supported,ctmle,estimated,xgboost,xgboost,if_residual,1.0,0.0|0.25|0.5|1.0,aipw_variance,-1.0,1.0,obsval,4.0,0.1,30,0.1,crossfit_rank_empty_standdown,1.0,4,50,2,941.0157645586878,-0.0738087646636596,-0.0738087646636596,-0.0738087646636596,0.0,0.0002152096100018347,-9.561057312888299e-05,0.0,0.5,0.0,reference,-6.217248937900877e-18,1.1102230246251565e-16,nan,nan,nan,,,nan,nan,nan,nan,nan,nan,nan,nan,0.075,0.2465,0.9422222222222222,0.28668018931710615,47,276,0.10444444444444445,0.18661257606490872,-0.0571593066734471,-0.0571593066734471,0.0,-0.07059209787240014,-0.07059209787240014,0.0,2.6041786412523096,2.6041786412523096,1.86627849108956,1.86627849108956
m01-j0264,manifest.tsv,dml2_real_real_breast_cancer_misaligned_ctmle_n6000_s2_chunk23.reps.csv,real_breast_cancer_misaligned,box,6000,0.05,2.0,estimated_residual_lowp_supported,ctmle,estimated,xgboost,xgboost,if_residual,1.0,0.0|0.25|0.5|1.0,aipw_variance,-1.0,1.0,obsval,4.0,0.1,30,0.1,crossfit_rank_empty_standdown,1.0,4,50,3,1413.2666177460924,-0.12877636991089858,-0.12877636991089858,-0.12877636991089858,0.0,8.639502539315542e-05,-1.5032341473556897e-05,0.0,0.5,0.0,reference,-1.0362081563168128e-17,0.0,nan,nan,nan,,,nan,nan,nan,nan,nan,nan,nan,nan,0.1,0.24466666666666667,0.9766666666666667,0.3991825613079019,60,267,0.1,0.1818801089918256,-0.08746934991058239,-0.08746934991058239,0.0,-0.11365551812983957,-0.11365551812983957,0.0,2.927538132259076,2.927538132259076,2.047009274745059,2.047009274745059
m01-j0264,manifest.tsv,dml2_real_real_breast_cancer_misaligned_ctmle_n6000_s2_chunk23.reps.csv,real_breast_cancer_misaligned,box,6000,0.05,2.0,estimated_residual_lowp_supported,ctmle,estimated,xgboost,xgboost,if_residual,1.0,0.0|0.25|0.5|1.0,aipw_variance,-1.0,1.0,obsval,4.0,0.1,30,0.1,crossfit_rank_empty_standdown,1.0,4,50,4,1884.753861005418,-0.14614704695732372,-0.14614704695732372,-0.14614704695732372,0.0,0.00011656358984252387,1.5191016752502066e-05,0.0,0.5,0.0,reference,-1.3026616822268503e-17,0.0,nan,nan,nan,,,nan,nan,nan,nan,nan,nan,nan,nan,0.075,0.24133333333333334,0.9577777777777777,0.29765193370165743,45,246,0.1,0.16988950276243095,-0.11364333481887759,-0.11364333481887759,0.0,-0.14969252313906992,-0.14969252313906992,0.0,3.477997884756423,3.477997884756423,2.1645938232059656,2.1645938232059656
m01-j0265,manifest.tsv,dml2_real_real_breast_cancer_misaligned_cui_selective_ml_n6000_s2_chunk00.reps.csv,real_breast_cancer_misaligned,box,6000,0.05,2.0,estimated_residual_lowp_supported,cui_selective_ml,estimated,xgboost,xgboost,if_residual,1.0,0.0|0.25|0.5|1.0,aipw_variance,-1.0,1.0,obsval,4.0,0.1,30,0.1,crossfit_rank_empty_standdown,1.0,4,50,1,600.3972579138353,0.008216941832301594,-0.037037289112320515,0.008216941832301594,-0.04525423094462211,0.003303638243833262,-0.00414577235001741,0.0,nan,1.0,if_residual,nan,nan,nan,nan,nan,gradient_boosting,gradient_boosting,0.08683705885764319,nan,nan,nan,nan,nan,nan,nan,0.0,0.253,nan,0.0,0,298,nan,0.1963109354413702,0.0,0.0,0.0,-0.042867645106123745,-0.0349309150129414,0.007936730093182347,nan,nan,2.0455312114743114,1.8518280301282772
m01-j0265,manifest.tsv,dml2_real_real_breast_cancer_misaligned_cui_selective_ml_n6000_s2_chunk00.reps.csv,real_breast_cancer_misaligned,box,6000,0.05,2.0,estimated_residual_lowp_supported,cui_selective_ml,estimated,xgboost,xgboost,if_residual,1.0,0.0|0.25|0.5|1.0,aipw_variance,-1.0,1.0,obsval,4.0,0.1,30,0.1,crossfit_rank_empty_standdown,1.0,4,50,2,1206.035409770906,-0.118362905032941,-0.118362905032941,-0.118362905032941,0.0,0.0009819106263003925,-0.0004936778950677999,0.0,nan,0.0,reference,nan,nan,nan,nan,nan,random_forest,lasso,0.14131457059193855,nan,nan,nan,nan,nan,nan,nan,0.1,0.246,0.9616666666666667,0.39092140921409213,61,288,0.10166666666666667,0.1951219512195122,-0.07789162907132113,-0.07789162907132113,0.0,-0.11509330614011094,-0.11509330614011094,0.0,3.2435316917829855,3.2435316917829855,2.4782512356113435,2.4782512356113435
m01-j0265,manifest.tsv,dml2_real_real_breast_cancer_misaligned_cui_selective_ml_n6000_s2_chunk00.reps.csv,real_breast_cancer_misaligned,box,6000,0.05,2.0,estimated_residual_lowp_supported,cui_selective_ml,estimated,xgboost,xgboost,if_residual,1.0,0.0|0.25|0.5|1.0,aipw_variance,-1.0,1.0,obsval,4.0,0.1,30,0.1,crossfit_rank_empty_standdown,1.0,4,50,3,1808.3158072400838,0.12921853773872294,0.12921853773872294,0.12921853773872294,0.0,0.004762028698593651,-0.002674313211067922,0.0,nan,0.0,reference,nan,nan,nan,nan,nan,logistic_l1,gradient_boosting,0.028629290698537525,nan,nan,nan,nan,nan,nan,nan,0.05,0.2395,0.9766666666666667,0.20389700765483645,36,250,0.12,0.17397355601948503,0.04403540475664778,0.04403540475664778,0.0,0.04281112330860479,0.04281112330860479,0.0,3.886726968562768,3.886726968562768,2.2375696655945214,2.2375696655945214
m01-j0265,manifest.tsv,dml2_real_real_breast_cancer_misaligned_cui_selective_ml_n6000_s2_chunk00.reps.csv,real_breast_cancer_misaligned,box,6000,0.05,2.0,estimated_residual_lowp_supported,cui_selective_ml,estimated,xgboost,xgboost,if_residual,1.0,0.0|0.25|0.5|1.0,aipw_variance,-1.0,1.0,obsval,4.0,0.1,30,0.1,crossfit_rank_empty_standdown,1.0,4,50,4,2399.929262842983,-0.15519144668594131,-0.1456868805329834,-0.15519144668594131,0.009504566152957916,0.0021682388731218017,-0.00204121335653928,0.0,nan,0.25,if_residual,nan,nan,nan,nan,nan,random_forest,lasso,0.012175843228443563,nan,nan,nan,nan,nan,nan,nan,0.075,0.24283333333333335,0.9533333333333334,0.29444063143445437,42,255,0.09333333333333334,0.1750171585449554,-0.07377893429538301,-0.0663149653022699,0.007463968993113121,-0.10819502798567039,-0.0985198102865741,0.009675217699096295,4.188065423598869,3.84682007104973,2.676130385091998,2.4579701649414156
m01-j0266,manifest.tsv,dml2_real_real_breast_cancer_misaligned_cui_selective_ml_n6000_s2_chunk01.reps.csv,real_breast_cancer_misaligned,box,6000,0.05,2.0,estimated_residual_lowp_supported,cui_selective_ml,estimated,xgboost,xgboost,if_residual,1.0,0.0|0.25|0.5|1.0,aipw_variance,-1.0,1.0,obsval,4.0,0.1,30,0.1,crossfit_rank_empty_standdown,1.0,4,50,1,612.5477918060496,-0.10745853308359954,-0.10142786926623848,-0.10745853308359954,0.006030663817361059,0.0008914154166838445,-0.0006678456758850415,0.0,nan,0.5,if_residual,nan,nan,nan,nan,nan,gradient_boosting,gradient_boosting,0.00237612651953485,nan,nan,nan,nan,nan,nan,nan,0.1,0.24033333333333334,0.965,0.4015256588072122,52,251,0.08666666666666667,0.17406380027739252,0.020457348859330846,0.014670747994574128,0.005786600864756719,0.002307964441356653,-0.002203457523393569,0.00010450691796308389,3.512647092897162,3.286816903259887,2.4254127820057962,2.276526059671613
m01-j0266,manifest.tsv,dml2_real_real_breast_cancer_misaligned_cui_selective_ml_n6000_s2_chunk01.reps.csv,real_breast_cancer_misaligned,box,6000,0.05,2.0,estimated_residual_lowp_supported,cui_selective_ml,estimated,xgboost,xgboost,if_residual,1.0,0.0|0.25|0.5|1.0,aipw_variance,-1.0,1.0,obsval,4.0,0.1,30,0.1,crossfit_rank_empty_standdown,1.0,4,50,2,1218.904249981977,-0.13681480760444575,-0.10617977258683975,-0.13681480760444575,0.030635035017606005,0.0006031554431178161,-0.000593396298942572,0.0,nan,1.0,if_residual,nan,nan,nan,nan,nan,gradient_boosting,random_forest,0.13705698793751347,nan,nan,nan,nan,nan,nan,nan,0.075,0.238,0.9511111111111111,0.29971988795518206,40,272,0.08888888888888889,0.19047619047619047,0.0022200943339002995,0.008709376514043944,-0.006489282180143645,-0.019870741354719803,-0.010408663203704985,0.009462078151014817,4.061907470448251,3.7682077544492154,2.5017532523346486,2.331195007562369
m01-j0266,manifest.tsv,dml2_real_real_breast_cancer_misaligned_cui_selective_ml_n6000_s2_chunk01.reps.csv,real_breast_cancer_misaligned,box,6000,0.05,2.0,estimated_residual_lowp_supported,cui_selective_ml,estimated,xgboost,xgboost,if_residual,1.0,0.0|0.25|0.5|1.0,aipw_variance,-1.0,1.0,obsval,4.0,0.1,30,0.1,crossfit_rank_empty_standdown,1.0,4,50,3,1818.880794107914,-0.047483307505736594,-0.034642947828982806,-0.047483307505736594,0.012840359676753788,0.0009822731489752038,-0.0007983895203905373,0.0,nan,0.5,if_residual,nan,nan,nan,nan,nan,gradient_boosting,gradient_boosting,0.00538293350401749,nan,nan,nan,nan,nan,nan,nan,0.1,0.25166666666666665,0.955,0.3794701986754967,61,272,0.10166666666666667,0.18013245033112582,-0.0256070776718687,-0.021415583465000883,0.004191494206867815,-0.05178875207673875,-0.04666331902034015,0.0051254330563986,3.2062455894612802,2.9530871365789384,2.228838137032273,2.0536696214818124
m01-j0266,manifest.tsv,dml2_real_real_breast_cancer_misaligned_cui_selective_ml_n6000_s2_chunk01.reps.csv,real_breast_cancer_misaligned,box,6000,0.05,2.0,estimated_residual_lowp_supported,cui_selective_ml,estimated,xgboost,xgboost,if_residual,1.0,0.0|0.25|0.5|1.0,aipw_variance,-1.0,1.0,obsval,4.0,0.1,30,0.1,crossfit_rank_empty_standdown,1.0,4,50,4,2404.410046379082,-0.08667903543569833,-0.08667903543569833,-0.08667903543569833,0.0,0.001543950223988982,-0.0011686435763601868,0.0,nan,0.0,reference,nan,nan,nan,nan,nan,gradient_boosting,gradient_boosting,0.02114871319083935,nan,nan,nan,nan,nan,nan,nan,0.1,0.24866666666666667,0.98,0.3941018766756032,48,257,0.08,0.1722520107238606,-0.024200515035433738,-0.024200515035433738,0.0,-0.05367264208609072,-0.05367264208609072,0.0,2.741180630777663,2.741180630777663,1.983516925616621,1.983516925616621
m01-j0267,manifest.tsv,dml2_real_real_breast_cancer_misaligned_cui_selective_ml_n6000_s2_chunk02.reps.csv,real_breast_cancer_misaligned,box,6000,0.05,2.0,estimated_residual_lowp_supported,cui_selective_ml,estimated,xgboost,xgboost,if_residual,1.0,0.0|0.25|0.5|1.0,aipw_variance,-1.0,1.0,obsval,4.0,0.1,30,0.1,crossfit_rank_empty_standdown,1.0,4,50,1,610.8356962874532,-0.047882466137462165,-0.009841949110717785,-0.047882466137462165,0.03804051702674438,0.0009995687866405454,-0.0005505300401880023,0.0,nan,1.0,if_residual,nan,nan,nan,nan,nan,gradient_boosting,lasso,0.014515871936015123,nan,nan,nan,nan,nan,nan,nan,0.1,0.24116666666666667,0.9683333333333334,0.40152038700760195,51,259,0.085,0.17899101589495509,-0.04831009027303542,-0.033020168083908646,0.015289922189126774,-0.07629554375145137,-0.05445988117921975,0.021835662572231615,3.5508394428095613,2.6867598372994426,2.66507435077387,2.0543834798435254
m01-j0267,manifest.tsv,dml2_real_real_breast_cancer_misaligned_cui_selective_ml_n6000_s2_chunk02.reps.csv,real_breast_cancer_misaligned,box,6000,0.05,2.0,estimated_residual_lowp_supported,cui_selective_ml,estimated,xgboost,xgboost,if_residual,1.0,0.0|0.25|0.5|1.0,aipw_variance,-1.0,1.0,obsval,4.0,0.1,30,0.1,crossfit_rank_empty_standdown,1.0,4,50,2,1218.287072950974,0.021562732112135885,0.021562732112135885,0.021562732112135885,0.0,0.0014153511848111911,-0.001291733205441342,0.0,nan,0.0,reference,nan,nan,nan,nan,nan,gradient_boosting,gradient_boosting,0.4021180378100149,nan,nan,nan,nan,nan,nan,nan,0.1,0.24316666666666667,0.955,0.39273474982864975,58,253,0.09666666666666666,0.17340644276901987,-0.028554307294813265,-0.028554307294813265,0.0,-0.04599973044051224,-0.04599973044051224,0.0,3.026222578982421,3.026222578982421,2.22680964982494,2.22680964982494
m01-j0267,manifest.tsv,dml2_real_real_breast_cancer_misaligned_cui_selective_ml_n6000_s2_chunk02.reps.csv,real_breast_cancer_misaligned,box,6000,0.05,2.0,estimated_residual_lowp_supported,cui_selective_ml,estimated,xgboost,xgboost,if_residual,1.0,0.0|0.25|0.5|1.0,aipw_variance,-1.0,1.0,obsval,4.0,0.1,30,0.1,crossfit_rank_empty_standdown,1.0,4,50,3,1816.9439049614593,-0.11753449151381834,-0.11604080358410973,-0.11753449151381834,0.0014936879297086092,0.0008885983855146887,-0.0006254546482241316,0.0,nan,1.0,if_residual,nan,nan,nan,nan,nan,gradient_boosting,gradient_boosting,0.024418325758961842,nan,nan,nan,nan,nan,nan,nan,0.0,0.24483333333333332,nan,0.0,0,245,nan,0.16678012253233493,0.0,0.0,0.0,-0.03962115018826698,-0.035696933062057463,0.003924217126209516,nan,nan,2.2855314503845046,2.070986799124126
m01-j0267,manifest.tsv,dml2_real_real_breast_cancer_misaligned_cui_selective_ml_n6000_s2_chunk02.reps.csv,real_breast_cancer_misaligned,box,6000,0.05,2.0,estimated_residual_lowp_supported,cui_selective_ml,estimated,xgboost,xgboost,if_residual,1.0,0.0|0.25|0.5|1.0,aipw_variance,-1.0,1.0,obsval,4.0,0.1,30,0.1,crossfit_rank_empty_standdown,1.0,4,50,4,2392.9674436589703,-0.059291321038155265,-0.059291321038155265,-0.059291321038155265,0.0,0.003943870240055748,-0.005015112078671273,0.0,nan,0.0,reference,nan,nan,nan,nan,nan,gradient_boosting,gradient_boosting,0.16124719499713946,nan,nan,nan,nan,nan,nan,nan,0.075,0.237,0.9711111111111111,0.3073136427566807,34,258,0.07555555555555556,0.18143459915611815,-0.0024461067477614395,-0.0024461067477614395,0.0,-0.027260022471789665,-0.027260022471789665,0.0,3.1379034217784865,3.1379034217784865,2.1623058120255436,2.1623058120255436
m01-j0268,manifest.tsv,dml2_real_real_breast_cancer_misaligned_cui_selective_ml_n6000_s2_chunk03.reps.csv,real_breast_cancer_misaligned,box,6000,0.05,2.0,estimated_residual_lowp_supported,cui_selective_ml,estimated,xgboost,xgboost,if_residual,1.0,0.0|0.25|0.5|1.0,aipw_variance,-1.0,1.0,obsval,4.0,0.1,30,0.1,crossfit_rank_empty_standdown,1.0,4,50,1,619.8181561352685,-0.06787003365275046,-0.04857184172396589,-0.06787003365275046,0.01929819192878457,0.0010245871913789942,-0.0007654277538343085,0.0,nan,1.0,if_residual,nan,nan,nan,nan,nan,gradient_boosting,random_forest,0.15769934812191222,nan,nan,nan,nan,nan,nan,nan,0.075,0.23866666666666667,0.9555555555555556,0.30027932960893855,46,256,0.10222222222222223,0.1787709497206704,-0.029459881368753514,-0.02268366445438292,0.006776216914370595,-0.05775162599805856,-0.044094136682519554,0.013657489315539006,3.533361034536947,3.3185780083977083,2.3047598401719283,2.2190902361350164
m01-j0268,manifest.tsv,dml2_real_real_breast_cancer_misaligned_cui_selective_ml_n6000_s2_chunk03.reps.csv,real_breast_cancer_misaligned,box,6000,0.05,2.0,estimated_residual_lowp_supported,cui_selective_ml,estimated,xgboost,xgboost,if_residual,1.0,0.0|0.25|0.5|1.0,aipw_variance,-1.0,1.0,obsval,4.0,0.1,30,0.1,crossfit_rank_empty_standdown,1.0,4,50,2,1230.5695847338066,0.027634259211350876,-0.017900302908875454,0.027634259211350876,-0.04553456212022633,0.004320559758275375,-0.0037611468557067164,0.0,nan,1.0,if_residual,nan,nan,nan,nan,nan,gradient_boosting,gradient_boosting,0.021121689338089965,nan,nan,nan,nan,nan,nan,nan,0.075,0.24933333333333332,0.9666666666666667,0.2907754010695187,48,291,0.10666666666666667,0.1945187165775401,-0.021243008687281736,-0.01618531071364765,0.0050576979736340864,-0.05320032049651948,-0.048568189986160026,0.004632130510359454,2.6878751883666756,2.130414906415951,2.0790244928469686,1.8569649772980283
m01-j0268,manifest.tsv,dml2_real_real_breast_cancer_misaligned_cui_selective_ml_n6000_s2_chunk03.reps.csv,real_breast_cancer_misaligned,box,6000,0.05,2.0,estimated_residual_lowp_supported,cui_selective_ml,estimated,xgboost,xgboost,if_residual,1.0,0.0|0.25|0.5|1.0,aipw_variance,-1.0,1.0,obsval,4.0,0.1,30,0.1,crossfit_rank_empty_standdown,1.0,4,50,3,1832.8709806827828,-0.004606094191757171,-0.004606094191757171,-0.004606094191757171,0.0,0.0006698842645876633,-0.0007721537048999312,0.0,nan,0.0,reference,nan,nan,nan,nan,nan,gradient_boosting,gradient_boosting,1.469610509548257,nan,nan,nan,nan,nan,nan,nan,0.1,0.23883333333333334,0.9616666666666667,0.4026517794836008,48,251,0.08,0.17515701325889743,-0.019407103047829808,-0.019407103047829808,0.0,-0.04255927919521997,-0.04255927919521997,0.0,3.1476970747891198,3.1476970747891198,2.309922681983164,2.309922681983164
m01-j0268,manifest.tsv,dml2_real_real_breast_cancer_misaligned_cui_selective_ml_n6000_s2_chunk03.reps.csv,real_breast_cancer_misaligned,box,6000,0.05,2.0,estimated_residual_lowp_supported,cui_selective_ml,estimated,xgboost,xgboost,if_residual,1.0,0.0|0.25|0.5|1.0,aipw_variance,-1.0,1.0,obsval,4.0,0.1,30,0.1,crossfit_rank_empty_standdown,1.0,4,50,4,2418.3215012233704,-0.09160887822482378,-0.09160887822482378,-0.09160887822482378,0.0,0.001942730986578618,-0.001296090700824945,0.0,nan,0.0,reference,nan,nan,nan,nan,nan,gradient_boosting,lasso,0.403176244343327,nan,nan,nan,nan,nan,nan,nan,0.075,0.24466666666666667,0.96,0.29427792915531337,48,284,0.10666666666666667,0.19346049046321526,-0.03903911253977127,-0.03903911253977127,0.0,-0.07187031575429806,-0.07187031575429806,0.0,3.6257309948851635,3.6257309948851635,2.4152897814272207,2.4152897814272207
m01-j0269,manifest.tsv,dml2_real_real_breast_cancer_misaligned_cui_selective_ml_n6000_s2_chunk04.reps.csv,real_breast_cancer_misaligned,box,6000,0.05,2.0,estimated_residual_lowp_supported,cui_selective_ml,estimated,xgboost,xgboost,if_residual,1.0,0.0|0.25|0.5|1.0,aipw_variance,-1.0,1.0,obsval,4.0,0.1,30,0.1,crossfit_rank_empty_standdown,1.0,4,50,1,603.5198205867782,0.08839822472112024,0.08839822472112024,0.08839822472112024,0.0,0.0010494232036271142,-0.000744998335525297,0.0,nan,0.0,reference,nan,nan,nan,nan,nan,logistic_l1,random_forest,0.062190365921549765,nan,nan,nan,nan,nan,nan,nan,0.1,0.24433333333333335,0.965,0.39495225102319237,47,257,0.07833333333333334,0.1753069577080491,0.0607782669258145,0.0607782669258145,0.0,0.08774072121951304,0.08774072121951304,0.0,2.705747826981761,2.705747826981761,2.246579023298717,2.246579023298717
m01-j0269,manifest.tsv,dml2_real_real_breast_cancer_misaligned_cui_selective_ml_n6000_s2_chunk04.reps.csv,real_breast_cancer_misaligned,box,6000,0.05,2.0,estimated_residual_lowp_supported,cui_selective_ml,estimated,xgboost,xgboost,if_residual,1.0,0.0|0.25|0.5|1.0,aipw_variance,-1.0,1.0,obsval,4.0,0.1,30,0.1,crossfit_rank_empty_standdown,1.0,4,50,2,1209.1763980332762,-0.08156101192872955,-0.06290947475862574,-0.08156101192872955,0.018651537170103816,0.0008622548837390904,-0.0004450705394284625,0.0,nan,1.0,if_residual,nan,nan,nan,nan,nan,gradient_boosting,lasso,1.8879409686113047,nan,nan,nan,nan,nan,nan,nan,0.075,0.24333333333333335,0.9644444444444444,0.29726027397260274,37,259,0.08222222222222222,0.1773972602739726,-0.004998420640747185,-0.005020085055794201,-2.1664415047016085e-05,-0.03337723027503696,-0.02993435898521643,0.003442871289820529,3.8075300775709926,2.637922183692213,2.509889649213118,1.850928621516717
m01-j0269,manifest.tsv,dml2_real_real_breast_cancer_misaligned_cui_selective_ml_n6000_s2_chunk04.reps.csv,real_breast_cancer_misaligned,box,6000,0.05,2.0,estimated_residual_lowp_supported,cui_selective_ml,estimated,xgboost,xgboost,if_residual,1.0,0.0|0.25|0.5|1.0,aipw_variance,-1.0,1.0,obsval,4.0,0.1,30,0.1,crossfit_rank_empty_standdown,1.0,4,50,3,1808.5255875475705,-0.012301388943553704,-0.02454024667896737,-0.012301388943553704,-0.012238857735413666,0.0014221491474209922,-0.0006907031857962451,0.0,nan,1.0,if_residual,nan,nan,nan,nan,nan,gradient_boosting,random_forest,0.006914914330124081,nan,nan,nan,nan,nan,nan,nan,0.1,0.2525,0.9766666666666667,0.38679867986798677,52,278,0.08666666666666667,0.1834983498349835,-0.012137430651004205,-0.013743386988595478,-0.001605956337591273,-0.046652194799218366,-0.04149346009997025,0.005158734699248116,2.918828992890638,2.588672482298092,2.1658733323515063,1.9193831041431588
m01-j0269,manifest.tsv,dml2_real_real_breast_cancer_misaligned_cui_selective_ml_n6000_s2_chunk04.reps.csv,real_breast_cancer_misaligned,box,6000,0.05,2.0,estimated_residual_lowp_supported,cui_selective_ml,estimated,xgboost,xgboost,if_residual,1.0,0.0|0.25|0.5|1.0,aipw_variance,-1.0,1.0,obsval,4.0,0.1,30,0.1,crossfit_rank_empty_standdown,1.0,4,50,4,2395.78405843582,-0.09481551126497256,-0.04944210960723483,-0.09481551126497256,0.04537340165773773,0.0025040765515289,-0.0022466436646067503,0.0,nan,1.0,if_residual,nan,nan,nan,nan,nan,gradient_boosting,lasso,0.1207156062851516,nan,nan,nan,nan,nan,nan,nan,0.1,0.23883333333333334,0.9766666666666667,0.4089323098394976,64,244,0.10666666666666667,0.1702721563154222,-0.04802864728662602,-0.03070738220721122,0.017321265079414803,-0.0801525045764504,-0.05920313980336236,0.020949364773088043,3.5177623623046133,2.6908706777006755,2.568389866361782,1.9823653973131816
m01-j0270,manifest.tsv,dml2_real_real_breast_cancer_misaligned_cui_selective_ml_n6000_s2_chunk05.reps.csv,real_breast_cancer_misaligned,box,6000,0.05,2.0,estimated_residual_lowp_supported,cui_selective_ml,estimated,xgboost,xgboost,if_residual,1.0,0.0|0.25|0.5|1.0,aipw_variance,-1.0,1.0,obsval,4.0,0.1,30,0.1,crossfit_rank_empty_standdown,1.0,4,50,1,603.53144718986,-0.07499994850584268,-0.07499994850584268,-0.07499994850584268,0.0,0.002186432136406192,-0.0015435293847378241,0.0,nan,0.0,reference,nan,nan,nan,nan,nan,logistic_l1,lasso,0.011520861815914966,nan,nan,nan,nan,nan,nan,nan,0.0,0.2415,nan,0.0,0,260,nan,0.17943409247757075,0.0,0.0,0.0,0.06459471390998939,0.06459471390998939,0.0,nan,nan,2.5037848528447078,2.5037848528447078
m01-j0270,manifest.tsv,dml2_real_real_breast_cancer_misaligned_cui_selective_ml_n6000_s2_chunk05.reps.csv,real_breast_cancer_misaligned,box,6000,0.05,2.0,estimated_residual_lowp_supported,cui_selective_ml,estimated,xgboost,xgboost,if_residual,1.0,0.0|0.25|0.5|1.0,aipw_variance,-1.0,1.0,obsval,4.0,0.1,30,0.1,crossfit_rank_empty_standdown,1.0,4,50,2,1212.7212247895077,0.03501910273537001,0.07694646731583321,0.03501910273537001,0.0419273645804632,0.002254054567005368,-0.0020880267382626834,0.0,nan,1.0,if_residual,nan,nan,nan,nan,nan,gradient_boosting,gradient_boosting,0.0685704497700316,nan,nan,nan,nan,nan,nan,nan,0.0,0.24533333333333332,nan,0.0,0,251,nan,0.17051630434782608,0.0,0.0,0.0,-0.04432807483479358,-0.02042473203977625,0.023903342795017327,nan,nan,2.0692218881257287,2.0912340701444063
m01-j0270,manifest.tsv,dml2_real_real_breast_cancer_misaligned_cui_selective_ml_n6000_s2_chunk05.reps.csv,real_breast_cancer_misaligned,box,6000,0.05,2.0,estimated_residual_lowp_supported,cui_selective_ml,estimated,xgboost,xgboost,if_residual,1.0,0.0|0.25|0.5|1.0,aipw_variance,-1.0,1.0,obsval,4.0,0.1,30,0.1,crossfit_rank_empty_standdown,1.0,4,50,3,1822.780618579127,-0.08181009070651057,-0.07139450205372377,-0.08181009070651057,0.0104155886527868,0.0014566168131737462,-0.0009852271433861237,0.0,nan,0.5,if_residual,nan,nan,nan,nan,nan,random_forest,lasso,0.2868037949879395,nan,nan,nan,nan,nan,nan,nan,0.075,0.24516666666666667,0.9688888888888889,0.2963970088375255,49,241,0.10888888888888888,0.16383412644459552,-0.05840610303883811,-0.05367770869766745,0.004728394341170658,-0.10745665234547588,-0.10006732768601288,0.007389324659463001,3.2536993624194976,2.890722748489639,2.4879363580067557,2.2897449487782406
m01-j0270,manifest.tsv,dml2_real_real_breast_cancer_misaligned_cui_selective_ml_n6000_s2_chunk05.reps.csv,real_breast_cancer_misaligned,box,6000,0.05,2.0,estimated_residual_lowp_supported,cui_selective_ml,estimated,xgboost,xgboost,if_residual,1.0,0.0|0.25|0.5|1.0,aipw_variance,-1.0,1.0,obsval,4.0,0.1,30,0.1,crossfit_rank_empty_standdown,1.0,4,50,4,2408.7738107610494,0.07924603655173923,0.07924603655173923,0.07924603655173923,0.0,0.002148961081426419,-0.0025545736828385436,0.0,nan,0.0,reference,nan,nan,nan,nan,nan,gradient_boosting,gradient_boosting,0.6691514615623826,nan,nan,nan,nan,nan,nan,nan,0.1,0.242,0.9733333333333334,0.4022038567493113,47,246,0.07833333333333334,0.16942148760330578,-0.020351221762676643,-0.020351221762676643,0.0,-0.0461390194778515,-0.0461390194778515,0.0,2.915698731702452,2.915698731702452,2.1816048690333196,2.1816048690333196
m01-j0271,manifest.tsv,dml2_real_real_breast_cancer_misaligned_cui_selective_ml_n6000_s2_chunk06.reps.csv,real_breast_cancer_misaligned,box,6000,0.05,2.0,estimated_residual_lowp_supported,cui_selective_ml,estimated,xgboost,xgboost,if_residual,1.0,0.0|0.25|0.5|1.0,aipw_variance,-1.0,1.0,obsval,4.0,0.1,30,0.1,crossfit_rank_empty_standdown,1.0,4,50,1,614.8261814415455,-0.09412180745614374,-0.09412180745614374,-0.09412180745614374,0.0,0.0007519207034874637,-0.0003415951843494874,0.0,nan,0.0,reference,nan,nan,nan,nan,nan,gradient_boosting,random_forest,0.04230151021651341,nan,nan,nan,nan,nan,nan,nan,0.0,0.23583333333333334,nan,0.0,0,262,nan,0.18515901060070672,0.0,0.0,0.0,-0.057390140198178737,-0.057390140198178737,0.0,nan,nan,2.5300344277035425,2.5300344277035425
m01-j0271,manifest.tsv,dml2_real_real_breast_cancer_misaligned_cui_selective_ml_n6000_s2_chunk06.reps.csv,real_breast_cancer_misaligned,box,6000,0.05,2.0,estimated_residual_lowp_supported,cui_selective_ml,estimated,xgboost,xgboost,if_residual,1.0,0.0|0.25|0.5|1.0,aipw_variance,-1.0,1.0,obsval,4.0,0.1,30,0.1,crossfit_rank_empty_standdown,1.0,4,50,2,1231.7546137738973,0.005496514858753909,-0.013269466607862546,0.005496514858753909,-0.018765981466616455,0.0020589505355248436,-0.0006631451815927456,0.0,nan,1.0,if_residual,nan,nan,nan,nan,nan,gradient_boosting,lasso,0.6008282908620164,nan,nan,nan,nan,nan,nan,nan,0.1,0.24083333333333334,0.95,0.3944636678200692,68,256,0.11333333333333333,0.17716262975778546,-0.030517843946805175,-0.018450696851225398,0.012067147095579777,-0.0809455695028253,-0.04892741417438318,0.03201815532844213,3.1435595236423377,2.777061015201141,2.6568941390509075,2.2221128534397687
m01-j0271,manifest.tsv,dml2_real_real_breast_cancer_misaligned_cui_selective_ml_n6000_s2_chunk06.reps.csv,real_breast_cancer_misaligned,box,6000,0.05,2.0,estimated_residual_lowp_supported,cui_selective_ml,estimated,xgboost,xgboost,if_residual,1.0,0.0|0.25|0.5|1.0,aipw_variance,-1.0,1.0,obsval,4.0,0.1,30,0.1,crossfit_rank_empty_standdown,1.0,4,50,3,1845.5433630608022,-0.12506881101147893,-0.12506881101147893,-0.12506881101147893,0.0,0.0008892116584285899,-0.0007064964242720982,0.0,nan,0.0,reference,nan,nan,nan,nan,nan,gradient_boosting,lasso,0.03802078377089438,nan,nan,nan,nan,nan,nan,nan,0.1,0.23633333333333334,0.96,0.40620592383638926,64,250,0.10666666666666667,0.1763046544428773,-0.05403177122485223,-0.05403177122485223,0.0,-0.07478934986961756,-0.07478934986961756,0.0,3.460884441252946,3.460884441252946,2.524601916386883,2.524601916386883
m01-j0271,manifest.tsv,dml2_real_real_breast_cancer_misaligned_cui_selective_ml_n6000_s2_chunk06.reps.csv,real_breast_cancer_misaligned,box,6000,0.05,2.0,estimated_residual_lowp_supported,cui_selective_ml,estimated,xgboost,xgboost,if_residual,1.0,0.0|0.25|0.5|1.0,aipw_variance,-1.0,1.0,obsval,4.0,0.1,30,0.1,crossfit_rank_empty_standdown,1.0,4,50,4,2443.1097390372306,-0.04564968036971506,-0.06136765707008629,-0.04564968036971506,-0.015717976700371228,0.003366004353859051,-0.0018046156225127704,0.0,nan,0.5,if_residual,nan,nan,nan,nan,nan,gradient_boosting,gradient_boosting,0.10189356729630905,nan,nan,nan,nan,nan,nan,nan,0.075,0.24133333333333334,0.9466666666666667,0.2941988950276243,40,242,0.08888888888888889,0.1671270718232044,-0.02323775764772994,-0.021311175619940868,0.0019265820277890727,-0.06081541111380196,-0.05065042274232072,0.010164988371481241,2.6221561328885636,2.553541019645205,2.0470537635590604,1.9077833496848358
m01-j0272,manifest.tsv,dml2_real_real_breast_cancer_misaligned_cui_selective_ml_n6000_s2_chunk07.reps.csv,real_breast_cancer_misaligned,box,6000,0.05,2.0,estimated_residual_lowp_supported,cui_selective_ml,estimated,xgboost,xgboost,if_residual,1.0,0.0|0.25|0.5|1.0,aipw_variance,-1.0,1.0,obsval,4.0,0.1,30,0.1,crossfit_rank_empty_standdown,1.0,4,50,1,604.575257467106,-0.03770689842740993,-0.05493326156549594,-0.03770689842740993,-0.01722636313808601,0.0018162855378838793,-0.0012396260957705139,0.0,nan,0.5,if_residual,nan,nan,nan,nan,nan,gradient_boosting,gradient_boosting,0.15894251635453524,nan,nan,nan,nan,nan,nan,nan,0.1,0.2455,0.9716666666666667,0.3957909029192125,65,226,0.10833333333333334,0.15342837746096402,-0.020989975195327165,-0.017421942993455976,0.0035680322018711887,-0.043033275166421886,-0.03566826697843349,0.007365008187988395,2.979734364896817,2.3841420022620534,2.135176937490109,1.7544775399732417
m01-j0272,manifest.tsv,dml2_real_real_breast_cancer_misaligned_cui_selective_ml_n6000_s2_chunk07.reps.csv,real_breast_cancer_misaligned,box,6000,0.05,2.0,estimated_residual_lowp_supported,cui_selective_ml,estimated,xgboost,xgboost,if_residual,1.0,0.0|0.25|0.5|1.0,aipw_variance,-1.0,1.0,obsval,4.0,0.1,30,0.1,crossfit_rank_empty_standdown,1.0,4,50,2,1225.2251219991595,-0.06294150193752102,-0.06294150193752102,-0.06294150193752102,0.0,0.0004717599304119003,-0.00018198841740021238,0.0,nan,0.0,reference,nan,nan,nan,nan,nan,gradient_boosting,gradient_boosting,0.02007745349228997,nan,nan,nan,nan,nan,nan,nan,0.0,0.246,nan,0.0,0,294,nan,0.1991869918699187,0.0,0.0,0.0,-0.0714913958095223,-0.0714913958095223,0.0,nan,nan,2.1047739786336037,2.1047739786336037
m01-j0272,manifest.tsv,dml2_real_real_breast_cancer_misaligned_cui_selective_ml_n6000_s2_chunk07.reps.csv,real_breast_cancer_misaligned,box,6000,0.05,2.0,estimated_residual_lowp_supported,cui_selective_ml,estimated,xgboost,xgboost,if_residual,1.0,0.0|0.25|0.5|1.0,aipw_variance,-1.0,1.0,obsval,4.0,0.1,30,0.1,crossfit_rank_empty_standdown,1.0,4,50,3,1821.7775935828686,0.15675370983181403,0.09369843850976822,0.15675370983181403,-0.0630552713220458,0.0026492274892112736,-0.0011181361584357017,0.0,nan,1.0,if_residual,nan,nan,nan,nan,nan,gradient_boosting,gradient_boosting,0.37889294804057677,nan,nan,nan,nan,nan,nan,nan,0.0,0.23833333333333334,nan,0.0,0,240,nan,0.16783216783216784,0.0,0.0,0.0,-0.03268078345547259,-0.02590089202778131,0.006779891427691278,nan,nan,2.4338653183017747,2.505105277541748
m01-j0272,manifest.tsv,dml2_real_real_breast_cancer_misaligned_cui_selective_ml_n6000_s2_chunk07.reps.csv,real_breast_cancer_misaligned,box,6000,0.05,2.0,estimated_residual_lowp_supported,cui_selective_ml,estimated,xgboost,xgboost,if_residual,1.0,0.0|0.25|0.5|1.0,aipw_variance,-1.0,1.0,obsval,4.0,0.1,30,0.1,crossfit_rank_empty_standdown,1.0,4,50,4,2406.743080331944,-0.14050370444883065,-0.14050370444883065,-0.14050370444883065,0.0,0.0008518049967134707,-0.0006234171397458477,0.0,nan,0.0,reference,nan,nan,nan,nan,nan,random_forest,gradient_boosting,0.37529347521566625,nan,nan,nan,nan,nan,nan,nan,0.075,0.2435,0.9377777777777778,0.2888432580424367,56,267,0.12444444444444444,0.18275154004106775,-0.025657082901267458,-0.025657082901267458,0.0,-0.053470987531180125,-0.053470987531180125,0.0,3.481009991300648,3.481009991300648,2.2346972126787383,2.2346972126787383
m01-j0273,manifest.tsv,dml2_real_real_breast_cancer_misaligned_cui_selective_ml_n6000_s2_chunk08.reps.csv,real_breast_cancer_misaligned,box,6000,0.05,2.0,estimated_residual_lowp_supported,cui_selective_ml,estimated,xgboost,xgboost,if_residual,1.0,0.0|0.25|0.5|1.0,aipw_variance,-1.0,1.0,obsval,4.0,0.1,30,0.1,crossfit_rank_empty_standdown,1.0,4,50,1,604.2198445266113,-0.16454842867892716,-0.1295770223194943,-0.16454842867892716,0.034971406359432855,0.0031312056032995464,-0.00267070901106164,0.0,nan,1.0,if_residual,nan,nan,nan,nan,nan,gradient_boosting,lasso,0.0017925344449964374,nan,nan,nan,nan,nan,nan,nan,0.0,0.25083333333333335,nan,0.0,0,287,nan,0.19069767441860466,0.0,0.0,0.0,-0.053669516978534525,-0.035435348387327884,0.01823416859120664,nan,nan,2.58710467935479,2.1775375856526753
m01-j0273,manifest.tsv,dml2_real_real_breast_cancer_misaligned_cui_selective_ml_n6000_s2_chunk08.reps.csv,real_breast_cancer_misaligned,box,6000,0.05,2.0,estimated_residual_lowp_supported,cui_selective_ml,estimated,xgboost,xgboost,if_residual,1.0,0.0|0.25|0.5|1.0,aipw_variance,-1.0,1.0,obsval,4.0,0.1,30,0.1,crossfit_rank_empty_standdown,1.0,4,50,2,1217.0915987193584,-0.03169180323073828,-0.03169180323073828,-0.03169180323073828,0.0,0.001569987264605728,-0.0011775281032180515,0.0,nan,0.0,reference,nan,nan,nan,nan,nan,logistic_l1,gradient_boosting,0.004564332482553825,nan,nan,nan,nan,nan,nan,nan,0.1,0.23816666666666667,0.935,0.3925822253324003,72,271,0.12,0.18964310706787962,-0.014046433833232294,-0.014046433833232294,0.0,-0.03562525832986603,-0.03562525832986603,0.0,3.1203508875894372,3.1203508875894372,2.1994503562785,2.1994503562785
m01-j0273,manifest.tsv,dml2_real_real_breast_cancer_misaligned_cui_selective_ml_n6000_s2_chunk08.reps.csv,real_breast_cancer_misaligned,box,6000,0.05,2.0,estimated_residual_lowp_supported,cui_selective_ml,estimated,xgboost,xgboost,if_residual,1.0,0.0|0.25|0.5|1.0,aipw_variance,-1.0,1.0,obsval,4.0,0.1,30,0.1,crossfit_rank_empty_standdown,1.0,4,50,3,1814.6954307360575,0.002942670471016151,0.002942670471016151,0.002942670471016151,0.0,0.0025587281502638393,-0.0026436504539438365,0.0,nan,0.0,reference,nan,nan,nan,nan,nan,gradient_boosting,gradient_boosting,0.22493189677653141,nan,nan,nan,nan,nan,nan,nan,0.0,0.24366666666666667,nan,0.0,0,231,nan,0.15800273597811218,0.0,0.0,0.0,-0.04394811883371781,-0.04394811883371781,0.0,nan,nan,2.3006753510687084,2.3006753510687084
m01-j0273,manifest.tsv,dml2_real_real_breast_cancer_misaligned_cui_selective_ml_n6000_s2_chunk08.reps.csv,real_breast_cancer_misaligned,box,6000,0.05,2.0,estimated_residual_lowp_supported,cui_selective_ml,estimated,xgboost,xgboost,if_residual,1.0,0.0|0.25|0.5|1.0,aipw_variance,-1.0,1.0,obsval,4.0,0.1,30,0.1,crossfit_rank_empty_standdown,1.0,4,50,4,2411.60898597911,-0.09256416601363804,-0.09862774519912043,-0.09256416601363804,-0.006063579185482393,0.0008706424220672696,-0.0007544928928079494,0.0,nan,0.5,if_residual,nan,nan,nan,nan,nan,gradient_boosting,gradient_boosting,0.36408365539115894,nan,nan,nan,nan,nan,nan,nan,0.0,0.24166666666666667,nan,0.0,0,264,nan,0.1820689655172414,0.0,0.0,0.0,-0.062372185430295324,-0.050296357903319724,0.0120758275269756,nan,nan,2.127027898985703,2.0526928053645976
m01-j0274,manifest.tsv,dml2_real_real_breast_cancer_misaligned_cui_selective_ml_n6000_s2_chunk09.reps.csv,real_breast_cancer_misaligned,box,6000,0.05,2.0,estimated_residual_lowp_supported,cui_selective_ml,estimated,xgboost,xgboost,if_residual,1.0,0.0|0.25|0.5|1.0,aipw_variance,-1.0,1.0,obsval,4.0,0.1,30,0.1,crossfit_rank_empty_standdown,1.0,4,50,1,599.3689039172605,-0.1427952382896095,-0.10148859930388598,-0.1427952382896095,0.04130663898572351,0.0013990002079085437,-0.0006693470786889636,0.0,nan,0.5,if_residual,nan,nan,nan,nan,nan,logistic_l1,lasso,0.008396288316105453,nan,nan,nan,nan,nan,nan,nan,0.0,0.24416666666666667,nan,0.0,0,271,nan,0.1849829351535836,0.0,0.0,0.0,0.1604076749821693,0.08640041999701414,0.07400725498515515,nan,nan,2.7041010511416803,2.3059835452622406
m01-j0274,manifest.tsv,dml2_real_real_breast_cancer_misaligned_cui_selective_ml_n6000_s2_chunk09.reps.csv,real_breast_cancer_misaligned,box,6000,0.05,2.0,estimated_residual_lowp_supported,cui_selective_ml,estimated,xgboost,xgboost,if_residual,1.0,0.0|0.25|0.5|1.0,aipw_variance,-1.0,1.0,obsval,4.0,0.1,30,0.1,crossfit_rank_empty_standdown,1.0,4,50,2,1211.2531846165657,-0.13093788754632474,-0.13093788754632474,-0.13093788754632474,0.0,0.0012123463633149359,-0.0007732618853063498,0.0,nan,0.0,reference,nan,nan,nan,nan,nan,logistic_l1,random_forest,0.0029343304605766577,nan,nan,nan,nan,nan,nan,nan,0.075,0.23733333333333334,0.9644444444444444,0.3047752808988764,30,247,0.06666666666666667,0.17345505617977527,0.16147822317763752,0.16147822317763752,0.0,0.16451432841272293,0.16451432841272293,0.0,4.045977257072827,4.045977257072827,2.5643423362313156,2.5643423362313156
m01-j0274,manifest.tsv,dml2_real_real_breast_cancer_misaligned_cui_selective_ml_n6000_s2_chunk09.reps.csv,real_breast_cancer_misaligned,box,6000,0.05,2.0,estimated_residual_lowp_supported,cui_selective_ml,estimated,xgboost,xgboost,if_residual,1.0,0.0|0.25|0.5|1.0,aipw_variance,-1.0,1.0,obsval,4.0,0.1,30,0.1,crossfit_rank_empty_standdown,1.0,4,50,3,1803.8607370173559,0.062238494926429966,0.04145632367948848,0.062238494926429966,-0.020782171246941483,0.000962351027602457,-0.0003758595594361841,0.0,nan,0.5,if_residual,nan,nan,nan,nan,nan,gradient_boosting,gradient_boosting,0.5815623106365528,nan,nan,nan,nan,nan,nan,nan,0.1,0.25016666666666665,0.96,0.38374417055296467,72,299,0.12,0.19920053297801465,-0.04270806433805751,-0.030781864061220573,0.011926200276836937,-0.06448033822223413,-0.04700991904192032,0.017470419180313813,2.7520921761559802,2.7258146754819346,2.0372471585202865,1.9525566163088126
m01-j0274,manifest.tsv,dml2_real_real_breast_cancer_misaligned_cui_selective_ml_n6000_s2_chunk09.reps.csv,real_breast_cancer_misaligned,box,6000,0.05,2.0,estimated_residual_lowp_supported,cui_selective_ml,estimated,xgboost,xgboost,if_residual,1.0,0.0|0.25|0.5|1.0,aipw_variance,-1.0,1.0,obsval,4.0,0.1,30,0.1,crossfit_rank_empty_standdown,1.0,4,50,4,2384.1969977440313,-0.05868617889771599,-0.05868617889771599,-0.05868617889771599,0.0,0.0005129058302911398,-0.0003371662376442672,0.0,nan,0.0,reference,nan,nan,nan,nan,nan,logistic_l1,lasso,0.0005478640681277598,nan,nan,nan,nan,nan,nan,nan,0.1,0.2445,0.9783333333333334,0.4001363326516701,52,274,0.08666666666666667,0.18677573278800272,-0.034252282966846924,-0.034252282966846924,0.0,-0.04709486210717305,-0.04709486210717305,0.0,3.4668861047914503,3.4668861047914503,2.4089746903014806,2.4089746903014806
m01-j0275,manifest.tsv,dml2_real_real_breast_cancer_misaligned_cui_selective_ml_n6000_s2_chunk10.reps.csv,real_breast_cancer_misaligned,box,6000,0.05,2.0,estimated_residual_lowp_supported,cui_selective_ml,estimated,xgboost,xgboost,if_residual,1.0,0.0|0.25|0.5|1.0,aipw_variance,-1.0,1.0,obsval,4.0,0.1,30,0.1,crossfit_rank_empty_standdown,1.0,4,50,1,606.6693905619904,-0.1440628082542308,-0.13644631779975358,-0.1440628082542308,0.007616490454477209,0.0011330353067125513,-0.0010080870054539077,0.0,nan,1.0,if_residual,nan,nan,nan,nan,nan,random_forest,lasso,0.2521327660660216,nan,nan,nan,nan,nan,nan,nan,0.1,0.24033333333333334,0.9633333333333334,0.40083217753120665,65,234,0.10833333333333334,0.1622746185852982,-0.0856244376008907,-0.0669956284842575,0.0186288091166332,-0.11552203467680355,-0.08616087525161523,0.029361159425188327,3.6523856190382946,3.1196098450219836,2.7372728242581275,2.356698409566685
m01-j0275,manifest.tsv,dml2_real_real_breast_cancer_misaligned_cui_selective_ml_n6000_s2_chunk10.reps.csv,real_breast_cancer_misaligned,box,6000,0.05,2.0,estimated_residual_lowp_supported,cui_selective_ml,estimated,xgboost,xgboost,if_residual,1.0,0.0|0.25|0.5|1.0,aipw_variance,-1.0,1.0,obsval,4.0,0.1,30,0.1,crossfit_rank_empty_standdown,1.0,4,50,2,1211.0956428898498,-0.050244608033120364,-0.06913479356332564,-0.050244608033120364,-0.018890185530205272,0.0008982248264953561,-0.000572208447562686,0.0,nan,0.5,if_residual,nan,nan,nan,nan,nan,gradient_boosting,gradient_boosting,0.3495414963381784,nan,nan,nan,nan,nan,nan,nan,0.0,0.24133333333333334,nan,0.0,0,261,nan,0.18024861878453038,0.0,0.0,0.0,-0.055452185375456944,-0.0545857976918821,0.0008663876835748457,nan,nan,2.221471669524394,2.005832837060908
m01-j0275,manifest.tsv,dml2_real_real_breast_cancer_misaligned_cui_selective_ml_n6000_s2_chunk10.reps.csv,real_breast_cancer_misaligned,box,6000,0.05,2.0,estimated_residual_lowp_supported,cui_selective_ml,estimated,xgboost,xgboost,if_residual,1.0,0.0|0.25|0.5|1.0,aipw_variance,-1.0,1.0,obsval,4.0,0.1,30,0.1,crossfit_rank_empty_standdown,1.0,4,50,3,1816.6233233911917,0.19820974714600526,0.17266070076310946,0.19820974714600526,-0.02554904638289579,0.0028946343316774426,-0.0024977210085600854,0.0,nan,1.0,if_residual,nan,nan,nan,nan,nan,logistic_l1,gradient_boosting,0.03436807195822335,nan,nan,nan,nan,nan,nan,nan,0.075,0.24833333333333332,0.9822222222222222,0.2966442953020134,42,269,0.09333333333333334,0.18053691275167785,0.015066332521033508,-0.04935370567463163,-0.03428737315359812,-0.06951227308082558,-0.17906303861809522,-0.10955076553726964,3.252525850734022,2.6384720671548205,2.17401189608139,2.1104986471568683
m01-j0275,manifest.tsv,dml2_real_real_breast_cancer_misaligned_cui_selective_ml_n6000_s2_chunk10.reps.csv,real_breast_cancer_misaligned,box,6000,0.05,2.0,estimated_residual_lowp_supported,cui_selective_ml,estimated,xgboost,xgboost,if_residual,1.0,0.0|0.25|0.5|1.0,aipw_variance,-1.0,1.0,obsval,4.0,0.1,30,0.1,crossfit_rank_empty_standdown,1.0,4,50,4,2426.431946709752,-0.0780325214338925,-0.07822465596725714,-0.0780325214338925,-0.0001921345333646407,0.0007288909765856152,-0.0006290266348503097,0.0,nan,0.25,if_residual,nan,nan,nan,nan,nan,gradient_boosting,gradient_boosting,0.007296545027566672,nan,nan,nan,nan,nan,nan,nan,0.075,0.24166666666666667,0.9755555555555555,0.3027586206896552,35,250,0.07777777777777778,0.1724137931034483,0.010491564554516488,0.009203388011987005,0.0012881765425294834,-0.021602860923441273,-0.020610974457884575,0.0009918864655566982,3.4243790710435,3.24174158966829,2.195793363765523,2.0816165675662917
m01-j0276,manifest.tsv,dml2_real_real_breast_cancer_misaligned_cui_selective_ml_n6000_s2_chunk11.reps.csv,real_breast_cancer_misaligned,box,6000,0.05,2.0,estimated_residual_lowp_supported,cui_selective_ml,estimated,xgboost,xgboost,if_residual,1.0,0.0|0.25|0.5|1.0,aipw_variance,-1.0,1.0,obsval,4.0,0.1,30,0.1,crossfit_rank_empty_standdown,1.0,4,50,1,622.8089199168608,-0.04154797996420223,-0.04154797996420223,-0.04154797996420223,0.0,0.0005844188981077173,-0.0005459538634057142,0.0,nan,0.0,reference,nan,nan,nan,nan,nan,gradient_boosting,gradient_boosting,0.1125188168323249,nan,nan,nan,nan,nan,nan,nan,0.075,0.24983333333333332,0.9511111111111111,0.28552368245497,52,292,0.11555555555555555,0.19479653102068045,-0.026786949795902303,-0.026786949795902303,0.0,-0.057021528893115854,-0.057021528893115854,0.0,3.2250515928836623,3.2250515928836623,2.1653098153327504,2.1653098153327504
m01-j0276,manifest.tsv,dml2_real_real_breast_cancer_misaligned_cui_selective_ml_n6000_s2_chunk11.reps.csv,real_breast_cancer_misaligned,box,6000,0.05,2.0,estimated_residual_lowp_supported,cui_selective_ml,estimated,xgboost,xgboost,if_residual,1.0,0.0|0.25|0.5|1.0,aipw_variance,-1.0,1.0,obsval,4.0,0.1,30,0.1,crossfit_rank_empty_standdown,1.0,4,50,2,1244.7898307777941,0.047986154742078235,0.06513268610215761,0.047986154742078235,0.017146531360079376,0.002263314469000833,-0.0015842228075160206,0.0,nan,1.0,if_residual,nan,nan,nan,nan,nan,random_forest,gradient_boosting,0.5398197864823637,nan,nan,nan,nan,nan,nan,nan,0.05,0.245,0.99,0.20204081632653062,30,276,0.1,0.18775510204081633,-0.03685403896808599,-0.012809930176313865,0.02404410879177213,-0.04777135822097407,-0.008923861468396993,0.03884749675257708,2.7176958481891274,2.809177442135672,1.9987249303259127,1.9402857527334951
m01-j0276,manifest.tsv,dml2_real_real_breast_cancer_misaligned_cui_selective_ml_n6000_s2_chunk11.reps.csv,real_breast_cancer_misaligned,box,6000,0.05,2.0,estimated_residual_lowp_supported,cui_selective_ml,estimated,xgboost,xgboost,if_residual,1.0,0.0|0.25|0.5|1.0,aipw_variance,-1.0,1.0,obsval,4.0,0.1,30,0.1,crossfit_rank_empty_standdown,1.0,4,50,3,1840.1744046425447,-0.09341405504975164,-0.05869382819011315,-0.09341405504975164,0.03472022685963849,0.0007066268028487529,-0.0004016440675108147,0.0,nan,1.0,if_residual,nan,nan,nan,nan,nan,gradient_boosting,random_forest,0.05977222394261104,nan,nan,nan,nan,nan,nan,nan,0.0,0.24483333333333332,nan,0.0,0,286,nan,0.19469026548672566,0.0,0.0,0.0,-0.061787389715475705,-0.03915298634384862,0.022634403371627088,nan,nan,2.380206057338325,2.0729654864977407
m01-j0276,manifest.tsv,dml2_real_real_breast_cancer_misaligned_cui_selective_ml_n6000_s2_chunk11.reps.csv,real_breast_cancer_misaligned,box,6000,0.05,2.0,estimated_residual_lowp_supported,cui_selective_ml,estimated,xgboost,xgboost,if_residual,1.0,0.0|0.25|0.5|1.0,aipw_variance,-1.0,1.0,obsval,4.0,0.1,30,0.1,crossfit_rank_empty_standdown,1.0,4,50,4,2429.1579364202917,-0.11764664334729324,-0.10273004509263717,-0.11764664334729324,0.014916598254656077,0.0007420641468949025,-0.0003926472758758005,0.0,nan,0.5,if_residual,nan,nan,nan,nan,nan,random_forest,gradient_boosting,0.008589771705432825,nan,nan,nan,nan,nan,nan,nan,0.0,0.25183333333333335,nan,0.0,0,279,nan,0.1846459298477829,0.0,0.0,0.0,-0.08096898392736646,-0.06983948441385893,0.01112949951350753,nan,nan,2.04124576980282,1.8190693688312778
m01-j0277,manifest.tsv,dml2_real_real_breast_cancer_misaligned_cui_selective_ml_n6000_s2_chunk12.reps.csv,real_breast_cancer_misaligned,box,6000,0.05,2.0,estimated_residual_lowp_supported,cui_selective_ml,estimated,xgboost,xgboost,if_residual,1.0,0.0|0.25|0.5|1.0,aipw_variance,-1.0,1.0,obsval,4.0,0.1,30,0.1,crossfit_rank_empty_standdown,1.0,4,50,1,604.4444312797859,-0.06333662709498944,-0.051570353732683816,-0.06333662709498944,0.011766273362305624,0.0028326053360131736,-0.0018656827917703218,0.0,nan,0.5,if_residual,nan,nan,nan,nan,nan,gradient_boosting,gradient_boosting,0.010661012729197814,nan,nan,nan,nan,nan,nan,nan,0.1,0.24633333333333332,0.97,0.39377537212449254,51,266,0.085,0.17997293640054127,-0.030896895345545336,-0.026858902448966365,0.0040379928965789715,-0.055879203306023445,-0.04895923119261152,0.006919972113411922,2.9328806393092655,2.641268389303614,2.1385863326399535,1.9402463293220646
m01-j0277,manifest.tsv,dml2_real_real_breast_cancer_misaligned_cui_selective_ml_n6000_s2_chunk12.reps.csv,real_breast_cancer_misaligned,box,6000,0.05,2.0,estimated_residual_lowp_supported,cui_selective_ml,estimated,xgboost,xgboost,if_residual,1.0,0.0|0.25|0.5|1.0,aipw_variance,-1.0,1.0,obsval,4.0,0.1,30,0.1,crossfit_rank_empty_standdown,1.0,4,50,2,1192.4098328724504,-0.04266305573018325,-0.04266305573018325,-0.04266305573018325,0.0,0.0011986272108690903,-0.0013478203954094695,0.0,nan,0.0,reference,nan,nan,nan,nan,nan,logistic_l1,gradient_boosting,0.04705990936332445,nan,nan,nan,nan,nan,nan,nan,0.1,0.24516666666666667,0.96,0.39157036029911624,62,237,0.10333333333333333,0.1611148878314072,-0.008023063405926161,-0.008023063405926161,0.0,-0.05686699687285957,-0.05686699687285957,0.0,3.2931794367022054,3.2931794367022054,2.3119797434714915,2.3119797434714915
m01-j0277,manifest.tsv,dml2_real_real_breast_cancer_misaligned_cui_selective_ml_n6000_s2_chunk12.reps.csv,real_breast_cancer_misaligned,box,6000,0.05,2.0,estimated_residual_lowp_supported,cui_selective_ml,estimated,xgboost,xgboost,if_residual,1.0,0.0|0.25|0.5|1.0,aipw_variance,-1.0,1.0,obsval,4.0,0.1,30,0.1,crossfit_rank_empty_standdown,1.0,4,50,3,1787.9246111856773,-0.0489763217197966,-0.04817349068945942,-0.0489763217197966,0.0008028310303371811,0.003019390140829036,-0.003853438488835353,0.0,nan,0.5,if_residual,nan,nan,nan,nan,nan,gradient_boosting,lasso,0.05305260142442996,nan,nan,nan,nan,nan,nan,nan,0.0,0.24366666666666667,nan,0.0,0,249,nan,0.17031463748290013,0.0,0.0,0.0,-0.04087789489131673,-0.04609018661633141,-0.005212291725014681,nan,nan,2.5148006044271303,2.1257332737419197
m01-j0277,manifest.tsv,dml2_real_real_breast_cancer_misaligned_cui_selective_ml_n6000_s2_chunk12.reps.csv,real_breast_cancer_misaligned,box,6000,0.05,2.0,estimated_residual_lowp_supported,cui_selective_ml,estimated,xgboost,xgboost,if_residual,1.0,0.0|0.25|0.5|1.0,aipw_variance,-1.0,1.0,obsval,4.0,0.1,30,0.1,crossfit_rank_empty_standdown,1.0,4,50,4,2381.823842473328,-0.06744893456073653,0.007591527211163296,-0.003517264662027564,0.07504046177189982,0.00041680443594608544,-0.0001397030524446396,0.8519626397428335,nan,1.0,if_residual,nan,nan,nan,nan,nan,gradient_boosting,random_forest,0.0012358623089268334,nan,nan,nan,nan,nan,nan,nan,0.1,0.249,0.9616666666666667,0.3862115127175368,66,291,0.11,0.19477911646586346,-0.03793911054446695,-0.01634466969136262,0.02159444085310433,-0.06236604734729296,-0.024469571667383026,0.03789647567990993,3.202265924417129,2.764421593711682,2.2681236782401957,1.9497989508287599
m01-j0278,manifest.tsv,dml2_real_real_breast_cancer_misaligned_cui_selective_ml_n6000_s2_chunk13.reps.csv,real_breast_cancer_misaligned,box,6000,0.05,2.0,estimated_residual_lowp_supported,cui_selective_ml,estimated,xgboost,xgboost,if_residual,1.0,0.0|0.25|0.5|1.0,aipw_variance,-1.0,1.0,obsval,4.0,0.1,30,0.1,crossfit_rank_empty_standdown,1.0,4,50,1,615.1980368867517,-0.1102510132691934,-0.1102510132691934,-0.1102510132691934,0.0,0.0005606674954200929,-0.0004371401321677851,0.0,nan,0.0,reference,nan,nan,nan,nan,nan,gradient_boosting,gradient_boosting,0.0012349095230249495,nan,nan,nan,nan,nan,nan,nan,0.1,0.24383333333333335,0.97,0.3978127136021873,55,278,0.09166666666666666,0.1900205058099795,0.0048004408725708094,0.0048004408725708094,0.0,-0.01781526853054785,-0.01781526853054785,0.0,3.4919763079203565,3.4919763079203565,2.402802603620391,2.402802603620391
m01-j0278,manifest.tsv,dml2_real_real_breast_cancer_misaligned_cui_selective_ml_n6000_s2_chunk13.reps.csv,real_breast_cancer_misaligned,box,6000,0.05,2.0,estimated_residual_lowp_supported,cui_selective_ml,estimated,xgboost,xgboost,if_residual,1.0,0.0|0.25|0.5|1.0,aipw_variance,-1.0,1.0,obsval,4.0,0.1,30,0.1,crossfit_rank_empty_standdown,1.0,4,50,2,1226.3213474443182,-0.060545036400360464,-0.060545036400360464,-0.060545036400360464,0.0,0.0025306852291961954,-0.0014608943256434336,0.0,nan,0.0,reference,nan,nan,nan,nan,nan,gradient_boosting,gradient_boosting,0.14336394565124913,nan,nan,nan,nan,nan,nan,nan,0.0,0.244,nan,0.0,0,275,nan,0.1878415300546448,0.0,0.0,0.0,-0.07873991162944563,-0.07873991162944563,0.0,nan,nan,2.0468200487943933,2.0468200487943933
m01-j0278,manifest.tsv,dml2_real_real_breast_cancer_misaligned_cui_selective_ml_n6000_s2_chunk13.reps.csv,real_breast_cancer_misaligned,box,6000,0.05,2.0,estimated_residual_lowp_supported,cui_selective_ml,estimated,xgboost,xgboost,if_residual,1.0,0.0|0.25|0.5|1.0,aipw_variance,-1.0,1.0,obsval,4.0,0.1,30,0.1,crossfit_rank_empty_standdown,1.0,4,50,3,1827.7451041918248,-0.030033813314048086,-0.011164156874839404,-0.030033813314048086,0.018869656439208682,0.007738196796457828,-0.007085415652236895,0.0,nan,1.0,if_residual,nan,nan,nan,nan,nan,random_forest,gradient_boosting,0.011410827712629922,nan,nan,nan,nan,nan,nan,nan,0.1,0.24116666666666667,0.9683333333333334,0.40152038700760195,64,267,0.10666666666666667,0.18451969592259848,-0.03323048510403067,-0.023500071414344237,0.009730413689686433,-0.05642478874163629,-0.0425650441302439,0.013859744611392388,3.074304261529161,2.6417786964526786,2.2245458535349276,2.0085799902597268
m01-j0278,manifest.tsv,dml2_real_real_breast_cancer_misaligned_cui_selective_ml_n6000_s2_chunk13.reps.csv,real_breast_cancer_misaligned,box,6000,0.05,2.0,estimated_residual_lowp_supported,cui_selective_ml,estimated,xgboost,xgboost,if_residual,1.0,0.0|0.25|0.5|1.0,aipw_variance,-1.0,1.0,obsval,4.0,0.1,30,0.1,crossfit_rank_empty_standdown,1.0,4,50,4,2409.3961817426607,-0.041776907183057044,-0.041776907183057044,-0.041776907183057044,0.0,0.0022654021686757207,-0.0003083606984273959,0.0,nan,0.0,reference,nan,nan,nan,nan,nan,gradient_boosting,gradient_boosting,0.1963624755163424,nan,nan,nan,nan,nan,nan,nan,0.1,0.245,0.965,0.39387755102040817,64,256,0.10666666666666667,0.17414965986394557,-0.03757158314490982,-0.03757158314490982,0.0,-0.06509962752255313,-0.06509962752255313,0.0,3.10567505246308,3.10567505246308,2.228835721371269,2.228835721371269
m01-j0279,manifest.tsv,dml2_real_real_breast_cancer_misaligned_cui_selective_ml_n6000_s2_chunk14.reps.csv,real_breast_cancer_misaligned,box,6000,0.05,2.0,estimated_residual_lowp_supported,cui_selective_ml,estimated,xgboost,xgboost,if_residual,1.0,0.0|0.25|0.5|1.0,aipw_variance,-1.0,1.0,obsval,4.0,0.1,30,0.1,crossfit_rank_empty_standdown,1.0,4,50,1,603.6009918311611,-0.16187646349627594,-0.158300447205872,-0.16187646349627594,0.0035760162904039383,0.0007970816837138167,-0.0004970599867382059,0.0,nan,1.0,if_residual,nan,nan,nan,nan,nan,gradient_boosting,lasso,1.190758592342982,nan,nan,nan,nan,nan,nan,nan,0.0,0.2415,nan,0.0,0,247,nan,0.1704623878536922,0.0,0.0,0.0,-0.01800740581099685,-0.009421077794043721,0.008586328016953129,nan,nan,2.6186890630797652,2.422582188753167
m01-j0279,manifest.tsv,dml2_real_real_breast_cancer_misaligned_cui_selective_ml_n6000_s2_chunk14.reps.csv,real_breast_cancer_misaligned,box,6000,0.05,2.0,estimated_residual_lowp_supported,cui_selective_ml,estimated,xgboost,xgboost,if_residual,1.0,0.0|0.25|0.5|1.0,aipw_variance,-1.0,1.0,obsval,4.0,0.1,30,0.1,crossfit_rank_empty_standdown,1.0,4,50,2,1215.8692811587825,-0.025430526155190813,-0.025430526155190813,-0.025430526155190813,0.0,0.001461053696898077,-0.00030066314076461096,0.0,nan,0.0,reference,nan,nan,nan,nan,nan,gradient_boosting,gradient_boosting,0.008733840011589961,nan,nan,nan,nan,nan,nan,nan,0.1,0.24483333333333332,0.9616666666666667,0.39278420694349897,67,269,0.11166666666666666,0.18311776718856365,-0.032145901415218496,-0.032145901415218496,0.0,-0.053158598386778125,-0.053158598386778125,0.0,2.546603856737123,2.546603856737123,1.9508391053924108,1.9508391053924108
m01-j0279,manifest.tsv,dml2_real_real_breast_cancer_misaligned_cui_selective_ml_n6000_s2_chunk14.reps.csv,real_breast_cancer_misaligned,box,6000,0.05,2.0,estimated_residual_lowp_supported,cui_selective_ml,estimated,xgboost,xgboost,if_residual,1.0,0.0|0.25|0.5|1.0,aipw_variance,-1.0,1.0,obsval,4.0,0.1,30,0.1,crossfit_rank_empty_standdown,1.0,4,50,3,1813.4036644520238,-0.05743671499003289,-0.05743671499003289,-0.05743671499003289,0.0,0.0020486155412530044,-0.002822088845066897,0.0,nan,0.0,reference,nan,nan,nan,nan,nan,random_forest,gradient_boosting,0.5018861792894886,nan,nan,nan,nan,nan,nan,nan,0.1,0.23766666666666666,0.965,0.4060308555399719,53,248,0.08833333333333333,0.17391304347826086,-0.03790747908854976,-0.03790747908854976,0.0,-0.07197174657170571,-0.07197174657170571,0.0,2.86000807563855,2.86000807563855,2.151686874617477,2.151686874617477
m01-j0279,manifest.tsv,dml2_real_real_breast_cancer_misaligned_cui_selective_ml_n6000_s2_chunk14.reps.csv,real_breast_cancer_misaligned,box,6000,0.05,2.0,estimated_residual_lowp_supported,cui_selective_ml,estimated,xgboost,xgboost,if_residual,1.0,0.0|0.25|0.5|1.0,aipw_variance,-1.0,1.0,obsval,4.0,0.1,30,0.1,crossfit_rank_empty_standdown,1.0,4,50,4,2391.7751341927797,-0.08878955466371885,-0.08878955466371885,-0.08878955466371885,0.0,0.0007519242154598823,-0.0005404487543741899,0.0,nan,0.0,reference,nan,nan,nan,nan,nan,gradient_boosting,random_forest,0.0056551120847398665,nan,nan,nan,nan,nan,nan,nan,0.1,0.25033333333333335,0.9683333333333334,0.38681757656458055,52,267,0.08666666666666667,0.177762982689747,-0.01463853324874105,-0.01463853324874105,0.0,-0.03777122362858609,-0.03777122362858609,0.0,3.1274400934422757,3.1274400934422757,2.214795910185998,2.214795910185998
m01-j0280,manifest.tsv,dml2_real_real_breast_cancer_misaligned_cui_selective_ml_n6000_s2_chunk15.reps.csv,real_breast_cancer_misaligned,box,6000,0.05,2.0,estimated_residual_lowp_supported,cui_selective_ml,estimated,xgboost,xgboost,if_residual,1.0,0.0|0.25|0.5|1.0,aipw_variance,-1.0,1.0,obsval,4.0,0.1,30,0.1,crossfit_rank_empty_standdown,1.0,4,50,1,610.1302420077845,0.053991275542401684,0.05339047388269624,0.053991275542401684,-0.0006008016597054411,0.003100606838809753,-0.0018770596593521332,0.0,nan,0.25,if_residual,nan,nan,nan,nan,nan,gradient_boosting,gradient_boosting,0.2509492196396053,nan,nan,nan,nan,nan,nan,nan,0.075,0.245,0.9688888888888889,0.2965986394557823,44,289,0.09777777777777778,0.19659863945578232,-0.02853625858400131,-0.026361440209647057,0.0021748183743542544,-0.04566068772546129,-0.042449921917576024,0.003210765807885263,2.8669157761514215,2.753821791698954,2.090007854626874,2.060596735488631
m01-j0280,manifest.tsv,dml2_real_real_breast_cancer_misaligned_cui_selective_ml_n6000_s2_chunk15.reps.csv,real_breast_cancer_misaligned,box,6000,0.05,2.0,estimated_residual_lowp_supported,cui_selective_ml,estimated,xgboost,xgboost,if_residual,1.0,0.0|0.25|0.5|1.0,aipw_variance,-1.0,1.0,obsval,4.0,0.1,30,0.1,crossfit_rank_empty_standdown,1.0,4,50,2,1217.3461518501863,-0.1963083267117296,-0.17537006366820163,-0.1963083267117296,0.02093826304352797,0.0015134739312971713,-0.0008566569195027479,0.0,nan,1.0,if_residual,nan,nan,nan,nan,nan,gradient_boosting,lasso,0.004108256703687424,nan,nan,nan,nan,nan,nan,nan,0.075,0.25066666666666665,0.98,0.293218085106383,42,290,0.09333333333333334,0.19281914893617022,-0.029706249483664494,-0.024323801965123636,0.005382447518540858,-0.05805506893018465,-0.04770843991817541,0.010346629012009244,4.262363750596732,3.5902581992377716,2.609644287619325,2.25271514696257
m01-j0280,manifest.tsv,dml2_real_real_breast_cancer_misaligned_cui_selective_ml_n6000_s2_chunk15.reps.csv,real_breast_cancer_misaligned,box,6000,0.05,2.0,estimated_residual_lowp_supported,cui_selective_ml,estimated,xgboost,xgboost,if_residual,1.0,0.0|0.25|0.5|1.0,aipw_variance,-1.0,1.0,obsval,4.0,0.1,30,0.1,crossfit_rank_empty_standdown,1.0,4,50,3,1815.2264691200107,-0.04505009461443554,-0.08116587412542164,-0.04505009461443554,-0.0361157795109861,0.0011395663877796702,-0.0008694849392841407,0.0,nan,0.5,if_residual,nan,nan,nan,nan,nan,random_forest,lasso,0.0856372304795215,nan,nan,nan,nan,nan,nan,nan,0.1,0.25,0.9683333333333334,0.3873333333333333,63,285,0.105,0.19,-0.06075718947696904,-0.051606805144069234,0.009150384332899802,-0.09611111777716079,-0.07763143308416162,0.018479684692999168,3.3856739285286195,3.0499560330001723,2.4052923948447265,2.123379686780368
m01-j0280,manifest.tsv,dml2_real_real_breast_cancer_misaligned_cui_selective_ml_n6000_s2_chunk15.reps.csv,real_breast_cancer_misaligned,box,6000,0.05,2.0,estimated_residual_lowp_supported,cui_selective_ml,estimated,xgboost,xgboost,if_residual,1.0,0.0|0.25|0.5|1.0,aipw_variance,-1.0,1.0,obsval,4.0,0.1,30,0.1,crossfit_rank_empty_standdown,1.0,4,50,4,2405.0371666485444,-0.10368609367907877,-0.09585776987107553,-0.10368609367907877,0.007828323808003246,0.00042711325784052477,-0.00040360090653146453,0.0,nan,0.5,if_residual,nan,nan,nan,nan,nan,gradient_boosting,gradient_boosting,0.049334292674952346,nan,nan,nan,nan,nan,nan,nan,0.0,0.24266666666666667,nan,0.0,0,270,nan,0.18543956043956045,0.0,0.0,0.0,-0.040444092172102576,-0.03294522224007145,0.007498869932031124,nan,nan,2.4296992649270877,2.2943214982708535
m01-j0281,manifest.tsv,dml2_real_real_breast_cancer_misaligned_cui_selective_ml_n6000_s2_chunk16.reps.csv,real_breast_cancer_misaligned,box,6000,0.05,2.0,estimated_residual_lowp_supported,cui_selective_ml,estimated,xgboost,xgboost,if_residual,1.0,0.0|0.25|0.5|1.0,aipw_variance,-1.0,1.0,obsval,4.0,0.1,30,0.1,crossfit_rank_empty_standdown,1.0,4,50,1,594.9401159249246,-0.012473008263811702,-0.02498975156559935,-0.012473008263811702,-0.012516743301787647,0.003045475301645087,-0.0018459638237095124,0.0,nan,0.5,if_residual,nan,nan,nan,nan,nan,gradient_boosting,gradient_boosting,0.022064004560765692,nan,nan,nan,nan,nan,nan,nan,0.075,0.241,0.9733333333333334,0.3029045643153527,32,243,0.07111111111111111,0.16804979253112035,-0.022908066791525537,-0.018982279724268754,0.0039257870672567835,-0.052504855396602094,-0.04751614258371297,0.004988712812889123,3.377463077895973,2.8548978760787,2.2666556924007786,1.9593670174622175
m01-j0281,manifest.tsv,dml2_real_real_breast_cancer_misaligned_cui_selective_ml_n6000_s2_chunk16.reps.csv,real_breast_cancer_misaligned,box,6000,0.05,2.0,estimated_residual_lowp_supported,cui_selective_ml,estimated,xgboost,xgboost,if_residual,1.0,0.0|0.25|0.5|1.0,aipw_variance,-1.0,1.0,obsval,4.0,0.1,30,0.1,crossfit_rank_empty_standdown,1.0,4,50,2,1190.1618810854852,-0.08541571469142473,-0.08541571469142473,-0.08541571469142473,0.0,0.001600344791144048,-0.00010994643296860333,0.0,nan,0.0,reference,nan,nan,nan,nan,nan,gradient_boosting,gradient_boosting,0.6428468308061556,nan,nan,nan,nan,nan,nan,nan,0.05,0.2485,0.98,0.19718309859154928,31,286,0.10333333333333333,0.19181757209926223,-0.03282165092258144,-0.03282165092258144,0.0,-0.060880691240940685,-0.060880691240940685,0.0,3.791697441799893,3.791697441799893,2.1588184874497864,2.1588184874497864
m01-j0281,manifest.tsv,dml2_real_real_breast_cancer_misaligned_cui_selective_ml_n6000_s2_chunk16.reps.csv,real_breast_cancer_misaligned,box,6000,0.05,2.0,estimated_residual_lowp_supported,cui_selective_ml,estimated,xgboost,xgboost,if_residual,1.0,0.0|0.25|0.5|1.0,aipw_variance,-1.0,1.0,obsval,4.0,0.1,30,0.1,crossfit_rank_empty_standdown,1.0,4,50,3,1775.0822238484398,-0.13419072234257245,-0.1198700580829386,-0.13419072234257245,0.014320664259633853,0.0014752183369061795,-0.0011784118628865342,0.0,nan,0.5,if_residual,nan,nan,nan,nan,nan,random_forest,random_forest,0.018325620241269405,nan,nan,nan,nan,nan,nan,nan,0.075,0.247,0.9777777777777777,0.2968960863697706,40,279,0.08888888888888889,0.1882591093117409,-0.05187738936934409,-0.04756692474221989,0.0043104646271242,-0.0906079027702788,-0.08218293655277711,0.00842496621750169,3.79664616394844,3.3774547860106394,2.47988146266473,2.225189940064501
m01-j0281,manifest.tsv,dml2_real_real_breast_cancer_misaligned_cui_selective_ml_n6000_s2_chunk16.reps.csv,real_breast_cancer_misaligned,box,6000,0.05,2.0,estimated_residual_lowp_supported,cui_selective_ml,estimated,xgboost,xgboost,if_residual,1.0,0.0|0.25|0.5|1.0,aipw_variance,-1.0,1.0,obsval,4.0,0.1,30,0.1,crossfit_rank_empty_standdown,1.0,4,50,4,2368.507386303507,-0.029607886297784436,-0.01542405893010046,-0.029607886297784436,0.014183827367683977,0.00088793736556664,-0.0006653485015559221,0.0,nan,1.0,if_residual,nan,nan,nan,nan,nan,gradient_boosting,gradient_boosting,0.08400641880851145,nan,nan,nan,nan,nan,nan,nan,0.1,0.244,0.965,0.39549180327868855,61,292,0.10166666666666667,0.1994535519125683,-0.038064094761422876,-0.0223892404073276,0.015674854354095276,-0.06207498132404246,-0.03971044990582234,0.022364531418220118,3.237304725576358,2.522726358842551,2.307715251159772,1.9182989758621005
m01-j0282,manifest.tsv,dml2_real_real_breast_cancer_misaligned_cui_selective_ml_n6000_s2_chunk17.reps.csv,real_breast_cancer_misaligned,box,6000,0.05,2.0,estimated_residual_lowp_supported,cui_selective_ml,estimated,xgboost,xgboost,if_residual,1.0,0.0|0.25|0.5|1.0,aipw_variance,-1.0,1.0,obsval,4.0,0.1,30,0.1,crossfit_rank_empty_standdown,1.0,4,50,1,603.3271383270621,-0.018390758191455303,-0.018390758191455303,-0.018390758191455303,0.0,0.0010961426442598734,-0.000869272735911958,0.0,nan,0.0,reference,nan,nan,nan,nan,nan,gradient_boosting,gradient_boosting,0.03819901735649861,nan,nan,nan,nan,nan,nan,nan,0.0,0.247,nan,0.0,0,258,nan,0.17408906882591094,0.0,0.0,0.0,-0.0322565936946164,-0.0322565936946164,0.0,nan,nan,2.118920461460881,2.118920461460881
m01-j0282,manifest.tsv,dml2_real_real_breast_cancer_misaligned_cui_selective_ml_n6000_s2_chunk17.reps.csv,real_breast_cancer_misaligned,box,6000,0.05,2.0,estimated_residual_lowp_supported,cui_selective_ml,estimated,xgboost,xgboost,if_residual,1.0,0.0|0.25|0.5|1.0,aipw_variance,-1.0,1.0,obsval,4.0,0.1,30,0.1,crossfit_rank_empty_standdown,1.0,4,50,2,1201.2531318794936,0.008422454846934935,0.007397743038552451,0.008422454846934935,-0.0010247118083824835,0.0014174518003312224,-0.00048782220995157105,0.0,nan,0.5,if_residual,nan,nan,nan,nan,nan,gradient_boosting,gradient_boosting,0.025576724530056178,nan,nan,nan,nan,nan,nan,nan,0.0,0.2425,nan,0.0,0,274,nan,0.18831615120274914,0.0,0.0,0.0,-0.06390868693248729,-0.058385507136483814,0.0055231797960034745,nan,nan,1.9843003214494765,1.7769386924082657
m01-j0282,manifest.tsv,dml2_real_real_breast_cancer_misaligned_cui_selective_ml_n6000_s2_chunk17.reps.csv,real_breast_cancer_misaligned,box,6000,0.05,2.0,estimated_residual_lowp_supported,cui_selective_ml,estimated,xgboost,xgboost,if_residual,1.0,0.0|0.25|0.5|1.0,aipw_variance,-1.0,1.0,obsval,4.0,0.1,30,0.1,crossfit_rank_empty_standdown,1.0,4,50,3,1778.606227207929,0.010608096325581018,0.010608096325581018,0.010608096325581018,0.0,0.009283867489664038,-0.008714957562694657,0.0,nan,0.0,reference,nan,nan,nan,nan,nan,logistic_l1,random_forest,0.062147512560168906,nan,nan,nan,nan,nan,nan,nan,0.1,0.24666666666666667,0.965,0.3912162162162162,65,280,0.10833333333333334,0.1891891891891892,-0.021000565628603623,-0.021000565628603623,0.0,-0.0216764936933003,-0.0216764936933003,0.0,3.2826519604928546,3.2826519604928546,2.430711226834936,2.430711226834936
m01-j0282,manifest.tsv,dml2_real_real_breast_cancer_misaligned_cui_selective_ml_n6000_s2_chunk17.reps.csv,real_breast_cancer_misaligned,box,6000,0.05,2.0,estimated_residual_lowp_supported,cui_selective_ml,estimated,xgboost,xgboost,if_residual,1.0,0.0|0.25|0.5|1.0,aipw_variance,-1.0,1.0,obsval,4.0,0.1,30,0.1,crossfit_rank_empty_standdown,1.0,4,50,4,2363.1284506497905,-0.028863798857358902,-0.01376177532181988,-0.028863798857358902,0.015102023535539022,0.0011196246542272965,-0.0006974022452856446,0.0,nan,0.5,if_residual,nan,nan,nan,nan,nan,gradient_boosting,gradient_boosting,0.11347405380931602,nan,nan,nan,nan,nan,nan,nan,0.075,0.24366666666666667,0.96,0.2954856361149111,47,237,0.10444444444444445,0.16210670314637482,-0.033056925020021465,-0.028908273406892667,0.0041486516131287975,-0.05876671085609952,-0.05215064826249776,0.006616062593601757,2.6529391237464868,2.403813927900733,2.180251081023975,1.9488646546194608
m01-j0283,manifest.tsv,dml2_real_real_breast_cancer_misaligned_cui_selective_ml_n6000_s2_chunk18.reps.csv,real_breast_cancer_misaligned,box,6000,0.05,2.0,estimated_residual_lowp_supported,cui_selective_ml,estimated,xgboost,xgboost,if_residual,1.0,0.0|0.25|0.5|1.0,aipw_variance,-1.0,1.0,obsval,4.0,0.1,30,0.1,crossfit_rank_empty_standdown,1.0,4,50,1,603.2269093673676,-0.05016508449047474,0.010028769477896216,-0.046550668940780277,0.06019385396837096,0.0017028672268931252,-0.0009936963568843884,0.06004625574553957,nan,1.0,if_residual,nan,nan,nan,nan,nan,random_forest,random_forest,0.017341605483852045,nan,nan,nan,nan,nan,nan,nan,0.1,0.24183333333333334,0.9816666666666667,0.40592694693314957,46,256,0.07666666666666666,0.17643004824259131,-0.04200087033698978,0.007333476232039139,0.03466739410495064,-0.07355397115751021,-0.005234176809811303,0.0683197943476989,2.8850352423116488,2.845391500302435,2.229033937564458,2.146247532836196
m01-j0283,manifest.tsv,dml2_real_real_breast_cancer_misaligned_cui_selective_ml_n6000_s2_chunk18.reps.csv,real_breast_cancer_misaligned,box,6000,0.05,2.0,estimated_residual_lowp_supported,cui_selective_ml,estimated,xgboost,xgboost,if_residual,1.0,0.0|0.25|0.5|1.0,aipw_variance,-1.0,1.0,obsval,4.0,0.1,30,0.1,crossfit_rank_empty_standdown,1.0,4,50,2,1198.8055773358792,-0.047135395879003616,-0.017336354189948944,-0.047135395879003616,0.029799041689054673,0.004939621078509046,-0.003124771388404883,0.0,nan,1.0,if_residual,nan,nan,nan,nan,nan,gradient_boosting,lasso,0.5040744313206614,nan,nan,nan,nan,nan,nan,nan,0.0,0.23666666666666666,nan,0.0,0,252,nan,0.17746478873239438,0.0,0.0,0.0,-0.07718039623703582,-0.05114503268030052,0.026035363556735303,nan,nan,2.6027083054708844,1.9213348224081943
m01-j0283,manifest.tsv,dml2_real_real_breast_cancer_misaligned_cui_selective_ml_n6000_s2_chunk18.reps.csv,real_breast_cancer_misaligned,box,6000,0.05,2.0,estimated_residual_lowp_supported,cui_selective_ml,estimated,xgboost,xgboost,if_residual,1.0,0.0|0.25|0.5|1.0,aipw_variance,-1.0,1.0,obsval,4.0,0.1,30,0.1,crossfit_rank_empty_standdown,1.0,4,50,3,1789.7099385987967,0.08990511513161337,0.08990511513161337,0.08990511513161337,0.0,0.003393961611862447,-0.0029073449170615683,0.0,nan,0.0,reference,nan,nan,nan,nan,nan,logistic_l1,gradient_boosting,0.033222339960425985,nan,nan,nan,nan,nan,nan,nan,0.075,0.2375,0.9666666666666667,0.30526315789473685,37,248,0.08222222222222222,0.17403508771929824,0.046250170590338785,0.046250170590338785,0.0,0.0037399067365558713,0.0037399067365558713,0.0,3.426992041246316,3.426992041246316,2.3855935579735075,2.3855935579735075
m01-j0283,manifest.tsv,dml2_real_real_breast_cancer_misaligned_cui_selective_ml_n6000_s2_chunk18.reps.csv,real_breast_cancer_misaligned,box,6000,0.05,2.0,estimated_residual_lowp_supported,cui_selective_ml,estimated,xgboost,xgboost,if_residual,1.0,0.0|0.25|0.5|1.0,aipw_variance,-1.0,1.0,obsval,4.0,0.1,30,0.1,crossfit_rank_empty_standdown,1.0,4,50,4,2376.006317979656,-0.10461742755001391,-0.08254492413586723,-0.10461742755001391,0.022072503414146682,0.0013787412165459792,-0.0009533242401580494,0.0,nan,0.5,if_residual,nan,nan,nan,nan,nan,gradient_boosting,gradient_boosting,0.07348044198139003,nan,nan,nan,nan,nan,nan,nan,0.1,0.24883333333333332,0.955,0.38379102478231747,68,256,0.11333333333333333,0.17146684527796383,-0.012133598997082894,-0.008319651829028288,0.0038139471680546065,-0.04561140611992943,-0.033756251886662224,0.011855154233267204,2.9576782720399617,2.4761554877429517,2.1642911216732625,1.847090998952879
m01-j0284,manifest.tsv,dml2_real_real_breast_cancer_misaligned_cui_selective_ml_n6000_s2_chunk19.reps.csv,real_breast_cancer_misaligned,box,6000,0.05,2.0,estimated_residual_lowp_supported,cui_selective_ml,estimated,xgboost,xgboost,if_residual,1.0,0.0|0.25|0.5|1.0,aipw_variance,-1.0,1.0,obsval,4.0,0.1,30,0.1,crossfit_rank_empty_standdown,1.0,4,50,1,607.4716345146298,-0.09354237522278674,-0.09106488820286207,-0.09354237522278674,0.0024774870199246735,0.0005016294339795892,-0.00037666679281314706,0.0,nan,0.5,if_residual,nan,nan,nan,nan,nan,gradient_boosting,gradient_boosting,0.06816435360407576,nan,nan,nan,nan,nan,nan,nan,0.1,0.2425,0.9633333333333334,0.3972508591065292,60,274,0.1,0.18831615120274914,-0.03409080809123577,-0.030511978694794425,0.0035788293964413437,-0.05433969455289868,-0.04638281805163222,0.00795687650126646,3.3793964382087713,3.088923651690196,2.3618230778822458,2.158986650396604
m01-j0284,manifest.tsv,dml2_real_real_breast_cancer_misaligned_cui_selective_ml_n6000_s2_chunk19.reps.csv,real_breast_cancer_misaligned,box,6000,0.05,2.0,estimated_residual_lowp_supported,cui_selective_ml,estimated,xgboost,xgboost,if_residual,1.0,0.0|0.25|0.5|1.0,aipw_variance,-1.0,1.0,obsval,4.0,0.1,30,0.1,crossfit_rank_empty_standdown,1.0,4,50,2,1195.9644034681842,0.018025076627431136,0.018025076627431136,0.018025076627431136,0.0,0.004805097739860032,-0.004551063628617768,0.0,nan,0.0,reference,nan,nan,nan,nan,nan,gradient_boosting,random_forest,3.3699405061106606,nan,nan,nan,nan,nan,nan,nan,0.1,0.2445,0.9716666666666667,0.39740967961826856,45,241,0.075,0.16428084526244036,-0.019965435943245475,-0.019965435943245475,0.0,-0.03093235963568288,-0.03093235963568288,0.0,3.389536879633666,3.389536879633666,2.5363638532674777,2.5363638532674777
m01-j0284,manifest.tsv,dml2_real_real_breast_cancer_misaligned_cui_selective_ml_n6000_s2_chunk19.reps.csv,real_breast_cancer_misaligned,box,6000,0.05,2.0,estimated_residual_lowp_supported,cui_selective_ml,estimated,xgboost,xgboost,if_residual,1.0,0.0|0.25|0.5|1.0,aipw_variance,-1.0,1.0,obsval,4.0,0.1,30,0.1,crossfit_rank_empty_standdown,1.0,4,50,3,1783.2294598501176,-0.04887287885278535,-0.04887287885278535,-0.04887287885278535,0.0,0.0013660391585801424,-0.0007263994657341092,0.0,nan,0.0,reference,nan,nan,nan,nan,nan,gradient_boosting,gradient_boosting,0.23518267713299706,nan,nan,nan,nan,nan,nan,nan,0.075,0.24133333333333334,0.9644444444444444,0.29972375690607733,41,248,0.09111111111111111,0.1712707182320442,-0.0364129904354725,-0.0364129904354725,0.0,-0.04728384063237363,-0.04728384063237363,0.0,2.9778427415052398,2.9778427415052398,2.2549268705956496,2.2549268705956496
m01-j0284,manifest.tsv,dml2_real_real_breast_cancer_misaligned_cui_selective_ml_n6000_s2_chunk19.reps.csv,real_breast_cancer_misaligned,box,6000,0.05,2.0,estimated_residual_lowp_supported,cui_selective_ml,estimated,xgboost,xgboost,if_residual,1.0,0.0|0.25|0.5|1.0,aipw_variance,-1.0,1.0,obsval,4.0,0.1,30,0.1,crossfit_rank_empty_standdown,1.0,4,50,4,2369.8142023254186,-0.11980035093957242,-0.11980035093957242,-0.11980035093957242,0.0,0.000844733672537434,-0.00041625356976002616,0.0,nan,0.0,reference,nan,nan,nan,nan,nan,gradient_boosting,lasso,0.0322184383699138,nan,nan,nan,nan,nan,nan,nan,0.075,0.24216666666666667,0.96,0.2973158981417756,35,263,0.07777777777777778,0.1810048176187199,-0.026577834053718077,-0.026577834053718077,0.0,-0.055987800173403705,-0.055987800173403705,0.0,4.192260114580101,4.192260114580101,2.6596088444865758,2.6596088444865758
m01-j0285,manifest.tsv,dml2_real_real_breast_cancer_misaligned_cui_selective_ml_n6000_s2_chunk20.reps.csv,real_breast_cancer_misaligned,box,6000,0.05,2.0,estimated_residual_lowp_supported,cui_selective_ml,estimated,xgboost,xgboost,if_residual,1.0,0.0|0.25|0.5|1.0,aipw_variance,-1.0,1.0,obsval,4.0,0.1,30,0.1,crossfit_rank_empty_standdown,1.0,4,50,1,596.6834326330572,-0.18200566518614425,-0.18200566518614425,-0.18200566518614425,0.0,0.0005653790524836545,-0.0004022741948136949,0.0,nan,0.0,reference,nan,nan,nan,nan,nan,logistic_l1,random_forest,0.0009160094909302282,nan,nan,nan,nan,nan,nan,nan,0.05,0.24666666666666667,0.9333333333333333,0.1891891891891892,49,286,0.16333333333333333,0.19324324324324324,0.011595594473263532,0.011595594473263532,0.0,0.07586501408903844,0.07586501408903844,0.0,2.975965286509887,2.975965286509887,2.476757206406713,2.476757206406713
m01-j0285,manifest.tsv,dml2_real_real_breast_cancer_misaligned_cui_selective_ml_n6000_s2_chunk20.reps.csv,real_breast_cancer_misaligned,box,6000,0.05,2.0,estimated_residual_lowp_supported,cui_selective_ml,estimated,xgboost,xgboost,if_residual,1.0,0.0|0.25|0.5|1.0,aipw_variance,-1.0,1.0,obsval,4.0,0.1,30,0.1,crossfit_rank_empty_standdown,1.0,4,50,2,1185.0105546778068,0.04844983292399607,0.04844983292399607,0.04844983292399607,0.0,0.0018493083207920475,-0.0019028689057032562,0.0,nan,0.0,reference,nan,nan,nan,nan,nan,logistic_l1,gradient_boosting,0.012329221453400933,nan,nan,nan,nan,nan,nan,nan,0.1,0.24466666666666667,0.98,0.40054495912806537,64,274,0.10666666666666667,0.18664850136239783,0.028629142514913164,0.028629142514913164,0.0,0.008976135514561933,0.008976135514561933,0.0,3.311448411951535,3.311448411951535,2.3414334612459156,2.3414334612459156
m01-j0285,manifest.tsv,dml2_real_real_breast_cancer_misaligned_cui_selective_ml_n6000_s2_chunk20.reps.csv,real_breast_cancer_misaligned,box,6000,0.05,2.0,estimated_residual_lowp_supported,cui_selective_ml,estimated,xgboost,xgboost,if_residual,1.0,0.0|0.25|0.5|1.0,aipw_variance,-1.0,1.0,obsval,4.0,0.1,30,0.1,crossfit_rank_empty_standdown,1.0,4,50,3,1776.5742674525827,-0.0028582835068269308,-0.0028582835068269308,-0.0028582835068269308,0.0,0.0032615752104949384,-0.002194677784174217,0.0,nan,0.0,reference,nan,nan,nan,nan,nan,gradient_boosting,gradient_boosting,0.19851304966677177,nan,nan,nan,nan,nan,nan,nan,0.075,0.2425,0.9288888888888889,0.2872852233676976,46,268,0.10222222222222223,0.18419243986254297,-0.023659297287388786,-0.023659297287388786,0.0,-0.04928144901377692,-0.04928144901377692,0.0,2.9070965125835744,2.9070965125835744,2.0594815539211733,2.0594815539211733
m01-j0285,manifest.tsv,dml2_real_real_breast_cancer_misaligned_cui_selective_ml_n6000_s2_chunk20.reps.csv,real_breast_cancer_misaligned,box,6000,0.05,2.0,estimated_residual_lowp_supported,cui_selective_ml,estimated,xgboost,xgboost,if_residual,1.0,0.0|0.25|0.5|1.0,aipw_variance,-1.0,1.0,obsval,4.0,0.1,30,0.1,crossfit_rank_empty_standdown,1.0,4,50,4,2355.1772206109017,-0.052659907389490446,0.002834952892450171,-0.052659907389490446,0.05549486028194062,0.0047388175774581,-0.001978823724708963,0.0,nan,1.0,if_residual,nan,nan,nan,nan,nan,gradient_boosting,gradient_boosting,0.008119326149522866,nan,nan,nan,nan,nan,nan,nan,0.1,0.24683333333333332,0.965,0.39095205941931127,66,280,0.11,0.18906144496961513,-0.04114552707621828,-0.04076155491977373,0.000383972156444555,-0.0536220124420357,-0.05027296127412045,0.00334905116791525,2.9369255549398905,2.879287690155516,2.038724553678108,2.031232926276258
m01-j0286,manifest.tsv,dml2_real_real_breast_cancer_misaligned_cui_selective_ml_n6000_s2_chunk21.reps.csv,real_breast_cancer_misaligned,box,6000,0.05,2.0,estimated_residual_lowp_supported,cui_selective_ml,estimated,xgboost,xgboost,if_residual,1.0,0.0|0.25|0.5|1.0,aipw_variance,-1.0,1.0,obsval,4.0,0.1,30,0.1,crossfit_rank_empty_standdown,1.0,4,50,1,603.8039752459154,-0.0003205747218033572,-0.03131230442617461,-0.0003205747218033572,-0.03099172970437125,0.006196099172609711,-0.0036862701123480243,0.0,nan,0.5,if_residual,nan,nan,nan,nan,nan,gradient_boosting,random_forest,0.042219851615523094,nan,nan,nan,nan,nan,nan,nan,0.0,0.237,nan,0.0,0,249,nan,0.1751054852320675,0.0,0.0,0.0,-0.04384916202256308,-0.03644030382959869,0.007408858192964392,nan,nan,2.247417747233791,1.9449019993108474
m01-j0286,manifest.tsv,dml2_real_real_breast_cancer_misaligned_cui_selective_ml_n6000_s2_chunk21.reps.csv,real_breast_cancer_misaligned,box,6000,0.05,2.0,estimated_residual_lowp_supported,cui_selective_ml,estimated,xgboost,xgboost,if_residual,1.0,0.0|0.25|0.5|1.0,aipw_variance,-1.0,1.0,obsval,4.0,0.1,30,0.1,crossfit_rank_empty_standdown,1.0,4,50,2,1191.9306340171024,-0.06778194656282777,-0.05325680095467222,-0.06778194656282777,0.014525145608155543,0.001770416109415333,4.3040028987551774e-05,0.0,nan,0.5,if_residual,nan,nan,nan,nan,nan,gradient_boosting,lasso,0.003032998295466544,nan,nan,nan,nan,nan,nan,nan,0.075,0.238,0.98,0.3088235294117647,38,246,0.08444444444444445,0.1722689075630252,-0.021929122264133565,-0.02212548309955192,-0.0001963608354183556,-0.04603455730490809,-0.040366029702348434,0.0056685276025596545,4.142197978890907,3.4060536217312194,2.681736192454466,2.2410784278583376
m01-j0286,manifest.tsv,dml2_real_real_breast_cancer_misaligned_cui_selective_ml_n6000_s2_chunk21.reps.csv,real_breast_cancer_misaligned,box,6000,0.05,2.0,estimated_residual_lowp_supported,cui_selective_ml,estimated,xgboost,xgboost,if_residual,1.0,0.0|0.25|0.5|1.0,aipw_variance,-1.0,1.0,obsval,4.0,0.1,30,0.1,crossfit_rank_empty_standdown,1.0,4,50,3,1776.8996823849156,-0.034385225160321053,-0.034385225160321053,-0.034385225160321053,0.0,0.0014757183434605074,4.394573976350836e-06,0.0,nan,0.0,reference,nan,nan,nan,nan,nan,gradient_boosting,gradient_boosting,0.3544651041972821,nan,nan,nan,nan,nan,nan,nan,0.1,0.24083333333333334,0.9566666666666667,0.3972318339100346,60,241,0.1,0.16678200692041523,-0.03052980431585426,-0.03052980431585426,0.0,-0.05471006293807417,-0.05471006293807417,0.0,2.626307204372768,2.626307204372768,2.0028610018096082,2.0028610018096082
m01-j0286,manifest.tsv,dml2_real_real_breast_cancer_misaligned_cui_selective_ml_n6000_s2_chunk21.reps.csv,real_breast_cancer_misaligned,box,6000,0.05,2.0,estimated_residual_lowp_supported,cui_selective_ml,estimated,xgboost,xgboost,if_residual,1.0,0.0|0.25|0.5|1.0,aipw_variance,-1.0,1.0,obsval,4.0,0.1,30,0.1,crossfit_rank_empty_standdown,1.0,4,50,4,2360.934435355477,-0.08816394236723746,-0.08816394236723746,-0.08816394236723746,0.0,0.0013156533593635744,-0.0008846117255321114,0.0,nan,0.0,reference,nan,nan,nan,nan,nan,gradient_boosting,random_forest,0.567137323839131,nan,nan,nan,nan,nan,nan,nan,0.1,0.2425,0.9633333333333334,0.3972508591065292,66,253,0.11,0.17388316151202748,-0.03421273592665485,-0.03421273592665485,0.0,-0.0503756631694619,-0.0503756631694619,0.0,3.3870401735845714,3.3870401735845714,2.4303568503667634,2.4303568503667634
m01-j0287,manifest.tsv,dml2_real_real_breast_cancer_misaligned_cui_selective_ml_n6000_s2_chunk22.reps.csv,real_breast_cancer_misaligned,box,6000,0.05,2.0,estimated_residual_lowp_supported,cui_selective_ml,estimated,xgboost,xgboost,if_residual,1.0,0.0|0.25|0.5|1.0,aipw_variance,-1.0,1.0,obsval,4.0,0.1,30,0.1,crossfit_rank_empty_standdown,1.0,4,50,1,607.0901902280748,-0.05262262126756834,-0.03597407224206195,-0.05262262126756834,0.016648549025506387,0.0004972863768458197,-0.0003325632647624404,0.0,nan,0.5,if_residual,nan,nan,nan,nan,nan,gradient_boosting,gradient_boosting,0.008777222606657427,nan,nan,nan,nan,nan,nan,nan,0.1,0.25033333333333335,0.9533333333333334,0.3808255659121172,65,256,0.10833333333333334,0.170439414114514,-0.03725186136080275,-0.030177633148355445,0.007074228212447308,-0.06279462194655,-0.05373142983185727,0.009063192114692732,2.943337771281298,2.5808523604105624,2.152118041633897,1.9162092526219623
m01-j0287,manifest.tsv,dml2_real_real_breast_cancer_misaligned_cui_selective_ml_n6000_s2_chunk22.reps.csv,real_breast_cancer_misaligned,box,6000,0.05,2.0,estimated_residual_lowp_supported,cui_selective_ml,estimated,xgboost,xgboost,if_residual,1.0,0.0|0.25|0.5|1.0,aipw_variance,-1.0,1.0,obsval,4.0,0.1,30,0.1,crossfit_rank_empty_standdown,1.0,4,50,2,1202.1404756894335,0.06597905127847126,0.06597905127847126,0.06597905127847126,0.0,0.00298068659783984,-0.004437054251421152,0.0,nan,0.0,reference,nan,nan,nan,nan,nan,gradient_boosting,gradient_boosting,0.16078888462699636,nan,nan,nan,nan,nan,nan,nan,0.075,0.24316666666666667,0.9377777777777778,0.2892392049348869,58,253,0.1288888888888889,0.17340644276901987,-0.021715422279764092,-0.021715422279764092,0.0,-0.04293450732077143,-0.04293450732077143,0.0,2.8842283965785094,2.8842283965785094,2.3019140295229517,2.3019140295229517
m01-j0287,manifest.tsv,dml2_real_real_breast_cancer_misaligned_cui_selective_ml_n6000_s2_chunk22.reps.csv,real_breast_cancer_misaligned,box,6000,0.05,2.0,estimated_residual_lowp_supported,cui_selective_ml,estimated,xgboost,xgboost,if_residual,1.0,0.0|0.25|0.5|1.0,aipw_variance,-1.0,1.0,obsval,4.0,0.1,30,0.1,crossfit_rank_empty_standdown,1.0,4,50,3,1787.5968818366528,-0.12267811451835642,-0.08323405481823631,-0.12267811451835642,0.039444059700120104,0.0035670676912175057,-0.0025005978385737844,0.0,nan,1.0,if_residual,nan,nan,nan,nan,nan,random_forest,lasso,0.019219735084596446,nan,nan,nan,nan,nan,nan,nan,0.1,0.24416666666666667,0.9516666666666667,0.38976109215017063,71,282,0.11833333333333333,0.1924914675767918,-0.07495858122967639,-0.04351908263539279,0.0314394985942836,-0.10474849301139011,-0.0736903573045309,0.03105813570685921,3.643129423296854,3.1403880128978323,2.613409059947086,2.253712470357209
m01-j0287,manifest.tsv,dml2_real_real_breast_cancer_misaligned_cui_selective_ml_n6000_s2_chunk22.reps.csv,real_breast_cancer_misaligned,box,6000,0.05,2.0,estimated_residual_lowp_supported,cui_selective_ml,estimated,xgboost,xgboost,if_residual,1.0,0.0|0.25|0.5|1.0,aipw_variance,-1.0,1.0,obsval,4.0,0.1,30,0.1,crossfit_rank_empty_standdown,1.0,4,50,4,2366.499142047018,-0.13576036964138927,-0.13013271155730088,-0.13576036964138927,0.005627658084088383,0.0008821386076770063,-0.0008067549070552351,0.0,nan,0.25,if_residual,nan,nan,nan,nan,nan,random_forest,gradient_boosting,0.008227430945013601,nan,nan,nan,nan,nan,nan,nan,0.075,0.2425,0.9688888888888889,0.29965635738831614,44,241,0.09777777777777778,0.16563573883161511,-0.020551267645294493,-0.019624837897931704,0.0009264297473627892,-0.051614096028810154,-0.04651497013415656,0.005099125894653597,3.7239103819817374,3.6667545483757125,2.436780116474492,2.3997795350318607
m01-j0288,manifest.tsv,dml2_real_real_breast_cancer_misaligned_cui_selective_ml_n6000_s2_chunk23.reps.csv,real_breast_cancer_misaligned,box,6000,0.05,2.0,estimated_residual_lowp_supported,cui_selective_ml,estimated,xgboost,xgboost,if_residual,1.0,0.0|0.25|0.5|1.0,aipw_variance,-1.0,1.0,obsval,4.0,0.1,30,0.1,crossfit_rank_empty_standdown,1.0,4,50,1,593.4074123371392,-0.16544001337595116,-0.16544001337595116,-0.16544001337595116,0.0,0.0002196859217766774,-7.658407083537379e-05,0.0,nan,0.0,reference,nan,nan,nan,nan,nan,gradient_boosting,gradient_boosting,0.0767662142681337,nan,nan,nan,nan,nan,nan,nan,0.1,0.24716666666666667,0.9683333333333334,0.39177343223196226,50,228,0.08333333333333333,0.15374241402562375,0.049855909492659826,0.049855909492659826,0.0,0.03303483265861654,0.03303483265861654,0.0,3.552937460178274,3.552937460178274,2.4138685819285532,2.4138685819285532
m01-j0288,manifest.tsv,dml2_real_real_breast_cancer_misaligned_cui_selective_ml_n6000_s2_chunk23.reps.csv,real_breast_cancer_misaligned,box,6000,0.05,2.0,estimated_residual_lowp_supported,cui_selective_ml,estimated,xgboost,xgboost,if_residual,1.0,0.0|0.25|0.5|1.0,aipw_variance,-1.0,1.0,obsval,4.0,0.1,30,0.1,crossfit_rank_empty_standdown,1.0,4,50,2,1195.3997384505346,0.017736793627670555,0.028265930386644378,0.017736793627670555,0.010529136758973823,0.0007068519613250973,-0.0005365633004207919,0.0,nan,1.0,if_residual,nan,nan,nan,nan,nan,gradient_boosting,gradient_boosting,0.15994978429529955,nan,nan,nan,nan,nan,nan,nan,0.075,0.24866666666666667,0.9511111111111111,0.2868632707774799,53,290,0.11777777777777777,0.19436997319034852,-0.042399161225637944,-0.02848982586541294,0.013909335360225004,-0.07585904238211597,-0.05129271456765029,0.024566327814465674,2.8330810464393372,2.351131542042935,2.170901676939267,1.8380275717904166
m01-j0288,manifest.tsv,dml2_real_real_breast_cancer_misaligned_cui_selective_ml_n6000_s2_chunk23.reps.csv,real_breast_cancer_misaligned,box,6000,0.05,2.0,estimated_residual_lowp_supported,cui_selective_ml,estimated,xgboost,xgboost,if_residual,1.0,0.0|0.25|0.5|1.0,aipw_variance,-1.0,1.0,obsval,4.0,0.1,30,0.1,crossfit_rank_empty_standdown,1.0,4,50,3,1786.4373930199072,0.1816853858588684,0.1816853858588684,0.1816853858588684,0.0,0.0029957428596172377,-0.0024147986702063497,0.0,nan,0.0,reference,nan,nan,nan,nan,nan,logistic_l1,random_forest,0.14885845894829847,nan,nan,nan,nan,nan,nan,nan,0.0,0.2465,nan,0.0,0,298,nan,0.20148749154834347,0.0,0.0,0.0,0.1136672916183487,0.1136672916183487,0.0,nan,nan,2.4370947759102153,2.4370947759102153
m01-j0288,manifest.tsv,dml2_real_real_breast_cancer_misaligned_cui_selective_ml_n6000_s2_chunk23.reps.csv,real_breast_cancer_misaligned,box,6000,0.05,2.0,estimated_residual_lowp_supported,cui_selective_ml,estimated,xgboost,xgboost,if_residual,1.0,0.0|0.25|0.5|1.0,aipw_variance,-1.0,1.0,obsval,4.0,0.1,30,0.1,crossfit_rank_empty_standdown,1.0,4,50,4,2367.3168509248644,-0.12653268972958043,-0.1273880819846912,-0.12653268972958043,-0.0008553922551107762,0.0008242979040315919,-0.0003931573480080811,0.0,nan,0.25,if_residual,nan,nan,nan,nan,nan,random_forest,gradient_boosting,0.025376000633434138,nan,nan,nan,nan,nan,nan,nan,0.0,0.239,nan,0.0,0,269,nan,0.18758716875871687,0.0,0.0,0.0,-0.07569296054946105,-0.07134846297727128,0.0043444975721897705,nan,nan,2.146385502667772,2.0743366999490447
