gate_id,floor_sens_max,residual_ess_min,floor_share_max,max_weight_share_max,score_tail_max,veto_floor_sens_max,veto_floor_share_min,veto_residual_ess_max,veto_score_tail_min,aipw_current_gain,aipw_gated_gain,aipw_retention,selective_current_gain,selective_gated_gain,selective_retention,ctmle_gated_gain,ma_current_gain,ma_gated_gain,ma_retention,tmle_current_gain,tmle_gated_gain,tmle_gated_ci_low,tmle_gated_ci_high,tmle_recovery,tmle_activation,aipw_activation,selective_activation,ma_activation,passes_basic_goal,objective_score
veto_stable_floor_sens_le_1_floor_share_ge_0.05_resid_ess_le_0.2,inf,0.0,1.0,1.0,inf,1.0,0.05,0.2,-inf,0.25524966894297985,0.25920421831776974,1.015492867791626,0.17073237183769185,0.17135593387461445,1.0036522777151797,0.09587081174342549,0.1295058187163547,0.12735089124193788,0.9833603810564175,-0.213720844973863,-0.0020978766067480947,-0.0070012949940444266,4.099365955653741e-06,0.21162296836711492,0.004774305555555556,0.2365451388888889,0.3472222222222222,0.2669270833333333,True,4.765747985330976
veto_stable_floor_sens_le_0.75_floor_share_ge_0.05_resid_ess_le_0.2,inf,0.0,1.0,1.0,inf,0.75,0.05,0.2,-inf,0.25524966894297985,0.2603554492053939,1.0200030827995104,0.17073237183769185,0.17135593387461445,1.0036522777151797,0.09587081174342549,0.1295058187163547,0.12823232008973962,0.9901664756129274,-0.213720844973863,-0.002986185412220621,-0.007939864576483963,-4.7401066366404216e-05,0.2107346595616424,0.013020833333333334,0.2513020833333333,0.3472222222222222,0.2708333333333333,True,4.755744883564029
veto_stable_floor_sens_le_1.25_floor_share_ge_0.05_resid_ess_le_0.2,inf,0.0,1.0,1.0,inf,1.25,0.05,0.2,-inf,0.25524966894297985,0.25393235863702024,0.9948391302076326,0.17073237183769185,0.17135593387461445,1.0036522777151797,0.09620706543101065,0.1295058187163547,0.12768628111527014,0.9859501478843222,-0.213720844973863,-0.0020989552623613683,-0.007116559859123095,2.703402119016979e-06,0.21162188971150164,0.0026041666666666665,0.2222222222222222,0.3472222222222222,0.2573784722222222,True,4.75102066371602
veto_stable_floor_sens_le_1_floor_share_ge_0.1_resid_ess_le_0.2,inf,0.0,1.0,1.0,inf,1.0,0.1,0.2,-inf,0.25524966894297985,0.25920430410851436,1.01549320389684,0.17073237183769185,0.17073237183769185,1.0,0.09587081174342549,0.1295058187163547,0.12735089124193788,0.9833603810564175,-0.213720844973863,-0.0031868180360676845,-0.008993724010820093,0.0003528351820506812,0.21053402693779533,0.013454861111111112,0.23828125,0.3524305555555556,0.2669270833333333,True,4.73596144941734
veto_stable_floor_sens_le_0.75_floor_share_ge_0.1_resid_ess_le_0.2,inf,0.0,1.0,1.0,inf,0.75,0.1,0.2,-inf,0.25524966894297985,0.2603554915626859,1.0200032487440625,0.17073237183769185,0.17073237183769185,1.0,0.09587081174342549,0.1295058187163547,0.12823232008973962,0.9901664756129274,-0.213720844973863,-0.0040759513988215534,-0.010227239633201008,-4.035182355327749e-05,0.20964489357504146,0.019965277777777776,0.2521701388888889,0.3524305555555556,0.2708333333333333,True,4.7259383881149795
veto_stable_floor_sens_le_1.25_floor_share_ge_0.1_resid_ess_le_0.2,inf,0.0,1.0,1.0,inf,1.25,0.1,0.2,-inf,0.25524966894297985,0.253941501783444,0.9948749506122647,0.17073237183769185,0.17073237183769185,1.0,0.09620706543101065,0.1295058187163547,0.12768628111527014,0.9859501478843222,-0.213720844973863,-0.003187896691680958,-0.009044982496069836,0.0003584472722367083,0.21053294828218205,0.011284722222222222,0.2243923611111111,0.3524305555555556,0.2573784722222222,True,4.7212696121018025
veto_stable_floor_sens_le_0.5_floor_share_ge_0.05_resid_ess_le_0.2,inf,0.0,1.0,1.0,inf,0.5,0.05,0.2,-inf,0.25524966894297985,0.25731274610965904,1.0080825850831565,0.17073237183769185,0.17135593387461445,1.0036522777151797,0.09637274243258942,0.1295058187163547,0.12945268250438213,0.9995897001964913,-0.213720844973863,-0.0047704266074897195,-0.014579676224898369,0.003461107806414801,0.2089504183663733,0.04296875,0.2669270833333333,0.3472222222222222,0.2730034722222222,True,4.7154451286364205
veto_stable_floor_sens_le_0.5_floor_share_ge_0.1_resid_ess_le_0.2,inf,0.0,1.0,1.0,inf,0.5,0.1,0.2,-inf,0.25524966894297985,0.25731278846695116,1.0080827510277093,0.17073237183769185,0.17073237183769185,1.0,0.09637274243258942,0.1295058187163547,0.12945268250438213,0.9995897001964913,-0.213720844973863,-0.0059423524371502445,-0.01613771404084923,0.0026124316302520807,0.20777849253671277,0.04861111111111111,0.2677951388888889,0.3524305555555556,0.2730034722222222,True,4.683666796953941
veto_stable_floor_sens_le_0.5_floor_share_ge_0.05,inf,0.0,1.0,1.0,inf,0.5,0.05,inf,-inf,0.25524966894297985,0.25731274610965904,1.0080825850831565,0.17073237183769185,0.17135593387461445,1.0036522777151797,0.08370317987751041,0.1295058187163547,0.12945268250438213,0.9995897001964913,-0.213720844973863,-0.0047704266074897195,-0.014571159670284422,0.00354247701146331,0.2089504183663733,0.04296875,0.2669270833333333,0.3472222222222222,0.2730034722222222,True,4.588749503085631
veto_stable_floor_sens_le_0.5_floor_share_ge_0.1,inf,0.0,1.0,1.0,inf,0.5,0.1,inf,-inf,0.25524966894297985,0.25731278846695116,1.0080827510277093,0.17073237183769185,0.17073237183769185,1.0,0.08370317987751041,0.1295058187163547,0.12945268250438213,0.9995897001964913,-0.213720844973863,-0.0059423524371502445,-0.016058155939527717,0.002460310329115635,0.20777849253671277,0.04861111111111111,0.2677951388888889,0.3524305555555556,0.2730034722222222,True,4.556971171403151
veto_stable_floor_sens_le_0.5_floor_share_ge_0.15_resid_ess_le_0.2,inf,0.0,1.0,1.0,inf,0.5,0.15,0.2,-inf,0.25524966894297985,0.25737956395211714,1.0083443595361257,0.17073237183769185,0.17073237183769185,1.0,0.09637274243258942,0.1295058187163547,0.129452682987641,0.9995897039280524,-0.213720844973863,-0.012045668647046037,-0.03907327544858991,0.016702669077490757,0.20167517632681697,0.13020833333333334,0.2703993055555556,0.3524305555555556,0.2734375,True,4.537448820156419
veto_stable_floor_sens_le_0.75_floor_share_ge_0.15_resid_ess_le_0.2,inf,0.0,1.0,1.0,inf,0.75,0.15,0.2,-inf,0.25524966894297985,0.26083831719036565,1.0218948305419124,0.17073237183769185,0.17073237183769185,1.0,0.09587081174342549,0.1295058187163547,0.1286947409823178,0.9937371328788452,-0.213720844973863,-0.012499405154382526,-0.03914154760900238,0.016035883909166656,0.20122143981948049,0.1171875,0.2621527777777778,0.3524305555555556,0.2721354166666667,True,4.529237737045284
veto_stable_floor_sens_le_1_floor_share_ge_0.15_resid_ess_le_0.2,inf,0.0,1.0,1.0,inf,1.0,0.15,0.2,-inf,0.25524966894297985,0.2605728733500604,1.020854892502406,0.17073237183769185,0.17073237183769185,1.0,0.09587081174342549,0.1295058187163547,0.12791548421756394,0.9877199764878988,-0.213720844973863,-0.01234060309677032,-0.03975662966924757,0.01618102958099271,0.2013802418770927,0.11414930555555555,0.2556423611111111,0.3524305555555556,0.2703993055555556,True,4.525991891997524
veto_stable_floor_sens_le_1.25_floor_share_ge_0.15_resid_ess_le_0.2,inf,0.0,1.0,1.0,inf,1.25,0.15,0.2,-inf,0.25524966894297985,0.2582625321590082,1.0118035930409037,0.17073237183769185,0.17073237183769185,1.0,0.09620706543101065,0.1295058187163547,0.1273162548297504,0.9830929304311808,-0.213720844973863,-0.012340705258482743,-0.04000127653931563,0.014947428444063875,0.20138013971538027,0.11328125,0.2478298611111111,0.3524305555555556,0.2673611111111111,True,4.5156736314740575
veto_stable_floor_sens_le_0.75_floor_share_ge_0.05,inf,0.0,1.0,1.0,inf,0.75,0.05,inf,-inf,0.25524966894297985,0.2603554492053939,1.0200030827995104,0.17073237183769185,0.17135593387461445,1.0036522777151797,0.0630917089906542,0.1295058187163547,0.12823232008973962,0.9901664756129274,-0.213720844973863,-0.002986185412220621,-0.007994777131246805,-9.384230392943712e-05,0.2107346595616424,0.013020833333333334,0.2513020833333333,0.3472222222222222,0.2708333333333333,True,4.427953856036316
veto_stable_floor_sens_le_0.5_floor_share_ge_0.15,inf,0.0,1.0,1.0,inf,0.5,0.15,inf,-inf,0.25524966894297985,0.25737956395211714,1.0083443595361257,0.17073237183769185,0.17073237183769185,1.0,0.08370317987751041,0.1295058187163547,0.129452682987641,0.9995897039280524,-0.213720844973863,-0.012045668647046037,-0.03989406240458302,0.016498394416019992,0.20167517632681697,0.13020833333333334,0.2703993055555556,0.3524305555555556,0.2734375,True,4.410753194605629
veto_stable_floor_sens_le_0.75_floor_share_ge_0.1,inf,0.0,1.0,1.0,inf,0.75,0.1,inf,-inf,0.25524966894297985,0.2603554915626859,1.0200032487440625,0.17073237183769185,0.17073237183769185,1.0,0.0630917089906542,0.1295058187163547,0.12823232008973962,0.9901664756129274,-0.213720844973863,-0.0040759513988215534,-0.010001394569085359,-2.7689698966111002e-05,0.20964489357504146,0.019965277777777776,0.2521701388888889,0.3524305555555556,0.2708333333333333,True,4.3981473605872665
veto_stable_floor_sens_le_1_floor_share_ge_0.05,inf,0.0,1.0,1.0,inf,1.0,0.05,inf,-inf,0.25524966894297985,0.25920421831776974,1.015492867791626,0.17073237183769185,0.17135593387461445,1.0036522777151797,0.0431230847935854,0.1295058187163547,0.12735089124193788,0.9833603810564175,-0.213720844973863,-0.0020978766067480947,-0.006854253027204299,4.059356382535295e-06,0.21162296836711492,0.004774305555555556,0.2365451388888889,0.3472222222222222,0.2669270833333333,True,4.238270715832575
veto_stable_floor_sens_le_1_floor_share_ge_0.1,inf,0.0,1.0,1.0,inf,1.0,0.1,inf,-inf,0.25524966894297985,0.25920430410851436,1.01549320389684,0.17073237183769185,0.17073237183769185,1.0,0.0431230847935854,0.1295058187163547,0.12735089124193788,0.9833603810564175,-0.213720844973863,-0.0031868180360676845,-0.008911338986943074,0.00033408982322818666,0.21053402693779533,0.013454861111111112,0.23828125,0.3524305555555556,0.2669270833333333,True,4.20848417991894
veto_stable_floor_sens_le_0.75_floor_share_ge_0.15,inf,0.0,1.0,1.0,inf,0.75,0.15,inf,-inf,0.25524966894297985,0.26083831719036565,1.0218948305419124,0.17073237183769185,0.17073237183769185,1.0,0.0630917089906542,0.1295058187163547,0.1286947409823178,0.9937371328788452,-0.213720844973863,-0.012499405154382526,-0.041017220803153835,0.01528864489489679,0.20122143981948049,0.1171875,0.2621527777777778,0.3524305555555556,0.2721354166666667,True,4.201446709517571
veto_stable_floor_sens_le_1.25_floor_share_ge_0.05,inf,0.0,1.0,1.0,inf,1.25,0.05,inf,-inf,0.25524966894297985,0.25393235863702024,0.9948391302076326,0.17073237183769185,0.17135593387461445,1.0036522777151797,0.02601695553904604,0.1295058187163547,0.12768628111527014,0.9859501478843222,-0.213720844973863,-0.0020989552623613683,-0.007179765981392428,2.6657445023947614e-06,0.21162188971150164,0.0026041666666666665,0.2222222222222222,0.3472222222222222,0.2573784722222222,True,4.049119564796374
veto_stable_floor_sens_le_1.25_floor_share_ge_0.1,inf,0.0,1.0,1.0,inf,1.25,0.1,inf,-inf,0.25524966894297985,0.253941501783444,0.9948749506122647,0.17073237183769185,0.17073237183769185,1.0,0.02601695553904604,0.1295058187163547,0.12768628111527014,0.9859501478843222,-0.213720844973863,-0.003187896691680958,-0.008844171387248717,0.00035015430955891906,0.21053294828218205,0.011284722222222222,0.2243923611111111,0.3524305555555556,0.2573784722222222,True,4.019368513182156
veto_stable_floor_sens_le_1_floor_share_ge_0.15,inf,0.0,1.0,1.0,inf,1.0,0.15,inf,-inf,0.25524966894297985,0.2605728733500604,1.020854892502406,0.17073237183769185,0.17073237183769185,1.0,0.0431230847935854,0.1295058187163547,0.12791548421756394,0.9877199764878988,-0.213720844973863,-0.01234060309677032,-0.039529767447143864,0.01691035978476594,0.2013802418770927,0.11414930555555555,0.2556423611111111,0.3524305555555556,0.2703993055555556,True,3.9985146224991235
veto_stable_floor_sens_le_1.25_floor_share_ge_0.15,inf,0.0,1.0,1.0,inf,1.25,0.15,inf,-inf,0.25524966894297985,0.2582625321590082,1.0118035930409037,0.17073237183769185,0.17073237183769185,1.0,0.02601695553904604,0.1295058187163547,0.1273162548297504,0.9830929304311808,-0.213720844973863,-0.012340705258482743,-0.03941316058723483,0.015713850948339176,0.20138013971538027,0.11328125,0.2478298611111111,0.3524305555555556,0.2673611111111111,True,3.8137725325544114
veto_stable_floor_sens_le_0.25_floor_share_ge_0.05_resid_ess_le_0.2,inf,0.0,1.0,1.0,inf,0.25,0.05,0.2,-inf,0.25524966894297985,0.25548149518344176,1.0009082332659702,0.17073237183769185,0.17135593387461445,1.0036522777151797,0.09637274243258942,0.1295058187163547,0.1295058187163547,1.0,-0.213720844973863,-0.03630606830174554,-0.08810740858968771,0.0049168021813300045,0.17741477667211747,0.15234375,0.2730034722222222,0.3472222222222222,0.2738715277777778,False,3.9518256759606034
veto_stable_floor_sens_le_0.25_floor_share_ge_0.1_resid_ess_le_0.2,inf,0.0,1.0,1.0,inf,0.25,0.1,0.2,-inf,0.25524966894297985,0.25548149518344176,1.0009082332659702,0.17073237183769185,0.17073237183769185,1.0,0.09637274243258942,0.1295058187163547,0.1295058187163547,1.0,-0.213720844973863,-0.03761154905296116,-0.08716847937783069,0.002885153723522276,0.17610929592090185,0.1545138888888889,0.2730034722222222,0.3524305555555556,0.2738715277777778,False,3.9168418602162483
veto_stable_floor_sens_le_0.25_floor_share_ge_0.05,inf,0.0,1.0,1.0,inf,0.25,0.05,inf,-inf,0.25524966894297985,0.25548149518344176,1.0009082332659702,0.17073237183769185,0.17135593387461445,1.0036522777151797,0.092661792587171,0.1295058187163547,0.1295058187163547,1.0,-0.213720844973863,-0.03630606830174554,-0.08645547733022224,0.004125689285947554,0.17741477667211747,0.15234375,0.2730034722222222,0.3472222222222222,0.2738715277777778,False,3.9147161775064188
veto_stable_floor_sens_le_0.25_floor_share_ge_0.1,inf,0.0,1.0,1.0,inf,0.25,0.1,inf,-inf,0.25524966894297985,0.25548149518344176,1.0009082332659702,0.17073237183769185,0.17073237183769185,1.0,0.092661792587171,0.1295058187163547,0.1295058187163547,1.0,-0.213720844973863,-0.03761154905296116,-0.08716862410173806,0.0019439487752159997,0.17610929592090185,0.1545138888888889,0.2730034722222222,0.3524305555555556,0.2738715277777778,False,3.8797323617620645
veto_stable_floor_sens_le_1_floor_share_ge_0.05_resid_ess_le_0.1,inf,0.0,1.0,1.0,inf,1.0,0.05,0.1,-inf,0.25524966894297985,0.25886982200219677,1.0141827923781779,0.17073237183769185,0.17056064624288825,0.9989941825738422,0.09637274243258942,0.1295058187163547,0.12735089124193788,0.9833603810564175,-0.213720844973863,-0.0427662667950135,-0.09703927204769407,-0.00045883335040271375,0.17095457817884951,0.020399305555555556,0.2378472222222222,0.34765625,0.2669270833333333,False,3.78875775714946
veto_stable_floor_sens_le_1.25_floor_share_ge_0.05_resid_ess_le_0.1,inf,0.0,1.0,1.0,inf,1.25,0.05,0.1,-inf,0.25524966894297985,0.2535513014405868,0.9933462499307983,0.17073237183769185,0.17056064624288825,0.9989941825738422,0.09637274243258942,0.1295058187163547,0.12918362703127984,0.9975121451046108,-0.213720844973863,-0.04276734545062655,-0.09661096833809471,-0.0009528719452627408,0.17095349952323646,0.018229166666666668,0.22395833333333334,0.34765625,0.2578125,False,3.782047091015561
veto_stable_floor_sens_le_0.75_floor_share_ge_0.05_resid_ess_le_0.1,inf,0.0,1.0,1.0,inf,0.75,0.05,0.1,-inf,0.25524966894297985,0.2600210528898209,1.0186930073860623,0.17073237183769185,0.17056064624288825,0.9989941825738422,0.09637274243258942,0.1295058187163547,0.12823232008973962,0.9901664756129274,-0.213720844973863,-0.04365457560048602,-0.0964094970688867,-0.0028282964702216625,0.170066269373377,0.028645833333333332,0.2526041666666667,0.34765625,0.2708333333333333,False,3.778754655382513
veto_stable_floor_sens_le_0.25_floor_share_ge_0.15_resid_ess_le_0.2,inf,0.0,1.0,1.0,inf,0.25,0.15,0.2,-inf,0.25524966894297985,0.25548149518344176,1.0009082332659702,0.17073237183769185,0.17073237183769185,1.0,0.09637274243258942,0.1295058187163547,0.1295058187163547,1.0,-0.213720844973863,-0.04351827648407425,-0.0977752530991287,0.0013230199828446728,0.17020256848978876,0.1875,0.2730034722222222,0.3524305555555556,0.2738715277777778,False,3.775080401869534
veto_stable_floor_sens_le_1_floor_share_ge_0.1_resid_ess_le_0.1,inf,0.0,1.0,1.0,inf,1.0,0.1,0.1,-inf,0.25524966894297985,0.2588699077929414,1.014183128483392,0.17073237183769185,0.17073237183769185,1.0,0.09637274243258942,0.1295058187163547,0.12735089124193788,0.9833603810564175,-0.213720844973863,-0.043855208224332864,-0.0984566776412635,-0.0015990183052277424,0.16986563674953015,0.029079861111111112,0.23958333333333334,0.3524305555555556,0.2669270833333333,False,3.763629316377167
veto_stable_floor_sens_le_1.25_floor_share_ge_0.1_resid_ess_le_0.1,inf,0.0,1.0,1.0,inf,1.25,0.1,0.1,-inf,0.25524966894297985,0.25356044458701055,0.9933820703354305,0.17073237183769185,0.17073237183769185,1.0,0.09637274243258942,0.1295058187163547,0.12918362703127984,0.9975121451046108,-0.213720844973863,-0.04385628687994636,-0.0984719225550782,-0.0006980834398362645,0.16986455809391665,0.026909722222222224,0.2261284722222222,0.3524305555555556,0.2578125,False,3.756954134542675
veto_stable_floor_sens_le_0.75_floor_share_ge_0.1_resid_ess_le_0.1,inf,0.0,1.0,1.0,inf,0.75,0.1,0.1,-inf,0.25524966894297985,0.26002109524711303,1.0186931733306148,0.17073237183769185,0.17073237183769185,1.0,0.09637274243258942,0.1295058187163547,0.12823232008973962,0.9901664756129274,-0.213720844973863,-0.044744341587086955,-0.09772412684178566,-0.003361167745865496,0.16897650338677606,0.035590277777777776,0.2534722222222222,0.3524305555555556,0.2708333333333333,False,3.753606255074801
veto_stable_floor_sens_le_0.25_floor_share_ge_0.15,inf,0.0,1.0,1.0,inf,0.25,0.15,inf,-inf,0.25524966894297985,0.25548149518344176,1.0009082332659702,0.17073237183769185,0.17073237183769185,1.0,0.092661792587171,0.1295058187163547,0.1295058187163547,1.0,-0.213720844973863,-0.04351827648407425,-0.09775670016965798,0.0010032368940472724,0.17020256848978876,0.1875,0.2730034722222222,0.3524305555555556,0.2738715277777778,False,3.7379709034153503
veto_stable_floor_sens_le_0.5_floor_share_ge_0.05_resid_ess_le_0.1,inf,0.0,1.0,1.0,inf,0.5,0.05,0.1,-inf,0.25524966894297985,0.2569969707556994,1.0068454616217735,0.17073237183769185,0.17056064624288825,0.9989941825738422,0.09637274243258942,0.1295058187163547,0.12945268250438213,0.9995897001964913,-0.213720844973863,-0.0454388167957549,-0.10071356350737455,-0.002121643742354502,0.1682820281781081,0.05859375,0.2673611111111111,0.34765625,0.2730034722222222,False,3.7335085455153356
veto_stable_floor_sens_le_0.5_floor_share_ge_0.1_resid_ess_le_0.1,inf,0.0,1.0,1.0,inf,0.5,0.1,0.1,-inf,0.25524966894297985,0.2569970131129913,1.0068456275663251,0.17073237183769185,0.17073237183769185,1.0,0.09637274243258942,0.1295058187163547,0.12945268250438213,0.9995897001964913,-0.213720844973863,-0.046610742625415424,-0.10289317007553138,-0.0038291464267473326,0.1671101023484476,0.0642361111111111,0.2682291666666667,0.3524305555555556,0.2730034722222222,False,3.7063883089741925
veto_stable_floor_sens_le_0.5_floor_share_ge_0.15_resid_ess_le_0.1,inf,0.0,1.0,1.0,inf,0.5,0.15,0.1,-inf,0.25524966894297985,0.25706378859815726,1.0071072360747417,0.17073237183769185,0.17073237183769185,1.0,0.09637274243258942,0.1295058187163547,0.129452682987641,0.9995897039280524,-0.213720844973863,-0.05067919808246124,-0.11039912293222695,0.001769000249588526,0.16304164689140177,0.14539930555555555,0.2708333333333333,0.3524305555555556,0.2734375,False,3.60900699024507
veto_stable_floor_sens_le_0.75_floor_share_ge_0.15_resid_ess_le_0.1,inf,0.0,1.0,1.0,inf,0.75,0.15,0.1,-inf,0.25524966894297985,0.2605039208747927,1.0205847551284644,0.17073237183769185,0.17073237183769185,1.0,0.09637274243258942,0.1295058187163547,0.1286947409823178,0.9937371328788452,-0.213720844973863,-0.05113293458979751,-0.11398448120453994,-0.0009768633682252581,0.1625879103840655,0.1323784722222222,0.2634548611111111,0.3524305555555556,0.2721354166666667,False,3.605742262073515
veto_stable_floor_sens_le_1_floor_share_ge_0.15_resid_ess_le_0.1,inf,0.0,1.0,1.0,inf,1.0,0.15,0.1,-inf,0.25524966894297985,0.26023847703448744,1.0195448170889578,0.17073237183769185,0.17073237183769185,1.0,0.09637274243258942,0.1295058187163547,0.12791548421756394,0.9877199764878988,-0.213720844973863,-0.0509741325321853,-0.11153839588227135,-0.0006074906070995167,0.1627467124416777,0.1293402777777778,0.2569444444444444,0.3524305555555556,0.2703993055555556,False,3.6024964170257556
veto_stable_floor_sens_le_1.25_floor_share_ge_0.15_resid_ess_le_0.1,inf,0.0,1.0,1.0,inf,1.25,0.15,0.1,-inf,0.25524966894297985,0.25788147496257474,1.0103107127640696,0.17073237183769185,0.17073237183769185,1.0,0.09637274243258942,0.1295058187163547,0.1288136007457601,0.9946549276514695,-0.213720844973863,-0.050974234693897946,-0.11129577616322149,0.0013208255950148313,0.16274661027996506,0.1284722222222222,0.2495659722222222,0.3524305555555556,0.2677951388888889,False,3.600194811983335
veto_stable_floor_sens_le_0.25_floor_share_ge_0.05_resid_ess_le_0.1,inf,0.0,1.0,1.0,inf,0.25,0.05,0.1,-inf,0.25524966894297985,0.25548149518344176,1.0009082332659702,0.17073237183769185,0.17056064624288825,0.9989941825738422,0.09637274243258942,0.1295058187163547,0.1295058187163547,1.0,-0.213720844973863,-0.0831660333551727,-0.1558316384315502,-0.024870749734574787,0.13055481161869031,0.1657986111111111,0.2730034722222222,0.34765625,0.2738715277777778,False,2.822528419537014
veto_stable_floor_sens_le_0.25_floor_share_ge_0.1_resid_ess_le_0.1,inf,0.0,1.0,1.0,inf,0.25,0.1,0.1,-inf,0.25524966894297985,0.25548149518344176,1.0009082332659702,0.17073237183769185,0.17073237183769185,1.0,0.09637274243258942,0.1295058187163547,0.1295058187163547,1.0,-0.213720844973863,-0.08447151410638831,-0.15674225858684812,-0.02542237043528427,0.1292493308674747,0.16796875,0.2730034722222222,0.3524305555555556,0.2738715277777778,False,2.7922026989339965
veto_stable_floor_sens_le_0.25_floor_share_ge_0.15_resid_ess_le_0.1,inf,0.0,1.0,1.0,inf,0.25,0.15,0.1,-inf,0.25524966894297985,0.25548149518344176,1.0009082332659702,0.17073237183769185,0.17073237183769185,1.0,0.09637274243258942,0.1295058187163547,0.1295058187163547,1.0,-0.213720844973863,-0.08834338078465143,-0.16245662325966428,-0.027141048337394925,0.12537746418921158,0.20052083333333334,0.2730034722222222,0.3524305555555556,0.2738715277777778,False,2.699277898655682
veto_stable_floor_sens_le_1_floor_share_ge_0.1_score_tail_ge_8,inf,0.0,1.0,1.0,inf,1.0,0.1,inf,8.0,0.25524966894297985,0.2592458724284189,1.0156560574671372,0.17073237183769185,0.17073237183769185,1.0,0.09637274243258942,0.1295058187163547,0.12843493222595526,0.9917309777968749,-0.213720844973863,-0.09356744488432178,-0.17997533517635722,-0.01925029144936811,0.12015340008954123,0.06901041666666667,0.24739583333333334,0.3524305555555556,0.2686631944444444,False,2.580379162261636
veto_stable_floor_sens_le_1_floor_share_ge_0.05_score_tail_ge_8,inf,0.0,1.0,1.0,inf,1.0,0.05,inf,8.0,0.25524966894297985,0.25924578663767417,1.0156557213619228,0.17073237183769185,0.17075158647142474,1.0001125424166846,0.09637274243258942,0.1295058187163547,0.12843493222595526,0.9917309777968749,-0.213720844973863,-0.0937836378578285,-0.1804832847666753,-0.01826212920924066,0.1199372071160345,0.06076388888888889,0.2456597222222222,0.3489583333333333,0.2686631944444444,False,2.5753027372089443
veto_stable_floor_sens_le_0.75_floor_share_ge_0.1_score_tail_ge_8,inf,0.0,1.0,1.0,inf,0.75,0.1,inf,8.0,0.25524966894297985,0.25917307575379045,1.0153708595472735,0.17073237183769185,0.17073237183769185,1.0,0.09637274243258942,0.1295058187163547,0.12925027066395123,0.9980267446286474,-0.213720844973863,-0.09445657824707587,-0.18030827463494611,-0.016303386192530328,0.11926426672678714,0.07552083333333333,0.2578125,0.3524305555555556,0.2721354166666667,False,2.5650505304674462
veto_stable_floor_sens_le_0.75_floor_share_ge_0.05_score_tail_ge_8,inf,0.0,1.0,1.0,inf,0.75,0.05,inf,8.0,0.25524966894297985,0.25917303339649833,1.015370693602721,0.17073237183769185,0.17075158647142474,1.0001125424166846,0.09637274243258942,0.1295058187163547,0.12925027066395123,0.9980267446286474,-0.213720844973863,-0.09467194666330125,-0.18152640906460987,-0.0160415471521415,0.11904889831056176,0.06901041666666667,0.2569444444444444,0.3489583333333333,0.2721354166666667,False,2.5599940649501693
veto_stable_floor_sens_le_1.25_floor_share_ge_0.1_score_tail_ge_8,inf,0.0,1.0,1.0,inf,1.25,0.1,inf,8.0,0.25524966894297985,0.25625225713529876,1.0039278726451273,0.17073237183769185,0.17073237183769185,1.0,0.09637274243258942,0.1295058187163547,0.12704572263380298,0.9810039725864377,-0.213720844973863,-0.09356852353993506,-0.17941543114633973,-0.016100292373020745,0.12015232143392796,0.06684027777777778,0.2387152777777778,0.3524305555555556,0.2634548611111111,False,2.55789808449447
veto_stable_floor_sens_le_1.25_floor_share_ge_0.05_score_tail_ge_8,inf,0.0,1.0,1.0,inf,1.25,0.05,inf,8.0,0.25524966894297985,0.256243113988875,1.003892052240495,0.17073237183769185,0.17075158647142474,1.0001125424166846,0.09637274243258942,0.1295058187163547,0.12704572263380298,0.9810039725864377,-0.213720844973863,-0.09378471651344178,-0.1811875534592362,-0.017447785577960607,0.11993612846042123,0.05859375,0.2365451388888889,0.3489583333333333,0.2634548611111111,False,2.5527861751423604
veto_stable_floor_sens_le_0.5_floor_share_ge_0.1_score_tail_ge_8,inf,0.0,1.0,1.0,inf,0.5,0.1,inf,8.0,0.25524966894297985,0.25517342832515877,0.999701309630932,0.17073237183769185,0.17073237183769185,1.0,0.09637274243258942,0.1295058187163547,0.12945268250438213,0.9995897001964913,-0.213720844973863,-0.09750131439233001,-0.1866410825727506,-0.020163576976563336,0.116219530581533,0.10199652777777778,0.2690972222222222,0.3524305555555556,0.2730034722222222,False,2.4778702686328495
veto_stable_floor_sens_le_0.5_floor_share_ge_0.05_score_tail_ge_8,inf,0.0,1.0,1.0,inf,0.5,0.05,inf,8.0,0.25524966894297985,0.25517338596786676,0.9997011436863797,0.17073237183769185,0.17075158647142474,1.0001125424166846,0.09637274243258942,0.1295058187163547,0.12945268250438213,0.9995897001964913,-0.213720844973863,-0.0976345229654958,-0.18455968873955364,-0.019582327199453048,0.11608632200836722,0.09678819444444445,0.2682291666666667,0.3489583333333333,0.2730034722222222,False,2.474785639349003
veto_stable_floor_sens_le_0.5_floor_share_ge_0.2_resid_ess_le_0.2,inf,0.0,1.0,1.0,inf,0.5,0.2,0.2,-inf,0.25524966894297985,0.25707325373081236,1.0071443179353932,0.17073237183769185,0.17073237183769185,1.0,0.09637274243258942,0.1295058187163547,0.1295058187163547,1.0,-0.213720844973863,-0.09846913775622101,-0.17376371573404575,-0.03282687017193744,0.115251707217642,0.2152777777777778,0.2730034722222222,0.3524305555555556,0.2738715277777778,False,2.4624958160074346
veto_stable_floor_sens_le_0.75_floor_share_ge_0.2_resid_ess_le_0.2,inf,0.0,1.0,1.0,inf,0.75,0.2,0.2,-inf,0.25524966894297985,0.26120591761560974,1.023334990784887,0.17073237183769185,0.17073237183769185,1.0,0.09587081174342549,0.1295058187163547,0.1295058187163547,1.0,-0.213720844973863,-0.099328593209979,-0.1793870002315768,-0.03209582508578404,0.11439225176388401,0.21397569444444445,0.2708333333333333,0.3524305555555556,0.2738715277777778,False,2.453040251075098
veto_stable_floor_sens_le_1_floor_share_ge_0.2_resid_ess_le_0.2,inf,0.0,1.0,1.0,inf,1.0,0.2,0.2,-inf,0.25524966894297985,0.2614430814572033,1.0242641353458797,0.17073237183769185,0.17073237183769185,1.0,0.09587081174342549,0.1295058187163547,0.12894135794064454,0.9956414253714233,-0.213720844973863,-0.099328593209979,-0.1784566229578883,-0.031731246952063384,0.11439225176388401,0.21397569444444445,0.26953125,0.3524305555555556,0.2734375,False,2.4496108210075143
veto_stable_floor_sens_le_1.25_floor_share_ge_0.2_resid_ess_le_0.2,inf,0.0,1.0,1.0,inf,1.25,0.2,0.2,-inf,0.25524966894297985,0.2600378623528332,1.0187588623706423,0.17073237183769185,0.17073237183769185,1.0,0.09620706543101065,0.1295058187163547,0.1291358825461031,0.9971434783863894,-0.213720844973863,-0.099328593209979,-0.17598249606461353,-0.03309361650783746,0.11439225176388401,0.21397569444444445,0.2673611111111111,0.3524305555555556,0.2721354166666667,False,2.4489701379230944
veto_stable_floor_sens_le_0.75_floor_share_ge_0.15_score_tail_ge_8,inf,0.0,1.0,1.0,inf,0.75,0.15,inf,8.0,0.25524966894297985,0.2597642215603767,1.0176868108628394,0.17073237183769185,0.17073237183769185,1.0,0.09637274243258942,0.1295058187163547,0.12928211676856438,0.9982726494453483,-0.213720844973863,-0.10042486807539319,-0.19131933812814253,-0.024897149282094407,0.11329597689846982,0.16145833333333334,0.2664930555555556,0.3524305555555556,0.2730034722222222,False,2.432870792227961
veto_stable_floor_sens_le_1_floor_share_ge_0.15_score_tail_ge_8,inf,0.0,1.0,1.0,inf,1.0,0.15,inf,8.0,0.25524966894297985,0.25994452677679003,1.0183931985230468,0.17073237183769185,0.17073237183769185,1.0,0.09637274243258942,0.1295058187163547,0.12856895041361627,0.9927658207791391,-0.213720844973863,-0.10026606601778143,-0.192910800885687,-0.02097328833604324,0.11345477895608158,0.1584201388888889,0.2621527777777778,0.3524305555555556,0.2717013888888889,False,2.428705559452406
veto_stable_floor_sens_le_0.5_floor_share_ge_0.15_score_tail_ge_8,inf,0.0,1.0,1.0,inf,0.5,0.15,inf,8.0,0.25524966894297985,0.25524020381032475,0.9999629181393485,0.17073237183769185,0.17073237183769185,1.0,0.09637274243258942,0.1295058187163547,0.129452682987641,0.9995897039280524,-0.213720844973863,-0.09973883052288812,-0.18923878954671275,-0.023090367185653268,0.11398201445097489,0.17317708333333334,0.2717013888888889,0.3524305555555556,0.2734375,False,2.424431493739432
veto_stable_floor_sens_le_1.25_floor_share_ge_0.15_score_tail_ge_8,inf,0.0,1.0,1.0,inf,1.25,0.15,inf,8.0,0.25524966894297985,0.2570215215951971,1.0069416452509212,0.17073237183769185,0.17073237183769185,1.0,0.09637274243258942,0.1295058187163547,0.1270720021770999,0.9812068943049936,-0.213720844973863,-0.10026616817949363,-0.1894285604474757,-0.021711584420942644,0.11345467679436938,0.15755208333333334,0.2573784722222222,0.3524305555555556,0.2703993055555556,False,2.405694671059287
veto_stable_floor_sens_le_0.75_floor_share_ge_0.2_resid_ess_le_0.1,inf,0.0,1.0,1.0,inf,0.75,0.2,0.1,-inf,0.25524966894297985,0.26077073413460616,1.021630058187694,0.17073237183769185,0.17073237183769185,1.0,0.09637274243258942,0.1295058187163547,0.1295058187163547,1.0,-0.213720844973863,-0.1140278167780926,-0.19844786302260167,-0.043770555641268034,0.09969302819577042,0.2230902777777778,0.2712673611111111,0.3524305555555556,0.2738715277777778,False,2.3841295952966695
veto_stable_floor_sens_le_1_floor_share_ge_0.2_resid_ess_le_0.1,inf,0.0,1.0,1.0,inf,1.0,0.2,0.1,-inf,0.25524966894297985,0.26100789797619983,1.0225592027486872,0.17073237183769185,0.17073237183769185,1.0,0.09637274243258942,0.1295058187163547,0.12894135794064454,0.9956414253714233,-0.213720844973863,-0.1140278167780926,-0.19985676008185613,-0.041805632804631114,0.09969302819577042,0.2230902777777778,0.2699652777777778,0.3524305555555556,0.2734375,False,2.3807001652290865
veto_stable_floor_sens_le_1.25_floor_share_ge_0.2_resid_ess_le_0.1,inf,0.0,1.0,1.0,inf,1.25,0.2,0.1,-inf,0.25524966894297985,0.25955601799096906,1.0168711249100628,0.17073237183769185,0.17073237183769185,1.0,0.09637274243258942,0.1295058187163547,0.1291358825461031,0.9971434783863894,-0.213720844973863,-0.1140278167780926,-0.1992725698867289,-0.04056793555167219,0.09969302819577042,0.2230902777777778,0.2682291666666667,0.3524305555555556,0.2721354166666667,False,2.376514140405428
veto_stable_floor_sens_le_0.5_floor_share_ge_0.2_resid_ess_le_0.1,inf,0.0,1.0,1.0,inf,0.5,0.2,0.1,-inf,0.25524966894297985,0.25707325373081236,1.0071443179353932,0.17073237183769185,0.17073237183769185,1.0,0.09637274243258942,0.1295058187163547,0.1295058187163547,1.0,-0.213720844973863,-0.11316836132433439,-0.19868321772697267,-0.04205502696730293,0.10055248364952862,0.2243923611111111,0.2730034722222222,0.3524305555555556,0.2738715277777778,False,2.3730816768594014
veto_stable_floor_sens_le_0.25_floor_share_ge_0.2_resid_ess_le_0.2,inf,0.0,1.0,1.0,inf,0.25,0.2,0.2,-inf,0.25524966894297985,0.25524966894297985,1.0,0.17073237183769185,0.17073237183769185,1.0,0.09637274243258942,0.1295058187163547,0.1295058187163547,1.0,-0.213720844973863,-0.11902866915949195,-0.20618436994325787,-0.04407927381597542,0.09469217581437106,0.2243923611111111,0.2738715277777778,0.3524305555555556,0.2738715277777778,False,2.342496127583378
veto_stable_floor_sens_le_0.5_floor_share_ge_0.2,inf,0.0,1.0,1.0,inf,0.5,0.2,inf,-inf,0.25524966894297985,0.25707325373081236,1.0071443179353932,0.17073237183769185,0.17073237183769185,1.0,0.08370317987751041,0.1295058187163547,0.1295058187163547,1.0,-0.213720844973863,-0.09846913775622101,-0.17660155262872324,-0.03134368399381899,0.115251707217642,0.2152777777777778,0.2730034722222222,0.3524305555555556,0.2738715277777778,False,2.335800190456645
veto_stable_floor_sens_le_0.25_floor_share_ge_0.05_score_tail_ge_8,inf,0.0,1.0,1.0,inf,0.25,0.05,inf,8.0,0.25524966894297985,0.25548149518344176,1.0009082332659702,0.17073237183769185,0.17075158647142474,1.0001125424166846,0.09637274243258942,0.1295058187163547,0.1295058187163547,1.0,-0.213720844973863,-0.1262588573600414,-0.22332480592762968,-0.041616514642781134,0.08746198761382162,0.19270833333333334,0.2730034722222222,0.3489583333333333,0.2738715277777778,False,2.314596150463835
veto_stable_floor_sens_le_0.25_floor_share_ge_0.1_score_tail_ge_8,inf,0.0,1.0,1.0,inf,0.25,0.1,inf,8.0,0.25524966894297985,0.25548149518344176,1.0009082332659702,0.17073237183769185,0.17073237183769185,1.0,0.09637274243258942,0.1295058187163547,0.1295058187163547,1.0,-0.213720844973863,-0.1262592037084307,-0.22790751302386042,-0.03856915259379418,0.08746164126543232,0.19444444444444445,0.2730034722222222,0.3524305555555556,0.2738715277777778,False,2.3144822226535933
veto_stable_floor_sens_le_0.25_floor_share_ge_0.15_score_tail_ge_8,inf,0.0,1.0,1.0,inf,0.25,0.15,inf,8.0,0.25524966894297985,0.25548149518344176,1.0009082332659702,0.17073237183769185,0.17073237183769185,1.0,0.09637274243258942,0.1295058187163547,0.1295058187163547,1.0,-0.213720844973863,-0.12707189343247927,-0.22696131531833025,-0.0411467501665884,0.08664895154138375,0.21961805555555555,0.2730034722222222,0.3524305555555556,0.2738715277777778,False,2.311231463757399
veto_stable_floor_sens_le_0.25_floor_share_ge_0.2,inf,0.0,1.0,1.0,inf,0.25,0.2,inf,-inf,0.25524966894297985,0.25524966894297985,1.0,0.17073237183769185,0.17073237183769185,1.0,0.092661792587171,0.1295058187163547,0.1295058187163547,1.0,-0.213720844973863,-0.11902866915949195,-0.2068561497043654,-0.04394935903703699,0.09469217581437106,0.2243923611111111,0.2738715277777778,0.3524305555555556,0.2738715277777778,False,2.3053866291291945
veto_stable_floor_sens_le_0.75_floor_share_ge_0.2_score_tail_ge_8,inf,0.0,1.0,1.0,inf,0.75,0.2,inf,8.0,0.25524966894297985,0.2585845609801588,1.0130652159158096,0.17073237183769185,0.17073237183769185,1.0,0.09637274243258942,0.1295058187163547,0.1295058187163547,1.0,-0.213720844973863,-0.13287484242358683,-0.23011476158163324,-0.044685159805051486,0.08084600255027619,0.23567708333333334,0.2725694444444444,0.3524305555555556,0.2738715277777778,False,2.3001766504428085
veto_stable_floor_sens_le_1_floor_share_ge_0.2_score_tail_ge_8,inf,0.0,1.0,1.0,inf,1.0,0.2,inf,8.0,0.25524966894297985,0.2585845609801588,1.0130652159158096,0.17073237183769185,0.17073237183769185,1.0,0.09637274243258942,0.1295058187163547,0.12894135794064454,0.9956414253714233,-0.213720844973863,-0.13287484242358683,-0.23005572256369158,-0.048905900878571724,0.08084600255027619,0.23567708333333334,0.2725694444444444,0.3524305555555556,0.2734375,False,2.295818075814232
veto_stable_floor_sens_le_1.25_floor_share_ge_0.2_score_tail_ge_8,inf,0.0,1.0,1.0,inf,1.25,0.2,inf,8.0,0.25524966894297985,0.25799774633870554,1.0107662329479439,0.17073237183769185,0.17073237183769185,1.0,0.09637274243258942,0.1295058187163547,0.12894135794064454,0.9956414253714233,-0.213720844973863,-0.13287484242358683,-0.23174604937476598,-0.0488135289211728,0.08084600255027619,0.23567708333333334,0.2717013888888889,0.3524305555555556,0.2734375,False,2.293519092846366
veto_stable_floor_sens_le_0.5_floor_share_ge_0.2_score_tail_ge_8,inf,0.0,1.0,1.0,inf,0.5,0.2,inf,8.0,0.25524966894297985,0.25524966894297985,1.0,0.17073237183769185,0.17073237183769185,1.0,0.09637274243258942,0.1295058187163547,0.1295058187163547,1.0,-0.213720844973863,-0.13201538696982884,-0.22959529037511106,-0.04942138392681163,0.08170545800403417,0.23697916666666666,0.2738715277777778,0.3524305555555556,0.2738715277777778,False,2.2905492563420307
veto_stable_floor_sens_le_0.25_floor_share_ge_0.2_resid_ess_le_0.1,inf,0.0,1.0,1.0,inf,0.25,0.2,0.1,-inf,0.25524966894297985,0.25524966894297985,1.0,0.17073237183769185,0.17073237183769185,1.0,0.09637274243258942,0.1295058187163547,0.1295058187163547,1.0,-0.213720844973863,-0.13883967879794645,-0.23061310882809988,-0.06116762103928879,0.07488116617591656,0.23177083333333334,0.2738715277777778,0.3524305555555556,0.2738715277777778,False,2.26325208902956
resid_ess_ge_0.15,inf,0.15,1.0,1.0,inf,-inf,inf,inf,-inf,0.25524966894297985,0.0,0.0,0.17073237183769185,0.07391617426693942,0.4329359070651724,0.09637274243258942,0.1295058187163547,0.0,0.0,-0.213720844973863,0.0,0.0,0.0,0.213720844973863,0.0,0.0,0.1736111111111111,0.0,False,2.251546711286519
veto_stable_floor_sens_le_0.25_floor_share_ge_0.2_score_tail_ge_8,inf,0.0,1.0,1.0,inf,0.25,0.2,inf,8.0,0.25524966894297985,0.25524966894297985,1.0,0.17073237183769185,0.17073237183769185,1.0,0.09637274243258942,0.1295058187163547,0.1295058187163547,1.0,-0.213720844973863,-0.14666607798782683,-0.24867696601998648,-0.05402497714109055,0.06705476698603619,0.24088541666666666,0.2738715277777778,0.3524305555555556,0.2738715277777778,False,2.2319464922700387
floor_sens_le_inf_score_tail_le_6,inf,0.0,1.0,1.0,6.0,-inf,inf,inf,-inf,0.25524966894297985,0.017932586092595626,0.07025508070923916,0.17073237183769185,0.10726527433279476,0.6282655900473718,0.09637252465148771,0.1295058187163547,0.03188964506809433,0.24624102132383288,-0.213720844973863,-0.02315564119535929,-0.05913734104360538,0.007764472806824644,0.19056520377850372,0.010850694444444444,0.009982638888888888,0.11414930555555555,0.030815972222222224,False,2.20763492980215
score_tail_le_6,inf,0.0,1.0,1.0,6.0,-inf,inf,inf,-inf,0.25524966894297985,0.017932586092595626,0.07025508070923916,0.17073237183769185,0.10726527433279476,0.6282655900473718,0.09637252465148771,0.1295058187163547,0.03188964506809433,0.24624102132383288,-0.213720844973863,-0.02315564119535929,-0.0576807318573713,0.007597847250625738,0.19056520377850372,0.010850694444444444,0.009982638888888888,0.11414930555555555,0.030815972222222224,False,2.20763492980215
veto_stable_floor_sens_le_1_floor_share_ge_0.1_score_tail_ge_10,inf,0.0,1.0,1.0,inf,1.0,0.1,inf,10.0,0.25524966894297985,0.25743203390719327,1.0085499228000994,0.17073237183769185,0.17073237183769185,1.0,0.09637274243258942,0.1295058187163547,0.12945918153895808,0.9996398835368258,-0.213720844973863,-0.16357277202407916,-0.2805354123709657,-0.0670491099849829,0.05014807294978385,0.1332465277777778,0.2578125,0.3524305555555556,0.2708333333333333,False,2.1725095224619544
veto_stable_floor_sens_le_1_floor_share_ge_0.05_score_tail_ge_10,inf,0.0,1.0,1.0,inf,1.0,0.05,inf,10.0,0.25524966894297985,0.25743194811644865,1.0085495866948855,0.17073237183769185,0.17075158647142474,1.0001125424166846,0.09637274243258942,0.1295058187163547,0.12945918153895808,0.9996398835368258,-0.213720844973863,-0.16378896499758588,-0.27799380010475944,-0.06514067558043549,0.04993187997627713,0.125,0.2560763888888889,0.3489583333333333,0.2708333333333333,False,2.171756956879398
veto_stable_floor_sens_le_0.75_floor_share_ge_0.1_score_tail_ge_10,inf,0.0,1.0,1.0,inf,0.75,0.1,inf,10.0,0.25524966894297985,0.2570758884877412,1.0071546402090312,0.17073237183769185,0.17073237183769185,1.0,0.09637274243258942,0.1295058187163547,0.12945268250438213,0.9995897001964913,-0.213720844973863,-0.16449009435240103,-0.27890439465155703,-0.06656865023345267,0.04923075062146198,0.1388888888888889,0.265625,0.3524305555555556,0.2730034722222222,False,2.1673947672172647
veto_stable_floor_sens_le_0.75_floor_share_ge_0.05_score_tail_ge_10,inf,0.0,1.0,1.0,inf,0.75,0.05,inf,10.0,0.25524966894297985,0.2570758461304491,1.0071544742644787,0.17073237183769185,0.17075158647142474,1.0001125424166846,0.09637274243258942,0.1295058187163547,0.12945268250438213,0.9995897001964913,-0.213720844973863,-0.1647054627686262,-0.2801694662767833,-0.06720906459178241,0.049015382205236824,0.1323784722222222,0.2647569444444444,0.3489583333333333,0.2730034722222222,False,2.1666456700244963
veto_stable_floor_sens_le_1.25_floor_share_ge_0.1_score_tail_ge_10,inf,0.0,1.0,1.0,inf,1.25,0.1,inf,10.0,0.25524966894297985,0.2559610884269834,1.0027871514464628,0.17073237183769185,0.17073237183769185,1.0,0.09637274243258942,0.1295058187163547,0.1280471867395654,0.9887369386854808,-0.213720844973863,-0.1635738506796922,-0.27659163512519297,-0.06378759415645337,0.0501469942941708,0.1310763888888889,0.2517361111111111,0.3524305555555556,0.2660590277777778,False,2.155839491634521
veto_stable_floor_sens_le_1.25_floor_share_ge_0.05_score_tail_ge_10,inf,0.0,1.0,1.0,inf,1.25,0.05,inf,10.0,0.25524966894297985,0.25595194528055976,1.002751331041831,0.17073237183769185,0.17075158647142474,1.0001125424166846,0.09637274243258942,0.1295058187163547,0.1280471867395654,0.9887369386854808,-0.213720844973863,-0.16379004365319894,-0.2786409296347723,-0.06467352277231905,0.049930801320664076,0.1228298611111111,0.2495659722222222,0.3489583333333333,0.2660590277777778,False,2.155051441752547
veto_stable_floor_sens_le_0.5_floor_share_ge_0.1_score_tail_ge_10,inf,0.0,1.0,1.0,inf,0.5,0.1,inf,10.0,0.25524966894297985,0.25531682201913997,1.0002630878090388,0.17073237183769185,0.17073237183769185,1.0,0.09637274243258942,0.1295058187163547,0.12945268250438213,0.9995897001964913,-0.213720844973863,-0.16818128041942737,-0.28448981390539047,-0.06812150297542525,0.04553956455443564,0.1579861111111111,0.2708333333333333,0.3524305555555556,0.2730034722222222,False,2.1457384705491664
veto_stable_floor_sens_le_0.5_floor_share_ge_0.05_score_tail_ge_10,inf,0.0,1.0,1.0,inf,0.5,0.05,inf,10.0,0.25524966894297985,0.25531677966184796,1.0002629218644867,0.17073237183769185,0.17075158647142474,1.0001125424166846,0.09637274243258942,0.1295058187163547,0.12945268250438213,0.9995897001964913,-0.213720844973863,-0.16831448899259271,-0.2810056014952602,-0.07147508451229542,0.0454063559812703,0.1527777777777778,0.2699652777777778,0.3489583333333333,0.2730034722222222,False,2.145318012728638
veto_stable_floor_sens_le_1_floor_share_ge_0.15_score_tail_ge_10,inf,0.0,1.0,1.0,inf,1.0,0.15,inf,10.0,0.25524966894297985,0.2574948420220272,1.0087959882116397,0.17073237183769185,0.17073237183769185,1.0,0.09637274243258942,0.1295058187163547,0.12945259228430395,0.9995890035476528,-0.213720844973863,-0.17293165669156063,-0.2937587799074677,-0.07370100679335667,0.04078918828230238,0.20182291666666666,0.2686631944444444,0.3524305555555556,0.2730034722222222,False,2.1352691692143964
veto_stable_floor_sens_le_0.75_floor_share_ge_0.15_score_tail_ge_10,inf,0.0,1.0,1.0,inf,0.75,0.15,inf,10.0,0.25524966894297985,0.25715283798370714,1.007456107773258,0.17073237183769185,0.17073237183769185,1.0,0.09637274243258942,0.1295058187163547,0.129452682987641,0.9995897039280524,-0.213720844973863,-0.17311864771474061,-0.29047134210651265,-0.07667270432422076,0.0406021972591224,0.20399305555555555,0.2712673611111111,0.3524305555555556,0.2734375,False,2.133182025063694
veto_stable_floor_sens_le_0.5_floor_share_ge_0.15_score_tail_ge_10,inf,0.0,1.0,1.0,inf,0.5,0.15,inf,10.0,0.25524966894297985,0.255316905130342,1.0002634134165211,0.17073237183769185,0.17073237183769185,1.0,0.09637274243258942,0.1295058187163547,0.129452682987641,0.9995897039280524,-0.213720844973863,-0.1732573423637913,-0.29010928643604156,-0.07379562528176864,0.0404635026100717,0.21180555555555555,0.2725694444444444,0.3524305555555556,0.2734375,False,2.125434552110754
veto_stable_floor_sens_le_0.75_floor_share_ge_0.2,inf,0.0,1.0,1.0,inf,0.75,0.2,inf,-inf,0.25524966894297985,0.26120591761560974,1.023334990784887,0.17073237183769185,0.17073237183769185,1.0,0.0630917089906542,0.1295058187163547,0.1295058187163547,1.0,-0.213720844973863,-0.099328593209979,-0.17789195182271805,-0.032609013527877526,0.11439225176388401,0.21397569444444445,0.2708333333333333,0.3524305555555556,0.2738715277777778,False,2.125249223547385
veto_stable_floor_sens_le_1.25_floor_share_ge_0.15_score_tail_ge_10,inf,0.0,1.0,1.0,inf,1.25,0.15,inf,10.0,0.25524966894297985,0.256063324452671,1.0031876848775576,0.17073237183769185,0.17073237183769185,1.0,0.09637274243258942,0.1295058187163547,0.1279556440477876,0.9880300770735073,-0.213720844973863,-0.17293175885327305,-0.2939996649692342,-0.07308015672294248,0.04078908612058996,0.2009548611111111,0.2660590277777778,0.3524305555555556,0.2717013888888889,False,2.1181015307593194
veto_stable_floor_sens_le_0.25_floor_share_ge_0.15_score_tail_ge_10,inf,0.0,1.0,1.0,inf,0.25,0.15,inf,10.0,0.25524966894297985,0.25547140727414086,1.000868711532827,0.17073237183769185,0.17073237183769185,1.0,0.09637274243258942,0.1295058187163547,0.1295058187163547,1.0,-0.213720844973863,-0.18642240976877145,-0.3008988538470543,-0.08903902425253024,0.027298435205091565,0.234375,0.2734375,0.3524305555555556,0.2738715277777778,False,2.073789876679087
veto_stable_floor_sens_le_0.25_floor_share_ge_0.05_score_tail_ge_10,inf,0.0,1.0,1.0,inf,0.25,0.05,inf,10.0,0.25524966894297985,0.25547140727414086,1.000868711532827,0.17073237183769185,0.17075158647142474,1.0001125424166846,0.09637274243258942,0.1295058187163547,0.1295058187163547,1.0,-0.213720844973863,-0.18667604553834427,-0.3044876983494796,-0.08710031567495777,0.02704479943551874,0.21397569444444445,0.2734375,0.3489583333333333,0.2738715277777778,False,2.0728878760174805
veto_stable_floor_sens_le_0.25_floor_share_ge_0.1_score_tail_ge_10,inf,0.0,1.0,1.0,inf,0.25,0.1,inf,10.0,0.25524966894297985,0.25547140727414086,1.000868711532827,0.17073237183769185,0.17073237183769185,1.0,0.09637274243258942,0.1295058187163547,0.1295058187163547,1.0,-0.213720844973863,-0.18667639188673357,-0.3010679360682828,-0.08511879378433276,0.02704445308712944,0.21571180555555555,0.2734375,0.3524305555555556,0.2738715277777778,False,2.0727739482072387
resid_ess_ge_0.2,inf,0.2,1.0,1.0,inf,-inf,inf,inf,-inf,0.25524966894297985,0.0,0.0,0.17073237183769185,0.043178126399471606,0.2528994702921321,0.09620686843660031,0.1295058187163547,0.0,0.0,-0.213720844973863,0.0,0.0,0.0,0.213720844973863,0.0,0.0,0.11762152777777778,0.0,False,2.069851534553587
veto_stable_floor_sens_le_0.5_floor_share_ge_0.2_score_tail_ge_10,inf,0.0,1.0,1.0,inf,0.5,0.2,inf,10.0,0.25524966894297985,0.25524966894297985,1.0,0.17073237183769185,0.17073237183769185,1.0,0.09637274243258942,0.1295058187163547,0.1295058187163547,1.0,-0.213720844973863,-0.2016688851275783,-0.32285902333815863,-0.09708643757641766,0.01205195984628471,0.24479166666666666,0.2738715277777778,0.3524305555555556,0.2738715277777778,False,2.011935263711033
veto_stable_floor_sens_le_0.25_floor_share_ge_0.2_score_tail_ge_10,inf,0.0,1.0,1.0,inf,0.25,0.2,inf,10.0,0.25524966894297985,0.25524966894297985,1.0,0.17073237183769185,0.17073237183769185,1.0,0.09637274243258942,0.1295058187163547,0.1295058187163547,1.0,-0.213720844973863,-0.2024228069648415,-0.3258150700042838,-0.09693932293321585,0.011298038009021516,0.24609375,0.2738715277777778,0.3524305555555556,0.2738715277777778,False,2.00891957636198
veto_stable_floor_sens_le_0.75_floor_share_ge_0.2_score_tail_ge_10,inf,0.0,1.0,1.0,inf,0.75,0.2,inf,10.0,0.25524966894297985,0.25524966894297985,1.0,0.17073237183769185,0.17073237183769185,1.0,0.09637274243258942,0.1295058187163547,0.1295058187163547,1.0,-0.213720844973863,-0.20244856206654394,-0.3232895707637708,-0.09722224364736554,0.011272282907319076,0.2439236111111111,0.2738715277777778,0.3524305555555556,0.2738715277777778,False,2.0088165559551703
veto_stable_floor_sens_le_1_floor_share_ge_0.2_score_tail_ge_10,inf,0.0,1.0,1.0,inf,1.0,0.2,inf,10.0,0.25524966894297985,0.25524966894297985,1.0,0.17073237183769185,0.17073237183769185,1.0,0.09637274243258942,0.1295058187163547,0.1295058187163547,1.0,-0.213720844973863,-0.20244856206654394,-0.32600289943215616,-0.10209299282128148,0.011272282907319076,0.2439236111111111,0.2738715277777778,0.3524305555555556,0.2738715277777778,False,2.0088165559551703
veto_stable_floor_sens_le_1.25_floor_share_ge_0.05_score_tail_ge_12,inf,0.0,1.0,1.0,inf,1.25,0.05,inf,12.0,0.25524966894297985,0.25745345795847185,1.0086338565084851,0.17073237183769185,0.17075158647142474,1.0001125424166846,0.09637274243258942,0.1295058187163547,0.12953759191750314,1.0002453418808774,-0.213720844973863,-0.20491596106183474,-0.3319311676579315,-0.09558019284876207,0.008804883912028272,0.17491319444444445,0.2578125,0.3489583333333333,0.2673611111111111,False,2.0079387007800547
veto_stable_floor_sens_le_1.25_floor_share_ge_0.1_score_tail_ge_12,inf,0.0,1.0,1.0,inf,1.25,0.1,inf,12.0,0.25524966894297985,0.2574535437492165,1.0086341926136992,0.17073237183769185,0.17073237183769185,1.0,0.09637274243258942,0.1295058187163547,0.12953759191750314,1.0002453418808774,-0.213720844973863,-0.2049146726750024,-0.33008330596321106,-0.0982297437441776,0.008806172298860604,0.18229166666666666,0.2595486111111111,0.3524305555555556,0.2673611111111111,False,2.0078316480159133
veto_stable_floor_sens_le_0.75_floor_share_ge_0.05_score_tail_ge_12,inf,0.0,1.0,1.0,inf,0.75,0.05,inf,12.0,0.25524966894297985,0.25744010306180876,1.0085815355917982,0.17073237183769185,0.17075158647142474,1.0001125424166846,0.09637274243258942,0.1295058187163547,0.12945268250438213,0.9995897001964913,-0.213720844973863,-0.20499399093413584,-0.32923932380690646,-0.10134432892883496,0.008726854039727172,0.1818576388888889,0.2682291666666667,0.3489583333333333,0.2730034722222222,False,2.0069186186897765
veto_stable_floor_sens_le_0.75_floor_share_ge_0.1_score_tail_ge_12,inf,0.0,1.0,1.0,inf,0.75,0.1,inf,12.0,0.25524966894297985,0.257440145419101,1.0085817015363514,0.17073237183769185,0.17073237183769185,1.0,0.09637274243258942,0.1295058187163547,0.12945268250438213,0.9995897001964913,-0.213720844973863,-0.20499352710458485,-0.33459370171427716,-0.09940802502379327,0.008727317869278162,0.1875,0.2690972222222222,0.3524305555555556,0.2730034722222222,False,2.006808097535849
veto_stable_floor_sens_le_1.25_floor_share_ge_0.2_score_tail_ge_10,inf,0.0,1.0,1.0,inf,1.25,0.2,inf,10.0,0.25524966894297985,0.25466599801684386,0.9977133332687441,0.17073237183769185,0.17073237183769185,1.0,0.09637274243258942,0.1295058187163547,0.1295058187163547,1.0,-0.213720844973863,-0.20244856206654394,-0.32568139514285244,-0.09982570953191851,0.011272282907319076,0.2439236111111111,0.2734375,0.3524305555555556,0.2738715277777778,False,2.0065298892239145
veto_stable_floor_sens_le_1_floor_share_ge_0.05_score_tail_ge_12,inf,0.0,1.0,1.0,inf,1.0,0.05,inf,12.0,0.25524966894297985,0.25723423278245316,1.0077749908459888,0.17073237183769185,0.17075158647142474,1.0001125424166846,0.09637274243258942,0.1295058187163547,0.12945236793709314,0.999587271214596,-0.213720844973863,-0.20491488240622147,-0.3309333720392668,-0.10058444497110505,0.008805962567641545,0.17708333333333334,0.2612847222222222,0.3489583333333333,0.2712673611111111,False,2.00642607907373
veto_stable_floor_sens_le_1_floor_share_ge_0.1_score_tail_ge_12,inf,0.0,1.0,1.0,inf,1.0,0.1,inf,12.0,0.25524966894297985,0.2572343185731979,1.0077753269512033,0.17073237183769185,0.17073237183769185,1.0,0.09637274243258942,0.1295058187163547,0.12945236793709314,0.999587271214596,-0.213720844973863,-0.2049135940193889,-0.3252426605722398,-0.09926729764356398,0.0088072509544741,0.18446180555555555,0.2630208333333333,0.3524305555555556,0.2712673611111111,False,2.0063190263095905
veto_stable_floor_sens_le_1.25_floor_share_ge_0.15_score_tail_ge_12,inf,0.0,1.0,1.0,inf,1.25,0.15,inf,12.0,0.25524966894297985,0.25746535834004425,1.008680479023694,0.17073237183769185,0.17073237183769185,1.0,0.09637274243258942,0.1295058187163547,0.12945298996379728,0.9995920742937959,-0.213720844973863,-0.20619523181398614,-0.3313001664712332,-0.0968040632656467,0.007525613159876876,0.2265625,0.2703993055555556,0.3524305555555556,0.2721354166666667,False,2.002102430282892
veto_stable_floor_sens_le_0.75_floor_share_ge_0.15_score_tail_ge_12,inf,0.0,1.0,1.0,inf,0.75,0.15,inf,12.0,0.25524966894297985,0.2574402005912434,1.0085819176860633,0.17073237183769185,0.17073237183769185,1.0,0.09637274243258942,0.1295058187163547,0.129452682987641,0.9995897039280524,-0.213720844973863,-0.20627444011649843,-0.3281473671323833,-0.09925246854383415,0.007446404857364586,0.22786458333333334,0.2725694444444444,0.3524305555555556,0.2734375,False,2.001684665369468
veto_stable_floor_sens_le_1_floor_share_ge_0.15_score_tail_ge_12,inf,0.0,1.0,1.0,inf,1.0,0.15,inf,12.0,0.25524966894297985,0.2572460578674145,1.0078213183691949,0.17073237183769185,0.17073237183769185,1.0,0.09637274243258942,0.1295058187163547,0.12945259228430395,0.9995890035476528,-0.213720844973863,-0.20619512965227393,-0.33095432590730545,-0.10316105917410333,0.007525715321589077,0.22743055555555555,0.2712673611111111,0.3524305555555556,0.2730034722222222,False,2.0012406075290983
veto_stable_floor_sens_le_0.5_floor_share_ge_0.05_score_tail_ge_12,inf,0.0,1.0,1.0,inf,0.5,0.05,inf,12.0,0.25524966894297985,0.2554863412297158,1.0009272187804046,0.17073237183769185,0.17075158647142474,1.0001125424166846,0.09637274243258942,0.1295058187163547,0.12945268250438213,0.9995897001964913,-0.213720844973863,-0.20531081100088078,-0.3309228496985585,-0.09813484249076719,0.008410033972982234,0.1948784722222222,0.2703993055555556,0.3489583333333333,0.2730034722222222,False,1.9979970216114034
veto_stable_floor_sens_le_0.5_floor_share_ge_0.1_score_tail_ge_12,inf,0.0,1.0,1.0,inf,0.5,0.1,inf,12.0,0.25524966894297985,0.25548638358700804,1.0009273847249576,0.17073237183769185,0.17073237183769185,1.0,0.09637274243258942,0.1295058187163547,0.12945268250438213,0.9995897001964913,-0.213720844973863,-0.2053116667821766,-0.33623598953289696,-0.10298091987461631,0.008409178191686406,0.1996527777777778,0.2712673611111111,0.3524305555555556,0.2730034722222222,False,1.9978812220140887
veto_stable_floor_sens_le_0.5_floor_share_ge_0.15_score_tail_ge_12,inf,0.0,1.0,1.0,inf,0.5,0.15,inf,12.0,0.25524966894297985,0.25548646669820996,1.0009277103324392,0.17073237183769185,0.17073237183769185,1.0,0.09637274243258942,0.1295058187163547,0.129452682987641,0.9995897039280524,-0.213720844973863,-0.20616417671696885,-0.33073592787881656,-0.0995469820513266,0.007556668256894161,0.2322048611111111,0.2730034722222222,0.3524305555555556,0.2734375,False,1.994471511613962
floor_share_le_0.15,inf,0.0,0.15,1.0,inf,-inf,inf,inf,-inf,0.25524966894297985,0.044189172182195646,0.17312136922719007,0.17073237183769185,0.17073237183769185,1.0,0.0,0.1295058187163547,0.03105594904585318,0.2398035034539438,-0.213720844973863,-0.01146051955321381,-0.041059728407577226,0.01759226561684468,0.2022603254206492,0.12109375,0.1349826388888889,0.3524305555555556,0.1349826388888889,False,1.9927557832994545
veto_stable_floor_sens_le_0.5_floor_share_ge_0.05_score_tail_ge_14,inf,0.0,1.0,1.0,inf,0.5,0.05,inf,14.0,0.25524966894297985,0.25524951609995095,0.9999994012018526,0.17073237183769185,0.17075158647142474,1.0001125424166846,0.09637274243258942,0.1295058187163547,0.12950581823309604,0.9999999962684406,-0.213720844973863,-0.20664110320385976,-0.33181408830073755,-0.09766776436753094,0.007079741770003256,0.21614583333333334,0.2717013888888889,0.3489583333333333,0.2734375,False,1.9921583312928848
veto_stable_floor_sens_le_0.5_floor_share_ge_0.1_score_tail_ge_14,inf,0.0,1.0,1.0,inf,0.5,0.1,inf,14.0,0.25524966894297985,0.2552495858317777,0.9999996743925174,0.17073237183769185,0.17073237183769185,1.0,0.09637274243258942,0.1295058187163547,0.12950581823309604,0.9999999962684406,-0.213720844973863,-0.20664167629119445,-0.32944276442288606,-0.10079299148765676,0.007079168682668557,0.22005208333333334,0.2721354166666667,0.3524305555555556,0.2734375,False,1.9920437697175262
veto_stable_floor_sens_le_1.25_floor_share_ge_0.05_score_tail_ge_14,inf,0.0,1.0,1.0,inf,1.25,0.05,inf,14.0,0.25524966894297985,0.25529431950073045,1.0001749289546016,0.17073237183769185,0.17075158647142474,1.0001125424166846,0.09637274243258942,0.1295058187163547,0.12959084664438392,1.0006565568163037,-0.213720844973863,-0.20690796619564078,-0.3339906974370331,-0.09940485578838185,0.006812878778222231,0.20008680555555555,0.2630208333333333,0.3489583333333333,0.2686631944444444,False,1.9919229676263728
veto_stable_floor_sens_le_1.25_floor_share_ge_0.1_score_tail_ge_14,inf,0.0,1.0,1.0,inf,1.25,0.1,inf,14.0,0.25524966894297985,0.25529443266601004,1.0001753723059292,0.17073237183769185,0.17073237183769185,1.0,0.09637274243258942,0.1295058187163547,0.12959084664438392,1.0006565568163037,-0.213720844973863,-0.20690644890480603,-0.3324241275075685,-0.10150710036876578,0.006814396069056983,0.20616319444444445,0.2643229166666667,0.3524305555555556,0.2686631944444444,False,1.9918169377243553
veto_stable_floor_sens_le_0.75_floor_share_ge_0.05_score_tail_ge_14,inf,0.0,1.0,1.0,inf,0.75,0.05,inf,14.0,0.25524966894297985,0.25524954403901057,0.9999995106596228,0.17073237183769185,0.17075158647142474,1.0001125424166846,0.09637274243258942,0.1295058187163547,0.12950581823309604,0.9999999962684406,-0.213720844973863,-0.20698604985790103,-0.331913776488442,-0.10013060985361062,0.006734795115961978,0.2065972222222222,0.2699652777777778,0.3489583333333333,0.2734375,False,1.99077865413449
veto_stable_floor_sens_le_0.75_floor_share_ge_0.1_score_tail_ge_14,inf,0.0,1.0,1.0,inf,0.75,0.1,inf,14.0,0.25524966894297985,0.25524961377083744,0.9999997838502881,0.17073237183769185,0.17073237183769185,1.0,0.09637274243258942,0.1295058187163547,0.12950581823309604,0.9999999962684406,-0.213720844973863,-0.20698530333438847,-0.3367293184315548,-0.10050547274617089,0.00673554163947454,0.2113715277777778,0.2703993055555556,0.3524305555555556,0.2734375,False,1.990669371002521
veto_stable_floor_sens_le_1_floor_share_ge_0.05_score_tail_ge_14,inf,0.0,1.0,1.0,inf,1.0,0.05,inf,14.0,0.25524966894297985,0.25507507303813304,0.9993159798969776,0.17073237183769185,0.17075158647142474,1.0001125424166846,0.09637274243258942,0.1295058187163547,0.12950550366580704,0.9999975672865453,-0.213720844973863,-0.2069068875400275,-0.3257016689062934,-0.10211745209878581,0.006813957433835505,0.20225694444444445,0.2651909722222222,0.3489583333333333,0.2717013888888889,False,1.9904093436614436
veto_stable_floor_sens_le_1_floor_share_ge_0.1_score_tail_ge_14,inf,0.0,1.0,1.0,inf,1.0,0.1,inf,14.0,0.25524966894297985,0.2550751862034125,0.9993164232483047,0.17073237183769185,0.17073237183769185,1.0,0.09637274243258942,0.1295058187163547,0.12950550366580704,0.9999975672865453,-0.213720844973863,-0.20690537024919275,-0.32965368350402363,-0.10078182322365457,0.006815474724670256,0.20833333333333334,0.2664930555555556,0.3524305555555556,0.2717013888888889,False,1.9903033137594253
veto_stable_floor_sens_le_0.5_floor_share_ge_0.15_score_tail_ge_14,inf,0.0,1.0,1.0,inf,0.5,0.15,inf,14.0,0.25524966894297985,0.25524966894297985,1.0,0.17073237183769185,0.17073237183769185,1.0,0.09637274243258942,0.1295058187163547,0.1295058187163547,1.0,-0.213720844973863,-0.2083891066230188,-0.3297413255495443,-0.10202062694004296,0.005331738350844217,0.24131944444444445,0.2738715277777778,0.3524305555555556,0.2738715277777778,False,1.985054377729271
veto_stable_floor_sens_le_1.25_floor_share_ge_0.15_score_tail_ge_14,inf,0.0,1.0,1.0,inf,1.25,0.15,inf,14.0,0.25524966894297985,0.2552947583671672,1.0001766483160353,0.17073237183769185,0.17073237183769185,1.0,0.09637274243258942,0.1295058187163547,0.1295061256925112,1.0000023703657452,-0.213720844973863,-0.2088144486604735,-0.330233800063777,-0.10235158603504153,0.004906396313389516,0.23741319444444445,0.2721354166666667,0.3524305555555556,0.2725694444444444,False,1.983532028261233
veto_stable_floor_sens_le_0.75_floor_share_ge_0.15_score_tail_ge_14,inf,0.0,1.0,1.0,inf,0.75,0.15,inf,14.0,0.25524966894297985,0.25524966894297985,1.0,0.17073237183769185,0.17073237183769185,1.0,0.09637274243258942,0.1295058187163547,0.1295058187163547,1.0,-0.213720844973863,-0.20889365696298556,-0.3322055611956217,-0.10611778766323526,0.004827188010877448,0.2387152777777778,0.2738715277777778,0.3524305555555556,0.2738715277777778,False,1.983036176369404
veto_stable_floor_sens_le_1_floor_share_ge_0.15_score_tail_ge_14,inf,0.0,1.0,1.0,inf,1.0,0.15,inf,14.0,0.25524966894297985,0.25507545789453767,0.999317487661537,0.17073237183769185,0.17073237183769185,1.0,0.09637274243258942,0.1295058187163547,0.12950572801301763,0.9999992996196004,-0.213720844973863,-0.20881434649876107,-0.3327109619475987,-0.10010675439528828,0.004906498475101939,0.23828125,0.2730034722222222,0.3524305555555556,0.2734375,False,1.9826702055074394
veto_stable_floor_sens_le_0.25_floor_share_ge_0.15_score_tail_ge_12,inf,0.0,1.0,1.0,inf,0.25,0.15,inf,12.0,0.25524966894297985,0.25547140727414086,1.000868711532827,0.17073237183769185,0.17073237183769185,1.0,0.09637274243258942,0.1295058187163547,0.1295058187163547,1.0,-0.213720844973863,-0.21277059387064345,-0.3336222299280764,-0.10498719915159953,0.0009502511032195571,0.24348958333333334,0.2734375,0.3524305555555556,0.2738715277777778,False,1.9683971402715994
veto_stable_floor_sens_le_0.25_floor_share_ge_0.05_score_tail_ge_14,inf,0.0,1.0,1.0,inf,0.25,0.05,inf,14.0,0.25524966894297985,0.25524966894297985,1.0,0.17073237183769185,0.17075158647142474,1.0001125424166846,0.09637274243258942,0.1295058187163547,0.1295058187163547,1.0,-0.213720844973863,-0.21315356384425455,-0.34301440380390863,-0.10461116156939775,0.0005672811296084657,0.24088541666666666,0.2738715277777778,0.3489583333333333,0.2738715277777778,False,1.9661090912610126
veto_stable_floor_sens_le_0.25_floor_share_ge_0.1_score_tail_ge_14,inf,0.0,1.0,1.0,inf,0.25,0.1,inf,14.0,0.25524966894297985,0.25524966894297985,1.0,0.17073237183769185,0.17073237183769185,1.0,0.09637274243258942,0.1295058187163547,0.1295058187163547,1.0,-0.213720844973863,-0.2131536274986825,-0.33686158195426197,-0.10825768378585031,0.0005672174751805148,0.2417534722222222,0.2738715277777778,0.3524305555555556,0.2738715277777778,False,1.9659962942266163
veto_stable_floor_sens_le_0.25_floor_share_ge_0.15_score_tail_ge_14,inf,0.0,1.0,1.0,inf,0.25,0.15,inf,14.0,0.25524966894297985,0.25524966894297985,1.0,0.17073237183769185,0.17073237183769185,1.0,0.09637274243258942,0.1295058187163547,0.1295058187163547,1.0,-0.213720844973863,-0.21331518312748288,-0.3422705528347462,-0.10694551288023708,0.00040566184638013425,0.24696180555555555,0.2738715277777778,0.3524305555555556,0.2738715277777778,False,1.9653500717114147
veto_stable_floor_sens_le_0.25_floor_share_ge_0.05_score_tail_ge_12,inf,0.0,1.0,1.0,inf,0.25,0.05,inf,12.0,0.25524966894297985,0.25547140727414086,1.000868711532827,0.17073237183769185,0.17075158647142474,1.0001125424166846,0.09637274243258942,0.1295058187163547,0.1295058187163547,1.0,-0.213720844973863,-0.21371334448158685,-0.3354545935448851,-0.10431199052866508,7.5004922761579e-06,0.2322048611111111,0.2734375,0.3489583333333333,0.2738715277777778,False,1.9647386802445104
veto_stable_floor_sens_le_0.25_floor_share_ge_0.1_score_tail_ge_12,inf,0.0,1.0,1.0,inf,0.25,0.1,inf,12.0,0.25524966894297985,0.25547140727414086,1.000868711532827,0.17073237183769185,0.17073237183769185,1.0,0.09637274243258942,0.1295058187163547,0.1295058187163547,1.0,-0.213720844973863,-0.21371369082997616,-0.3404288507261715,-0.10386455838704724,7.15414388685609e-06,0.2339409722222222,0.2734375,0.3524305555555556,0.2738715277777778,False,1.9646247524342686
veto_stable_floor_sens_le_0.5_floor_share_ge_0.15_resid_ess_le_0.05,inf,0.0,1.0,1.0,inf,0.5,0.15,0.05,-inf,0.25524966894297985,0.25524966894297985,1.0,0.17073237183769185,0.17073237183769185,1.0,0.09637274243258942,0.1295058187163547,0.1295058187163547,1.0,-0.213720844973863,-0.21371972958034435,-0.3337778370310935,-0.10844347357553302,1.115393518658081e-06,0.2465277777777778,0.2738715277777778,0.3524305555555556,0.2738715277777778,False,1.9637318858999688
veto_stable_floor_sens_le_1.25_floor_share_ge_0.15_resid_ess_le_0.05,inf,0.0,1.0,1.0,inf,1.25,0.15,0.05,-inf,0.25524966894297985,0.2552495243830777,0.9999994336529299,0.17073237183769185,0.17073237183769185,1.0,0.09637274243258942,0.1295058187163547,0.1295061256925112,1.0000023703657452,-0.213720844973863,-0.21372019024092737,-0.3398153255821074,-0.11028307394632861,6.547329356454412e-07,0.24479166666666666,0.2734375,0.3524305555555556,0.2725694444444444,False,1.9637318472763117
veto_stable_floor_sens_le_0.75_floor_share_ge_0.15_resid_ess_le_0.05,inf,0.0,1.0,1.0,inf,0.75,0.15,0.05,-inf,0.25524966894297985,0.25524966894297985,1.0,0.17073237183769185,0.17073237183769185,1.0,0.09637274243258942,0.1295058187163547,0.1295058187163547,1.0,-0.213720844973863,-0.21372008807921494,-0.33499184983688957,-0.10565762545727969,7.568946480684957e-07,0.2456597222222222,0.2738715277777778,0.3524305555555556,0.2738715277777778,False,1.9637304519044865
veto_stable_floor_sens_le_1_floor_share_ge_0.15_resid_ess_le_0.05,inf,0.0,1.0,1.0,inf,1.0,0.15,0.05,-inf,0.25524966894297985,0.25524966894297985,1.0,0.17073237183769185,0.17073237183769185,1.0,0.09637274243258942,0.1295058187163547,0.12950572801301763,0.9999992996196004,-0.213720844973863,-0.21372008807921494,-0.33805765797928905,-0.10589256376319423,7.568946480684957e-07,0.2456597222222222,0.2738715277777778,0.3524305555555556,0.2734375,False,1.963729751524087
floor_sens_le_inf,inf,0.0,1.0,1.0,inf,-inf,inf,inf,-inf,0.25524966894297985,0.25524966894297985,1.0,0.17073237183769185,0.17073237183769185,1.0,0.09637274243258942,0.1295058187163547,0.1295058187163547,1.0,-0.213720844973863,-0.213720844973863,-0.3389163000776136,-0.1061269035440111,0.0,0.24739583333333334,0.2738715277777778,0.3524305555555556,0.2738715277777778,False,1.9637274243258942
floor_sens_le_inf_score_tail_le_inf,inf,0.0,1.0,1.0,inf,-inf,inf,inf,-inf,0.25524966894297985,0.25524966894297985,1.0,0.17073237183769185,0.17073237183769185,1.0,0.09637274243258942,0.1295058187163547,0.1295058187163547,1.0,-0.213720844973863,-0.213720844973863,-0.3365294379120303,-0.1054454585564435,0.0,0.24739583333333334,0.2738715277777778,0.3524305555555556,0.2738715277777778,False,1.9637274243258942
floor_share_le_1,inf,0.0,1.0,1.0,inf,-inf,inf,inf,-inf,0.25524966894297985,0.25524966894297985,1.0,0.17073237183769185,0.17073237183769185,1.0,0.09637274243258942,0.1295058187163547,0.1295058187163547,1.0,-0.213720844973863,-0.213720844973863,-0.3404115074110378,-0.10894041975003874,0.0,0.24739583333333334,0.2738715277777778,0.3524305555555556,0.2738715277777778,False,1.9637274243258942
max_resid_weight_share_le_1,inf,0.0,1.0,1.0,inf,-inf,inf,inf,-inf,0.25524966894297985,0.25524966894297985,1.0,0.17073237183769185,0.17073237183769185,1.0,0.09637274243258942,0.1295058187163547,0.1295058187163547,1.0,-0.213720844973863,-0.213720844973863,-0.3379557382128065,-0.10847041880144483,0.0,0.24739583333333334,0.2738715277777778,0.3524305555555556,0.2738715277777778,False,1.9637274243258942
resid_ess_ge_0,inf,0.0,1.0,1.0,inf,-inf,inf,inf,-inf,0.25524966894297985,0.25524966894297985,1.0,0.17073237183769185,0.17073237183769185,1.0,0.09637274243258942,0.1295058187163547,0.1295058187163547,1.0,-0.213720844973863,-0.213720844973863,-0.3392081583285619,-0.10555440288699981,0.0,0.24739583333333334,0.2738715277777778,0.3524305555555556,0.2738715277777778,False,1.9637274243258942
score_tail_le_inf,inf,0.0,1.0,1.0,inf,-inf,inf,inf,-inf,0.25524966894297985,0.25524966894297985,1.0,0.17073237183769185,0.17073237183769185,1.0,0.09637274243258942,0.1295058187163547,0.1295058187163547,1.0,-0.213720844973863,-0.213720844973863,-0.338017177873413,-0.10604057234931694,0.0,0.24739583333333334,0.2738715277777778,0.3524305555555556,0.2738715277777778,False,1.9637274243258942
veto_stable_floor_sens_le_0.25_floor_share_ge_0.15_resid_ess_le_0.05,inf,0.0,1.0,1.0,inf,0.25,0.15,0.05,-inf,0.25524966894297985,0.25524966894297985,1.0,0.17073237183769185,0.17073237183769185,1.0,0.09637274243258942,0.1295058187163547,0.1295058187163547,1.0,-0.213720844973863,-0.213720844973863,-0.3428409589294822,-0.10633413261435046,0.0,0.24739583333333334,0.2738715277777778,0.3524305555555556,0.2738715277777778,False,1.9637274243258942
veto_stable_floor_sens_le_0.25_floor_share_ge_0.2_resid_ess_le_0.05,inf,0.0,1.0,1.0,inf,0.25,0.2,0.05,-inf,0.25524966894297985,0.25524966894297985,1.0,0.17073237183769185,0.17073237183769185,1.0,0.09637274243258942,0.1295058187163547,0.1295058187163547,1.0,-0.213720844973863,-0.213720844973863,-0.3415809381164105,-0.10590971401098016,0.0,0.24739583333333334,0.2738715277777778,0.3524305555555556,0.2738715277777778,False,1.9637274243258942
veto_stable_floor_sens_le_0.25_floor_share_ge_0.2_score_tail_ge_12,inf,0.0,1.0,1.0,inf,0.25,0.2,inf,12.0,0.25524966894297985,0.25524966894297985,1.0,0.17073237183769185,0.17073237183769185,1.0,0.09637274243258942,0.1295058187163547,0.1295058187163547,1.0,-0.213720844973863,-0.213720844973863,-0.3376807559506283,-0.10725041674499639,0.0,0.24739583333333334,0.2738715277777778,0.3524305555555556,0.2738715277777778,False,1.9637274243258942
veto_stable_floor_sens_le_0.25_floor_share_ge_0.2_score_tail_ge_14,inf,0.0,1.0,1.0,inf,0.25,0.2,inf,14.0,0.25524966894297985,0.25524966894297985,1.0,0.17073237183769185,0.17073237183769185,1.0,0.09637274243258942,0.1295058187163547,0.1295058187163547,1.0,-0.213720844973863,-0.213720844973863,-0.3409625860967099,-0.10455906920070769,0.0,0.24739583333333334,0.2738715277777778,0.3524305555555556,0.2738715277777778,False,1.9637274243258942
veto_stable_floor_sens_le_0.5_floor_share_ge_0.2_resid_ess_le_0.05,inf,0.0,1.0,1.0,inf,0.5,0.2,0.05,-inf,0.25524966894297985,0.25524966894297985,1.0,0.17073237183769185,0.17073237183769185,1.0,0.09637274243258942,0.1295058187163547,0.1295058187163547,1.0,-0.213720844973863,-0.213720844973863,-0.3376534521975927,-0.1079191702032787,0.0,0.24739583333333334,0.2738715277777778,0.3524305555555556,0.2738715277777778,False,1.9637274243258942
veto_stable_floor_sens_le_0.5_floor_share_ge_0.2_score_tail_ge_12,inf,0.0,1.0,1.0,inf,0.5,0.2,inf,12.0,0.25524966894297985,0.25524966894297985,1.0,0.17073237183769185,0.17073237183769185,1.0,0.09637274243258942,0.1295058187163547,0.1295058187163547,1.0,-0.213720844973863,-0.213720844973863,-0.3385552322472667,-0.10743442323806891,0.0,0.24739583333333334,0.2738715277777778,0.3524305555555556,0.2738715277777778,False,1.9637274243258942
veto_stable_floor_sens_le_0.5_floor_share_ge_0.2_score_tail_ge_14,inf,0.0,1.0,1.0,inf,0.5,0.2,inf,14.0,0.25524966894297985,0.25524966894297985,1.0,0.17073237183769185,0.17073237183769185,1.0,0.09637274243258942,0.1295058187163547,0.1295058187163547,1.0,-0.213720844973863,-0.213720844973863,-0.3344502855473964,-0.1066905561495415,0.0,0.24739583333333334,0.2738715277777778,0.3524305555555556,0.2738715277777778,False,1.9637274243258942
veto_stable_floor_sens_le_0.75_floor_share_ge_0.2_resid_ess_le_0.05,inf,0.0,1.0,1.0,inf,0.75,0.2,0.05,-inf,0.25524966894297985,0.25524966894297985,1.0,0.17073237183769185,0.17073237183769185,1.0,0.09637274243258942,0.1295058187163547,0.1295058187163547,1.0,-0.213720844973863,-0.213720844973863,-0.33707373164424803,-0.10392641107081539,0.0,0.24739583333333334,0.2738715277777778,0.3524305555555556,0.2738715277777778,False,1.9637274243258942
veto_stable_floor_sens_le_0.75_floor_share_ge_0.2_score_tail_ge_12,inf,0.0,1.0,1.0,inf,0.75,0.2,inf,12.0,0.25524966894297985,0.25524966894297985,1.0,0.17073237183769185,0.17073237183769185,1.0,0.09637274243258942,0.1295058187163547,0.1295058187163547,1.0,-0.213720844973863,-0.213720844973863,-0.3342500652181207,-0.10747489766894552,0.0,0.24739583333333334,0.2738715277777778,0.3524305555555556,0.2738715277777778,False,1.9637274243258942
veto_stable_floor_sens_le_0.75_floor_share_ge_0.2_score_tail_ge_14,inf,0.0,1.0,1.0,inf,0.75,0.2,inf,14.0,0.25524966894297985,0.25524966894297985,1.0,0.17073237183769185,0.17073237183769185,1.0,0.09637274243258942,0.1295058187163547,0.1295058187163547,1.0,-0.213720844973863,-0.213720844973863,-0.33885383893314436,-0.10999301325986734,0.0,0.24739583333333334,0.2738715277777778,0.3524305555555556,0.2738715277777778,False,1.9637274243258942
veto_stable_floor_sens_le_1.25_floor_share_ge_0.2_resid_ess_le_0.05,inf,0.0,1.0,1.0,inf,1.25,0.2,0.05,-inf,0.25524966894297985,0.25524966894297985,1.0,0.17073237183769185,0.17073237183769185,1.0,0.09637274243258942,0.1295058187163547,0.1295058187163547,1.0,-0.213720844973863,-0.213720844973863,-0.33577218300359396,-0.10331774912538151,0.0,0.24739583333333334,0.2738715277777778,0.3524305555555556,0.2738715277777778,False,1.9637274243258942
veto_stable_floor_sens_le_1.25_floor_share_ge_0.2_score_tail_ge_12,inf,0.0,1.0,1.0,inf,1.25,0.2,inf,12.0,0.25524966894297985,0.25524966894297985,1.0,0.17073237183769185,0.17073237183769185,1.0,0.09637274243258942,0.1295058187163547,0.1295058187163547,1.0,-0.213720844973863,-0.213720844973863,-0.34146272432750424,-0.10338596566447816,0.0,0.24739583333333334,0.2738715277777778,0.3524305555555556,0.2738715277777778,False,1.9637274243258942
veto_stable_floor_sens_le_1.25_floor_share_ge_0.2_score_tail_ge_14,inf,0.0,1.0,1.0,inf,1.25,0.2,inf,14.0,0.25524966894297985,0.25524966894297985,1.0,0.17073237183769185,0.17073237183769185,1.0,0.09637274243258942,0.1295058187163547,0.1295058187163547,1.0,-0.213720844973863,-0.213720844973863,-0.33792009375012155,-0.10749336119356948,0.0,0.24739583333333334,0.2738715277777778,0.3524305555555556,0.2738715277777778,False,1.9637274243258942
veto_stable_floor_sens_le_1_floor_share_ge_0.2_resid_ess_le_0.05,inf,0.0,1.0,1.0,inf,1.0,0.2,0.05,-inf,0.25524966894297985,0.25524966894297985,1.0,0.17073237183769185,0.17073237183769185,1.0,0.09637274243258942,0.1295058187163547,0.1295058187163547,1.0,-0.213720844973863,-0.213720844973863,-0.3374385437806477,-0.11022499947469719,0.0,0.24739583333333334,0.2738715277777778,0.3524305555555556,0.2738715277777778,False,1.9637274243258942
veto_stable_floor_sens_le_1_floor_share_ge_0.2_score_tail_ge_12,inf,0.0,1.0,1.0,inf,1.0,0.2,inf,12.0,0.25524966894297985,0.25524966894297985,1.0,0.17073237183769185,0.17073237183769185,1.0,0.09637274243258942,0.1295058187163547,0.1295058187163547,1.0,-0.213720844973863,-0.213720844973863,-0.3370822350964052,-0.107391952841745,0.0,0.24739583333333334,0.2738715277777778,0.3524305555555556,0.2738715277777778,False,1.9637274243258942
veto_stable_floor_sens_le_1_floor_share_ge_0.2_score_tail_ge_14,inf,0.0,1.0,1.0,inf,1.0,0.2,inf,14.0,0.25524966894297985,0.25524966894297985,1.0,0.17073237183769185,0.17073237183769185,1.0,0.09637274243258942,0.1295058187163547,0.1295058187163547,1.0,-0.213720844973863,-0.213720844973863,-0.33781289854458874,-0.10706491313531227,0.0,0.24739583333333334,0.2738715277777778,0.3524305555555556,0.2738715277777778,False,1.9637274243258942
veto_stable_floor_sens_le_0.25_floor_share_ge_0.1_resid_ess_le_0.05,inf,0.0,1.0,1.0,inf,0.25,0.1,0.05,-inf,0.25524966894297985,0.25524966894297985,1.0,0.17073237183769185,0.17073237183769185,1.0,0.09637274243258942,0.1295058187163547,0.1295058187163547,1.0,-0.213720844973863,-0.21372107586688216,-0.34013174764098375,-0.10502823970884877,-2.308930191485814e-07,0.2404513888888889,0.2738715277777778,0.3524305555555556,0.2738715277777778,False,1.9637265007538176
veto_stable_floor_sens_le_0.25_floor_share_ge_0.05_resid_ess_le_0.05,inf,0.0,1.0,1.0,inf,0.25,0.05,0.05,-inf,0.25524966894297985,0.25524966894297985,1.0,0.17073237183769185,0.1707314161610881,0.9999944024873932,0.09637274243258942,0.1295058187163547,0.1295058187163547,1.0,-0.213720844973863,-0.21372072951849286,-0.33643265370856024,-0.10484417697186658,1.1545537015322793e-07,0.2387152777777778,0.2738715277777778,0.3485243055555556,0.2738715277777778,False,1.963722288634768
max_resid_weight_share_le_0.5,inf,0.0,1.0,0.5,inf,-inf,inf,inf,-inf,0.25524966894297985,0.25524966894297985,1.0,0.17073237183769185,0.17073019559422287,0.9999872534807221,0.09637274243258942,0.1295058187163547,0.1295058187163547,1.0,-0.213720844973863,-0.213720844973863,-0.33391226634604604,-0.10768788962434174,0.0,0.24739583333333334,0.2738715277777778,0.3489583333333333,0.2738715277777778,False,1.9637146778066163
resid_ess_ge_0.005,inf,0.005,1.0,1.0,inf,-inf,inf,inf,-inf,0.25524966894297985,0.25524966894297985,1.0,0.17073237183769185,0.17072988927342492,0.9999854593230316,0.09637274243258942,0.1295058187163547,0.1295058187163547,1.0,-0.213720844973863,-0.213720844973863,-0.3388173594883035,-0.10549159098487902,0.0,0.24739583333333334,0.2738715277777778,0.3368055555555556,0.2738715277777778,False,1.963712883648926
veto_stable_floor_sens_le_0.5_floor_share_ge_0.1_resid_ess_le_0.05,inf,0.0,1.0,1.0,inf,0.5,0.1,0.05,-inf,0.25524966894297985,0.2552495858317777,0.9999996743925174,0.17073237183769185,0.17073237183769185,1.0,0.09637274243258942,0.1295058187163547,0.12950581823309604,0.9999999962684406,-0.213720844973863,-0.2137249679206028,-0.3376211833162955,-0.11184261547362243,-4.122946739792965e-06,0.2222222222222222,0.2721354166666667,0.3524305555555556,0.2734375,False,1.9637106031998928
veto_stable_floor_sens_le_0.5_floor_share_ge_0.05_resid_ess_le_0.05,inf,0.0,1.0,1.0,inf,0.5,0.05,0.05,-inf,0.25524966894297985,0.2552495434744857,0.9999995084479653,0.17073237183769185,0.1707314161610881,0.9999944024873932,0.09637274243258942,0.1295058187163547,0.12950581823309604,0.9999999962684406,-0.213720844973863,-0.2137241121393072,-0.33643781920671284,-0.10446477570245426,-3.26716544418737e-06,0.21744791666666666,0.2712673611111111,0.3485243055555556,0.2734375,False,1.9637082628679166
resid_ess_ge_0.01,inf,0.01,1.0,1.0,inf,-inf,inf,inf,-inf,0.25524966894297985,0.25524966894297985,1.0,0.17073237183769185,0.17026323405285704,0.9972522036694904,0.09637274243258942,0.1295058187163547,0.1295058187163547,1.0,-0.213720844973863,-0.213720844973863,-0.3361155592852059,-0.10791463732482755,0.0,0.24739583333333334,0.2738715277777778,0.3229166666666667,0.2738715277777778,False,1.9609796279953848
veto_stable_floor_sens_le_0.75_floor_share_ge_0.1_resid_ess_le_0.05,inf,0.0,1.0,1.0,inf,0.75,0.1,0.05,-inf,0.25524966894297985,0.2552495892878355,0.9999996879324283,0.17073237183769185,0.17073237183769185,1.0,0.09637274243258942,0.1295058187163547,0.129075243445131,0.9966752438192237,-0.213720844973863,-0.21372552689666247,-0.3407821009519958,-0.10510037336091935,-4.681922799454341e-06,0.21397569444444445,0.2699652777777778,0.3524305555555556,0.2730034722222222,False,1.9603836283863483
veto_stable_floor_sens_le_1_floor_share_ge_0.1_resid_ess_le_0.05,inf,0.0,1.0,1.0,inf,1.0,0.1,0.05,-inf,0.25524966894297985,0.2552492119011369,0.9999982094321813,0.17073237183769185,0.17073237183769185,1.0,0.09637274243258942,0.1295058187163547,0.129074928877842,0.9966728148373284,-0.213720844973863,-0.21372490427569102,-0.33956742365003373,-0.10886788693039576,-4.059301828007733e-06,0.2113715277777778,0.265625,0.3524305555555556,0.2712673611111111,False,1.9603822113880918
veto_stable_floor_sens_le_0.75_floor_share_ge_0.05_resid_ess_le_0.05,inf,0.0,1.0,1.0,inf,0.75,0.05,0.05,-inf,0.25524966894297985,0.25524954693054347,0.9999995219878761,0.17073237183769185,0.1707314161610881,0.9999944024873932,0.09637274243258942,0.1295058187163547,0.129075243445131,0.9966752438192237,-0.213720844973863,-0.21372599072621368,-0.33751497224452226,-0.10845805584534954,-5.145752350665944e-06,0.20833333333333334,0.2690972222222222,0.3485243055555556,0.2730034722222222,False,1.9603760096109843
veto_stable_floor_sens_le_1.25_floor_share_ge_0.1_resid_ess_le_0.05,inf,0.0,1.0,1.0,inf,1.25,0.1,0.05,-inf,0.25524966894297985,0.2552489920446235,0.9999973480931076,0.17073237183769185,0.17073237183769185,1.0,0.09637274243258942,0.1295058187163547,0.1290746660953601,0.9966707857201467,-0.213720844973863,-0.2137259829313043,-0.3442980130619678,-0.10941432205925979,-5.137957441281316e-06,0.2092013888888889,0.2625868055555556,0.3524305555555556,0.2673611111111111,False,1.9603750063093834
veto_stable_floor_sens_le_1_floor_share_ge_0.05_resid_ess_le_0.05,inf,0.0,1.0,1.0,inf,1.0,0.05,0.05,-inf,0.25524966894297985,0.2552491261103922,0.9999978733269669,0.17073237183769185,0.1707314161610881,0.9999944024873932,0.09637274243258942,0.1295058187163547,0.129074928877842,0.9966728148373284,-0.213720844973863,-0.21372619266252357,-0.3367591380360143,-0.10576881093310574,-5.3476886605619e-06,0.20399305555555555,0.2638888888888889,0.3485243055555556,0.2712673611111111,False,1.9603711242229405
veto_stable_floor_sens_le_1.25_floor_share_ge_0.05_resid_ess_le_0.05,inf,0.0,1.0,1.0,inf,1.25,0.05,0.05,-inf,0.25524966894297985,0.25524890625387886,0.9999970119878935,0.17073237183769185,0.1707314161610881,0.9999944024873932,0.09637274243258942,0.1295058187163547,0.1290746660953601,0.9966707857201467,-0.213720844973863,-0.21372727131813685,-0.3386244656752333,-0.10770717364277481,-6.4263442738354826e-06,0.20182291666666666,0.2608506944444444,0.3485243055555556,0.2673611111111111,False,1.9603639191442321
resid_ess_ge_0.02,inf,0.02,1.0,1.0,inf,-inf,inf,inf,-inf,0.25524966894297985,0.2552492146932642,0.9999982203709901,0.17073237183769185,0.1694614244725997,0.9925559086925801,0.09637274243258942,0.1295058187163547,0.1295040345413767,0.9999862232060639,-0.213720844973863,-0.2137220683942096,-0.33846476685935006,-0.10599101190223985,-1.2234203465855131e-06,0.2417534722222222,0.2673611111111111,0.3111979166666667,0.2673611111111111,False,1.9562628829141417
floor_sens_le_inf_score_tail_le_16,inf,0.0,1.0,1.0,16.0,-inf,inf,inf,-inf,0.25524966894297985,0.25455031159829966,0.9972601047923928,0.17073237183769185,0.1675306915854845,0.9812473743687515,0.09637274243258942,0.1295058187163547,0.1291163900592429,0.9969929640152717,-0.213720844973863,-0.2112213923891484,-0.33443655178413745,-0.10636326224799812,0.002499452584714623,0.2191840277777778,0.2387152777777778,0.3107638888888889,0.2404513888888889,False,1.9492256778411685
score_tail_le_16,inf,0.0,1.0,1.0,16.0,-inf,inf,inf,-inf,0.25524966894297985,0.25455031159829966,0.9972601047923928,0.17073237183769185,0.1675306915854845,0.9812473743687515,0.09637274243258942,0.1295058187163547,0.1291163900592429,0.9969929640152717,-0.213720844973863,-0.2112213923891484,-0.33828590524144736,-0.10614250821637829,0.002499452584714623,0.2191840277777778,0.2387152777777778,0.3107638888888889,0.2404513888888889,False,1.9492256778411685
score_tail_le_4,inf,0.0,1.0,1.0,4.0,-inf,inf,inf,-inf,0.25524966894297985,0.0,0.0,0.17073237183769185,0.04649800826476591,0.2723444169625291,0.08103309940679693,0.1295058187163547,0.0004338873647705688,0.003350331043587118,-0.213720844973863,0.0,0.0,0.0,0.213720844973863,0.0,0.0,0.038628472222222224,0.00043402777777777775,False,1.9409091219695376
veto_stable_floor_sens_le_1_floor_share_ge_0.2,inf,0.0,1.0,1.0,inf,1.0,0.2,inf,-inf,0.25524966894297985,0.2614430814572033,1.0242641353458797,0.17073237183769185,0.17073237183769185,1.0,0.0431230847935854,0.1295058187163547,0.12894135794064454,0.9956414253714233,-0.213720844973863,-0.099328593209979,-0.1763262921081838,-0.03165892331951245,0.11439225176388401,0.21397569444444445,0.26953125,0.3524305555555556,0.2734375,False,1.9221335515091134
floor_sens_le_5_score_tail_le_6,5.0,0.0,1.0,1.0,6.0,-inf,inf,inf,-inf,0.25524966894297985,0.01012482656949587,0.039666365137412396,0.17073237183769185,0.10726527433279476,0.6282655900473718,0.09637252465148771,0.1295058187163547,-0.003363349718914499,-0.02597064558373976,-0.213720844973863,-0.02315564119535929,-0.057962598593202845,0.007136932669618932,0.19056520377850372,0.010850694444444444,0.008680555555555556,0.11414930555555555,0.015625,False,1.9048345473227506
floor_sens_le_2_score_tail_le_6,2.0,0.0,1.0,1.0,6.0,-inf,inf,inf,-inf,0.25524966894297985,0.0012432430958941865,0.004870694254149706,0.17073237183769185,0.10726527433279476,0.6282655900473718,0.091924128938913,0.1295058187163547,0.002448888609810629,0.018909487110955348,-0.213720844973863,-0.02315564119535929,-0.058809116094778985,0.006925565663842927,0.19056520377850372,0.010850694444444444,0.004340277777777778,0.11414930555555555,0.0030381944444444445,False,1.8704350520084359
floor_sens_le_0.25_floor_share_le_0.05,0.25,0.0,0.05,1.0,inf,-inf,inf,inf,-inf,0.25524966894297985,0.0,0.0,0.17073237183769185,0.17135593387461445,1.0036522777151797,0.0,0.1295058187163547,0.0,0.0,-0.213720844973863,0.0,0.0,0.0,0.213720844973863,0.0,0.0,0.3472222222222222,0.0,False,1.8585356576106318
floor_sens_le_0.5_floor_share_le_0.05,0.5,0.0,0.05,1.0,inf,-inf,inf,inf,-inf,0.25524966894297985,0.0,0.0,0.17073237183769185,0.17135593387461445,1.0036522777151797,0.0,0.1295058187163547,0.0,0.0,-0.213720844973863,0.0,0.0,0.0,0.213720844973863,0.0,0.0,0.3472222222222222,0.0,False,1.8585356576106318
floor_sens_le_0.75_floor_share_le_0.05,0.75,0.0,0.05,1.0,inf,-inf,inf,inf,-inf,0.25524966894297985,0.0,0.0,0.17073237183769185,0.17135593387461445,1.0036522777151797,0.0,0.1295058187163547,0.0,0.0,-0.213720844973863,0.0,0.0,0.0,0.213720844973863,0.0,0.0,0.3472222222222222,0.0,False,1.8585356576106318
floor_sens_le_1.5_floor_share_le_0.05,1.5,0.0,0.05,1.0,inf,-inf,inf,inf,-inf,0.25524966894297985,0.0,0.0,0.17073237183769185,0.17135593387461445,1.0036522777151797,0.0,0.1295058187163547,0.0,0.0,-0.213720844973863,0.0,0.0,0.0,0.213720844973863,0.0,0.0,0.3472222222222222,0.0,False,1.8585356576106318
floor_sens_le_1_floor_share_le_0.05,1.0,0.0,0.05,1.0,inf,-inf,inf,inf,-inf,0.25524966894297985,0.0,0.0,0.17073237183769185,0.17135593387461445,1.0036522777151797,0.0,0.1295058187163547,0.0,0.0,-0.213720844973863,0.0,0.0,0.0,0.213720844973863,0.0,0.0,0.3472222222222222,0.0,False,1.8585356576106318
floor_sens_le_2_floor_share_le_0.05,2.0,0.0,0.05,1.0,inf,-inf,inf,inf,-inf,0.25524966894297985,0.0,0.0,0.17073237183769185,0.17135593387461445,1.0036522777151797,0.0,0.1295058187163547,0.0,0.0,-0.213720844973863,0.0,0.0,0.0,0.213720844973863,0.0,0.0,0.3472222222222222,0.0,False,1.8585356576106318
floor_sens_le_3_floor_share_le_0.05,3.0,0.0,0.05,1.0,inf,-inf,inf,inf,-inf,0.25524966894297985,0.0,0.0,0.17073237183769185,0.17135593387461445,1.0036522777151797,0.0,0.1295058187163547,0.0,0.0,-0.213720844973863,0.0,0.0,0.0,0.213720844973863,0.0,0.0,0.3472222222222222,0.0,False,1.8585356576106318
floor_sens_le_5_floor_share_le_0.05,5.0,0.0,0.05,1.0,inf,-inf,inf,inf,-inf,0.25524966894297985,0.0,0.0,0.17073237183769185,0.17135593387461445,1.0036522777151797,0.0,0.1295058187163547,0.0,0.0,-0.213720844973863,0.0,0.0,0.0,0.213720844973863,0.0,0.0,0.3472222222222222,0.0,False,1.8585356576106318
floor_share_le_0.05,inf,0.0,0.05,1.0,inf,-inf,inf,inf,-inf,0.25524966894297985,0.0,0.0,0.17073237183769185,0.17135593387461445,1.0036522777151797,0.0,0.1295058187163547,0.0,0.0,-0.213720844973863,0.0,0.0,0.0,0.213720844973863,0.0,0.0,0.3472222222222222,0.0,False,1.8585356576106318
floor_sens_le_inf_score_tail_le_12,inf,0.0,1.0,1.0,12.0,-inf,inf,inf,-inf,0.25524966894297985,0.2535559217304427,0.9933643509919087,0.17073237183769185,0.14725758405288625,0.8625053495588868,0.09637274243258942,0.1295058187163547,0.12608728526494006,0.973603244353816,-0.213720844973863,-0.20491700640353971,-0.3211216063733355,-0.10182043957445613,0.008803838570323297,0.17274305555555555,0.1853298611111111,0.2660590277777778,0.1996527777777778,False,1.8284157235117988
score_tail_le_12,inf,0.0,1.0,1.0,12.0,-inf,inf,inf,-inf,0.25524966894297985,0.2535559217304427,0.9933643509919087,0.17073237183769185,0.14725758405288625,0.8625053495588868,0.09637274243258942,0.1295058187163547,0.12608728526494006,0.973603244353816,-0.213720844973863,-0.20491700640353971,-0.33055097675265865,-0.0992883973924671,0.008803838570323297,0.17274305555555555,0.1853298611111111,0.2660590277777778,0.1996527777777778,False,1.8284157235117988
floor_sens_le_0.25_floor_share_le_0.02,0.25,0.0,0.02,1.0,inf,-inf,inf,inf,-inf,0.25524966894297985,0.0,0.0,0.17073237183769185,0.16610671878682848,0.9729069947246982,0.0,0.1295058187163547,0.0,0.0,-0.213720844973863,0.0,0.0,0.0,0.213720844973863,0.0,0.0,0.3311631944444444,0.0,False,1.8277903746201503
floor_sens_le_0.5_floor_share_le_0.02,0.5,0.0,0.02,1.0,inf,-inf,inf,inf,-inf,0.25524966894297985,0.0,0.0,0.17073237183769185,0.16610671878682848,0.9729069947246982,0.0,0.1295058187163547,0.0,0.0,-0.213720844973863,0.0,0.0,0.0,0.213720844973863,0.0,0.0,0.3311631944444444,0.0,False,1.8277903746201503
floor_sens_le_0.75_floor_share_le_0.02,0.75,0.0,0.02,1.0,inf,-inf,inf,inf,-inf,0.25524966894297985,0.0,0.0,0.17073237183769185,0.16610671878682848,0.9729069947246982,0.0,0.1295058187163547,0.0,0.0,-0.213720844973863,0.0,0.0,0.0,0.213720844973863,0.0,0.0,0.3311631944444444,0.0,False,1.8277903746201503
floor_sens_le_1.5_floor_share_le_0.02,1.5,0.0,0.02,1.0,inf,-inf,inf,inf,-inf,0.25524966894297985,0.0,0.0,0.17073237183769185,0.16610671878682848,0.9729069947246982,0.0,0.1295058187163547,0.0,0.0,-0.213720844973863,0.0,0.0,0.0,0.213720844973863,0.0,0.0,0.3311631944444444,0.0,False,1.8277903746201503
floor_sens_le_1_floor_share_le_0.02,1.0,0.0,0.02,1.0,inf,-inf,inf,inf,-inf,0.25524966894297985,0.0,0.0,0.17073237183769185,0.16610671878682848,0.9729069947246982,0.0,0.1295058187163547,0.0,0.0,-0.213720844973863,0.0,0.0,0.0,0.213720844973863,0.0,0.0,0.3311631944444444,0.0,False,1.8277903746201503
floor_sens_le_2_floor_share_le_0.02,2.0,0.0,0.02,1.0,inf,-inf,inf,inf,-inf,0.25524966894297985,0.0,0.0,0.17073237183769185,0.16610671878682848,0.9729069947246982,0.0,0.1295058187163547,0.0,0.0,-0.213720844973863,0.0,0.0,0.0,0.213720844973863,0.0,0.0,0.3311631944444444,0.0,False,1.8277903746201503
floor_sens_le_3_floor_share_le_0.02,3.0,0.0,0.02,1.0,inf,-inf,inf,inf,-inf,0.25524966894297985,0.0,0.0,0.17073237183769185,0.16610671878682848,0.9729069947246982,0.0,0.1295058187163547,0.0,0.0,-0.213720844973863,0.0,0.0,0.0,0.213720844973863,0.0,0.0,0.3311631944444444,0.0,False,1.8277903746201503
floor_sens_le_5_floor_share_le_0.02,5.0,0.0,0.02,1.0,inf,-inf,inf,inf,-inf,0.25524966894297985,0.0,0.0,0.17073237183769185,0.16610671878682848,0.9729069947246982,0.0,0.1295058187163547,0.0,0.0,-0.213720844973863,0.0,0.0,0.0,0.213720844973863,0.0,0.0,0.3311631944444444,0.0,False,1.8277903746201503
floor_share_le_0.02,inf,0.0,0.02,1.0,inf,-inf,inf,inf,-inf,0.25524966894297985,0.0,0.0,0.17073237183769185,0.16610671878682848,0.9729069947246982,0.0,0.1295058187163547,0.0,0.0,-0.213720844973863,0.0,0.0,0.0,0.213720844973863,0.0,0.0,0.3311631944444444,0.0,False,1.8277903746201503
resid_ess_ge_0.1,inf,0.1,1.0,1.0,inf,-inf,inf,inf,-inf,0.25524966894297985,0.05887981062190972,0.23067536528348198,0.17073237183769185,0.0979915309637368,0.5739481617281886,0.09637274243258942,0.1295058187163547,0.023203027534817067,0.17916590748433192,-0.213720844973863,-0.0406683901882654,-0.0945278617307986,0.0009099745828090539,0.1730524547855976,0.015625,0.014756944444444444,0.21744791666666666,0.014756944444444444,False,1.8263588741989791
floor_sens_le_5_floor_share_le_0.1,5.0,0.0,0.1,1.0,inf,-inf,inf,inf,-inf,0.25524966894297985,0.0016756001283231292,0.006564553581056519,0.17073237183769185,0.17073237183769185,1.0,0.0,0.1295058187163547,-0.00061393049783387,-0.004740563041252289,-0.213720844973863,-0.0013539860011158034,-0.004730960484201624,0.0005142842826599683,0.2123668589727472,0.011284722222222222,0.010850694444444444,0.3524305555555556,0.007378472222222222,False,1.824211706408477
floor_share_le_0.1,inf,0.0,0.1,1.0,inf,-inf,inf,inf,-inf,0.25524966894297985,0.001675794318769186,0.006565314367336325,0.17073237183769185,0.17073237183769185,1.0,0.0,0.1295058187163547,-0.0006470808536040984,-0.0049965388429483865,-0.213720844973863,-0.0013539860011158034,-0.004698376693550543,0.0005441301799709745,0.2123668589727472,0.011284722222222222,0.013020833333333334,0.3524305555555556,0.013020833333333334,False,1.8239564913930606
floor_sens_le_1.5_floor_share_le_0.1,1.5,0.0,0.1,1.0,inf,-inf,inf,inf,-inf,0.25524966894297985,-0.0001236404465265739,-0.00048439023266351,0.17073237183769185,0.17073237183769185,1.0,0.0,0.1295058187163547,-8.774293402957767e-08,-6.775211716297735e-07,-0.213720844973863,-0.0013539860011158034,-0.004734207515719968,0.0005328509296062975,0.2123668589727472,0.011284722222222222,0.00390625,0.3524305555555556,0.00043402777777777775,False,1.8219026481148375
floor_sens_le_1_floor_share_le_0.1,1.0,0.0,0.1,1.0,inf,-inf,inf,inf,-inf,0.25524966894297985,-0.0001326642110288656,-0.000519742930826294,0.17073237183769185,0.17073237183769185,1.0,0.0,0.1295058187163547,0.0,0.0,-0.213720844973863,-0.0013540149559860826,-0.004685752116677394,0.0005675507547785673,0.21236683001787693,0.010850694444444444,0.0026041666666666665,0.3524305555555556,0.0,False,1.8218672780209597
floor_sens_le_0.75_floor_share_le_0.1,0.75,0.0,0.1,1.0,inf,-inf,inf,inf,-inf,0.25524966894297985,-0.0001327367744465846,-0.0005200272149079129,0.17073237183769185,0.17073237183769185,1.0,0.0,0.1295058187163547,0.0,0.0,-0.213720844973863,-0.0013548395132674251,-0.004566545929463872,0.0005184895569440405,0.21236600546059559,0.009114583333333334,0.0013020833333333333,0.3524305555555556,0.0,False,1.8218472043621259
floor_sens_le_2_floor_share_le_0.1,2.0,0.0,0.1,1.0,inf,-inf,inf,inf,-inf,0.25524966894297985,-0.00010879058016000087,-0.0004262124241356159,0.17073237183769185,0.17073237183769185,1.0,0.0,0.1295058187163547,-2.1973229341831768e-05,-0.00016966982302129465,-0.213720844973863,-0.0013539860011158034,-0.004507525189051525,0.0005522909582907483,0.2123668589727472,0.011284722222222222,0.005208333333333333,0.3524305555555556,0.0026041666666666665,False,1.8217918336215158
floor_sens_le_0.5_floor_share_le_0.1,0.5,0.0,0.1,1.0,inf,-inf,inf,inf,-inf,0.25524966894297985,4.2357292118211376e-08,1.659445526163388e-07,0.17073237183769185,0.17073237183769185,1.0,0.0,0.1295058187163547,0.0,0.0,-0.213720844973863,-0.0014369993563272399,-0.004684153078128328,0.0004235093390493326,0.21228384561753577,0.0078125,0.0008680555555555555,0.3524305555555556,0.0,False,1.820395561288151
floor_sens_le_3_floor_share_le_0.1,3.0,0.0,0.1,1.0,inf,-inf,inf,inf,-inf,0.25524966894297985,0.0001866828505535656,0.0007313735266597686,0.17073237183769185,0.17073237183769185,1.0,0.0,0.1295058187163547,-0.0005756453492311575,-0.00444493811117432,-0.213720844973863,-0.0013539860011158034,-0.004688812956473981,0.0005511902286453733,0.2123668589727472,0.011284722222222222,0.006944444444444444,0.3524305555555556,0.004340277777777778,False,1.8186741512841582
floor_sens_le_0.25_floor_share_le_0.1,0.25,0.0,0.1,1.0,inf,-inf,inf,inf,-inf,0.25524966894297985,0.0,0.0,0.17073237183769185,0.17073237183769185,1.0,0.0,0.1295058187163547,0.0,0.0,-0.213720844973863,-0.0015712403591279234,-0.004896879538609023,0.0002613286153793884,0.2121496046147351,0.00390625,0.0,0.3524305555555556,0.0,False,1.8171736112763819
veto_stable_floor_sens_le_1.25_floor_share_ge_0.2,inf,0.0,1.0,1.0,inf,1.25,0.2,inf,-inf,0.25524966894297985,0.2600378623528332,1.0187588623706423,0.17073237183769185,0.17073237183769185,1.0,0.02601695553904604,0.1295058187163547,0.1291358825461031,0.9971434783863894,-0.213720844973863,-0.099328593209979,-0.17441181897477703,-0.0326580944104607,0.11439225176388401,0.21397569444444445,0.2673611111111111,0.3524305555555556,0.2721354166666667,False,1.7470690390034485
floor_sens_le_inf_score_tail_le_8,inf,0.0,1.0,1.0,8.0,-inf,inf,inf,-inf,0.25524966894297985,0.16308401408874063,0.6389195910188308,0.17073237183769185,0.13897147340319516,0.8139726046523241,0.09637252465148771,0.1295058187163547,0.09357736397328764,0.7225726604473424,-0.213720844973863,-0.09378576185514653,-0.18372116283300316,-0.016250940434607748,0.11993508311871648,0.05642361111111111,0.062065972222222224,0.1957465277777778,0.10286458333333333,False,1.7432151980053097
score_tail_le_8,inf,0.0,1.0,1.0,8.0,-inf,inf,inf,-inf,0.25524966894297985,0.16308401408874063,0.6389195910188308,0.17073237183769185,0.13897147340319516,0.8139726046523241,0.09637252465148771,0.1295058187163547,0.09357736397328764,0.7225726604473424,-0.213720844973863,-0.09378576185514653,-0.18092476333460386,-0.01776774038886405,0.11993508311871648,0.05642361111111111,0.062065972222222224,0.1957465277777778,0.10286458333333333,False,1.7432151980053097
floor_sens_le_inf_score_tail_le_10,inf,0.0,1.0,1.0,10.0,-inf,inf,inf,-inf,0.25524966894297985,0.22012816915999778,0.8624033483435082,0.17073237183769185,0.14711107106491783,0.8616472053979909,0.09637252465148771,0.1295058187163547,0.10848186719481634,0.8376601782844577,-0.213720844973863,-0.16379108899490413,-0.2786332096272827,-0.068084625658736,0.04992975597895888,0.12065972222222222,0.1293402777777778,0.2378472222222222,0.16883680555555555,False,1.7251550024566695
score_tail_le_10,inf,0.0,1.0,1.0,10.0,-inf,inf,inf,-inf,0.25524966894297985,0.22012816915999778,0.8624033483435082,0.17073237183769185,0.14711107106491783,0.8616472053979909,0.09637252465148771,0.1295058187163547,0.10848186719481634,0.8376601782844577,-0.213720844973863,-0.16379108899490413,-0.2800678765179681,-0.06698864276838877,0.04992975597895888,0.12065972222222222,0.1293402777777778,0.2378472222222222,0.16883680555555555,False,1.7251550024566695
max_resid_weight_share_le_0.2,inf,0.0,1.0,0.2,inf,-inf,inf,inf,-inf,0.25524966894297985,0.25524966894297985,1.0,0.17073237183769185,0.12985256394968925,0.7605620571659056,0.09637274243258942,0.1295058187163547,0.1295058187163547,1.0,-0.213720844973863,-0.213720844973863,-0.33682572928990195,-0.10726866909113895,0.0,0.24739583333333334,0.2738715277777778,0.3255208333333333,0.2738715277777778,False,1.7242894814917997
resid_ess_ge_0.05,inf,0.05,1.0,1.0,inf,-inf,inf,inf,-inf,0.25524966894297985,0.25674012521449574,1.0058392094206745,0.17073237183769185,0.1271361844975205,0.7446518965857487,0.09637274243258942,0.1295058187163547,0.12637791618620664,0.9758473977374034,-0.213720844973863,-0.21162831605577548,-0.3347315579849099,-0.10372965559031593,0.002092528918087533,0.19921875,0.21354166666666666,0.2730034722222222,0.21354166666666666,False,1.6984360437420707
floor_share_le_0,inf,0.0,0.0,1.0,inf,-inf,inf,inf,-inf,0.25524966894297985,0.0,0.0,0.17073237183769185,0.12569203731357914,0.7361933531449403,0.0,0.1295058187163547,0.0,0.0,-0.213720844973863,0.0,0.0,0.0,0.213720844973863,0.0,0.0,0.2573784722222222,0.0,False,1.5910767330403923
floor_sens_le_5_resid_ess_ge_0.1,5.0,0.1,1.0,1.0,inf,-inf,inf,inf,-inf,0.25524966894297985,0.028100741384035177,0.11009119620175725,0.17073237183769185,0.0979915309637368,0.5739481617281886,0.09637274243258942,0.1295058187163547,0.007128362348265305,0.05504279590616647,-0.213720844973863,-0.0406683901882654,-0.09428473664556461,0.00012812792501525015,0.1730524547855976,0.015625,0.009548611111111112,0.21744791666666666,0.006510416666666667,False,1.5816515935390891
max_resid_weight_share_le_0.1,inf,0.0,1.0,0.1,inf,-inf,inf,inf,-inf,0.25524966894297985,0.25111881045253925,0.9838164002031933,0.17073237183769185,0.10680448937303344,0.6255667172161588,0.09637274243258942,0.1295058187163547,0.12064004681663598,0.9315415169171924,-0.213720844973863,-0.217667623042894,-0.3428794994686032,-0.11049630905565977,-0.003946778069030987,0.2421875,0.2664930555555556,0.2708333333333333,0.2664930555555556,False,1.4888649463863148
floor_sens_le_1_score_tail_le_6,1.0,0.0,1.0,1.0,6.0,-inf,inf,inf,-inf,0.25524966894297985,-4.2474551457338805e-05,-0.00016640394337524953,0.17073237183769185,0.10726527433279476,0.6282655900473718,0.05324965763900402,0.1295058187163547,0.0004800527395490972,0.0037068044069935953,-0.213720844973863,-0.02315564119535929,-0.05880035515901676,0.007019478500756635,0.19056520377850372,0.010850694444444444,0.0013020833333333333,0.11414930555555555,0.0008680555555555555,False,1.4634505581078594
floor_sens_le_3_resid_ess_ge_0.1,3.0,0.1,1.0,1.0,inf,-inf,inf,inf,-inf,0.25524966894297985,0.011115340599376022,0.04354693444033056,0.17073237183769185,0.0979915309637368,0.5739481617281886,0.09637274243258942,0.1295058187163547,2.2114211538415418e-05,0.00017075843971806585,-0.213720844973863,-0.0406683901882654,-0.09485144709116207,0.0012608483154132307,0.1730524547855976,0.015625,0.00390625,0.21744791666666666,0.0030381944444444445,False,1.460235294311214
floor_sens_le_2_resid_ess_ge_0.1,2.0,0.1,1.0,1.0,inf,-inf,inf,inf,-inf,0.25524966894297985,0.010470558806308539,0.0410208516613103,0.17073237183769185,0.0979915309637368,0.5739481617281886,0.0919243467200147,0.1295058187163547,0.002338908566150155,0.01806025852222797,-0.213720844973863,-0.0406683901882654,-0.09368625078928637,0.0010602533771728027,0.1730524547855976,0.015625,0.003472222222222222,0.21744791666666666,0.0008680555555555555,False,1.4311147544889564
max_resid_weight_share_le_0.05,inf,0.0,1.0,0.05,inf,-inf,inf,inf,-inf,0.25524966894297985,0.03172461769755208,0.12428857529542589,0.17073237183769185,0.03941042843314302,0.23083161095312885,0.09637274243258942,0.1295058187163547,0.0653792891814291,0.5048366925089571,-0.213720844973863,-0.0561641705501148,-0.09384555237688413,-0.025351243301570306,0.1575566744237482,0.18098958333333334,0.19661458333333334,0.2009548611111111,0.19661458333333334,False,1.330627589776103
floor_sens_le_1.5_resid_ess_ge_0.1,1.5,0.1,1.0,1.0,inf,-inf,inf,inf,-inf,0.25524966894297985,0.008347013825079741,0.03270136983779743,0.17073237183769185,0.0979915309637368,0.5739481617281886,0.07917072539217818,0.1295058187163547,0.002338908566150155,0.01806025852222797,-0.213720844973863,-0.0406683901882654,-0.09559992403301824,0.00012267839098359872,0.1730524547855976,0.015625,0.002170138888888889,0.21744791666666666,0.0008680555555555555,False,1.2952590593870783
floor_sens_le_0.5_score_tail_le_6,0.5,0.0,1.0,1.0,6.0,-inf,inf,inf,-inf,0.25524966894297985,0.0,0.0,0.17073237183769185,0.10726527433279476,0.6282655900473718,0.012669562555079006,0.1295058187163547,0.0,0.0,-0.213720844973863,-0.02313164849311211,-0.058016724421464314,0.007289114366219546,0.1905891964807509,0.010416666666666666,0.0,0.11414930555555555,0.0,False,1.0546850316589231
floor_share_le_0.3,inf,0.0,0.3,1.0,inf,-inf,inf,inf,-inf,0.25524966894297985,0.25524966894297985,1.0,0.17073237183769185,0.17073237183769185,1.0,1.9699441022869024e-07,0.1295058187163547,0.1295058187163547,1.0,-0.213720844973863,-0.213720844973863,-0.34205202589677236,-0.10663323964763664,0.0,0.24739583333333334,0.2738715277777778,0.3524305555555556,0.2738715277777778,False,1.0000019699441023
floor_sens_le_1_resid_ess_ge_0.1,1.0,0.1,1.0,1.0,inf,-inf,inf,inf,-inf,0.25524966894297985,-0.0003343963155728602,-0.0013100754134476895,0.17073237183769185,0.0979915309637368,0.5739481617281886,0.05324965763900402,0.1295058187163547,0.0,0.0,-0.213720844973863,-0.0406683901882654,-0.09392859213744278,0.0009675670619980532,0.1730524547855976,0.015625,0.0013020833333333333,0.21744791666666666,0.0,False,0.9839766780818635
floor_sens_le_5_score_tail_le_8,5.0,0.0,1.0,1.0,8.0,-inf,inf,inf,-inf,0.25524966894297985,0.08836256813192189,0.34618093139098716,0.17073237183769185,0.13897147340319516,0.8139726046523241,0.09637252465148771,0.1295058187163547,0.02848144570757638,0.21992406202192977,-0.213720844973863,-0.09378576185514653,-0.18071055916157766,-0.016458472582814604,0.11993508311871648,0.05642361111111111,0.048177083333333336,0.1957465277777778,0.06032986111111111,False,0.9478279399520535
max_resid_weight_share_le_0.02,inf,0.0,1.0,0.02,inf,-inf,inf,inf,-inf,0.25524966894297985,0.01393014990735364,0.054574605189656455,0.17073237183769185,-0.00023797064611708052,-0.0013938226450887082,0.04068148152438378,0.1295058187163547,0.034366253781466294,0.2653645536710262,-0.213720844973863,-0.029381760313425653,-0.04716515210060387,-0.014017694302287364,0.18433908466043736,0.1440972222222222,0.1558159722222222,0.1480034722222222,0.1558159722222222,False,0.875081283832668
floor_sens_le_5,5.0,0.0,1.0,1.0,inf,-inf,inf,inf,-inf,0.25524966894297985,0.11913605054992016,0.46674321280523945,0.17073237183769185,0.17073237183769185,1.0,0.09637274243258942,0.1295058187163547,0.046626823154320984,0.360036511227682,-0.213720844973863,-0.213720844973863,-0.3427957945305748,-0.10796696321312252,0.0,0.24739583333333334,0.1931423611111111,0.3524305555555556,0.17317708333333334,False,0.7905071483588155
floor_sens_le_5_floor_share_le_1,5.0,0.0,1.0,1.0,inf,-inf,inf,inf,-inf,0.25524966894297985,0.11913605054992016,0.46674321280523945,0.17073237183769185,0.17073237183769185,1.0,0.09637274243258942,0.1295058187163547,0.046626823154320984,0.360036511227682,-0.213720844973863,-0.213720844973863,-0.33739593706934295,-0.10720734329198138,0.0,0.24739583333333334,0.1931423611111111,0.3524305555555556,0.17317708333333334,False,0.7905071483588155
floor_sens_le_5_resid_ess_ge_0,5.0,0.0,1.0,1.0,inf,-inf,inf,inf,-inf,0.25524966894297985,0.11913605054992016,0.46674321280523945,0.17073237183769185,0.17073237183769185,1.0,0.09637274243258942,0.1295058187163547,0.046626823154320984,0.360036511227682,-0.213720844973863,-0.213720844973863,-0.3399728576874631,-0.10802906508469781,0.0,0.24739583333333334,0.1931423611111111,0.3524305555555556,0.17317708333333334,False,0.7905071483588155
floor_sens_le_5_score_tail_le_inf,5.0,0.0,1.0,1.0,inf,-inf,inf,inf,-inf,0.25524966894297985,0.11913605054992016,0.46674321280523945,0.17073237183769185,0.17073237183769185,1.0,0.09637274243258942,0.1295058187163547,0.046626823154320984,0.360036511227682,-0.213720844973863,-0.213720844973863,-0.3402702051003671,-0.1078570636611715,0.0,0.24739583333333334,0.1931423611111111,0.3524305555555556,0.17317708333333334,False,0.7905071483588155
floor_sens_le_5_resid_ess_ge_0.01,5.0,0.01,1.0,1.0,inf,-inf,inf,inf,-inf,0.25524966894297985,0.11913605054992016,0.46674321280523945,0.17073237183769185,0.17026323405285704,0.9972522036694904,0.09637274243258942,0.1295058187163547,0.046626823154320984,0.360036511227682,-0.213720844973863,-0.213720844973863,-0.3375414710795719,-0.1043072452498987,0.0,0.24739583333333334,0.1931423611111111,0.3229166666666667,0.17317708333333334,False,0.7877593520283062
floor_sens_le_0.75_resid_ess_ge_0.1,0.75,0.1,1.0,1.0,inf,-inf,inf,inf,-inf,0.25524966894297985,-0.0003343963155728602,-0.0013100754134476895,0.17073237183769185,0.0979915309637368,0.5739481617281886,0.033281033441935226,0.1295058187163547,0.0,0.0,-0.213720844973863,-0.0406683901882654,-0.0951326504040363,0.0011372094784695703,0.1730524547855976,0.015625,0.0013020833333333333,0.21744791666666666,0.0,False,0.7842904361111755
floor_share_le_0.2,inf,0.0,0.2,1.0,inf,-inf,inf,inf,-inf,0.25524966894297985,0.14468577741976774,0.5668402157735571,0.17073237183769185,0.17073237183769185,1.0,0.0,0.1295058187163547,0.09509776274756976,0.734312664019013,-0.213720844973863,-0.09897558754224711,-0.1790182578682872,-0.03137501277854901,0.1147452574316159,0.2170138888888889,0.2387152777777778,0.3524305555555556,0.2387152777777778,False,0.7806221586740918
floor_sens_le_5_score_tail_le_16,5.0,0.0,1.0,1.0,16.0,-inf,inf,inf,-inf,0.25524966894297985,0.11936917792234802,0.4676565435585888,0.17073237183769185,0.1675306915854845,0.9812473743687515,0.09637274243258942,0.1295058187163547,0.04623855439024338,0.35703843154349424,-0.213720844973863,-0.2112213923891484,-0.3339755831525626,-0.10381118540575109,0.002499452584714623,0.2191840277777778,0.1684027777777778,0.3107638888888889,0.1484375,False,0.7796675841355873
floor_sens_le_5_score_tail_le_12,5.0,0.0,1.0,1.0,12.0,-inf,inf,inf,-inf,0.25524966894297985,0.11958805428402264,0.46851404265968855,0.17073237183769185,0.14725758405288625,0.8625053495588868,0.09637274243258942,0.1295058187163547,0.04493963958290481,0.3470086520307801,-0.213720844973863,-0.20491700640353971,-0.3312783933929667,-0.10109093757507125,0.008803838570323297,0.17274305555555555,0.13151041666666666,0.2660590277777778,0.11848958333333333,False,0.6769708228565428
floor_sens_le_5_score_tail_le_10,5.0,0.0,1.0,1.0,10.0,-inf,inf,inf,-inf,0.25524966894297985,0.10464169842700954,0.4099582140903204,0.17073237183769185,0.14711107106491783,0.8616472053979909,0.09637252465148771,0.1295058187163547,0.030999579343283012,0.23936823573293406,-0.213720844973863,-0.16379108899490413,-0.28132409778843886,-0.0671398303337174,0.04992975597895888,0.12065972222222222,0.0959201388888889,0.2378472222222222,0.09852430555555555,False,0.674417925651958
floor_sens_le_0.5_resid_ess_ge_0.1,0.5,0.1,1.0,1.0,inf,-inf,inf,inf,-inf,0.25524966894297985,-0.00031577535395999057,-0.0012371234613845143,0.17073237183769185,0.0979915309637368,0.5739481617281886,0.012669562555079006,0.1295058187163547,0.0,0.0,-0.213720844973863,-0.0406683901882654,-0.09285916210523287,0.0012673088660890284,0.1730524547855976,0.015625,0.00043402777777777775,0.21744791666666666,0.0,False,0.5782486791946766
floor_sens_le_5_resid_ess_ge_0.05,5.0,0.05,1.0,1.0,inf,-inf,inf,inf,-inf,0.25524966894297985,0.1206280929575746,0.4725886362834879,0.17073237183769185,0.1271361844975205,0.7446518965857487,0.09637274243258942,0.1295058187163547,0.04619494070869534,0.3567016614896053,-0.213720844973863,-0.21162831605577548,-0.33773751298631943,-0.10550892318890187,0.002092528918087533,0.19921875,0.14756944444444445,0.2730034722222222,0.12977430555555555,False,0.5460397343570862
floor_sens_le_2_score_tail_le_8,2.0,0.0,1.0,1.0,8.0,-inf,inf,inf,-inf,0.25524966894297985,0.023124828837144173,0.09059690041090718,0.17073237183769185,0.13897147340319516,0.8139726046523241,0.091924128938913,0.1295058187163547,0.008699064432549974,0.06717122457333578,-0.213720844973863,-0.09378576185514653,-0.18318955149648455,-0.020697766970994576,0.11993508311871648,0.05642361111111111,0.025173611111111112,0.1957465277777778,0.013888888888888888,False,0.49500711439763223
floor_sens_le_0.25_resid_ess_ge_0.1,0.25,0.1,1.0,1.0,inf,-inf,inf,inf,-inf,0.25524966894297985,0.0,0.0,0.17073237183769185,0.0979915309637368,0.5739481617281886,0.003710949845418421,0.1295058187163547,0.0,0.0,-0.213720844973863,-0.04685996505342738,-0.09830775471524707,-0.006613227446485684,0.16686087992043563,0.013454861111111112,0.0,0.21744791666666666,0.0,False,0.34130187879556795
floor_sens_le_3,3.0,0.0,1.0,1.0,inf,-inf,inf,inf,-inf,0.25524966894297985,0.04717557035755182,0.1848212793102206,0.17073237183769185,0.17073237183769185,1.0,0.09637274243258942,0.1295058187163547,0.01937584897020006,0.14961373289826685,-0.213720844973863,-0.213720844973863,-0.33714139609183036,-0.10401434248146346,0.0,0.24739583333333334,0.1349826388888889,0.3524305555555556,0.10243055555555555,False,0.2981624365343818
floor_sens_le_3_floor_share_le_1,3.0,0.0,1.0,1.0,inf,-inf,inf,inf,-inf,0.25524966894297985,0.04717557035755182,0.1848212793102206,0.17073237183769185,0.17073237183769185,1.0,0.09637274243258942,0.1295058187163547,0.01937584897020006,0.14961373289826685,-0.213720844973863,-0.213720844973863,-0.34032903271152193,-0.10905262090167134,0.0,0.24739583333333334,0.1349826388888889,0.3524305555555556,0.10243055555555555,False,0.2981624365343818
floor_sens_le_3_resid_ess_ge_0,3.0,0.0,1.0,1.0,inf,-inf,inf,inf,-inf,0.25524966894297985,0.04717557035755182,0.1848212793102206,0.17073237183769185,0.17073237183769185,1.0,0.09637274243258942,0.1295058187163547,0.01937584897020006,0.14961373289826685,-0.213720844973863,-0.213720844973863,-0.3428270842386252,-0.1103643409160288,0.0,0.24739583333333334,0.1349826388888889,0.3524305555555556,0.10243055555555555,False,0.2981624365343818
floor_sens_le_3_resid_ess_ge_0.01,3.0,0.01,1.0,1.0,inf,-inf,inf,inf,-inf,0.25524966894297985,0.04717557035755182,0.1848212793102206,0.17073237183769185,0.17026323405285704,0.9972522036694904,0.09637274243258942,0.1295058187163547,0.01937584897020006,0.14961373289826685,-0.213720844973863,-0.213720844973863,-0.3373737402797914,-0.10781936239342021,0.0,0.24739583333333334,0.1349826388888889,0.3229166666666667,0.10243055555555555,False,0.295414640203872
floor_sens_le_5_floor_share_le_0.2,5.0,0.0,0.2,1.0,inf,-inf,inf,inf,-inf,0.25524966894297985,0.08296530602850849,0.3250359006226256,0.17073237183769185,0.17073237183769185,1.0,0.0,0.1295058187163547,0.04414250099972006,0.34085341830394145,-0.213720844973863,-0.09897558754224711,-0.17602815526407428,-0.033649274093335284,0.1147452574316159,0.2170138888888889,0.17057291666666666,0.3524305555555556,0.1558159722222222,False,0.14535859780808824
floor_sens_le_2_score_tail_le_10,2.0,0.0,1.0,1.0,10.0,-inf,inf,inf,-inf,0.25524966894297985,0.02247900395886937,0.08806673110275787,0.17073237183769185,0.14711107106491783,0.8616472053979909,0.091924128938913,0.1295058187163547,0.008712801865071618,0.0672773003671326,-0.213720844973863,-0.16379108899490413,-0.27732854423040304,-0.06320224502486461,0.04992975597895888,0.12065972222222222,0.048177083333333336,0.2378472222222222,0.0234375,False,0.13595155017284677
floor_sens_le_2,2.0,0.0,1.0,1.0,inf,-inf,inf,inf,-inf,0.25524966894297985,0.03256692261000671,0.12758850087786724,0.17073237183769185,0.17073237183769185,1.0,0.0919243467200147,0.1295058187163547,0.010326838921186798,0.07974034698629853,-0.213720844973863,-0.213720844973863,-0.3347679586516552,-0.1065790098288158,0.0,0.24739583333333334,0.0993923611111111,0.3524305555555556,0.04904513888888889,False,0.12657231506431277
floor_sens_le_2_floor_share_le_1,2.0,0.0,1.0,1.0,inf,-inf,inf,inf,-inf,0.25524966894297985,0.03256692261000671,0.12758850087786724,0.17073237183769185,0.17073237183769185,1.0,0.0919243467200147,0.1295058187163547,0.010326838921186798,0.07974034698629853,-0.213720844973863,-0.213720844973863,-0.339667374111684,-0.10842482751404098,0.0,0.24739583333333334,0.0993923611111111,0.3524305555555556,0.04904513888888889,False,0.12657231506431277
floor_sens_le_2_resid_ess_ge_0,2.0,0.0,1.0,1.0,inf,-inf,inf,inf,-inf,0.25524966894297985,0.03256692261000671,0.12758850087786724,0.17073237183769185,0.17073237183769185,1.0,0.0919243467200147,0.1295058187163547,0.010326838921186798,0.07974034698629853,-0.213720844973863,-0.213720844973863,-0.34005332343511213,-0.10668956236126068,0.0,0.24739583333333334,0.0993923611111111,0.3524305555555556,0.04904513888888889,False,0.12657231506431277
floor_sens_le_2_score_tail_le_inf,2.0,0.0,1.0,1.0,inf,-inf,inf,inf,-inf,0.25524966894297985,0.03256692261000671,0.12758850087786724,0.17073237183769185,0.17073237183769185,1.0,0.0919243467200147,0.1295058187163547,0.010326838921186798,0.07974034698629853,-0.213720844973863,-0.213720844973863,-0.3325744861636739,-0.11012432739961572,0.0,0.24739583333333334,0.0993923611111111,0.3524305555555556,0.04904513888888889,False,0.12657231506431277
floor_sens_le_2_resid_ess_ge_0.01,2.0,0.01,1.0,1.0,inf,-inf,inf,inf,-inf,0.25524966894297985,0.03256692261000671,0.12758850087786724,0.17073237183769185,0.17026323405285704,0.9972522036694904,0.0919243467200147,0.1295058187163547,0.010326838921186798,0.07974034698629853,-0.213720844973863,-0.213720844973863,-0.34411483278907146,-0.10901748083593182,0.0,0.24739583333333334,0.0993923611111111,0.3229166666666667,0.04904513888888889,False,0.12382451873380318
floor_sens_le_2_score_tail_le_16,2.0,0.0,1.0,1.0,16.0,-inf,inf,inf,-inf,0.25524966894297985,0.03280090979157235,0.12850520013367672,0.17073237183769185,0.1675306915854845,0.9812473743687515,0.0919243467200147,0.1295058187163547,0.010326831872308762,0.07974029255725353,-0.213720844973863,-0.2112213923891484,-0.3362727775529522,-0.10313621875364193,0.002499452584714623,0.2191840277777778,0.08506944444444445,0.3107638888888889,0.037760416666666664,False,0.11873414459868714
floor_sens_le_3_resid_ess_ge_0.05,3.0,0.05,1.0,1.0,inf,-inf,inf,inf,-inf,0.25524966894297985,0.04866806381331179,0.19066846987442612,0.17073237183769185,0.1271361844975205,0.7446518965857487,0.09637274243258942,0.1295058187163547,0.018944533303603017,0.14628325963558114,-0.213720844973863,-0.21162831605577548,-0.33904630822988485,-0.10604983469889974,0.002092528918087533,0.19921875,0.09765625,0.2730034722222222,0.0724826388888889,False,0.05370116609400033
floor_sens_le_2_score_tail_le_12,2.0,0.0,1.0,1.0,12.0,-inf,inf,inf,-inf,0.25524966894297985,0.03435302549533725,0.1345859747344525,0.17073237183769185,0.14725758405288625,0.8625053495588868,0.0919243467200147,0.1295058187163547,0.010415231371095013,0.08042288349920852,-0.213720844973863,-0.20491700640353971,-0.32511718648132043,-0.09873668489253508,0.008803838570323297,0.17274305555555555,0.06640625,0.2660590277777778,0.027777777777777776,False,0.03197302927398793
floor_sens_le_1_score_tail_le_8,1.0,0.0,1.0,1.0,8.0,-inf,inf,inf,-inf,0.25524966894297985,4.156831990453913e-05,0.00016285357029718642,0.17073237183769185,0.13897147340319516,0.8139726046523241,0.05324965763900402,0.1295058187163547,0.001084040984017709,0.008370596740459898,-0.213720844973863,-0.09168576125108063,-0.17925701809429517,-0.015532601742205526,0.12203508372278238,0.055989583333333336,0.009114583333333334,0.1957465277777778,0.001736111111111111,False,0.00942774122263823
floor_sens_le_1.5,1.5,0.0,1.0,1.0,inf,-inf,inf,inf,-inf,0.25524966894297985,0.01662753708649123,0.0651422474134752,0.17073237183769185,0.17073237183769185,1.0,0.07917072539217818,0.1295058187163547,0.006067086635447305,0.04684798486727084,-0.213720844973863,-0.21162084375134693,-0.3357851149391677,-0.10487727259361536,0.002100001222516079,0.2465277777777778,0.06597222222222222,0.3524305555555556,0.026041666666666668,False,-0.0879025089074077
floor_sens_le_1.5_floor_share_le_1,1.5,0.0,1.0,1.0,inf,-inf,inf,inf,-inf,0.25524966894297985,0.01662753708649123,0.0651422474134752,0.17073237183769185,0.17073237183769185,1.0,0.07917072539217818,0.1295058187163547,0.006067086635447305,0.04684798486727084,-0.213720844973863,-0.21162084375134693,-0.33126983797710524,-0.10271407582669424,0.002100001222516079,0.2465277777777778,0.06597222222222222,0.3524305555555556,0.026041666666666668,False,-0.0879025089074077
floor_sens_le_1.5_resid_ess_ge_0,1.5,0.0,1.0,1.0,inf,-inf,inf,inf,-inf,0.25524966894297985,0.01662753708649123,0.0651422474134752,0.17073237183769185,0.17073237183769185,1.0,0.07917072539217818,0.1295058187163547,0.006067086635447305,0.04684798486727084,-0.213720844973863,-0.21162084375134693,-0.337515631203066,-0.10176085684826894,0.002100001222516079,0.2465277777777778,0.06597222222222222,0.3524305555555556,0.026041666666666668,False,-0.0879025089074077
floor_sens_le_1.5_resid_ess_ge_0.01,1.5,0.01,1.0,1.0,inf,-inf,inf,inf,-inf,0.25524966894297985,0.01662753708649123,0.0651422474134752,0.17073237183769185,0.17026323405285704,0.9972522036694904,0.07917072539217818,0.1295058187163547,0.006067086635447305,0.04684798486727084,-0.213720844973863,-0.21162084375134693,-0.33464954141582465,-0.1018508917785445,0.002100001222516079,0.2465277777777778,0.06597222222222222,0.3229166666666667,0.026041666666666668,False,-0.09065030523791728
floor_sens_le_0.25_floor_share_le_0.2,0.25,0.0,0.2,1.0,inf,-inf,inf,inf,-inf,0.25524966894297985,-0.0002318262404619187,-0.0009082332659702931,0.17073237183769185,0.17073237183769185,1.0,0.0,0.1295058187163547,0.0,0.0,-0.213720844973863,-0.0816501534121683,-0.1567655505602427,-0.02136891180053487,0.1320706915616947,0.07378472222222222,0.0008680555555555555,0.3524305555555556,0.0,False,-0.10562853526255767
floor_sens_le_2_resid_ess_ge_0.05,2.0,0.05,1.0,1.0,inf,-inf,inf,inf,-inf,0.25524966894297985,0.03248195388777786,0.12725561612788613,0.17073237183769185,0.1271361844975205,0.7446518965857487,0.0919243467200147,0.1295058187163547,0.009896275533836096,0.07641568256875814,-0.213720844973863,-0.21162831605577548,-0.339629807455129,-0.10612821139636858,0.002092528918087533,0.19921875,0.07291666666666667,0.2730034722222222,0.028645833333333332,False,-0.12406322184510987
floor_sens_le_3_floor_share_le_0.2,3.0,0.0,0.2,1.0,inf,-inf,inf,inf,-inf,0.25524966894297985,0.025700266307974062,0.10068677626263733,0.17073237183769185,0.17073237183769185,1.0,0.0,0.1295058187163547,0.02355739077046415,0.18190218017971724,-0.213720844973863,-0.09897558754224711,-0.17609898073831062,-0.03201567065638317,0.1147452574316159,0.2170138888888889,0.12109375,0.3524305555555556,0.09244791666666667,False,-0.23794176467612416
floor_sens_le_2_floor_share_le_0.2,2.0,0.0,0.2,1.0,inf,-inf,inf,inf,-inf,0.25524966894297985,0.02303947865170075,0.09026252118997864,0.17073237183769185,0.17073237183769185,1.0,0.0,0.1295058187163547,0.012194317865604876,0.0941603858921044,-0.213720844973863,-0.09897558754224711,-0.17733373823029283,-0.033046226307364555,0.1147452574316159,0.2170138888888889,0.0881076388888889,0.3524305555555556,0.04513888888888889,False,-0.33610781403639534
floor_sens_le_1.5_resid_ess_ge_0.05,1.5,0.05,1.0,1.0,inf,-inf,inf,inf,-inf,0.25524966894297985,0.016626806284042783,0.06513938432475319,0.17073237183769185,0.1271361844975205,0.7446518965857487,0.07917072539217818,0.1295058187163547,0.0056358965821922125,0.043518481548199976,-0.213720844973863,-0.21162831605577548,-0.338091868303864,-0.1044761826740163,0.002092528918087533,0.19921875,0.048177083333333336,0.2730034722222222,0.016927083333333332,False,-0.3466128679471663
floor_sens_le_1.5_floor_share_le_0.2,1.5,0.0,0.2,1.0,inf,-inf,inf,inf,-inf,0.25524966894297985,0.014928698807565532,0.05848665296761051,0.17073237183769185,0.17073237183769185,1.0,0.0,0.1295058187163547,0.006266145410036117,0.04838504919813919,-0.213720844973863,-0.09687558631973081,-0.174956469033138,-0.030819587241293047,0.1168452586541322,0.21614583333333334,0.05772569444444445,0.3524305555555556,0.024305555555555556,False,-0.3632589896123377
floor_sens_le_0.5_floor_share_le_0.2,0.5,0.0,0.2,1.0,inf,-inf,inf,inf,-inf,0.25524966894297985,-0.0002394923788469061,-0.0009382671477642788,0.17073237183769185,0.17073237183769185,1.0,0.0,0.1295058187163547,5.31362119725598e-05,0.0004102998035087475,-0.213720844973863,-0.09334570548099919,-0.16906048189244743,-0.029145829391837633,0.12037513949286383,0.1753472222222222,0.006076388888888889,0.3524305555555556,0.0008680555555555555,False,-0.38594151899278395
floor_sens_le_1_score_tail_le_10,1.0,0.0,1.0,1.0,10.0,-inf,inf,inf,-inf,0.25524966894297985,-0.0017722702013212022,-0.0069432810967410465,0.17073237183769185,0.14711107106491783,0.8616472053979909,0.05324965763900402,0.1295058187163547,0.00210829029702031,0.01627950248040912,-0.213720844973863,-0.1616910883908378,-0.2756291845781412,-0.06435357039401235,0.05202975658302522,0.12022569444444445,0.01953125,0.2378472222222222,0.00390625,False,-0.3884009704961999
floor_sens_le_0.75_floor_share_le_0.2,0.75,0.0,0.2,1.0,inf,-inf,inf,inf,-inf,0.25524966894297985,0.0008504684102158544,0.0033319079853766248,0.17073237183769185,0.17073237183769185,1.0,0.0,0.1295058187163547,0.0012734986266151882,0.009833524387073458,-0.213720844973863,-0.09598940213002649,-0.17266268026266093,-0.028450062489183862,0.11773144284383652,0.20399305555555555,0.01953125,0.3524305555555556,0.0030381944444444445,False,-0.4356968388527336
floor_sens_le_0.5_score_tail_le_8,0.5,0.0,1.0,1.0,8.0,-inf,inf,inf,-inf,0.25524966894297985,-0.002139360141792279,-0.008381441396776856,0.17073237183769185,0.13897147340319516,0.8139726046523241,0.012669562555079006,0.1295058187163547,0.0,0.0,-0.213720844973863,-0.09286409635800652,-0.17782930752060966,-0.018072307837708204,0.12085674861585649,0.05381944444444445,0.0013020833333333333,0.1957465277777778,0.0,False,-0.44156814389036714
floor_sens_le_1_floor_share_le_0.2,1.0,0.0,0.2,1.0,inf,-inf,inf,inf,-inf,0.25524966894297985,0.0022388631394336667,0.008771267554254128,0.17073237183769185,0.17073237183769185,1.0,0.0,0.1295058187163547,0.0015904666987069938,0.01228104431500838,-0.213720844973863,-0.09687771093549902,-0.17864046321930172,-0.030693677984135914,0.116843134038364,0.21223958333333334,0.03298611111111111,0.3524305555555556,0.006510416666666667,False,-0.4491293706872619
floor_sens_le_1,1.0,0.0,1.0,1.0,inf,-inf,inf,inf,-inf,0.25524966894297985,-0.003954549374789895,-0.015492867791626013,0.17073237183769185,0.17073237183769185,1.0,0.05324965763900402,0.1295058187163547,0.0021549274744170344,0.01663961894358418,-0.213720844973863,-0.21162296836711514,-0.33483605097388897,-0.10512349179762165,0.0020978766067478727,0.2426215277777778,0.03732638888888889,0.3524305555555556,0.006944444444444444,False,-0.45796516603101023
floor_sens_le_1_floor_share_le_1,1.0,0.0,1.0,1.0,inf,-inf,inf,inf,-inf,0.25524966894297985,-0.003954549374789895,-0.015492867791626013,0.17073237183769185,0.17073237183769185,1.0,0.05324965763900402,0.1295058187163547,0.0021549274744170344,0.01663961894358418,-0.213720844973863,-0.21162296836711514,-0.33241225460359897,-0.10818054127344538,0.0020978766067478727,0.2426215277777778,0.03732638888888889,0.3524305555555556,0.006944444444444444,False,-0.45796516603101023
floor_sens_le_1_resid_ess_ge_0,1.0,0.0,1.0,1.0,inf,-inf,inf,inf,-inf,0.25524966894297985,-0.003954549374789895,-0.015492867791626013,0.17073237183769185,0.17073237183769185,1.0,0.05324965763900402,0.1295058187163547,0.0021549274744170344,0.01663961894358418,-0.213720844973863,-0.21162296836711514,-0.3342560104148133,-0.10426601526102518,0.0020978766067478727,0.2426215277777778,0.03732638888888889,0.3524305555555556,0.006944444444444444,False,-0.45796516603101023
floor_sens_le_1_score_tail_le_inf,1.0,0.0,1.0,1.0,inf,-inf,inf,inf,-inf,0.25524966894297985,-0.003954549374789895,-0.015492867791626013,0.17073237183769185,0.17073237183769185,1.0,0.05324965763900402,0.1295058187163547,0.0021549274744170344,0.01663961894358418,-0.213720844973863,-0.21162296836711514,-0.3410791938482354,-0.10324527966710957,0.0020978766067478727,0.2426215277777778,0.03732638888888889,0.3524305555555556,0.006944444444444444,False,-0.45796516603101023
floor_sens_le_1_resid_ess_ge_0.01,1.0,0.01,1.0,1.0,inf,-inf,inf,inf,-inf,0.25524966894297985,-0.003954549374789895,-0.015492867791626013,0.17073237183769185,0.17026323405285704,0.9972522036694904,0.05324965763900402,0.1295058187163547,0.0021549274744170344,0.01663961894358418,-0.213720844973863,-0.21162296836711514,-0.33671349072094997,-0.10561050727503303,0.0020978766067478727,0.2426215277777778,0.03732638888888889,0.3229166666666667,0.006944444444444444,False,-0.4607129623615198
floor_sens_le_1_score_tail_le_16,1.0,0.0,1.0,1.0,16.0,-inf,inf,inf,-inf,0.25524966894297985,-0.003939438989299049,-0.015433669338780138,0.17073237183769185,0.1675306915854845,0.9812473743687515,0.05324965763900402,0.1295058187163547,0.0021545996403036227,0.016637087519771252,-0.213720844973863,-0.20912254647214867,-0.33930579398103333,-0.10640118710609646,0.004598298501714337,0.21744791666666666,0.03125,0.3107638888888889,0.005642361111111111,False,-0.46665943705335966
floor_sens_le_1_score_tail_le_12,1.0,0.0,1.0,1.0,12.0,-inf,inf,inf,-inf,0.25524966894297985,-0.0019699855353165763,-0.007717876945637296,0.17073237183769185,0.14725758405288625,0.8625053495588868,0.05324965763900402,0.1295058187163547,0.0021014766951555908,0.016226890158181014,-0.213720844973863,-0.20281700579947337,-0.33000876164614373,-0.09966806358726259,0.01090383917438964,0.1723090277777778,0.024739583333333332,0.2660590277777778,0.004340277777777778,False,-0.5528737041409708
floor_sens_le_0.75,0.75,0.0,1.0,1.0,inf,-inf,inf,inf,-inf,0.25524966894297985,-0.00510578026241415,-0.020003082799510817,0.17073237183769185,0.17073237183769185,1.0,0.033281033441935226,0.1295058187163547,0.0012734986266151882,0.009833524387073458,-0.213720844973863,-0.2107346595616426,-0.33310725847380024,-0.1069014784198607,0.002986185412220399,0.234375,0.022569444444444444,0.3524305555555556,0.0030381944444444445,False,-0.6654144823442034
floor_sens_le_0.75_floor_share_le_1,0.75,0.0,1.0,1.0,inf,-inf,inf,inf,-inf,0.25524966894297985,-0.00510578026241415,-0.020003082799510817,0.17073237183769185,0.17073237183769185,1.0,0.033281033441935226,0.1295058187163547,0.0012734986266151882,0.009833524387073458,-0.213720844973863,-0.2107346595616426,-0.33597099951032805,-0.10376470595350121,0.002986185412220399,0.234375,0.022569444444444444,0.3524305555555556,0.0030381944444444445,False,-0.6654144823442034
floor_sens_le_0.75_resid_ess_ge_0,0.75,0.0,1.0,1.0,inf,-inf,inf,inf,-inf,0.25524966894297985,-0.00510578026241415,-0.020003082799510817,0.17073237183769185,0.17073237183769185,1.0,0.033281033441935226,0.1295058187163547,0.0012734986266151882,0.009833524387073458,-0.213720844973863,-0.2107346595616426,-0.3329524519589513,-0.09960938773267444,0.002986185412220399,0.234375,0.022569444444444444,0.3524305555555556,0.0030381944444444445,False,-0.6654144823442034
floor_sens_le_0.75_resid_ess_ge_0.01,0.75,0.01,1.0,1.0,inf,-inf,inf,inf,-inf,0.25524966894297985,-0.00510578026241415,-0.020003082799510817,0.17073237183769185,0.17026323405285704,0.9972522036694904,0.033281033441935226,0.1295058187163547,0.0012734986266151882,0.009833524387073458,-0.213720844973863,-0.2107346595616426,-0.3312234579322165,-0.10143810954510764,0.002986185412220399,0.234375,0.022569444444444444,0.3229166666666667,0.0030381944444444445,False,-0.668162278674713
floor_sens_le_1_resid_ess_ge_0.05,1.0,0.05,1.0,1.0,inf,-inf,inf,inf,-inf,0.25524966894297985,-0.003955092207377442,-0.015494994464658714,0.17073237183769185,0.1271361844975205,0.7446518965857487,0.05324965763900402,0.1295058187163547,0.0017240376359043408,0.01331243378091258,-0.213720844973863,-0.21162831605577548,-0.3350069113550028,-0.10413756350845187,0.002092528918087533,0.19921875,0.02734375,0.2730034722222222,0.004340277777777778,False,-0.7166639720356072
floor_sens_le_0.25,0.25,0.0,1.0,1.0,inf,-inf,inf,inf,-inf,0.25524966894297985,-0.0002318262404619187,-0.0009082332659702931,0.17073237183769185,0.17073237183769185,1.0,0.003710949845418421,0.1295058187163547,0.0,0.0,-0.213720844973863,-0.1774147766721177,-0.28734476727149966,-0.0814766327057331,0.03630606830174532,0.09505208333333333,0.0008680555555555555,0.3524305555555556,0.0,False,-0.8185744616048047
floor_sens_le_0.25_floor_share_le_1,0.25,0.0,1.0,1.0,inf,-inf,inf,inf,-inf,0.25524966894297985,-0.0002318262404619187,-0.0009082332659702931,0.17073237183769185,0.17073237183769185,1.0,0.003710949845418421,0.1295058187163547,0.0,0.0,-0.213720844973863,-0.1774147766721177,-0.28643869343178535,-0.08473795065980634,0.03630606830174532,0.09505208333333333,0.0008680555555555555,0.3524305555555556,0.0,False,-0.8185744616048047
floor_sens_le_0.25_resid_ess_ge_0,0.25,0.0,1.0,1.0,inf,-inf,inf,inf,-inf,0.25524966894297985,-0.0002318262404619187,-0.0009082332659702931,0.17073237183769185,0.17073237183769185,1.0,0.003710949845418421,0.1295058187163547,0.0,0.0,-0.213720844973863,-0.1774147766721177,-0.2897061419269399,-0.07917029705597443,0.03630606830174532,0.09505208333333333,0.0008680555555555555,0.3524305555555556,0.0,False,-0.8185744616048047
floor_sens_le_0.5_score_tail_le_10,0.5,0.0,1.0,1.0,10.0,-inf,inf,inf,-inf,0.25524966894297985,-0.0019959664478110817,-0.007819663218669875,0.17073237183769185,0.14711107106491783,0.8616472053979909,0.012669562555079006,0.1295058187163547,0.0,0.0,-0.213720844973863,-0.16354406238510344,-0.27865647735484805,-0.06785891389955419,0.05017678258875957,0.10980902777777778,0.0030381944444444445,0.2378472222222222,0.0,False,-0.8187697019148505
floor_sens_le_0.25_resid_ess_ge_0.01,0.25,0.01,1.0,1.0,inf,-inf,inf,inf,-inf,0.25524966894297985,-0.0002318262404619187,-0.0009082332659702931,0.17073237183769185,0.17026323405285704,0.9972522036694904,0.003710949845418421,0.1295058187163547,0.0,0.0,-0.213720844973863,-0.1774147766721177,-0.2866378278999202,-0.08185942268224478,0.03630606830174532,0.09505208333333333,0.0008680555555555555,0.3229166666666667,0.0,False,-0.8213222579353143
floor_sens_le_0.5,0.5,0.0,1.0,1.0,inf,-inf,inf,inf,-inf,0.25524966894297985,-0.0020630771666791947,-0.00808258508315662,0.17073237183769185,0.17073237183769185,1.0,0.012669562555079006,0.1295058187163547,5.31362119725598e-05,0.0004102998035087475,-0.213720844973863,-0.20895041836637374,-0.33572016526534487,-0.10098179446613471,0.004770426607489275,0.20442708333333334,0.006944444444444444,0.3524305555555556,0.0008680555555555555,False,-0.8618949532989006
floor_sens_le_0.5_floor_share_le_1,0.5,0.0,1.0,1.0,inf,-inf,inf,inf,-inf,0.25524966894297985,-0.0020630771666791947,-0.00808258508315662,0.17073237183769185,0.17073237183769185,1.0,0.012669562555079006,0.1295058187163547,5.31362119725598e-05,0.0004102998035087475,-0.213720844973863,-0.20895041836637374,-0.3324968750803584,-0.10211672981826368,0.004770426607489275,0.20442708333333334,0.006944444444444444,0.3524305555555556,0.0008680555555555555,False,-0.8618949532989006
floor_sens_le_0.5_resid_ess_ge_0,0.5,0.0,1.0,1.0,inf,-inf,inf,inf,-inf,0.25524966894297985,-0.0020630771666791947,-0.00808258508315662,0.17073237183769185,0.17073237183769185,1.0,0.012669562555079006,0.1295058187163547,5.31362119725598e-05,0.0004102998035087475,-0.213720844973863,-0.20895041836637374,-0.32925967379146387,-0.10250783384136757,0.004770426607489275,0.20442708333333334,0.006944444444444444,0.3524305555555556,0.0008680555555555555,False,-0.8618949532989006
floor_sens_le_0.5_score_tail_le_inf,0.5,0.0,1.0,1.0,inf,-inf,inf,inf,-inf,0.25524966894297985,-0.0020630771666791947,-0.00808258508315662,0.17073237183769185,0.17073237183769185,1.0,0.012669562555079006,0.1295058187163547,5.31362119725598e-05,0.0004102998035087475,-0.213720844973863,-0.20895041836637374,-0.3320119337716296,-0.10416051702861563,0.004770426607489275,0.20442708333333334,0.006944444444444444,0.3524305555555556,0.0008680555555555555,False,-0.8618949532989006
floor_sens_le_0.5_resid_ess_ge_0.01,0.5,0.01,1.0,1.0,inf,-inf,inf,inf,-inf,0.25524966894297985,-0.0020630771666791947,-0.00808258508315662,0.17073237183769185,0.17026323405285704,0.9972522036694904,0.012669562555079006,0.1295058187163547,5.31362119725598e-05,0.0004102998035087475,-0.213720844973863,-0.20895041836637374,-0.335552090055006,-0.10501494393766443,0.004770426607489275,0.20442708333333334,0.006944444444444444,0.3229166666666667,0.0008680555555555555,False,-0.8646427496294102
floor_sens_le_0.5_score_tail_le_16,0.5,0.0,1.0,1.0,16.0,-inf,inf,inf,-inf,0.25524966894297985,-0.0020632059381486823,-0.008083089575366232,0.17073237183769185,0.1675306915854845,0.9812473743687515,0.012669562555079006,0.1295058187163547,5.31362119725598e-05,0.0004102998035087475,-0.213720844973863,-0.20644733652534164,-0.33050825758075514,-0.10112284620004612,0.007273508448521371,0.18836805555555555,0.005208333333333333,0.3107638888888889,0.0008680555555555555,False,-0.8706357560582305
floor_sens_le_0.75_resid_ess_ge_0.05,0.75,0.05,1.0,1.0,inf,-inf,inf,inf,-inf,0.25524966894297985,-0.005105902274850527,-0.020003560811634718,0.17073237183769185,0.1271361844975205,0.7446518965857487,0.033281033441935226,0.1295058187163547,0.0008429233553914894,0.006508768206297132,-0.213720844973863,-0.21073980531399306,-0.33311747328742947,-0.1054002990519645,0.002981039659869955,0.1953125,0.017795138888888888,0.2730034722222222,0.002170138888888889,False,-0.9241084029607569
floor_sens_le_0.5_score_tail_le_12,0.5,0.0,1.0,1.0,12.0,-inf,inf,inf,-inf,0.25524966894297985,-0.001826404879943233,-0.007155366302752123,0.17073237183769185,0.14725758405288625,0.8625053495588868,0.012669562555079006,0.1295058187163547,0.0,0.0,-0.213720844973863,-0.2005403843933915,-0.31714047847246535,-0.0944016814218474,0.01318046058047151,0.1519097222222222,0.003472222222222222,0.2660590277777778,0.0,False,-0.9652325488711893
floor_sens_le_0.25_resid_ess_ge_0.05,0.25,0.05,1.0,1.0,inf,-inf,inf,inf,-inf,0.25524966894297985,-0.0002318262404619187,-0.0009082332659702931,0.17073237183769185,0.1271361844975205,0.7446518965857487,0.003710949845418421,0.1295058187163547,0.0,0.0,-0.213720844973863,-0.17741466121674732,-0.28907916745472373,-0.08323850867863189,0.036306183757115695,0.08637152777777778,0.0008680555555555555,0.2730034722222222,0.0,False,-1.0739221031975745
floor_sens_le_0.5_resid_ess_ge_0.05,0.5,0.05,1.0,1.0,inf,-inf,inf,inf,-inf,0.25524966894297985,-0.0020632026351734556,-0.008083076635191852,0.17073237183769185,0.1271361844975205,0.7446518965857487,0.012669562555079006,0.1295058187163547,5.3135728713904484e-05,0.0004102960719493465,-0.213720844973863,-0.2089536855318177,-0.33039069679541405,-0.10620195317896919,0.00476715944204531,0.17447916666666666,0.004340277777777778,0.2730034722222222,0.00043402777777777775,False,-1.1172566206585226
