dataset,design,setting,n,strength,bin_by,bin,rep_bins,mean_units,sd_units,mean_responders,sd_responders,mean_response_rate,sd_response_rate,mean_mean_true_pi,sd_mean_true_pi,mean_mean_pi_hat,sd_mean_pi_hat,mean_p_label_rmse,sd_p_label_rmse,mean_p_label_skill,sd_p_label_skill,mean_p_true_rmse,sd_p_true_rmse,mean_p_true_nrmse,sd_p_true_nrmse,mean_p_calibration_error,sd_p_calibration_error,mean_m_observed_rmse,sd_m_observed_rmse,mean_m_observed_skill,sd_m_observed_skill,mean_m_true_rmse,sd_m_true_rmse,mean_m_true_nrmse,sd_m_true_nrmse,mean_m_observed_label_fraction,sd_m_observed_label_fraction
ACIC 2016,acic2016_misaligned,off-response outcome shift; strength=0,3000,0.0,pi_hat,1,32,600.0,0.0,175.96875,13.192053420051785,0.29328125,0.02198675570008631,0.292238602092446,0.016519045214160873,0.06947531539942133,0.009017910752607727,0.48576650484393546,0.015790438799295786,-0.14136518620890584,0.028655975842147817,0.3799145435036832,0.012442079245564898,1.4080779801983958,0.06345585561399465,-0.22380593460057868,0.0157600284182131,1.1759739046007525,0.06215140509044924,0.28834568737862126,0.07503706095297732,0.683518894225859,0.03803405432501311,0.686004488942056,0.037283728937664046,0.29328125,0.02198675570008631
ACIC 2016,acic2016_misaligned,off-response outcome shift; strength=0,3000,0.0,pi_hat,2,32,600.0,0.0,429.34375,10.315671860693321,0.7155729166666667,0.017192786434488867,0.7193873287032216,0.010442367725770386,0.6368158200119312,0.024393129014399256,0.4660364986558692,0.008940965583203005,-0.06943389609809308,0.03127687156171229,0.22353591662439343,0.015874942243045406,0.8276691481692859,0.05234794330881289,-0.0787570966547355,0.027643493165021422,1.2083151526451203,0.04303020838602787,0.25950863239205285,0.05037962562480268,0.6708371771789052,0.041208072973942515,0.6735661693016817,0.04544075161124271,0.7155729166666667,0.017192786434488867
ACIC 2016,acic2016_misaligned,off-response outcome shift; strength=0,3000,0.0,pi_hat,3,32,600.0,0.0,461.8125,9.412217791254088,0.7696875,0.015687029652090144,0.770355862493925,0.005871590689976525,0.8950236976022522,0.009204409768067898,0.4405659227270559,0.013440578517283606,-0.09687671612031591,0.018900680435921777,0.1686463920457234,0.013705618447562863,0.6250434126552957,0.05441711267101751,0.12533619760225218,0.014796058306412788,1.1963060601801467,0.03738766959262411,0.2468300598210254,0.05183600405156951,0.6918598116216756,0.036340424077344606,0.6945812036212884,0.03946807796353989,0.7696875,0.015687029652090144
ACIC 2016,acic2016_misaligned,off-response outcome shift; strength=0,3000,0.0,pi_hat,4,32,600.0,0.0,472.4375,10.758535855310424,0.7873958333333333,0.017930893092184045,0.788117885705235,0.004885881842861172,0.9597756178211421,0.003633554994830712,0.4436553160080082,0.01759207436658103,-0.1786125005544819,0.021797538832383865,0.18998734287323138,0.008196402424054674,0.7039011199995701,0.032327984438481214,0.17237978448780872,0.0156874493810373,1.2479517616322127,0.04097461363313592,0.17718456561705348,0.07282689385996988,0.7761891465633419,0.034731609639709476,0.779177532812561,0.037453543650340045,0.7873958333333333,0.017930893092184045
ACIC 2016,acic2016_misaligned,off-response outcome shift; strength=0,3000,0.0,pi_hat,5,32,600.0,0.0,483.875,9.971051850231248,0.8064583333333334,0.01661841975038541,0.8116780160817192,0.005495372684859359,0.9866520463861524,0.0013656309169238943,0.43378475821933205,0.018368931510983188,-0.20835707963168892,0.023411486219191806,0.18787219115151943,0.006979591431778483,0.696087238412502,0.02849686503274545,0.18019371305281917,0.015767330095644155,1.2684002784064872,0.05382481046026584,0.19010552981340262,0.0742770141580524,0.8025891648858829,0.03509939455598231,0.8055129937826798,0.034678431707932236,0.8064583333333334,0.01661841975038541
ACIC 2016,acic2016_misaligned,off-response outcome shift; strength=0,3000,0.0,true_pi,1,32,600.0,0.0,123.625,13.644481485201261,0.20604166666666668,0.022740802475335435,0.20691587397156844,0.017912897904827148,0.2622064884895209,0.023785534957021556,0.3834591754821531,0.02176750543415883,0.09430140506178467,0.08473527494790843,0.2395919279382188,0.018326755082213337,0.8880212223486212,0.07378141618771478,0.05616482182285419,0.009236527650062066,1.260688142999014,0.10150420483383248,0.30028391137143284,0.1257991765450918,0.7284796309719934,0.04146484256137965,0.7312519929712507,0.042875189818782584,0.20604166666666668,0.022740802475335435
ACIC 2016,acic2016_misaligned,off-response outcome shift; strength=0,3000,0.0,true_pi,2,32,600.0,0.0,427.375,9.532018411648187,0.7122916666666668,0.01588669735274698,0.7177771035114213,0.0020818245389302137,0.7557985372312335,0.017755622040679524,0.5324210054441121,0.012554799560447303,-0.38600334582717766,0.05366191062373672,0.28176772883004214,0.008420185360885216,1.0439842421634409,0.03606610778137127,0.04350687056456688,0.015726065772997542,1.2212207106397546,0.035471281855133575,0.23162117028870097,0.05892859178047108,0.7225254614681849,0.040343498810190816,0.7252078765935309,0.04104405580312614,0.7122916666666668,0.01588669735274698
ACIC 2016,acic2016_misaligned,off-response outcome shift; strength=0,3000,0.0,true_pi,3,32,600.0,0.0,460.6875,11.547287289662451,0.7678125,0.019245478816104087,0.7681784836492398,0.002524709895973706,0.803424821535106,0.015548685014826886,0.49065494436011037,0.017790616412391807,-0.3556195915482868,0.07246905714261899,0.25240352579812897,0.009513967065281258,0.93518246687575,0.038568954613931186,0.035612321535105976,0.014935030073525183,1.222271486627917,0.049367945870102584,0.17348602787013007,0.07417647281740178,0.7287746527871327,0.04325776723984818,0.7314036911269397,0.042234708749943325,0.7678125,0.019245478816104087
ACIC 2016,acic2016_misaligned,off-response outcome shift; strength=0,3000,0.0,true_pi,4,32,600.0,0.0,489.25,10.32593821403169,0.8154166666666667,0.01720989702338616,0.8179151849875026,0.002387342428179909,0.8441924195376487,0.012355223124960362,0.45291951472181047,0.017602312202682272,-0.36851623120577837,0.05785301745434177,0.2298549753367788,0.011070394285598282,0.8516746285237317,0.044252955692553955,0.02877575287098201,0.012499984417441124,1.2155774494369123,0.050218443663854244,0.1293739987479437,0.08508837397218252,0.7116750422404559,0.033666565386604036,0.7143854339544238,0.03547713473044412,0.8154166666666667,0.01720989702338616
ACIC 2016,acic2016_misaligned,off-response outcome shift; strength=0,3000,0.0,true_pi,5,32,600.0,0.0,522.5,7.0622234459127675,0.8708333333333333,0.011770372409854615,0.8709910489568147,0.001387555186299664,0.8821202304273903,0.012830606648774112,0.39423949921219903,0.018426208762302925,-0.3859768253745158,0.061491060981393,0.2017019863683546,0.01431631822343302,0.7473152498456181,0.0541065517652019,0.011286897094056864,0.007675418188775041,1.2375777200559108,0.04796575744025946,0.19856139565184538,0.06019358073291834,0.7430778599734589,0.024027971477881813,0.7461454986031134,0.03272893559065039,0.8708333333333333,0.011770372409854615
ACIC 2016,acic2016_misaligned,off-response outcome shift; strength=3,3000,3.0,pi_hat,1,32,600.0,0.0,174.875,16.347304823731648,0.2914583333333333,0.027245508039552745,0.2877894020559953,0.020436059203044605,0.07010884112878614,0.012237051155964603,0.48347640709324585,0.020344919321781313,-0.13643220086364338,0.03855332321620726,0.37635627903833596,0.01465399743807676,1.3892342726437572,0.0659471633041224,-0.2213494922045472,0.02066327534122152,1.2524033968170276,0.06327104818580234,0.31602332726133103,0.0797830988956358,0.76311332153516,0.038782543902992204,0.6910633251242482,0.03158400431193794,0.2914583333333333,0.027245508039552745
ACIC 2016,acic2016_misaligned,off-response outcome shift; strength=3,3000,3.0,pi_hat,2,32,600.0,0.0,435.125,16.293691263799005,0.7252083333333335,0.02715615210633167,0.7211689012271749,0.014841718559890226,0.6441398012180192,0.03516809100650072,0.4630841028977848,0.011494159386492194,-0.08210737903742593,0.03981612378652215,0.22369039996219647,0.022762135215242518,0.824637475668867,0.07622177743920751,-0.08106853211531416,0.022601900917251012,1.2385224115516502,0.053170900018416525,0.31319623596130974,0.05950903703255893,0.734554272924911,0.03847885514143569,0.6654910183779776,0.037330272013735004,0.7252083333333335,0.02715615210633167
ACIC 2016,acic2016_misaligned,off-response outcome shift; strength=3,3000,3.0,pi_hat,3,32,600.0,0.0,463.125,10.481382303875764,0.771875,0.017468970506459614,0.7702692260292996,0.004973396554730842,0.8996564641532798,0.013407302816716399,0.4390606470274005,0.014978335489385864,-0.09729815832669289,0.021339970401562224,0.17221660953815035,0.01377666064523076,0.6357850616764008,0.05461150827463255,0.12778146415327987,0.01539335053034851,1.244293096023497,0.05006918972463869,0.27681909787182646,0.0663847039955735,0.7345158165005893,0.04128916427215842,0.6653456809380227,0.03762787110291415,0.771875,0.017468970506459614
ACIC 2016,acic2016_misaligned,off-response outcome shift; strength=3,3000,3.0,pi_hat,4,32,600.0,0.0,470.15625,11.113362944559132,0.78359375,0.01852227157426522,0.7884069083914811,0.0038601701407093235,0.9614038127101958,0.004935923330889109,0.4480252735654081,0.018198989061417436,-0.18672479354824184,0.02325252874626693,0.19178552942036164,0.008609404436454481,0.7077358742895907,0.0328801033385371,0.17781006271019578,0.016450816435448715,1.2779958149526653,0.04059933673527514,0.2343655055733674,0.04802404054582304,0.8042870507943559,0.03506560736828401,0.7286693695743733,0.03489395287507177,0.78359375,0.01852227157426522
ACIC 2016,acic2016_misaligned,off-response outcome shift; strength=3,3000,3.0,pi_hat,5,32,600.0,0.0,487.59375,9.591204874128172,0.8126562500000001,0.01598534145688029,0.8127728168610706,0.004630271556588805,0.9872716289665551,0.0018123187650413567,0.42701386547122167,0.01765876439400231,-0.20037325504188688,0.02124361759044133,0.18688951206936172,0.005200156671837742,0.6897504976649524,0.02362580492079913,0.174615378966555,0.01471683459653904,1.294167144592865,0.058713955052444866,0.2374276312532697,0.07727819229526084,0.8188037062884387,0.03355415809601472,0.7416742058257193,0.030335345084511058,0.8126562500000001,0.01598534145688029
ACIC 2016,acic2016_misaligned,off-response outcome shift; strength=3,3000,3.0,true_pi,1,32,600.0,0.0,120.75,13.667936932836644,0.20124999999999998,0.022779894888061075,0.203104290555787,0.019539129819298885,0.2586916981673014,0.027203555712513757,0.3802771058977573,0.023890600050607343,0.09187845659878376,0.10454102303062002,0.2416913656968651,0.017402319163851872,0.8921676792556741,0.06873622011507086,0.05744169816730145,0.01206351467634206,1.2906396411698147,0.09154477289198983,0.38569931329634777,0.08543675559233384,0.7969359347253743,0.03761500964717311,0.7218037942632636,0.032619515639134754,0.20124999999999998,0.022779894888061075
ACIC 2016,acic2016_misaligned,off-response outcome shift; strength=3,3000,3.0,true_pi,2,32,600.0,0.0,432.8125,10.780298871088872,0.7213541666666667,0.017967164785148124,0.7180456643147262,0.0017449180524098107,0.767196105487225,0.01963501228223604,0.5313448270909118,0.01933133288683125,-0.40803155634506083,0.07392157784906563,0.27612624163473876,0.009649624069485017,1.018822949000084,0.03354205603740625,0.045841938820558426,0.013204098060368503,1.2546133018705088,0.051877828660017083,0.30786615243846327,0.056896804693700356,0.7627398214352026,0.032558083600849504,0.690877703219061,0.029162116891574795,0.7213541666666667,0.017967164785148124
ACIC 2016,acic2016_misaligned,off-response outcome shift; strength=3,3000,3.0,true_pi,3,32,600.0,0.0,461.8125,12.148656047069569,0.7696875,0.020247760078449282,0.7689792232954941,0.0021348947185642763,0.806869070226979,0.02017499244912223,0.4930318253667707,0.017821461250610342,-0.37700638896727506,0.07228183873466833,0.2530711587568514,0.012257390779902183,0.9339764784255411,0.04843940446053359,0.037181570226978995,0.012402036410625414,1.26690340701848,0.04551207813488767,0.2519547634150912,0.04143081695561712,0.7603741482920421,0.04441711152238179,0.6887023835026764,0.03955868699835847,0.7696875,0.020247760078449282
ACIC 2016,acic2016_misaligned,off-response outcome shift; strength=3,3000,3.0,true_pi,4,32,600.0,0.0,493.0625,7.8935792736882044,0.8217708333333333,0.013155965456147011,0.8189751870270083,0.0017492061480896743,0.8484811987209833,0.014078817879201665,0.44438506941327827,0.01691113175573968,-0.35223955073213775,0.07530824458983452,0.2269935723470054,0.011204872507040222,0.8376802485690716,0.042820224145313564,0.026710365387649898,0.01302382033151851,1.2621948993668581,0.04813735541856984,0.1687473615978191,0.06052339017253545,0.7603983505423837,0.036812237637481024,0.688972757823104,0.037194095988732336,0.8217708333333333,0.013155965456147011
ACIC 2016,acic2016_misaligned,off-response outcome shift; strength=3,3000,3.0,true_pi,5,32,600.0,0.0,522.4375,9.31375830425076,0.8707291666666667,0.01552293050708461,0.8713028893720058,0.0010406575528636326,0.8813424755743472,0.014394687940860297,0.3948887949127219,0.021674705107347716,-0.3930857798011856,0.06869225598587807,0.20728194454888108,0.014287532141499791,0.7648120544374073,0.051932479151975464,0.010613308907680525,0.010117287413315747,1.2642032959812568,0.054571203839639336,0.20483383596640473,0.05701182673618369,0.7782702997986863,0.032039708311997095,0.7050075885789673,0.03017514700349011,0.8707291666666667,0.01552293050708461
ACIC 2016,acic2016_semisynth,low-response outcome shift; strength=0,3000,0.0,pi_hat,1,32,600.0,0.0,175.375,12.715025560336086,0.29229166666666667,0.02119170926722681,0.2901113659046727,0.016050166618982384,0.06990654989299458,0.010050424234950027,0.4862621631853351,0.01695150751199017,-0.14577296814794852,0.03730643068964752,0.3798956264654304,0.013148137823841912,1.4068510253567859,0.05981732027125696,-0.2223851167736721,0.018725024886902676,1.199307470756573,0.057284838522235676,0.24226267405484264,0.0846482482377533,0.7059562096673788,0.03758321521374188,0.7061784553343013,0.03634243455639673,0.29229166666666667,0.02119170926722681
ACIC 2016,acic2016_semisynth,low-response outcome shift; strength=0,3000,0.0,pi_hat,2,32,600.0,0.0,429.53125,14.564478138179204,0.7158854166666666,0.024274130230298674,0.7207514748446504,0.012672819828914592,0.6428501730474333,0.029504856523997914,0.46578878974479676,0.011450882032833294,-0.07118052728053978,0.03543075475513957,0.2232821479810907,0.015469202340347512,0.8264052385482565,0.054138336300338354,-0.07303524361923336,0.0229097815581255,1.2091703938397416,0.04353455378999896,0.269637611701249,0.04924415669301606,0.6915851483610964,0.045170276642004376,0.6916616339252392,0.04193424379202665,0.7158854166666666,0.024274130230298674
ACIC 2016,acic2016_semisynth,low-response outcome shift; strength=0,3000,0.0,pi_hat,3,32,600.0,0.0,463.0625,9.41387772121563,0.7717708333333333,0.015689796202026055,0.7719800363856488,0.0038443466307570774,0.9002018562487016,0.011694667160247753,0.43951053453238575,0.01289687394116296,-0.09875285841766374,0.017707890957642174,0.16766154729712895,0.01263801748481428,0.6209226663704964,0.04976036713347048,0.1284310229153683,0.014863133405783045,1.2143637140735193,0.046062571215752204,0.23260067541854146,0.06179870065221134,0.6923710743855291,0.036758117449862765,0.6927232000233405,0.03789564655385867,0.7717708333333333,0.015689796202026055
ACIC 2016,acic2016_semisynth,low-response outcome shift; strength=0,3000,0.0,pi_hat,4,32,600.0,0.0,473.21875,12.07200888160293,0.7886979166666668,0.02012001480267156,0.7888784512124211,0.004286820450254278,0.9618308970021705,0.004744082081422129,0.44296615450865445,0.02034864540911242,-0.18106373571812212,0.02564152546396559,0.19071727654773585,0.007176510653309175,0.7060959545294898,0.027561840286564582,0.1731329803355038,0.01805112770025563,1.2707525284544925,0.05184175301690522,0.17418061257691073,0.06737503515125098,0.7884825041835528,0.04410064604591935,0.7888585445889982,0.04495985279259521,0.7886979166666668,0.02012001480267156
ACIC 2016,acic2016_semisynth,low-response outcome shift; strength=0,3000,0.0,pi_hat,5,32,600.0,0.0,490.0625,10.57395828202476,0.8167708333333333,0.0176232638033746,0.8126378137367216,0.005731088467538927,0.9876686524009952,0.0017680095892765417,0.42238065052747176,0.02006723706205777,-0.19548432021621343,0.024391495501751938,0.18673495257986383,0.00655402547800465,0.6914790154863322,0.028642000239972813,0.17089781906766197,0.016800263285423573,1.271149950949427,0.038707389391028336,0.19584508718578014,0.07624753640537553,0.7957719045024374,0.028819664985846125,0.796075446305036,0.027978192943945938,0.8167708333333333,0.0176232638033746
ACIC 2016,acic2016_semisynth,low-response outcome shift; strength=0,3000,0.0,true_pi,1,32,600.0,0.0,124.8125,12.513586366425894,0.20802083333333332,0.020855977277376488,0.20710624294851765,0.017560240741381017,0.26229590787544776,0.022671551648829478,0.38061698134704214,0.022608490274683347,0.11262003982632955,0.11085351067555292,0.2358031240140986,0.01482234082501825,0.8732928768723304,0.05978727965515999,0.054275074542114415,0.009510357901825167,1.2658008687599307,0.09616980565200818,0.3072474731591148,0.10412172488186545,0.7542903841747026,0.041232048743447366,0.7544854841551021,0.03905517675978794,0.20802083333333332,0.020855977277376488
ACIC 2016,acic2016_semisynth,low-response outcome shift; strength=0,3000,0.0,true_pi,2,32,600.0,0.0,432.40625,10.463804802150124,0.7206770833333334,0.017439674670250208,0.7180473015604388,0.001840618721086046,0.767036632387341,0.017522962678482443,0.5246291730285882,0.014257422088985366,-0.37064179271089553,0.05834898838344953,0.27994427651300213,0.00944892933668045,1.0365950042997683,0.040743938775050004,0.0463595490540077,0.0145636453485088,1.2446644364914174,0.046523349515757574,0.22392949233305798,0.04979077599311233,0.7329866088070034,0.02480112504171914,0.7333046992921267,0.025206789795822693,0.7206770833333334,0.017439674670250208
ACIC 2016,acic2016_semisynth,low-response outcome shift; strength=0,3000,0.0,true_pi,3,32,600.0,0.0,460.09375,8.125420662187281,0.7668229166666667,0.01354236777031213,0.7689685979049503,0.002325532437555221,0.8041298566571762,0.013828323521733183,0.4923024054659268,0.015988205648448155,-0.3577126409502174,0.05701408182651652,0.25335009430599587,0.009469261577847717,0.9379826875981163,0.03636147169085121,0.03730693999050952,0.01274380713602188,1.2380430544578584,0.05056742265292165,0.1406961155637084,0.07948486611422159,0.7350120405210719,0.04216019808419989,0.7351197457571004,0.03869918520546274,0.7668229166666667,0.01354236777031213
ACIC 2016,acic2016_semisynth,low-response outcome shift; strength=0,3000,0.0,true_pi,4,32,600.0,0.0,490.40625,9.943148944750853,0.81734375,0.016571914907918095,0.8187364092984102,0.002463261631771943,0.8459098719084674,0.013713555814314653,0.4501143439660872,0.016670918704118035,-0.3622578497649781,0.052205213956478945,0.2305956926568169,0.009936560205419233,0.8537600079102503,0.0383302102212357,0.028566121908467416,0.011028379748130498,1.224987499405013,0.0522981760854385,0.14129279380045678,0.05733027296116896,0.7128200964812041,0.03847449209919813,0.7131716220638531,0.039368676821517484,0.81734375,0.016571914907918095
ACIC 2016,acic2016_semisynth,low-response outcome shift; strength=0,3000,0.0,true_pi,5,32,600.0,0.0,523.53125,8.035018571073747,0.8725520833333333,0.013391697618456253,0.8715005903717976,0.0011330247616622674,0.8830858597638629,0.012222441532814059,0.39493271578897526,0.01778049655990742,-0.4091304791646059,0.06678085834978444,0.20547432871253182,0.012071742845804607,0.7608345939378898,0.04709289261257235,0.010533776430529542,0.0079166028100607,1.24188037960772,0.04264233300770029,0.2059444892525617,0.05623830573242037,0.7467220378351108,0.028872762017576513,0.7471038469527795,0.030518540066195247,0.8725520833333333,0.013391697618456253
ACIC 2016,acic2016_semisynth,low-response outcome shift; strength=3,3000,3.0,pi_hat,1,32,600.0,0.0,173.0,16.787271964199544,0.28833333333333333,0.027978786606999238,0.2907223514632368,0.02153521147262649,0.07135781800148361,0.011891504935211402,0.4806139094930628,0.02091573674903903,-0.13060775501042649,0.038919782395144924,0.3774637192640323,0.015357786303788905,1.3989069428591874,0.0741552916552598,-0.21697551533184972,0.021116936316526735,1.2213456314575466,0.07113104403800276,0.27822679039682224,0.07203805762267738,1.0212689645278188,0.047780553794142554,0.9522905439845395,0.04252835174262665,0.28833333333333333,0.027978786606999238
ACIC 2016,acic2016_semisynth,low-response outcome shift; strength=3,3000,3.0,pi_hat,2,32,600.0,0.0,432.03125,14.4773192766306,0.7200520833333333,0.024128865461051013,0.7218452739880581,0.009667897539556805,0.6463406770202952,0.02913665195802282,0.46418868614824055,0.01182689089784299,-0.07380362385112799,0.0411799011948965,0.2225227801082061,0.014997292682943152,0.823781040239255,0.04873214570713003,-0.0737114063130381,0.031051744644325478,1.1955669616737243,0.05275700683819507,0.2536340892751161,0.06799410883612166,0.7204688617112305,0.04086426995603755,0.6719338336130081,0.03910398802595153,0.7200520833333333,0.024128865461051013
ACIC 2016,acic2016_semisynth,low-response outcome shift; strength=3,3000,3.0,pi_hat,3,32,600.0,0.0,464.46875,10.499953496920831,0.7741145833333334,0.01749992249486806,0.7704685877074221,0.00487367413121834,0.8998041273994992,0.01039058162658437,0.4369797426171158,0.015046655475152347,-0.09450265719739734,0.019207277582516058,0.17117891835543264,0.012147109525357368,0.6342689060790868,0.04832686311478757,0.1256895440661659,0.015489394222876362,1.2264758349424782,0.04946037691890957,0.22316821006437454,0.07198729905493441,0.6985777838099169,0.036038139007059725,0.6514432942836956,0.03314557902592791,0.7741145833333334,0.01749992249486806
ACIC 2016,acic2016_semisynth,low-response outcome shift; strength=3,3000,3.0,pi_hat,4,32,600.0,0.0,476.3125,9.455281262342226,0.7938541666666667,0.015758802103903718,0.7892102158621468,0.0037036746337719114,0.9618054649823655,0.004010723165604281,0.4377110011705321,0.01601616227763035,-0.17300043466571555,0.020743980964927595,0.18961531060169318,0.006173667876642735,0.7024739967488072,0.027035463267898442,0.1679512983156989,0.014656813910857673,1.2581973730481635,0.05003528765151123,0.18038193987952683,0.061678450995451606,0.7818211463978211,0.02930559869115103,0.729183987674311,0.029687108023436805,0.7938541666666667,0.015758802103903718
ACIC 2016,acic2016_semisynth,low-response outcome shift; strength=3,3000,3.0,pi_hat,5,32,600.0,0.0,485.5,10.422331792837916,0.8091666666666667,0.01737055298806318,0.8133340355524892,0.004181105862296855,0.987558183260262,0.0014648586583717546,0.4310236376087703,0.019324451857002187,-0.20622625857999,0.024394247706751315,0.18620988096216795,0.0050302508534599095,0.6898036031479561,0.021810463821283918,0.17839151659359534,0.0166827600124289,1.2661740140075242,0.05454331032898349,0.21489809057556666,0.06503889901109552,0.7954180649840422,0.04068356436525841,0.741859470769966,0.039374621139144264,0.8091666666666667,0.01737055298806318
ACIC 2016,acic2016_semisynth,low-response outcome shift; strength=3,3000,3.0,true_pi,1,32,600.0,0.0,124.4375,13.119492892257687,0.20739583333333333,0.021865821487096152,0.2078233009182115,0.019274507137939576,0.2636848707177112,0.028497559087225833,0.38152066050547934,0.02223083176797236,0.10687483662439888,0.09646446570113724,0.24028869173936496,0.017034661762580377,0.8905824652113233,0.07048034663229934,0.05628903738437789,0.013462340311187627,1.3097066949452802,0.10351609314131498,0.25180881181218095,0.11507164147509108,1.0828841636858337,0.05753697384049107,1.0096738262960523,0.050229522576976784,0.20739583333333333,0.021865821487096152
ACIC 2016,acic2016_semisynth,low-response outcome shift; strength=3,3000,3.0,true_pi,2,32,600.0,0.0,431.625,11.19640009110071,0.7193750000000001,0.018660666818501186,0.7182462293011873,0.0018169482466304783,0.7661346949362693,0.01877692131370708,0.5255745089066957,0.01982740804758835,-0.37189552077422533,0.07263181187342553,0.2777883207292709,0.009586198227083962,1.0289968217673977,0.03806930896374612,0.046759694936269317,0.01062069769985298,1.2202449918797136,0.05281325625922067,0.22394414309991562,0.0718647384644737,0.7181698830610427,0.027638147094508382,0.6698485361882407,0.028593574955765855,0.7193750000000001,0.018660666818501186
ACIC 2016,acic2016_semisynth,low-response outcome shift; strength=3,3000,3.0,true_pi,3,32,600.0,0.0,461.125,10.52600945277934,0.7685416666666667,0.01754334908796556,0.7690728923661738,0.002116245305381297,0.8060880789658161,0.01637747915460749,0.4900921057345125,0.014044635482622213,-0.35460229751687133,0.05671955363246465,0.2524914905640142,0.007335586197918088,0.9353630630447302,0.03197580901401491,0.03754641229914948,0.0116888547383272,1.2311072448989968,0.048277767565802016,0.1689876766111184,0.06195830491431717,0.7199528585466806,0.04374792107262115,0.6712113986060253,0.03758810458637455,0.7685416666666667,0.01754334908796556
ACIC 2016,acic2016_semisynth,low-response outcome shift; strength=3,3000,3.0,true_pi,4,32,600.0,0.0,489.90625,8.868340371089735,0.8165104166666668,0.014780567285149558,0.8187165212976464,0.0019269662704998062,0.8473519096551414,0.018068346308526627,0.4472925445448468,0.02031834004979138,-0.33860869874151045,0.05907008479124926,0.22641453042131265,0.014405181988071253,0.838873589570646,0.057137334644594355,0.030841492988474786,0.011714499307691213,1.2233285885324006,0.043421097446073434,0.13645846266241912,0.06460512611894326,0.7125449982204806,0.034115223476363754,0.6647114650059707,0.03621039658430232,0.8165104166666668,0.014780567285149558
ACIC 2016,acic2016_semisynth,low-response outcome shift; strength=3,3000,3.0,true_pi,5,32,600.0,0.0,524.21875,6.963002113851467,0.8736979166666666,0.011605003523085777,0.871721520690134,0.001096004211259777,0.8836067163889674,0.011660574009805984,0.3903165294840223,0.01806290210615351,-0.38531001306639345,0.0704793241968741,0.2045451440699083,0.013953325702300162,0.7578228467204792,0.05462275554644508,0.009908799722300804,0.008705288534551471,1.25117482147693,0.04228467949923063,0.19079261115445784,0.06845855313482027,0.7611640176463982,0.028196494119778405,0.710018811468071,0.03111017832747113,0.8736979166666666,0.011605003523085777
ACIC 2017,acic2017_misaligned,off-response outcome shift; strength=0,3000,0.0,pi_hat,1,32,600.0,0.0,175.46875,16.099270897699064,0.2924479166666667,0.026832118162831774,0.29013206103265926,0.01891586649524064,0.06358214767260212,0.011995045063659952,0.4865240231202772,0.018670426348811615,-0.14829955331089992,0.03192242173785508,0.3805327328294382,0.011357354956237024,1.4081180539695248,0.05960411002329191,-0.22886576899406455,0.01884407215221171,1.1934344700654465,0.08084611495378272,0.2857543604827718,0.07672886631844554,0.708584242743798,0.041109119500220025,0.7087266669433055,0.03928039511752841,0.2924479166666667,0.026832118162831774
ACIC 2017,acic2017_misaligned,off-response outcome shift; strength=0,3000,0.0,pi_hat,2,32,600.0,0.0,435.65625,12.608552095205063,0.72609375,0.021014253492008438,0.718494851716256,0.008602730945760875,0.6378822794052151,0.021632839924673783,0.4626509041072655,0.00953117235387864,-0.08003019151405376,0.034105869766835745,0.22584750973998594,0.011499886288679387,0.8350829629657907,0.03740865298645674,-0.08821147059478487,0.02757958825014128,1.1824913774870751,0.033673753780756224,0.26830179090007594,0.03712005798189776,0.6855866936610252,0.029036849117439454,0.6858529260434387,0.029862077120452784,0.72609375,0.021014253492008438
ACIC 2017,acic2017_misaligned,off-response outcome shift; strength=0,3000,0.0,pi_hat,3,32,600.0,0.0,463.03125,8.658393236478695,0.77171875,0.014430655394131152,0.7697547014227879,0.005446230319873457,0.9013435122556984,0.009037457731433923,0.4402272331181682,0.01222863489593928,-0.101759148486956,0.016595418826118372,0.1727074269703508,0.016374466397806983,0.6387977769950148,0.06045402979621153,0.1296247622556984,0.013507430469017402,1.2141387704182247,0.040496612793259334,0.23814920326155295,0.041075978082028536,0.6937622630890227,0.03915650895810863,0.6939877534401622,0.03887519642338502,0.77171875,0.014430655394131152
ACIC 2017,acic2017_misaligned,off-response outcome shift; strength=0,3000,0.0,pi_hat,4,32,600.0,0.0,472.21875,11.86311082463196,0.78703125,0.019771851374386598,0.7884856894322408,0.004433401528461892,0.962461139705653,0.0038885582175166877,0.4446975123807444,0.01975220990338224,-0.18329012349748797,0.02506028692214615,0.19135947982324875,0.007146683381839945,0.7079336834656687,0.030433220168212146,0.17542988970565299,0.017766239648430264,1.2754759032405962,0.05262803993714567,0.14473237845493592,0.057757881340737185,0.7873405204983497,0.037000724578370066,0.787700702733104,0.03857029550274149,0.78703125,0.019771851374386598
ACIC 2017,acic2017_misaligned,off-response outcome shift; strength=0,3000,0.0,pi_hat,5,32,600.0,0.0,488.09375,10.43539462298863,0.8134895833333333,0.01739232437164772,0.8158018284857819,0.006127539248024801,0.9878559674726178,0.0015831877611941904,0.426249030355477,0.019661464378151694,-0.20071212812111397,0.024148278951932226,0.18412495826158537,0.007227983361007039,0.68102165226301,0.026828136986849587,0.1743663841392845,0.01677545386324968,1.2882302463213873,0.043507154298589125,0.20301307148423217,0.07384984107413228,0.8140561628488312,0.04142208025645716,0.8144076338904418,0.042802106062118955,0.8134895833333333,0.01739232437164772
ACIC 2017,acic2017_misaligned,off-response outcome shift; strength=0,3000,0.0,true_pi,1,32,600.0,0.0,123.9375,13.939461745347272,0.20656249999999998,0.02323243624224545,0.206053209020998,0.019140488350665768,0.2528556922398245,0.02837809689037445,0.3807464969911184,0.022623679281249667,0.10718568309503537,0.0975841883066346,0.2385585051123557,0.018982089965178816,0.8829215393821048,0.07679942782329506,0.046293192239824546,0.014021342339819361,1.2279278206971915,0.07887459635386962,0.3486953106818808,0.09787638510614588,0.7448114538766466,0.04916769580828273,0.745043095910142,0.04879383676814375,0.20656249999999998,0.02323243624224545
ACIC 2017,acic2017_misaligned,off-response outcome shift; strength=0,3000,0.0,true_pi,2,32,600.0,0.0,430.53125,9.614391475153276,0.7175520833333333,0.016023985791922126,0.7175457807899427,0.001536261062304082,0.7617521815388925,0.016657760616873324,0.5359526169881002,0.01527903879683972,-0.41992853205743824,0.05613355885086469,0.2827241143582337,0.007832916788299048,1.0457939984168585,0.03196053953977651,0.04420009820555909,0.013763497775948619,1.2296229518064719,0.05572527259935054,0.21987494555004308,0.06310002866377909,0.7294886111302006,0.026407911059272718,0.7297839559204764,0.027627236632001874,0.7175520833333333,0.016023985791922126
ACIC 2017,acic2017_misaligned,off-response outcome shift; strength=0,3000,0.0,true_pi,3,32,600.0,0.0,462.75,9.756408150543928,0.77125,0.01626068025090655,0.7681073706028204,0.0016699546311513972,0.8041133669328944,0.015606027385982074,0.49283484142884215,0.01745686953044395,-0.380286514565204,0.06483068981355039,0.25292580055315617,0.010158343741116058,0.935642553068724,0.041228634591835955,0.03286336693289438,0.01144402888022253,1.2267875264923043,0.04750993366353657,0.18540744118263985,0.07023116715760563,0.743018384302929,0.04018770542049631,0.7432304060682038,0.03913935994434002,0.77125,0.01626068025090655
ACIC 2017,acic2017_misaligned,off-response outcome shift; strength=0,3000,0.0,true_pi,4,32,600.0,0.0,491.625,7.728801653555355,0.819375,0.012881336089258925,0.818848333139625,0.0016937984310419632,0.8456195736970888,0.012435561706940332,0.44487153942608837,0.0172692592019524,-0.3405049484039441,0.06723372873776963,0.23233745068359882,0.008677489710764926,0.8592917908304623,0.030724061244125304,0.02624457369708883,0.009838056178655833,1.245767013239191,0.05092607570213325,0.13485774515597093,0.06392790578971792,0.7281738927731778,0.03803061051169638,0.7284345764517554,0.03835860375864241,0.819375,0.012881336089258925
ACIC 2017,acic2017_misaligned,off-response outcome shift; strength=0,3000,0.0,true_pi,5,32,600.0,0.0,525.625,7.833222516946649,0.8760416666666666,0.013055370861577749,0.8721144385363397,0.0010738348169832478,0.8887842321030863,0.012623043590509215,0.3881799537694467,0.01787200951251673,-0.39402625979314776,0.061491459800230304,0.20308551472095615,0.012414315155772423,0.751319666076489,0.048439022053470435,0.012742565436419682,0.008152862920886897,1.2502253388920206,0.05206435810164745,0.17397213372078135,0.06565520636974172,0.7526623335507114,0.03581124231452911,0.7530223383285239,0.0378464958304294,0.8760416666666666,0.013055370861577749
ACIC 2017,acic2017_misaligned,off-response outcome shift; strength=3,3000,3.0,pi_hat,1,32,600.0,0.0,179.875,11.265960899985407,0.2997916666666667,0.018776601499975672,0.29666857287792503,0.01731463338538487,0.06728847583166196,0.010234575232118914,0.489925605041607,0.013662304007523494,-0.1456442239729678,0.030829330694714562,0.38293532956162124,0.011460054077862047,1.4256326842806506,0.05727708546533252,-0.2325031908350047,0.015755787606909943,1.2348969448736506,0.07206240517926642,0.3402311623633145,0.10005751126798469,0.763822749659487,0.04062456783059816,0.6864319418996024,0.03538254220775658,0.2997916666666667,0.018776601499975672
ACIC 2017,acic2017_misaligned,off-response outcome shift; strength=3,3000,3.0,pi_hat,2,32,600.0,0.0,436.75,14.747881203752625,0.7279166666666667,0.02457980200625438,0.7204518226745313,0.012067834854849708,0.6437461032702898,0.03492524463389999,0.46054424706472774,0.011546021271746492,-0.07601648838062773,0.04057276902416484,0.22257695863403434,0.018027294184405372,0.8279678452139172,0.06181351429881863,-0.08417056339637688,0.029155012098486262,1.218684387755229,0.048482530214372696,0.3283184186896507,0.04762580494623257,0.7313355468973839,0.03296587552800127,0.6572190393596034,0.027915928237645184,0.7279166666666667,0.02457980200625438
ACIC 2017,acic2017_misaligned,off-response outcome shift; strength=3,3000,3.0,pi_hat,3,32,600.0,0.0,458.34375,10.230497834294283,0.76390625,0.01705082972382381,0.7708837845527274,0.00443638640392403,0.9006672303161274,0.015280838744588634,0.44683591801551764,0.013292731445520603,-0.10941271512702976,0.019134176323528623,0.16942150702458814,0.01696559168968172,0.6305987446177854,0.06421330904416289,0.13676098031612732,0.015532020781216422,1.239645979709499,0.04108267147699453,0.29197390988283256,0.042987520633466024,0.7448354930223011,0.036661464766372054,0.6696009523846723,0.0360662621207559,0.76390625,0.01705082972382381
ACIC 2017,acic2017_misaligned,off-response outcome shift; strength=3,3000,3.0,pi_hat,4,32,600.0,0.0,472.40625,10.310369098024571,0.78734375,0.01718394849670762,0.7894423683751743,0.0033016991047538657,0.9612851607613265,0.005479929555271026,0.4441168588689414,0.016759187831342462,-0.18071304706275804,0.02028065063106096,0.18882813782644725,0.008542171206454166,0.7028441714975535,0.03420904578425503,0.17394141076132655,0.014440425609206615,1.296448806180091,0.055323376727459725,0.23361393339912295,0.04789486541194705,0.8114631366476766,0.03298386951947072,0.7292835848464532,0.02897723303901249,0.78734375,0.01718394849670762
ACIC 2017,acic2017_misaligned,off-response outcome shift; strength=3,3000,3.0,pi_hat,5,32,600.0,0.0,487.09375,12.510893690600204,0.8118229166666666,0.020851489484333664,0.8135994651228111,0.0048012530651918095,0.9870843774297585,0.0020760698878879826,0.427572703291516,0.02316188519514759,-0.2012563698059846,0.028606661058084792,0.1860035345724137,0.006604437914269761,0.6923170776449221,0.027080990979474785,0.17526146076309185,0.01974333097152188,1.3089704602596774,0.05388184894982148,0.25532921549293525,0.06657929347332091,0.8310247201895514,0.035624734204615725,0.7471360830936243,0.03719939833468524,0.8118229166666666,0.020851489484333664
ACIC 2017,acic2017_misaligned,off-response outcome shift; strength=3,3000,3.0,true_pi,1,32,600.0,0.0,129.96875,13.450103101370637,0.21661458333333333,0.022416838502284393,0.2136289980193321,0.01757529007274664,0.263007658533943,0.024415695222270783,0.3847625875695742,0.017385633057768333,0.12188678946550707,0.06467258672822072,0.2376013998630449,0.01700691259935166,0.8847052914259248,0.06972772155260222,0.04639307520060962,0.012869410168281113,1.2696168607360718,0.10203917436883847,0.4025791019137096,0.09537788644402735,0.7964334517387099,0.04311816486419588,0.715822180577179,0.03929045989422324,0.21661458333333333,0.022416838502284393
ACIC 2017,acic2017_misaligned,off-response outcome shift; strength=3,3000,3.0,true_pi,2,32,600.0,0.0,430.03125,10.578528888153588,0.71671875,0.017630881480255982,0.717929003709515,0.0020780700371151794,0.7627109192588615,0.02114708031577109,0.53059470383681,0.01818886066932483,-0.38976524699481174,0.0674295064860195,0.282254662807457,0.008750570833972873,1.050490486087266,0.03449571778841472,0.04599216925886139,0.015676262812199755,1.2683215767046772,0.06409865430232237,0.2935835314800058,0.06758613320669583,0.7728203351536252,0.033838374539583396,0.6947483630639407,0.03398690175528918,0.71671875,0.017630881480255982
ACIC 2017,acic2017_misaligned,off-response outcome shift; strength=3,3000,3.0,true_pi,3,32,600.0,0.0,460.59375,11.053447920784718,0.7676562499999999,0.018422413201307865,0.7686309887358593,0.0022752163148571786,0.8038608310616595,0.017868520614267348,0.49428407746815994,0.01710945195802003,-0.37483368096638336,0.0704897049540309,0.2526731671430181,0.010545336019672507,0.9404618883261977,0.041734702807726246,0.036204581061659455,0.013025581489197989,1.2470585245479688,0.05684846142056685,0.27964171305759433,0.06393634683722117,0.7726895570327075,0.03481445174671719,0.6945048341620721,0.032281351716948806,0.7676562499999999,0.018422413201307865
ACIC 2017,acic2017_misaligned,off-response outcome shift; strength=3,3000,3.0,true_pi,4,32,600.0,0.0,491.15625,10.311126802512904,0.81859375,0.017185211337521506,0.8187680102762281,0.0018517600532011581,0.8456451829469613,0.014699068921082078,0.4490112890287756,0.01638326429100179,-0.3634032921851118,0.06031350833239418,0.23001951677800145,0.008447156187024444,0.8561063938788342,0.033486737404684684,0.02705143294696124,0.013059219348996155,1.2634351687077283,0.0518917056385534,0.1946564159539994,0.051174133145527,0.764134035230091,0.034751137671484855,0.6867521929833552,0.030661612026402704,0.81859375,0.017185211337521506
ACIC 2017,acic2017_misaligned,off-response outcome shift; strength=3,3000,3.0,true_pi,5,32,600.0,0.0,522.71875,8.33004492409855,0.8711979166666667,0.013883408206830917,0.8720890128622347,0.0011782317596617574,0.8848467558077391,0.015611495745756368,0.39487276904189594,0.023303024440884047,-0.3964467388825231,0.09774667786898097,0.20564597320769884,0.016860357332115616,0.7652855911908248,0.06195143643955771,0.013648839141072434,0.009513183540062274,1.2777067288627184,0.05136060971979812,0.21970325653402561,0.06377531115296034,0.7807072816900507,0.03367894538042413,0.7017172420207933,0.031354116592273655,0.8711979166666667,0.013883408206830917
ACIC 2017,acic2017_semisynth,low-response outcome shift; strength=0,3000,0.0,pi_hat,1,32,600.0,0.0,171.90625,14.642317471544592,0.28651041666666666,0.024403862452574317,0.2881003824529289,0.02124437226922995,0.06063924245252953,0.008664143914871202,0.48332180014679804,0.018111021625612633,-0.14640043620394366,0.03400282995570834,0.38064164529778255,0.016203680246946395,1.403791230990985,0.08017402328494042,-0.22587117421413713,0.019853347177493645,1.2105623553614517,0.07207288758122732,0.2606333471967248,0.0892243984539327,0.711634787271347,0.06144649742734734,0.7097528018072862,0.057922409214550157,0.28651041666666666,0.024403862452574317
ACIC 2017,acic2017_semisynth,low-response outcome shift; strength=0,3000,0.0,pi_hat,2,32,600.0,0.0,431.125,10.77540602483266,0.7185416666666666,0.01795901004138776,0.7158512865866651,0.0089820532389729,0.6296827190679808,0.025566715839951036,0.4670183126106665,0.010891875836892382,-0.0811002695684299,0.03886541574640408,0.23129308580927785,0.014486108616872675,0.8524022082326959,0.0531617916984519,-0.08885894759868582,0.024719575029660015,1.2206630443349082,0.04969107275983624,0.24046778426734608,0.06544360196178953,0.6932626155137589,0.04616280965387771,0.6916897318753294,0.04660907373729885,0.7185416666666666,0.01795901004138776
ACIC 2017,acic2017_semisynth,low-response outcome shift; strength=0,3000,0.0,pi_hat,3,32,600.0,0.0,460.53125,7.933254277879917,0.7675520833333334,0.013222090463133187,0.7706838046499691,0.004525114609150362,0.898870926067854,0.011735526841802927,0.4431294224505138,0.011752368358981097,-0.1020060294083604,0.021238317239052236,0.16743505571266754,0.013351208593159549,0.6168210491037835,0.04608717156681632,0.13131884273452063,0.014919582529160492,1.213918806543963,0.048375816515903496,0.21444779285286283,0.07415441734894342,0.69050002466532,0.03938058374262312,0.6890947825117704,0.04282796088938087,0.7675520833333334,0.013222090463133187
ACIC 2017,acic2017_semisynth,low-response outcome shift; strength=0,3000,0.0,pi_hat,4,32,600.0,0.0,475.625,12.211034968420982,0.7927083333333333,0.020351724947368307,0.7876071410584224,0.0039614672694230505,0.9612016376977165,0.004983757827380604,0.4384148104976572,0.020220972700085885,-0.1735015677337906,0.024053283699330002,0.1928235569843556,0.007762266488565164,0.7106330555772182,0.028638924018828858,0.16849330436438323,0.017457525796862605,1.2647140501004444,0.05622379690006202,0.17841842076303885,0.07462848760044034,0.7823418144798555,0.03156436202961226,0.780683145224287,0.03542606982830417,0.7927083333333333,0.020351724947368307
ACIC 2017,acic2017_semisynth,low-response outcome shift; strength=0,3000,0.0,pi_hat,5,32,600.0,0.0,485.6875,11.8860146285456,0.8094791666666666,0.01981002438090933,0.8135195471098715,0.004956368666980806,0.9871752682918062,0.0019321329153159767,0.4303428872544485,0.021798795775692215,-0.20489187001025358,0.02666165052784452,0.1862061830424443,0.006038045337634996,0.6862925672565203,0.023886225822935953,0.1776961016251395,0.018487492209184275,1.2875402411306562,0.04192124162348435,0.21051917571859058,0.08537874434999382,0.813457654064944,0.031266134630284576,0.8119968682046586,0.0410185382011043,0.8094791666666666,0.01981002438090933
ACIC 2017,acic2017_semisynth,low-response outcome shift; strength=0,3000,0.0,true_pi,1,32,600.0,0.0,121.46875,13.397724561935881,0.20244791666666667,0.0223295409365598,0.200969834403572,0.020344217369952303,0.24890540584968307,0.025757692846903855,0.37795159681134494,0.015995101376345806,0.10740186242470283,0.08144028554247287,0.23509819898697365,0.01440255013195894,0.8667197089487529,0.057359271300506894,0.0464574891830164,0.010716765018504267,1.2863128907472612,0.09813928890859966,0.2819314842838805,0.10320109609252684,0.7596033132063431,0.05797858215547729,0.7576420792817129,0.054693043501975874,0.20244791666666667,0.0223295409365598
ACIC 2017,acic2017_semisynth,low-response outcome shift; strength=0,3000,0.0,true_pi,2,32,600.0,0.0,428.53125,9.63062944139686,0.71421875,0.016051049068994773,0.7171239479215095,0.002429055393740147,0.7613813811279639,0.017742376345778917,0.5304989150474217,0.011747165381746614,-0.38147741575662153,0.04789770220204624,0.282625378822684,0.00981618726048551,1.0416609099165912,0.038593300793565294,0.04716263112796393,0.012120602091400222,1.2442431642006286,0.05763091886284668,0.21119625880459864,0.07330666728941768,0.7310239462197123,0.03365061507247486,0.7295804218006077,0.039125616121756336,0.71421875,0.016051049068994773
ACIC 2017,acic2017_semisynth,low-response outcome shift; strength=0,3000,0.0,true_pi,3,32,600.0,0.0,460.9375,9.714478562949223,0.7682291666666666,0.016190797604915375,0.7678031494556796,0.0025315429103410446,0.803374490149096,0.015975705374054,0.4923883656951843,0.01793502693415553,-0.3651328318918087,0.06682192568740057,0.25444781367287383,0.01120865406978917,0.938120184645433,0.0497418777708916,0.03514532348242937,0.013253076682708862,1.2445710576497926,0.04990836183893173,0.1658692563890049,0.07974551062996561,0.7307537640258501,0.04521890383000257,0.7292593169613335,0.04833010051742773,0.7682291666666666,0.016190797604915375
ACIC 2017,acic2017_semisynth,low-response outcome shift; strength=0,3000,0.0,true_pi,4,32,600.0,0.0,491.6875,9.152996435594194,0.8194791666666666,0.015254994059323661,0.8181553889663723,0.002218256124691837,0.8416836709362421,0.015242249821318249,0.44903902919816874,0.02057576145888933,-0.3675230181590213,0.07909504590454079,0.23328594984460682,0.011347613227981872,0.86000063692712,0.04695949970309596,0.02220450426957541,0.008983267901066395,1.2296772435127554,0.04708153370494716,0.15809475561150346,0.07751084325812362,0.7300387049296101,0.031918440083724,0.728596239951909,0.03747274233144344,0.8194791666666666,0.015254994059323661
ACIC 2017,acic2017_semisynth,low-response outcome shift; strength=0,3000,0.0,true_pi,5,32,600.0,0.0,522.25,9.168560410446124,0.8704166666666666,0.015280934017410205,0.8717098411107238,0.0011589474367182304,0.882224845514902,0.014362963144999026,0.3960681623644996,0.023946139984792694,-0.39776971166461417,0.06893176451141733,0.20967864008916134,0.013508252557877092,0.7732111936387283,0.05663556197131697,0.011808178848235304,0.008732117580041854,1.2503553451708491,0.05409615537702589,0.1838312225367884,0.07146457308017527,0.7484231036654521,0.03139315196880916,0.7468069892705933,0.03429332598592735,0.8704166666666666,0.015280934017410205
ACIC 2017,acic2017_semisynth,low-response outcome shift; strength=3,3000,3.0,pi_hat,1,32,600.0,0.0,170.46875,15.441389945127996,0.28411458333333334,0.025735649908546664,0.28883868077347746,0.018760389327902555,0.061878562842970455,0.011466621564337923,0.47908800589711814,0.019101139518705797,-0.132656588468121,0.036665826972685445,0.37939363842280915,0.011877631050245455,1.4027198893597266,0.06091905494786567,-0.2222360204903629,0.019387849054017824,1.243532855584825,0.08517832749214942,0.24310711018857867,0.08743486708178462,0.9840251268890534,0.06102151750960679,0.9276097479232948,0.06170525781618548,0.28411458333333334,0.025735649908546664
ACIC 2017,acic2017_semisynth,low-response outcome shift; strength=3,3000,3.0,pi_hat,2,32,600.0,0.0,430.21875,12.200754011023253,0.71703125,0.020334590018372078,0.7189235235791493,0.01240210348979265,0.6341439859227588,0.03366158810135658,0.4684481085037583,0.011803652582715846,-0.08468605506940843,0.036287162948854194,0.22940618048840009,0.020096268101558575,0.8470000168803805,0.06466314196505688,-0.08288726407724123,0.03156477528199666,1.2154513065148398,0.05552911800240369,0.2506249115585995,0.06894756524569612,0.7335751063171747,0.04926958497500231,0.6914898370188592,0.04814989235317624,0.71703125,0.020334590018372078
ACIC 2017,acic2017_semisynth,low-response outcome shift; strength=3,3000,3.0,pi_hat,3,32,600.0,0.0,461.6875,10.866915098131576,0.7694791666666667,0.018111525163552626,0.7695108654647064,0.0050184128113091005,0.9010352271267523,0.010960647802848517,0.441692604282635,0.01571075495322262,-0.10242787518432467,0.02128779442361199,0.17225441303571776,0.013344126576514475,0.636673697305495,0.050234667547692055,0.13155606046008567,0.01644697349044951,1.2135393561712482,0.04228019866885889,0.2173130846826543,0.054276510279349044,0.7021853645530931,0.040480066659514626,0.6617092547247205,0.03732237042375361,0.7694791666666667,0.018111525163552626
ACIC 2017,acic2017_semisynth,low-response outcome shift; strength=3,3000,3.0,pi_hat,4,32,600.0,0.0,474.375,9.752403549894764,0.790625,0.016254005916491284,0.7888320599430498,0.003973760678987069,0.9611023698498806,0.004185198231626793,0.44076071959351526,0.016028238323804195,-0.1760404280736176,0.017448341945733116,0.18982575970940607,0.00753518581349816,0.70155434909113,0.028822086705593608,0.17047736984988054,0.013162978835550548,1.2678653827769233,0.054924275081863434,0.16341673784843955,0.05719302253328346,0.7842978758890727,0.034611911218630116,0.7390263392225634,0.030034617797073896,0.790625,0.016254005916491284
ACIC 2017,acic2017_semisynth,low-response outcome shift; strength=3,3000,3.0,pi_hat,5,32,600.0,0.0,488.78125,10.70553120762814,0.8146354166666666,0.01784255201271355,0.8147687554480475,0.005282665210925845,0.986916332061713,0.0017736603195776157,0.4244175853660018,0.019705361878203466,-0.19623941108340676,0.0241572511369772,0.18461855283238107,0.005967007757522108,0.6824474824421093,0.026843405045699743,0.17228091539504625,0.01660418879547253,1.2830604902479958,0.05208046965197454,0.1987507438365141,0.0889529005852631,0.792383246616946,0.021732541703393622,0.7468882650269804,0.024715389463359466,0.8146354166666666,0.01784255201271355
ACIC 2017,acic2017_semisynth,low-response outcome shift; strength=3,3000,3.0,true_pi,1,32,600.0,0.0,119.25,15.512092057488571,0.19875,0.025853486762480952,0.20476661145978617,0.021927412131155875,0.24861330546553345,0.02886759658869549,0.3794506246834616,0.023685211207085128,0.08426453133698167,0.1146191279644069,0.23864959653859028,0.015320773667095519,0.8823895513411274,0.06305532237942438,0.04986330546553347,0.011021324491976354,1.340054189267173,0.08103709685618173,0.2571374557764608,0.11015841851656369,1.0499793902807883,0.06520077244719553,0.9899183680696702,0.06760857431955425,0.19875,0.025853486762480952
ACIC 2017,acic2017_semisynth,low-response outcome shift; strength=3,3000,3.0,true_pi,2,32,600.0,0.0,430.59375,12.356322710964617,0.7176562499999999,0.020593871184941038,0.7174726866379979,0.0020944345700258825,0.7602460758925857,0.01742039425908098,0.5286765197054245,0.017167401283445804,-0.3841034745808424,0.07162190160207335,0.28104524195295233,0.008502565503131946,1.038629034198043,0.03149394308839763,0.0425898258925857,0.011982919591605102,1.2315180992832444,0.05630538574796072,0.21132432219227776,0.06549049268299009,0.719375477656205,0.033077553577794266,0.6780236778904098,0.03282301952977722,0.7176562499999999,0.020593871184941038
ACIC 2017,acic2017_semisynth,low-response outcome shift; strength=3,3000,3.0,true_pi,3,32,600.0,0.0,461.375,9.707439157676962,0.7689583333333334,0.016179065262794938,0.7680709953219433,0.0024872196028723394,0.8059676735755784,0.01677145812758504,0.4898256777133191,0.015647984794988162,-0.35422978443846015,0.06532247562079396,0.25425475883251614,0.010944177931559523,0.9396962673324046,0.042200181882361985,0.03700934024224504,0.01099677956993581,1.2359488946354609,0.05831917415774148,0.196928019408634,0.08608169738915271,0.7256648775024522,0.04659462639476491,0.6837959316017693,0.04218506453291117,0.7689583333333334,0.016179065262794938
ACIC 2017,acic2017_semisynth,low-response outcome shift; strength=3,3000,3.0,true_pi,4,32,600.0,0.0,493.0625,10.951419713900112,0.8217708333333333,0.018252366189833526,0.8184412799763676,0.0025765651062827446,0.8462883912928616,0.016059132452348128,0.44471020543075307,0.021200704768347057,-0.3562014004143622,0.06169226050720502,0.22870853187037865,0.012363868542562818,0.8451670453688163,0.04496277317904442,0.02451755795952825,0.01328775421984743,1.243076168326199,0.05254684028141222,0.11535806599774548,0.07227423481792651,0.7285690406412278,0.04727824614124786,0.6865621433968674,0.04333880341945041,0.8217708333333333,0.018252366189833526
ACIC 2017,acic2017_semisynth,low-response outcome shift; strength=3,3000,3.0,true_pi,5,32,600.0,0.0,521.25,6.928203230275509,0.86875,0.011547005383792518,0.8721223118123353,0.0012627274603976863,0.8839610315775159,0.012331108143022709,0.39603372777888257,0.01694297041646941,-0.38023590232668575,0.06801617860203285,0.2086239434368661,0.013220657874288203,0.7709882973296524,0.04872922184356361,0.01521103157751592,0.009496857918626495,1.248394774470102,0.04563246157770639,0.1687768822725104,0.06350119987460004,0.7509220066507984,0.031000089561681505,0.7076658314079134,0.028549255931273304,0.86875,0.011547005383792518
IHDP,ihdp_misaligned,off-response outcome shift; strength=0,3000,0.0,pi_hat,1,32,600.0,0.0,163.59375,17.01260447249333,0.27265625000000004,0.028354340787488882,0.268716013181412,0.02009695351488479,0.09482951724428859,0.01401222242704646,0.44606440683193416,0.01878381564839287,-0.008658332509788171,0.04471274858108708,0.3307894476996081,0.011775893561078384,1.220213153189008,0.053045687359618725,-0.17782673275571143,0.02012620478038313,1.153350192090367,0.08331830051122067,-0.14351184572075748,0.115171589995595,0.5636606422620043,0.038963563996615956,1.398701407107235,0.10414697880548908,0.27265625000000004,0.028354340787488882
IHDP,ihdp_misaligned,off-response outcome shift; strength=0,3000,0.0,pi_hat,2,32,600.0,0.0,447.78125,12.541766161011774,0.7463020833333334,0.020902943601686284,0.7466539348748884,0.010335095220618661,0.562418979872018,0.013503876714708846,0.475519514955697,0.008299934627415751,-0.19984357679404693,0.056104638565450476,0.2448498775379252,0.012246967590303469,0.9026307161005669,0.03840814106039034,-0.18388310346131526,0.020251527596495678,1.2579640705082642,0.05533740970127644,-0.4156786439753507,0.11330623596150086,0.7830733022877168,0.03917062771609552,1.944001338152769,0.12609351387392773,0.7463020833333334,0.020902943601686284
IHDP,ihdp_misaligned,off-response outcome shift; strength=0,3000,0.0,pi_hat,3,32,600.0,0.0,466.5,10.550473923004596,0.7775000000000001,0.017584123205007667,0.7749935782506703,0.006872057454117626,0.8196817147172988,0.012721096552711437,0.4250808974150353,0.014569398004940884,-0.04705250986519938,0.02100162949373794,0.13259274590214093,0.01874376674827718,0.4888546499329726,0.06846966844761335,0.04218171471729874,0.023497800617428864,1.1949419298140502,0.043428485797555996,-0.23650531218259385,0.08407434007517108,0.6599130660888335,0.03314338631935373,1.6379655122515668,0.10004953109002818,0.7775000000000001,0.017584123205007667
IHDP,ihdp_misaligned,off-response outcome shift; strength=0,3000,0.0,pi_hat,4,32,600.0,0.0,471.90625,11.841028711117122,0.7865104166666667,0.01973504785186186,0.7919680057529044,0.005314009920062957,0.9598269264617314,0.003948060962005979,0.44441426427032193,0.020270964215473596,-0.179623864082122,0.02759974814718084,0.18084177267102616,0.007220474396128097,0.6670102397256615,0.02953161853616852,0.17331650979506474,0.01890608696454816,1.2344599987184455,0.05430319484720896,-0.32727861993643553,0.08891855263219711,0.7169055068468625,0.03725570937095715,1.7796054113909356,0.11350288295751537,0.7865104166666667,0.01973504785186186
IHDP,ihdp_misaligned,off-response outcome shift; strength=0,3000,0.0,pi_hat,5,32,600.0,0.0,499.3125,8.683452294450635,0.8321875000000001,0.014472420490751065,0.828787106233244,0.004443417730193658,0.9871878956755002,0.0014119856862323565,0.4040250314627862,0.017226855638579487,-0.17145426569681765,0.019264193196765294,0.16856114112593118,0.00609575592546972,0.6216007813532843,0.022546346370981296,0.15500039567550022,0.013933672985219997,1.1944762683646795,0.04555842876636392,-0.2138295239212891,0.10742921231037529,0.6406663062701976,0.04197462403493521,1.5899880783961444,0.11740689196292178,0.8321875000000001,0.014472420490751065
IHDP,ihdp_misaligned,off-response outcome shift; strength=0,3000,0.0,true_pi,1,32,600.0,0.0,127.28125,14.224174789333123,0.21213541666666666,0.02370695798222187,0.21113418509830206,0.01884471709295405,0.24185566763371752,0.02519837179623077,0.3598361087869287,0.01990800304321099,0.2183105173967806,0.08263132953711518,0.19456279646922275,0.017318344388193966,0.717585338577803,0.06515195434337749,0.029720250967050863,0.010970333274085134,1.2165582215045447,0.08770606224066713,-0.31892995714651606,0.17253671585180524,0.6104650102951186,0.0418653349820834,1.5145779954713077,0.10916439834262254,0.21213541666666666,0.02370695798222187
IHDP,ihdp_misaligned,off-response outcome shift; strength=0,3000,0.0,true_pi,2,32,600.0,0.0,431.84375,8.008235507120155,0.7197395833333333,0.013347059178533589,0.7219296665549598,0.0019309039545557178,0.7183370202684212,0.016214858781312007,0.5168710241095411,0.013561961280178142,-0.3264813267982993,0.05770183284366204,0.25887973233949857,0.01326226732033915,0.9547623933186169,0.05086891199026284,-0.0014025630649121016,0.011256881542643603,1.2195632579952913,0.05078794882216765,-0.3312285782414115,0.08301851199369023,0.7034963905065993,0.0487728758960186,1.7464496292528806,0.1403569530451909,0.7197395833333333,0.013347059178533589
IHDP,ihdp_misaligned,off-response outcome shift; strength=0,3000,0.0,true_pi,3,32,600.0,0.0,469.84375,7.4166593515881525,0.7830729166666667,0.012361098919313591,0.7765259369414657,0.002040755852502147,0.7732068941169321,0.014743536861502012,0.4747604708669779,0.016023067350648037,-0.32960695832007547,0.06991925566968478,0.2382583412814761,0.012777302779829955,0.8787993523029084,0.0501794764300788,-0.009866022549734527,0.010315475447784503,1.2143280057944665,0.04536506338089264,-0.3241953341056283,0.08850576891253636,0.7025591830705891,0.04640001835292837,1.7438242845813536,0.13100102771569794,0.7830729166666667,0.012361098919313591
IHDP,ihdp_misaligned,off-response outcome shift; strength=0,3000,0.0,true_pi,4,32,600.0,0.0,494.3125,9.789782620160674,0.8238541666666667,0.016316304366934462,0.8269370433981234,0.001744141529208659,0.8205826528129303,0.018327462891011243,0.4433784893822538,0.020251209795812533,-0.35967661371589915,0.06828908253507882,0.2190393682275809,0.015864249575762074,0.8076807245583939,0.05732964752856847,-0.0032715138537362993,0.008504330479973543,1.2016432105520851,0.047550096875393605,-0.2883231717840331,0.10112061185305882,0.6798199090257975,0.03882944777503462,1.687980753812466,0.12053812438943041,0.8238541666666667,0.016316304366934462
IHDP,ihdp_misaligned,off-response outcome shift; strength=0,3000,0.0,true_pi,5,32,600.0,0.0,525.8125,7.07741787306642,0.8763541666666668,0.011795696455110695,0.8745918063002682,0.0010956063047576844,0.8699627991388359,0.013276989310792015,0.3843466393169474,0.01669872339552948,-0.36935876781214183,0.0793105294477985,0.1952591023890703,0.012818009586646221,0.7199841279110989,0.04624232325941076,-0.00639136752783088,0.006707391090854109,1.2234817344748974,0.043043448781737444,-0.25965231978133907,0.09020856822063238,0.6826902027704956,0.030540403900915336,1.6942839698878989,0.09369057990316525,0.8763541666666668,0.011795696455110695
IHDP,ihdp_misaligned,off-response outcome shift; strength=3,3000,3.0,pi_hat,1,32,600.0,0.0,161.4375,17.278848160395416,0.26906250000000004,0.02879808026732569,0.2692108676831993,0.026896543276988788,0.09509709222825449,0.01636199182516405,0.4430825084904279,0.01734365835990876,-0.004010224794048851,0.040212979350040465,0.3314848672895132,0.01649890917230397,1.2213365085474948,0.07816328976283768,-0.17396540777174552,0.018099102607351866,1.2086975396429671,0.06012611145691249,-0.08963835371845912,0.10686297545647501,0.5850992732976594,0.04384965883669724,1.0305015085976246,0.12331440700173298,0.26906250000000004,0.02879808026732569
IHDP,ihdp_misaligned,off-response outcome shift; strength=3,3000,3.0,pi_hat,2,32,600.0,0.0,448.21875,13.53406437244555,0.74703125,0.02255677395407592,0.7428756423145666,0.012716488075237682,0.5623087307314077,0.018144961346025966,0.47462245011787363,0.007859237701785675,-0.19929240319721625,0.07421450018438884,0.24551042295804165,0.01466434926735456,0.9033918125137534,0.04572954973306575,-0.18472251926859218,0.023557719557958875,1.2817824047661774,0.057963776571656155,-0.24699858736510374,0.09538643947211843,0.784391408896148,0.04278749698870063,1.379114962810911,0.12341555788234372,0.74703125,0.02255677395407592
IHDP,ihdp_misaligned,off-response outcome shift; strength=3,3000,3.0,pi_hat,3,32,600.0,0.0,466.25,11.600107758120181,0.7770833333333333,0.019333512930200306,0.7752088946604112,0.00829894963821185,0.8176258399089177,0.01594102533730824,0.4238485346265617,0.015152947740897574,-0.040205133700104076,0.017195980421166886,0.13210683206698576,0.01894711735674233,0.4867408028425488,0.07280803113850687,0.04054250657558441,0.022511957064073888,1.1930342195063646,0.05629998903661435,-0.06380371920814405,0.09181757975334029,0.6469056697321831,0.04456049682336595,1.137817517696635,0.11741878187656289,0.7770833333333333,0.019333512930200306
IHDP,ihdp_misaligned,off-response outcome shift; strength=3,3000,3.0,pi_hat,4,32,600.0,0.0,475.8125,10.122491973323564,0.7930208333333333,0.016870819955539282,0.7909188072497766,0.004658970596064369,0.9583481656387448,0.004902814130422925,0.4371697317630755,0.016780347253023815,-0.16694195169235757,0.02171036526196773,0.18149316431117074,0.00828721393218794,0.6684058129328783,0.03576595235570689,0.1653273323054115,0.015337773438485601,1.2227369716781398,0.050641389390432674,-0.16475782455225207,0.08590870505658285,0.7224800831701002,0.03812087819056765,1.2722932482062803,0.1354256025398573,0.7930208333333333,0.016870819955539282
IHDP,ihdp_misaligned,off-response outcome shift; strength=3,3000,3.0,pi_hat,5,32,600.0,0.0,494.78125,9.911276327370759,0.8246354166666666,0.01651879387895126,0.8287779239276141,0.004339695847914182,0.9867519706332435,0.0016390849667475417,0.41280934513992285,0.019072617874911563,-0.18154803689958834,0.022091619709730906,0.1675968188099818,0.004612437109755911,0.6171039857047126,0.020577126813889464,0.16211655396657684,0.015716544054835777,1.1914662094794637,0.05220021373107216,-0.0014271526087944637,0.09289729021314136,0.6395158947769142,0.03930816102204239,1.1250013531171958,0.11278027233765694,0.8246354166666666,0.01651879387895126
IHDP,ihdp_misaligned,off-response outcome shift; strength=3,3000,3.0,true_pi,1,32,600.0,0.0,124.90625,16.08446334005272,0.20817708333333335,0.026807438900087875,0.20841811745978556,0.025228407400688997,0.2419941060237875,0.02943736660298856,0.3558469871786258,0.022629391137841612,0.22334290222511433,0.0811633360931889,0.19796965724979293,0.018663786718014844,0.7296403347355871,0.07711032803594883,0.03381702269045414,0.007955378952765784,1.2072359890881401,0.10464341725394195,-0.2294840818126818,0.17362497329748522,0.6203785321354275,0.05568453393905731,1.091642377044833,0.13136599808531824,0.20817708333333335,0.026807438900087875
IHDP,ihdp_misaligned,off-response outcome shift; strength=3,3000,3.0,true_pi,2,32,600.0,0.0,434.0,9.148087231765993,0.7233333333333333,0.015246812052943317,0.7214083123882933,0.0023657227855399922,0.7186329904249094,0.014773796657694932,0.5157834514904523,0.01702490229949608,-0.3317493962667585,0.06332811381125951,0.25814046783553246,0.01168229389707756,0.9503090655186821,0.04247006462752573,-0.0047003429084240145,0.008281054155752502,1.2307954660246665,0.05392842876541752,-0.24816577727324438,0.09473287264648586,0.7056801610629654,0.03691271771980898,1.2421970611864235,0.12881389128192758,0.7233333333333333,0.015246812052943317
IHDP,ihdp_misaligned,off-response outcome shift; strength=3,3000,3.0,true_pi,3,32,600.0,0.0,466.59375,12.42944934168445,0.7776562499999999,0.020715748902807418,0.7757814217493298,0.002068936397666626,0.767690216195527,0.02171635838412049,0.4790207595410701,0.017298424507478243,-0.33278950637182425,0.05212695428595995,0.24080936696981817,0.014700157530588537,0.8867357496862436,0.05736709249479053,-0.009966033804472925,0.010713706366855934,1.2152761367249716,0.06222091263615476,-0.15860798093897158,0.1070668292225329,0.6914269672431499,0.04309108348989464,1.2161949989164877,0.12133605553434988,0.7776562499999999,0.020715748902807418
IHDP,ihdp_misaligned,off-response outcome shift; strength=3,3000,3.0,true_pi,4,32,600.0,0.0,496.0625,9.171755216423954,0.8267708333333333,0.015286258694039927,0.8266598930406613,0.002283206950779455,0.8219329460944088,0.018290909318759846,0.43811337408269935,0.020030966134336407,-0.34476310271015537,0.07344237265580335,0.218183375638136,0.016628681487062712,0.8037068384624324,0.06739699409302871,-0.004837887238924547,0.00901387702041174,1.217015590022108,0.046420034311754545,-0.09699320632165193,0.1070134051902183,0.683847313538624,0.036874730213556216,1.2035325597672237,0.1201303257251954,0.8267708333333333,0.015286258694039927
IHDP,ihdp_misaligned,off-response outcome shift; strength=3,3000,3.0,true_pi,5,32,600.0,0.0,524.9375,6.693922149980533,0.8748958333333333,0.011156536916634215,0.8747243911974978,0.0011049672531058452,0.8698815404019358,0.012351561586043443,0.3848421004540251,0.01824550835223229,-0.35726155941277515,0.06675933656575705,0.19230596983439474,0.013922491480623586,0.7080843880298817,0.05301290207343293,-0.005014292931397601,0.006265478882927549,1.2237394172489884,0.05364988226283107,-0.036924526111455774,0.09337875879568858,0.691542866701365,0.03619004173304092,1.2163891101306852,0.11488704661594272,0.8748958333333333,0.011156536916634215
IHDP,ihdp_semisynth,low-response outcome shift; strength=0,3000,0.0,pi_hat,1,32,600.0,0.0,152.4375,14.939330431783079,0.25406249999999997,0.0248988840529718,0.2554452929512958,0.02176584735003871,0.08889572688061927,0.014215895338685827,0.4320805378268798,0.01723027749934871,0.010537359348182462,0.033541246564448804,0.32284139207448753,0.014057875023857538,1.180255844705197,0.06382517556097804,-0.16516677311938072,0.019203411887865562,1.1665197201398492,0.07272343240917331,-0.19463102544885927,0.0894470219049829,0.5558203929357961,0.04818932374176094,1.3708732099022176,0.1298856438279331,0.25406249999999997,0.0248988840529718
IHDP,ihdp_semisynth,low-response outcome shift; strength=0,3000,0.0,pi_hat,2,32,600.0,0.0,447.4375,12.727768608440366,0.7457291666666668,0.02121294768073394,0.7457007177167114,0.010554120141250562,0.556395699827311,0.024264452761897464,0.47800093871568106,0.010620076326881743,-0.21064886148234116,0.06332476540720751,0.24829898535918932,0.02062800600550306,0.9065951194519488,0.06720753418647936,-0.1893334668393557,0.027046142859705417,1.2788768289386172,0.05262874607215024,-0.41421439937637977,0.1162730385522337,0.778037875496846,0.04504360534892543,1.919066076411193,0.13371923502854702,0.7457291666666668,0.02121294768073394
IHDP,ihdp_semisynth,low-response outcome shift; strength=0,3000,0.0,pi_hat,3,32,600.0,0.0,466.71875,8.24709939539351,0.7778645833333333,0.013745165658989183,0.7757407045911529,0.00650834960335261,0.8101796119691183,0.018532936610078533,0.4241642986027899,0.010371391888278103,-0.042863476880103155,0.01255281885896733,0.1280143216189033,0.01831857105431739,0.46827418848349156,0.07129583243455873,0.03231502863578499,0.01892038707419645,1.1892232936765132,0.039579600929951976,-0.22851421564366312,0.0752454251438261,0.6388882062910435,0.03086294669001452,1.576046561592574,0.09924731220615358,0.7778645833333333,0.013745165658989183
IHDP,ihdp_semisynth,low-response outcome shift; strength=0,3000,0.0,pi_hat,4,32,600.0,0.0,476.625,10.605865122657368,0.794375,0.017676441871095624,0.7905440934986595,0.003915923242611352,0.9572978197379658,0.005141767588562588,0.4353195572683868,0.017699177684409848,-0.1630623382662354,0.021087927976626352,0.18176753658902334,0.008968900395321847,0.6642684405684653,0.03482440175201805,0.16292281973796585,0.015420139388359915,1.239595220259369,0.03642273874016201,-0.32815340522325764,0.09289014467575832,0.7356548554465765,0.037447013468948395,1.8145310494177893,0.11365671577108438,0.794375,0.017676441871095624
IHDP,ihdp_semisynth,low-response outcome shift; strength=0,3000,0.0,pi_hat,5,32,600.0,0.0,496.1875,12.466047639488629,0.8269791666666667,0.02077674606581439,0.8284914292895442,0.0033172400122399143,0.9865745925654967,0.0016375580187369195,0.40964394089336803,0.02441456958308148,-0.17793758093711692,0.02729448736269269,0.16813507112392334,0.004769246086778756,0.6143791070923057,0.01819210112263449,0.15959542589883008,0.019747795525545463,1.1917593345728341,0.049724619564712115,-0.17478720761082922,0.09629829934391756,0.6435021206605283,0.03289156051340129,1.5869180828461125,0.09691301148989183,0.8269791666666667,0.02077674606581439
IHDP,ihdp_semisynth,low-response outcome shift; strength=0,3000,0.0,true_pi,1,32,600.0,0.0,118.65625,14.787260934246747,0.19776041666666666,0.02464543489041125,0.19923336126005364,0.020459200457862838,0.22840443097209004,0.023454970551049843,0.3459822436647081,0.02432267603070803,0.23807419599921992,0.08526106111458054,0.18923157628909693,0.020546254630247722,0.6921092764929042,0.08139088359946688,0.03064401430542337,0.008985713979500055,1.181610346331269,0.0831536632082208,-0.29005452547934024,0.16001476780020077,0.6007220618323514,0.04685386801528448,1.481666515244979,0.12803351364759477,0.19776041666666666,0.02464543489041125
IHDP,ihdp_semisynth,low-response outcome shift; strength=0,3000,0.0,true_pi,2,32,600.0,0.0,434.375,10.815931536395745,0.7239583333333334,0.01802655256065957,0.7202912938449508,0.002514440832359924,0.7164813379234692,0.021520872227819038,0.5157172779522148,0.01728845790044757,-0.3337968172575239,0.05297783031701982,0.25632312234584675,0.01437522949118875,0.9365072806258888,0.05118608251977391,-0.007476995409864079,0.010527643119202963,1.236501587299594,0.052940497086890435,-0.3683499933543449,0.10996079999847325,0.6974727972583404,0.03794080832148756,1.720384268251757,0.11454405601512231,0.7239583333333334,0.01802655256065957
IHDP,ihdp_semisynth,low-response outcome shift; strength=0,3000,0.0,true_pi,3,32,600.0,0.0,464.96875,11.007055620714379,0.7749479166666666,0.01834509270119063,0.7752592535187668,0.0024807688223046046,0.7641579047382887,0.01624252781695357,0.48282962445746935,0.016533170102887223,-0.34174515208308404,0.0692261317787498,0.24180033001265694,0.01240274679381514,0.883748628540606,0.04990323095302196,-0.010790011928377984,0.008687333388121984,1.209662915843479,0.05091897733233885,-0.2952531124506633,0.09139354797866381,0.6900327285529545,0.03865629740810731,1.7019619522971585,0.11422526932727352,0.7749479166666666,0.01834509270119063
IHDP,ihdp_semisynth,low-response outcome shift; strength=0,3000,0.0,true_pi,4,32,600.0,0.0,496.0,7.578753195612059,0.8266666666666667,0.012631255326020097,0.8264793551720286,0.0014904902941166637,0.8199254250171362,0.015138371833749694,0.43545336996027295,0.01964810514943842,-0.32647035046304923,0.07515243552603541,0.21575180076396566,0.014454686408996718,0.7882053321460618,0.05091057181735872,-0.006741241649530517,0.009715866130222753,1.2270886472694214,0.05669680333255113,-0.3005693158694942,0.10089173500913694,0.6890929536115687,0.04050765342852716,1.6998716023652651,0.12169062134068516,0.8266666666666667,0.012631255326020097
IHDP,ihdp_semisynth,low-response outcome shift; strength=0,3000,0.0,true_pi,5,32,600.0,0.0,525.40625,6.712206115540553,0.8756770833333334,0.011187010192567591,0.874658974251564,0.0007315649801449848,0.8703743523295271,0.011019402931254777,0.37890105172161404,0.017426730324896778,-0.322892250394444,0.059215364282250965,0.19238646815899227,0.010337570059129535,0.7029207350586297,0.036961271262173495,-0.005302731003806306,0.006603721690831377,1.2163425489444295,0.04265922573561238,-0.22375303088517426,0.12122369833373761,0.6923419025203958,0.03303604358947888,1.7073656355429767,0.10005890216859017,0.8756770833333334,0.011187010192567591
IHDP,ihdp_semisynth,low-response outcome shift; strength=3,3000,3.0,pi_hat,1,32,600.0,0.0,160.0,19.09515645392831,0.26666666666666666,0.03182526075654719,0.2652994023681859,0.02181319467244717,0.09240515730148027,0.014894216915448377,0.4419300630271414,0.021424142430153864,-0.005215768218938387,0.042304454765124226,0.33019552197095536,0.013761165790580083,1.2151234852656358,0.05920761162996103,-0.1742615093651864,0.022992137824175522,1.1966260845193484,0.06283923983225137,-0.14899737445950084,0.11170396858133337,0.9547751111432707,0.07021829529452872,1.776864697857149,0.1724470071383888,0.26666666666666666,0.03182526075654719
IHDP,ihdp_semisynth,low-response outcome shift; strength=3,3000,3.0,pi_hat,2,32,600.0,0.0,448.09375,12.877692376256702,0.7468229166666667,0.021462820627094502,0.745642374609026,0.011256692931279516,0.5593364527619753,0.021687522822786923,0.47675989868470336,0.010335927211878908,-0.20750817404010627,0.04981853395560461,0.24532942571126395,0.01824426734654479,0.9019705637439965,0.05957189196448366,-0.18748646390469123,0.019161684941455006,1.2620650621861196,0.05264727659541699,-0.41255510610640367,0.10547684751463135,0.7948592040457778,0.03650396097462336,1.4814171524051318,0.1431108426637398,0.7468229166666667,0.021462820627094502
IHDP,ihdp_semisynth,low-response outcome shift; strength=3,3000,3.0,pi_hat,3,32,600.0,0.0,463.96875,12.91192369236668,0.7732812499999999,0.021519872820611134,0.7754348832663094,0.006821531842418834,0.8164981086955716,0.017144855481031368,0.42792332627507,0.015865413656543238,-0.04820880931399996,0.016111004906317675,0.13361395237885076,0.019091830236693526,0.4917101661832294,0.07114220916991328,0.043216858695571625,0.022118255034888644,1.1831031519008188,0.044680381229676415,-0.23091499900989945,0.08336234962253569,0.6525910897351981,0.04360621634982216,1.2167442146961736,0.1346727036383084,0.7732812499999999,0.021519872820611134
IHDP,ihdp_semisynth,low-response outcome shift; strength=3,3000,3.0,pi_hat,4,32,600.0,0.0,477.03125,11.59332883332048,0.7950520833333333,0.019322214722200796,0.7923798550603217,0.004371662896870061,0.9591547307930887,0.00458888635705055,0.4351647487846648,0.02025422471877349,-0.16549491480948514,0.02848181504000632,0.18128848660886995,0.00649123417515997,0.6669581802312625,0.024732611162280326,0.16410264745975534,0.019210318503943634,1.2363153492287673,0.046514798106676365,-0.3280829435504675,0.09287589817762404,0.714494374645163,0.03061804663319112,1.331922264461951,0.12632039842703846,0.7950520833333333,0.019322214722200796
IHDP,ihdp_semisynth,low-response outcome shift; strength=3,3000,3.0,pi_hat,5,32,600.0,0.0,496.90625,11.046377729260394,0.8281770833333333,0.01841062954876732,0.8282519087913316,0.00465889001215206,0.9870178464800119,0.0017077027155824155,0.408583670465401,0.021300005182460547,-0.17713479691431058,0.024376870471344705,0.16828116795013037,0.004520798277059772,0.6191756257313574,0.020091153967642675,0.1588407631466786,0.017401715154274074,1.1785156572872173,0.039701784235580885,-0.18900359273196848,0.08415975357878894,0.6357451104058902,0.03569628439669327,1.1841623635761533,0.1107798033024257,0.8281770833333333,0.01841062954876732
IHDP,ihdp_semisynth,low-response outcome shift; strength=3,3000,3.0,true_pi,1,32,600.0,0.0,125.25,15.004166088123657,0.20875,0.025006943480206097,0.2079799583891868,0.020963653768397757,0.2386977532635573,0.025437036946615633,0.3541261230494097,0.019668354827931986,0.2343439510386625,0.0679031743302929,0.19541710743968682,0.01807386487004304,0.719316385556424,0.07037744139746852,0.029947753263557312,0.009174482043756664,1.2634080645147279,0.10117307461717981,-0.25694659111093543,0.156254776639459,0.9857856849196878,0.07120691321151597,1.8342866542514618,0.1731258054430509,0.20875,0.025006943480206097
IHDP,ihdp_semisynth,low-response outcome shift; strength=3,3000,3.0,true_pi,2,32,600.0,0.0,432.1875,10.360494377682949,0.7203124999999999,0.017267490629471575,0.7213481177390528,0.001939761941586062,0.7138321784194704,0.020340003789858584,0.5183198453357922,0.014770693809134115,-0.3366108016833058,0.05725032652921204,0.25871453629836094,0.011858473520581846,0.9518439809358981,0.04526031986986114,-0.006480321580529563,0.009740379630500801,1.2143789719972033,0.0520029517882173,-0.3397680472402791,0.1173242016331358,0.7019637502392045,0.040951805633648454,1.308773206393008,0.136886158336325,0.7203124999999999,0.017267490629471575
IHDP,ihdp_semisynth,low-response outcome shift; strength=3,3000,3.0,true_pi,3,32,600.0,0.0,464.5625,10.954272853548975,0.7742708333333332,0.018257121422581627,0.7761315767426273,0.0016818056782909466,0.7659915321197573,0.01888041716153166,0.48283380953294064,0.018550116779733013,-0.33839129425531,0.06872657276985088,0.24269431319886853,0.016749047277958038,0.8926912674113396,0.059795338238251144,-0.008279301213575915,0.010446111712936513,1.2133792282717537,0.06986128102602715,-0.32396296060278174,0.12002834003772539,0.6932154275483892,0.04166724670134697,1.2925217253560537,0.13770719059185593,0.7742708333333332,0.018257121422581627
IHDP,ihdp_semisynth,low-response outcome shift; strength=3,3000,3.0,true_pi,4,32,600.0,0.0,498.71875,7.207783878384534,0.8311979166666666,0.012012973130640895,0.8267847827301162,0.001886330407932926,0.823945093176347,0.017304178900105847,0.4336857481848687,0.01922491626395501,-0.34357761693685346,0.07597820967545056,0.2168725498219808,0.016111341140645653,0.7977788044382512,0.05830950545105012,-0.0072528234903196185,0.011179107268167232,1.210551257295538,0.054086477067492554,-0.3024031917293336,0.1246926432042611,0.6868650621300707,0.039148008744145944,1.2801046641990668,0.12949786643242717,0.8311979166666666,0.012012973130640895
IHDP,ihdp_semisynth,low-response outcome shift; strength=3,3000,3.0,true_pi,5,32,600.0,0.0,525.28125,7.500976498929989,0.87546875,0.012501627498216648,0.8747639884941913,0.0010521118712738277,0.8719457390529958,0.012164172973569625,0.383131486988721,0.01816432075662736,-0.3524543689606488,0.07460681045893082,0.19239806870899478,0.011043516385112665,0.7077367214653524,0.03946500505747465,-0.003523010947004271,0.0073474616813834,1.2007953065111368,0.05526298138692416,-0.23550471165020392,0.11584371098104818,0.6824069788697598,0.04205879880797113,1.2715964899403884,0.13029622004064412,0.87546875,0.012501627498216648
Kang-Schafer,kang_schafer_cc,"outcome correct, response correct; n=1000",1000,0.0,pi_hat,1,32,200.0,0.0,54.40625,8.169529419587153,0.27203125,0.040847647097935764,0.2657035590616784,0.016049393783883557,0.03000829741649682,0.005602902480652617,0.5032131195484588,0.03634171669094576,-0.2903023544525446,0.06673608110820985,0.2755344000648121,0.013880589264221171,1.199594740486833,0.06345584575617251,-0.24202295258350318,0.037768453700780066,12.492209035134133,1.7300938599623408,0.8477020710497027,0.033232596892162826,14.781540641852136,1.5346260910191858,0.4081877210082364,0.04319311550277733,0.27203125,0.040847647097935764
Kang-Schafer,kang_schafer_cc,"outcome correct, response correct; n=1000",1000,0.0,pi_hat,2,32,200.0,0.0,81.875,7.069962871189636,0.40937500000000004,0.03534981435594818,0.4064743881207934,0.015294093219006145,0.18685601474659053,0.02029057821261662,0.5394345726731257,0.019710809059009446,-0.21007271196532007,0.05973503682589379,0.2820710434316153,0.016512627628863415,1.2279577715629038,0.07302610241374904,-0.22251898525340946,0.034202747215941534,10.259756068831411,1.2196050554657893,0.8965071365177515,0.02441829273654832,10.93176443408026,0.8924183058062095,0.30185024668611227,0.025292225029408928,0.40937500000000004,0.03534981435594818
Kang-Schafer,kang_schafer_cc,"outcome correct, response correct; n=1000",1000,0.0,pi_hat,3,32,200.0,0.0,98.25,8.208227579691002,0.49124999999999996,0.041041137898455,0.4955646073166736,0.017191411325654098,0.5040430843085051,0.03379369752205813,0.5053422312833354,0.007489815107759208,-0.028918456191199992,0.02773545446375671,0.19282466837200757,0.009715440235419225,0.8394293243325941,0.04286403862655716,0.012793084308505058,0.034660414951808736,9.425784634609965,0.7112376009671106,0.9117919372660248,0.013855762759661147,9.796558757809336,0.751843139619391,0.2705147274221622,0.021684235479249067,0.49124999999999996,0.041041137898455
Kang-Schafer,kang_schafer_cc,"outcome correct, response correct; n=1000",1000,0.0,pi_hat,4,32,200.0,0.0,119.71875,6.438334290598773,0.59859375,0.03219167145299386,0.597517106244138,0.015964459833948307,0.8196016259957105,0.026395177968860494,0.5372903657731282,0.013677253443104576,-0.20694031593372242,0.038702487761193685,0.28335574621542936,0.020047045888509595,1.2335667877585963,0.08837780627958668,0.22100787599571048,0.02256696627172864,9.136080005720881,0.8151653248737267,0.9186659627754417,0.015258098740230088,8.918746664053096,0.6767755835193051,0.24629170682700002,0.019573394061219662,0.59859375,0.03219167145299386
Kang-Schafer,kang_schafer_cc,"outcome correct, response correct; n=1000",1000,0.0,pi_hat,5,32,200.0,0.0,147.875,9.646080810360237,0.739375,0.0482304040518012,0.7328828919414312,0.017458970696964317,0.9708702153433113,0.007566925163125251,0.49235071538289454,0.042500391306249524,-0.27466793079901436,0.07431639434311473,0.27782427681960087,0.016330293097609614,1.2098631333708774,0.07808437017620169,0.2314952153433114,0.04309095918674958,9.858173480008777,0.7405152477196488,0.9021610528284616,0.023650354577440143,9.55894860477731,0.6030989742281766,0.26396597866416793,0.01770336377259714,0.739375,0.0482304040518012
Kang-Schafer,kang_schafer_cc,"outcome correct, response correct; n=1000",1000,0.0,true_pi,1,32,200.0,0.0,36.65625,5.742437281982277,0.18328125,0.028712186409911383,0.17794597951339033,0.006429646051413543,0.14974432490027878,0.029042905315453015,0.4372323515717866,0.036982626527587444,-0.2890392203370078,0.10341992318783017,0.20906647499259284,0.020436064750148898,0.9105801728543752,0.09407727064393732,-0.0335369250997212,0.018078514397946707,13.650095531170765,2.4216436021897625,0.7719874979442283,0.06856561443050048,15.647296693470246,1.6031133112644411,0.4320186169715737,0.044380646377082146,0.18328125,0.028712186409911383
Kang-Schafer,kang_schafer_cc,"outcome correct, response correct; n=1000",1000,0.0,true_pi,2,32,200.0,0.0,71.46875,6.1389350409904155,0.35734375,0.03069467520495208,0.3531396954634026,0.00865322384973149,0.3327094207312939,0.027643742711150325,0.5584007321580748,0.0235811584245135,-0.36598118334576124,0.10383759656713511,0.28837276038811854,0.012908794462898486,1.2555498996514975,0.06076719941541569,-0.024634329268706096,0.027660592121160635,9.72085911834963,1.0739442678611915,0.8798077130655986,0.021394866719385404,9.799089795543924,0.6377598763357625,0.2705595725097674,0.018210935484834895,0.35734375,0.03069467520495208
Kang-Schafer,kang_schafer_cc,"outcome correct, response correct; n=1000",1000,0.0,true_pi,3,32,200.0,0.0,100.40625,6.608987134009265,0.50203125,0.03304493567004632,0.4995395883810924,0.010191230634600599,0.5003145231002417,0.03213620689601994,0.5843438905899184,0.020762334941295868,-0.37355741828745154,0.09660451258184913,0.3098572560705289,0.011201137924216474,1.3488215876614547,0.047865389555634526,-0.0017167268997582141,0.026791236530974708,8.979655564971996,0.8613146602096142,0.9034313319359377,0.016720763550439884,9.00193719450779,0.6853041113740039,0.2487150757035828,0.02129774269316155,0.50203125,0.03304493567004632
Kang-Schafer,kang_schafer_cc,"outcome correct, response correct; n=1000",1000,0.0,true_pi,4,32,200.0,0.0,129.21875,7.610578061980575,0.6460937499999999,0.03805289030990288,0.646202441492272,0.009261508819954658,0.6762155682556477,0.041601774470937096,0.5504888725155107,0.028871409921600696,-0.3361224671883697,0.10980164688505047,0.28890400287606444,0.01392274717233518,1.2577284176550965,0.06262991327882465,0.030121818255647668,0.02889192576776664,8.659581976152761,0.7172941447826318,0.9087301190095911,0.015763192039986676,8.570462306011636,0.5663122529583259,0.23666385164524822,0.01647114137344539,0.6460937499999999,0.03805289030990288
Kang-Schafer,kang_schafer_cc,"outcome correct, response correct; n=1000",1000,0.0,true_pi,5,32,200.0,0.0,164.375,5.967359131140006,0.8218750000000001,0.02983679565570001,0.8213148478345573,0.006656916893799761,0.8523954008231522,0.02814212108443477,0.42721196321773586,0.035425311051936144,-0.2598515490936189,0.08343119440509282,0.20937138253674517,0.016884717620009107,0.911566228570693,0.0750853096505733,0.03052040082315216,0.01411960140237646,10.693390843434681,0.6449279189308268,0.8745984498492256,0.021299320423809987,10.48215654396125,0.6600088114045328,0.28947958651645966,0.01955974816513737,0.8218750000000001,0.02983679565570001
Kang-Schafer,kang_schafer_cc,"outcome correct, response correct; n=200",200,0.0,pi_hat,1,32,40.0,0.0,11.15625,2.862575053601215,0.27890625,0.07156437634003038,0.29670298145984064,0.034568510280999956,0.022374336540508466,0.011047391393200934,0.5115912900302472,0.06580915646442483,-0.3386726614529949,0.1207663819640702,0.3147602181719591,0.03584161330426613,1.3727781691109087,0.17142266377168977,-0.25653191345949156,0.06536692521030774,20.12391420697763,6.08469076577219,0.5213288547183412,0.2442159751941593,22.57511062907106,4.1851306695815556,0.6291894443624926,0.11637362504235543,0.27890625,0.07156437634003038
Kang-Schafer,kang_schafer_cc,"outcome correct, response correct; n=200",200,0.0,pi_hat,2,32,40.0,0.0,15.96875,3.4231233453528955,0.39921874999999996,0.0855780836338224,0.4018713813083888,0.043063949208045016,0.15356473408755847,0.06916290948749736,0.5453938553211316,0.04607798252240038,-0.2812659330746571,0.14658312323411818,0.3128168443230662,0.04864062848166789,1.3619218679884098,0.20949024519356468,-0.24565401591244154,0.07815050742079856,16.591547996932018,3.858743847463206,0.6982508105336784,0.2224628304370979,18.583752047472444,3.0886217446576056,0.5172309074445143,0.08021124341726875,0.39921874999999996,0.0855780836338224
Kang-Schafer,kang_schafer_cc,"outcome correct, response correct; n=200",200,0.0,pi_hat,3,32,40.0,0.0,19.53125,2.989401852795974,0.48828124999999994,0.07473504631989933,0.5028785403099424,0.029609986420408053,0.4979645799263381,0.10635102893139285,0.5117530306690512,0.022728453318628362,-0.07370442074435889,0.07857326584678391,0.2311718994582373,0.0281207967920281,1.00775853284432,0.13231297022345098,0.009683329926338049,0.08958540344156894,16.395818835880334,3.833498290677488,0.744642120342063,0.11001796928726065,16.949142525431576,2.8225008483002196,0.472487653983209,0.07732983124051653,0.48828124999999994,0.07473504631989933
Kang-Schafer,kang_schafer_cc,"outcome correct, response correct; n=200",200,0.0,pi_hat,4,32,40.0,0.0,24.90625,3.155940578892448,0.62265625,0.0788985144723112,0.5986566565992566,0.029456629444976436,0.8445990321226419,0.05777990375982927,0.5306541557800541,0.04817204227848264,-0.23409238336107602,0.10856818542872182,0.30885558151752873,0.038736703386690684,1.345847616495196,0.17679021420362992,0.2219427821226418,0.07590785694566732,15.937509457805696,2.2172334020858115,0.7443437241839588,0.0793388677200959,15.870847337453094,2.031345952513854,0.4418770280163068,0.05193170724305288,0.62265625,0.0788985144723112
Kang-Schafer,kang_schafer_cc,"outcome correct, response correct; n=200",200,0.0,pi_hat,5,32,40.0,0.0,28.71875,3.842479464811751,0.71796875,0.09606198662029378,0.7142427572180954,0.041362908566462096,0.9776117474306374,0.009794365123955817,0.510167994689649,0.09159409057328063,-0.3529747519779469,0.16618820126500874,0.3048884259624698,0.04131616397018512,1.3325442895162958,0.2163461280520605,0.2596429974306375,0.08998729701940995,16.12994550939618,2.3323876804805943,0.6826830358399902,0.11534114468481431,15.596316589052828,2.0310322344459784,0.4350522192106601,0.05830402738342582,0.71796875,0.09606198662029378
Kang-Schafer,kang_schafer_cc,"outcome correct, response correct; n=200",200,0.0,true_pi,1,32,40.0,0.0,7.0625,2.5487435630129602,0.17656249999999998,0.06371858907532402,0.181360940360199,0.018090805807460815,0.1742561469451175,0.061799558675749836,0.43723737077607217,0.07038630659320472,-0.41820711167982766,0.28495036794802747,0.24335790522480225,0.04301663826084137,1.0622767137484506,0.20385305655952407,-0.0023063530548824923,0.04806473113641465,21.193754560614753,7.307771804427349,-49.625003343298815,277.6679520578432,24.61975207848591,3.9945362770176236,0.6849492133263737,0.10215724446576573,0.17656249999999998,0.06371858907532402
Kang-Schafer,kang_schafer_cc,"outcome correct, response correct; n=200",200,0.0,true_pi,2,32,40.0,0.0,13.71875,3.4116928990605238,0.34296875,0.08529232247651308,0.3562109785342877,0.01993754819950748,0.2989256229951366,0.07424098968075776,0.5688574283928969,0.056654087309097136,-0.5013709375070685,0.20500918346628932,0.3205342325979551,0.026184460191927713,1.3977784302892533,0.1337717539412641,-0.04404312700486343,0.06094809715183624,16.91425328763846,5.288191315441591,0.6139898206712042,0.23542436139799822,16.714066527706542,2.8861277580222002,0.4653375778351539,0.07804410786872103,0.34296875,0.08529232247651308
Kang-Schafer,kang_schafer_cc,"outcome correct, response correct; n=200",200,0.0,true_pi,3,32,40.0,0.0,19.9375,3.390588997504711,0.4984375,0.08476472493761777,0.5030394578992413,0.024973971569631864,0.5067408333502726,0.09781041627858802,0.5893965248208161,0.0421343320279654,-0.4369350599142667,0.18977828295538343,0.34876427292631385,0.02086740379518167,1.5209380611695782,0.12061117675436352,0.00830333335027262,0.07679733804332557,15.30787617654258,2.8163811393117197,0.6904842885735856,0.1051083561774785,15.148912269770928,1.5481731996719477,0.423110335300245,0.050281557689262964,0.4984375,0.08476472493761777
Kang-Schafer,kang_schafer_cc,"outcome correct, response correct; n=200",200,0.0,true_pi,4,32,40.0,0.0,26.21875,2.912627411376196,0.65546875,0.0728156852844049,0.6493660869471297,0.0225319895870449,0.685801392218491,0.07650846661730933,0.5486288353290998,0.0655245282945234,-0.38216283006888035,0.27123876304334704,0.31416436191979435,0.03237727828593945,1.3682605928254148,0.14070173843128217,0.03033264221849094,0.059553604802071655,14.621789064070454,2.5025283914098604,0.7258971678773039,0.10267668768478101,14.805581796958666,1.7825288710151386,0.41295981180386787,0.050694653414730596,0.65546875,0.0728156852844049
Kang-Schafer,kang_schafer_cc,"outcome correct, response correct; n=200",200,0.0,true_pi,5,32,40.0,0.0,33.34375,2.593373466645327,0.8335937499999999,0.06483433666613317,0.8243748531546664,0.018363947480066364,0.8303904345986666,0.07181153983511598,0.4419059406866368,0.08914268530093056,-0.5001534540913009,0.23403397950868,0.23736158870974133,0.06086924646029906,1.0363222125911253,0.2745592134019691,-0.003203315401333384,0.054543658527648614,17.755136357450514,2.586746646618468,0.6071398326339543,0.09975000847923096,17.617824298617048,2.496318805994394,0.49118102736496627,0.07137018763987772,0.8335937499999999,0.06483433666613317
Kang-Schafer,kang_schafer_ci,"outcome correct, response incorrect; n=1000",1000,0.0,pi_hat,1,32,200.0,0.0,54.0625,8.023159835750501,0.2703125,0.0401157991787525,0.2716245092806178,0.013166228577339829,0.03126596949671921,0.006944287723154179,0.5011202261751324,0.03488262328140221,-0.2843728598243483,0.062250618699612695,0.2814156123414136,0.01248884739927086,1.2317880142416993,0.057726040090803316,-0.23904653050328079,0.03628541360418766,12.432608476417737,1.4139953768933264,0.8570532554839903,0.0388124286770903,14.92584978113701,1.3555787874168435,0.41023539000440445,0.036357193117093144,0.2703125,0.0401157991787525
Kang-Schafer,kang_schafer_ci,"outcome correct, response incorrect; n=1000",1000,0.0,pi_hat,2,32,200.0,0.0,79.28125,7.142453950674096,0.39640624999999996,0.03571226975337048,0.4045597420553749,0.014729913106417233,0.17946666331670713,0.025974884125785726,0.5354778765905408,0.0201028271883861,-0.20522796470162896,0.06188209089263775,0.28614093564517706,0.02333267038347009,1.2523833967182672,0.1026318115506221,-0.21693958668329288,0.03554961696473764,10.01716170772827,1.0261724362007774,0.9073734302160961,0.02124222294762213,10.816637472937947,0.7107966795204146,0.297289305031419,0.018687448936464256,0.39640624999999996,0.03571226975337048
Kang-Schafer,kang_schafer_ci,"outcome correct, response incorrect; n=1000",1000,0.0,pi_hat,3,32,200.0,0.0,98.53125,7.453960251939904,0.49265625,0.03726980125969954,0.4990673518014021,0.015796978205722793,0.4872290844423697,0.041011206837015625,0.5052723136162762,0.005967555768533369,-0.0273099771385175,0.025063181295087555,0.19435706387706278,0.012008794690147415,0.8505720500794478,0.051855588372593554,-0.0054271655576303614,0.040722067121043176,9.658605339877724,0.9859554214732579,0.9093931257908117,0.02016151580941403,9.576352168972505,0.6371440351394997,0.26332811056863653,0.01860549348161782,0.49265625,0.03726980125969954
Kang-Schafer,kang_schafer_ci,"outcome correct, response incorrect; n=1000",1000,0.0,pi_hat,4,32,200.0,0.0,116.78125,8.852027927966564,0.5839062500000001,0.044260139639832816,0.5883460029231296,0.017247537178364157,0.8051480614114552,0.02850253615801964,0.5402074536964054,0.021974568752768178,-0.21145965695633312,0.06924250670422426,0.2783519833370868,0.019675527509507504,1.2183697440399646,0.08800268021567936,0.22124181141145527,0.038863377420187036,9.452916033853256,0.7340637672702234,0.9173402684415775,0.010916721402899973,9.195818362982962,0.5747553420400643,0.2528207171413428,0.01623061568403356,0.5839062500000001,0.044260139639832816
Kang-Schafer,kang_schafer_ci,"outcome correct, response incorrect; n=1000",1000,0.0,pi_hat,5,32,200.0,0.0,146.15625,7.9061264812485765,0.73078125,0.039530632406242903,0.7327280816849939,0.018490811284230243,0.9682686865516007,0.007475158799684092,0.49967529576068676,0.03468730117334582,-0.2802959989624401,0.05555600686980778,0.2761207000809149,0.016887106922719514,1.208816396002865,0.07932478277534642,0.23748743655160068,0.03420552462307543,9.779086338199663,0.8301915257251855,0.9062403602452809,0.01519341791375889,9.598354588905867,0.72091614342863,0.2638092772776298,0.019194519666327705,0.73078125,0.039530632406242903
Kang-Schafer,kang_schafer_ci,"outcome correct, response incorrect; n=1000",1000,0.0,true_pi,1,32,200.0,0.0,35.90625,5.586587593289843,0.17953124999999998,0.027932937966449214,0.17998025457541006,0.0059296791125414165,0.15198329482032705,0.024944146680586362,0.4274847486304617,0.030191803718976656,-0.253562028619008,0.10128324827391366,0.2071419637323437,0.018407039461794835,0.906729580277623,0.08220107478145476,-0.027547955179672956,0.016516063900844497,13.914315522096427,1.5545330464327352,0.763376799496588,0.05805105534748346,15.666224395610783,1.4063922134806262,0.4304589949605123,0.03621092749356327,0.17953124999999998,0.027932937966449214
Kang-Schafer,kang_schafer_ci,"outcome correct, response incorrect; n=1000",1000,0.0,true_pi,2,32,200.0,0.0,68.65625,5.347951564617989,0.34328125,0.026739757823089943,0.35341164652615875,0.008607594816635488,0.3267963944501071,0.029533090914990734,0.5551426074434882,0.025809549227962834,-0.37382174796823164,0.11025510239350733,0.2910509474537659,0.010076951091497463,1.2739660593150053,0.04830434291010263,-0.01648485554989293,0.02525888083994965,9.917902181378391,0.9206297431239564,0.8848628225736568,0.023265617331345065,9.942020494972162,0.5839990413333072,0.2733972916898771,0.017479979598775515,0.34328125,0.026739757823089943
Kang-Schafer,kang_schafer_ci,"outcome correct, response incorrect; n=1000",1000,0.0,true_pi,3,32,200.0,0.0,99.09375,7.658163026307288,0.49546875,0.03829081513153645,0.49783139861098785,0.010402504202435396,0.4898795347039686,0.03192164658552553,0.587277226693981,0.019883691168576943,-0.3894903391434216,0.09442385232615506,0.30753400659594043,0.010637346910857581,1.3459905725746877,0.047838059556037565,-0.005589215296031397,0.024251934016872343,9.082377474588736,0.7397357390693956,0.9016960075196105,0.01754714601287317,8.949658406179532,0.6190071476814756,0.24609916341163063,0.01814633656631357,0.49546875,0.03829081513153645
Kang-Schafer,kang_schafer_ci,"outcome correct, response incorrect; n=1000",1000,0.0,true_pi,4,32,200.0,0.0,127.59375,7.206157848500128,0.63796875,0.036030789242500645,0.6454571743513028,0.012044128559252945,0.657977992953347,0.03463233465725993,0.5562490486060647,0.02914793465065523,-0.34877967496369455,0.10006342119228151,0.2894050940269671,0.015388176254848233,1.2667258682805396,0.06937560075701345,0.020009242953346985,0.029292216704260472,8.540607930549152,0.7740932782212422,0.9128428801229226,0.01311325048327236,8.495594403540697,0.6738174475742543,0.23357331972404893,0.01889031852518043,0.63796875,0.036030789242500645
Kang-Schafer,kang_schafer_ci,"outcome correct, response incorrect; n=1000",1000,0.0,true_pi,5,32,200.0,0.0,163.5625,5.921029787967631,0.8178125,0.029605148939838136,0.819645213681659,0.0071079219770220385,0.8447412482911023,0.03204992076202283,0.4343652649592848,0.035642269279700864,-0.27947810715611565,0.1074833891967353,0.21652497835838613,0.021473573070722483,0.9479048631786084,0.0966621949425037,0.02692874829110224,0.02328661277039037,10.754830550516044,0.7702650519793633,0.8752248164988868,0.01582732932980312,10.566846296407794,0.6458981714932366,0.29049892018820384,0.017988501558187486,0.8178125,0.029605148939838136
Kang-Schafer,kang_schafer_ci,"outcome correct, response incorrect; n=200",200,0.0,pi_hat,1,32,40.0,0.0,12.0,3.2882366094914763,0.30000000000000004,0.0822059152372869,0.29240769666916777,0.037923813260625,0.02446216809752286,0.012360944992039638,0.5289286456726654,0.06994008038205263,-0.3783805497745931,0.18188442953417158,0.30572204439827955,0.03926251352315998,1.3382462583018928,0.18782731818744902,-0.27553783190247716,0.07944531590567142,20.894213872469763,6.68433740152469,0.524229297035365,0.24034891955585289,22.23047422931718,3.442807024787904,0.6138783498041868,0.09541990509469558,0.30000000000000004,0.0822059152372869
Kang-Schafer,kang_schafer_ci,"outcome correct, response incorrect; n=200",200,0.0,pi_hat,2,32,40.0,0.0,15.96875,3.627019911373523,0.39921875,0.09067549778433809,0.40560840860924674,0.041853839428879075,0.1711237930736388,0.06845097468069981,0.5430496633115369,0.04830104800157136,-0.27858266679334176,0.17970782749012693,0.30465755448406473,0.04641180764686882,1.3316968426168965,0.20575066561887137,-0.2280949569263612,0.09187207232437089,17.342684721804034,3.6415758318782525,0.6951670441711721,0.11634929872812505,18.398426619104736,2.48463565411795,0.508327458076665,0.07048286799048598,0.39921875,0.09067549778433809
Kang-Schafer,kang_schafer_ci,"outcome correct, response incorrect; n=200",200,0.0,pi_hat,3,32,40.0,0.0,20.0,3.181980515339464,0.5,0.07954951288348659,0.49134758547448276,0.028485831352328288,0.5183673226390966,0.1029116829566295,0.5155779185915994,0.024469165570882426,-0.0945753503320505,0.10884659069012055,0.23502065875590084,0.03204314220861223,1.0265728526048647,0.13613972887265544,0.01836732263909653,0.10233303275476208,16.0326032837526,2.876355093472554,0.731030621587581,0.15269394814063297,16.924068511203707,2.4114470356448274,0.46681686970407626,0.06294451703999106,0.5,0.07954951288348659
Kang-Schafer,kang_schafer_ci,"outcome correct, response incorrect; n=200",200,0.0,pi_hat,4,32,40.0,0.0,24.15625,2.905913959066923,0.6039062500000001,0.07264784897667308,0.5966188343980421,0.04059474111010053,0.8518699049949645,0.05372367391743846,0.5467071911680594,0.041656427626458804,-0.2796669535646943,0.12873103455197782,0.3217362968324727,0.04015070416435572,1.4077391545762215,0.18997953141040644,0.24796365499496462,0.06829679439906476,15.045945192015544,2.519542337110524,0.7796089935024085,0.06947307966227954,15.219892107023053,2.0335496989492516,0.4196082730336246,0.05145997364421048,0.6039062500000001,0.07264784897667308
Kang-Schafer,kang_schafer_ci,"outcome correct, response incorrect; n=200",200,0.0,pi_hat,5,32,40.0,0.0,28.03125,4.003782391376934,0.70078125,0.10009455978442335,0.7062781971847463,0.03264920980888584,0.9782068428117782,0.0081952087459151,0.5271316052787124,0.08967037192861863,-0.3969563613628818,0.21035383738940702,0.3111357615738122,0.03463193335590085,1.360600149519428,0.15885936530750586,0.27742559281177814,0.09600270180840449,14.93932869496282,2.03605392323373,0.710754390518199,0.1096613533585287,14.618182228934346,2.1627392215659738,0.4036554901150454,0.059861065680494555,0.70078125,0.10009455978442335
Kang-Schafer,kang_schafer_ci,"outcome correct, response incorrect; n=200",200,0.0,true_pi,1,32,40.0,0.0,8.09375,2.3499916888150905,0.20234375,0.05874979222037726,0.17938070654843732,0.017119445555859373,0.17963853293766763,0.06430328028471698,0.4582703403987779,0.07195366943943196,-0.3645325064162514,0.29066626612454,0.24554564550348196,0.053811050294804284,1.0751148052568595,0.2419086474861352,-0.022705217062332396,0.037835718373389386,23.716849130990994,7.683571917816415,-0.028559627026848958,0.7974312216195991,23.71010813836702,3.829762625740749,0.6541886018164209,0.10346310672047744,0.20234375,0.05874979222037726
Kang-Schafer,kang_schafer_ci,"outcome correct, response incorrect; n=200",200,0.0,true_pi,2,32,40.0,0.0,13.40625,2.9459651962472333,0.33515625,0.07364912990618083,0.3526678983223527,0.0197795427777919,0.3391976872057512,0.07354564810679433,0.5715534080282375,0.050853721742073574,-0.5168778095843191,0.21782407613202134,0.32044488637431834,0.025687027017246834,1.4010748284670735,0.11812584221338272,0.00404143720575121,0.0848636313824453,16.424103817711167,3.0230050559616437,0.6097940321028416,0.17387537033665687,16.77513247609072,2.3094819651489176,0.46318034919715745,0.06437912638423911,0.33515625,0.07364912990618083
Kang-Schafer,kang_schafer_ci,"outcome correct, response incorrect; n=200",200,0.0,true_pi,3,32,40.0,0.0,19.53125,2.9472908640817925,0.48828125,0.07368227160204482,0.4968977918477482,0.02432089300271976,0.5141072678345153,0.08605726273923218,0.6089384021548334,0.04488918960161993,-0.525652607056204,0.21997345669432378,0.3474545493924802,0.016012337371268486,1.5192440643532927,0.08583729225472353,0.02582601783451537,0.09076234587619586,14.368996740278337,2.3750182424451776,0.7008358298965376,0.11083470323603982,14.617964399254834,2.0639736913388003,0.40407968631690594,0.061250673421158884,0.48828125,0.07368227160204482
Kang-Schafer,kang_schafer_ci,"outcome correct, response incorrect; n=200",200,0.0,true_pi,4,32,40.0,0.0,25.75,3.952847075210474,0.64375,0.09882117688026185,0.6417934496604105,0.022590153941251877,0.6749877521984672,0.06764656409076421,0.5710423495821413,0.07856381253768976,-0.5134361770689816,0.3168234040249008,0.32550908065007467,0.027445858896945813,1.4233365757148166,0.1288502516837756,0.0312377521984672,0.06497989913773894,14.463499471048415,2.655022948391697,0.7015245090465051,0.13574187665022286,14.80132893041404,2.2274089959528114,0.4088222841379803,0.0631880077987724,0.64375,0.09882117688026185
Kang-Schafer,kang_schafer_ci,"outcome correct, response incorrect; n=200",200,0.0,true_pi,5,32,40.0,0.0,33.375,1.8833148966649205,0.8343750000000001,0.04708287241662301,0.8215208759567367,0.014882738295879576,0.8360987914405996,0.05375340538001851,0.4248827538585569,0.06919867932188267,-0.3597296078466481,0.29511703610970463,0.23076775771736924,0.0435101041119263,1.0098775846459753,0.19859481778943258,0.0017237914405995986,0.048484570341516986,16.932615326410325,2.4248758030307638,0.6928879012641423,0.07503462977704413,16.94795553202063,2.077711027283551,0.4672026211486786,0.05147621944196709,0.8343750000000001,0.04708287241662301
Kang-Schafer,kang_schafer_ic,"outcome incorrect, response correct; n=1000",1000,0.0,pi_hat,1,32,200.0,0.0,55.5625,8.317667566691998,0.2778125,0.04158833783345999,0.2717274329397915,0.016392747957380834,0.031006830413952,0.007536653404625354,0.5076818412836415,0.03547301974215177,-0.2964425877571735,0.06590991790472696,0.2805430370520481,0.01406104792155636,1.2288538299678466,0.06892569929872082,-0.246805669586048,0.03720349773670669,11.99322913246133,1.890514589552576,0.862156301747621,0.04555800548707635,14.215639018876367,1.6002547939866216,0.39457902608719375,0.04207065214541677,0.2778125,0.04158833783345999
Kang-Schafer,kang_schafer_ic,"outcome incorrect, response correct; n=1000",1000,0.0,pi_hat,2,32,200.0,0.0,79.90625,7.451339539807591,0.39953125,0.03725669769903796,0.40356746845036184,0.018231051753723294,0.18553208973899019,0.027672085649209126,0.5332111833888045,0.021768468346239783,-0.19264815118741754,0.06520145011733902,0.2797974051190609,0.018687719744762167,1.2251440913059668,0.08110845180494201,-0.2139991602610098,0.03580974690838154,10.917270156975043,1.087333031543297,0.8809068915363256,0.023075519524676406,11.217199787443814,0.8753462952349788,0.3115792234720096,0.02430614138051041,0.39953125,0.03725669769903796
Kang-Schafer,kang_schafer_ic,"outcome incorrect, response correct; n=1000",1000,0.0,pi_hat,3,32,200.0,0.0,102.1875,7.371556399431534,0.5109374999999999,0.036857781997157675,0.5022326708859053,0.01660885810461011,0.4977437823941,0.0387451714509104,0.5054225432644552,0.006239306786585197,-0.02800752174691114,0.022520801933625025,0.1959015483337554,0.009462744055236593,0.8578196130350813,0.041285408963362934,-0.013193717605900018,0.032146114941751,9.887514243857062,1.322971421314096,0.9032572418631031,0.02207046404615701,10.09164592513894,0.9552815882110279,0.28037533039964646,0.027421852801073808,0.5109374999999999,0.036857781997157675
Kang-Schafer,kang_schafer_ic,"outcome incorrect, response correct; n=1000",1000,0.0,pi_hat,4,32,200.0,0.0,117.5625,7.52469891424235,0.5878125000000001,0.037623494571211745,0.5936980557234763,0.012837714697691821,0.8094430660642683,0.021415358187295452,0.5407802355552753,0.01887885014616738,-0.21446904107125117,0.05645385825767182,0.2792908429414756,0.016002223344695615,1.2234198971494947,0.07769580024109157,0.22163056606426834,0.032796612623014774,9.666721029094354,0.9898115055642266,0.9075662515364487,0.022858589418660966,9.395813895244434,0.7282405457479162,0.2610454945670734,0.0212266537490389,0.5878125000000001,0.037623494571211745
Kang-Schafer,kang_schafer_ic,"outcome incorrect, response correct; n=1000",1000,0.0,pi_hat,5,32,200.0,0.0,144.25,7.504165509901817,0.72125,0.03752082754950909,0.7304412388827035,0.012098279580935182,0.967836393918842,0.0062849566743024094,0.5084024337266777,0.03263548878451034,-0.2952307245257195,0.06150327347325079,0.27708801119676807,0.012157998812075499,1.2138106787374143,0.06329367951162669,0.24658639391884207,0.03372289737410676,9.36761358540132,0.7848960712698106,0.9104422062031577,0.017889781833448415,9.25002095521057,0.6999853018354333,0.2570192845382445,0.020631455786894827,0.72125,0.03752082754950909
Kang-Schafer,kang_schafer_ic,"outcome incorrect, response correct; n=1000",1000,0.0,true_pi,1,32,200.0,0.0,36.75,6.314665470157545,0.18375,0.031573327350787724,0.1813035374973792,0.008876609392598727,0.15320076413039602,0.030765401856617112,0.4378889227900413,0.03791978827706983,-0.2943253673616552,0.116408061022334,0.21044359145956093,0.022821827471741194,0.9223307515244928,0.10735587022012552,-0.03054923586960399,0.02028335397143197,12.251645806588806,1.8405219044169259,0.8010375039186882,0.051461739492033594,14.401815455784517,1.6625857784898999,0.3997028476812984,0.043363641349489966,0.18375,0.031573327350787724
Kang-Schafer,kang_schafer_ic,"outcome incorrect, response correct; n=1000",1000,0.0,true_pi,2,32,200.0,0.0,71.59375,7.227808169666652,0.35796875000000006,0.03613904084833326,0.3535034407404877,0.009830478030855625,0.3284563198529395,0.03538336766723912,0.5503606557297794,0.01812404949990772,-0.3280289266893813,0.08464567171534827,0.28584728320819874,0.009185169064137563,1.252063969234913,0.050466136969111834,-0.029512430147060516,0.029111380814384195,11.151221809590215,1.4330782925707097,0.8441233835145615,0.03645047839928435,10.939541263347145,1.057482823655552,0.3039333639664456,0.030341993430233947,0.35796875000000006,0.03613904084833326
Kang-Schafer,kang_schafer_ic,"outcome incorrect, response correct; n=1000",1000,0.0,true_pi,3,32,200.0,0.0,99.0625,6.299491546942499,0.49531250000000004,0.0314974577347125,0.49990039067725467,0.009135150401129779,0.49835984612544054,0.03684350129539599,0.5922753509894658,0.018542556456973416,-0.4101248696781404,0.0856224644443928,0.31088128777318613,0.009685068399094386,1.3613009479104794,0.04212602052709169,0.003047346125440527,0.03404427909820207,10.387652308681478,1.0299565545479414,0.8636263538206014,0.03199064494552611,10.244235934214295,0.9892695572163472,0.28462472673101147,0.028245004191583607,0.49531250000000004,0.0314974577347125
Kang-Schafer,kang_schafer_ic,"outcome incorrect, response correct; n=1000",1000,0.0,true_pi,4,32,200.0,0.0,129.0,7.553972464869064,0.645,0.03776986232434533,0.6466880393173252,0.007300585239472339,0.6656981321896092,0.036315236129,0.5595379905887905,0.028629505218444543,-0.37903163426048775,0.11736268474393814,0.2890028911933001,0.012612907583456467,1.265754384829198,0.06032216377896121,0.02069813218960917,0.0280467811795681,9.405074817599267,0.8061429872070729,0.8913070776772711,0.019432919060896354,9.16581189411394,0.7866003460293666,0.2546120964444818,0.022187281166670507,0.645,0.03776986232434533
Kang-Schafer,kang_schafer_ic,"outcome incorrect, response correct; n=1000",1000,0.0,true_pi,5,32,200.0,0.0,163.0625,4.286151391399982,0.8153125,0.02143075695699988,0.820271458649792,0.00534367463969478,0.8458471002317673,0.023344041825294443,0.4352905686134959,0.026300560923072935,-0.2662040491014714,0.09751090975089435,0.20927857630289667,0.019216771397346507,0.9164312787173157,0.08437430234069233,0.0305346002317674,0.01672109726992956,9.47773568057297,0.7941581500775897,0.9011552543268737,0.018871543428061553,9.317855789682573,0.7146954317939002,0.2589403945929378,0.02143563987076728,0.8153125,0.02143075695699988
Kang-Schafer,kang_schafer_ic,"outcome incorrect, response correct; n=200",200,0.0,pi_hat,1,32,40.0,0.0,11.5,3.29772648956823,0.2875,0.08244316223920574,0.28724816217916405,0.03885994038507427,0.023463020145845802,0.012044146797643455,0.5172711212199682,0.07504057988653094,-0.35470892354674705,0.1427455428469097,0.30260984218869746,0.034634490000192725,1.327073432510288,0.1775311440483592,-0.2640369798541542,0.07629231468544438,20.38459395015526,5.520169483164278,0.4611779722158196,0.27794764657783544,23.7446243956418,5.05978002284572,0.6572498790496392,0.14031871544430313,0.2875,0.08244316223920574
Kang-Schafer,kang_schafer_ic,"outcome incorrect, response correct; n=200",200,0.0,pi_hat,2,32,40.0,0.0,15.875,3.1598061649411346,0.396875,0.07899515412352837,0.397871508130737,0.03400180011366345,0.15978706677997254,0.05631299381028112,0.5391398086827197,0.04743575627804779,-0.2506543410019585,0.15058616264055558,0.3059974270615916,0.04795012712000791,1.3401523940998623,0.21680708587488093,-0.23708793322002747,0.07066770321006262,16.56280818413787,4.604981755632136,0.6487571754681858,0.21752204344026316,18.566723197340355,3.4985860469708436,0.5150233074506838,0.10244640288532307,0.396875,0.07899515412352837
Kang-Schafer,kang_schafer_ic,"outcome incorrect, response correct; n=200",200,0.0,pi_hat,3,32,40.0,0.0,20.53125,3.0102364421254353,0.51328125,0.0752559110531359,0.5091367778036778,0.041377395087640885,0.49040221119648775,0.11319342453173292,0.512587032716526,0.023588703811986425,-0.07844774631021587,0.09442486247980796,0.23358006286035526,0.03971001530788866,1.0234659449006778,0.18157531767459992,-0.022879038803512226,0.09915341896631705,17.064980774952787,2.611590191657791,0.6888858312119142,0.16533036608440338,17.646564900032637,2.513168100566348,0.488596948615179,0.07073452772958128,0.51328125,0.0752559110531359
Kang-Schafer,kang_schafer_ic,"outcome incorrect, response correct; n=200",200,0.0,pi_hat,4,32,40.0,0.0,23.53125,3.2305608549445406,0.5882812500000001,0.0807640213736135,0.5889879323423588,0.033859613085259144,0.8298702660715207,0.06676065383913363,0.5483848289162094,0.05048187058309228,-0.2800753872057961,0.16058467626948508,0.30494302913235405,0.05166549236593628,1.335283052719137,0.23151287855140795,0.24158901607152075,0.07825878799249707,15.977691637378488,2.811757097926392,0.7126230656449283,0.14510070542421802,15.977710749337643,2.304112437344529,0.4438358360967773,0.07554246470466373,0.5882812500000001,0.0807640213736135
Kang-Schafer,kang_schafer_ic,"outcome incorrect, response correct; n=200",200,0.0,pi_hat,5,32,40.0,0.0,26.78125,3.9189792596414694,0.66953125,0.09797448149103674,0.7070554340495216,0.03694137408027993,0.9742345255333931,0.012238626073156896,0.5522728237865366,0.08038892654809619,-0.4437554972404999,0.20991554133299586,0.30787151714352673,0.038771783842877286,1.3513643215879694,0.20295010475720968,0.30470327553339305,0.09114095851659537,15.390093069187628,2.796609770737829,0.7331186074524685,0.10983801510276009,15.016496413923374,2.2868176672281324,0.41617687578810003,0.06686205298021522,0.66953125,0.09797448149103674
Kang-Schafer,kang_schafer_ic,"outcome incorrect, response correct; n=200",200,0.0,true_pi,1,32,40.0,0.0,7.4375,3.061224224064614,0.18593749999999998,0.07653060560161536,0.1769897922221188,0.015336661923578151,0.16854938747233061,0.08350197608870702,0.44042209096155804,0.08026266077098843,-0.38015553497570265,0.3164957464102255,0.23636191036751422,0.05816225789257411,1.0391653550577429,0.2766088412822036,-0.017388112527669364,0.04895752411833094,21.42050757311209,6.938140126480047,-0.08978338113229796,1.1119894704825632,24.67098688976229,4.492810703771839,0.6839449644510487,0.13092555380320212,0.18593749999999998,0.07653060560161536
Kang-Schafer,kang_schafer_ic,"outcome incorrect, response correct; n=200",200,0.0,true_pi,2,32,40.0,0.0,13.3125,2.788788939665388,0.3328125,0.0697197234916347,0.3533135578563436,0.02327910898958368,0.3239353979846328,0.06880075920850925,0.5711506889469863,0.05096382497904815,-0.5170979410409815,0.2172854644444455,0.31967504371681477,0.029293266370381404,1.4007465364399798,0.1487658320252442,-0.008877102015367198,0.058898545642177856,17.41359492406925,3.6737981496553003,0.5716417470200553,0.2581498681622747,17.72789827994432,3.3583984951797228,0.4907574072719335,0.09219428467986727,0.3328125,0.0697197234916347
Kang-Schafer,kang_schafer_ic,"outcome incorrect, response correct; n=200",200,0.0,true_pi,3,32,40.0,0.0,19.625,2.433490291741473,0.490625,0.06083725729353682,0.4994184558853316,0.02380679726980712,0.49544383561460564,0.08888454295922173,0.604001243861087,0.03934301610712641,-0.488442465625061,0.19251914066424783,0.34040956984483617,0.01698919883215383,1.4904458898218782,0.09185464314973568,0.004818835614605632,0.08314945765078699,16.71431869668433,3.178660128174167,0.5860111090961037,0.16687606588823609,16.40904636631108,2.0772568677289813,0.45436318676601967,0.05845800755900584,0.490625,0.06083725729353682
Kang-Schafer,kang_schafer_ic,"outcome incorrect, response correct; n=200",200,0.0,true_pi,4,32,40.0,0.0,25.78125,3.4345157500730727,0.64453125,0.08586289375182682,0.6434575394368874,0.021473561211667245,0.6705824616434256,0.06820409352928712,0.5684294192936847,0.06304261530455416,-0.46777421913863787,0.2403909513157875,0.30915768694302137,0.029610311775535372,1.3538582608167973,0.14340043079059941,0.02605121164342563,0.06339504575832779,15.461179559338913,2.1415644391878548,0.6823383870227424,0.09132910262020412,15.501623663524985,2.0393430272046085,0.42964573119386207,0.06031179633760062,0.64453125,0.08586289375182682
Kang-Schafer,kang_schafer_ic,"outcome incorrect, response correct; n=200",200,0.0,true_pi,5,32,40.0,0.0,32.0625,2.511691412176265,0.8015625,0.06279228530440661,0.817120469104778,0.018336921950808698,0.8192460070122252,0.07023323601943195,0.4658287642419438,0.06703690804297963,-0.4282822212826412,0.24273485621228605,0.2429724815711236,0.05321579851277205,1.0656755228270642,0.24583484484460918,0.017683507012225166,0.03640375598301128,16.56906082545499,2.5657433669167444,0.6894346778734864,0.11553305767290291,16.63350362903042,2.511047478740657,0.46169035528840874,0.07741433835506581,0.8015625,0.06279228530440661
Kang-Schafer,kang_schafer_ii,"outcome incorrect, response incorrect; n=1000",1000,0.0,pi_hat,1,32,200.0,0.0,58.5625,7.424358137239879,0.29281250000000003,0.0371217906861994,0.2794761458019441,0.019384360020434286,0.03780745136171845,0.009723242763190684,0.5187460447752144,0.02967748110990507,-0.30866674386665083,0.05631159862999035,0.2849757869439097,0.016222049604821983,1.2502035370681037,0.08025811899122001,-0.25500504863828155,0.03121874958871464,12.83554076473622,1.7077089407706363,0.854769646630331,0.04640156198316383,14.116183673343894,1.1303102993494198,0.3912975524631699,0.03227103877461317,0.29281250000000003,0.0371217906861994
Kang-Schafer,kang_schafer_ii,"outcome incorrect, response incorrect; n=1000",1000,0.0,pi_hat,2,32,200.0,0.0,84.28125,7.722671068840107,0.42140625,0.03861335534420054,0.40951120158007814,0.014956865521662458,0.20650974803837016,0.03151669189047306,0.5399458804548106,0.020281265791428908,-0.20355944329459125,0.0641996401195645,0.2732970529791017,0.022090352784088593,1.1984436886465701,0.09681607252278802,-0.21489650196162985,0.037958567171321046,10.597786377634307,0.9207553618014166,0.8874769858270326,0.02733568800754882,11.07604524312062,0.8862316671027715,0.3068647867193023,0.023199468438757056,0.42140625,0.03861335534420054
Kang-Schafer,kang_schafer_ii,"outcome incorrect, response incorrect; n=1000",1000,0.0,pi_hat,3,32,200.0,0.0,100.96875,7.883861581579169,0.50484375,0.03941930790789584,0.5022824235905001,0.01767314376027906,0.5176544872857629,0.03903745572934949,0.5054152572439827,0.007626180297418277,-0.028434969208052472,0.027068136727183795,0.19463584580318435,0.012367811022790387,0.8535761823533842,0.0550739702832991,0.012810737285763027,0.03759408668993129,9.863980131930205,1.005917136505292,0.9018889152137124,0.02346817338067845,10.056238026658985,0.7530415285486624,0.278585706072902,0.019286276391573518,0.50484375,0.03941930790789584
Kang-Schafer,kang_schafer_ii,"outcome incorrect, response incorrect; n=1000",1000,0.0,pi_hat,4,32,200.0,0.0,118.46875,8.503618255630952,0.59234375,0.04251809127815476,0.5916527620349804,0.019652115728253962,0.8164842191431672,0.026492310873536266,0.5404918487316233,0.02011535216592644,-0.21928011592858532,0.06219673126892197,0.2853137417163713,0.01999555497007121,1.2512687482446159,0.08863193916433217,0.22414046914316715,0.034224269853797874,9.321540132738786,0.9539940746467013,0.9178923574668336,0.018206245958784856,9.489218679906987,0.6815943901260357,0.26310282173834787,0.02041408493305953,0.59234375,0.04251809127815476
Kang-Schafer,kang_schafer_ii,"outcome incorrect, response incorrect; n=1000",1000,0.0,pi_hat,5,32,200.0,0.0,145.4375,7.833970497136175,0.7271875,0.039169852485680876,0.7285612042337335,0.016553220307516978,0.9687557594012468,0.007198102770376391,0.5033151465707983,0.03548230181377681,-0.2879828540807577,0.06046255831125701,0.28124553809803376,0.015708656082844046,1.2338776796460942,0.07835752437026472,0.2415682594012469,0.03474098275138848,9.053602644667766,0.843801272262851,0.9190335053419719,0.01743804118364112,8.979185628046494,0.7510617155344703,0.2488522633201732,0.02088509425020748,0.7271875,0.039169852485680876
Kang-Schafer,kang_schafer_ii,"outcome incorrect, response incorrect; n=1000",1000,0.0,true_pi,1,32,200.0,0.0,39.40625,6.561532666801256,0.19703125000000002,0.032807663334006275,0.18086904895092476,0.008112805769383257,0.17207495925095373,0.03520900119347301,0.44796026910375086,0.032435643528135015,-0.2840097237237219,0.09764518609189643,0.21606217008472367,0.02445225930481352,0.94795118322054,0.11110196484827768,-0.024956290749046275,0.018825008222496782,13.448546015206762,1.806010398185338,0.7647288592809117,0.07074630771750842,14.401619805564664,1.2643809218512196,0.3991330827036459,0.035210749844294446,0.19703125000000002,0.032807663334006275
Kang-Schafer,kang_schafer_ii,"outcome incorrect, response incorrect; n=1000",1000,0.0,true_pi,2,32,200.0,0.0,71.6875,7.294850495383713,0.3584375,0.03647425247691856,0.35788512642511183,0.009246761981792603,0.34944929173718264,0.039217791728349646,0.5574700271855811,0.02804283705666337,-0.3615103013545163,0.10867718674953462,0.2928053920036371,0.015130359144960533,1.284319410710099,0.07221643626586229,-0.008988208262817352,0.02657600006694354,10.719327966098767,1.0288160734232232,0.8588529423871838,0.02946251543211572,10.682990567919195,0.9366672308647462,0.296023436703856,0.025319886976239107,0.3584375,0.03647425247691856
Kang-Schafer,kang_schafer_ii,"outcome incorrect, response incorrect; n=1000",1000,0.0,true_pi,3,32,200.0,0.0,102.8125,8.025107086512927,0.5140625,0.04012553543256464,0.5043944169327941,0.010794769333576577,0.5136508450354086,0.03636440702526657,0.5888621482092645,0.023777001919669142,-0.39903072590438954,0.10691329647249763,0.30773128998182786,0.012711954591343139,1.3495369343922947,0.058255848199499215,-0.0004116549645914354,0.031503415589946245,9.782549363521666,0.7038758258645142,0.8841905667506992,0.016957121452236906,9.939700771244105,0.7467705400633858,0.27541994575187345,0.01993104739252694,0.5140625,0.04012553543256464
Kang-Schafer,kang_schafer_ii,"outcome incorrect, response incorrect; n=1000",1000,0.0,true_pi,4,32,200.0,0.0,130.59375,5.8248357004725895,0.65296875,0.02912417850236294,0.6489827799897738,0.011221706914323622,0.6696426992096894,0.03377576591388128,0.5575623842317877,0.01942459206721961,-0.37879554817307404,0.0766408367246167,0.28543433728955203,0.010022240339499474,1.2517024715520206,0.044569599702678514,0.016673949209689454,0.02586137169381735,9.154156157977031,0.9289668732844303,0.8960931823988325,0.02355697514107823,9.067966423603316,0.7880184132154378,0.2512824239164594,0.02181339359555485,0.65296875,0.02912417850236294
Kang-Schafer,kang_schafer_ii,"outcome incorrect, response incorrect; n=1000",1000,0.0,true_pi,5,32,200.0,0.0,163.21875,4.98581973576061,0.8160937500000001,0.024929098678803028,0.819352364942632,0.006900697421424677,0.8423938699970313,0.026555989944935323,0.437957641676254,0.029855129458105204,-0.28780334020855775,0.08936962942952652,0.21399629752617444,0.01915197780555,0.9389771764917716,0.09014126887741992,0.026300119997031288,0.017900511645478623,9.63111854102295,0.8771921827049739,0.8987053410193071,0.019645460176384362,9.501794696413159,0.9517244680299514,0.26342579953980994,0.027597408210820577,0.8160937500000001,0.024929098678803028
Kang-Schafer,kang_schafer_ii,"outcome incorrect, response incorrect; n=200",200,0.0,pi_hat,1,32,40.0,0.0,12.40625,4.060937199403606,0.31015625,0.10152342998509015,0.3088528384260351,0.040532703703967714,0.022376974887311007,0.008578097487553156,0.5354048340985852,0.08962221208167861,-0.411635440759063,0.20993267342415853,0.32661481184652563,0.03979714185923709,1.4416097089354185,0.1884694181161951,-0.28777927511268897,0.09699531732406459,20.885454116296856,6.685131771371488,0.47644288529587286,0.5259285024842476,22.958553629207607,5.582450279921066,0.645039215504283,0.14957965168643964,0.31015625,0.10152342998509015
Kang-Schafer,kang_schafer_ii,"outcome incorrect, response incorrect; n=200",200,0.0,pi_hat,2,32,40.0,0.0,16.46875,3.6484960514573674,0.41171875,0.09121240128643418,0.4081321562263174,0.0375960582455699,0.15320336590957595,0.046587286058807985,0.5546759698256639,0.05523148963998754,-0.3186085013197524,0.17587443506333394,0.3209215172845623,0.0448087534601211,1.4156069574567791,0.2016979370313454,-0.25851538409042407,0.0919589963886892,18.410784413292273,3.6906643231852225,0.6083970290212016,0.2091786139935004,19.86596322038669,3.6225745841760464,0.559947261538852,0.10432977280720894,0.41171875,0.09121240128643418
Kang-Schafer,kang_schafer_ii,"outcome incorrect, response incorrect; n=200",200,0.0,pi_hat,3,32,40.0,0.0,19.53125,2.8282544859860117,0.48828125,0.0707063621496503,0.501677477229847,0.03242416016905065,0.503799308266025,0.09822554592601333,0.5139649649178267,0.020175906614930912,-0.08121426134128812,0.08864314559775302,0.23900357580926496,0.02546892382326326,1.0519764873021318,0.09521828776839503,0.015518058266025038,0.10158008189196044,15.884327433451055,3.152113280781617,0.733930277823908,0.10067805344617699,16.53781431055141,2.2053066856770474,0.4656836090513954,0.06280745025629421,0.48828125,0.0707063621496503
Kang-Schafer,kang_schafer_ii,"outcome incorrect, response incorrect; n=200",200,0.0,pi_hat,4,32,40.0,0.0,24.15625,3.8979912695515364,0.6039062500000001,0.0974497817387884,0.6034841811644063,0.03958634997864282,0.8458957690512761,0.06489603249035703,0.5431291209119369,0.058322480034285605,-0.28711375454704713,0.176330402821268,0.31203104653857305,0.04221571008565053,1.3769174765322874,0.19585652258289418,0.24198951905127616,0.09217672004104609,15.702720404542244,3.177956288451446,0.7376690379647391,0.11726322912980978,16.088292027314118,2.5535793415280774,0.4524719217614136,0.06720111922748252,0.6039062500000001,0.0974497817387884
Kang-Schafer,kang_schafer_ii,"outcome incorrect, response incorrect; n=200",200,0.0,pi_hat,5,32,40.0,0.0,27.75,3.7165171868296265,0.69375,0.09291292967074066,0.6889391568580892,0.03515692982095913,0.9750042256433517,0.012983241447696659,0.5319607669500923,0.07948574608716943,-0.3908871532126668,0.17596564794874048,0.32838710242294805,0.034416540100034435,1.4496180370037868,0.17120907469395769,0.2812542256433517,0.08614175918379748,14.233434791626237,2.610288212626689,0.7610728218124332,0.11448891111319125,14.170430975401274,1.9536267371453029,0.3992847548879285,0.057957827075018946,0.69375,0.09291292967074066
Kang-Schafer,kang_schafer_ii,"outcome incorrect, response incorrect; n=200",200,0.0,true_pi,1,32,40.0,0.0,7.28125,2.752662063802965,0.18203125,0.06881655159507413,0.18561824886800066,0.020835782878516753,0.18847448621440888,0.05815324588683672,0.4455486631644938,0.08785925579218778,-0.4747819516848101,0.4161146864412361,0.2547873296576469,0.04403666651444378,1.1236690678619081,0.19885284718592547,0.006443236214408898,0.0500773253429901,22.237694370470074,9.321884526217348,0.10558092681969015,0.7389859411966742,24.82533049901792,5.93660297687969,0.6978464273003417,0.16016534098511484,0.18203125,0.06881655159507413
Kang-Schafer,kang_schafer_ii,"outcome incorrect, response incorrect; n=200",200,0.0,true_pi,2,32,40.0,0.0,14.78125,2.5948792722398473,0.36953125,0.06487198180599618,0.3555585263371839,0.01820800310602862,0.33014473483999607,0.06839769905091753,0.5927649857438929,0.051065316296081686,-0.5496630283255638,0.2548703895780691,0.3302689613326121,0.028869602954346766,1.4585112386033472,0.15642190159500585,-0.03938651516000391,0.0770844722936052,16.72631076991813,3.388884751445423,0.5588003514827269,0.2350344642365118,17.084477282727214,2.9360667084308067,0.48045791955477224,0.07916664044081177,0.36953125,0.06487198180599618
Kang-Schafer,kang_schafer_ii,"outcome incorrect, response incorrect; n=200",200,0.0,true_pi,3,32,40.0,0.0,19.96875,3.9408467919344443,0.49921875000000004,0.09852116979836112,0.5029636773593861,0.020190430506161074,0.5102139030284889,0.08582819278402758,0.6020008878581518,0.04979566171409705,-0.5197224666899032,0.23807323136166658,0.35436213721587373,0.020836882164082665,1.5625983101254461,0.09955756680505255,0.010995153028488858,0.09270439862195579,16.179530789194978,3.162685109283937,0.6182222494578522,0.18489147471322728,15.706181825516214,2.001116529891949,0.44257105947844644,0.05865256730759482,0.49921875000000004,0.09852116979836112
Kang-Schafer,kang_schafer_ii,"outcome incorrect, response incorrect; n=200",200,0.0,true_pi,4,32,40.0,0.0,25.90625,3.0757049496822675,0.64765625,0.07689262374205669,0.6472939895505518,0.018373890181606324,0.6554140403546627,0.07131987420836763,0.5675878183678152,0.04698385531673591,-0.4688483157699086,0.24478793280845054,0.3335669874500094,0.030539323941683565,1.4712013596953235,0.14121903957037782,0.007757790354662577,0.07039744791052518,15.853884824392594,3.1409501746675597,0.6772733548302015,0.12935316864240007,15.467220087245032,2.7148676082602887,0.43482884488356727,0.07097584449641914,0.64765625,0.07689262374205669
Kang-Schafer,kang_schafer_ii,"outcome incorrect, response incorrect; n=200",200,0.0,true_pi,5,32,40.0,0.0,32.375,2.7012728481217887,0.809375,0.06753182120304471,0.8196513677895728,0.014916968741113309,0.8160324793199834,0.07922419521931597,0.44754803953626965,0.08891726441798033,-0.37577126283792317,0.2829285254296991,0.24511498979248564,0.06437778733442628,1.0809661308863499,0.28405151333843326,0.006657479319983394,0.04057352483191092,16.10317605249305,2.683737318995092,0.6815610719502412,0.1514766472910177,16.12748875070049,2.2232371632829815,0.4553489771656515,0.07211213445219873,0.809375,0.06753182120304471
Twins,twins_misaligned,off-response outcome shift; strength=0,3000,0.0,pi_hat,1,32,600.0,0.0,48.71875,8.71863799211207,0.08119791666666668,0.014531063320186785,0.07819593674807859,0.008951098740478149,0.025067244402581252,0.005645360937208281,0.27301369749036314,0.022297603580690387,-0.008772360556664329,0.017557042892070024,0.13727400540080176,0.017727612201090787,0.4462156318484961,0.061060784578279674,-0.05613067226408541,0.010183135533931768,1.3679235417240423,0.20038435723371026,0.08752708478682573,0.2828187036073669,0.9361725247086817,0.05893997411403207,0.9478808762144917,0.07434131004461096,0.08119791666666668,0.014531063320186785
Twins,twins_misaligned,off-response outcome shift; strength=0,3000,0.0,pi_hat,2,32,600.0,0.0,420.03125,13.994383639071069,0.7000520833333334,0.023323972731785114,0.6951957043240593,0.01665298603896837,0.5197504907730035,0.024375398544506075,0.49083638524564965,0.008837398702206904,-0.15279971245535873,0.06180500870897413,0.27466887725476763,0.014041055702574768,0.8916702913798813,0.04149371659021434,-0.1803015925603298,0.019360797265884626,1.311875077928361,0.05236660198149459,0.136886028463787,0.11841045391711487,0.8767365846412253,0.0339606450819293,0.887301223395853,0.04649326650279079,0.7000520833333334,0.023323972731785114
Twins,twins_misaligned,off-response outcome shift; strength=0,3000,0.0,pi_hat,3,32,600.0,0.0,469.5625,9.489920639815699,0.7826041666666667,0.01581653439969283,0.7770593688824259,0.0032688065980609883,0.8232702176676442,0.011368967668039435,0.4162178005367526,0.011980605696542218,-0.0203388737699405,0.008886925319494594,0.09879720436783841,0.009228242758208233,0.32089862004239583,0.031042513538984375,0.04066605100097756,0.015452036274081362,1.299819489864597,0.044001346155218946,0.06552433217317578,0.08637552753902694,0.846408573024632,0.03335075708730817,0.8564187567148375,0.041700200130529504,0.7826041666666667,0.01581653439969283
Twins,twins_misaligned,off-response outcome shift; strength=0,3000,0.0,pi_hat,4,32,600.0,0.0,474.875,10.04598800516903,0.7914583333333334,0.01674331334194838,0.7953880282868456,0.0030696271204849576,0.9270957783299187,0.007379357966989104,0.4282794466647077,0.015337721095998071,-0.11389807210846381,0.015451695709252476,0.148329329074255,0.00783818235619355,0.4817178215771734,0.02682792980732606,0.13563744499658548,0.013031895824823883,1.31523878459272,0.06025282947208958,0.11293048325508973,0.08632193919755267,0.8500784301558328,0.045258578005801214,0.8602104225000191,0.05343468327751049,0.7914583333333334,0.01674331334194838
Twins,twins_misaligned,off-response outcome shift; strength=0,3000,0.0,pi_hat,5,32,600.0,0.0,493.90625,9.673932030849711,0.8231770833333333,0.016123220051416184,0.8210380756943958,0.0038888589581668374,0.9794683648645878,0.003003541696137881,0.4118028522394659,0.018153636499033628,-0.16802108451315295,0.02029341584138761,0.16959356641380663,0.004652318145940584,0.5507319429001079,0.016643251383540645,0.15629128153125446,0.01522606156203806,1.3248746508996436,0.05192318747539224,0.15191264636026514,0.11385909069708691,0.8787108909964484,0.05334103734214261,0.8895894331598391,0.06686211303162284,0.8231770833333333,0.016123220051416184
Twins,twins_misaligned,off-response outcome shift; strength=0,3000,0.0,true_pi,1,32,600.0,0.0,31.59375,3.9119957742180653,0.05265625,0.00651999295703011,0.05,0.0,0.053353776674909176,0.006883371584279335,0.2523027221179057,0.016388046302067485,-0.28251561332999,0.06863000037558636,0.11788414106849968,0.013470388713253532,0.38291797070366584,0.044883934146831735,0.0006975266749091702,0.005488255374603698,1.3423357403029077,0.2225133791020126,-0.1685283346102599,0.3702285332608586,0.9362306583034963,0.05460001572678436,0.947937654495205,0.07067258015350132,0.05265625,0.00651999295703011
Twins,twins_misaligned,off-response outcome shift; strength=0,3000,0.0,true_pi,2,32,600.0,0.0,402.125,17.698428602562434,0.6702083333333333,0.029497381004270722,0.6670978060101153,0.021007714540469895,0.6937883417629452,0.027996009781110748,0.4979375632425453,0.015567998152925339,-0.12890906982430272,0.07545743805239175,0.22761258620271807,0.0076606694097052595,0.7391698167218756,0.027379166104962844,0.023580008429611894,0.009204225930956334,1.322673699842245,0.0519141546589364,0.09747332162174993,0.07803134625512799,0.8830904403794166,0.04412886117298907,0.8934252450866456,0.049298465506190596,0.6702083333333333,0.029497381004270722
Twins,twins_misaligned,off-response outcome shift; strength=0,3000,0.0,true_pi,3,32,600.0,0.0,459.75,7.810249675906654,0.76625,0.013017082793177752,0.7614881226055318,0.00183004898062723,0.7918284374394837,0.015419105044990413,0.4668333429647945,0.009752841561778549,-0.21894197413644226,0.03947139509591787,0.19589601029902506,0.008438436600742316,0.6361289961182968,0.0281366069786143,0.025578437439483723,0.00795491267314449,1.2938989393436473,0.05260321789931508,0.12065965580180307,0.09375858865299444,0.8509482717803019,0.035374842435748545,0.8611714395856548,0.04664787428643171,0.76625,0.013017082793177752
Twins,twins_misaligned,off-response outcome shift; strength=0,3000,0.0,true_pi,4,32,600.0,0.0,489.0,8.870597499605086,0.8150000000000001,0.014784329166008475,0.8163195653748219,0.0014957196024664103,0.8409545602007589,0.014584253951289242,0.42459505364512456,0.014933851151773756,-0.19890934389717962,0.04240813103072998,0.17013050905075233,0.008373892431205081,0.5523371088367205,0.025181165560968003,0.025954560200758956,0.005755385514572591,1.321804807743904,0.05718825004120117,0.14326282922382222,0.0741264076054128,0.8485659199444837,0.04768374578864975,0.8589208967754258,0.058715222223477054,0.8150000000000001,0.014784329166008475
Twins,twins_misaligned,off-response outcome shift; strength=0,3000,0.0,true_pi,5,32,600.0,0.0,524.625,6.641488914392616,0.8743749999999999,0.01106914819065436,0.8719716199453361,0.001105281387360421,0.8947269799596386,0.010829368758638325,0.36349479505294996,0.014568470875305927,-0.20671478538041987,0.050751915196669814,0.148229853280585,0.010672770631207485,0.48138964567501674,0.035608538450186716,0.020351979959638507,0.007845896177713082,1.318609702529932,0.04986480245377745,0.1412264123276961,0.09264331345233277,0.8694786720546497,0.043501118501987394,0.8802063722289758,0.05789188414949232,0.8743749999999999,0.01106914819065436
Twins,twins_misaligned,off-response outcome shift; strength=3,3000,3.0,pi_hat,1,32,600.0,0.0,49.25,11.258330249197702,0.08208333333333334,0.018763883748662835,0.08143700998084426,0.012958716761488473,0.02450127773903418,0.007301805749808425,0.2732797552943283,0.02815545011215728,-0.006796716158132571,0.017972876440217906,0.14285909383914736,0.02476651969765573,0.46477313301854395,0.08462765514276442,-0.05758205559429915,0.012555969658321599,1.3970220847526473,0.14226944495601584,0.2111282314783665,0.24895455995537247,0.9510082805393982,0.04186891161881841,0.8816573274337841,0.04732491800788823,0.08208333333333334,0.018763883748662835
Twins,twins_misaligned,off-response outcome shift; strength=3,3000,3.0,pi_hat,2,32,600.0,0.0,413.59375,16.684310322500597,0.6893229166666667,0.027807183870834338,0.6952962130463476,0.018322272649835446,0.5140379421572046,0.03145441975733475,0.4936393757189259,0.009780253495299793,-0.14465603312518605,0.06473372885929285,0.2787439839158788,0.017012703261533486,0.9051342325304249,0.05028191157535358,-0.1752849745094621,0.02766327328829267,1.3373784199186454,0.0509752064950251,0.2112475370769839,0.0843283129730278,0.8884230235711121,0.04338320434070918,0.8241200448803838,0.05582744653564826,0.6893229166666667,0.027807183870834338
Twins,twins_misaligned,off-response outcome shift; strength=3,3000,3.0,pi_hat,3,32,600.0,0.0,462.3125,11.086132948418037,0.7705208333333333,0.018476888247363397,0.7767151080284767,0.00458806708662381,0.8215772643033415,0.014031861893065368,0.42507450238012384,0.013639031778336932,-0.02453398924414882,0.011865393752507315,0.10231106823358989,0.011006944399026861,0.332381813482704,0.03613961520401611,0.05105643097000817,0.018104071831980005,1.30572934123896,0.04708539908968131,0.18148376420380447,0.07571811531551786,0.8668429296372794,0.03615687467725622,0.8037506749192875,0.04394796919398404,0.7705208333333333,0.018476888247363397
Twins,twins_misaligned,off-response outcome shift; strength=3,3000,3.0,pi_hat,4,32,600.0,0.0,480.0,11.115867037707854,0.8,0.01852644506284643,0.7953070438392086,0.0036125625617183877,0.927150348710517,0.006503188534838125,0.4193927509897241,0.018201016562765168,-0.10259187149139948,0.019093413524055407,0.14982306185461228,0.00765150982354554,0.4867313356710351,0.026264336809483955,0.1271503487105171,0.015908950749848324,1.3287868314463194,0.05888340982864163,0.18150332875087308,0.07879762365727927,0.8764657575426741,0.040347428657181855,0.8125037566822044,0.044072424169128696,0.8,0.01852644506284643
Twins,twins_misaligned,off-response outcome shift; strength=3,3000,3.0,pi_hat,5,32,600.0,0.0,496.0625,11.955483835880504,0.8267708333333332,0.01992580639313418,0.8232008432324153,0.0047034868088382574,0.9797556808684021,0.0025419295523783263,0.4073115492196894,0.023068351939301658,-0.16300319651627831,0.025945320557791706,0.167393788216077,0.005712448097326074,0.5437557377981375,0.01942185336470428,0.1529848475350688,0.018452937942254465,1.34306647613229,0.053520598057140704,0.17508185433295062,0.11241060721109185,0.8908715088500653,0.04566336993739418,0.8262147284159294,0.05426798662802022,0.8267708333333332,0.01992580639313418
Twins,twins_misaligned,off-response outcome shift; strength=3,3000,3.0,true_pi,1,32,600.0,0.0,31.3125,5.4683035532055095,0.052187500000000005,0.009113839255342515,0.05,0.0,0.053577450358036696,0.009413156905001663,0.2531944941860693,0.021140528505797177,-0.3089648651203169,0.08253265004997527,0.1217331266126136,0.015724967101104,0.39569886913447694,0.052713475187362926,0.001389950358036695,0.005841878801746448,1.3156498905560912,0.16276389631871763,-0.01110482707659314,0.26636200759139383,0.9450724606850102,0.039361527250166825,0.8761605131977614,0.045436485450720356,0.052187500000000005,0.009113839255342515
Twins,twins_misaligned,off-response outcome shift; strength=3,3000,3.0,true_pi,2,32,600.0,0.0,396.25,19.20774583338711,0.6604166666666667,0.03201290972231186,0.6699186722527859,0.02443080132987305,0.6832891605099375,0.03576100278607756,0.5035686904007588,0.017508586949757095,-0.1388862332237844,0.08688552039062718,0.23246174058130692,0.00906429095672283,0.7551919453763403,0.032258184380455635,0.022872493843270832,0.01103395926455316,1.3490392545611678,0.053004190766913456,0.1961992317385456,0.07465496643521907,0.9200623856739529,0.040349462374461055,0.853045416963899,0.0470970171272846,0.6604166666666667,0.03201290972231186
Twins,twins_misaligned,off-response outcome shift; strength=3,3000,3.0,true_pi,3,32,600.0,0.0,458.03125,9.345735574982848,0.7633854166666667,0.015576225958304738,0.7625056908624759,0.0024862664240134463,0.7901328877863246,0.01418631836253541,0.4664915144544531,0.014116561008682462,-0.20725597216571734,0.04262184087999554,0.19903808351528018,0.00890711106008521,0.6465768753080825,0.03032521031098453,0.026747471119657952,0.010493102487384554,1.3267473810673736,0.05377906950665503,0.1748518343627965,0.07531435717889493,0.8677833662356365,0.04309738773866289,0.8048202291801287,0.05198057072216225,0.7633854166666667,0.015576225958304738
Twins,twins_misaligned,off-response outcome shift; strength=3,3000,3.0,true_pi,4,32,600.0,0.0,491.1875,9.97320629236155,0.8186458333333333,0.016622010487269245,0.8170610969292407,0.002420846492722861,0.8465838927442201,0.017078010230525884,0.41875720571313424,0.018758045957567467,-0.18466353212278874,0.04002367008523161,0.16916160866391505,0.01146175375161661,0.5493813098161344,0.035665149152953185,0.027938059410886732,0.008445091073267278,1.3136400555561987,0.058112552925695705,0.17462529316062336,0.09039836131770222,0.8546744223543308,0.040512187886799125,0.792414584341985,0.04582341769099535,0.8186458333333333,0.016622010487269245
Twins,twins_misaligned,off-response outcome shift; strength=3,3000,3.0,true_pi,5,32,600.0,0.0,524.4375,7.322642538728761,0.8740625,0.012204404231214607,0.8724707580827903,0.001374857402115783,0.8934391223799807,0.011892660174288004,0.36132612287322974,0.0160875893719145,-0.190125180505255,0.044390931549568885,0.14977377443617862,0.0097829352646812,0.4864623263555058,0.031147230103685263,0.01937662237998059,0.0059602498463676625,1.334615058661473,0.06361839856779668,0.1705789396891236,0.11876853407737364,0.8851199011331928,0.04819003768772569,0.8210058675160925,0.05780772747317501,0.8740625,0.012204404231214607
Twins,twins_semisynth,low-response outcome shift; strength=0,3000,0.0,pi_hat,1,32,600.0,0.0,45.5625,12.41455169347649,0.0759375,0.020690919489127487,0.07783405929520873,0.015105117383268848,0.023855615279904707,0.007962403833168331,0.2620512383541648,0.031875505027532364,-0.0018400617175397226,0.024580564741962744,0.13355470115464033,0.027293817021521095,0.4343366722329663,0.09354572413506743,-0.05208188472009529,0.014250614081809929,1.3311362212117475,0.17251034937763815,0.08548366424922038,0.37144393504289547,0.9380422983581898,0.061798243537594895,0.9438869706914587,0.07723269452832879,0.0759375,0.020690919489127487
Twins,twins_semisynth,low-response outcome shift; strength=0,3000,0.0,pi_hat,2,32,600.0,0.0,419.25,17.098976577561594,0.69875,0.028498294295935988,0.6972412999188218,0.02122394203056813,0.5167941965907812,0.03555356979246471,0.49154288317413763,0.01043105622779314,-0.15470240966156645,0.05362221676353539,0.2761903719870495,0.019588530891172736,0.8957283475169534,0.05653576297487792,-0.1819558034092188,0.021703381249350357,1.3257005317025223,0.04781901908912056,0.14392987853623462,0.09449724916475748,0.8755179957488902,0.044587835380969616,0.8808202332896216,0.05966311096762931,0.69875,0.028498294295935988
Twins,twins_semisynth,low-response outcome shift; strength=0,3000,0.0,pi_hat,3,32,600.0,0.0,464.0,11.5,0.7733333333333334,0.019166666666666676,0.7778615533382391,0.0036432346439856803,0.8229338881963243,0.01378140131143038,0.42403779224476956,0.014002984323092106,-0.028697734792969394,0.01188663008192853,0.10067567204128569,0.01269499520775367,0.3268070312993321,0.042403016088606395,0.049600554862990975,0.020310705502508044,1.304035421324722,0.05167344508624873,0.12491644229378263,0.08580246852240749,0.8573760460038056,0.04664229005798904,0.8621511466354792,0.054636964508339055,0.7733333333333334,0.019166666666666676
Twins,twins_semisynth,low-response outcome shift; strength=0,3000,0.0,pi_hat,4,32,600.0,0.0,481.03125,11.775197384226729,0.80171875,0.01962532897371121,0.7960346067962016,0.003961554923346019,0.9261576746311039,0.007373553948432703,0.41723809264960254,0.019270328027411385,-0.09886037847311652,0.019496700437321633,0.14717381441938707,0.0064173743441524106,0.47764812214556884,0.022430257166852687,0.12443892463110387,0.015663444922397313,1.3154717590189255,0.04212202819532714,0.1118903539217968,0.08137967382522354,0.8503823510238713,0.03570747764419314,0.8549042666253588,0.04093045343095342,0.80171875,0.01962532897371121
Twins,twins_semisynth,low-response outcome shift; strength=0,3000,0.0,pi_hat,5,32,600.0,0.0,490.40625,9.98079209970331,0.81734375,0.016634653499505506,0.8217453277647349,0.004273732370207466,0.9792850244790317,0.0027371907111447104,0.418383873833605,0.01858221300139099,-0.1755159276570128,0.0214557401963288,0.16882697200113778,0.005136259245548311,0.5479989478976863,0.021364163940481976,0.16194127447903156,0.01510708503420973,1.3334551844592069,0.04513089623426731,0.15940764958617248,0.10295871969008677,0.8745206559922565,0.04200294851643499,0.8789863990697675,0.04237104924621007,0.81734375,0.016634653499505506
Twins,twins_semisynth,low-response outcome shift; strength=0,3000,0.0,true_pi,1,32,600.0,0.0,29.71875,6.709295673727608,0.04953125,0.01118215945621268,0.05167655716354802,0.006494639108302592,0.0529235989390988,0.013582500600031099,0.24387765968694017,0.023376375327165314,-0.28750784698922865,0.11304639148876845,0.11779820596079364,0.0193027029270105,0.38244163168239254,0.06443415426782073,0.0033923489390988004,0.0067417401318503765,1.3264595543101625,0.13723932986841775,-0.11962801561151629,0.3718634207525167,0.9347224712321429,0.06284668529520296,0.9405826346951534,0.07855513938243269,0.04953125,0.01118215945621268
Twins,twins_semisynth,low-response outcome shift; strength=0,3000,0.0,true_pi,2,32,600.0,0.0,399.125,20.639388920217574,0.6652083333333334,0.03439898153369596,0.66647440449284,0.024662220256327177,0.6889903681045895,0.03762849102156096,0.4981127614047535,0.018105188090037826,-0.12421960153670031,0.09440834288012985,0.22841864441219417,0.010801793132711459,0.741339323779129,0.03765442012401831,0.023782034771256046,0.010072838321201231,1.3356126875874188,0.06242051795449512,0.09585906715106476,0.09172380157855667,0.9060426877308121,0.04689254151726545,0.9112081947874147,0.057428711413966244,0.6652083333333334,0.03439898153369596
Twins,twins_semisynth,low-response outcome shift; strength=0,3000,0.0,true_pi,3,32,600.0,0.0,457.21875,11.512857961318728,0.76203125,0.019188096602197866,0.7625617558314062,0.002439531357775464,0.7895086733653321,0.019073945197829092,0.471418340773311,0.01727945368334601,-0.22895411627098294,0.0440704926523834,0.19809605082259718,0.010860494126585952,0.6427520675103033,0.0341262564587615,0.027477423365332165,0.00888298038136204,1.3169124779059325,0.05607927752527008,0.13424522814299225,0.0849328372405136,0.8551751052895182,0.05316443990539262,0.8594680088587352,0.051905783691719914,0.76203125,0.019188096602197866
Twins,twins_semisynth,low-response outcome shift; strength=0,3000,0.0,true_pi,4,32,600.0,0.0,489.78125,10.72303121498301,0.8163020833333334,0.01787171869163835,0.8175520683241059,0.0026210212366283656,0.8424086464097256,0.015985177661567134,0.42175270768739537,0.01800214622536391,-0.19060169924794682,0.036083804628456735,0.16912671254806785,0.009348300218643454,0.548854333925255,0.0311736751806627,0.026106563076392225,0.008337669470804242,1.3089701384971832,0.05628167991928085,0.1595770015327943,0.08653541903569581,0.8393910776062249,0.04496270646628345,0.8438107014391114,0.0478131377540012,0.8163020833333334,0.01787171869163835
Twins,twins_semisynth,low-response outcome shift; strength=0,3000,0.0,true_pi,5,32,600.0,0.0,524.40625,5.53319174956914,0.8740104166666667,0.009221986249281909,0.872452061301306,0.0011412774623138374,0.8951951123583998,0.01027848899007598,0.3631886648981111,0.01254714457959958,-0.2004801534185845,0.04366051278712773,0.14526809218538345,0.00887812863384917,0.47137327541808816,0.028635794707872173,0.02118469569173309,0.007149346628446289,1.3213439805585216,0.04441044834423611,0.15852909895330375,0.10085248519858997,0.858937658070825,0.03486087617506194,0.8640901520106794,0.05226264195993844,0.8740104166666667,0.009221986249281909
Twins,twins_semisynth,low-response outcome shift; strength=3,3000,3.0,pi_hat,1,32,600.0,0.0,45.78125,11.351581318807526,0.07630208333333333,0.018919302198012543,0.07719569668804167,0.013315824283726685,0.022180036911578705,0.0064804390540371655,0.26360912277889004,0.028594510881326612,-0.005350800566867233,0.024477444251981444,0.13435211991529197,0.0266850321512484,0.43535391012747415,0.09075513170848853,-0.054122046421754624,0.013190064127471481,1.5417854368034756,0.17141267942188895,-0.0026914787013594538,0.33294430777316236,1.1312616339489256,0.057690780334739566,1.0501735270438401,0.06555945111916962,0.07630208333333333,0.018919302198012543
Twins,twins_semisynth,low-response outcome shift; strength=3,3000,3.0,pi_hat,2,32,600.0,0.0,416.15625,14.50023572006676,0.69359375,0.0241670595334446,0.6914784343682108,0.0156824624448124,0.5114669405195551,0.025151894707265404,0.4911528938640448,0.008798994687463733,-0.140328805730339,0.055012366132926545,0.27820899690672307,0.016043781431601727,0.89960367908504,0.04926011557912723,-0.18212680948044485,0.020601349027240944,1.328090801841152,0.049485208616700874,0.0985754000405289,0.11036246310727835,0.8992291917887986,0.040107418455293385,0.8351329964403074,0.053414233894838965,0.69359375,0.0241670595334446
Twins,twins_semisynth,low-response outcome shift; strength=3,3000,3.0,pi_hat,3,32,600.0,0.0,469.5,11.127106542133943,0.7825,0.018545177570223226,0.7776843691890346,0.004280914488602459,0.8223196858757486,0.010733540173879426,0.416373926210725,0.01398288679373867,-0.02154849738476631,0.012364308386025247,0.09976870318093675,0.00936682551464985,0.3225627263067084,0.02925246580877269,0.03981968587574859,0.01808150836572715,1.3192208326765962,0.05171385358220236,0.10821883473486624,0.0845562422486692,0.8521754917546497,0.03696403396611764,0.7911053993481706,0.04411586918523546,0.7825,0.018545177570223226
Twins,twins_semisynth,low-response outcome shift; strength=3,3000,3.0,pi_hat,4,32,600.0,0.0,477.78125,8.662903580064826,0.7963020833333334,0.014438172633441377,0.7959740712091481,0.0035986818252346535,0.9266311195679009,0.005376533625275446,0.4232774038355508,0.014152153742735877,-0.10643277593938039,0.017932245386004894,0.14932469618123267,0.008171250119000922,0.48292052809713976,0.02620553719877237,0.13032903623456757,0.014361748514407148,1.3245084873197226,0.03684920412147171,0.10334279204768468,0.09425203798882856,0.8577645681476507,0.031163046836358895,0.7963391536008431,0.041510719317661295,0.7963020833333334,0.014438172633441377
Twins,twins_semisynth,low-response outcome shift; strength=3,3000,3.0,pi_hat,5,32,600.0,0.0,488.25,11.036870027322058,0.81375,0.01839478337887009,0.8213654883985098,0.004638852853288962,0.9794205034182717,0.0021474862513113507,0.4222930540325141,0.020539211330597162,-0.1801220848964491,0.02644763383295567,0.16993667412502705,0.006150949297247951,0.5495417433984962,0.0185653557952896,0.16567050341827172,0.01816838603192851,1.3483643078216614,0.05851664281049918,0.15235817545609331,0.10143035026735077,0.8927451805711852,0.04878555097875267,0.8289221740430698,0.056696015897881785,0.81375,0.01839478337887009
Twins,twins_semisynth,low-response outcome shift; strength=3,3000,3.0,true_pi,1,32,600.0,0.0,29.15625,4.528447409156918,0.048593750000000005,0.007547412348594864,0.050328370082579954,0.0012986340102506774,0.051485848815894616,0.009251157296414325,0.2444992249300223,0.01831361873149946,-0.30714651304736496,0.10893736389151025,0.11883064034519233,0.017891716220204686,0.384387554652829,0.05870343319504919,0.0028920988158946176,0.007298841998431795,1.585444515093976,0.21716762014409816,-0.35408441813515723,0.30298332903712505,1.135197688760158,0.048912241487443685,1.0537242970154739,0.056927812522961266,0.048593750000000005,0.007547412348594864
Twins,twins_semisynth,low-response outcome shift; strength=3,3000,3.0,true_pi,2,32,600.0,0.0,397.25,16.136139563104926,0.6620833333333334,0.026893565938508213,0.6610510362645128,0.024168260218217653,0.6832342607200659,0.02831505474618065,0.49992279708689547,0.017375860278205268,-0.12377024881995143,0.08907991417686902,0.23000363870637103,0.011642420853836492,0.7440022426074422,0.04044954622169736,0.021150927386732597,0.010344129027917657,1.350161775055292,0.06143860225464944,0.0652695027200971,0.09937457938257033,0.9109339695722674,0.039886593309968695,0.8457316761771996,0.04914745296765151,0.6620833333333334,0.026893565938508213
Twins,twins_semisynth,low-response outcome shift; strength=3,3000,3.0,true_pi,3,32,600.0,0.0,456.75,11.067971810589327,0.76125,0.018446619684315553,0.762103434864625,0.001979138819080118,0.7885677054068099,0.01731683013710427,0.47062922622790965,0.01451604173703984,-0.222076744984328,0.03612391617368212,0.20002291917562587,0.008330637963916152,0.6469235238725697,0.027732145624085432,0.02731770540680979,0.008581613517195313,1.3149500905445786,0.03743695778627908,0.11128029538997468,0.09294420690577111,0.8557436019978379,0.034219733888331626,0.7949589560356511,0.05159222718826134,0.76125,0.018446619684315553
Twins,twins_semisynth,low-response outcome shift; strength=3,3000,3.0,true_pi,4,32,600.0,0.0,491.0,8.147085368400163,0.8183333333333334,0.013578475614000267,0.8173932463002547,0.001930481839224877,0.8444373206989895,0.013510982036039442,0.4201425954905691,0.014381450275775209,-0.1901075538035778,0.041812778194128326,0.16835869164518308,0.009250854098185145,0.5445161512580503,0.030590453352131595,0.02610398736565609,0.009492759770154157,1.323437888847439,0.05325543605487283,0.15050957622178007,0.10880561285671929,0.855034057610611,0.03316051409596704,0.7938871673999596,0.04433390700986518,0.8183333333333334,0.013578475614000267
Twins,twins_semisynth,low-response outcome shift; strength=3,3000,3.0,true_pi,5,32,600.0,0.0,523.3125,6.802745309799566,0.8721875,0.01133790884966594,0.8728219723409724,0.0010316617334179012,0.8942931506512954,0.01164649786292627,0.36645063427188956,0.015518896887375256,-0.20807768109865377,0.03827382106484684,0.14713692829268527,0.01032375853479634,0.4758520741413324,0.033192294531679774,0.02210565065129534,0.007037951380117229,1.3378857444218553,0.05509574654278251,0.15326897102350281,0.09303476238614809,0.8755835345395185,0.04713932261135557,0.8128332033578303,0.05164671764743923,0.8721875,0.01133790884966594
