design,mar_design,n,epsilon,strength,analysis_region,reference_method,propensity_mode,learner,propensity_learner,repair_mode,region_damp,region_damp_grid,validation_risk,validation_region_weight,validation_loss_se,selector,lepski_c,region_quantile,region_min_observed,region_kappa_floor,region_selector_ablation,region_detector_c,reps,bootstraps,rep,elapsed_s,ref_error,rt_error,shrink_error,delta,vd,gamma,weight,selected_tau,selected_region_damp,selected_repair_kind,targeting_moment,targeting_score_gap,ma_trimmed_fraction,ma_xi_derivative_1,ma_bias_correction_mean,cui_selected_propensity_learner,cui_selected_outcome_learner,cui_pseudo_risk,gl_original_bias_proxy,gl_selected_bias_proxy,gl_selected_variance_proxy,gl_selected_risk_proxy,global_dr_selected_bias_proxy,global_dr_selected_variance_proxy,global_dr_selected_risk_proxy,analysis_region_mass,true_region_mass,region_overlap_precision,region_overlap_recall,analysis_observed,true_region_observed,analysis_response_rate,true_region_response_rate,analysis_bias_ref,analysis_bias_repair,analysis_abs_bias_reduction,true_region_bias_ref,true_region_bias_repair,true_region_abs_bias_reduction,analysis_underfit_rmse_ref,analysis_underfit_rmse_repair,true_region_underfit_rmse_ref,true_region_underfit_rmse_repair
real_breast_cancer_aligned,box,6000,0.05,0.0,estimated_residual_lowp_supported,ctmle,estimated,xgboost,xgboost,if_residual,1.0,0.0|0.25|0.5|1.0,aipw_variance,-1.0,1.0,obsval,4.0,0.1,30,0.1,crossfit_rank_empty_standdown,1.0,4,50,1,481.30062439478934,-0.011116108295654514,-0.011116108295654514,-0.011116108295654514,0.0,5.305791184783597e-05,-2.1764948645854488e-05,0.0,0.5,0.0,reference,-2.3684757858670005e-18,0.0,nan,nan,nan,,,nan,nan,nan,nan,nan,nan,nan,nan,0.0,0.13116666666666665,nan,0.0,0,39,nan,0.04955527318932656,0.0,0.0,0.0,0.003337916407842942,0.003337916407842942,0.0,nan,nan,0.6661239797231874,0.6661239797231874
real_breast_cancer_aligned,box,6000,0.05,0.0,estimated_residual_lowp_supported,ctmle,estimated,xgboost,xgboost,if_residual,1.0,0.0|0.25|0.5|1.0,aipw_variance,-1.0,1.0,obsval,4.0,0.1,30,0.1,crossfit_rank_empty_standdown,1.0,4,50,2,965.0959032038227,-0.0038658850955536894,-0.0038658850955536894,-0.0038658850955536894,0.0,3.654222090627643e-05,-4.395404119754594e-05,0.0,0.5,0.0,reference,-2.960594732333751e-18,0.0,nan,nan,nan,,,nan,nan,nan,nan,nan,nan,nan,nan,0.1,0.13266666666666665,0.8433333333333334,0.635678391959799,57,42,0.095,0.052763819095477386,0.005132670271401049,0.005132670271401049,0.0,0.008527686412380156,0.008527686412380156,0.0,0.6019623200863198,0.6019623200863198,0.5994795085211403,0.5994795085211403
real_breast_cancer_aligned,box,6000,0.05,0.0,estimated_residual_lowp_supported,ctmle,estimated,xgboost,xgboost,if_residual,1.0,0.0|0.25|0.5|1.0,aipw_variance,-1.0,1.0,obsval,4.0,0.1,30,0.1,crossfit_rank_empty_standdown,1.0,4,50,3,1450.3446654062718,0.06143048606883322,0.06143048606883322,0.06143048606883322,0.0,4.3279543394769736e-05,-2.1188857787157115e-05,0.0,0.5,0.0,reference,1.5987211554602253e-17,0.0,nan,nan,nan,,,nan,nan,nan,nan,nan,nan,nan,nan,0.1,0.13016666666666668,0.8033333333333333,0.617157490396927,65,37,0.10833333333333334,0.04737516005121639,0.017168377672393233,0.017168377672393233,0.0,0.02262492271509669,0.02262492271509669,0.0,0.6596533692545887,0.6596533692545887,0.6749235199925829,0.6749235199925829
real_breast_cancer_aligned,box,6000,0.05,0.0,estimated_residual_lowp_supported,ctmle,estimated,xgboost,xgboost,if_residual,1.0,0.0|0.25|0.5|1.0,aipw_variance,-1.0,1.0,obsval,4.0,0.1,30,0.1,crossfit_rank_empty_standdown,1.0,4,50,4,1923.2521809944883,0.0027655387081022,0.0027655387081022,0.0027655387081022,0.0,5.23594796064781e-05,-1.4704274936661694e-05,0.0,0.5,0.0,reference,0.0,0.0,nan,nan,nan,,,nan,nan,nan,nan,nan,nan,nan,nan,0.05,0.132,0.8733333333333333,0.33080808080808083,30,35,0.1,0.04419191919191919,-0.0012810206982817875,-0.0012810206982817875,0.0,0.010056089165554317,0.010056089165554317,0.0,0.6985349057603069,0.6985349057603069,0.746111091027828,0.746111091027828
real_breast_cancer_aligned,box,6000,0.05,0.0,estimated_residual_lowp_supported,ctmle,estimated,xgboost,xgboost,if_residual,1.0,0.0|0.25|0.5|1.0,aipw_variance,-1.0,1.0,obsval,4.0,0.1,30,0.1,crossfit_rank_empty_standdown,1.0,4,50,1,485.71032526157796,0.0656225016792602,0.0656225016792602,0.0656225016792602,0.0,4.62313624451855e-05,-5.798589584347393e-05,0.0,0.5,0.0,reference,4.736951571734001e-18,-5.551115123125783e-17,nan,nan,nan,,,nan,nan,nan,nan,nan,nan,nan,nan,0.0,0.13066666666666665,nan,0.0,0,37,nan,0.047193877551020405,0.0,0.0,0.0,0.050645910746250536,0.050645910746250536,0.0,nan,nan,0.7666984915903363,0.7666984915903363
real_breast_cancer_aligned,box,6000,0.05,0.0,estimated_residual_lowp_supported,ctmle,estimated,xgboost,xgboost,if_residual,1.0,0.0|0.25|0.5|1.0,aipw_variance,-1.0,1.0,obsval,4.0,0.1,30,0.1,crossfit_rank_empty_standdown,1.0,4,50,2,960.4694131538272,0.05937609441167241,0.05937609441167241,0.05937609441167241,0.0,5.261786439694912e-05,-5.3388837051707215e-05,0.0,0.5,0.0,reference,6.5133084111342516e-18,0.0,nan,nan,nan,,,nan,nan,nan,nan,nan,nan,nan,nan,0.0,0.13166666666666665,nan,0.0,0,26,nan,0.03291139240506329,0.0,0.0,0.0,0.03441118464191692,0.03441118464191692,0.0,nan,nan,0.6708295308303142,0.6708295308303142
real_breast_cancer_aligned,box,6000,0.05,0.0,estimated_residual_lowp_supported,ctmle,estimated,xgboost,xgboost,if_residual,1.0,0.0|0.25|0.5|1.0,aipw_variance,-1.0,1.0,obsval,4.0,0.1,30,0.1,crossfit_rank_empty_standdown,1.0,4,50,3,1440.6022444702685,0.044778506827067466,0.044778506827067466,0.044778506827067466,0.0,4.7682854045299605e-05,-1.06980137100322e-06,0.0,0.5,0.0,reference,-4.736951571734001e-18,0.0,nan,nan,nan,,,nan,nan,nan,nan,nan,nan,nan,nan,0.0,0.13866666666666666,nan,0.0,0,37,nan,0.04447115384615385,0.0,0.0,0.0,0.0223109600066831,0.0223109600066831,0.0,nan,nan,0.6237660172971483,0.6237660172971483
real_breast_cancer_aligned,box,6000,0.05,0.0,estimated_residual_lowp_supported,ctmle,estimated,xgboost,xgboost,if_residual,1.0,0.0|0.25|0.5|1.0,aipw_variance,-1.0,1.0,obsval,4.0,0.1,30,0.1,crossfit_rank_empty_standdown,1.0,4,50,4,1916.692774576135,0.05990681965541522,0.05990681965541522,0.05990681965541522,0.0,6.0239391885777644e-05,-2.684796458171093e-06,0.0,0.5,0.0,reference,-5.921189464667501e-19,-5.551115123125783e-17,nan,nan,nan,,,nan,nan,nan,nan,nan,nan,nan,nan,0.1,0.13266666666666665,0.8016666666666666,0.6042713567839196,64,49,0.10666666666666667,0.06155778894472362,0.02315894905062006,0.02315894905062006,0.0,0.029531291055993777,0.029531291055993777,0.0,0.6655745997660966,0.6655745997660966,0.6457110059074389,0.6457110059074389
real_breast_cancer_aligned,box,6000,0.05,0.0,estimated_residual_lowp_supported,ctmle,estimated,xgboost,xgboost,if_residual,1.0,0.0|0.25|0.5|1.0,aipw_variance,-1.0,1.0,obsval,4.0,0.1,30,0.1,crossfit_rank_empty_standdown,1.0,4,50,1,483.36633594799787,0.029776751803037627,0.029776751803037627,0.029776751803037627,0.0,3.585493174874032e-05,-1.2317593899554722e-05,0.0,0.5,0.0,reference,9.473903143468002e-18,0.0,nan,nan,nan,,,nan,nan,nan,nan,nan,nan,nan,nan,0.0,0.13,nan,0.0,0,30,nan,0.038461538461538464,0.0,0.0,0.0,0.032669398073442324,0.032669398073442324,0.0,nan,nan,0.7374697125900487,0.7374697125900487
real_breast_cancer_aligned,box,6000,0.05,0.0,estimated_residual_lowp_supported,ctmle,estimated,xgboost,xgboost,if_residual,1.0,0.0|0.25|0.5|1.0,aipw_variance,-1.0,1.0,obsval,4.0,0.1,30,0.1,crossfit_rank_empty_standdown,1.0,4,50,2,966.3470410080627,0.03438251031290546,0.03438251031290546,0.03438251031290546,0.0,4.7079206326808396e-05,-1.1293989911006195e-05,0.0,0.5,0.0,reference,3.552713678800501e-18,5.551115123125783e-17,nan,nan,nan,,,nan,nan,nan,nan,nan,nan,nan,nan,0.0,0.12633333333333333,nan,0.0,0,35,nan,0.04617414248021108,0.0,0.0,0.0,0.02285987273517541,0.02285987273517541,0.0,nan,nan,0.6306054586792182,0.6306054586792182
real_breast_cancer_aligned,box,6000,0.05,0.0,estimated_residual_lowp_supported,ctmle,estimated,xgboost,xgboost,if_residual,1.0,0.0|0.25|0.5|1.0,aipw_variance,-1.0,1.0,obsval,4.0,0.1,30,0.1,crossfit_rank_empty_standdown,1.0,4,50,3,1453.532070890069,-0.009612601129436349,-0.009612601129436349,-0.009612601129436349,0.0,5.2648600299632677e-05,-1.5898938784413463e-05,0.0,0.5,0.0,reference,1.3026616822268503e-17,0.0,nan,nan,nan,,,nan,nan,nan,nan,nan,nan,nan,nan,0.0,0.12783333333333333,nan,0.0,0,45,nan,0.05867014341590613,0.0,0.0,0.0,0.0014199468216527667,0.0014199468216527667,0.0,nan,nan,0.6695171080156391,0.6695171080156391
real_breast_cancer_aligned,box,6000,0.05,0.0,estimated_residual_lowp_supported,ctmle,estimated,xgboost,xgboost,if_residual,1.0,0.0|0.25|0.5|1.0,aipw_variance,-1.0,1.0,obsval,4.0,0.1,30,0.1,crossfit_rank_empty_standdown,1.0,4,50,4,1933.1054160837084,-0.010091940770043495,-0.010091940770043495,-0.010091940770043495,0.0,3.486001284299452e-05,-6.211969900172436e-06,0.0,0.5,0.0,reference,1.1842378929335003e-18,0.0,nan,nan,nan,,,nan,nan,nan,nan,nan,nan,nan,nan,0.1,0.12933333333333333,0.84,0.6494845360824743,61,34,0.10166666666666667,0.04381443298969072,0.004637399977685736,0.004637399977685736,0.0,0.00772201081433875,0.00772201081433875,0.0,0.5866676770753586,0.5866676770753586,0.6012547870534942,0.6012547870534942
real_breast_cancer_aligned,box,6000,0.05,0.0,estimated_residual_lowp_supported,ctmle,estimated,xgboost,xgboost,if_residual,1.0,0.0|0.25|0.5|1.0,aipw_variance,-1.0,1.0,obsval,4.0,0.1,30,0.1,crossfit_rank_empty_standdown,1.0,4,50,1,478.30325129814446,0.04447597774951784,0.04447597774951784,0.04447597774951784,0.0,7.931135638635151e-05,-5.546744376147333e-05,0.0,0.5,0.0,reference,1.4210854715202004e-17,-5.551115123125783e-17,nan,nan,nan,,,nan,nan,nan,nan,nan,nan,nan,nan,0.0,0.13466666666666666,nan,0.0,0,35,nan,0.043316831683168314,0.0,0.0,0.0,0.03578533634357177,0.03578533634357177,0.0,nan,nan,0.7015548775414154,0.7015548775414154
real_breast_cancer_aligned,box,6000,0.05,0.0,estimated_residual_lowp_supported,ctmle,estimated,xgboost,xgboost,if_residual,1.0,0.0|0.25|0.5|1.0,aipw_variance,-1.0,1.0,obsval,4.0,0.1,30,0.1,crossfit_rank_empty_standdown,1.0,4,50,2,959.1951811648905,0.020130752382745254,0.020130752382745254,0.020130752382745254,0.0,5.063220246370032e-05,-2.1137438237220395e-05,0.0,0.5,0.0,reference,1.0658141036401503e-17,0.0,nan,nan,nan,,,nan,nan,nan,nan,nan,nan,nan,nan,0.1,0.1305,0.85,0.6513409961685823,56,42,0.09333333333333334,0.05363984674329502,0.006916769539124024,0.006916769539124024,0.0,0.007124060855923734,0.007124060855923734,0.0,0.6266121431862915,0.6266121431862915,0.6137700648707803,0.6137700648707803
real_breast_cancer_aligned,box,6000,0.05,0.0,estimated_residual_lowp_supported,ctmle,estimated,xgboost,xgboost,if_residual,1.0,0.0|0.25|0.5|1.0,aipw_variance,-1.0,1.0,obsval,4.0,0.1,30,0.1,crossfit_rank_empty_standdown,1.0,4,50,3,1440.8985696872696,-0.025251821309094896,-0.025251821309094896,-0.025251821309094896,0.0,3.742737395353549e-05,-3.1047574899981546e-05,0.0,0.5,0.0,reference,-1.1842378929335003e-18,0.0,nan,nan,nan,,,nan,nan,nan,nan,nan,nan,nan,nan,0.0,0.13583333333333333,nan,0.0,0,53,nan,0.06503067484662577,0.0,0.0,0.0,-0.0005093134992011118,-0.0005093134992011118,0.0,nan,nan,0.6125214723255914,0.6125214723255914
real_breast_cancer_aligned,box,6000,0.05,0.0,estimated_residual_lowp_supported,ctmle,estimated,xgboost,xgboost,if_residual,1.0,0.0|0.25|0.5|1.0,aipw_variance,-1.0,1.0,obsval,4.0,0.1,30,0.1,crossfit_rank_empty_standdown,1.0,4,50,4,1922.8037253944203,0.014214011516992864,0.014214011516992864,0.014214011516992864,0.0,3.9387655297861974e-05,-5.687118581960114e-05,0.0,0.5,0.0,reference,-1.3026616822268503e-17,0.0,nan,nan,nan,,,nan,nan,nan,nan,nan,nan,nan,nan,0.1,0.12833333333333333,0.83,0.6467532467532467,63,39,0.105,0.05064935064935065,0.02468230155717806,0.02468230155717806,0.0,0.029825007934887605,0.029825007934887605,0.0,0.7479738521990713,0.7479738521990713,0.7380702694875573,0.7380702694875573
real_breast_cancer_aligned,box,6000,0.05,0.0,estimated_residual_lowp_supported,ctmle,estimated,xgboost,xgboost,if_residual,1.0,0.0|0.25|0.5|1.0,aipw_variance,-1.0,1.0,obsval,4.0,0.1,30,0.1,crossfit_rank_empty_standdown,1.0,4,50,1,481.1875134119764,0.05392576320137776,0.05392576320137776,0.05392576320137776,0.0,4.953750057106311e-05,-1.1601477340659268e-05,0.0,0.5,0.0,reference,-1.1842378929335003e-18,5.551115123125783e-17,nan,nan,nan,,,nan,nan,nan,nan,nan,nan,nan,nan,0.1,0.12683333333333333,0.8083333333333333,0.6373193166885677,61,40,0.10166666666666667,0.052562417871222074,0.03009044283854607,0.03009044283854607,0.0,0.03911099220535337,0.03911099220535337,0.0,0.6913038821343055,0.6913038821343055,0.6856226461069782,0.6856226461069782
real_breast_cancer_aligned,box,6000,0.05,0.0,estimated_residual_lowp_supported,ctmle,estimated,xgboost,xgboost,if_residual,1.0,0.0|0.25|0.5|1.0,aipw_variance,-1.0,1.0,obsval,4.0,0.1,30,0.1,crossfit_rank_empty_standdown,1.0,4,50,2,960.1224844492972,0.07463561901077242,0.07463561901077242,0.07463561901077242,0.0,6.7982048375212e-05,-1.7051567853296255e-05,0.0,0.5,0.0,reference,-1.6579330501069006e-17,0.0,nan,nan,nan,,,nan,nan,nan,nan,nan,nan,nan,nan,0.0,0.13716666666666666,nan,0.0,0,42,nan,0.05103280680437424,0.0,0.0,0.0,0.027884618544389145,0.027884618544389145,0.0,nan,nan,0.7978019309758252,0.7978019309758252
real_breast_cancer_aligned,box,6000,0.05,0.0,estimated_residual_lowp_supported,ctmle,estimated,xgboost,xgboost,if_residual,1.0,0.0|0.25|0.5|1.0,aipw_variance,-1.0,1.0,obsval,4.0,0.1,30,0.1,crossfit_rank_empty_standdown,1.0,4,50,3,1442.6782960947603,0.021412749121115404,0.021412749121115404,0.021412749121115404,0.0,4.136529563805117e-05,-4.341766381715513e-05,0.0,0.5,0.0,reference,-2.3684757858670005e-18,0.0,nan,nan,nan,,,nan,nan,nan,nan,nan,nan,nan,nan,0.0,0.1335,nan,0.0,0,38,nan,0.04744069912609238,0.0,0.0,0.0,0.010013135114005268,0.010013135114005268,0.0,nan,nan,0.622499992127044,0.622499992127044
real_breast_cancer_aligned,box,6000,0.05,0.0,estimated_residual_lowp_supported,ctmle,estimated,xgboost,xgboost,if_residual,1.0,0.0|0.25|0.5|1.0,aipw_variance,-1.0,1.0,obsval,4.0,0.1,30,0.1,crossfit_rank_empty_standdown,1.0,4,50,4,1920.6854972252622,0.03331709902696328,0.03331709902696328,0.03331709902696328,0.0,3.897461965710774e-05,-2.7514335562789328e-05,0.0,0.5,0.0,reference,4.736951571734001e-18,0.0,nan,nan,nan,,,nan,nan,nan,nan,nan,nan,nan,nan,0.0,0.1305,nan,0.0,0,43,nan,0.05491698595146871,0.0,0.0,0.0,0.033601015085964886,0.033601015085964886,0.0,nan,nan,0.758998002582475,0.758998002582475
real_breast_cancer_aligned,box,6000,0.05,0.0,estimated_residual_lowp_supported,ctmle,estimated,xgboost,xgboost,if_residual,1.0,0.0|0.25|0.5|1.0,aipw_variance,-1.0,1.0,obsval,4.0,0.1,30,0.1,crossfit_rank_empty_standdown,1.0,4,50,1,483.9872599290684,-0.012592589600159021,-0.012592589600159021,-0.012592589600159021,0.0,3.4847979006107804e-05,-1.6977514120655008e-05,0.0,0.5,0.0,reference,4.736951571734001e-18,0.0,nan,nan,nan,,,nan,nan,nan,nan,nan,nan,nan,nan,0.1,0.13533333333333333,0.81,0.5985221674876847,68,44,0.11333333333333333,0.054187192118226604,0.01691194861724776,0.01691194861724776,0.0,0.021955440750197914,0.021955440750197914,0.0,0.7004192490813246,0.7004192490813246,0.7096106887827144,0.7096106887827144
real_breast_cancer_aligned,box,6000,0.05,0.0,estimated_residual_lowp_supported,ctmle,estimated,xgboost,xgboost,if_residual,1.0,0.0|0.25|0.5|1.0,aipw_variance,-1.0,1.0,obsval,4.0,0.1,30,0.1,crossfit_rank_empty_standdown,1.0,4,50,2,970.3200265206397,0.01201629675346727,0.01201629675346727,0.01201629675346727,0.0,6.561045009980315e-05,-1.2906233204934233e-05,0.0,0.5,0.0,reference,-4.736951571734001e-18,0.0,nan,nan,nan,,,nan,nan,nan,nan,nan,nan,nan,nan,0.1,0.131,0.8633333333333333,0.6590330788804071,59,42,0.09833333333333333,0.05343511450381679,0.0025833513889450903,0.0025833513889450903,0.0,0.0025623742267462542,0.0025623742267462542,0.0,0.5727211108099372,0.5727211108099372,0.591944532834983,0.591944532834983
real_breast_cancer_aligned,box,6000,0.05,0.0,estimated_residual_lowp_supported,ctmle,estimated,xgboost,xgboost,if_residual,1.0,0.0|0.25|0.5|1.0,aipw_variance,-1.0,1.0,obsval,4.0,0.1,30,0.1,crossfit_rank_empty_standdown,1.0,4,50,3,1459.5412186328322,0.04534522931067558,0.04534522931067558,0.04534522931067558,0.0,4.222506622527755e-05,-1.785564586483763e-05,0.0,0.5,0.0,reference,4.736951571734001e-18,5.551115123125783e-17,nan,nan,nan,,,nan,nan,nan,nan,nan,nan,nan,nan,0.0,0.13216666666666665,nan,0.0,0,36,nan,0.04539722572509458,0.0,0.0,0.0,0.014793549784963797,0.014793549784963797,0.0,nan,nan,0.6204578942326843,0.6204578942326843
real_breast_cancer_aligned,box,6000,0.05,0.0,estimated_residual_lowp_supported,ctmle,estimated,xgboost,xgboost,if_residual,1.0,0.0|0.25|0.5|1.0,aipw_variance,-1.0,1.0,obsval,4.0,0.1,30,0.1,crossfit_rank_empty_standdown,1.0,4,50,4,1939.206610594876,0.011245282078727936,0.011245282078727936,0.011245282078727936,0.0,4.3705158911863055e-05,8.443771466524791e-06,0.0,0.5,0.0,reference,0.0,0.0,nan,nan,nan,,,nan,nan,nan,nan,nan,nan,nan,nan,0.1,0.13316666666666666,0.8266666666666667,0.6207759699624531,50,39,0.08333333333333333,0.04881101376720901,0.015018220995437311,0.015018220995437311,0.0,0.01899070256448581,0.01899070256448581,0.0,0.6193367828789594,0.6193367828789594,0.6167774899868346,0.6167774899868346
real_breast_cancer_aligned,box,6000,0.05,0.0,estimated_residual_lowp_supported,ctmle,estimated,xgboost,xgboost,if_residual,1.0,0.0|0.25|0.5|1.0,aipw_variance,-1.0,1.0,obsval,4.0,0.1,30,0.1,crossfit_rank_empty_standdown,1.0,4,50,1,479.89690406247973,-0.024067855115472325,-0.024067855115472325,-0.024067855115472325,0.0,5.444194716350921e-05,-3.16644169913742e-05,0.0,0.5,0.0,reference,-2.3684757858670005e-18,0.0,nan,nan,nan,,,nan,nan,nan,nan,nan,nan,nan,nan,0.0,0.12966666666666668,nan,0.0,0,37,nan,0.04755784061696658,0.0,0.0,0.0,0.008073910310314122,0.008073910310314122,0.0,nan,nan,0.6317281707238013,0.6317281707238013
real_breast_cancer_aligned,box,6000,0.05,0.0,estimated_residual_lowp_supported,ctmle,estimated,xgboost,xgboost,if_residual,1.0,0.0|0.25|0.5|1.0,aipw_variance,-1.0,1.0,obsval,4.0,0.1,30,0.1,crossfit_rank_empty_standdown,1.0,4,50,2,960.9508124599233,0.03867443032417417,0.03867443032417417,0.03867443032417417,0.0,5.158200968256952e-05,-2.9460572383572105e-05,0.0,0.5,0.0,reference,1.7763568394002505e-18,0.0,nan,nan,nan,,,nan,nan,nan,nan,nan,nan,nan,nan,0.1,0.12983333333333333,0.835,0.6431322207958922,46,36,0.07666666666666666,0.04621309370988447,0.019543843058853465,0.019543843058853465,0.0,0.026200914582818806,0.026200914582818806,0.0,0.6095941640662326,0.6095941640662326,0.6121843213605203,0.6121843213605203
real_breast_cancer_aligned,box,6000,0.05,0.0,estimated_residual_lowp_supported,ctmle,estimated,xgboost,xgboost,if_residual,1.0,0.0|0.25|0.5|1.0,aipw_variance,-1.0,1.0,obsval,4.0,0.1,30,0.1,crossfit_rank_empty_standdown,1.0,4,50,3,1441.7184932343662,0.03395293225117507,0.03395293225117507,0.03395293225117507,0.0,4.2075336762633004e-05,6.039567704216862e-07,0.0,0.5,0.0,reference,3.552713678800501e-18,-5.551115123125783e-17,nan,nan,nan,,,nan,nan,nan,nan,nan,nan,nan,nan,0.075,0.1335,0.8511111111111112,0.4781523096129838,39,42,0.08666666666666667,0.052434456928838954,-0.0017994521882064443,-0.0017994521882064443,0.0,0.0011712102424862034,0.0011712102424862034,0.0,0.621025126844608,0.621025126844608,0.591146109210212,0.591146109210212
real_breast_cancer_aligned,box,6000,0.05,0.0,estimated_residual_lowp_supported,ctmle,estimated,xgboost,xgboost,if_residual,1.0,0.0|0.25|0.5|1.0,aipw_variance,-1.0,1.0,obsval,4.0,0.1,30,0.1,crossfit_rank_empty_standdown,1.0,4,50,4,1920.9416724871844,0.0703301257841158,0.0703301257841158,0.0703301257841158,0.0,6.847016403418874e-05,-5.376781099774989e-05,0.0,0.5,0.0,reference,2.3684757858670005e-18,0.0,nan,nan,nan,,,nan,nan,nan,nan,nan,nan,nan,nan,0.1,0.129,0.8316666666666667,0.6447028423772609,60,37,0.1,0.04780361757105943,0.024755577172972502,0.024755577172972502,0.0,0.03450251107236899,0.03450251107236899,0.0,0.6608385238792102,0.6608385238792102,0.6491486096218195,0.6491486096218195
real_breast_cancer_aligned,box,6000,0.05,0.0,estimated_residual_lowp_supported,ctmle,estimated,xgboost,xgboost,if_residual,1.0,0.0|0.25|0.5|1.0,aipw_variance,-1.0,1.0,obsval,4.0,0.1,30,0.1,crossfit_rank_empty_standdown,1.0,4,50,1,488.02836379408836,0.02514034157007594,0.02514034157007594,0.02514034157007594,0.0,7.423100512213656e-05,-5.3639024755793734e-05,0.0,0.5,0.0,reference,-7.105427357601002e-18,0.0,nan,nan,nan,,,nan,nan,nan,nan,nan,nan,nan,nan,0.1,0.131,0.8416666666666667,0.6424936386768448,54,43,0.09,0.054707379134860054,-0.003178791628942967,-0.003178791628942967,0.0,-0.00439085417845107,-0.00439085417845107,0.0,0.706979403186255,0.706979403186255,0.6986647511844134,0.6986647511844134
real_breast_cancer_aligned,box,6000,0.05,0.0,estimated_residual_lowp_supported,ctmle,estimated,xgboost,xgboost,if_residual,1.0,0.0|0.25|0.5|1.0,aipw_variance,-1.0,1.0,obsval,4.0,0.1,30,0.1,crossfit_rank_empty_standdown,1.0,4,50,2,964.4927279194817,0.008638586082423738,0.008638586082423738,0.008638586082423738,0.0,6.843825481199278e-05,-2.7392500812554836e-06,0.0,0.5,0.0,reference,-7.105427357601002e-18,5.551115123125783e-17,nan,nan,nan,,,nan,nan,nan,nan,nan,nan,nan,nan,0.0,0.13316666666666666,nan,0.0,0,43,nan,0.05381727158948686,0.0,0.0,0.0,0.018345426727472646,0.018345426727472646,0.0,nan,nan,0.6424961975222037,0.6424961975222037
real_breast_cancer_aligned,box,6000,0.05,0.0,estimated_residual_lowp_supported,ctmle,estimated,xgboost,xgboost,if_residual,1.0,0.0|0.25|0.5|1.0,aipw_variance,-1.0,1.0,obsval,4.0,0.1,30,0.1,crossfit_rank_empty_standdown,1.0,4,50,3,1447.013078050688,-0.009205375778795988,-0.009205375778795988,-0.009205375778795988,0.0,4.32292706107417e-05,-3.7960897296005316e-05,0.0,0.5,0.0,reference,-2.3684757858670005e-18,-5.551115123125783e-17,nan,nan,nan,,,nan,nan,nan,nan,nan,nan,nan,nan,0.0,0.1255,nan,0.0,0,41,nan,0.05444887118193891,0.0,0.0,0.0,0.005191739815060174,0.005191739815060174,0.0,nan,nan,0.6162145108319551,0.6162145108319551
real_breast_cancer_aligned,box,6000,0.05,0.0,estimated_residual_lowp_supported,ctmle,estimated,xgboost,xgboost,if_residual,1.0,0.0|0.25|0.5|1.0,aipw_variance,-1.0,1.0,obsval,4.0,0.1,30,0.1,crossfit_rank_empty_standdown,1.0,4,50,4,1924.4023367548361,0.013811324650244261,0.013811324650244261,0.013811324650244261,0.0,6.395314215757418e-05,-6.70525817054238e-05,0.0,0.5,0.0,reference,-2.3684757858670005e-18,-5.551115123125783e-17,nan,nan,nan,,,nan,nan,nan,nan,nan,nan,nan,nan,0.0,0.13016666666666668,nan,0.0,0,41,nan,0.052496798975672214,0.0,0.0,0.0,0.026613743702414924,0.026613743702414924,0.0,nan,nan,0.7194552546404539,0.7194552546404539
real_breast_cancer_aligned,box,6000,0.05,0.0,estimated_residual_lowp_supported,ctmle,estimated,xgboost,xgboost,if_residual,1.0,0.0|0.25|0.5|1.0,aipw_variance,-1.0,1.0,obsval,4.0,0.1,30,0.1,crossfit_rank_empty_standdown,1.0,4,50,1,483.3773029530421,0.07412957612248772,0.07412957612248772,0.07412957612248772,0.0,3.31242939304473e-05,-1.3985124752364793e-05,0.0,0.5,0.0,reference,1.1842378929335003e-18,0.0,nan,nan,nan,,,nan,nan,nan,nan,nan,nan,nan,nan,0.0,0.13533333333333333,nan,0.0,0,39,nan,0.0480295566502463,0.0,0.0,0.0,0.04065279127525843,0.04065279127525843,0.0,nan,nan,0.6509655816412206,0.6509655816412206
real_breast_cancer_aligned,box,6000,0.05,0.0,estimated_residual_lowp_supported,ctmle,estimated,xgboost,xgboost,if_residual,1.0,0.0|0.25|0.5|1.0,aipw_variance,-1.0,1.0,obsval,4.0,0.1,30,0.1,crossfit_rank_empty_standdown,1.0,4,50,2,961.4194853734225,-0.0048151834885801215,-0.0048151834885801215,-0.0048151834885801215,0.0,6.378253254033851e-05,1.0885407177935549e-05,0.0,0.5,0.0,reference,-1.1842378929335003e-18,0.0,nan,nan,nan,,,nan,nan,nan,nan,nan,nan,nan,nan,0.1,0.13183333333333333,0.8716666666666667,0.661188369152971,55,40,0.09166666666666666,0.05056890012642225,-0.005390702833746251,-0.005390702833746251,0.0,8.689523809445129e-05,8.689523809445129e-05,0.0,0.6480802897304028,0.6480802897304028,0.6396778192847967,0.6396778192847967
real_breast_cancer_aligned,box,6000,0.05,0.0,estimated_residual_lowp_supported,ctmle,estimated,xgboost,xgboost,if_residual,1.0,0.0|0.25|0.5|1.0,aipw_variance,-1.0,1.0,obsval,4.0,0.1,30,0.1,crossfit_rank_empty_standdown,1.0,4,50,3,1441.4119091406465,0.0042189431438053315,0.0042189431438053315,0.0042189431438053315,0.0,4.247419477711406e-05,-4.05856359149091e-05,0.0,0.5,0.0,reference,1.1250259982868253e-17,0.0,nan,nan,nan,,,nan,nan,nan,nan,nan,nan,nan,nan,0.0,0.134,nan,0.0,0,41,nan,0.05099502487562189,0.0,0.0,0.0,0.028331818809761006,0.028331818809761006,0.0,nan,nan,0.6677466386554827,0.6677466386554827
real_breast_cancer_aligned,box,6000,0.05,0.0,estimated_residual_lowp_supported,ctmle,estimated,xgboost,xgboost,if_residual,1.0,0.0|0.25|0.5|1.0,aipw_variance,-1.0,1.0,obsval,4.0,0.1,30,0.1,crossfit_rank_empty_standdown,1.0,4,50,4,1923.8374558463693,0.03656142768029541,0.03656142768029541,0.03656142768029541,0.0,3.569824948316505e-05,-3.306799560812569e-05,0.0,0.5,0.0,reference,1.1842378929335004e-17,-5.551115123125783e-17,nan,nan,nan,,,nan,nan,nan,nan,nan,nan,nan,nan,0.0,0.13233333333333333,nan,0.0,0,47,nan,0.05919395465994962,0.0,0.0,0.0,0.009906015158838837,0.009906015158838837,0.0,nan,nan,0.5979175646856655,0.5979175646856655
real_breast_cancer_aligned,box,6000,0.05,0.0,estimated_residual_lowp_supported,ctmle,estimated,xgboost,xgboost,if_residual,1.0,0.0|0.25|0.5|1.0,aipw_variance,-1.0,1.0,obsval,4.0,0.1,30,0.1,crossfit_rank_empty_standdown,1.0,4,50,1,487.7245036493987,0.03265322184384156,0.03265322184384156,0.03265322184384156,0.0,5.5972260898741466e-05,-2.5248409638268523e-05,0.0,0.5,0.0,reference,4.736951571734001e-18,0.0,nan,nan,nan,,,nan,nan,nan,nan,nan,nan,nan,nan,0.0,0.13,nan,0.0,0,36,nan,0.046153846153846156,0.0,0.0,0.0,0.025114999339953877,0.025114999339953877,0.0,nan,nan,0.6684402490279606,0.6684402490279606
real_breast_cancer_aligned,box,6000,0.05,0.0,estimated_residual_lowp_supported,ctmle,estimated,xgboost,xgboost,if_residual,1.0,0.0|0.25|0.5|1.0,aipw_variance,-1.0,1.0,obsval,4.0,0.1,30,0.1,crossfit_rank_empty_standdown,1.0,4,50,2,970.3188030738384,0.09430706163546815,0.09430706163546815,0.09430706163546815,0.0,3.0977075556672855e-05,-3.361036654975203e-05,0.0,0.5,0.0,reference,-9.473903143468002e-18,0.0,nan,nan,nan,,,nan,nan,nan,nan,nan,nan,nan,nan,0.1,0.131,0.8183333333333334,0.6246819338422391,59,41,0.09833333333333333,0.05216284987277354,0.03212422043554193,0.03212422043554193,0.0,0.03916905968785985,0.03916905968785985,0.0,0.7651727692401891,0.7651727692401891,0.7234106668379117,0.7234106668379117
real_breast_cancer_aligned,box,6000,0.05,0.0,estimated_residual_lowp_supported,ctmle,estimated,xgboost,xgboost,if_residual,1.0,0.0|0.25|0.5|1.0,aipw_variance,-1.0,1.0,obsval,4.0,0.1,30,0.1,crossfit_rank_empty_standdown,1.0,4,50,3,1448.312097911723,0.03892640946316778,0.03892640946316778,0.03892640946316778,0.0,4.510230535371279e-05,-4.760221400626377e-06,0.0,0.5,0.0,reference,0.0,0.0,nan,nan,nan,,,nan,nan,nan,nan,nan,nan,nan,nan,0.0,0.13233333333333333,nan,0.0,0,43,nan,0.05415617128463476,0.0,0.0,0.0,0.02881484539655255,0.02881484539655255,0.0,nan,nan,0.6407824128712245,0.6407824128712245
real_breast_cancer_aligned,box,6000,0.05,0.0,estimated_residual_lowp_supported,ctmle,estimated,xgboost,xgboost,if_residual,1.0,0.0|0.25|0.5|1.0,aipw_variance,-1.0,1.0,obsval,4.0,0.1,30,0.1,crossfit_rank_empty_standdown,1.0,4,50,4,1924.3399832388386,-0.0021256957255637587,-0.0021256957255637587,-0.0021256957255637587,0.0,3.466011286582492e-05,-2.8457338998012132e-05,0.0,0.5,0.0,reference,-5.921189464667501e-19,0.0,nan,nan,nan,,,nan,nan,nan,nan,nan,nan,nan,nan,0.1,0.13033333333333333,0.8283333333333334,0.6355498721227621,72,38,0.12,0.04859335038363171,0.011121903959822802,0.011121903959822802,0.0,0.01465324617038748,0.01465324617038748,0.0,0.5985995996900426,0.5985995996900426,0.5817700318431538,0.5817700318431538
real_breast_cancer_aligned,box,6000,0.05,0.0,estimated_residual_lowp_supported,ctmle,estimated,xgboost,xgboost,if_residual,1.0,0.0|0.25|0.5|1.0,aipw_variance,-1.0,1.0,obsval,4.0,0.1,30,0.1,crossfit_rank_empty_standdown,1.0,4,50,1,484.35314243193716,0.0005570098315035299,0.0005570098315035299,0.0005570098315035299,0.0,6.052449718964054e-05,-2.9307898299284684e-05,0.0,0.5,0.0,reference,-7.105427357601002e-18,0.0,nan,nan,nan,,,nan,nan,nan,nan,nan,nan,nan,nan,0.0,0.1305,nan,0.0,0,34,nan,0.04342273307790549,0.0,0.0,0.0,0.010060628037863594,0.010060628037863594,0.0,nan,nan,0.6723974738721535,0.6723974738721535
real_breast_cancer_aligned,box,6000,0.05,0.0,estimated_residual_lowp_supported,ctmle,estimated,xgboost,xgboost,if_residual,1.0,0.0|0.25|0.5|1.0,aipw_variance,-1.0,1.0,obsval,4.0,0.1,30,0.1,crossfit_rank_empty_standdown,1.0,4,50,2,963.7776834480464,0.08112202916569095,0.08112202916569095,0.08112202916569095,0.0,3.385788208115398e-05,-1.5425093220799253e-05,0.0,0.5,0.0,reference,-2.3684757858670008e-17,0.0,nan,nan,nan,,,nan,nan,nan,nan,nan,nan,nan,nan,0.0,0.13016666666666668,nan,0.0,0,40,nan,0.05121638924455826,0.0,0.0,0.0,0.042340740085476586,0.042340740085476586,0.0,nan,nan,0.6990130854295302,0.6990130854295302
real_breast_cancer_aligned,box,6000,0.05,0.0,estimated_residual_lowp_supported,ctmle,estimated,xgboost,xgboost,if_residual,1.0,0.0|0.25|0.5|1.0,aipw_variance,-1.0,1.0,obsval,4.0,0.1,30,0.1,crossfit_rank_empty_standdown,1.0,4,50,3,1443.8008828731254,0.008303062527503735,0.008303062527503735,0.008303062527503735,0.0,6.0514576031008276e-05,-7.236184438220636e-05,0.0,0.5,0.0,reference,2.3684757858670005e-18,5.551115123125783e-17,nan,nan,nan,,,nan,nan,nan,nan,nan,nan,nan,nan,0.1,0.13733333333333334,0.83,0.6043689320388349,57,41,0.095,0.04975728155339806,0.008933350015646272,0.008933350015646272,0.0,0.017143611303988893,0.017143611303988893,0.0,0.6149359644901444,0.6149359644901444,0.6773764490253765,0.6773764490253765
real_breast_cancer_aligned,box,6000,0.05,0.0,estimated_residual_lowp_supported,ctmle,estimated,xgboost,xgboost,if_residual,1.0,0.0|0.25|0.5|1.0,aipw_variance,-1.0,1.0,obsval,4.0,0.1,30,0.1,crossfit_rank_empty_standdown,1.0,4,50,4,1943.821218679659,0.04797385900180745,0.04797385900180745,0.04797385900180745,0.0,3.287893545156828e-05,-1.6478174920104226e-05,0.0,0.5,0.0,reference,-1.1842378929335003e-18,0.0,nan,nan,nan,,,nan,nan,nan,nan,nan,nan,nan,nan,0.0,0.13216666666666665,nan,0.0,0,42,nan,0.05296343001261034,0.0,0.0,0.0,0.03602230517792476,0.03602230517792476,0.0,nan,nan,0.669164391115769,0.669164391115769
real_breast_cancer_aligned,box,6000,0.05,0.0,estimated_residual_lowp_supported,ctmle,estimated,xgboost,xgboost,if_residual,1.0,0.0|0.25|0.5|1.0,aipw_variance,-1.0,1.0,obsval,4.0,0.1,30,0.1,crossfit_rank_empty_standdown,1.0,4,50,1,477.1913065733388,0.007806879715680282,0.007806879715680282,0.007806879715680282,0.0,4.2146650882685815e-05,-7.4915228872828835e-06,0.0,0.5,0.0,reference,-7.105427357601002e-18,5.551115123125783e-17,nan,nan,nan,,,nan,nan,nan,nan,nan,nan,nan,nan,0.0,0.12866666666666668,nan,0.0,0,41,nan,0.05310880829015544,0.0,0.0,0.0,0.00638195561564299,0.00638195561564299,0.0,nan,nan,0.6566971804630258,0.6566971804630258
real_breast_cancer_aligned,box,6000,0.05,0.0,estimated_residual_lowp_supported,ctmle,estimated,xgboost,xgboost,if_residual,1.0,0.0|0.25|0.5|1.0,aipw_variance,-1.0,1.0,obsval,4.0,0.1,30,0.1,crossfit_rank_empty_standdown,1.0,4,50,2,956.5293967621401,0.09204598648967344,0.09204598648967344,0.09204598648967344,0.0,3.0897774942661906e-05,-3.6400917439757645e-05,0.0,0.5,0.0,reference,3.552713678800501e-18,0.0,nan,nan,nan,,,nan,nan,nan,nan,nan,nan,nan,nan,0.0,0.135,nan,0.0,0,36,nan,0.044444444444444446,0.0,0.0,0.0,0.04190072462408209,0.04190072462408209,0.0,nan,nan,0.6739793976430822,0.6739793976430822
real_breast_cancer_aligned,box,6000,0.05,0.0,estimated_residual_lowp_supported,ctmle,estimated,xgboost,xgboost,if_residual,1.0,0.0|0.25|0.5|1.0,aipw_variance,-1.0,1.0,obsval,4.0,0.1,30,0.1,crossfit_rank_empty_standdown,1.0,4,50,3,1435.7980710305274,0.04261474727460335,0.04261474727460335,0.04261474727460335,0.0,4.156610495973669e-05,3.93162433790249e-06,0.0,0.5,0.0,reference,-7.105427357601002e-18,0.0,nan,nan,nan,,,nan,nan,nan,nan,nan,nan,nan,nan,0.0,0.132,nan,0.0,0,25,nan,0.03156565656565657,0.0,0.0,0.0,0.060591860503048246,0.060591860503048246,0.0,nan,nan,0.7852570559833847,0.7852570559833847
real_breast_cancer_aligned,box,6000,0.05,0.0,estimated_residual_lowp_supported,ctmle,estimated,xgboost,xgboost,if_residual,1.0,0.0|0.25|0.5|1.0,aipw_variance,-1.0,1.0,obsval,4.0,0.1,30,0.1,crossfit_rank_empty_standdown,1.0,4,50,4,1911.6775533426553,0.0161397652551879,0.0161397652551879,0.0161397652551879,0.0,4.4162387152145996e-05,-2.1463238025768577e-05,0.0,0.5,0.0,reference,-4.736951571734001e-18,0.0,nan,nan,nan,,,nan,nan,nan,nan,nan,nan,nan,nan,0.0,0.13533333333333333,nan,0.0,0,36,nan,0.04433497536945813,0.0,0.0,0.0,0.01862243765119796,0.01862243765119796,0.0,nan,nan,0.6975213609500017,0.6975213609500017
real_breast_cancer_aligned,box,6000,0.05,0.0,estimated_residual_lowp_supported,ctmle,estimated,xgboost,xgboost,if_residual,1.0,0.0|0.25|0.5|1.0,aipw_variance,-1.0,1.0,obsval,4.0,0.1,30,0.1,crossfit_rank_empty_standdown,1.0,4,50,1,484.2720137555152,0.013323755057468412,0.013323755057468412,0.013323755057468412,0.0,5.8901955014130586e-05,2.0849850394840243e-05,0.0,0.5,0.0,reference,-5.921189464667502e-18,0.0,nan,nan,nan,,,nan,nan,nan,nan,nan,nan,nan,nan,0.0,0.132,nan,0.0,0,54,nan,0.06818181818181818,0.0,0.0,0.0,0.023306383905198846,0.023306383905198846,0.0,nan,nan,0.6963306886806022,0.6963306886806022
real_breast_cancer_aligned,box,6000,0.05,0.0,estimated_residual_lowp_supported,ctmle,estimated,xgboost,xgboost,if_residual,1.0,0.0|0.25|0.5|1.0,aipw_variance,-1.0,1.0,obsval,4.0,0.1,30,0.1,crossfit_rank_empty_standdown,1.0,4,50,2,966.2072813725099,0.11486001265371926,0.11486001265371926,0.11486001265371926,0.0,4.937267136423634e-05,2.1120780327261914e-06,0.0,0.5,0.0,reference,-3.552713678800501e-18,0.0,nan,nan,nan,,,nan,nan,nan,nan,nan,nan,nan,nan,0.1,0.13166666666666665,0.8383333333333334,0.6367088607594936,65,43,0.10833333333333334,0.05443037974683544,0.032625097152479306,0.032625097152479306,0.0,0.04306937691388128,0.04306937691388128,0.0,0.724911456043849,0.724911456043849,0.7107425018456822,0.7107425018456822
real_breast_cancer_aligned,box,6000,0.05,0.0,estimated_residual_lowp_supported,ctmle,estimated,xgboost,xgboost,if_residual,1.0,0.0|0.25|0.5|1.0,aipw_variance,-1.0,1.0,obsval,4.0,0.1,30,0.1,crossfit_rank_empty_standdown,1.0,4,50,3,1449.5431733904406,0.0426373409253048,0.0426373409253048,0.0426373409253048,0.0,5.016283945391629e-05,-2.4347154707032804e-05,0.0,0.5,0.0,reference,0.0,-5.551115123125783e-17,nan,nan,nan,,,nan,nan,nan,nan,nan,nan,nan,nan,0.1,0.12983333333333333,0.825,0.6354300385109114,62,35,0.10333333333333333,0.044929396662387676,0.011835940156253723,0.011835940156253723,0.0,0.0173720424506624,0.0173720424506624,0.0,0.650484894213699,0.650484894213699,0.656495779893956,0.656495779893956
real_breast_cancer_aligned,box,6000,0.05,0.0,estimated_residual_lowp_supported,ctmle,estimated,xgboost,xgboost,if_residual,1.0,0.0|0.25|0.5|1.0,aipw_variance,-1.0,1.0,obsval,4.0,0.1,30,0.1,crossfit_rank_empty_standdown,1.0,4,50,4,1929.0022075222805,-0.02830628146419628,-0.02830628146419628,-0.02830628146419628,0.0,3.2292320404859825e-05,-2.954944692202513e-05,0.0,0.5,0.0,reference,-4.736951571734001e-18,0.0,nan,nan,nan,,,nan,nan,nan,nan,nan,nan,nan,nan,0.1,0.133,0.8733333333333333,0.656641604010025,60,47,0.1,0.05889724310776942,-0.0031337876314511733,-0.0031337876314511733,0.0,-0.00766760965769737,-0.00766760965769737,0.0,0.60652301622826,0.60652301622826,0.6216705916079215,0.6216705916079215
real_breast_cancer_aligned,box,6000,0.05,0.0,estimated_residual_lowp_supported,ctmle,estimated,xgboost,xgboost,if_residual,1.0,0.0|0.25|0.5|1.0,aipw_variance,-1.0,1.0,obsval,4.0,0.1,30,0.1,crossfit_rank_empty_standdown,1.0,4,50,1,481.7498946869746,0.08508477828514871,0.08508477828514871,0.08508477828514871,0.0,3.750171780516438e-05,9.816465365654e-06,0.0,0.5,0.0,reference,1.1842378929335004e-17,0.0,nan,nan,nan,,,nan,nan,nan,nan,nan,nan,nan,nan,0.0,0.13383333333333333,nan,0.0,0,23,nan,0.028642590286425903,0.0,0.0,0.0,0.042088226717139646,0.042088226717139646,0.0,nan,nan,0.6973742138630805,0.6973742138630805
real_breast_cancer_aligned,box,6000,0.05,0.0,estimated_residual_lowp_supported,ctmle,estimated,xgboost,xgboost,if_residual,1.0,0.0|0.25|0.5|1.0,aipw_variance,-1.0,1.0,obsval,4.0,0.1,30,0.1,crossfit_rank_empty_standdown,1.0,4,50,2,969.0509129455313,0.013451648621445489,0.013451648621445489,0.013451648621445489,0.0,4.0054607568688156e-05,-1.0493508560820175e-05,0.0,0.5,0.0,reference,2.3684757858670005e-18,-5.551115123125783e-17,nan,nan,nan,,,nan,nan,nan,nan,nan,nan,nan,nan,0.1,0.13316666666666666,0.8616666666666667,0.6470588235294118,54,46,0.09,0.057571964956195244,0.007806504007780596,0.007806504007780596,0.0,0.008401750860452053,0.008401750860452053,0.0,0.6022489868162701,0.6022489868162701,0.6105137197928944,0.6105137197928944
real_breast_cancer_aligned,box,6000,0.05,0.0,estimated_residual_lowp_supported,ctmle,estimated,xgboost,xgboost,if_residual,1.0,0.0|0.25|0.5|1.0,aipw_variance,-1.0,1.0,obsval,4.0,0.1,30,0.1,crossfit_rank_empty_standdown,1.0,4,50,3,1453.1720103416592,0.04826764445708176,0.04826764445708176,0.04826764445708176,0.0,4.294752934810007e-05,-5.724780171972334e-05,0.0,0.5,0.0,reference,-1.2434497875801754e-17,1.1102230246251565e-16,nan,nan,nan,,,nan,nan,nan,nan,nan,nan,nan,nan,0.0,0.13283333333333333,nan,0.0,0,37,nan,0.04642409033877039,0.0,0.0,0.0,0.040984217811622585,0.040984217811622585,0.0,nan,nan,0.666405020701461,0.666405020701461
real_breast_cancer_aligned,box,6000,0.05,0.0,estimated_residual_lowp_supported,ctmle,estimated,xgboost,xgboost,if_residual,1.0,0.0|0.25|0.5|1.0,aipw_variance,-1.0,1.0,obsval,4.0,0.1,30,0.1,crossfit_rank_empty_standdown,1.0,4,50,4,1932.0679521095008,0.004629373503469647,0.004629373503469647,0.004629373503469647,0.0,2.7807803097098073e-05,-2.3393231143165613e-05,0.0,0.5,0.0,reference,-1.1842378929335003e-18,5.551115123125783e-17,nan,nan,nan,,,nan,nan,nan,nan,nan,nan,nan,nan,0.0,0.12983333333333333,nan,0.0,0,53,nan,0.06803594351732992,0.0,0.0,0.0,0.025923523107005464,0.025923523107005464,0.0,nan,nan,0.7784693757133895,0.7784693757133895
real_breast_cancer_aligned,box,6000,0.05,0.0,estimated_residual_lowp_supported,ctmle,estimated,xgboost,xgboost,if_residual,1.0,0.0|0.25|0.5|1.0,aipw_variance,-1.0,1.0,obsval,4.0,0.1,30,0.1,crossfit_rank_empty_standdown,1.0,4,50,1,483.5783397294581,0.0498025136441283,0.0498025136441283,0.0498025136441283,0.0,5.249714978531575e-05,5.345718428592899e-06,0.0,0.5,0.0,reference,7.697546304067752e-18,0.0,nan,nan,nan,,,nan,nan,nan,nan,nan,nan,nan,nan,0.1,0.13333333333333333,0.86,0.645,49,30,0.08166666666666667,0.0375,0.007192017521595163,0.007192017521595163,0.0,0.010383588987831595,0.010383588987831595,0.0,0.6266383451340215,0.6266383451340215,0.6234818424544453,0.6234818424544453
real_breast_cancer_aligned,box,6000,0.05,0.0,estimated_residual_lowp_supported,ctmle,estimated,xgboost,xgboost,if_residual,1.0,0.0|0.25|0.5|1.0,aipw_variance,-1.0,1.0,obsval,4.0,0.1,30,0.1,crossfit_rank_empty_standdown,1.0,4,50,2,965.3272237041965,0.015287871085796878,0.015287871085796878,0.015287871085796878,0.0,4.052430712194908e-05,3.910629903236995e-05,0.0,0.5,0.0,reference,4.736951571734001e-18,0.0,nan,nan,nan,,,nan,nan,nan,nan,nan,nan,nan,nan,0.0,0.13433333333333333,nan,0.0,0,47,nan,0.05831265508684864,0.0,0.0,0.0,0.014806872358278194,0.014806872358278194,0.0,nan,nan,0.5864486148189474,0.5864486148189474
real_breast_cancer_aligned,box,6000,0.05,0.0,estimated_residual_lowp_supported,ctmle,estimated,xgboost,xgboost,if_residual,1.0,0.0|0.25|0.5|1.0,aipw_variance,-1.0,1.0,obsval,4.0,0.1,30,0.1,crossfit_rank_empty_standdown,1.0,4,50,3,1449.8406537370756,0.043766914386718536,0.043766914386718536,0.043766914386718536,0.0,3.704077994807966e-05,9.194811890425895e-06,0.0,0.5,0.0,reference,-2.3684757858670005e-18,0.0,nan,nan,nan,,,nan,nan,nan,nan,nan,nan,nan,nan,0.075,0.1345,0.8044444444444444,0.4485749690210657,60,42,0.13333333333333333,0.05204460966542751,0.02765856887775194,0.02765856887775194,0.0,0.05017844395577208,0.05017844395577208,0.0,0.7060347938757471,0.7060347938757471,0.6842915116588026,0.6842915116588026
real_breast_cancer_aligned,box,6000,0.05,0.0,estimated_residual_lowp_supported,ctmle,estimated,xgboost,xgboost,if_residual,1.0,0.0|0.25|0.5|1.0,aipw_variance,-1.0,1.0,obsval,4.0,0.1,30,0.1,crossfit_rank_empty_standdown,1.0,4,50,4,1929.672335148789,0.03108995090765526,0.03108995090765526,0.03108995090765526,0.0,3.270595439994347e-05,-1.9456780967926177e-05,0.0,0.5,0.0,reference,5.921189464667501e-19,0.0,nan,nan,nan,,,nan,nan,nan,nan,nan,nan,nan,nan,0.0,0.12483333333333334,nan,0.0,0,39,nan,0.0520694259012016,0.0,0.0,0.0,0.008738024869497906,0.008738024869497906,0.0,nan,nan,0.6229865769742747,0.6229865769742747
real_breast_cancer_aligned,box,6000,0.05,0.0,estimated_residual_lowp_supported,ctmle,estimated,xgboost,xgboost,if_residual,1.0,0.0|0.25|0.5|1.0,aipw_variance,-1.0,1.0,obsval,4.0,0.1,30,0.1,crossfit_rank_empty_standdown,1.0,4,50,1,482.523412194103,0.035692181871411544,0.035692181871411544,0.035692181871411544,0.0,4.3361353787043505e-05,7.731197194734958e-06,0.0,0.5,0.0,reference,-6.5133084111342516e-18,0.0,nan,nan,nan,,,nan,nan,nan,nan,nan,nan,nan,nan,0.075,0.12783333333333333,0.7955555555555556,0.4667535853976532,55,37,0.12222222222222222,0.048239895697522815,0.017443369415490816,0.017443369415490816,0.0,0.03875471836095834,0.03875471836095834,0.0,0.6485603427821222,0.6485603427821222,0.6707692012081131,0.6707692012081131
real_breast_cancer_aligned,box,6000,0.05,0.0,estimated_residual_lowp_supported,ctmle,estimated,xgboost,xgboost,if_residual,1.0,0.0|0.25|0.5|1.0,aipw_variance,-1.0,1.0,obsval,4.0,0.1,30,0.1,crossfit_rank_empty_standdown,1.0,4,50,2,961.1939358823001,0.010234126105722885,0.010234126105722885,0.010234126105722885,0.0,4.058916430555327e-05,-2.2543001267894512e-06,0.0,0.5,0.0,reference,0.0,0.0,nan,nan,nan,,,nan,nan,nan,nan,nan,nan,nan,nan,0.075,0.13166666666666665,0.8511111111111112,0.48481012658227846,33,43,0.07333333333333333,0.05443037974683544,0.011944528945452662,0.011944528945452662,0.0,0.016086197236388468,0.016086197236388468,0.0,0.6715613093464154,0.6715613093464154,0.6391992028061664,0.6391992028061664
real_breast_cancer_aligned,box,6000,0.05,0.0,estimated_residual_lowp_supported,ctmle,estimated,xgboost,xgboost,if_residual,1.0,0.0|0.25|0.5|1.0,aipw_variance,-1.0,1.0,obsval,4.0,0.1,30,0.1,crossfit_rank_empty_standdown,1.0,4,50,3,1443.622241685167,0.05237211766378497,0.05237211766378497,0.05237211766378497,0.0,3.862275538682415e-05,-6.196117220082676e-05,0.0,0.5,0.0,reference,-1.4210854715202004e-17,5.551115123125783e-17,nan,nan,nan,,,nan,nan,nan,nan,nan,nan,nan,nan,0.1,0.13566666666666666,0.8283333333333334,0.6105651105651105,61,39,0.10166666666666667,0.04791154791154791,0.023742009413182656,0.023742009413182656,0.0,0.03112298603703939,0.03112298603703939,0.0,0.7000555484890532,0.7000555484890532,0.7073275847170931,0.7073275847170931
real_breast_cancer_aligned,box,6000,0.05,0.0,estimated_residual_lowp_supported,ctmle,estimated,xgboost,xgboost,if_residual,1.0,0.0|0.25|0.5|1.0,aipw_variance,-1.0,1.0,obsval,4.0,0.1,30,0.1,crossfit_rank_empty_standdown,1.0,4,50,4,1918.9692031797022,0.0296486465562541,0.0296486465562541,0.0296486465562541,0.0,5.039022326664376e-05,-1.5997836625109647e-05,0.0,0.5,0.0,reference,-9.473903143468002e-18,5.551115123125783e-17,nan,nan,nan,,,nan,nan,nan,nan,nan,nan,nan,nan,0.0,0.13383333333333333,nan,0.0,0,43,nan,0.053549190535491904,0.0,0.0,0.0,0.02292559602627367,0.02292559602627367,0.0,nan,nan,0.6896090378349157,0.6896090378349157
real_breast_cancer_aligned,box,6000,0.05,0.0,estimated_residual_lowp_supported,ctmle,estimated,xgboost,xgboost,if_residual,1.0,0.0|0.25|0.5|1.0,aipw_variance,-1.0,1.0,obsval,4.0,0.1,30,0.1,crossfit_rank_empty_standdown,1.0,4,50,1,484.21075778175145,0.017633992847457813,0.017633992847457813,0.017633992847457813,0.0,4.142917625457945e-05,-2.4223920829474603e-05,0.0,0.5,0.0,reference,1.1842378929335003e-18,0.0,nan,nan,nan,,,nan,nan,nan,nan,nan,nan,nan,nan,0.05,0.133,0.8166666666666667,0.30701754385964913,40,45,0.13333333333333333,0.05639097744360902,0.0006375513841722898,0.0006375513841722898,0.0,0.006046000674821002,0.006046000674821002,0.0,0.5862632788639051,0.5862632788639051,0.5701995626395673,0.5701995626395673
real_breast_cancer_aligned,box,6000,0.05,0.0,estimated_residual_lowp_supported,ctmle,estimated,xgboost,xgboost,if_residual,1.0,0.0|0.25|0.5|1.0,aipw_variance,-1.0,1.0,obsval,4.0,0.1,30,0.1,crossfit_rank_empty_standdown,1.0,4,50,2,963.4586121262982,0.022283670342535367,0.022283670342535367,0.022283670342535367,0.0,4.151745448232702e-05,-2.435852835689132e-05,0.0,0.5,0.0,reference,-1.0658141036401503e-17,5.551115123125783e-17,nan,nan,nan,,,nan,nan,nan,nan,nan,nan,nan,nan,0.05,0.132,0.81,0.3068181818181818,34,36,0.11333333333333333,0.045454545454545456,0.011563904288352429,0.011563904288352429,0.0,0.02484227669302015,0.02484227669302015,0.0,0.6527580047559802,0.6527580047559802,0.6645165748973428,0.6645165748973428
real_breast_cancer_aligned,box,6000,0.05,0.0,estimated_residual_lowp_supported,ctmle,estimated,xgboost,xgboost,if_residual,1.0,0.0|0.25|0.5|1.0,aipw_variance,-1.0,1.0,obsval,4.0,0.1,30,0.1,crossfit_rank_empty_standdown,1.0,4,50,3,1443.6222693407908,0.052562690175412374,0.052562690175412374,0.052562690175412374,0.0,4.337472136544556e-05,-4.062446521711484e-05,0.0,0.5,0.0,reference,-1.4210854715202004e-17,5.551115123125783e-17,nan,nan,nan,,,nan,nan,nan,nan,nan,nan,nan,nan,0.0,0.13166666666666665,nan,0.0,0,40,nan,0.05063291139240506,0.0,0.0,0.0,0.03614254904450496,0.03614254904450496,0.0,nan,nan,0.7171654836083157,0.7171654836083157
real_breast_cancer_aligned,box,6000,0.05,0.0,estimated_residual_lowp_supported,ctmle,estimated,xgboost,xgboost,if_residual,1.0,0.0|0.25|0.5|1.0,aipw_variance,-1.0,1.0,obsval,4.0,0.1,30,0.1,crossfit_rank_empty_standdown,1.0,4,50,4,1920.5196585804224,0.04011372169661337,0.04011372169661337,0.04011372169661337,0.0,4.476678925116487e-05,5.028992152361698e-06,0.0,0.5,0.0,reference,0.0,-5.551115123125783e-17,nan,nan,nan,,,nan,nan,nan,nan,nan,nan,nan,nan,0.0,0.13783333333333334,nan,0.0,0,37,nan,0.044740024183796856,0.0,0.0,0.0,0.044463681328205835,0.044463681328205835,0.0,nan,nan,0.6672772562603287,0.6672772562603287
real_breast_cancer_aligned,box,6000,0.05,0.0,estimated_residual_lowp_supported,ctmle,estimated,xgboost,xgboost,if_residual,1.0,0.0|0.25|0.5|1.0,aipw_variance,-1.0,1.0,obsval,4.0,0.1,30,0.1,crossfit_rank_empty_standdown,1.0,4,50,1,482.03664757404476,0.011490926928215628,0.011490926928215628,0.011490926928215628,0.0,4.174009397287632e-05,1.7947084636306897e-05,0.0,0.5,0.0,reference,-3.552713678800501e-18,0.0,nan,nan,nan,,,nan,nan,nan,nan,nan,nan,nan,nan,0.1,0.13033333333333333,0.845,0.6483375959079284,43,26,0.07166666666666667,0.03324808184143223,0.019170744293711052,0.019170744293711052,0.0,0.02056294830475506,0.02056294830475506,0.0,0.6749344706341509,0.6749344706341509,0.6816348084753467,0.6816348084753467
real_breast_cancer_aligned,box,6000,0.05,0.0,estimated_residual_lowp_supported,ctmle,estimated,xgboost,xgboost,if_residual,1.0,0.0|0.25|0.5|1.0,aipw_variance,-1.0,1.0,obsval,4.0,0.1,30,0.1,crossfit_rank_empty_standdown,1.0,4,50,2,961.9369252938777,0.03586161784960401,0.03586161784960401,0.03586161784960401,0.0,6.435464461320047e-05,1.282292462502564e-05,0.0,0.5,0.0,reference,0.0,0.0,nan,nan,nan,,,nan,nan,nan,nan,nan,nan,nan,nan,0.1,0.1335,0.8516666666666667,0.6379525593008739,53,35,0.08833333333333333,0.04369538077403246,0.010079793316339535,0.010079793316339535,0.0,0.015722355060605566,0.015722355060605566,0.0,0.6635928504778935,0.6635928504778935,0.648356302755783,0.648356302755783
real_breast_cancer_aligned,box,6000,0.05,0.0,estimated_residual_lowp_supported,ctmle,estimated,xgboost,xgboost,if_residual,1.0,0.0|0.25|0.5|1.0,aipw_variance,-1.0,1.0,obsval,4.0,0.1,30,0.1,crossfit_rank_empty_standdown,1.0,4,50,3,1442.9658967927098,0.04552449083017501,0.04552449083017501,0.04552449083017501,0.0,5.321104388032185e-05,-1.9242711420778397e-05,0.0,0.5,0.0,reference,2.3684757858670005e-18,5.551115123125783e-17,nan,nan,nan,,,nan,nan,nan,nan,nan,nan,nan,nan,0.0,0.12583333333333332,nan,0.0,0,33,nan,0.04370860927152318,0.0,0.0,0.0,0.03368111117362246,0.03368111117362246,0.0,nan,nan,0.6673457357815099,0.6673457357815099
real_breast_cancer_aligned,box,6000,0.05,0.0,estimated_residual_lowp_supported,ctmle,estimated,xgboost,xgboost,if_residual,1.0,0.0|0.25|0.5|1.0,aipw_variance,-1.0,1.0,obsval,4.0,0.1,30,0.1,crossfit_rank_empty_standdown,1.0,4,50,4,1925.3782625654712,-0.003543011515969474,-0.003543011515969474,-0.003543011515969474,0.0,5.0278173826251524e-05,-2.1889255544631117e-05,0.0,0.5,0.0,reference,-1.7763568394002505e-17,5.551115123125783e-17,nan,nan,nan,,,nan,nan,nan,nan,nan,nan,nan,nan,0.0,0.13116666666666665,nan,0.0,0,41,nan,0.052096569250317665,0.0,0.0,0.0,0.016340927862295095,0.016340927862295095,0.0,nan,nan,0.6330754182023178,0.6330754182023178
real_breast_cancer_aligned,box,6000,0.05,0.0,estimated_residual_lowp_supported,ctmle,estimated,xgboost,xgboost,if_residual,1.0,0.0|0.25|0.5|1.0,aipw_variance,-1.0,1.0,obsval,4.0,0.1,30,0.1,crossfit_rank_empty_standdown,1.0,4,50,1,489.9980877256021,0.002613319035552397,0.002613319035552397,0.002613319035552397,0.0,4.605183439012944e-05,-4.281453623513514e-05,0.0,0.5,0.0,reference,9.473903143468002e-18,5.551115123125783e-17,nan,nan,nan,,,nan,nan,nan,nan,nan,nan,nan,nan,0.05,0.1315,0.8266666666666667,0.31432192648922685,35,45,0.11666666666666667,0.057034220532319393,0.009670406135961382,0.009670406135961382,0.0,0.032327178357781504,0.032327178357781504,0.0,0.608998277404267,0.608998277404267,0.6544629988370135,0.6544629988370135
real_breast_cancer_aligned,box,6000,0.05,0.0,estimated_residual_lowp_supported,ctmle,estimated,xgboost,xgboost,if_residual,1.0,0.0|0.25|0.5|1.0,aipw_variance,-1.0,1.0,obsval,4.0,0.1,30,0.1,crossfit_rank_empty_standdown,1.0,4,50,2,1001.3699885392562,0.08109307428869217,0.08109307428869217,0.08109307428869217,0.0,4.500073498774743e-05,-3.2025867950445e-05,0.0,0.5,0.0,reference,0.0,0.0,nan,nan,nan,,,nan,nan,nan,nan,nan,nan,nan,nan,0.0,0.12583333333333332,nan,0.0,0,26,nan,0.03443708609271523,0.0,0.0,0.0,0.0554244197991884,0.0554244197991884,0.0,nan,nan,0.7907668353164249,0.7907668353164249
real_breast_cancer_aligned,box,6000,0.05,0.0,estimated_residual_lowp_supported,ctmle,estimated,xgboost,xgboost,if_residual,1.0,0.0|0.25|0.5|1.0,aipw_variance,-1.0,1.0,obsval,4.0,0.1,30,0.1,crossfit_rank_empty_standdown,1.0,4,50,3,1484.2064578691497,0.011512358546946322,0.011512358546946322,0.011512358546946322,0.0,3.708461436993508e-05,-7.2276022355807984e-06,0.0,0.5,0.0,reference,-5.3290705182007515e-18,5.551115123125783e-17,nan,nan,nan,,,nan,nan,nan,nan,nan,nan,nan,nan,0.0,0.13133333333333333,nan,0.0,0,52,nan,0.06598984771573604,0.0,0.0,0.0,0.02534234889144195,0.02534234889144195,0.0,nan,nan,0.6595588348613951,0.6595588348613951
real_breast_cancer_aligned,box,6000,0.05,0.0,estimated_residual_lowp_supported,ctmle,estimated,xgboost,xgboost,if_residual,1.0,0.0|0.25|0.5|1.0,aipw_variance,-1.0,1.0,obsval,4.0,0.1,30,0.1,crossfit_rank_empty_standdown,1.0,4,50,4,1962.889212841168,0.045808789020848006,0.045808789020848006,0.045808789020848006,0.0,3.984396499653485e-05,-2.413229879785772e-06,0.0,0.5,0.0,reference,7.993605777301126e-18,5.551115123125783e-17,nan,nan,nan,,,nan,nan,nan,nan,nan,nan,nan,nan,0.1,0.132,0.8166666666666667,0.6186868686868687,62,42,0.10333333333333333,0.05303030303030303,0.022946145675213254,0.022946145675213254,0.0,0.031450683081409775,0.031450683081409775,0.0,0.6732267411397194,0.6732267411397194,0.6735419502814808,0.6735419502814808
real_breast_cancer_aligned,box,6000,0.05,0.0,estimated_residual_lowp_supported,ctmle,estimated,xgboost,xgboost,if_residual,1.0,0.0|0.25|0.5|1.0,aipw_variance,-1.0,1.0,obsval,4.0,0.1,30,0.1,crossfit_rank_empty_standdown,1.0,4,50,1,481.62341826967895,-0.004939217726762979,-0.004939217726762979,-0.004939217726762979,0.0,6.289044643529641e-05,-1.7846182611356773e-05,0.0,0.5,0.0,reference,1.1842378929335004e-17,0.0,nan,nan,nan,,,nan,nan,nan,nan,nan,nan,nan,nan,0.075,0.13483333333333333,0.8088888888888889,0.449938195302843,52,47,0.11555555555555555,0.0580964153275649,0.016747517211833655,0.016747517211833655,0.0,0.023449518913353215,0.023449518913353215,0.0,0.6368325914699338,0.6368325914699338,0.6417918694101012,0.6417918694101012
real_breast_cancer_aligned,box,6000,0.05,0.0,estimated_residual_lowp_supported,ctmle,estimated,xgboost,xgboost,if_residual,1.0,0.0|0.25|0.5|1.0,aipw_variance,-1.0,1.0,obsval,4.0,0.1,30,0.1,crossfit_rank_empty_standdown,1.0,4,50,2,963.9084596382454,0.028694063217591992,0.028694063217591992,0.028694063217591992,0.0,4.90502493297717e-05,-3.9450020802599996e-06,0.0,0.5,0.0,reference,-3.552713678800501e-18,5.551115123125783e-17,nan,nan,nan,,,nan,nan,nan,nan,nan,nan,nan,nan,0.05,0.13416666666666666,0.81,0.3018633540372671,46,46,0.15333333333333332,0.05714285714285714,0.003889764012911804,0.003889764012911804,0.0,0.017161181906404206,0.017161181906404206,0.0,0.6251737989708924,0.6251737989708924,0.6228035502370186,0.6228035502370186
real_breast_cancer_aligned,box,6000,0.05,0.0,estimated_residual_lowp_supported,ctmle,estimated,xgboost,xgboost,if_residual,1.0,0.0|0.25|0.5|1.0,aipw_variance,-1.0,1.0,obsval,4.0,0.1,30,0.1,crossfit_rank_empty_standdown,1.0,4,50,3,1445.4349089385942,0.012073788824394083,0.012073788824394083,0.012073788824394083,0.0,4.016649793693247e-05,-3.070607467970239e-05,0.0,0.5,0.0,reference,0.0,-5.551115123125783e-17,nan,nan,nan,,,nan,nan,nan,nan,nan,nan,nan,nan,0.0,0.131,nan,0.0,0,43,nan,0.054707379134860054,0.0,0.0,0.0,-9.401133350764349e-05,-9.401133350764349e-05,0.0,nan,nan,0.5614609703204264,0.5614609703204264
real_breast_cancer_aligned,box,6000,0.05,0.0,estimated_residual_lowp_supported,ctmle,estimated,xgboost,xgboost,if_residual,1.0,0.0|0.25|0.5|1.0,aipw_variance,-1.0,1.0,obsval,4.0,0.1,30,0.1,crossfit_rank_empty_standdown,1.0,4,50,4,1919.6912987250835,0.07059006863054479,0.07059006863054479,0.07059006863054479,0.0,4.051764661932092e-05,3.4680819468858046e-05,0.0,0.5,0.0,reference,1.1842378929335003e-18,0.0,nan,nan,nan,,,nan,nan,nan,nan,nan,nan,nan,nan,0.0,0.13133333333333333,nan,0.0,0,26,nan,0.03299492385786802,0.0,0.0,0.0,0.064885962853876,0.064885962853876,0.0,nan,nan,0.8380980257619045,0.8380980257619045
real_breast_cancer_aligned,box,6000,0.05,0.0,estimated_residual_lowp_supported,ctmle,estimated,xgboost,xgboost,if_residual,1.0,0.0|0.25|0.5|1.0,aipw_variance,-1.0,1.0,obsval,4.0,0.1,30,0.1,crossfit_rank_empty_standdown,1.0,4,50,1,483.31024546921253,-0.020085757927128634,-0.020085757927128634,-0.020085757927128634,0.0,5.123714669034128e-05,-3.426723806146414e-05,0.0,0.5,0.0,reference,0.0,0.0,nan,nan,nan,,,nan,nan,nan,nan,nan,nan,nan,nan,0.0,0.12833333333333333,nan,0.0,0,35,nan,0.045454545454545456,0.0,0.0,0.0,0.005809350597034959,0.005809350597034959,0.0,nan,nan,0.6428017086340212,0.6428017086340212
real_breast_cancer_aligned,box,6000,0.05,0.0,estimated_residual_lowp_supported,ctmle,estimated,xgboost,xgboost,if_residual,1.0,0.0|0.25|0.5|1.0,aipw_variance,-1.0,1.0,obsval,4.0,0.1,30,0.1,crossfit_rank_empty_standdown,1.0,4,50,2,963.8847822854295,0.030549129899952787,0.030549129899952787,0.030549129899952787,0.0,3.378360927526491e-05,-8.602720503046355e-06,0.0,0.5,0.0,reference,-2.3684757858670005e-18,0.0,nan,nan,nan,,,nan,nan,nan,nan,nan,nan,nan,nan,0.05,0.1275,0.8166666666666667,0.3202614379084967,45,36,0.15,0.047058823529411764,0.004076461894582799,0.004076461894582799,0.0,0.016109779332559318,0.016109779332559318,0.0,0.5644997191023464,0.5644997191023464,0.6119729113588183,0.6119729113588183
real_breast_cancer_aligned,box,6000,0.05,0.0,estimated_residual_lowp_supported,ctmle,estimated,xgboost,xgboost,if_residual,1.0,0.0|0.25|0.5|1.0,aipw_variance,-1.0,1.0,obsval,4.0,0.1,30,0.1,crossfit_rank_empty_standdown,1.0,4,50,3,1443.3056697743014,0.04266420681501598,0.04266420681501598,0.04266420681501598,0.0,5.687340270986506e-05,-6.408000030645494e-05,0.0,0.5,0.0,reference,2.3684757858670005e-18,-5.551115123125783e-17,nan,nan,nan,,,nan,nan,nan,nan,nan,nan,nan,nan,0.1,0.13333333333333333,0.8,0.6,60,40,0.1,0.05,0.01310229909856152,0.01310229909856152,0.0,0.02148388694162518,0.02148388694162518,0.0,0.6256401048299395,0.6256401048299395,0.6369653120942266,0.6369653120942266
real_breast_cancer_aligned,box,6000,0.05,0.0,estimated_residual_lowp_supported,ctmle,estimated,xgboost,xgboost,if_residual,1.0,0.0|0.25|0.5|1.0,aipw_variance,-1.0,1.0,obsval,4.0,0.1,30,0.1,crossfit_rank_empty_standdown,1.0,4,50,4,1922.0551433973014,0.06770979554869366,0.06770979554869366,0.06770979554869366,0.0,5.3705113378885085e-05,-5.787706074546824e-05,0.0,0.5,0.0,reference,8.881784197001253e-18,-5.551115123125783e-17,nan,nan,nan,,,nan,nan,nan,nan,nan,nan,nan,nan,0.0,0.13016666666666668,nan,0.0,0,48,nan,0.06145966709346991,0.0,0.0,0.0,0.03141576693178274,0.03141576693178274,0.0,nan,nan,0.6962860564681204,0.6962860564681204
real_breast_cancer_aligned,box,6000,0.05,0.0,estimated_residual_lowp_supported,ctmle,estimated,xgboost,xgboost,if_residual,1.0,0.0|0.25|0.5|1.0,aipw_variance,-1.0,1.0,obsval,4.0,0.1,30,0.1,crossfit_rank_empty_standdown,1.0,4,50,1,487.78993532061577,-0.0365445616491861,-0.0365445616491861,-0.0365445616491861,0.0,5.537620221257957e-05,-2.168804094922921e-05,0.0,0.5,0.0,reference,-1.3026616822268503e-17,0.0,nan,nan,nan,,,nan,nan,nan,nan,nan,nan,nan,nan,0.0,0.128,nan,0.0,0,33,nan,0.04296875,0.0,0.0,0.0,-0.0008271234349489284,-0.0008271234349489284,0.0,nan,nan,0.6172218608121574,0.6172218608121574
real_breast_cancer_aligned,box,6000,0.05,0.0,estimated_residual_lowp_supported,ctmle,estimated,xgboost,xgboost,if_residual,1.0,0.0|0.25|0.5|1.0,aipw_variance,-1.0,1.0,obsval,4.0,0.1,30,0.1,crossfit_rank_empty_standdown,1.0,4,50,2,966.7402235921472,0.006946564909410868,0.006946564909410868,0.006946564909410868,0.0,5.2990505089329024e-05,1.1568650069805272e-07,0.0,0.5,0.0,reference,-7.105427357601002e-18,-5.551115123125783e-17,nan,nan,nan,,,nan,nan,nan,nan,nan,nan,nan,nan,0.1,0.13066666666666665,0.8483333333333334,0.6492346938775511,63,47,0.105,0.05994897959183673,0.005632537590400377,0.005632537590400377,0.0,0.005599477917020266,0.005599477917020266,0.0,0.6315446236230212,0.6315446236230212,0.6399349766281083,0.6399349766281083
real_breast_cancer_aligned,box,6000,0.05,0.0,estimated_residual_lowp_supported,ctmle,estimated,xgboost,xgboost,if_residual,1.0,0.0|0.25|0.5|1.0,aipw_variance,-1.0,1.0,obsval,4.0,0.1,30,0.1,crossfit_rank_empty_standdown,1.0,4,50,3,1441.3621756164357,-0.012060566812972129,-0.012060566812972129,-0.012060566812972129,0.0,4.837138623392588e-05,-2.897735149326973e-05,0.0,0.5,0.0,reference,-1.1250259982868253e-17,5.551115123125783e-17,nan,nan,nan,,,nan,nan,nan,nan,nan,nan,nan,nan,0.0,0.13583333333333333,nan,0.0,0,50,nan,0.06134969325153374,0.0,0.0,0.0,0.008855338583833727,0.008855338583833727,0.0,nan,nan,0.6415125268064417,0.6415125268064417
real_breast_cancer_aligned,box,6000,0.05,0.0,estimated_residual_lowp_supported,ctmle,estimated,xgboost,xgboost,if_residual,1.0,0.0|0.25|0.5|1.0,aipw_variance,-1.0,1.0,obsval,4.0,0.1,30,0.1,crossfit_rank_empty_standdown,1.0,4,50,4,1923.4576767999679,0.012763724370935148,0.012763724370935148,0.012763724370935148,0.0,2.6870933003033575e-05,2.121841149718836e-06,0.0,0.5,0.0,reference,-2.3684757858670005e-18,0.0,nan,nan,nan,,,nan,nan,nan,nan,nan,nan,nan,nan,0.05,0.13283333333333333,0.88,0.3312421580928482,34,47,0.11333333333333333,0.05897114178168131,0.007430051557261575,0.007430051557261575,0.0,0.02308172505116492,0.02308172505116492,0.0,0.571091914558637,0.571091914558637,0.5711881487332806,0.5711881487332806
real_breast_cancer_aligned,box,6000,0.05,0.0,estimated_residual_lowp_supported,ctmle,estimated,xgboost,xgboost,if_residual,1.0,0.0|0.25|0.5|1.0,aipw_variance,-1.0,1.0,obsval,4.0,0.1,30,0.1,crossfit_rank_empty_standdown,1.0,4,50,1,485.3419871479273,0.03919065638145619,0.03919065638145619,0.03919065638145619,0.0,3.348734557995941e-05,-2.2417436646462747e-05,0.0,0.5,0.0,reference,-3.552713678800501e-18,5.551115123125783e-17,nan,nan,nan,,,nan,nan,nan,nan,nan,nan,nan,nan,0.1,0.129,0.83,0.6434108527131783,67,37,0.11166666666666666,0.04780361757105943,0.015541320344836166,0.015541320344836166,0.0,0.018397355820707076,0.018397355820707076,0.0,0.6662467070792988,0.6662467070792988,0.6301548852689862,0.6301548852689862
real_breast_cancer_aligned,box,6000,0.05,0.0,estimated_residual_lowp_supported,ctmle,estimated,xgboost,xgboost,if_residual,1.0,0.0|0.25|0.5|1.0,aipw_variance,-1.0,1.0,obsval,4.0,0.1,30,0.1,crossfit_rank_empty_standdown,1.0,4,50,2,966.6807461651042,0.046380023262438286,0.046380023262438286,0.046380023262438286,0.0,3.2677719182210366e-05,-3.553375014972253e-06,0.0,0.5,0.0,reference,-2.960594732333751e-18,0.0,nan,nan,nan,,,nan,nan,nan,nan,nan,nan,nan,nan,0.0,0.1255,nan,0.0,0,41,nan,0.05444887118193891,0.0,0.0,0.0,0.03582836001920453,0.03582836001920453,0.0,nan,nan,0.8086484042555643,0.8086484042555643
real_breast_cancer_aligned,box,6000,0.05,0.0,estimated_residual_lowp_supported,ctmle,estimated,xgboost,xgboost,if_residual,1.0,0.0|0.25|0.5|1.0,aipw_variance,-1.0,1.0,obsval,4.0,0.1,30,0.1,crossfit_rank_empty_standdown,1.0,4,50,3,1449.498210429214,0.01164455275339843,0.01164455275339843,0.01164455275339843,0.0,5.1436194643918794e-05,-5.964383717137797e-05,0.0,0.5,0.0,reference,-5.921189464667501e-19,0.0,nan,nan,nan,,,nan,nan,nan,nan,nan,nan,nan,nan,0.1,0.13416666666666666,0.805,0.6,65,47,0.10833333333333334,0.058385093167701865,0.012662093653079964,0.012662093653079964,0.0,0.01489493019346807,0.01489493019346807,0.0,0.6648044851814311,0.6648044851814311,0.6567367759335531,0.6567367759335531
real_breast_cancer_aligned,box,6000,0.05,0.0,estimated_residual_lowp_supported,ctmle,estimated,xgboost,xgboost,if_residual,1.0,0.0|0.25|0.5|1.0,aipw_variance,-1.0,1.0,obsval,4.0,0.1,30,0.1,crossfit_rank_empty_standdown,1.0,4,50,4,1922.2877146247774,0.023958345973085937,0.023958345973085937,0.023958345973085937,0.0,3.807105548246691e-05,4.200320382402893e-06,0.0,0.5,0.0,reference,8.43769498715119e-18,0.0,nan,nan,nan,,,nan,nan,nan,nan,nan,nan,nan,nan,0.1,0.1325,0.8233333333333334,0.6213836477987421,62,34,0.10333333333333333,0.042767295597484274,0.014618233574373059,0.014618233574373059,0.0,0.018261094658354193,0.018261094658354193,0.0,0.5972690651070961,0.5972690651070961,0.631654982677748,0.631654982677748
real_breast_cancer_aligned,box,6000,0.05,0.0,estimated_residual_lowp_supported,ctmle,estimated,xgboost,xgboost,if_residual,1.0,0.0|0.25|0.5|1.0,aipw_variance,-1.0,1.0,obsval,4.0,0.1,30,0.1,crossfit_rank_empty_standdown,1.0,4,50,1,478.2326604286209,0.02450323724002651,0.02450323724002651,0.02450323724002651,0.0,2.7086507970462302e-05,-8.359776870293294e-06,0.0,0.5,0.0,reference,-3.552713678800501e-18,0.0,nan,nan,nan,,,nan,nan,nan,nan,nan,nan,nan,nan,0.1,0.12966666666666668,0.7966666666666666,0.6143958868894601,60,46,0.1,0.05912596401028278,0.019134873818442217,0.019134873818442217,0.0,0.02390590860102442,0.02390590860102442,0.0,0.6265007684936933,0.6265007684936933,0.6456290406783669,0.6456290406783669
real_breast_cancer_aligned,box,6000,0.05,0.0,estimated_residual_lowp_supported,ctmle,estimated,xgboost,xgboost,if_residual,1.0,0.0|0.25|0.5|1.0,aipw_variance,-1.0,1.0,obsval,4.0,0.1,30,0.1,crossfit_rank_empty_standdown,1.0,4,50,2,955.5875179180875,0.0330065453151811,0.0330065453151811,0.0330065453151811,0.0,8.799377334948902e-05,-1.79785796020315e-05,0.0,0.5,0.0,reference,2.3684757858670005e-18,0.0,nan,nan,nan,,,nan,nan,nan,nan,nan,nan,nan,nan,0.075,0.1335,0.8111111111111111,0.4556803995006242,48,36,0.10666666666666667,0.0449438202247191,0.01654445031149358,0.01654445031149358,0.0,0.030573031507254385,0.030573031507254385,0.0,0.6709703338350886,0.6709703338350886,0.6775721426343324,0.6775721426343324
real_breast_cancer_aligned,box,6000,0.05,0.0,estimated_residual_lowp_supported,ctmle,estimated,xgboost,xgboost,if_residual,1.0,0.0|0.25|0.5|1.0,aipw_variance,-1.0,1.0,obsval,4.0,0.1,30,0.1,crossfit_rank_empty_standdown,1.0,4,50,3,1432.9340198291466,0.06731857881337133,0.06731857881337133,0.06731857881337133,0.0,3.467644775970256e-05,-2.4819899758126004e-05,0.0,0.5,0.0,reference,-2.3684757858670005e-18,0.0,nan,nan,nan,,,nan,nan,nan,nan,nan,nan,nan,nan,0.1,0.13716666666666666,0.8466666666666667,0.6172539489671932,59,46,0.09833333333333333,0.05589307411907655,0.03149169166289719,0.03149169166289719,0.0,0.04444239290294888,0.04444239290294888,0.0,0.7116450705164961,0.7116450705164961,0.7074909143332905,0.7074909143332905
real_breast_cancer_aligned,box,6000,0.05,0.0,estimated_residual_lowp_supported,ctmle,estimated,xgboost,xgboost,if_residual,1.0,0.0|0.25|0.5|1.0,aipw_variance,-1.0,1.0,obsval,4.0,0.1,30,0.1,crossfit_rank_empty_standdown,1.0,4,50,4,1910.4092092989013,0.03871050586461949,0.03871050586461949,0.03871050586461949,0.0,3.443785015934961e-05,-1.516712054765645e-06,0.0,0.5,0.0,reference,1.0658141036401503e-17,0.0,nan,nan,nan,,,nan,nan,nan,nan,nan,nan,nan,nan,0.0,0.13166666666666665,nan,0.0,0,46,nan,0.05822784810126582,0.0,0.0,0.0,0.02452539207634868,0.02452539207634868,0.0,nan,nan,0.6101597558124112,0.6101597558124112
real_breast_cancer_aligned,box,6000,0.05,1.0,estimated_residual_lowp_supported,ctmle,estimated,xgboost,xgboost,if_residual,1.0,0.0|0.25|0.5|1.0,aipw_variance,-1.0,1.0,obsval,4.0,0.1,30,0.1,crossfit_rank_empty_standdown,1.0,4,50,1,483.2384340222925,0.03509661371293926,0.03509661371293926,0.03509661371293926,0.0,4.504277899570737e-05,1.5259929005063304e-06,0.0,0.5,0.0,reference,1.3618735768735253e-17,0.0,nan,nan,nan,,,nan,nan,nan,nan,nan,nan,nan,nan,0.0,0.13466666666666666,nan,0.0,0,36,nan,0.04455445544554455,0.0,0.0,0.0,-0.024544128064234234,-0.024544128064234234,0.0,nan,nan,0.7496949429003972,0.7496949429003972
real_breast_cancer_aligned,box,6000,0.05,1.0,estimated_residual_lowp_supported,ctmle,estimated,xgboost,xgboost,if_residual,1.0,0.0|0.25|0.5|1.0,aipw_variance,-1.0,1.0,obsval,4.0,0.1,30,0.1,crossfit_rank_empty_standdown,1.0,4,50,2,1003.9002337595448,-0.02911608598949489,-0.02911608598949489,-0.02911608598949489,0.0,2.516925799426388e-05,-2.328561875462545e-05,0.0,0.5,0.0,reference,-4.736951571734001e-18,5.551115123125783e-17,nan,nan,nan,,,nan,nan,nan,nan,nan,nan,nan,nan,0.05,0.13033333333333333,0.85,0.32608695652173914,31,38,0.10333333333333333,0.04859335038363171,-0.0064276975110057555,-0.0064276975110057555,0.0,-0.04645296332715479,-0.04645296332715479,0.0,0.8664348380510736,0.8664348380510736,0.8969906741846904,0.8969906741846904
real_breast_cancer_aligned,box,6000,0.05,1.0,estimated_residual_lowp_supported,ctmle,estimated,xgboost,xgboost,if_residual,1.0,0.0|0.25|0.5|1.0,aipw_variance,-1.0,1.0,obsval,4.0,0.1,30,0.1,crossfit_rank_empty_standdown,1.0,4,50,3,1489.4678545473143,-0.06618329921673749,-0.06618329921673749,-0.06618329921673749,0.0,3.9877282708457025e-05,-1.974681017457631e-05,0.0,0.5,0.0,reference,-5.921189464667502e-18,0.0,nan,nan,nan,,,nan,nan,nan,nan,nan,nan,nan,nan,0.0,0.13716666666666666,nan,0.0,0,42,nan,0.05103280680437424,0.0,0.0,0.0,-0.03455317024273353,-0.03455317024273353,0.0,nan,nan,0.75625505914605,0.75625505914605
real_breast_cancer_aligned,box,6000,0.05,1.0,estimated_residual_lowp_supported,ctmle,estimated,xgboost,xgboost,if_residual,1.0,0.0|0.25|0.5|1.0,aipw_variance,-1.0,1.0,obsval,4.0,0.1,30,0.1,crossfit_rank_empty_standdown,1.0,4,50,4,1971.3271961370483,-0.07135852461934455,-0.07135852461934455,-0.07135852461934455,0.0,3.38440178938355e-05,-1.4327583144854738e-06,0.0,0.5,0.0,reference,2.3684757858670005e-18,0.0,nan,nan,nan,,,nan,nan,nan,nan,nan,nan,nan,nan,0.075,0.12833333333333333,0.8222222222222222,0.4805194805194805,53,34,0.11777777777777777,0.04415584415584416,-0.02408085697095803,-0.02408085697095803,0.0,-0.06219808482396278,-0.06219808482396278,0.0,0.6957858554967938,0.6957858554967938,0.7784513952881107,0.7784513952881107
real_breast_cancer_aligned,box,6000,0.05,1.0,estimated_residual_lowp_supported,ctmle,estimated,xgboost,xgboost,if_residual,1.0,0.0|0.25|0.5|1.0,aipw_variance,-1.0,1.0,obsval,4.0,0.1,30,0.1,crossfit_rank_empty_standdown,1.0,4,50,1,475.4722138652578,-0.07332150541733462,-0.07332150541733462,-0.07332150541733462,0.0,3.9113967697927015e-05,-4.3791623414257935e-05,0.0,0.5,0.0,reference,-7.105427357601002e-18,0.0,nan,nan,nan,,,nan,nan,nan,nan,nan,nan,nan,nan,0.0,0.136,nan,0.0,0,39,nan,0.04779411764705882,0.0,0.0,0.0,-0.06466571501199357,-0.06466571501199357,0.0,nan,nan,0.8066802564436486,0.8066802564436486
real_breast_cancer_aligned,box,6000,0.05,1.0,estimated_residual_lowp_supported,ctmle,estimated,xgboost,xgboost,if_residual,1.0,0.0|0.25|0.5|1.0,aipw_variance,-1.0,1.0,obsval,4.0,0.1,30,0.1,crossfit_rank_empty_standdown,1.0,4,50,2,956.459484403953,-0.02544774103841485,-0.02544774103841485,-0.02544774103841485,0.0,7.170847815643e-05,-4.7930420938517506e-05,0.0,0.5,0.0,reference,-2.6645352591003758e-18,0.0,nan,nan,nan,,,nan,nan,nan,nan,nan,nan,nan,nan,0.075,0.12883333333333333,0.82,0.47736093143596375,46,35,0.10222222222222223,0.045278137128072445,-0.010682375772069262,-0.010682375772069262,0.0,-0.03149481427493895,-0.03149481427493895,0.0,0.6964300245049863,0.6964300245049863,0.7421330815759123,0.7421330815759123
real_breast_cancer_aligned,box,6000,0.05,1.0,estimated_residual_lowp_supported,ctmle,estimated,xgboost,xgboost,if_residual,1.0,0.0|0.25|0.5|1.0,aipw_variance,-1.0,1.0,obsval,4.0,0.1,30,0.1,crossfit_rank_empty_standdown,1.0,4,50,3,1438.003938141279,-0.04616818215318974,-0.04616818215318974,-0.04616818215318974,0.0,4.033457555863704e-05,1.3094324043470666e-05,0.0,0.5,0.0,reference,8.289665250534503e-18,0.0,nan,nan,nan,,,nan,nan,nan,nan,nan,nan,nan,nan,0.0,0.13166666666666665,nan,0.0,0,39,nan,0.049367088607594936,0.0,0.0,0.0,-0.05937762400049513,-0.05937762400049513,0.0,nan,nan,0.7914714698364025,0.7914714698364025
real_breast_cancer_aligned,box,6000,0.05,1.0,estimated_residual_lowp_supported,ctmle,estimated,xgboost,xgboost,if_residual,1.0,0.0|0.25|0.5|1.0,aipw_variance,-1.0,1.0,obsval,4.0,0.1,30,0.1,crossfit_rank_empty_standdown,1.0,4,50,4,1923.0454097827896,-0.07875896006672167,-0.07875896006672167,-0.07875896006672167,0.0,4.7368036072724666e-05,-4.416359509906183e-05,0.0,0.5,0.0,reference,1.1842378929335003e-18,0.0,nan,nan,nan,,,nan,nan,nan,nan,nan,nan,nan,nan,0.05,0.12916666666666668,0.8166666666666667,0.3161290322580645,42,43,0.14,0.05548387096774193,-0.018923801695419924,-0.018923801695419924,0.0,-0.06312087952837186,-0.06312087952837186,0.0,0.7632604719424624,0.7632604719424624,0.8343888273808742,0.8343888273808742
real_breast_cancer_aligned,box,6000,0.05,1.0,estimated_residual_lowp_supported,ctmle,estimated,xgboost,xgboost,if_residual,1.0,0.0|0.25|0.5|1.0,aipw_variance,-1.0,1.0,obsval,4.0,0.1,30,0.1,crossfit_rank_empty_standdown,1.0,4,50,1,478.3731048582122,-0.09747893104285538,-0.09747893104285538,-0.09747893104285538,0.0,2.4394500394251165e-05,-1.578395611983056e-05,0.0,0.5,0.0,reference,-8.881784197001253e-19,0.0,nan,nan,nan,,,nan,nan,nan,nan,nan,nan,nan,nan,0.0,0.12883333333333333,nan,0.0,0,44,nan,0.056921086675291076,0.0,0.0,0.0,-0.057617833094846985,-0.057617833094846985,0.0,nan,nan,0.852575620248226,0.852575620248226
real_breast_cancer_aligned,box,6000,0.05,1.0,estimated_residual_lowp_supported,ctmle,estimated,xgboost,xgboost,if_residual,1.0,0.0|0.25|0.5|1.0,aipw_variance,-1.0,1.0,obsval,4.0,0.1,30,0.1,crossfit_rank_empty_standdown,1.0,4,50,2,959.3974720099941,-0.03530415422520883,-0.03530415422520883,-0.03530415422520883,0.0,2.6834265838579334e-05,-7.428301026230551e-06,0.0,0.5,0.0,reference,-3.552713678800501e-18,5.551115123125783e-17,nan,nan,nan,,,nan,nan,nan,nan,nan,nan,nan,nan,0.0,0.13033333333333333,nan,0.0,0,40,nan,0.05115089514066496,0.0,0.0,0.0,-0.042801455167942225,-0.042801455167942225,0.0,nan,nan,0.7921916551545872,0.7921916551545872
real_breast_cancer_aligned,box,6000,0.05,1.0,estimated_residual_lowp_supported,ctmle,estimated,xgboost,xgboost,if_residual,1.0,0.0|0.25|0.5|1.0,aipw_variance,-1.0,1.0,obsval,4.0,0.1,30,0.1,crossfit_rank_empty_standdown,1.0,4,50,3,1439.4343632562086,-0.07505909822646806,-0.07505909822646806,-0.07505909822646806,0.0,3.74316108070397e-05,-3.568182590523377e-05,0.0,0.5,0.0,reference,-9.473903143468002e-18,0.0,nan,nan,nan,,,nan,nan,nan,nan,nan,nan,nan,nan,0.05,0.1375,0.78,0.28363636363636363,42,37,0.14,0.044848484848484846,-0.02218544033494969,-0.02218544033494969,0.0,-0.0621669076389151,-0.0621669076389151,0.0,0.8293443124843872,0.8293443124843872,0.7879818109660975,0.7879818109660975
real_breast_cancer_aligned,box,6000,0.05,1.0,estimated_residual_lowp_supported,ctmle,estimated,xgboost,xgboost,if_residual,1.0,0.0|0.25|0.5|1.0,aipw_variance,-1.0,1.0,obsval,4.0,0.1,30,0.1,crossfit_rank_empty_standdown,1.0,4,50,4,1916.7461499581113,-0.04536333332939846,-0.04536333332939846,-0.04536333332939846,0.0,3.917404795116919e-05,-3.3961730726562805e-05,0.0,0.5,0.0,reference,-3.2566542055671258e-18,0.0,nan,nan,nan,,,nan,nan,nan,nan,nan,nan,nan,nan,0.0,0.13466666666666666,nan,0.0,0,41,nan,0.050742574257425746,0.0,0.0,0.0,-0.05329408540482372,-0.05329408540482372,0.0,nan,nan,0.7429688132077483,0.7429688132077483
real_breast_cancer_aligned,box,6000,0.05,1.0,estimated_residual_lowp_supported,ctmle,estimated,xgboost,xgboost,if_residual,1.0,0.0|0.25|0.5|1.0,aipw_variance,-1.0,1.0,obsval,4.0,0.1,30,0.1,crossfit_rank_empty_standdown,1.0,4,50,1,479.62887490540743,-0.06213798210183241,-0.06213798210183241,-0.06213798210183241,0.0,2.9829345757220044e-05,-6.747479792466372e-06,0.0,0.5,0.0,reference,-1.7763568394002505e-18,0.0,nan,nan,nan,,,nan,nan,nan,nan,nan,nan,nan,nan,0.0,0.12966666666666668,nan,0.0,0,37,nan,0.04755784061696658,0.0,0.0,0.0,-0.04748944147334432,-0.04748944147334432,0.0,nan,nan,0.7883878395730328,0.7883878395730328
real_breast_cancer_aligned,box,6000,0.05,1.0,estimated_residual_lowp_supported,ctmle,estimated,xgboost,xgboost,if_residual,1.0,0.0|0.25|0.5|1.0,aipw_variance,-1.0,1.0,obsval,4.0,0.1,30,0.1,crossfit_rank_empty_standdown,1.0,4,50,2,960.812461768277,-0.054974380988728366,-0.054974380988728366,-0.054974380988728366,0.0,5.591567697635477e-05,-1.228320560430526e-05,0.0,0.5,0.0,reference,1.3026616822268503e-17,0.0,nan,nan,nan,,,nan,nan,nan,nan,nan,nan,nan,nan,0.0,0.1335,nan,0.0,0,44,nan,0.05493133583021224,0.0,0.0,0.0,-0.04519010143808233,-0.04519010143808233,0.0,nan,nan,0.7728410250279688,0.7728410250279688
real_breast_cancer_aligned,box,6000,0.05,1.0,estimated_residual_lowp_supported,ctmle,estimated,xgboost,xgboost,if_residual,1.0,0.0|0.25|0.5|1.0,aipw_variance,-1.0,1.0,obsval,4.0,0.1,30,0.1,crossfit_rank_empty_standdown,1.0,4,50,3,1443.065031294711,-0.06080402352521053,-0.06080402352521053,-0.06080402352521053,0.0,4.365717486967094e-05,-3.8619442235362145e-05,0.0,0.5,0.0,reference,1.1842378929335003e-18,0.0,nan,nan,nan,,,nan,nan,nan,nan,nan,nan,nan,nan,0.0,0.1355,nan,0.0,0,42,nan,0.05166051660516605,0.0,0.0,0.0,-0.06489051932336201,-0.06489051932336201,0.0,nan,nan,0.8138748923357266,0.8138748923357266
real_breast_cancer_aligned,box,6000,0.05,1.0,estimated_residual_lowp_supported,ctmle,estimated,xgboost,xgboost,if_residual,1.0,0.0|0.25|0.5|1.0,aipw_variance,-1.0,1.0,obsval,4.0,0.1,30,0.1,crossfit_rank_empty_standdown,1.0,4,50,4,1926.2677284525707,-0.03684273665264104,-0.03684273665264104,-0.03684273665264104,0.0,4.341962579954364e-05,-1.5997623213407383e-05,0.0,0.5,0.0,reference,7.105427357601002e-18,0.0,nan,nan,nan,,,nan,nan,nan,nan,nan,nan,nan,nan,0.0,0.1265,nan,0.0,0,31,nan,0.04084321475625823,0.0,0.0,0.0,-0.03398655896310326,-0.03398655896310326,0.0,nan,nan,0.7572658584692372,0.7572658584692372
real_breast_cancer_aligned,box,6000,0.05,1.0,estimated_residual_lowp_supported,ctmle,estimated,xgboost,xgboost,if_residual,1.0,0.0|0.25|0.5|1.0,aipw_variance,-1.0,1.0,obsval,4.0,0.1,30,0.1,crossfit_rank_empty_standdown,1.0,4,50,1,478.2973129535094,-0.001922750383693661,-0.001922750383693661,-0.001922750383693661,0.0,3.669673827483939e-05,-2.7129484285257056e-05,0.0,0.5,0.0,reference,9.473903143468002e-18,0.0,nan,nan,nan,,,nan,nan,nan,nan,nan,nan,nan,nan,0.1,0.13066666666666665,0.8166666666666667,0.625,75,43,0.125,0.0548469387755102,-0.018739547711520893,-0.018739547711520893,0.0,-0.04037598214342458,-0.04037598214342458,0.0,0.7326800298675789,0.7326800298675789,0.8038899431158572,0.8038899431158572
real_breast_cancer_aligned,box,6000,0.05,1.0,estimated_residual_lowp_supported,ctmle,estimated,xgboost,xgboost,if_residual,1.0,0.0|0.25|0.5|1.0,aipw_variance,-1.0,1.0,obsval,4.0,0.1,30,0.1,crossfit_rank_empty_standdown,1.0,4,50,2,963.2531559448689,0.004039614536116565,0.004039614536116565,0.004039614536116565,0.0,5.0593403837631556e-05,-2.2278241025286134e-05,0.0,0.5,0.0,reference,-1.1842378929335003e-18,0.0,nan,nan,nan,,,nan,nan,nan,nan,nan,nan,nan,nan,0.0,0.12966666666666668,nan,0.0,0,44,nan,0.056555269922879174,0.0,0.0,0.0,-0.03944182835107728,-0.03944182835107728,0.0,nan,nan,0.7371640725323629,0.7371640725323629
real_breast_cancer_aligned,box,6000,0.05,1.0,estimated_residual_lowp_supported,ctmle,estimated,xgboost,xgboost,if_residual,1.0,0.0|0.25|0.5|1.0,aipw_variance,-1.0,1.0,obsval,4.0,0.1,30,0.1,crossfit_rank_empty_standdown,1.0,4,50,3,1452.7627679808065,0.005488406245719668,0.005488406245719668,0.005488406245719668,0.0,4.824687310156907e-05,-2.111228691645126e-05,0.0,0.5,0.0,reference,1.1842378929335003e-18,0.0,nan,nan,nan,,,nan,nan,nan,nan,nan,nan,nan,nan,0.05,0.13266666666666665,0.76,0.2864321608040201,45,53,0.15,0.06658291457286432,-0.008312541319457818,-0.008312541319457818,0.0,-0.03901717957986689,-0.03901717957986689,0.0,0.6356101222986646,0.6356101222986646,0.6975951528556412,0.6975951528556412
real_breast_cancer_aligned,box,6000,0.05,1.0,estimated_residual_lowp_supported,ctmle,estimated,xgboost,xgboost,if_residual,1.0,0.0|0.25|0.5|1.0,aipw_variance,-1.0,1.0,obsval,4.0,0.1,30,0.1,crossfit_rank_empty_standdown,1.0,4,50,4,1935.98280905094,-0.021531562732172438,-0.021531562732172438,-0.021531562732172438,0.0,3.9177489200954534e-05,-1.923405150590276e-05,0.0,0.5,0.0,reference,-3.552713678800501e-18,0.0,nan,nan,nan,,,nan,nan,nan,nan,nan,nan,nan,nan,0.1,0.13383333333333333,0.8066666666666666,0.6027397260273972,61,40,0.10166666666666667,0.049813200498132,-0.014271929913204418,-0.014271929913204418,0.0,-0.035525556282763326,-0.035525556282763326,0.0,0.7496923264676708,0.7496923264676708,0.7975540802156497,0.7975540802156497
real_breast_cancer_aligned,box,6000,0.05,1.0,estimated_residual_lowp_supported,ctmle,estimated,xgboost,xgboost,if_residual,1.0,0.0|0.25|0.5|1.0,aipw_variance,-1.0,1.0,obsval,4.0,0.1,30,0.1,crossfit_rank_empty_standdown,1.0,4,50,1,479.6767028979957,-0.017412128953629646,-0.017412128953629646,-0.017412128953629646,0.0,3.266884367686548e-05,-1.049300867419302e-05,0.0,0.5,0.0,reference,-4.736951571734001e-18,5.551115123125783e-17,nan,nan,nan,,,nan,nan,nan,nan,nan,nan,nan,nan,0.05,0.12833333333333333,0.7533333333333333,0.2935064935064935,34,41,0.11333333333333333,0.053246753246753244,-0.00941016019317827,-0.00941016019317827,0.0,-0.041723243987806954,-0.041723243987806954,0.0,0.7181546015155601,0.7181546015155601,0.7468454421738329,0.7468454421738329
real_breast_cancer_aligned,box,6000,0.05,1.0,estimated_residual_lowp_supported,ctmle,estimated,xgboost,xgboost,if_residual,1.0,0.0|0.25|0.5|1.0,aipw_variance,-1.0,1.0,obsval,4.0,0.1,30,0.1,crossfit_rank_empty_standdown,1.0,4,50,2,956.9213590407744,-0.04088779770562134,-0.04088779770562134,-0.04088779770562134,0.0,4.3018878153460675e-05,-3.146928461615579e-05,0.0,0.5,0.0,reference,-2.3684757858670005e-18,0.0,nan,nan,nan,,,nan,nan,nan,nan,nan,nan,nan,nan,0.0,0.13416666666666666,nan,0.0,0,39,nan,0.0484472049689441,0.0,0.0,0.0,-0.062108111436275946,-0.062108111436275946,0.0,nan,nan,0.8070254368993028,0.8070254368993028
real_breast_cancer_aligned,box,6000,0.05,1.0,estimated_residual_lowp_supported,ctmle,estimated,xgboost,xgboost,if_residual,1.0,0.0|0.25|0.5|1.0,aipw_variance,-1.0,1.0,obsval,4.0,0.1,30,0.1,crossfit_rank_empty_standdown,1.0,4,50,3,1435.3221524143592,-0.05288636397761637,-0.05288636397761637,-0.05288636397761637,0.0,4.598379671641082e-05,-1.886095276495037e-05,0.0,0.5,0.0,reference,-1.1842378929335003e-18,0.0,nan,nan,nan,,,nan,nan,nan,nan,nan,nan,nan,nan,0.1,0.13183333333333333,0.7983333333333333,0.6055625790139064,70,37,0.11666666666666667,0.04677623261694058,-0.034154038963196846,-0.034154038963196846,0.0,-0.06376131173597158,-0.06376131173597158,0.0,0.7849037574046879,0.7849037574046879,0.8279758842510904,0.8279758842510904
real_breast_cancer_aligned,box,6000,0.05,1.0,estimated_residual_lowp_supported,ctmle,estimated,xgboost,xgboost,if_residual,1.0,0.0|0.25|0.5|1.0,aipw_variance,-1.0,1.0,obsval,4.0,0.1,30,0.1,crossfit_rank_empty_standdown,1.0,4,50,4,1915.2679662024602,-0.04105428833423136,-0.04105428833423136,-0.04105428833423136,0.0,4.037159539164699e-05,2.3506355021152574e-05,0.0,0.5,0.0,reference,-3.552713678800501e-18,0.0,nan,nan,nan,,,nan,nan,nan,nan,nan,nan,nan,nan,0.0,0.13716666666666666,nan,0.0,0,46,nan,0.05589307411907655,0.0,0.0,0.0,-0.04672591869193837,-0.04672591869193837,0.0,nan,nan,0.7977125229423631,0.7977125229423631
real_breast_cancer_aligned,box,6000,0.05,1.0,estimated_residual_lowp_supported,ctmle,estimated,xgboost,xgboost,if_residual,1.0,0.0|0.25|0.5|1.0,aipw_variance,-1.0,1.0,obsval,4.0,0.1,30,0.1,crossfit_rank_empty_standdown,1.0,4,50,1,483.446253455244,-0.06435101971385221,-0.06435101971385221,-0.06435101971385221,0.0,2.5077413023568557e-05,-9.544449126499231e-06,0.0,0.5,0.0,reference,-3.552713678800501e-18,0.0,nan,nan,nan,,,nan,nan,nan,nan,nan,nan,nan,nan,0.0,0.13633333333333333,nan,0.0,0,48,nan,0.05867970660146699,0.0,0.0,0.0,-0.05630093401259174,-0.05630093401259174,0.0,nan,nan,0.842256529236188,0.842256529236188
real_breast_cancer_aligned,box,6000,0.05,1.0,estimated_residual_lowp_supported,ctmle,estimated,xgboost,xgboost,if_residual,1.0,0.0|0.25|0.5|1.0,aipw_variance,-1.0,1.0,obsval,4.0,0.1,30,0.1,crossfit_rank_empty_standdown,1.0,4,50,2,966.3575738705695,-0.06497821579863544,-0.06497821579863544,-0.06497821579863544,0.0,4.8538897857791034e-05,-1.1347507642113768e-05,0.0,0.5,0.0,reference,-1.1842378929335003e-18,-5.551115123125783e-17,nan,nan,nan,,,nan,nan,nan,nan,nan,nan,nan,nan,0.0,0.13816666666666666,nan,0.0,0,41,nan,0.04945717732207479,0.0,0.0,0.0,-0.07364989277385539,-0.07364989277385539,0.0,nan,nan,0.8444821638263984,0.8444821638263984
real_breast_cancer_aligned,box,6000,0.05,1.0,estimated_residual_lowp_supported,ctmle,estimated,xgboost,xgboost,if_residual,1.0,0.0|0.25|0.5|1.0,aipw_variance,-1.0,1.0,obsval,4.0,0.1,30,0.1,crossfit_rank_empty_standdown,1.0,4,50,3,1443.855869053863,-0.03860993415311342,-0.03860993415311342,-0.03860993415311342,0.0,4.376862945827556e-05,1.705574284830406e-05,0.0,0.5,0.0,reference,4.736951571734001e-18,-1.1102230246251565e-16,nan,nan,nan,,,nan,nan,nan,nan,nan,nan,nan,nan,0.0,0.13583333333333333,nan,0.0,0,43,nan,0.05276073619631902,0.0,0.0,0.0,-0.04000656299523419,-0.04000656299523419,0.0,nan,nan,0.7905903355554711,0.7905903355554711
real_breast_cancer_aligned,box,6000,0.05,1.0,estimated_residual_lowp_supported,ctmle,estimated,xgboost,xgboost,if_residual,1.0,0.0|0.25|0.5|1.0,aipw_variance,-1.0,1.0,obsval,4.0,0.1,30,0.1,crossfit_rank_empty_standdown,1.0,4,50,4,1926.5599400186911,-0.0317796006574787,-0.0317796006574787,-0.0317796006574787,0.0,4.123574303546598e-05,5.947916330151855e-06,0.0,0.5,0.0,reference,-6.5133084111342516e-18,-1.1102230246251565e-16,nan,nan,nan,,,nan,nan,nan,nan,nan,nan,nan,nan,0.0,0.13016666666666668,nan,0.0,0,44,nan,0.056338028169014086,0.0,0.0,0.0,-0.04817762545046251,-0.04817762545046251,0.0,nan,nan,0.7744822664941201,0.7744822664941201
real_breast_cancer_aligned,box,6000,0.05,1.0,estimated_residual_lowp_supported,ctmle,estimated,xgboost,xgboost,if_residual,1.0,0.0|0.25|0.5|1.0,aipw_variance,-1.0,1.0,obsval,4.0,0.1,30,0.1,crossfit_rank_empty_standdown,1.0,4,50,1,476.37840797938406,-0.07798649789461176,-0.07798649789461176,-0.07798649789461176,0.0,3.3648701929920926e-05,5.460435271384466e-06,0.0,0.5,0.0,reference,5.3290705182007515e-18,0.0,nan,nan,nan,,,nan,nan,nan,nan,nan,nan,nan,nan,0.1,0.13583333333333333,0.855,0.6294478527607362,53,46,0.08833333333333333,0.05644171779141104,-0.037117118464921196,-0.037117118464921196,0.0,-0.06331168263541419,-0.06331168263541419,0.0,0.8467198633446025,0.8467198633446025,0.8752721943159267,0.8752721943159267
real_breast_cancer_aligned,box,6000,0.05,1.0,estimated_residual_lowp_supported,ctmle,estimated,xgboost,xgboost,if_residual,1.0,0.0|0.25|0.5|1.0,aipw_variance,-1.0,1.0,obsval,4.0,0.1,30,0.1,crossfit_rank_empty_standdown,1.0,4,50,2,954.1923502553254,-0.04261431809312127,-0.04261431809312127,-0.04261431809312127,0.0,4.1686998011383476e-05,-3.484515649260667e-05,0.0,0.5,0.0,reference,5.921189464667502e-18,0.0,nan,nan,nan,,,nan,nan,nan,nan,nan,nan,nan,nan,0.1,0.13316666666666666,0.8316666666666667,0.6245306633291614,51,32,0.085,0.04005006257822278,-0.028173887280716257,-0.028173887280716257,0.0,-0.0558367124553922,-0.0558367124553922,0.0,0.7234420286581169,0.7234420286581169,0.7820214205288546,0.7820214205288546
real_breast_cancer_aligned,box,6000,0.05,1.0,estimated_residual_lowp_supported,ctmle,estimated,xgboost,xgboost,if_residual,1.0,0.0|0.25|0.5|1.0,aipw_variance,-1.0,1.0,obsval,4.0,0.1,30,0.1,crossfit_rank_empty_standdown,1.0,4,50,3,1433.2291392283514,-0.08860525097358601,-0.08860525097358601,-0.08860525097358601,0.0,5.365880588704009e-05,-3.7742490348233594e-05,0.0,0.5,0.0,reference,8.881784197001253e-18,0.0,nan,nan,nan,,,nan,nan,nan,nan,nan,nan,nan,nan,0.075,0.13033333333333333,0.8355555555555556,0.48081841432225064,50,41,0.1111111111111111,0.052429667519181586,-0.03613205330608992,-0.03613205330608992,0.0,-0.0778162152166705,-0.0778162152166705,0.0,0.8566764876972495,0.8566764876972495,0.9402214852494033,0.9402214852494033
real_breast_cancer_aligned,box,6000,0.05,1.0,estimated_residual_lowp_supported,ctmle,estimated,xgboost,xgboost,if_residual,1.0,0.0|0.25|0.5|1.0,aipw_variance,-1.0,1.0,obsval,4.0,0.1,30,0.1,crossfit_rank_empty_standdown,1.0,4,50,4,1912.3331519244239,-0.04054288026004815,-0.04054288026004815,-0.04054288026004815,0.0,5.578528872871437e-05,1.76952384087556e-05,0.0,0.5,0.0,reference,-1.1842378929335003e-18,0.0,nan,nan,nan,,,nan,nan,nan,nan,nan,nan,nan,nan,0.1,0.12633333333333333,0.8583333333333333,0.679419525065963,46,27,0.07666666666666666,0.03562005277044855,-0.036358886956877265,-0.036358886956877265,0.0,-0.06018972657165567,-0.06018972657165567,0.0,0.7651702897657957,0.7651702897657957,0.7982280140700678,0.7982280140700678
real_breast_cancer_aligned,box,6000,0.05,1.0,estimated_residual_lowp_supported,ctmle,estimated,xgboost,xgboost,if_residual,1.0,0.0|0.25|0.5|1.0,aipw_variance,-1.0,1.0,obsval,4.0,0.1,30,0.1,crossfit_rank_empty_standdown,1.0,4,50,1,477.7220883304253,-0.01801115094013389,-0.01801115094013389,-0.01801115094013389,0.0,5.331644406486157e-05,-2.3573742763503412e-05,0.0,0.5,0.0,reference,7.105427357601002e-18,0.0,nan,nan,nan,,,nan,nan,nan,nan,nan,nan,nan,nan,0.0,0.13383333333333333,nan,0.0,0,41,nan,0.05105853051058531,0.0,0.0,0.0,-0.03493676498491059,-0.03493676498491059,0.0,nan,nan,0.8144745184333242,0.8144745184333242
real_breast_cancer_aligned,box,6000,0.05,1.0,estimated_residual_lowp_supported,ctmle,estimated,xgboost,xgboost,if_residual,1.0,0.0|0.25|0.5|1.0,aipw_variance,-1.0,1.0,obsval,4.0,0.1,30,0.1,crossfit_rank_empty_standdown,1.0,4,50,2,957.4764019688591,-0.022796770180728787,-0.022796770180728787,-0.022796770180728787,0.0,4.244675374441597e-05,-3.8033555036434165e-05,0.0,0.5,0.0,reference,2.3684757858670005e-18,0.0,nan,nan,nan,,,nan,nan,nan,nan,nan,nan,nan,nan,0.0,0.1285,nan,0.0,0,39,nan,0.05058365758754864,0.0,0.0,0.0,-0.04510093562895705,-0.04510093562895705,0.0,nan,nan,0.7559456368484158,0.7559456368484158
real_breast_cancer_aligned,box,6000,0.05,1.0,estimated_residual_lowp_supported,ctmle,estimated,xgboost,xgboost,if_residual,1.0,0.0|0.25|0.5|1.0,aipw_variance,-1.0,1.0,obsval,4.0,0.1,30,0.1,crossfit_rank_empty_standdown,1.0,4,50,3,1429.3670293204486,-0.07431705311762671,-0.07431705311762671,-0.07431705311762671,0.0,5.977339541808049e-05,-4.169706191213882e-05,0.0,0.5,0.0,reference,-5.921189464667501e-19,5.551115123125783e-17,nan,nan,nan,,,nan,nan,nan,nan,nan,nan,nan,nan,0.0,0.12533333333333332,nan,0.0,0,34,nan,0.04521276595744681,0.0,0.0,0.0,-0.035147462033554594,-0.035147462033554594,0.0,nan,nan,0.7959310378113245,0.7959310378113245
real_breast_cancer_aligned,box,6000,0.05,1.0,estimated_residual_lowp_supported,ctmle,estimated,xgboost,xgboost,if_residual,1.0,0.0|0.25|0.5|1.0,aipw_variance,-1.0,1.0,obsval,4.0,0.1,30,0.1,crossfit_rank_empty_standdown,1.0,4,50,4,1909.8637679098174,-0.016180868999426556,-0.016180868999426556,-0.016180868999426556,0.0,4.5024767092172505e-05,4.149999535757551e-06,0.0,0.5,0.0,reference,-1.5395092608135503e-17,0.0,nan,nan,nan,,,nan,nan,nan,nan,nan,nan,nan,nan,0.0,0.1345,nan,0.0,0,39,nan,0.048327137546468404,0.0,0.0,0.0,-0.03680370231361872,-0.03680370231361872,0.0,nan,nan,0.6800113067598982,0.6800113067598982
real_breast_cancer_aligned,box,6000,0.05,1.0,estimated_residual_lowp_supported,ctmle,estimated,xgboost,xgboost,if_residual,1.0,0.0|0.25|0.5|1.0,aipw_variance,-1.0,1.0,obsval,4.0,0.1,30,0.1,crossfit_rank_empty_standdown,1.0,4,50,1,486.6179119097069,-0.03868554343177666,-0.03868554343177666,-0.03868554343177666,0.0,5.070250294780289e-05,-5.671940169387282e-05,0.0,0.5,0.0,reference,-1.0954200509634878e-17,0.0,nan,nan,nan,,,nan,nan,nan,nan,nan,nan,nan,nan,0.075,0.13516666666666666,0.8155555555555556,0.4525277435265105,63,41,0.14,0.05055487053020962,-0.022508235792222487,-0.022508235792222487,0.0,-0.05730520904561617,-0.05730520904561617,0.0,0.6873848090851741,0.6873848090851741,0.7711039590035118,0.7711039590035118
real_breast_cancer_aligned,box,6000,0.05,1.0,estimated_residual_lowp_supported,ctmle,estimated,xgboost,xgboost,if_residual,1.0,0.0|0.25|0.5|1.0,aipw_variance,-1.0,1.0,obsval,4.0,0.1,30,0.1,crossfit_rank_empty_standdown,1.0,4,50,2,962.1238043103367,0.007443291843495015,0.007443291843495015,0.007443291843495015,0.0,6.12706047781182e-05,-3.575668997095468e-05,0.0,0.5,0.0,reference,4.736951571734001e-18,0.0,nan,nan,nan,,,nan,nan,nan,nan,nan,nan,nan,nan,0.0,0.13516666666666666,nan,0.0,0,47,nan,0.05795314426633785,0.0,0.0,0.0,-0.03372169290725676,-0.03372169290725676,0.0,nan,nan,0.7469031740243913,0.7469031740243913
real_breast_cancer_aligned,box,6000,0.05,1.0,estimated_residual_lowp_supported,ctmle,estimated,xgboost,xgboost,if_residual,1.0,0.0|0.25|0.5|1.0,aipw_variance,-1.0,1.0,obsval,4.0,0.1,30,0.1,crossfit_rank_empty_standdown,1.0,4,50,3,1440.6025731125847,-0.02184283827106004,-0.02184283827106004,-0.02184283827106004,0.0,4.455287547055521e-05,-2.5893803876291845e-05,0.0,0.5,0.0,reference,1.3026616822268503e-17,0.0,nan,nan,nan,,,nan,nan,nan,nan,nan,nan,nan,nan,0.05,0.13016666666666668,0.8033333333333333,0.3085787451984635,35,45,0.11666666666666667,0.05761843790012804,-0.0075942783590337275,-0.0075942783590337275,0.0,-0.034204371213284984,-0.034204371213284984,0.0,0.761803342936181,0.761803342936181,0.7973281457001716,0.7973281457001716
real_breast_cancer_aligned,box,6000,0.05,1.0,estimated_residual_lowp_supported,ctmle,estimated,xgboost,xgboost,if_residual,1.0,0.0|0.25|0.5|1.0,aipw_variance,-1.0,1.0,obsval,4.0,0.1,30,0.1,crossfit_rank_empty_standdown,1.0,4,50,4,1921.7827166961506,-0.04169575532233044,-0.04169575532233044,-0.04169575532233044,0.0,5.0041132021864596e-05,-4.631805873069907e-05,0.0,0.5,0.0,reference,4.736951571734001e-18,0.0,nan,nan,nan,,,nan,nan,nan,nan,nan,nan,nan,nan,0.1,0.13183333333333333,0.8116666666666666,0.6156763590391909,73,47,0.12166666666666667,0.05941845764854614,-0.0234621110578277,-0.0234621110578277,0.0,-0.0482649837966143,-0.0482649837966143,0.0,0.6622072113679003,0.6622072113679003,0.7160526700453699,0.7160526700453699
real_breast_cancer_aligned,box,6000,0.05,1.0,estimated_residual_lowp_supported,ctmle,estimated,xgboost,xgboost,if_residual,1.0,0.0|0.25|0.5|1.0,aipw_variance,-1.0,1.0,obsval,4.0,0.1,30,0.1,crossfit_rank_empty_standdown,1.0,4,50,1,484.4454610263929,-0.018018624191108,-0.018018624191108,-0.018018624191108,0.0,5.0060824492363805e-05,9.067473443423381e-06,0.0,0.5,0.0,reference,-4.1448326252672514e-18,0.0,nan,nan,nan,,,nan,nan,nan,nan,nan,nan,nan,nan,0.0,0.13866666666666666,nan,0.0,0,39,nan,0.046875,0.0,0.0,0.0,-0.04017812668724375,-0.04017812668724375,0.0,nan,nan,0.7093992156428062,0.7093992156428062
real_breast_cancer_aligned,box,6000,0.05,1.0,estimated_residual_lowp_supported,ctmle,estimated,xgboost,xgboost,if_residual,1.0,0.0|0.25|0.5|1.0,aipw_variance,-1.0,1.0,obsval,4.0,0.1,30,0.1,crossfit_rank_empty_standdown,1.0,4,50,2,960.818985901773,-0.01183243616213353,-0.01183243616213353,-0.01183243616213353,0.0,5.1931118228302e-05,-1.979330087495618e-05,0.0,0.5,0.0,reference,1.1842378929335004e-17,0.0,nan,nan,nan,,,nan,nan,nan,nan,nan,nan,nan,nan,0.0,0.12416666666666666,nan,0.0,0,40,nan,0.053691275167785234,0.0,0.0,0.0,-0.014706957339058907,-0.014706957339058907,0.0,nan,nan,0.6976537272530878,0.6976537272530878
real_breast_cancer_aligned,box,6000,0.05,1.0,estimated_residual_lowp_supported,ctmle,estimated,xgboost,xgboost,if_residual,1.0,0.0|0.25|0.5|1.0,aipw_variance,-1.0,1.0,obsval,4.0,0.1,30,0.1,crossfit_rank_empty_standdown,1.0,4,50,3,1444.5186114152893,-0.036702603919226084,-0.036702603919226084,-0.036702603919226084,0.0,6.529495127993051e-05,-2.2891395721136667e-05,0.0,0.5,0.0,reference,-1.3618735768735253e-17,0.0,nan,nan,nan,,,nan,nan,nan,nan,nan,nan,nan,nan,0.0,0.13483333333333333,nan,0.0,0,37,nan,0.04573547589616811,0.0,0.0,0.0,-0.04510185615915157,-0.04510185615915157,0.0,nan,nan,0.8045231037802265,0.8045231037802265
real_breast_cancer_aligned,box,6000,0.05,1.0,estimated_residual_lowp_supported,ctmle,estimated,xgboost,xgboost,if_residual,1.0,0.0|0.25|0.5|1.0,aipw_variance,-1.0,1.0,obsval,4.0,0.1,30,0.1,crossfit_rank_empty_standdown,1.0,4,50,4,1926.0642943782732,-0.033439491380358566,-0.033439491380358566,-0.033439491380358566,0.0,5.771763888432705e-05,-1.9842497865034414e-05,0.0,0.5,0.0,reference,1.1842378929335003e-18,-1.1102230246251565e-16,nan,nan,nan,,,nan,nan,nan,nan,nan,nan,nan,nan,0.0,0.13116666666666665,nan,0.0,0,44,nan,0.05590851334180432,0.0,0.0,0.0,-0.03498781409816545,-0.03498781409816545,0.0,nan,nan,0.7247748967390838,0.7247748967390838
real_breast_cancer_aligned,box,6000,0.05,1.0,estimated_residual_lowp_supported,ctmle,estimated,xgboost,xgboost,if_residual,1.0,0.0|0.25|0.5|1.0,aipw_variance,-1.0,1.0,obsval,4.0,0.1,30,0.1,crossfit_rank_empty_standdown,1.0,4,50,1,481.36458577401936,-0.05140276817589795,-0.05140276817589795,-0.05140276817589795,0.0,4.013217476408408e-05,-5.252102850131701e-07,0.0,0.5,0.0,reference,-1.1842378929335003e-18,0.0,nan,nan,nan,,,nan,nan,nan,nan,nan,nan,nan,nan,0.0,0.13533333333333333,nan,0.0,0,28,nan,0.034482758620689655,0.0,0.0,0.0,-0.0702698459126124,-0.0702698459126124,0.0,nan,nan,0.8109428810024689,0.8109428810024689
real_breast_cancer_aligned,box,6000,0.05,1.0,estimated_residual_lowp_supported,ctmle,estimated,xgboost,xgboost,if_residual,1.0,0.0|0.25|0.5|1.0,aipw_variance,-1.0,1.0,obsval,4.0,0.1,30,0.1,crossfit_rank_empty_standdown,1.0,4,50,2,958.991915769875,-0.08315225390862319,-0.08315225390862319,-0.08315225390862319,0.0,4.415967773238464e-05,8.388832980422934e-06,0.0,0.5,0.0,reference,2.3684757858670005e-18,0.0,nan,nan,nan,,,nan,nan,nan,nan,nan,nan,nan,nan,0.0,0.13083333333333333,nan,0.0,0,33,nan,0.04203821656050955,0.0,0.0,0.0,-0.05902870812086878,-0.05902870812086878,0.0,nan,nan,0.8161020052868542,0.8161020052868542
real_breast_cancer_aligned,box,6000,0.05,1.0,estimated_residual_lowp_supported,ctmle,estimated,xgboost,xgboost,if_residual,1.0,0.0|0.25|0.5|1.0,aipw_variance,-1.0,1.0,obsval,4.0,0.1,30,0.1,crossfit_rank_empty_standdown,1.0,4,50,3,1449.0126133244485,-0.06961589080169012,-0.06961589080169012,-0.06961589080169012,0.0,3.5720242585274395e-05,-4.739816195658175e-06,0.0,0.5,0.0,reference,-7.105427357601002e-18,0.0,nan,nan,nan,,,nan,nan,nan,nan,nan,nan,nan,nan,0.0,0.12983333333333333,nan,0.0,0,51,nan,0.06546854942233633,0.0,0.0,0.0,-0.06637223008851982,-0.06637223008851982,0.0,nan,nan,0.8148126136981391,0.8148126136981391
real_breast_cancer_aligned,box,6000,0.05,1.0,estimated_residual_lowp_supported,ctmle,estimated,xgboost,xgboost,if_residual,1.0,0.0|0.25|0.5|1.0,aipw_variance,-1.0,1.0,obsval,4.0,0.1,30,0.1,crossfit_rank_empty_standdown,1.0,4,50,4,1929.344355537556,-0.042778442321577015,-0.042778442321577015,-0.042778442321577015,0.0,1.9585787722126375e-05,-1.4628167876038953e-06,0.0,0.5,0.0,reference,9.473903143468002e-18,0.0,nan,nan,nan,,,nan,nan,nan,nan,nan,nan,nan,nan,0.0,0.12916666666666668,nan,0.0,0,44,nan,0.0567741935483871,0.0,0.0,0.0,-0.04123822268124538,-0.04123822268124538,0.0,nan,nan,0.7644055537196693,0.7644055537196693
real_breast_cancer_aligned,box,6000,0.05,1.0,estimated_residual_lowp_supported,ctmle,estimated,xgboost,xgboost,if_residual,1.0,0.0|0.25|0.5|1.0,aipw_variance,-1.0,1.0,obsval,4.0,0.1,30,0.1,crossfit_rank_empty_standdown,1.0,4,50,1,481.3688602866605,-0.05756926653845751,-0.05756926653845751,-0.05756926653845751,0.0,4.401424758106848e-05,-1.0077520870492834e-05,0.0,0.5,0.0,reference,9.473903143468002e-18,0.0,nan,nan,nan,,,nan,nan,nan,nan,nan,nan,nan,nan,0.0,0.13233333333333333,nan,0.0,0,43,nan,0.05415617128463476,0.0,0.0,0.0,-0.04772103972533707,-0.04772103972533707,0.0,nan,nan,0.8260522613473181,0.8260522613473181
real_breast_cancer_aligned,box,6000,0.05,1.0,estimated_residual_lowp_supported,ctmle,estimated,xgboost,xgboost,if_residual,1.0,0.0|0.25|0.5|1.0,aipw_variance,-1.0,1.0,obsval,4.0,0.1,30,0.1,crossfit_rank_empty_standdown,1.0,4,50,2,955.2289435639977,-0.05700728500055302,-0.05700728500055302,-0.05700728500055302,0.0,5.1106464649134254e-05,-6.979715551137615e-05,0.0,0.5,0.0,reference,4.736951571734001e-18,0.0,nan,nan,nan,,,nan,nan,nan,nan,nan,nan,nan,nan,0.1,0.13383333333333333,0.8666666666666667,0.6475716064757161,48,32,0.08,0.039850560398505604,-0.032919306646095055,-0.032919306646095055,0.0,-0.05712863433923719,-0.05712863433923719,0.0,0.7374846508622,0.7374846508622,0.7947420557928949,0.7947420557928949
real_breast_cancer_aligned,box,6000,0.05,1.0,estimated_residual_lowp_supported,ctmle,estimated,xgboost,xgboost,if_residual,1.0,0.0|0.25|0.5|1.0,aipw_variance,-1.0,1.0,obsval,4.0,0.1,30,0.1,crossfit_rank_empty_standdown,1.0,4,50,3,1436.4943717150018,-0.06408830256539577,-0.06408830256539577,-0.06408830256539577,0.0,3.180030675946138e-05,-1.5253218176647062e-05,0.0,0.5,0.0,reference,-2.1316282072803006e-17,0.0,nan,nan,nan,,,nan,nan,nan,nan,nan,nan,nan,nan,0.1,0.13283333333333333,0.8283333333333334,0.6235884567126725,72,37,0.12,0.04642409033877039,-0.018983802114048827,-0.018983802114048827,0.0,-0.041965529690607246,-0.041965529690607246,0.0,0.673215368906659,0.673215368906659,0.73545665310042,0.73545665310042
real_breast_cancer_aligned,box,6000,0.05,1.0,estimated_residual_lowp_supported,ctmle,estimated,xgboost,xgboost,if_residual,1.0,0.0|0.25|0.5|1.0,aipw_variance,-1.0,1.0,obsval,4.0,0.1,30,0.1,crossfit_rank_empty_standdown,1.0,4,50,4,1913.582168886438,-0.0660907824328909,-0.0660907824328909,-0.0660907824328909,0.0,6.493239253535987e-05,-4.825601695517933e-05,0.0,0.5,0.0,reference,-2.0724163126336256e-17,0.0,nan,nan,nan,,,nan,nan,nan,nan,nan,nan,nan,nan,0.0,0.1285,nan,0.0,0,32,nan,0.041504539559014265,0.0,0.0,0.0,-0.05180163402797291,-0.05180163402797291,0.0,nan,nan,0.8552458997852908,0.8552458997852908
real_breast_cancer_aligned,box,6000,0.05,1.0,estimated_residual_lowp_supported,ctmle,estimated,xgboost,xgboost,if_residual,1.0,0.0|0.25|0.5|1.0,aipw_variance,-1.0,1.0,obsval,4.0,0.1,30,0.1,crossfit_rank_empty_standdown,1.0,4,50,1,477.30107247736305,-0.03810862683528082,-0.03810862683528082,-0.03810862683528082,0.0,7.647243707729022e-05,-1.2133668038064049e-05,0.0,0.5,0.0,reference,-1.0658141036401503e-17,0.0,nan,nan,nan,,,nan,nan,nan,nan,nan,nan,nan,nan,0.0,0.13083333333333333,nan,0.0,0,36,nan,0.045859872611464965,0.0,0.0,0.0,-0.05183195355726065,-0.05183195355726065,0.0,nan,nan,0.8274961171892132,0.8274961171892132
real_breast_cancer_aligned,box,6000,0.05,1.0,estimated_residual_lowp_supported,ctmle,estimated,xgboost,xgboost,if_residual,1.0,0.0|0.25|0.5|1.0,aipw_variance,-1.0,1.0,obsval,4.0,0.1,30,0.1,crossfit_rank_empty_standdown,1.0,4,50,2,961.693652513437,-0.06040265729337713,-0.06040265729337713,-0.06040265729337713,0.0,5.3447279274695036e-05,-1.368978243786016e-05,0.0,0.5,0.0,reference,7.105427357601002e-18,1.1102230246251565e-16,nan,nan,nan,,,nan,nan,nan,nan,nan,nan,nan,nan,0.0,0.13616666666666666,nan,0.0,0,32,nan,0.03916768665850673,0.0,0.0,0.0,-0.04441881420475102,-0.04441881420475102,0.0,nan,nan,0.755673570263365,0.755673570263365
real_breast_cancer_aligned,box,6000,0.05,1.0,estimated_residual_lowp_supported,ctmle,estimated,xgboost,xgboost,if_residual,1.0,0.0|0.25|0.5|1.0,aipw_variance,-1.0,1.0,obsval,4.0,0.1,30,0.1,crossfit_rank_empty_standdown,1.0,4,50,3,1475.780482568778,-0.057707279929747224,-0.057707279929747224,-0.057707279929747224,0.0,4.922970064167708e-05,-4.6721534639099054e-05,0.0,0.5,0.0,reference,-6.5133084111342516e-18,5.551115123125783e-17,nan,nan,nan,,,nan,nan,nan,nan,nan,nan,nan,nan,0.0,0.1295,nan,0.0,0,40,nan,0.05148005148005148,0.0,0.0,0.0,-0.042000702302984555,-0.042000702302984555,0.0,nan,nan,0.8382872891816491,0.8382872891816491
real_breast_cancer_aligned,box,6000,0.05,1.0,estimated_residual_lowp_supported,ctmle,estimated,xgboost,xgboost,if_residual,1.0,0.0|0.25|0.5|1.0,aipw_variance,-1.0,1.0,obsval,4.0,0.1,30,0.1,crossfit_rank_empty_standdown,1.0,4,50,4,1952.9627663167194,-0.05129015028951811,-0.05129015028951811,-0.05129015028951811,0.0,4.4398601808587736e-05,-1.7669724621717877e-05,0.0,0.5,0.0,reference,1.3026616822268503e-17,0.0,nan,nan,nan,,,nan,nan,nan,nan,nan,nan,nan,nan,0.0,0.132,nan,0.0,0,37,nan,0.04671717171717172,0.0,0.0,0.0,-0.05672377339079899,-0.05672377339079899,0.0,nan,nan,0.7739772125918651,0.7739772125918651
real_breast_cancer_aligned,box,6000,0.05,1.0,estimated_residual_lowp_supported,ctmle,estimated,xgboost,xgboost,if_residual,1.0,0.0|0.25|0.5|1.0,aipw_variance,-1.0,1.0,obsval,4.0,0.1,30,0.1,crossfit_rank_empty_standdown,1.0,4,50,1,475.0182404341176,0.0070428841751022375,0.0070428841751022375,0.0070428841751022375,0.0,5.7254848707102715e-05,-4.8641994973864025e-05,0.0,0.5,0.0,reference,9.473903143468002e-18,0.0,nan,nan,nan,,,nan,nan,nan,nan,nan,nan,nan,nan,0.05,0.13183333333333333,0.8033333333333333,0.30467762326169406,30,38,0.1,0.04804045512010114,-0.011757728315636056,-0.011757728315636056,0.0,-0.03987354499123509,-0.03987354499123509,0.0,0.6806304274268971,0.6806304274268971,0.7449766960774048,0.7449766960774048
real_breast_cancer_aligned,box,6000,0.05,1.0,estimated_residual_lowp_supported,ctmle,estimated,xgboost,xgboost,if_residual,1.0,0.0|0.25|0.5|1.0,aipw_variance,-1.0,1.0,obsval,4.0,0.1,30,0.1,crossfit_rank_empty_standdown,1.0,4,50,2,952.1485063750297,-0.04677561467319086,-0.04677561467319086,-0.04677561467319086,0.0,6.371085223138347e-05,1.1529989895358314e-05,0.0,0.5,0.0,reference,1.7763568394002505e-18,0.0,nan,nan,nan,,,nan,nan,nan,nan,nan,nan,nan,nan,0.0,0.13116666666666665,nan,0.0,0,45,nan,0.05717916137229987,0.0,0.0,0.0,-0.042697064682163006,-0.042697064682163006,0.0,nan,nan,0.7594605406732403,0.7594605406732403
real_breast_cancer_aligned,box,6000,0.05,1.0,estimated_residual_lowp_supported,ctmle,estimated,xgboost,xgboost,if_residual,1.0,0.0|0.25|0.5|1.0,aipw_variance,-1.0,1.0,obsval,4.0,0.1,30,0.1,crossfit_rank_empty_standdown,1.0,4,50,3,1432.0220529949293,-0.08512900873008195,-0.08512900873008195,-0.08512900873008195,0.0,5.012681433281315e-05,1.7922426419470124e-05,0.0,0.5,0.0,reference,-1.1102230246251566e-17,0.0,nan,nan,nan,,,nan,nan,nan,nan,nan,nan,nan,nan,0.0,0.12583333333333332,nan,0.0,0,42,nan,0.05562913907284768,0.0,0.0,0.0,-0.055487955256997054,-0.055487955256997054,0.0,nan,nan,0.876780467985587,0.876780467985587
real_breast_cancer_aligned,box,6000,0.05,1.0,estimated_residual_lowp_supported,ctmle,estimated,xgboost,xgboost,if_residual,1.0,0.0|0.25|0.5|1.0,aipw_variance,-1.0,1.0,obsval,4.0,0.1,30,0.1,crossfit_rank_empty_standdown,1.0,4,50,4,1911.1581590287387,-0.03240443604607568,-0.03240443604607568,-0.03240443604607568,0.0,3.117198981940307e-05,-9.407281920220255e-06,0.0,0.5,0.0,reference,-5.921189464667502e-18,-1.1102230246251565e-16,nan,nan,nan,,,nan,nan,nan,nan,nan,nan,nan,nan,0.0,0.139,nan,0.0,0,45,nan,0.0539568345323741,0.0,0.0,0.0,-0.0381856583859033,-0.0381856583859033,0.0,nan,nan,0.6589184663415597,0.6589184663415597
real_breast_cancer_aligned,box,6000,0.05,1.0,estimated_residual_lowp_supported,ctmle,estimated,xgboost,xgboost,if_residual,1.0,0.0|0.25|0.5|1.0,aipw_variance,-1.0,1.0,obsval,4.0,0.1,30,0.1,crossfit_rank_empty_standdown,1.0,4,50,1,483.0518605308607,-0.04579180232554492,-0.04579180232554492,-0.04579180232554492,0.0,2.9337145603584034e-05,-7.1659897994557796e-06,0.0,0.5,0.0,reference,2.3684757858670005e-18,-5.551115123125783e-17,nan,nan,nan,,,nan,nan,nan,nan,nan,nan,nan,nan,0.075,0.13,0.7977777777777778,0.46025641025641023,50,46,0.1111111111111111,0.05897435897435897,-0.017613248231754877,-0.017613248231754877,0.0,-0.04565233622662603,-0.04565233622662603,0.0,0.7220066156646928,0.7220066156646928,0.7596110719907826,0.7596110719907826
real_breast_cancer_aligned,box,6000,0.05,1.0,estimated_residual_lowp_supported,ctmle,estimated,xgboost,xgboost,if_residual,1.0,0.0|0.25|0.5|1.0,aipw_variance,-1.0,1.0,obsval,4.0,0.1,30,0.1,crossfit_rank_empty_standdown,1.0,4,50,2,968.4866758761927,-0.061867401788395004,-0.061867401788395004,-0.061867401788395004,0.0,3.506208847842097e-05,-3.4665574561985575e-05,0.0,0.5,0.0,reference,7.105427357601002e-18,0.0,nan,nan,nan,,,nan,nan,nan,nan,nan,nan,nan,nan,0.0,0.12966666666666668,nan,0.0,0,39,nan,0.05012853470437018,0.0,0.0,0.0,-0.05062797136444501,-0.05062797136444501,0.0,nan,nan,0.7835351478336035,0.7835351478336035
real_breast_cancer_aligned,box,6000,0.05,1.0,estimated_residual_lowp_supported,ctmle,estimated,xgboost,xgboost,if_residual,1.0,0.0|0.25|0.5|1.0,aipw_variance,-1.0,1.0,obsval,4.0,0.1,30,0.1,crossfit_rank_empty_standdown,1.0,4,50,3,1449.926341343671,-0.083631513334335,-0.083631513334335,-0.083631513334335,0.0,3.7675386183835704e-05,-1.3720071252613995e-06,0.0,0.5,0.0,reference,0.0,0.0,nan,nan,nan,,,nan,nan,nan,nan,nan,nan,nan,nan,0.0,0.1325,nan,0.0,0,34,nan,0.042767295597484274,0.0,0.0,0.0,-0.05926352421235007,-0.05926352421235007,0.0,nan,nan,0.8297682804755614,0.8297682804755614
real_breast_cancer_aligned,box,6000,0.05,1.0,estimated_residual_lowp_supported,ctmle,estimated,xgboost,xgboost,if_residual,1.0,0.0|0.25|0.5|1.0,aipw_variance,-1.0,1.0,obsval,4.0,0.1,30,0.1,crossfit_rank_empty_standdown,1.0,4,50,4,1930.2583873448893,-0.05283697721817443,-0.05283697721817443,-0.05283697721817443,0.0,4.05881151099457e-05,9.69345530302864e-06,0.0,0.5,0.0,reference,-4.736951571734001e-18,0.0,nan,nan,nan,,,nan,nan,nan,nan,nan,nan,nan,nan,0.0,0.12916666666666668,nan,0.0,0,31,nan,0.04,0.0,0.0,0.0,-0.055750833198279316,-0.055750833198279316,0.0,nan,nan,0.7565826663902214,0.7565826663902214
real_breast_cancer_aligned,box,6000,0.05,1.0,estimated_residual_lowp_supported,ctmle,estimated,xgboost,xgboost,if_residual,1.0,0.0|0.25|0.5|1.0,aipw_variance,-1.0,1.0,obsval,4.0,0.1,30,0.1,crossfit_rank_empty_standdown,1.0,4,50,1,488.4420810164884,-0.03512542282711989,-0.03512542282711989,-0.03512542282711989,0.0,7.240996242743783e-05,-5.117520557222763e-05,0.0,0.5,0.0,reference,-1.3026616822268503e-17,0.0,nan,nan,nan,,,nan,nan,nan,nan,nan,nan,nan,nan,0.1,0.13316666666666666,0.8716666666666667,0.6545682102628285,53,34,0.08833333333333333,0.0425531914893617,-0.025837102926143937,-0.025837102926143937,0.0,-0.047417370129679816,-0.047417370129679816,0.0,0.6933530204990993,0.6933530204990993,0.7249849446224013,0.7249849446224013
real_breast_cancer_aligned,box,6000,0.05,1.0,estimated_residual_lowp_supported,ctmle,estimated,xgboost,xgboost,if_residual,1.0,0.0|0.25|0.5|1.0,aipw_variance,-1.0,1.0,obsval,4.0,0.1,30,0.1,crossfit_rank_empty_standdown,1.0,4,50,2,970.2997006187215,-0.023652115176563016,-0.023652115176563016,-0.023652115176563016,0.0,2.557065500563007e-05,-3.265346250978118e-05,0.0,0.5,0.0,reference,0.0,5.551115123125783e-17,nan,nan,nan,,,nan,nan,nan,nan,nan,nan,nan,nan,0.0,0.1295,nan,0.0,0,48,nan,0.06177606177606178,0.0,0.0,0.0,-0.041649342729836614,-0.041649342729836614,0.0,nan,nan,0.7091099284738616,0.7091099284738616
real_breast_cancer_aligned,box,6000,0.05,1.0,estimated_residual_lowp_supported,ctmle,estimated,xgboost,xgboost,if_residual,1.0,0.0|0.25|0.5|1.0,aipw_variance,-1.0,1.0,obsval,4.0,0.1,30,0.1,crossfit_rank_empty_standdown,1.0,4,50,3,1453.6731694154441,-0.06633331822027005,-0.06633331822027005,-0.06633331822027005,0.0,4.145493033583638e-05,-9.836225145569226e-06,0.0,0.5,0.0,reference,7.105427357601002e-18,-5.551115123125783e-17,nan,nan,nan,,,nan,nan,nan,nan,nan,nan,nan,nan,0.05,0.13333333333333333,0.9,0.3375,31,37,0.10333333333333333,0.04625,-0.0038842570644304535,-0.0038842570644304535,0.0,-0.042474795346131314,-0.042474795346131314,0.0,0.6819455963963621,0.6819455963963621,0.7939927837569739,0.7939927837569739
real_breast_cancer_aligned,box,6000,0.05,1.0,estimated_residual_lowp_supported,ctmle,estimated,xgboost,xgboost,if_residual,1.0,0.0|0.25|0.5|1.0,aipw_variance,-1.0,1.0,obsval,4.0,0.1,30,0.1,crossfit_rank_empty_standdown,1.0,4,50,4,1930.5203971685842,-0.04079712967019261,-0.04079712967019261,-0.04079712967019261,0.0,4.12415712018326e-05,-3.058693866876401e-05,0.0,0.5,0.0,reference,4.736951571734001e-18,5.551115123125783e-17,nan,nan,nan,,,nan,nan,nan,nan,nan,nan,nan,nan,0.1,0.13766666666666666,0.875,0.635593220338983,55,36,0.09166666666666666,0.043583535108958835,-0.02707164874239945,-0.02707164874239945,0.0,-0.053456928283697774,-0.053456928283697774,0.0,0.7556898672038798,0.7556898672038798,0.8148478633006933,0.8148478633006933
real_breast_cancer_aligned,box,6000,0.05,1.0,estimated_residual_lowp_supported,ctmle,estimated,xgboost,xgboost,if_residual,1.0,0.0|0.25|0.5|1.0,aipw_variance,-1.0,1.0,obsval,4.0,0.1,30,0.1,crossfit_rank_empty_standdown,1.0,4,50,1,480.38340140506625,-0.007441176758613444,-0.007441176758613444,-0.007441176758613444,0.0,2.3367759057786185e-05,-1.1834688530405822e-05,0.0,0.5,0.0,reference,-2.3684757858670005e-18,0.0,nan,nan,nan,,,nan,nan,nan,nan,nan,nan,nan,nan,0.0,0.134,nan,0.0,0,52,nan,0.06467661691542288,0.0,0.0,0.0,-0.0418742859689628,-0.0418742859689628,0.0,nan,nan,0.7937351147750461,0.7937351147750461
real_breast_cancer_aligned,box,6000,0.05,1.0,estimated_residual_lowp_supported,ctmle,estimated,xgboost,xgboost,if_residual,1.0,0.0|0.25|0.5|1.0,aipw_variance,-1.0,1.0,obsval,4.0,0.1,30,0.1,crossfit_rank_empty_standdown,1.0,4,50,2,961.0361783327535,-0.06933483508797955,-0.06933483508797955,-0.06933483508797955,0.0,3.568444912763864e-05,-1.017337970465258e-05,0.0,0.5,0.0,reference,-4.736951571734001e-18,0.0,nan,nan,nan,,,nan,nan,nan,nan,nan,nan,nan,nan,0.0,0.1315,nan,0.0,0,43,nan,0.05449936628643853,0.0,0.0,0.0,-0.04561630446485685,-0.04561630446485685,0.0,nan,nan,0.7224299816888817,0.7224299816888817
real_breast_cancer_aligned,box,6000,0.05,1.0,estimated_residual_lowp_supported,ctmle,estimated,xgboost,xgboost,if_residual,1.0,0.0|0.25|0.5|1.0,aipw_variance,-1.0,1.0,obsval,4.0,0.1,30,0.1,crossfit_rank_empty_standdown,1.0,4,50,3,1444.5408817958087,-0.08323271570018864,-0.08323271570018864,-0.08323271570018864,0.0,4.292861967249845e-05,-6.68478936116624e-06,0.0,0.5,0.0,reference,5.921189464667502e-18,5.551115123125783e-17,nan,nan,nan,,,nan,nan,nan,nan,nan,nan,nan,nan,0.1,0.1275,0.825,0.6470588235294118,61,31,0.10166666666666667,0.040522875816993466,-0.022157803470073834,-0.022157803470073834,0.0,-0.04802565345550956,-0.04802565345550956,0.0,0.7345868695867848,0.7345868695867848,0.8018787092684597,0.8018787092684597
real_breast_cancer_aligned,box,6000,0.05,1.0,estimated_residual_lowp_supported,ctmle,estimated,xgboost,xgboost,if_residual,1.0,0.0|0.25|0.5|1.0,aipw_variance,-1.0,1.0,obsval,4.0,0.1,30,0.1,crossfit_rank_empty_standdown,1.0,4,50,4,1924.5337682254612,-0.0640672207401326,-0.0640672207401326,-0.0640672207401326,0.0,4.3057301946025466e-05,-1.361106106006582e-05,0.0,0.5,0.0,reference,4.736951571734001e-18,0.0,nan,nan,nan,,,nan,nan,nan,nan,nan,nan,nan,nan,0.0,0.12433333333333334,nan,0.0,0,30,nan,0.040214477211796246,0.0,0.0,0.0,-0.06328752798490496,-0.06328752798490496,0.0,nan,nan,0.8995669060765599,0.8995669060765599
real_breast_cancer_aligned,box,6000,0.05,1.0,estimated_residual_lowp_supported,ctmle,estimated,xgboost,xgboost,if_residual,1.0,0.0|0.25|0.5|1.0,aipw_variance,-1.0,1.0,obsval,4.0,0.1,30,0.1,crossfit_rank_empty_standdown,1.0,4,50,1,479.2358861025423,-0.053256967883053674,-0.053256967883053674,-0.053256967883053674,0.0,3.230466122919372e-05,-1.0949694233739296e-05,0.0,0.5,0.0,reference,-5.921189464667501e-19,5.551115123125783e-17,nan,nan,nan,,,nan,nan,nan,nan,nan,nan,nan,nan,0.0,0.132,nan,0.0,0,37,nan,0.04671717171717172,0.0,0.0,0.0,-0.05314969898028205,-0.05314969898028205,0.0,nan,nan,0.7298880501488539,0.7298880501488539
real_breast_cancer_aligned,box,6000,0.05,1.0,estimated_residual_lowp_supported,ctmle,estimated,xgboost,xgboost,if_residual,1.0,0.0|0.25|0.5|1.0,aipw_variance,-1.0,1.0,obsval,4.0,0.1,30,0.1,crossfit_rank_empty_standdown,1.0,4,50,2,958.6409843116999,-0.04822427640968835,-0.04822427640968835,-0.04822427640968835,0.0,3.438711413856967e-05,-1.4244901325165282e-06,0.0,0.5,0.0,reference,-4.1448326252672514e-18,0.0,nan,nan,nan,,,nan,nan,nan,nan,nan,nan,nan,nan,0.1,0.12983333333333333,0.8266666666666667,0.6367137355584083,60,37,0.1,0.04749679075738126,-0.023783565577534277,-0.023783565577534277,0.0,-0.04804576052239981,-0.04804576052239981,0.0,0.7781689999019329,0.7781689999019329,0.8278676300966384,0.8278676300966384
real_breast_cancer_aligned,box,6000,0.05,1.0,estimated_residual_lowp_supported,ctmle,estimated,xgboost,xgboost,if_residual,1.0,0.0|0.25|0.5|1.0,aipw_variance,-1.0,1.0,obsval,4.0,0.1,30,0.1,crossfit_rank_empty_standdown,1.0,4,50,3,1441.70653627906,-0.03713325580176269,-0.03713325580176269,-0.03713325580176269,0.0,4.7083441002317844e-05,-2.8773345999496256e-05,0.0,0.5,0.0,reference,-1.0066022089934753e-17,0.0,nan,nan,nan,,,nan,nan,nan,nan,nan,nan,nan,nan,0.05,0.13383333333333333,0.86,0.32129514321295144,32,37,0.10666666666666667,0.0460772104607721,-0.014722499414533541,-0.014722499414533541,0.0,-0.05230142050475188,-0.05230142050475188,0.0,0.6990543055197599,0.6990543055197599,0.7483672695675379,0.7483672695675379
real_breast_cancer_aligned,box,6000,0.05,1.0,estimated_residual_lowp_supported,ctmle,estimated,xgboost,xgboost,if_residual,1.0,0.0|0.25|0.5|1.0,aipw_variance,-1.0,1.0,obsval,4.0,0.1,30,0.1,crossfit_rank_empty_standdown,1.0,4,50,4,1920.8533879537135,-0.021414698141805688,-0.021414698141805688,-0.021414698141805688,0.0,2.8969226584433616e-05,-1.7617439066479508e-05,0.0,0.5,0.0,reference,-2.3684757858670005e-18,0.0,nan,nan,nan,,,nan,nan,nan,nan,nan,nan,nan,nan,0.0,0.13583333333333333,nan,0.0,0,46,nan,0.05644171779141104,0.0,0.0,0.0,-0.05054089818349498,-0.05054089818349498,0.0,nan,nan,0.7801856425829915,0.7801856425829915
real_breast_cancer_aligned,box,6000,0.05,1.0,estimated_residual_lowp_supported,ctmle,estimated,xgboost,xgboost,if_residual,1.0,0.0|0.25|0.5|1.0,aipw_variance,-1.0,1.0,obsval,4.0,0.1,30,0.1,crossfit_rank_empty_standdown,1.0,4,50,1,477.6840937593952,-0.05292632367142691,-0.05292632367142691,-0.05292632367142691,0.0,5.4524607190654766e-05,-5.77126133849017e-05,0.0,0.5,0.0,reference,1.1842378929335003e-18,0.0,nan,nan,nan,,,nan,nan,nan,nan,nan,nan,nan,nan,0.0,0.13416666666666666,nan,0.0,0,39,nan,0.0484472049689441,0.0,0.0,0.0,-0.05717718495267288,-0.05717718495267288,0.0,nan,nan,0.8286590534148062,0.8286590534148062
real_breast_cancer_aligned,box,6000,0.05,1.0,estimated_residual_lowp_supported,ctmle,estimated,xgboost,xgboost,if_residual,1.0,0.0|0.25|0.5|1.0,aipw_variance,-1.0,1.0,obsval,4.0,0.1,30,0.1,crossfit_rank_empty_standdown,1.0,4,50,2,958.411250484176,-0.04352358666734241,-0.04352358666734241,-0.04352358666734241,0.0,3.8684170851565084e-05,-1.554160459522403e-05,0.0,0.5,0.0,reference,-2.3684757858670005e-18,0.0,nan,nan,nan,,,nan,nan,nan,nan,nan,nan,nan,nan,0.05,0.13466666666666666,0.7833333333333333,0.2908415841584158,41,45,0.13666666666666666,0.055693069306930694,-0.0144087504821631,-0.0144087504821631,0.0,-0.05258986110567486,-0.05258986110567486,0.0,0.6514580777677432,0.6514580777677432,0.7187883305849292,0.7187883305849292
real_breast_cancer_aligned,box,6000,0.05,1.0,estimated_residual_lowp_supported,ctmle,estimated,xgboost,xgboost,if_residual,1.0,0.0|0.25|0.5|1.0,aipw_variance,-1.0,1.0,obsval,4.0,0.1,30,0.1,crossfit_rank_empty_standdown,1.0,4,50,3,1436.6937946639955,-0.015365879505046143,-0.015365879505046143,-0.015365879505046143,0.0,3.655336987599923e-05,-1.6359729818643098e-05,0.0,0.5,0.0,reference,-4.736951571734001e-18,-5.551115123125783e-17,nan,nan,nan,,,nan,nan,nan,nan,nan,nan,nan,nan,0.1,0.13,0.78,0.6,96,48,0.16,0.06153846153846154,-0.027217022467586654,-0.027217022467586654,0.0,-0.05514393808089162,-0.05514393808089162,0.0,0.7895590439973913,0.7895590439973913,0.8387299537154302,0.8387299537154302
real_breast_cancer_aligned,box,6000,0.05,1.0,estimated_residual_lowp_supported,ctmle,estimated,xgboost,xgboost,if_residual,1.0,0.0|0.25|0.5|1.0,aipw_variance,-1.0,1.0,obsval,4.0,0.1,30,0.1,crossfit_rank_empty_standdown,1.0,4,50,4,1917.8881600415334,-0.05343980698741574,-0.05343980698741574,-0.05343980698741574,0.0,3.760516500977496e-05,-1.9003735141497665e-05,0.0,0.5,0.0,reference,-9.473903143468002e-18,0.0,nan,nan,nan,,,nan,nan,nan,nan,nan,nan,nan,nan,0.0,0.13166666666666665,nan,0.0,0,42,nan,0.053164556962025315,0.0,0.0,0.0,-0.06398705789539003,-0.06398705789539003,0.0,nan,nan,0.823737610289702,0.823737610289702
real_breast_cancer_aligned,box,6000,0.05,1.0,estimated_residual_lowp_supported,ctmle,estimated,xgboost,xgboost,if_residual,1.0,0.0|0.25|0.5|1.0,aipw_variance,-1.0,1.0,obsval,4.0,0.1,30,0.1,crossfit_rank_empty_standdown,1.0,4,50,1,486.33057156112045,-0.055788500696454024,-0.055788500696454024,-0.055788500696454024,0.0,4.654322325304541e-05,-7.793445909349325e-05,0.0,0.5,0.0,reference,-1.1842378929335004e-17,0.0,nan,nan,nan,,,nan,nan,nan,nan,nan,nan,nan,nan,0.0,0.12783333333333333,nan,0.0,0,36,nan,0.0469361147327249,0.0,0.0,0.0,-0.057247521615293805,-0.057247521615293805,0.0,nan,nan,0.8033531114881434,0.8033531114881434
real_breast_cancer_aligned,box,6000,0.05,1.0,estimated_residual_lowp_supported,ctmle,estimated,xgboost,xgboost,if_residual,1.0,0.0|0.25|0.5|1.0,aipw_variance,-1.0,1.0,obsval,4.0,0.1,30,0.1,crossfit_rank_empty_standdown,1.0,4,50,2,969.5108494628221,-0.061244373372590755,-0.061244373372590755,-0.061244373372590755,0.0,2.84081009199143e-05,-7.596825334154548e-06,0.0,0.5,0.0,reference,0.0,0.0,nan,nan,nan,,,nan,nan,nan,nan,nan,nan,nan,nan,0.0,0.132,nan,0.0,0,39,nan,0.04924242424242424,0.0,0.0,0.0,-0.056864780558953006,-0.056864780558953006,0.0,nan,nan,0.8227960067379309,0.8227960067379309
real_breast_cancer_aligned,box,6000,0.05,1.0,estimated_residual_lowp_supported,ctmle,estimated,xgboost,xgboost,if_residual,1.0,0.0|0.25|0.5|1.0,aipw_variance,-1.0,1.0,obsval,4.0,0.1,30,0.1,crossfit_rank_empty_standdown,1.0,4,50,3,1451.7237492408603,-0.06409513091158164,-0.06409513091158164,-0.06409513091158164,0.0,2.5887400707069025e-05,9.889587132653544e-06,0.0,0.5,0.0,reference,4.736951571734001e-18,0.0,nan,nan,nan,,,nan,nan,nan,nan,nan,nan,nan,nan,0.0,0.1325,nan,0.0,0,38,nan,0.04779874213836478,0.0,0.0,0.0,-0.05626516553665103,-0.05626516553665103,0.0,nan,nan,0.7507187414115558,0.7507187414115558
real_breast_cancer_aligned,box,6000,0.05,1.0,estimated_residual_lowp_supported,ctmle,estimated,xgboost,xgboost,if_residual,1.0,0.0|0.25|0.5|1.0,aipw_variance,-1.0,1.0,obsval,4.0,0.1,30,0.1,crossfit_rank_empty_standdown,1.0,4,50,4,1932.295954618603,-0.050053543867060124,-0.050053543867060124,-0.050053543867060124,0.0,3.352199600170798e-05,-2.563899965030191e-05,0.0,0.5,0.0,reference,-4.440892098500626e-18,0.0,nan,nan,nan,,,nan,nan,nan,nan,nan,nan,nan,nan,0.0,0.13283333333333333,nan,0.0,0,40,nan,0.050188205771643665,0.0,0.0,0.0,-0.057984737782747306,-0.057984737782747306,0.0,nan,nan,0.827402509592884,0.827402509592884
real_breast_cancer_aligned,box,6000,0.05,1.0,estimated_residual_lowp_supported,ctmle,estimated,xgboost,xgboost,if_residual,1.0,0.0|0.25|0.5|1.0,aipw_variance,-1.0,1.0,obsval,4.0,0.1,30,0.1,crossfit_rank_empty_standdown,1.0,4,50,1,484.06262767128646,-0.003101238468489864,-0.003101238468489864,-0.003101238468489864,0.0,3.207359365057778e-05,-3.309194685366748e-05,0.0,0.5,0.0,reference,-9.473903143468002e-18,0.0,nan,nan,nan,,,nan,nan,nan,nan,nan,nan,nan,nan,0.0,0.1305,nan,0.0,0,38,nan,0.04853128991060025,0.0,0.0,0.0,-0.03970728745127946,-0.03970728745127946,0.0,nan,nan,0.7159794226898496,0.7159794226898496
real_breast_cancer_aligned,box,6000,0.05,1.0,estimated_residual_lowp_supported,ctmle,estimated,xgboost,xgboost,if_residual,1.0,0.0|0.25|0.5|1.0,aipw_variance,-1.0,1.0,obsval,4.0,0.1,30,0.1,crossfit_rank_empty_standdown,1.0,4,50,2,957.1085530119017,-0.07862638480065243,-0.07862638480065243,-0.07862638480065243,0.0,2.2151986566511413e-05,7.970410749729958e-06,0.0,0.5,0.0,reference,1.3026616822268503e-17,0.0,nan,nan,nan,,,nan,nan,nan,nan,nan,nan,nan,nan,0.0,0.13216666666666665,nan,0.0,0,42,nan,0.05296343001261034,0.0,0.0,0.0,-0.05917896134813539,-0.05917896134813539,0.0,nan,nan,0.7659046748694508,0.7659046748694508
real_breast_cancer_aligned,box,6000,0.05,1.0,estimated_residual_lowp_supported,ctmle,estimated,xgboost,xgboost,if_residual,1.0,0.0|0.25|0.5|1.0,aipw_variance,-1.0,1.0,obsval,4.0,0.1,30,0.1,crossfit_rank_empty_standdown,1.0,4,50,3,1436.113216851838,-0.05280562385227605,-0.05280562385227605,-0.05280562385227605,0.0,3.692398509350548e-05,-1.6133558780693905e-05,0.0,0.5,0.0,reference,0.0,-5.551115123125783e-17,nan,nan,nan,,,nan,nan,nan,nan,nan,nan,nan,nan,0.0,0.12916666666666668,nan,0.0,0,41,nan,0.05290322580645161,0.0,0.0,0.0,-0.04637818607268597,-0.04637818607268597,0.0,nan,nan,0.7550772201985524,0.7550772201985524
real_breast_cancer_aligned,box,6000,0.05,1.0,estimated_residual_lowp_supported,ctmle,estimated,xgboost,xgboost,if_residual,1.0,0.0|0.25|0.5|1.0,aipw_variance,-1.0,1.0,obsval,4.0,0.1,30,0.1,crossfit_rank_empty_standdown,1.0,4,50,4,1920.9633931564167,-0.03609415502311947,-0.03609415502311947,-0.03609415502311947,0.0,4.130741131469528e-05,-5.522252547031511e-06,0.0,0.5,0.0,reference,-1.7763568394002505e-18,-1.1102230246251565e-16,nan,nan,nan,,,nan,nan,nan,nan,nan,nan,nan,nan,0.1,0.13366666666666666,0.8566666666666667,0.6408977556109726,54,33,0.09,0.04114713216957606,-0.02335136301377821,-0.02335136301377821,0.0,-0.04792944340186663,-0.04792944340186663,0.0,0.6816163752702754,0.6816163752702754,0.7504790488806888,0.7504790488806888
real_breast_cancer_aligned,box,6000,0.05,1.0,estimated_residual_lowp_supported,ctmle,estimated,xgboost,xgboost,if_residual,1.0,0.0|0.25|0.5|1.0,aipw_variance,-1.0,1.0,obsval,4.0,0.1,30,0.1,crossfit_rank_empty_standdown,1.0,4,50,1,483.9725698661059,-0.036886985297419794,-0.036886985297419794,-0.036886985297419794,0.0,5.981150204608374e-05,-4.856568549399504e-05,0.0,0.5,0.0,reference,-1.687538997430238e-17,-5.551115123125783e-17,nan,nan,nan,,,nan,nan,nan,nan,nan,nan,nan,nan,0.0,0.13316666666666666,nan,0.0,0,35,nan,0.04380475594493116,0.0,0.0,0.0,-0.05787539211411483,-0.05787539211411483,0.0,nan,nan,0.7791421784851752,0.7791421784851752
real_breast_cancer_aligned,box,6000,0.05,1.0,estimated_residual_lowp_supported,ctmle,estimated,xgboost,xgboost,if_residual,1.0,0.0|0.25|0.5|1.0,aipw_variance,-1.0,1.0,obsval,4.0,0.1,30,0.1,crossfit_rank_empty_standdown,1.0,4,50,2,960.5567765282467,-0.047202656501753926,-0.047202656501753926,-0.047202656501753926,0.0,3.6869592955332325e-05,-1.0565386484704623e-05,0.0,0.5,0.0,reference,-3.552713678800501e-18,0.0,nan,nan,nan,,,nan,nan,nan,nan,nan,nan,nan,nan,0.0,0.132,nan,0.0,0,34,nan,0.04292929292929293,0.0,0.0,0.0,-0.0582163827373181,-0.0582163827373181,0.0,nan,nan,0.7916866272882226,0.7916866272882226
real_breast_cancer_aligned,box,6000,0.05,1.0,estimated_residual_lowp_supported,ctmle,estimated,xgboost,xgboost,if_residual,1.0,0.0|0.25|0.5|1.0,aipw_variance,-1.0,1.0,obsval,4.0,0.1,30,0.1,crossfit_rank_empty_standdown,1.0,4,50,3,1439.7161413449794,-0.027882107476520868,-0.027882107476520868,-0.027882107476520868,0.0,6.67790347974634e-05,-2.4596167681218513e-05,0.0,0.5,0.0,reference,1.0658141036401503e-17,0.0,nan,nan,nan,,,nan,nan,nan,nan,nan,nan,nan,nan,0.075,0.132,0.8555555555555555,0.4861111111111111,34,32,0.07555555555555556,0.04040404040404041,-0.023197234377749603,-0.023197234377749603,0.0,-0.046281447145263103,-0.046281447145263103,0.0,0.7299804211988327,0.7299804211988327,0.7614656498380955,0.7614656498380955
real_breast_cancer_aligned,box,6000,0.05,1.0,estimated_residual_lowp_supported,ctmle,estimated,xgboost,xgboost,if_residual,1.0,0.0|0.25|0.5|1.0,aipw_variance,-1.0,1.0,obsval,4.0,0.1,30,0.1,crossfit_rank_empty_standdown,1.0,4,50,4,1917.7268019365147,-0.05902647123755056,-0.05902647123755056,-0.05902647123755056,0.0,3.1056617181445065e-05,-4.548769485126917e-05,0.0,0.5,0.0,reference,9.473903143468002e-18,0.0,nan,nan,nan,,,nan,nan,nan,nan,nan,nan,nan,nan,0.075,0.132,0.8111111111111111,0.46085858585858586,45,43,0.1,0.054292929292929296,-0.018445822454391962,-0.018445822454391962,0.0,-0.052350175232806266,-0.052350175232806266,0.0,0.7132655112009726,0.7132655112009726,0.7706040630745098,0.7706040630745098
real_breast_cancer_aligned,box,6000,0.05,1.0,estimated_residual_lowp_supported,ctmle,estimated,xgboost,xgboost,if_residual,1.0,0.0|0.25|0.5|1.0,aipw_variance,-1.0,1.0,obsval,4.0,0.1,30,0.1,crossfit_rank_empty_standdown,1.0,4,50,1,474.9763239491731,-0.043531979319955616,-0.043531979319955616,-0.043531979319955616,0.0,4.597116985434696e-05,4.689502756317042e-06,0.0,0.5,0.0,reference,1.0658141036401503e-17,1.1102230246251565e-16,nan,nan,nan,,,nan,nan,nan,nan,nan,nan,nan,nan,0.05,0.1375,0.83,0.3018181818181818,33,40,0.11,0.048484848484848485,-0.016323883794069755,-0.016323883794069755,0.0,-0.0563209706755846,-0.0563209706755846,0.0,0.7030418268830949,0.7030418268830949,0.7691649401978963,0.7691649401978963
real_breast_cancer_aligned,box,6000,0.05,1.0,estimated_residual_lowp_supported,ctmle,estimated,xgboost,xgboost,if_residual,1.0,0.0|0.25|0.5|1.0,aipw_variance,-1.0,1.0,obsval,4.0,0.1,30,0.1,crossfit_rank_empty_standdown,1.0,4,50,2,954.8063054420054,-0.05119995715740028,-0.05119995715740028,-0.05119995715740028,0.0,2.6779565245631113e-05,-5.648857497863701e-06,0.0,0.5,0.0,reference,-2.1316282072803006e-17,0.0,nan,nan,nan,,,nan,nan,nan,nan,nan,nan,nan,nan,0.0,0.1355,nan,0.0,0,50,nan,0.06150061500615006,0.0,0.0,0.0,-0.05505494594938824,-0.05505494594938824,0.0,nan,nan,0.7554457367341597,0.7554457367341597
real_breast_cancer_aligned,box,6000,0.05,1.0,estimated_residual_lowp_supported,ctmle,estimated,xgboost,xgboost,if_residual,1.0,0.0|0.25|0.5|1.0,aipw_variance,-1.0,1.0,obsval,4.0,0.1,30,0.1,crossfit_rank_empty_standdown,1.0,4,50,3,1431.3602533079684,-0.03037224288521867,-0.03037224288521867,-0.03037224288521867,0.0,3.387545370445275e-05,-1.9741139227243544e-06,0.0,0.5,0.0,reference,-6.5133084111342516e-18,0.0,nan,nan,nan,,,nan,nan,nan,nan,nan,nan,nan,nan,0.0,0.13316666666666666,nan,0.0,0,40,nan,0.05006257822277847,0.0,0.0,0.0,-0.0374215967228345,-0.0374215967228345,0.0,nan,nan,0.7051653432117567,0.7051653432117567
real_breast_cancer_aligned,box,6000,0.05,1.0,estimated_residual_lowp_supported,ctmle,estimated,xgboost,xgboost,if_residual,1.0,0.0|0.25|0.5|1.0,aipw_variance,-1.0,1.0,obsval,4.0,0.1,30,0.1,crossfit_rank_empty_standdown,1.0,4,50,4,1907.9274614276364,0.0024176453679017884,0.0024176453679017884,0.0024176453679017884,0.0,3.644103230988124e-05,-7.884227734212016e-06,0.0,0.5,0.0,reference,1.1842378929335004e-17,0.0,nan,nan,nan,,,nan,nan,nan,nan,nan,nan,nan,nan,0.075,0.1315,0.8088888888888889,0.46134347275031684,48,39,0.10666666666666667,0.049429657794676805,-0.013864529837329892,-0.013864529837329892,0.0,-0.03856480897607363,-0.03856480897607363,0.0,0.7428210563056296,0.7428210563056296,0.7668616034579555,0.7668616034579555
real_breast_cancer_aligned,box,6000,0.05,2.0,estimated_residual_lowp_supported,ctmle,estimated,xgboost,xgboost,if_residual,1.0,0.0|0.25|0.5|1.0,aipw_variance,-1.0,1.0,obsval,4.0,0.1,30,0.1,crossfit_rank_empty_standdown,1.0,4,50,1,479.54067764338106,-0.13468319986486316,-0.13468319986486316,-0.13468319986486316,0.0,6.459514589035489e-05,-2.12832308434884e-05,0.0,0.5,0.0,reference,8.289665250534503e-18,-5.551115123125783e-17,nan,nan,nan,,,nan,nan,nan,nan,nan,nan,nan,nan,0.0,0.13283333333333333,nan,0.0,0,33,nan,0.04140526976160602,0.0,0.0,0.0,-0.13706603829888914,-0.13706603829888914,0.0,nan,nan,1.4908865933068538,1.4908865933068538
real_breast_cancer_aligned,box,6000,0.05,2.0,estimated_residual_lowp_supported,ctmle,estimated,xgboost,xgboost,if_residual,1.0,0.0|0.25|0.5|1.0,aipw_variance,-1.0,1.0,obsval,4.0,0.1,30,0.1,crossfit_rank_empty_standdown,1.0,4,50,2,955.560645353049,-0.12108370698139365,-0.12108370698139365,-0.12108370698139365,0.0,4.2395327301767045e-05,-2.0114882485494407e-05,0.0,0.5,0.0,reference,-5.921189464667502e-18,0.0,nan,nan,nan,,,nan,nan,nan,nan,nan,nan,nan,nan,0.1,0.13033333333333333,0.8216666666666667,0.6304347826086957,60,46,0.1,0.058823529411764705,-0.06601644981865386,-0.06601644981865386,0.0,-0.11459165022972186,-0.11459165022972186,0.0,1.2053981554482458,1.2053981554482458,1.3250570682230134,1.3250570682230134
real_breast_cancer_aligned,box,6000,0.05,2.0,estimated_residual_lowp_supported,ctmle,estimated,xgboost,xgboost,if_residual,1.0,0.0|0.25|0.5|1.0,aipw_variance,-1.0,1.0,obsval,4.0,0.1,30,0.1,crossfit_rank_empty_standdown,1.0,4,50,3,1436.2626086240634,-0.1127530111232663,-0.1127530111232663,-0.1127530111232663,0.0,5.378052487232802e-05,-6.838072621320447e-05,0.0,0.5,0.0,reference,8.289665250534503e-18,0.0,nan,nan,nan,,,nan,nan,nan,nan,nan,nan,nan,nan,0.0,0.13533333333333333,nan,0.0,0,44,nan,0.054187192118226604,0.0,0.0,0.0,-0.11522389573460733,-0.11522389573460733,0.0,nan,nan,1.2117269155342651,1.2117269155342651
real_breast_cancer_aligned,box,6000,0.05,2.0,estimated_residual_lowp_supported,ctmle,estimated,xgboost,xgboost,if_residual,1.0,0.0|0.25|0.5|1.0,aipw_variance,-1.0,1.0,obsval,4.0,0.1,30,0.1,crossfit_rank_empty_standdown,1.0,4,50,4,1904.6920564295724,-0.11302498854991105,-0.11302498854991105,-0.11302498854991105,0.0,9.216426893305144e-05,7.370242123114288e-06,0.0,0.5,0.0,reference,-2.3684757858670005e-18,0.0,nan,nan,nan,,,nan,nan,nan,nan,nan,nan,nan,nan,0.0,0.13366666666666666,nan,0.0,0,30,nan,0.03740648379052369,0.0,0.0,0.0,-0.13329064057630155,-0.13329064057630155,0.0,nan,nan,1.3522345993763156,1.3522345993763156
real_breast_cancer_aligned,box,6000,0.05,2.0,estimated_residual_lowp_supported,ctmle,estimated,xgboost,xgboost,if_residual,1.0,0.0|0.25|0.5|1.0,aipw_variance,-1.0,1.0,obsval,4.0,0.1,30,0.1,crossfit_rank_empty_standdown,1.0,4,50,1,482.8734376030043,-0.13144200091799485,-0.13144200091799485,-0.13144200091799485,0.0,4.6396047130921325e-05,-2.1420452235072708e-05,0.0,0.5,0.0,reference,1.3618735768735253e-17,0.0,nan,nan,nan,,,nan,nan,nan,nan,nan,nan,nan,nan,0.1,0.13116666666666665,0.8366666666666667,0.6378653113087674,69,42,0.115,0.053367217280813214,-0.07132829057801539,-0.07132829057801539,0.0,-0.12590760484605543,-0.12590760484605543,0.0,1.217623624388794,1.217623624388794,1.3820820638431641,1.3820820638431641
real_breast_cancer_aligned,box,6000,0.05,2.0,estimated_residual_lowp_supported,ctmle,estimated,xgboost,xgboost,if_residual,1.0,0.0|0.25|0.5|1.0,aipw_variance,-1.0,1.0,obsval,4.0,0.1,30,0.1,crossfit_rank_empty_standdown,1.0,4,50,2,959.2354859737679,-0.08798723284040066,-0.08798723284040066,-0.08798723284040066,0.0,6.350016001349418e-05,-7.772347147616044e-05,0.0,0.5,0.0,reference,-7.105427357601002e-18,0.0,nan,nan,nan,,,nan,nan,nan,nan,nan,nan,nan,nan,0.1,0.12633333333333333,0.8033333333333333,0.6358839050131926,64,36,0.10666666666666667,0.047493403693931395,-0.047319501425444555,-0.047319501425444555,0.0,-0.09657483828375331,-0.09657483828375331,0.0,1.0944291980406842,1.0944291980406842,1.2794805156274671,1.2794805156274671
real_breast_cancer_aligned,box,6000,0.05,2.0,estimated_residual_lowp_supported,ctmle,estimated,xgboost,xgboost,if_residual,1.0,0.0|0.25|0.5|1.0,aipw_variance,-1.0,1.0,obsval,4.0,0.1,30,0.1,crossfit_rank_empty_standdown,1.0,4,50,3,1435.5237259743735,-0.10915721330423217,-0.10915721330423217,-0.10915721330423217,0.0,5.771940584839712e-05,2.013096206426358e-05,0.0,0.5,0.0,reference,1.1842378929335003e-18,0.0,nan,nan,nan,,,nan,nan,nan,nan,nan,nan,nan,nan,0.0,0.13683333333333333,nan,0.0,0,35,nan,0.04263093788063337,0.0,0.0,0.0,-0.1346699840733118,-0.1346699840733118,0.0,nan,nan,1.4032611107496862,1.4032611107496862
real_breast_cancer_aligned,box,6000,0.05,2.0,estimated_residual_lowp_supported,ctmle,estimated,xgboost,xgboost,if_residual,1.0,0.0|0.25|0.5|1.0,aipw_variance,-1.0,1.0,obsval,4.0,0.1,30,0.1,crossfit_rank_empty_standdown,1.0,4,50,4,1913.3001647796482,-0.08840128407509534,-0.08840128407509534,-0.08840128407509534,0.0,6.707649321530226e-05,-2.664197240840043e-05,0.0,0.5,0.0,reference,-7.105427357601002e-18,5.551115123125783e-17,nan,nan,nan,,,nan,nan,nan,nan,nan,nan,nan,nan,0.05,0.133,0.8566666666666667,0.32205513784461154,32,43,0.10666666666666667,0.05388471177944862,-0.031164921943745493,-0.031164921943745493,0.0,-0.12038896737458103,-0.12038896737458103,0.0,1.1202424819452148,1.1202424819452148,1.2735694236017063,1.2735694236017063
real_breast_cancer_aligned,box,6000,0.05,2.0,estimated_residual_lowp_supported,ctmle,estimated,xgboost,xgboost,if_residual,1.0,0.0|0.25|0.5|1.0,aipw_variance,-1.0,1.0,obsval,4.0,0.1,30,0.1,crossfit_rank_empty_standdown,1.0,4,50,1,476.42313768714666,-0.11399557228961837,-0.11399557228961837,-0.11399557228961837,0.0,4.064287782708643e-05,-2.7903595753734668e-05,0.0,0.5,0.0,reference,1.0066022089934753e-17,-1.1102230246251565e-16,nan,nan,nan,,,nan,nan,nan,nan,nan,nan,nan,nan,0.075,0.131,0.8377777777777777,0.4796437659033079,50,39,0.1111111111111111,0.04961832061068702,-0.062301871923774226,-0.062301871923774226,0.0,-0.14119483855792545,-0.14119483855792545,0.0,1.2081075596041444,1.2081075596041444,1.364836737318376,1.364836737318376
real_breast_cancer_aligned,box,6000,0.05,2.0,estimated_residual_lowp_supported,ctmle,estimated,xgboost,xgboost,if_residual,1.0,0.0|0.25|0.5|1.0,aipw_variance,-1.0,1.0,obsval,4.0,0.1,30,0.1,crossfit_rank_empty_standdown,1.0,4,50,2,948.6781725734472,-0.10917008354515018,-0.10917008354515018,-0.10917008354515018,0.0,3.8808703193328855e-05,3.784767558916505e-05,0.0,0.5,0.0,reference,-2.3684757858670005e-18,0.0,nan,nan,nan,,,nan,nan,nan,nan,nan,nan,nan,nan,0.1,0.1325,0.8716666666666667,0.6578616352201258,47,33,0.07833333333333334,0.04150943396226415,-0.07763553120611712,-0.07763553120611712,0.0,-0.13104535462021147,-0.13104535462021147,0.0,1.2020138626532335,1.2020138626532335,1.3580928153075817,1.3580928153075817
real_breast_cancer_aligned,box,6000,0.05,2.0,estimated_residual_lowp_supported,ctmle,estimated,xgboost,xgboost,if_residual,1.0,0.0|0.25|0.5|1.0,aipw_variance,-1.0,1.0,obsval,4.0,0.1,30,0.1,crossfit_rank_empty_standdown,1.0,4,50,3,1428.7193305538967,-0.0861422641698405,-0.0861422641698405,-0.0861422641698405,0.0,6.375448793871077e-05,-2.5630974924134922e-05,0.0,0.5,0.0,reference,8.881784197001253e-18,0.0,nan,nan,nan,,,nan,nan,nan,nan,nan,nan,nan,nan,0.1,0.131,0.8416666666666667,0.6424936386768448,70,42,0.11666666666666667,0.05343511450381679,-0.06754404447992478,-0.06754404447992478,0.0,-0.11764515972367326,-0.11764515972367326,0.0,1.1428933798177112,1.1428933798177112,1.2868552535337068,1.2868552535337068
real_breast_cancer_aligned,box,6000,0.05,2.0,estimated_residual_lowp_supported,ctmle,estimated,xgboost,xgboost,if_residual,1.0,0.0|0.25|0.5|1.0,aipw_variance,-1.0,1.0,obsval,4.0,0.1,30,0.1,crossfit_rank_empty_standdown,1.0,4,50,4,1900.4321534167975,-0.151740037384838,-0.151740037384838,-0.151740037384838,0.0,6.647151174916715e-05,-7.343880600217526e-05,0.0,0.5,0.0,reference,-4.736951571734001e-18,0.0,nan,nan,nan,,,nan,nan,nan,nan,nan,nan,nan,nan,0.1,0.13333333333333333,0.8616666666666667,0.64625,54,38,0.09,0.0475,-0.08447559529427491,-0.08447559529427491,0.0,-0.1458802113430216,-0.1458802113430216,0.0,1.261949853226078,1.261949853226078,1.4388977733556705,1.4388977733556705
real_breast_cancer_aligned,box,6000,0.05,2.0,estimated_residual_lowp_supported,ctmle,estimated,xgboost,xgboost,if_residual,1.0,0.0|0.25|0.5|1.0,aipw_variance,-1.0,1.0,obsval,4.0,0.1,30,0.1,crossfit_rank_empty_standdown,1.0,4,50,1,474.74742772988975,-0.07590861673371413,-0.07590861673371413,-0.07590861673371413,0.0,4.179605556678227e-05,1.8341781662646562e-06,0.0,0.5,0.0,reference,2.9605947323337507e-19,0.0,nan,nan,nan,,,nan,nan,nan,nan,nan,nan,nan,nan,0.1,0.1315,0.8466666666666667,0.6438529784537389,53,33,0.08833333333333333,0.04182509505703422,-0.05322036156361538,-0.05322036156361538,0.0,-0.10340488370554964,-0.10340488370554964,0.0,1.0573995290840272,1.0573995290840272,1.2239928091090473,1.2239928091090473
real_breast_cancer_aligned,box,6000,0.05,2.0,estimated_residual_lowp_supported,ctmle,estimated,xgboost,xgboost,if_residual,1.0,0.0|0.25|0.5|1.0,aipw_variance,-1.0,1.0,obsval,4.0,0.1,30,0.1,crossfit_rank_empty_standdown,1.0,4,50,2,953.0416538398713,-0.13212859018428963,-0.13212859018428963,-0.13212859018428963,0.0,5.874959689905631e-05,-4.976948000597135e-05,0.0,0.5,0.0,reference,1.0954200509634878e-17,0.0,nan,nan,nan,,,nan,nan,nan,nan,nan,nan,nan,nan,0.0,0.1305,nan,0.0,0,44,nan,0.0561941251596424,0.0,0.0,0.0,-0.11414895642525348,-0.11414895642525348,0.0,nan,nan,1.3048516274478077,1.3048516274478077
real_breast_cancer_aligned,box,6000,0.05,2.0,estimated_residual_lowp_supported,ctmle,estimated,xgboost,xgboost,if_residual,1.0,0.0|0.25|0.5|1.0,aipw_variance,-1.0,1.0,obsval,4.0,0.1,30,0.1,crossfit_rank_empty_standdown,1.0,4,50,3,1423.1000575609505,-0.03650990835370055,-0.03650990835370055,-0.03650990835370055,0.0,0.00012137559006783353,-2.705425578858182e-05,0.0,0.5,0.0,reference,-7.105427357601002e-18,0.0,nan,nan,nan,,,nan,nan,nan,nan,nan,nan,nan,nan,0.1,0.12916666666666668,0.8333333333333334,0.6451612903225806,64,40,0.10666666666666667,0.05161290322580645,-0.02488341873946285,-0.02488341873946285,0.0,-0.07130360219626576,-0.07130360219626576,0.0,1.212554337396755,1.212554337396755,1.3368003793809,1.3368003793809
real_breast_cancer_aligned,box,6000,0.05,2.0,estimated_residual_lowp_supported,ctmle,estimated,xgboost,xgboost,if_residual,1.0,0.0|0.25|0.5|1.0,aipw_variance,-1.0,1.0,obsval,4.0,0.1,30,0.1,crossfit_rank_empty_standdown,1.0,4,50,4,1892.5376323591918,-0.12483274818220708,-0.12483274818220708,-0.12483274818220708,0.0,6.340343297728647e-05,-4.6023648197466476e-05,0.0,0.5,0.0,reference,-1.1842378929335003e-18,0.0,nan,nan,nan,,,nan,nan,nan,nan,nan,nan,nan,nan,0.0,0.12616666666666668,nan,0.0,0,39,nan,0.05151915455746367,0.0,0.0,0.0,-0.12237899790310522,-0.12237899790310522,0.0,nan,nan,1.4464968794780877,1.4464968794780877
real_breast_cancer_aligned,box,6000,0.05,2.0,estimated_residual_lowp_supported,ctmle,estimated,xgboost,xgboost,if_residual,1.0,0.0|0.25|0.5|1.0,aipw_variance,-1.0,1.0,obsval,4.0,0.1,30,0.1,crossfit_rank_empty_standdown,1.0,4,50,1,478.781352722086,-0.14071370288575258,-0.14071370288575258,-0.14071370288575258,0.0,5.865295246353531e-05,-3.854942553107037e-06,0.0,0.5,0.0,reference,1.1250259982868253e-17,5.551115123125783e-17,nan,nan,nan,,,nan,nan,nan,nan,nan,nan,nan,nan,0.1,0.12783333333333333,0.805,0.6297262059973925,69,41,0.115,0.05345501955671447,-0.07552913456719806,-0.07552913456719806,0.0,-0.13096132469695979,-0.13096132469695979,0.0,1.218426304772687,1.218426304772687,1.3758270887494806,1.3758270887494806
real_breast_cancer_aligned,box,6000,0.05,2.0,estimated_residual_lowp_supported,ctmle,estimated,xgboost,xgboost,if_residual,1.0,0.0|0.25|0.5|1.0,aipw_variance,-1.0,1.0,obsval,4.0,0.1,30,0.1,crossfit_rank_empty_standdown,1.0,4,50,2,950.3683839840814,-0.11083793149762627,-0.11083793149762627,-0.11083793149762627,0.0,5.275760802339667e-05,-3.789106388965265e-06,0.0,0.5,0.0,reference,-6.5133084111342516e-18,0.0,nan,nan,nan,,,nan,nan,nan,nan,nan,nan,nan,nan,0.1,0.1335,0.8616666666666667,0.6454431960049938,42,34,0.07,0.04244694132334582,-0.05368766266246243,-0.05368766266246243,0.0,-0.10816842100889593,-0.10816842100889593,0.0,1.0625220622275537,1.0625220622275537,1.2329009536624358,1.2329009536624358
real_breast_cancer_aligned,box,6000,0.05,2.0,estimated_residual_lowp_supported,ctmle,estimated,xgboost,xgboost,if_residual,1.0,0.0|0.25|0.5|1.0,aipw_variance,-1.0,1.0,obsval,4.0,0.1,30,0.1,crossfit_rank_empty_standdown,1.0,4,50,3,1424.9733625482768,-0.1309718663457763,-0.1309718663457763,-0.1309718663457763,0.0,5.5296934132974566e-05,-5.211000276945791e-05,0.0,0.5,0.0,reference,1.1842378929335004e-17,5.551115123125783e-17,nan,nan,nan,,,nan,nan,nan,nan,nan,nan,nan,nan,0.1,0.1295,0.8283333333333334,0.6396396396396397,69,45,0.115,0.05791505791505792,-0.06871286112044096,-0.06871286112044096,0.0,-0.11629433612580806,-0.11629433612580806,0.0,1.2176675257157203,1.2176675257157203,1.3746499450407705,1.3746499450407705
real_breast_cancer_aligned,box,6000,0.05,2.0,estimated_residual_lowp_supported,ctmle,estimated,xgboost,xgboost,if_residual,1.0,0.0|0.25|0.5|1.0,aipw_variance,-1.0,1.0,obsval,4.0,0.1,30,0.1,crossfit_rank_empty_standdown,1.0,4,50,4,1896.887819650583,-0.09659452836005705,-0.09659452836005705,-0.09659452836005705,0.0,4.737333258120224e-05,-1.0319368286416507e-06,0.0,0.5,0.0,reference,4.736951571734001e-18,-5.551115123125783e-17,nan,nan,nan,,,nan,nan,nan,nan,nan,nan,nan,nan,0.1,0.129,0.8516666666666667,0.6602067183462532,49,39,0.08166666666666667,0.050387596899224806,-0.07865918092627124,-0.07865918092627124,0.0,-0.132640557796135,-0.132640557796135,0.0,1.1715953778885406,1.1715953778885406,1.3309727365262003,1.3309727365262003
real_breast_cancer_aligned,box,6000,0.05,2.0,estimated_residual_lowp_supported,ctmle,estimated,xgboost,xgboost,if_residual,1.0,0.0|0.25|0.5|1.0,aipw_variance,-1.0,1.0,obsval,4.0,0.1,30,0.1,crossfit_rank_empty_standdown,1.0,4,50,1,474.161602800712,-0.13426031863839566,-0.13426031863839566,-0.13426031863839566,0.0,6.594066793575554e-05,-5.3259233256121123e-05,0.0,0.5,0.0,reference,3.552713678800501e-18,0.0,nan,nan,nan,,,nan,nan,nan,nan,nan,nan,nan,nan,0.0,0.12916666666666668,nan,0.0,0,30,nan,0.03870967741935484,0.0,0.0,0.0,-0.09929905216802337,-0.09929905216802337,0.0,nan,nan,1.312287101183359,1.312287101183359
real_breast_cancer_aligned,box,6000,0.05,2.0,estimated_residual_lowp_supported,ctmle,estimated,xgboost,xgboost,if_residual,1.0,0.0|0.25|0.5|1.0,aipw_variance,-1.0,1.0,obsval,4.0,0.1,30,0.1,crossfit_rank_empty_standdown,1.0,4,50,2,946.8497708588839,-0.09224436211498988,-0.09224436211498988,-0.09224436211498988,0.0,4.581971535252429e-05,-2.0003067903037568e-05,0.0,0.5,0.0,reference,8.289665250534503e-18,0.0,nan,nan,nan,,,nan,nan,nan,nan,nan,nan,nan,nan,0.0,0.131,nan,0.0,0,37,nan,0.047073791348600506,0.0,0.0,0.0,-0.11191005608092504,-0.11191005608092504,0.0,nan,nan,1.1954627697688662,1.1954627697688662
real_breast_cancer_aligned,box,6000,0.05,2.0,estimated_residual_lowp_supported,ctmle,estimated,xgboost,xgboost,if_residual,1.0,0.0|0.25|0.5|1.0,aipw_variance,-1.0,1.0,obsval,4.0,0.1,30,0.1,crossfit_rank_empty_standdown,1.0,4,50,3,1415.0274550560862,-0.1074266837062684,-0.1074266837062684,-0.1074266837062684,0.0,4.9681620204872906e-05,-1.607639289708196e-05,0.0,0.5,0.0,reference,-5.921189464667502e-18,0.0,nan,nan,nan,,,nan,nan,nan,nan,nan,nan,nan,nan,0.0,0.132,nan,0.0,0,41,nan,0.05176767676767677,0.0,0.0,0.0,-0.10965558518170243,-0.10965558518170243,0.0,nan,nan,1.323330669083735,1.323330669083735
real_breast_cancer_aligned,box,6000,0.05,2.0,estimated_residual_lowp_supported,ctmle,estimated,xgboost,xgboost,if_residual,1.0,0.0|0.25|0.5|1.0,aipw_variance,-1.0,1.0,obsval,4.0,0.1,30,0.1,crossfit_rank_empty_standdown,1.0,4,50,4,1882.8312125355005,-0.10803368282090625,-0.10803368282090625,-0.10803368282090625,0.0,6.827366901625731e-05,-3.197293138974236e-05,0.0,0.5,0.0,reference,-4.736951571734001e-18,-5.551115123125783e-17,nan,nan,nan,,,nan,nan,nan,nan,nan,nan,nan,nan,0.0,0.1305,nan,0.0,0,33,nan,0.0421455938697318,0.0,0.0,0.0,-0.13109500512014274,-0.13109500512014274,0.0,nan,nan,1.3362735716103877,1.3362735716103877
real_breast_cancer_aligned,box,6000,0.05,2.0,estimated_residual_lowp_supported,ctmle,estimated,xgboost,xgboost,if_residual,1.0,0.0|0.25|0.5|1.0,aipw_variance,-1.0,1.0,obsval,4.0,0.1,30,0.1,crossfit_rank_empty_standdown,1.0,4,50,1,482.51239551603794,-0.09980157049276261,-0.09980157049276261,-0.09980157049276261,0.0,6.805653131889355e-05,-8.112456835429084e-05,0.0,0.5,0.0,reference,5.921189464667501e-19,0.0,nan,nan,nan,,,nan,nan,nan,nan,nan,nan,nan,nan,0.075,0.133,0.8955555555555555,0.5050125313283208,32,53,0.07111111111111111,0.06641604010025062,-0.027282981578530756,-0.027282981578530756,0.0,-0.0985898753260823,-0.0985898753260823,0.0,1.0608642211867414,1.0608642211867414,1.2808838059816938,1.2808838059816938
real_breast_cancer_aligned,box,6000,0.05,2.0,estimated_residual_lowp_supported,ctmle,estimated,xgboost,xgboost,if_residual,1.0,0.0|0.25|0.5|1.0,aipw_variance,-1.0,1.0,obsval,4.0,0.1,30,0.1,crossfit_rank_empty_standdown,1.0,4,50,2,958.5455418182537,-0.14703775518254664,-0.14703775518254664,-0.14703775518254664,0.0,8.258892824899414e-05,-5.917876264562635e-05,0.0,0.5,0.0,reference,-2.3684757858670005e-18,5.551115123125783e-17,nan,nan,nan,,,nan,nan,nan,nan,nan,nan,nan,nan,0.1,0.13233333333333333,0.84,0.6347607052896725,57,42,0.095,0.05289672544080604,-0.09291089770411744,-0.09291089770411744,0.0,-0.14985253853629196,-0.14985253853629196,0.0,1.330345554503349,1.330345554503349,1.4598010291236974,1.4598010291236974
real_breast_cancer_aligned,box,6000,0.05,2.0,estimated_residual_lowp_supported,ctmle,estimated,xgboost,xgboost,if_residual,1.0,0.0|0.25|0.5|1.0,aipw_variance,-1.0,1.0,obsval,4.0,0.1,30,0.1,crossfit_rank_empty_standdown,1.0,4,50,3,1428.5885206833482,-0.13016471305525978,-0.13016471305525978,-0.13016471305525978,0.0,4.485035045823809e-05,-1.3646947620546293e-05,0.0,0.5,0.0,reference,-4.736951571734001e-18,0.0,nan,nan,nan,,,nan,nan,nan,nan,nan,nan,nan,nan,0.1,0.13533333333333333,0.83,0.6133004926108374,57,38,0.095,0.046798029556650245,-0.07066684416434083,-0.07066684416434083,0.0,-0.13219354913172301,-0.13219354913172301,0.0,1.1616607897207112,1.1616607897207112,1.369822043175101,1.369822043175101
real_breast_cancer_aligned,box,6000,0.05,2.0,estimated_residual_lowp_supported,ctmle,estimated,xgboost,xgboost,if_residual,1.0,0.0|0.25|0.5|1.0,aipw_variance,-1.0,1.0,obsval,4.0,0.1,30,0.1,crossfit_rank_empty_standdown,1.0,4,50,4,1900.5428855782375,-0.15667929840121525,-0.15667929840121525,-0.15667929840121525,0.0,5.876198110900659e-05,-2.0597720466431976e-05,0.0,0.5,0.0,reference,2.3684757858670005e-18,0.0,nan,nan,nan,,,nan,nan,nan,nan,nan,nan,nan,nan,0.05,0.12816666666666668,0.88,0.3433029908972692,32,36,0.10666666666666667,0.04681404421326398,-0.04274280701955562,-0.04274280701955562,0.0,-0.14774917798904486,-0.14774917798904486,0.0,1.2773993243277715,1.2773993243277715,1.4823610474185924,1.4823610474185924
real_breast_cancer_aligned,box,6000,0.05,2.0,estimated_residual_lowp_supported,ctmle,estimated,xgboost,xgboost,if_residual,1.0,0.0|0.25|0.5|1.0,aipw_variance,-1.0,1.0,obsval,4.0,0.1,30,0.1,crossfit_rank_empty_standdown,1.0,4,50,1,481.23363400250673,-0.13414818714673998,-0.13414818714673998,-0.13414818714673998,0.0,6.0391856594116736e-05,-1.5311173447703523e-05,0.0,0.5,0.0,reference,1.4210854715202004e-17,0.0,nan,nan,nan,,,nan,nan,nan,nan,nan,nan,nan,nan,0.1,0.13216666666666665,0.8533333333333334,0.6456494325346784,51,25,0.085,0.031525851197982346,-0.07831395704948547,-0.07831395704948547,0.0,-0.13764909345362578,-0.13764909345362578,0.0,1.253933305949987,1.253933305949987,1.4216785903775224,1.4216785903775224
real_breast_cancer_aligned,box,6000,0.05,2.0,estimated_residual_lowp_supported,ctmle,estimated,xgboost,xgboost,if_residual,1.0,0.0|0.25|0.5|1.0,aipw_variance,-1.0,1.0,obsval,4.0,0.1,30,0.1,crossfit_rank_empty_standdown,1.0,4,50,2,958.278561282903,-0.10013213138922661,-0.10013213138922661,-0.10013213138922661,0.0,4.42917451507393e-05,-3.004154512414669e-05,0.0,0.5,0.0,reference,-5.921189464667501e-19,-5.551115123125783e-17,nan,nan,nan,,,nan,nan,nan,nan,nan,nan,nan,nan,0.0,0.13083333333333333,nan,0.0,0,42,nan,0.0535031847133758,0.0,0.0,0.0,-0.09387948833371998,-0.09387948833371998,0.0,nan,nan,1.2215878413409458,1.2215878413409458
real_breast_cancer_aligned,box,6000,0.05,2.0,estimated_residual_lowp_supported,ctmle,estimated,xgboost,xgboost,if_residual,1.0,0.0|0.25|0.5|1.0,aipw_variance,-1.0,1.0,obsval,4.0,0.1,30,0.1,crossfit_rank_empty_standdown,1.0,4,50,3,1435.3026280105114,-0.057916962524034,-0.057916962524034,-0.057916962524034,0.0,3.9055664296380895e-05,-9.910516619725967e-06,0.0,0.5,0.0,reference,-7.105427357601002e-18,0.0,nan,nan,nan,,,nan,nan,nan,nan,nan,nan,nan,nan,0.1,0.13133333333333333,0.7916666666666666,0.6027918781725888,74,49,0.12333333333333334,0.06218274111675127,-0.04740000866229652,-0.04740000866229652,0.0,-0.09999519093552366,-0.09999519093552366,0.0,1.0485347348513856,1.0485347348513856,1.2264927228898272,1.2264927228898272
real_breast_cancer_aligned,box,6000,0.05,2.0,estimated_residual_lowp_supported,ctmle,estimated,xgboost,xgboost,if_residual,1.0,0.0|0.25|0.5|1.0,aipw_variance,-1.0,1.0,obsval,4.0,0.1,30,0.1,crossfit_rank_empty_standdown,1.0,4,50,4,1908.3662339039147,-0.1378855919721198,-0.1378855919721198,-0.1378855919721198,0.0,4.497427604101614e-05,2.0007052625542433e-05,0.0,0.5,0.0,reference,4.736951571734001e-18,-1.1102230246251565e-16,nan,nan,nan,,,nan,nan,nan,nan,nan,nan,nan,nan,0.075,0.13633333333333333,0.86,0.4731051344743276,31,30,0.06888888888888889,0.03667481662591687,-0.05558494520584005,-0.05558494520584005,0.0,-0.13733058436090118,-0.13733058436090118,0.0,1.2032412622670514,1.2032412622670514,1.3864511930070382,1.3864511930070382
real_breast_cancer_aligned,box,6000,0.05,2.0,estimated_residual_lowp_supported,ctmle,estimated,xgboost,xgboost,if_residual,1.0,0.0|0.25|0.5|1.0,aipw_variance,-1.0,1.0,obsval,4.0,0.1,30,0.1,crossfit_rank_empty_standdown,1.0,4,50,1,480.8546714987606,-0.10529536258474215,-0.10529536258474215,-0.10529536258474215,0.0,4.378877318799877e-05,-3.569136158046015e-05,0.0,0.5,0.0,reference,1.1842378929335003e-18,0.0,nan,nan,nan,,,nan,nan,nan,nan,nan,nan,nan,nan,0.1,0.12616666666666668,0.8216666666666667,0.6512549537648613,59,35,0.09833333333333333,0.046235138705416116,-0.07346661069349623,-0.07346661069349623,0.0,-0.12693459092079878,-0.12693459092079878,0.0,1.2338624790428683,1.2338624790428683,1.4040841263013009,1.4040841263013009
real_breast_cancer_aligned,box,6000,0.05,2.0,estimated_residual_lowp_supported,ctmle,estimated,xgboost,xgboost,if_residual,1.0,0.0|0.25|0.5|1.0,aipw_variance,-1.0,1.0,obsval,4.0,0.1,30,0.1,crossfit_rank_empty_standdown,1.0,4,50,2,960.2462861938402,-0.0696154534154037,-0.0696154534154037,-0.0696154534154037,0.0,6.878989407391699e-05,-6.397690176675864e-05,0.0,0.5,0.0,reference,1.1250259982868253e-17,0.0,nan,nan,nan,,,nan,nan,nan,nan,nan,nan,nan,nan,0.1,0.131,0.8483333333333334,0.6475826972010178,54,36,0.09,0.04580152671755725,-0.04907020964385082,-0.04907020964385082,0.0,-0.10459982795256023,-0.10459982795256023,0.0,1.2255670679440271,1.2255670679440271,1.3709256486280335,1.3709256486280335
real_breast_cancer_aligned,box,6000,0.05,2.0,estimated_residual_lowp_supported,ctmle,estimated,xgboost,xgboost,if_residual,1.0,0.0|0.25|0.5|1.0,aipw_variance,-1.0,1.0,obsval,4.0,0.1,30,0.1,crossfit_rank_empty_standdown,1.0,4,50,3,1432.7303912332281,-0.11985132582424934,-0.11985132582424934,-0.11985132582424934,0.0,6.131948358966397e-05,1.5863109446309512e-05,0.0,0.5,0.0,reference,-1.8947806286936004e-17,0.0,nan,nan,nan,,,nan,nan,nan,nan,nan,nan,nan,nan,0.1,0.13083333333333333,0.8633333333333333,0.6598726114649681,43,24,0.07166666666666667,0.030573248407643312,-0.09098144022857667,-0.09098144022857667,0.0,-0.1523313683547227,-0.1523313683547227,0.0,1.3120333161105087,1.3120333161105087,1.488778613146273,1.488778613146273
real_breast_cancer_aligned,box,6000,0.05,2.0,estimated_residual_lowp_supported,ctmle,estimated,xgboost,xgboost,if_residual,1.0,0.0|0.25|0.5|1.0,aipw_variance,-1.0,1.0,obsval,4.0,0.1,30,0.1,crossfit_rank_empty_standdown,1.0,4,50,4,1906.2166978735477,-0.1189868294805328,-0.1189868294805328,-0.1189868294805328,0.0,5.3332138680885904e-05,-3.3521347866694116e-05,0.0,0.5,0.0,reference,-6.5133084111342516e-18,0.0,nan,nan,nan,,,nan,nan,nan,nan,nan,nan,nan,nan,0.075,0.13033333333333333,0.8422222222222222,0.4846547314578005,44,44,0.09777777777777778,0.056265984654731455,-0.04504465996273682,-0.04504465996273682,0.0,-0.12442039310112785,-0.12442039310112785,0.0,1.0357873400180861,1.0357873400180861,1.3056449730457929,1.3056449730457929
real_breast_cancer_aligned,box,6000,0.05,2.0,estimated_residual_lowp_supported,ctmle,estimated,xgboost,xgboost,if_residual,1.0,0.0|0.25|0.5|1.0,aipw_variance,-1.0,1.0,obsval,4.0,0.1,30,0.1,crossfit_rank_empty_standdown,1.0,4,50,1,475.727761358954,-0.07807268024694564,-0.07807268024694564,-0.07807268024694564,0.0,5.5239217213954184e-05,1.6600796755846057e-06,0.0,0.5,0.0,reference,-1.7763568394002505e-17,0.0,nan,nan,nan,,,nan,nan,nan,nan,nan,nan,nan,nan,0.0,0.12666666666666668,nan,0.0,0,49,nan,0.06447368421052632,0.0,0.0,0.0,-0.11592104112669839,-0.11592104112669839,0.0,nan,nan,1.2902233529246132,1.2902233529246132
real_breast_cancer_aligned,box,6000,0.05,2.0,estimated_residual_lowp_supported,ctmle,estimated,xgboost,xgboost,if_residual,1.0,0.0|0.25|0.5|1.0,aipw_variance,-1.0,1.0,obsval,4.0,0.1,30,0.1,crossfit_rank_empty_standdown,1.0,4,50,2,952.460355467163,-0.098316349975063,-0.098316349975063,-0.098316349975063,0.0,7.732845735466975e-05,-4.62462935117608e-05,0.0,0.5,0.0,reference,-8.289665250534503e-18,-1.1102230246251565e-16,nan,nan,nan,,,nan,nan,nan,nan,nan,nan,nan,nan,0.1,0.13366666666666666,0.8583333333333333,0.64214463840399,45,44,0.075,0.05486284289276808,-0.06107855616217756,-0.06107855616217756,0.0,-0.11086285550343714,-0.11086285550343714,0.0,1.1644236325445438,1.1644236325445438,1.2887779495031177,1.2887779495031177
real_breast_cancer_aligned,box,6000,0.05,2.0,estimated_residual_lowp_supported,ctmle,estimated,xgboost,xgboost,if_residual,1.0,0.0|0.25|0.5|1.0,aipw_variance,-1.0,1.0,obsval,4.0,0.1,30,0.1,crossfit_rank_empty_standdown,1.0,4,50,3,1429.2662448715419,-0.09235400058175647,-0.09235400058175647,-0.09235400058175647,0.0,7.339362431980879e-05,-3.6238406643980764e-05,0.0,0.5,0.0,reference,7.401486830834377e-18,0.0,nan,nan,nan,,,nan,nan,nan,nan,nan,nan,nan,nan,0.075,0.133,0.92,0.518796992481203,33,44,0.07333333333333333,0.05513784461152882,-0.04614292691894377,-0.04614292691894377,0.0,-0.11529812391383043,-0.11529812391383043,0.0,1.1483282739491956,1.1483282739491956,1.3058128392864954,1.3058128392864954
real_breast_cancer_aligned,box,6000,0.05,2.0,estimated_residual_lowp_supported,ctmle,estimated,xgboost,xgboost,if_residual,1.0,0.0|0.25|0.5|1.0,aipw_variance,-1.0,1.0,obsval,4.0,0.1,30,0.1,crossfit_rank_empty_standdown,1.0,4,50,4,1902.6497688982636,-0.0732907651655661,-0.0732907651655661,-0.0732907651655661,0.0,6.612244874616138e-05,-1.2815335000926202e-05,0.0,0.5,0.0,reference,5.921189464667502e-18,0.0,nan,nan,nan,,,nan,nan,nan,nan,nan,nan,nan,nan,0.1,0.13316666666666666,0.8733333333333333,0.655819774718398,50,38,0.08333333333333333,0.04755944931163955,-0.04952381148237623,-0.04952381148237623,0.0,-0.0937143927960042,-0.0937143927960042,0.0,1.0864262606515518,1.0864262606515518,1.2026866591921352,1.2026866591921352
real_breast_cancer_aligned,box,6000,0.05,2.0,estimated_residual_lowp_supported,ctmle,estimated,xgboost,xgboost,if_residual,1.0,0.0|0.25|0.5|1.0,aipw_variance,-1.0,1.0,obsval,4.0,0.1,30,0.1,crossfit_rank_empty_standdown,1.0,4,50,1,478.51839757710695,-0.07681681337265933,-0.07681681337265933,-0.07681681337265933,0.0,4.560842064056951e-05,-3.367289888221714e-06,0.0,0.5,0.0,reference,1.983598470663613e-17,-5.551115123125783e-17,nan,nan,nan,,,nan,nan,nan,nan,nan,nan,nan,nan,0.1,0.12783333333333333,0.8083333333333333,0.6323337679269883,62,40,0.10333333333333333,0.05215123859191656,-0.05133456321734739,-0.05133456321734739,0.0,-0.10061795371929232,-0.10061795371929232,0.0,1.0734566803650027,1.0734566803650027,1.2263836726197412,1.2263836726197412
real_breast_cancer_aligned,box,6000,0.05,2.0,estimated_residual_lowp_supported,ctmle,estimated,xgboost,xgboost,if_residual,1.0,0.0|0.25|0.5|1.0,aipw_variance,-1.0,1.0,obsval,4.0,0.1,30,0.1,crossfit_rank_empty_standdown,1.0,4,50,2,953.828553837724,-0.10103869053771058,-0.10103869053771058,-0.10103869053771058,0.0,5.002976631906402e-05,-1.221197023152168e-05,0.0,0.5,0.0,reference,7.105427357601002e-18,0.0,nan,nan,nan,,,nan,nan,nan,nan,nan,nan,nan,nan,0.1,0.13916666666666666,0.8616666666666667,0.6191616766467066,48,36,0.08,0.04311377245508982,-0.06239843042598613,-0.06239843042598613,0.0,-0.1147005019069726,-0.1147005019069726,0.0,1.0815146000775957,1.0815146000775957,1.229690722634505,1.229690722634505
real_breast_cancer_aligned,box,6000,0.05,2.0,estimated_residual_lowp_supported,ctmle,estimated,xgboost,xgboost,if_residual,1.0,0.0|0.25|0.5|1.0,aipw_variance,-1.0,1.0,obsval,4.0,0.1,30,0.1,crossfit_rank_empty_standdown,1.0,4,50,3,1428.0593671929091,-0.13528072552739717,-0.13528072552739717,-0.13528072552739717,0.0,5.3371439037202834e-05,2.291891397287549e-07,0.0,0.5,0.0,reference,-7.105427357601002e-18,0.0,nan,nan,nan,,,nan,nan,nan,nan,nan,nan,nan,nan,0.1,0.133,0.8566666666666667,0.6441102756892231,48,38,0.08,0.047619047619047616,-0.08685587359852787,-0.08685587359852787,0.0,-0.14467662189868963,-0.14467662189868963,0.0,1.2413757382849868,1.2413757382849868,1.392087284340344,1.392087284340344
real_breast_cancer_aligned,box,6000,0.05,2.0,estimated_residual_lowp_supported,ctmle,estimated,xgboost,xgboost,if_residual,1.0,0.0|0.25|0.5|1.0,aipw_variance,-1.0,1.0,obsval,4.0,0.1,30,0.1,crossfit_rank_empty_standdown,1.0,4,50,4,1896.8842117963359,-0.09655365892826767,-0.09655365892826767,-0.09655365892826767,0.0,5.381643870710725e-05,-1.8443709535946747e-05,0.0,0.5,0.0,reference,-1.1842378929335003e-18,0.0,nan,nan,nan,,,nan,nan,nan,nan,nan,nan,nan,nan,0.1,0.12733333333333333,0.82,0.643979057591623,58,34,0.09666666666666666,0.04450261780104712,-0.0659283390290872,-0.0659283390290872,0.0,-0.12313049777568887,-0.12313049777568887,0.0,1.1758274562207203,1.1758274562207203,1.3643778451500055,1.3643778451500055
real_breast_cancer_aligned,box,6000,0.05,2.0,estimated_residual_lowp_supported,ctmle,estimated,xgboost,xgboost,if_residual,1.0,0.0|0.25|0.5|1.0,aipw_variance,-1.0,1.0,obsval,4.0,0.1,30,0.1,crossfit_rank_empty_standdown,1.0,4,50,1,487.4085715021938,-0.12156789371657378,-0.12156789371657378,-0.12156789371657378,0.0,4.7002368203504126e-05,3.3558958899900394e-06,0.0,0.5,0.0,reference,9.473903143468002e-18,0.0,nan,nan,nan,,,nan,nan,nan,nan,nan,nan,nan,nan,0.075,0.129,0.8444444444444444,0.4909560723514212,46,37,0.10222222222222223,0.04780361757105943,-0.05343242881431155,-0.05343242881431155,0.0,-0.12618470063089296,-0.12618470063089296,0.0,1.1397854718714118,1.1397854718714118,1.3274634951513733,1.3274634951513733
real_breast_cancer_aligned,box,6000,0.05,2.0,estimated_residual_lowp_supported,ctmle,estimated,xgboost,xgboost,if_residual,1.0,0.0|0.25|0.5|1.0,aipw_variance,-1.0,1.0,obsval,4.0,0.1,30,0.1,crossfit_rank_empty_standdown,1.0,4,50,2,961.5142546333373,-0.0834786629861225,-0.0834786629861225,-0.0834786629861225,0.0,6.126277083623563e-05,-4.7639523755253614e-05,0.0,0.5,0.0,reference,8.585724723767878e-18,0.0,nan,nan,nan,,,nan,nan,nan,nan,nan,nan,nan,nan,0.1,0.13433333333333333,0.83,0.6178660049627791,74,47,0.12333333333333334,0.05831265508684864,-0.04528187834905666,-0.04528187834905666,0.0,-0.09737085880234408,-0.09737085880234408,0.0,1.0988151493783653,1.0988151493783653,1.2408421745079214,1.2408421745079214
real_breast_cancer_aligned,box,6000,0.05,2.0,estimated_residual_lowp_supported,ctmle,estimated,xgboost,xgboost,if_residual,1.0,0.0|0.25|0.5|1.0,aipw_variance,-1.0,1.0,obsval,4.0,0.1,30,0.1,crossfit_rank_empty_standdown,1.0,4,50,3,1435.3240042394027,-0.15845975795914652,-0.15845975795914652,-0.15845975795914652,0.0,4.31717671644028e-05,3.876991270119578e-06,0.0,0.5,0.0,reference,-9.473903143468002e-18,0.0,nan,nan,nan,,,nan,nan,nan,nan,nan,nan,nan,nan,0.0,0.1305,nan,0.0,0,30,nan,0.038314176245210725,0.0,0.0,0.0,-0.14362227337392286,-0.14362227337392286,0.0,nan,nan,1.4127106368919151,1.4127106368919151
real_breast_cancer_aligned,box,6000,0.05,2.0,estimated_residual_lowp_supported,ctmle,estimated,xgboost,xgboost,if_residual,1.0,0.0|0.25|0.5|1.0,aipw_variance,-1.0,1.0,obsval,4.0,0.1,30,0.1,crossfit_rank_empty_standdown,1.0,4,50,4,1905.2206115797162,-0.12582412675251947,-0.12582412675251947,-0.12582412675251947,0.0,8.255507162796983e-05,-9.003711148829218e-06,0.0,0.5,0.0,reference,9.473903143468002e-18,-5.551115123125783e-17,nan,nan,nan,,,nan,nan,nan,nan,nan,nan,nan,nan,0.1,0.1275,0.835,0.6549019607843137,49,31,0.08166666666666667,0.040522875816993466,-0.08889661971434915,-0.08889661971434915,0.0,-0.14893635507195901,-0.14893635507195901,0.0,1.347682759049266,1.347682759049266,1.5161062845800692,1.5161062845800692
real_breast_cancer_aligned,box,6000,0.05,2.0,estimated_residual_lowp_supported,ctmle,estimated,xgboost,xgboost,if_residual,1.0,0.0|0.25|0.5|1.0,aipw_variance,-1.0,1.0,obsval,4.0,0.1,30,0.1,crossfit_rank_empty_standdown,1.0,4,50,1,476.1494273515418,-0.1369511575976205,-0.1369511575976205,-0.1369511575976205,0.0,6.281140380102481e-05,7.415389790170392e-06,0.0,0.5,0.0,reference,8.289665250534503e-18,0.0,nan,nan,nan,,,nan,nan,nan,nan,nan,nan,nan,nan,0.0,0.1345,nan,0.0,0,40,nan,0.04956629491945477,0.0,0.0,0.0,-0.137971071333992,-0.137971071333992,0.0,nan,nan,1.4162593054206893,1.4162593054206893
real_breast_cancer_aligned,box,6000,0.05,2.0,estimated_residual_lowp_supported,ctmle,estimated,xgboost,xgboost,if_residual,1.0,0.0|0.25|0.5|1.0,aipw_variance,-1.0,1.0,obsval,4.0,0.1,30,0.1,crossfit_rank_empty_standdown,1.0,4,50,2,949.2262855945155,-0.08208302576658949,-0.08208302576658949,-0.08208302576658949,0.0,6.280292518480316e-05,-2.905819057733353e-06,0.0,0.5,0.0,reference,7.105427357601002e-18,-5.551115123125783e-17,nan,nan,nan,,,nan,nan,nan,nan,nan,nan,nan,nan,0.0,0.13116666666666665,nan,0.0,0,42,nan,0.053367217280813214,0.0,0.0,0.0,-0.1055183020681549,-0.1055183020681549,0.0,nan,nan,1.3851729298278375,1.3851729298278375
real_breast_cancer_aligned,box,6000,0.05,2.0,estimated_residual_lowp_supported,ctmle,estimated,xgboost,xgboost,if_residual,1.0,0.0|0.25|0.5|1.0,aipw_variance,-1.0,1.0,obsval,4.0,0.1,30,0.1,crossfit_rank_empty_standdown,1.0,4,50,3,1422.8176055401564,-0.09265854383492489,-0.09265854383492489,-0.09265854383492489,0.0,4.3757638740800115e-05,-2.6332648778301215e-05,0.0,0.5,0.0,reference,4.736951571734001e-18,0.0,nan,nan,nan,,,nan,nan,nan,nan,nan,nan,nan,nan,0.075,0.12666666666666668,0.7977777777777778,0.4723684210526316,42,39,0.09333333333333334,0.05131578947368421,-0.03879947884719336,-0.03879947884719336,0.0,-0.1017983559698262,-0.1017983559698262,0.0,1.1414349701797133,1.1414349701797133,1.3177723842428668,1.3177723842428668
real_breast_cancer_aligned,box,6000,0.05,2.0,estimated_residual_lowp_supported,ctmle,estimated,xgboost,xgboost,if_residual,1.0,0.0|0.25|0.5|1.0,aipw_variance,-1.0,1.0,obsval,4.0,0.1,30,0.1,crossfit_rank_empty_standdown,1.0,4,50,4,1894.6058415398002,-0.0973981388727087,-0.0973981388727087,-0.0973981388727087,0.0,5.473150890566297e-05,-1.829548050624665e-05,0.0,0.5,0.0,reference,-1.1842378929335003e-18,0.0,nan,nan,nan,,,nan,nan,nan,nan,nan,nan,nan,nan,0.1,0.1285,0.8,0.622568093385214,62,37,0.10333333333333333,0.04798962386511025,-0.06493150076661042,-0.06493150076661042,0.0,-0.11986058912613783,-0.11986058912613783,0.0,1.087979086518628,1.087979086518628,1.2736770561610005,1.2736770561610005
real_breast_cancer_aligned,box,6000,0.05,2.0,estimated_residual_lowp_supported,ctmle,estimated,xgboost,xgboost,if_residual,1.0,0.0|0.25|0.5|1.0,aipw_variance,-1.0,1.0,obsval,4.0,0.1,30,0.1,crossfit_rank_empty_standdown,1.0,4,50,1,477.3437745720148,-0.09418212297043088,-0.09418212297043088,-0.09418212297043088,0.0,2.6347806383245683e-05,-1.2416599345305276e-05,0.0,0.5,0.0,reference,1.7763568394002505e-18,0.0,nan,nan,nan,,,nan,nan,nan,nan,nan,nan,nan,nan,0.1,0.1315,0.8116666666666666,0.6172370088719898,65,40,0.10833333333333334,0.050697084917617236,-0.06615473452006301,-0.06615473452006301,0.0,-0.12195374433201575,-0.12195374433201575,0.0,1.1092611875482148,1.1092611875482148,1.2539394708072629,1.2539394708072629
real_breast_cancer_aligned,box,6000,0.05,2.0,estimated_residual_lowp_supported,ctmle,estimated,xgboost,xgboost,if_residual,1.0,0.0|0.25|0.5|1.0,aipw_variance,-1.0,1.0,obsval,4.0,0.1,30,0.1,crossfit_rank_empty_standdown,1.0,4,50,2,951.9632213162258,-0.12058580111698625,-0.12058580111698625,-0.12058580111698625,0.0,5.642392870773647e-05,-6.441814284456073e-05,0.0,0.5,0.0,reference,-4.1448326252672514e-18,0.0,nan,nan,nan,,,nan,nan,nan,nan,nan,nan,nan,nan,0.1,0.132,0.8533333333333334,0.6464646464646465,41,32,0.06833333333333333,0.04040404040404041,-0.0901109339282009,-0.0901109339282009,0.0,-0.15170498523728249,-0.15170498523728249,0.0,1.3446145279918578,1.3446145279918578,1.4822296351713016,1.4822296351713016
real_breast_cancer_aligned,box,6000,0.05,2.0,estimated_residual_lowp_supported,ctmle,estimated,xgboost,xgboost,if_residual,1.0,0.0|0.25|0.5|1.0,aipw_variance,-1.0,1.0,obsval,4.0,0.1,30,0.1,crossfit_rank_empty_standdown,1.0,4,50,3,1430.5318602267653,-0.13204978457742184,-0.13204978457742184,-0.13204978457742184,0.0,4.6242381265633155e-05,-4.2468379267402356e-05,0.0,0.5,0.0,reference,1.3026616822268503e-17,-5.551115123125783e-17,nan,nan,nan,,,nan,nan,nan,nan,nan,nan,nan,nan,0.075,0.13,0.8155555555555556,0.4705128205128205,53,43,0.11777777777777777,0.05512820512820513,-0.05403544828106173,-0.05403544828106173,0.0,-0.12710487667520384,-0.12710487667520384,0.0,1.1708674388310778,1.1708674388310778,1.3332777898458956,1.3332777898458956
real_breast_cancer_aligned,box,6000,0.05,2.0,estimated_residual_lowp_supported,ctmle,estimated,xgboost,xgboost,if_residual,1.0,0.0|0.25|0.5|1.0,aipw_variance,-1.0,1.0,obsval,4.0,0.1,30,0.1,crossfit_rank_empty_standdown,1.0,4,50,4,1908.6473616333678,-0.11853092555698508,-0.11853092555698508,-0.11853092555698508,0.0,3.946922335976047e-05,9.25960006286405e-06,0.0,0.5,0.0,reference,-1.7763568394002505e-18,0.0,nan,nan,nan,,,nan,nan,nan,nan,nan,nan,nan,nan,0.0,0.12816666666666668,nan,0.0,0,52,nan,0.06762028608582575,0.0,0.0,0.0,-0.12130121230860039,-0.12130121230860039,0.0,nan,nan,1.2739783051047748,1.2739783051047748
real_breast_cancer_aligned,box,6000,0.05,2.0,estimated_residual_lowp_supported,ctmle,estimated,xgboost,xgboost,if_residual,1.0,0.0|0.25|0.5|1.0,aipw_variance,-1.0,1.0,obsval,4.0,0.1,30,0.1,crossfit_rank_empty_standdown,1.0,4,50,1,479.28229277860373,-0.12684183410170297,-0.12684183410170297,-0.12684183410170297,0.0,7.48657860933661e-05,1.631374549415144e-05,0.0,0.5,0.0,reference,1.1842378929335003e-18,-5.551115123125783e-17,nan,nan,nan,,,nan,nan,nan,nan,nan,nan,nan,nan,0.1,0.12566666666666668,0.8516666666666667,0.6777188328912467,44,24,0.07333333333333333,0.03183023872679045,-0.07365168934153497,-0.07365168934153497,0.0,-0.11947823422898297,-0.11947823422898297,0.0,1.2166047307471337,1.2166047307471337,1.3698546591658425,1.3698546591658425
real_breast_cancer_aligned,box,6000,0.05,2.0,estimated_residual_lowp_supported,ctmle,estimated,xgboost,xgboost,if_residual,1.0,0.0|0.25|0.5|1.0,aipw_variance,-1.0,1.0,obsval,4.0,0.1,30,0.1,crossfit_rank_empty_standdown,1.0,4,50,2,953.7242766125128,-0.10420425860677462,-0.10420425860677462,-0.10420425860677462,0.0,6.699429685807254e-05,2.0572199355133698e-05,0.0,0.5,0.0,reference,-8.289665250534503e-18,0.0,nan,nan,nan,,,nan,nan,nan,nan,nan,nan,nan,nan,0.1,0.1325,0.8283333333333334,0.6251572327044025,64,45,0.10666666666666667,0.05660377358490566,-0.058917150692696645,-0.058917150692696645,0.0,-0.11288803551100848,-0.11288803551100848,0.0,1.1432155509979525,1.1432155509979525,1.317684979348231,1.317684979348231
real_breast_cancer_aligned,box,6000,0.05,2.0,estimated_residual_lowp_supported,ctmle,estimated,xgboost,xgboost,if_residual,1.0,0.0|0.25|0.5|1.0,aipw_variance,-1.0,1.0,obsval,4.0,0.1,30,0.1,crossfit_rank_empty_standdown,1.0,4,50,3,1429.068260397762,-0.08974848677774583,-0.08974848677774583,-0.08974848677774583,0.0,7.496124189862517e-05,2.5071998244598627e-05,0.0,0.5,0.0,reference,1.6579330501069006e-17,1.1102230246251565e-16,nan,nan,nan,,,nan,nan,nan,nan,nan,nan,nan,nan,0.1,0.13266666666666665,0.8433333333333334,0.635678391959799,48,35,0.08,0.04396984924623116,-0.0657902385528615,-0.0657902385528615,0.0,-0.12366019611289446,-0.12366019611289446,0.0,1.1489139643284119,1.1489139643284119,1.3201474788677436,1.3201474788677436
real_breast_cancer_aligned,box,6000,0.05,2.0,estimated_residual_lowp_supported,ctmle,estimated,xgboost,xgboost,if_residual,1.0,0.0|0.25|0.5|1.0,aipw_variance,-1.0,1.0,obsval,4.0,0.1,30,0.1,crossfit_rank_empty_standdown,1.0,4,50,4,1902.8329854812473,-0.12684402323748944,-0.12684402323748944,-0.12684402323748944,0.0,5.8730463452422274e-05,-4.19729329832031e-06,0.0,0.5,0.0,reference,4.736951571734001e-18,-5.551115123125783e-17,nan,nan,nan,,,nan,nan,nan,nan,nan,nan,nan,nan,0.0,0.12983333333333333,nan,0.0,0,25,nan,0.03209242618741977,0.0,0.0,0.0,-0.13315848389675675,-0.13315848389675675,0.0,nan,nan,1.3657775064113302,1.3657775064113302
real_breast_cancer_aligned,box,6000,0.05,2.0,estimated_residual_lowp_supported,ctmle,estimated,xgboost,xgboost,if_residual,1.0,0.0|0.25|0.5|1.0,aipw_variance,-1.0,1.0,obsval,4.0,0.1,30,0.1,crossfit_rank_empty_standdown,1.0,4,50,1,475.12598076090217,-0.0950636413231562,-0.0950636413231562,-0.0950636413231562,0.0,6.649259990729574e-05,-3.2316959138578138e-06,0.0,0.5,0.0,reference,5.921189464667502e-18,-5.551115123125783e-17,nan,nan,nan,,,nan,nan,nan,nan,nan,nan,nan,nan,0.1,0.13483333333333333,0.81,0.6007416563658838,76,44,0.12666666666666668,0.054388133498145856,-0.0619877197946067,-0.0619877197946067,0.0,-0.12217758711516441,-0.12217758711516441,0.0,1.1522411070172922,1.1522411070172922,1.3392540792398842,1.3392540792398842
real_breast_cancer_aligned,box,6000,0.05,2.0,estimated_residual_lowp_supported,ctmle,estimated,xgboost,xgboost,if_residual,1.0,0.0|0.25|0.5|1.0,aipw_variance,-1.0,1.0,obsval,4.0,0.1,30,0.1,crossfit_rank_empty_standdown,1.0,4,50,2,956.3425563508645,-0.08059620788159483,-0.08059620788159483,-0.08059620788159483,0.0,6.772669261056606e-05,-7.167975688634738e-05,0.0,0.5,0.0,reference,-5.921189464667502e-18,5.551115123125783e-17,nan,nan,nan,,,nan,nan,nan,nan,nan,nan,nan,nan,0.1,0.13283333333333333,0.8216666666666667,0.6185696361355082,79,47,0.13166666666666665,0.05897114178168131,-0.0549546466572311,-0.0549546466572311,0.0,-0.10215977798157057,-0.10215977798157057,0.0,1.1246218938656958,1.1246218938656958,1.255396600355777,1.255396600355777
real_breast_cancer_aligned,box,6000,0.05,2.0,estimated_residual_lowp_supported,ctmle,estimated,xgboost,xgboost,if_residual,1.0,0.0|0.25|0.5|1.0,aipw_variance,-1.0,1.0,obsval,4.0,0.1,30,0.1,crossfit_rank_empty_standdown,1.0,4,50,3,1432.9266512906179,-0.11063803932270738,-0.11063803932270738,-0.11063803932270738,0.0,5.665213038769795e-05,-6.035791442984329e-06,0.0,0.5,0.0,reference,3.552713678800501e-18,0.0,nan,nan,nan,,,nan,nan,nan,nan,nan,nan,nan,nan,0.1,0.13433333333333333,0.8533333333333334,0.6352357320099256,51,41,0.085,0.05086848635235732,-0.07243690167473703,-0.07243690167473703,0.0,-0.12748369099529316,-0.12748369099529316,0.0,1.2158349143194587,1.2158349143194587,1.349232999901547,1.349232999901547
real_breast_cancer_aligned,box,6000,0.05,2.0,estimated_residual_lowp_supported,ctmle,estimated,xgboost,xgboost,if_residual,1.0,0.0|0.25|0.5|1.0,aipw_variance,-1.0,1.0,obsval,4.0,0.1,30,0.1,crossfit_rank_empty_standdown,1.0,4,50,4,1906.5750326048583,-0.11468467573701868,-0.11468467573701868,-0.11468467573701868,0.0,7.113021921676798e-05,-3.945804606751669e-05,0.0,0.5,0.0,reference,0.0,0.0,nan,nan,nan,,,nan,nan,nan,nan,nan,nan,nan,nan,0.1,0.13866666666666666,0.8533333333333334,0.6153846153846154,64,43,0.10666666666666667,0.051682692307692304,-0.07125245032492528,-0.07125245032492528,0.0,-0.13611029515283268,-0.13611029515283268,0.0,1.1968617859655692,1.1968617859655692,1.3838961177557094,1.3838961177557094
real_breast_cancer_aligned,box,6000,0.05,2.0,estimated_residual_lowp_supported,ctmle,estimated,xgboost,xgboost,if_residual,1.0,0.0|0.25|0.5|1.0,aipw_variance,-1.0,1.0,obsval,4.0,0.1,30,0.1,crossfit_rank_empty_standdown,1.0,4,50,1,479.532839640975,-0.15862870500367915,-0.15862870500367915,-0.15862870500367915,0.0,2.8286077219867633e-05,1.1321959130344166e-05,0.0,0.5,0.0,reference,0.0,0.0,nan,nan,nan,,,nan,nan,nan,nan,nan,nan,nan,nan,0.075,0.13683333333333333,0.8822222222222222,0.4835566382460414,43,38,0.09555555555555556,0.04628501827040195,-0.06268722320204137,-0.06268722320204137,0.0,-0.1421777019614216,-0.1421777019614216,0.0,1.2266020524765322,1.2266020524765322,1.3797065758625735,1.3797065758625735
real_breast_cancer_aligned,box,6000,0.05,2.0,estimated_residual_lowp_supported,ctmle,estimated,xgboost,xgboost,if_residual,1.0,0.0|0.25|0.5|1.0,aipw_variance,-1.0,1.0,obsval,4.0,0.1,30,0.1,crossfit_rank_empty_standdown,1.0,4,50,2,961.4871255010366,-0.09022184186779886,-0.09022184186779886,-0.09022184186779886,0.0,3.869105468132976e-05,-3.550732259227922e-06,0.0,0.5,0.0,reference,-1.6579330501069006e-17,0.0,nan,nan,nan,,,nan,nan,nan,nan,nan,nan,nan,nan,0.1,0.13166666666666665,0.8283333333333334,0.6291139240506329,55,38,0.09166666666666666,0.04810126582278481,-0.07616480219471086,-0.07616480219471086,0.0,-0.13117198347756834,-0.13117198347756834,0.0,1.199945495684842,1.199945495684842,1.3170312130848134,1.3170312130848134
real_breast_cancer_aligned,box,6000,0.05,2.0,estimated_residual_lowp_supported,ctmle,estimated,xgboost,xgboost,if_residual,1.0,0.0|0.25|0.5|1.0,aipw_variance,-1.0,1.0,obsval,4.0,0.1,30,0.1,crossfit_rank_empty_standdown,1.0,4,50,3,1434.7075950885192,-0.11576647384492211,-0.11576647384492211,-0.11576647384492211,0.0,5.183662558269208e-05,1.1283922764008278e-05,0.0,0.5,0.0,reference,1.1842378929335003e-18,0.0,nan,nan,nan,,,nan,nan,nan,nan,nan,nan,nan,nan,0.1,0.13466666666666666,0.84,0.6237623762376238,62,46,0.10333333333333333,0.05693069306930693,-0.06458923198941402,-0.06458923198941402,0.0,-0.1136840367118484,-0.1136840367118484,0.0,1.1412411403509903,1.1412411403509903,1.2530138506930315,1.2530138506930315
real_breast_cancer_aligned,box,6000,0.05,2.0,estimated_residual_lowp_supported,ctmle,estimated,xgboost,xgboost,if_residual,1.0,0.0|0.25|0.5|1.0,aipw_variance,-1.0,1.0,obsval,4.0,0.1,30,0.1,crossfit_rank_empty_standdown,1.0,4,50,4,1903.9672844791785,-0.08546735108753217,-0.08546735108753217,-0.08546735108753217,0.0,5.9814541863707164e-05,-1.2924464555001116e-05,0.0,0.5,0.0,reference,-7.105427357601002e-18,0.0,nan,nan,nan,,,nan,nan,nan,nan,nan,nan,nan,nan,0.0,0.13266666666666665,nan,0.0,0,45,nan,0.056532663316582916,0.0,0.0,0.0,-0.10479713836393205,-0.10479713836393205,0.0,nan,nan,1.2699057452630447,1.2699057452630447
real_breast_cancer_aligned,box,6000,0.05,2.0,estimated_residual_lowp_supported,ctmle,estimated,xgboost,xgboost,if_residual,1.0,0.0|0.25|0.5|1.0,aipw_variance,-1.0,1.0,obsval,4.0,0.1,30,0.1,crossfit_rank_empty_standdown,1.0,4,50,1,483.0345688285306,-0.1240087002036605,-0.1240087002036605,-0.1240087002036605,0.0,4.1868959807034984e-05,-8.094736657263666e-06,0.0,0.5,0.0,reference,-1.3026616822268503e-17,-5.551115123125783e-17,nan,nan,nan,,,nan,nan,nan,nan,nan,nan,nan,nan,0.075,0.13,0.8355555555555556,0.48205128205128206,51,47,0.11333333333333333,0.06025641025641026,-0.04109203642962813,-0.04109203642962813,0.0,-0.10505430390531581,-0.10505430390531581,0.0,1.0422138386746214,1.0422138386746214,1.2107288971624233,1.2107288971624233
real_breast_cancer_aligned,box,6000,0.05,2.0,estimated_residual_lowp_supported,ctmle,estimated,xgboost,xgboost,if_residual,1.0,0.0|0.25|0.5|1.0,aipw_variance,-1.0,1.0,obsval,4.0,0.1,30,0.1,crossfit_rank_empty_standdown,1.0,4,50,2,962.0698112985119,-0.08134285789373435,-0.08134285789373435,-0.08134285789373435,0.0,6.845686824655012e-05,-1.103485656442707e-06,0.0,0.5,0.0,reference,5.3290705182007515e-18,-1.1102230246251565e-16,nan,nan,nan,,,nan,nan,nan,nan,nan,nan,nan,nan,0.1,0.13183333333333333,0.8116666666666666,0.6156763590391909,78,53,0.13,0.06700379266750948,-0.04651383260769055,-0.04651383260769055,0.0,-0.10035254545188502,-0.10035254545188502,0.0,1.1379452838926498,1.1379452838926498,1.322896440370129,1.322896440370129
real_breast_cancer_aligned,box,6000,0.05,2.0,estimated_residual_lowp_supported,ctmle,estimated,xgboost,xgboost,if_residual,1.0,0.0|0.25|0.5|1.0,aipw_variance,-1.0,1.0,obsval,4.0,0.1,30,0.1,crossfit_rank_empty_standdown,1.0,4,50,3,1432.2561876680702,-0.08529718256807489,-0.08529718256807489,-0.08529718256807489,0.0,7.013525204993239e-05,-7.349812791588965e-05,0.0,0.5,0.0,reference,-9.473903143468002e-18,1.1102230246251565e-16,nan,nan,nan,,,nan,nan,nan,nan,nan,nan,nan,nan,0.0,0.13416666666666666,nan,0.0,0,45,nan,0.055900621118012424,0.0,0.0,0.0,-0.12848752351408008,-0.12848752351408008,0.0,nan,nan,1.28673375101201,1.28673375101201
real_breast_cancer_aligned,box,6000,0.05,2.0,estimated_residual_lowp_supported,ctmle,estimated,xgboost,xgboost,if_residual,1.0,0.0|0.25|0.5|1.0,aipw_variance,-1.0,1.0,obsval,4.0,0.1,30,0.1,crossfit_rank_empty_standdown,1.0,4,50,4,1896.4343517618254,-0.10117561377697598,-0.10117561377697598,-0.10117561377697598,0.0,7.850533106357497e-05,-1.5744838574038378e-05,0.0,0.5,0.0,reference,-1.0658141036401503e-17,0.0,nan,nan,nan,,,nan,nan,nan,nan,nan,nan,nan,nan,0.0,0.13533333333333333,nan,0.0,0,29,nan,0.03571428571428571,0.0,0.0,0.0,-0.10887228883398074,-0.10887228883398074,0.0,nan,nan,1.2335031886272978,1.2335031886272978
real_breast_cancer_aligned,box,6000,0.05,2.0,estimated_residual_lowp_supported,ctmle,estimated,xgboost,xgboost,if_residual,1.0,0.0|0.25|0.5|1.0,aipw_variance,-1.0,1.0,obsval,4.0,0.1,30,0.1,crossfit_rank_empty_standdown,1.0,4,50,1,476.39825794659555,-0.0676679482092803,-0.0676679482092803,-0.0676679482092803,0.0,6.389484556105151e-05,-3.3967848100201756e-05,0.0,0.5,0.0,reference,5.921189464667502e-18,1.1102230246251565e-16,nan,nan,nan,,,nan,nan,nan,nan,nan,nan,nan,nan,0.1,0.13366666666666666,0.8483333333333334,0.6346633416458853,64,44,0.10666666666666667,0.05486284289276808,-0.05072294791486462,-0.05072294791486462,0.0,-0.10629048271022681,-0.10629048271022681,0.0,1.0524847313464873,1.0524847313464873,1.267272996350617,1.267272996350617
real_breast_cancer_aligned,box,6000,0.05,2.0,estimated_residual_lowp_supported,ctmle,estimated,xgboost,xgboost,if_residual,1.0,0.0|0.25|0.5|1.0,aipw_variance,-1.0,1.0,obsval,4.0,0.1,30,0.1,crossfit_rank_empty_standdown,1.0,4,50,2,952.7581873470917,-0.14697981524469472,-0.14697981524469472,-0.14697981524469472,0.0,6.948601007167126e-05,-7.402079340594744e-06,0.0,0.5,0.0,reference,-1.0362081563168128e-17,0.0,nan,nan,nan,,,nan,nan,nan,nan,nan,nan,nan,nan,0.1,0.13283333333333333,0.8166666666666667,0.6148055207026348,59,35,0.09833333333333333,0.043914680050188205,-0.0733168086204619,-0.0733168086204619,0.0,-0.13124318085439954,-0.13124318085439954,0.0,1.2104168228577892,1.2104168228577892,1.3649454302523192,1.3649454302523192
real_breast_cancer_aligned,box,6000,0.05,2.0,estimated_residual_lowp_supported,ctmle,estimated,xgboost,xgboost,if_residual,1.0,0.0|0.25|0.5|1.0,aipw_variance,-1.0,1.0,obsval,4.0,0.1,30,0.1,crossfit_rank_empty_standdown,1.0,4,50,3,1427.0365482466295,-0.09059038056850716,-0.09059038056850716,-0.09059038056850716,0.0,4.2610554323860685e-05,-5.4493580922855686e-06,0.0,0.5,0.0,reference,0.0,0.0,nan,nan,nan,,,nan,nan,nan,nan,nan,nan,nan,nan,0.1,0.12583333333333332,0.8016666666666666,0.6370860927152318,60,38,0.1,0.05033112582781457,-0.06371525497474016,-0.06371525497474016,0.0,-0.11009650545986684,-0.11009650545986684,0.0,1.112025549268221,1.112025549268221,1.2858615550951844,1.2858615550951844
real_breast_cancer_aligned,box,6000,0.05,2.0,estimated_residual_lowp_supported,ctmle,estimated,xgboost,xgboost,if_residual,1.0,0.0|0.25|0.5|1.0,aipw_variance,-1.0,1.0,obsval,4.0,0.1,30,0.1,crossfit_rank_empty_standdown,1.0,4,50,4,1900.3446885896847,-0.09200542409194623,-0.09200542409194623,-0.09200542409194623,0.0,5.441338241659753e-05,1.2285475225548537e-05,0.0,0.5,0.0,reference,7.105427357601002e-18,0.0,nan,nan,nan,,,nan,nan,nan,nan,nan,nan,nan,nan,0.1,0.1335,0.8516666666666667,0.6379525593008739,56,43,0.09333333333333334,0.05368289637952559,-0.0537328345001341,-0.0537328345001341,0.0,-0.10253729531110219,-0.10253729531110219,0.0,1.037827997414679,1.037827997414679,1.1692394754784798,1.1692394754784798
real_breast_cancer_aligned,box,6000,0.05,2.0,estimated_residual_lowp_supported,ctmle,estimated,xgboost,xgboost,if_residual,1.0,0.0|0.25|0.5|1.0,aipw_variance,-1.0,1.0,obsval,4.0,0.1,30,0.1,crossfit_rank_empty_standdown,1.0,4,50,1,477.6378467567265,-0.10227397880279476,-0.10227397880279476,-0.10227397880279476,0.0,5.6491062885568374e-05,1.0754805178221486e-05,0.0,0.5,0.0,reference,1.0066022089934753e-17,0.0,nan,nan,nan,,,nan,nan,nan,nan,nan,nan,nan,nan,0.1,0.128,0.8566666666666667,0.6692708333333334,45,39,0.075,0.05078125,-0.07104920450618633,-0.07104920450618633,0.0,-0.11322093442436441,-0.11322093442436441,0.0,1.1712587244433177,1.1712587244433177,1.29828746611021,1.29828746611021
real_breast_cancer_aligned,box,6000,0.05,2.0,estimated_residual_lowp_supported,ctmle,estimated,xgboost,xgboost,if_residual,1.0,0.0|0.25|0.5|1.0,aipw_variance,-1.0,1.0,obsval,4.0,0.1,30,0.1,crossfit_rank_empty_standdown,1.0,4,50,2,954.0419779084623,-0.1104737332649518,-0.1104737332649518,-0.1104737332649518,0.0,3.151963109640694e-05,-1.8289193550724602e-05,0.0,0.5,0.0,reference,1.1842378929335003e-18,0.0,nan,nan,nan,,,nan,nan,nan,nan,nan,nan,nan,nan,0.1,0.131,0.8316666666666667,0.6348600508905853,56,37,0.09333333333333334,0.047073791348600506,-0.07030382865928059,-0.07030382865928059,0.0,-0.13167133968943404,-0.13167133968943404,0.0,1.197545231575557,1.197545231575557,1.3833752796060266,1.3833752796060266
real_breast_cancer_aligned,box,6000,0.05,2.0,estimated_residual_lowp_supported,ctmle,estimated,xgboost,xgboost,if_residual,1.0,0.0|0.25|0.5|1.0,aipw_variance,-1.0,1.0,obsval,4.0,0.1,30,0.1,crossfit_rank_empty_standdown,1.0,4,50,3,1424.7292506834492,-0.06950629292535981,-0.06950629292535981,-0.06950629292535981,0.0,6.248515987650563e-05,-2.1533668761989267e-05,0.0,0.5,0.0,reference,4.736951571734001e-18,-5.551115123125783e-17,nan,nan,nan,,,nan,nan,nan,nan,nan,nan,nan,nan,0.1,0.131,0.835,0.6374045801526718,63,35,0.105,0.044529262086514,-0.05134225033658144,-0.05134225033658144,0.0,-0.09954729600651685,-0.09954729600651685,0.0,1.0392245542181096,1.0392245542181096,1.1611147506545223,1.1611147506545223
real_breast_cancer_aligned,box,6000,0.05,2.0,estimated_residual_lowp_supported,ctmle,estimated,xgboost,xgboost,if_residual,1.0,0.0|0.25|0.5|1.0,aipw_variance,-1.0,1.0,obsval,4.0,0.1,30,0.1,crossfit_rank_empty_standdown,1.0,4,50,4,1897.5399741427973,-0.1025876185690634,-0.1025876185690634,-0.1025876185690634,0.0,7.922381867282269e-05,-2.572543761748358e-05,0.0,0.5,0.0,reference,-8.289665250534503e-18,-1.6653345369377348e-16,nan,nan,nan,,,nan,nan,nan,nan,nan,nan,nan,nan,0.1,0.1315,0.8216666666666667,0.6248415716096325,70,45,0.11666666666666667,0.057034220532319393,-0.05328900832687697,-0.05328900832687697,0.0,-0.10958560831771332,-0.10958560831771332,0.0,1.1069002819085287,1.1069002819085287,1.3091604953303484,1.3091604953303484
real_breast_cancer_aligned,box,6000,0.05,2.0,estimated_residual_lowp_supported,ctmle,estimated,xgboost,xgboost,if_residual,1.0,0.0|0.25|0.5|1.0,aipw_variance,-1.0,1.0,obsval,4.0,0.1,30,0.1,crossfit_rank_empty_standdown,1.0,4,50,1,477.4903742466122,-0.12639009498271048,-0.12639009498271048,-0.12639009498271048,0.0,5.6926853605670635e-05,1.93724462514694e-05,0.0,0.5,0.0,reference,-1.4210854715202004e-17,0.0,nan,nan,nan,,,nan,nan,nan,nan,nan,nan,nan,nan,0.1,0.1355,0.8316666666666667,0.6137761377613776,72,50,0.12,0.06150061500615006,-0.07124521685154142,-0.07124521685154142,0.0,-0.12828760503702236,-0.12828760503702236,0.0,1.184617571602725,1.184617571602725,1.325826837290369,1.325826837290369
real_breast_cancer_aligned,box,6000,0.05,2.0,estimated_residual_lowp_supported,ctmle,estimated,xgboost,xgboost,if_residual,1.0,0.0|0.25|0.5|1.0,aipw_variance,-1.0,1.0,obsval,4.0,0.1,30,0.1,crossfit_rank_empty_standdown,1.0,4,50,2,953.553339975886,-0.10063934541543135,-0.10063934541543135,-0.10063934541543135,0.0,3.839268053751517e-05,-7.142792702062974e-06,0.0,0.5,0.0,reference,2.960594732333751e-18,-1.1102230246251565e-16,nan,nan,nan,,,nan,nan,nan,nan,nan,nan,nan,nan,0.1,0.13533333333333333,0.8166666666666667,0.603448275862069,63,51,0.105,0.06280788177339902,-0.050312738440693665,-0.050312738440693665,0.0,-0.10017431677692155,-0.10017431677692155,0.0,1.1411560491038892,1.1411560491038892,1.2592818261986296,1.2592818261986296
real_breast_cancer_aligned,box,6000,0.05,2.0,estimated_residual_lowp_supported,ctmle,estimated,xgboost,xgboost,if_residual,1.0,0.0|0.25|0.5|1.0,aipw_variance,-1.0,1.0,obsval,4.0,0.1,30,0.1,crossfit_rank_empty_standdown,1.0,4,50,3,1423.243466855958,-0.11001599530201284,-0.11001599530201284,-0.11001599530201284,0.0,5.611259614667031e-05,1.8635804774451968e-05,0.0,0.5,0.0,reference,-2.3684757858670005e-18,1.1102230246251565e-16,nan,nan,nan,,,nan,nan,nan,nan,nan,nan,nan,nan,0.075,0.133,0.8844444444444445,0.49874686716791977,32,44,0.07111111111111111,0.05513784461152882,-0.03462517191027275,-0.03462517191027275,0.0,-0.09634615912853546,-0.09634615912853546,0.0,1.0004866057559567,1.0004866057559567,1.1983363650039038,1.1983363650039038
real_breast_cancer_aligned,box,6000,0.05,2.0,estimated_residual_lowp_supported,ctmle,estimated,xgboost,xgboost,if_residual,1.0,0.0|0.25|0.5|1.0,aipw_variance,-1.0,1.0,obsval,4.0,0.1,30,0.1,crossfit_rank_empty_standdown,1.0,4,50,4,1894.7895147195086,-0.15228857897611675,-0.15228857897611675,-0.15228857897611675,0.0,5.7893249891813455e-05,6.110435547443318e-05,0.0,0.5,0.0,reference,-7.105427357601002e-18,5.551115123125783e-17,nan,nan,nan,,,nan,nan,nan,nan,nan,nan,nan,nan,0.1,0.12883333333333333,0.82,0.6364812419146184,65,37,0.10833333333333334,0.047865459249676584,-0.058310835161774786,-0.058310835161774786,0.0,-0.11311830570541927,-0.11311830570541927,0.0,1.1518418029190796,1.1518418029190796,1.3440569198362426,1.3440569198362426
real_breast_cancer_aligned,box,6000,0.05,2.0,estimated_residual_lowp_supported,ctmle,estimated,xgboost,xgboost,if_residual,1.0,0.0|0.25|0.5|1.0,aipw_variance,-1.0,1.0,obsval,4.0,0.1,30,0.1,crossfit_rank_empty_standdown,1.0,4,50,1,475.9312989357859,-0.12659992276164828,-0.12659992276164828,-0.12659992276164828,0.0,5.685822366184004e-05,-2.581941324280169e-05,0.0,0.5,0.0,reference,6.217248937900877e-18,-1.6653345369377348e-16,nan,nan,nan,,,nan,nan,nan,nan,nan,nan,nan,nan,0.1,0.13016666666666668,0.845,0.649167733674776,56,31,0.09333333333333334,0.03969270166453265,-0.08448461900282127,-0.08448461900282127,0.0,-0.141391064654972,-0.141391064654972,0.0,1.2515735029413717,1.2515735029413717,1.4024217449828908,1.4024217449828908
real_breast_cancer_aligned,box,6000,0.05,2.0,estimated_residual_lowp_supported,ctmle,estimated,xgboost,xgboost,if_residual,1.0,0.0|0.25|0.5|1.0,aipw_variance,-1.0,1.0,obsval,4.0,0.1,30,0.1,crossfit_rank_empty_standdown,1.0,4,50,2,951.5616938695312,-0.09049181297473546,-0.09049181297473546,-0.09049181297473546,0.0,4.9746253902847566e-05,-1.3174480512718177e-05,0.0,0.5,0.0,reference,5.921189464667502e-18,0.0,nan,nan,nan,,,nan,nan,nan,nan,nan,nan,nan,nan,0.1,0.13433333333333333,0.8366666666666667,0.6228287841191067,57,45,0.095,0.05583126550868486,-0.05406180469539343,-0.05406180469539343,0.0,-0.10245279605705955,-0.10245279605705955,0.0,1.0395766070219907,1.0395766070219907,1.1847851078339768,1.1847851078339768
real_breast_cancer_aligned,box,6000,0.05,2.0,estimated_residual_lowp_supported,ctmle,estimated,xgboost,xgboost,if_residual,1.0,0.0|0.25|0.5|1.0,aipw_variance,-1.0,1.0,obsval,4.0,0.1,30,0.1,crossfit_rank_empty_standdown,1.0,4,50,3,1424.0786400688812,-0.10579415660814318,-0.10579415660814318,-0.10579415660814318,0.0,4.960704836570089e-05,-6.152333822480663e-05,0.0,0.5,0.0,reference,-1.3914795241968628e-17,0.0,nan,nan,nan,,,nan,nan,nan,nan,nan,nan,nan,nan,0.1,0.1335,0.8116666666666666,0.6079900124843945,67,48,0.11166666666666666,0.0599250936329588,-0.0516867590186702,-0.0516867590186702,0.0,-0.10675809805363534,-0.10675809805363534,0.0,1.0253064449389782,1.0253064449389782,1.1868873146900185,1.1868873146900185
real_breast_cancer_aligned,box,6000,0.05,2.0,estimated_residual_lowp_supported,ctmle,estimated,xgboost,xgboost,if_residual,1.0,0.0|0.25|0.5|1.0,aipw_variance,-1.0,1.0,obsval,4.0,0.1,30,0.1,crossfit_rank_empty_standdown,1.0,4,50,4,1896.1720970552415,-0.11208083975481786,-0.11208083975481786,-0.11208083975481786,0.0,3.988623086017629e-05,-2.3314092184895867e-05,0.0,0.5,0.0,reference,-7.105427357601002e-18,0.0,nan,nan,nan,,,nan,nan,nan,nan,nan,nan,nan,nan,0.0,0.13183333333333333,nan,0.0,0,36,nan,0.045512010113780026,0.0,0.0,0.0,-0.11298252921821507,-0.11298252921821507,0.0,nan,nan,1.2948210520887697,1.2948210520887697
real_breast_cancer_aligned,box,6000,0.05,2.0,estimated_residual_lowp_supported,ctmle,estimated,xgboost,xgboost,if_residual,1.0,0.0|0.25|0.5|1.0,aipw_variance,-1.0,1.0,obsval,4.0,0.1,30,0.1,crossfit_rank_empty_standdown,1.0,4,50,1,477.05561657622457,-0.0924331685077136,-0.0924331685077136,-0.0924331685077136,0.0,5.863516292543879e-05,-3.7859902261553995e-05,0.0,0.5,0.0,reference,2.3684757858670005e-18,0.0,nan,nan,nan,,,nan,nan,nan,nan,nan,nan,nan,nan,0.1,0.13266666666666665,0.84,0.6331658291457286,55,47,0.09166666666666666,0.059045226130653265,-0.048000249665108644,-0.048000249665108644,0.0,-0.09385728369755787,-0.09385728369755787,0.0,1.014947496439052,1.014947496439052,1.1411035875277975,1.1411035875277975
real_breast_cancer_aligned,box,6000,0.05,2.0,estimated_residual_lowp_supported,ctmle,estimated,xgboost,xgboost,if_residual,1.0,0.0|0.25|0.5|1.0,aipw_variance,-1.0,1.0,obsval,4.0,0.1,30,0.1,crossfit_rank_empty_standdown,1.0,4,50,2,952.27455839701,-0.09560851003616455,-0.09560851003616455,-0.09560851003616455,0.0,4.868846380822801e-05,-4.30436168056815e-06,0.0,0.5,0.0,reference,-1.1842378929335003e-18,0.0,nan,nan,nan,,,nan,nan,nan,nan,nan,nan,nan,nan,0.1,0.136,0.8233333333333334,0.6053921568627451,65,51,0.10833333333333334,0.0625,-0.06738510116489052,-0.06738510116489052,0.0,-0.12626846774448872,-0.12626846774448872,0.0,1.1109584541905033,1.1109584541905033,1.255763340907524,1.255763340907524
real_breast_cancer_aligned,box,6000,0.05,2.0,estimated_residual_lowp_supported,ctmle,estimated,xgboost,xgboost,if_residual,1.0,0.0|0.25|0.5|1.0,aipw_variance,-1.0,1.0,obsval,4.0,0.1,30,0.1,crossfit_rank_empty_standdown,1.0,4,50,3,1423.5584441190585,-0.08680434084064736,-0.08680434084064736,-0.08680434084064736,0.0,4.11396783422831e-05,-2.29350677331905e-05,0.0,0.5,0.0,reference,2.3684757858670005e-18,0.0,nan,nan,nan,,,nan,nan,nan,nan,nan,nan,nan,nan,0.05,0.13283333333333333,0.8833333333333333,0.3324968632371393,32,45,0.10666666666666667,0.056461731493099125,-0.023934849742787406,-0.023934849742787406,0.0,-0.10843081699448688,-0.10843081699448688,0.0,1.0354601390331273,1.0354601390331273,1.2858649994593074,1.2858649994593074
real_breast_cancer_aligned,box,6000,0.05,2.0,estimated_residual_lowp_supported,ctmle,estimated,xgboost,xgboost,if_residual,1.0,0.0|0.25|0.5|1.0,aipw_variance,-1.0,1.0,obsval,4.0,0.1,30,0.1,crossfit_rank_empty_standdown,1.0,4,50,4,1901.13659489993,-0.12603260010649564,-0.12603260010649564,-0.12603260010649564,0.0,4.9926706708925805e-05,-2.82148679978415e-05,0.0,0.5,0.0,reference,3.552713678800501e-18,0.0,nan,nan,nan,,,nan,nan,nan,nan,nan,nan,nan,nan,0.0,0.13216666666666665,nan,0.0,0,47,nan,0.05926860025220681,0.0,0.0,0.0,-0.11649570995484779,-0.11649570995484779,0.0,nan,nan,1.2807488679156251,1.2807488679156251
real_breast_cancer_aligned,box,6000,0.05,2.0,estimated_residual_lowp_supported,ctmle,estimated,xgboost,xgboost,if_residual,1.0,0.0|0.25|0.5|1.0,aipw_variance,-1.0,1.0,obsval,4.0,0.1,30,0.1,crossfit_rank_empty_standdown,1.0,4,50,1,474.0814328165725,-0.14173729049345424,-0.14173729049345424,-0.14173729049345424,0.0,4.530472851956729e-05,-5.139770412809926e-05,0.0,0.5,0.0,reference,-5.921189464667501e-19,0.0,nan,nan,nan,,,nan,nan,nan,nan,nan,nan,nan,nan,0.0,0.13,nan,0.0,0,36,nan,0.046153846153846156,0.0,0.0,0.0,-0.1218167349995648,-0.1218167349995648,0.0,nan,nan,1.3129176081206657,1.3129176081206657
real_breast_cancer_aligned,box,6000,0.05,2.0,estimated_residual_lowp_supported,ctmle,estimated,xgboost,xgboost,if_residual,1.0,0.0|0.25|0.5|1.0,aipw_variance,-1.0,1.0,obsval,4.0,0.1,30,0.1,crossfit_rank_empty_standdown,1.0,4,50,2,948.6766638699919,-0.07209227508160465,-0.07209227508160465,-0.07209227508160465,0.0,6.992442152304636e-05,3.5793703392433276e-05,0.0,0.5,0.0,reference,-1.0658141036401503e-17,0.0,nan,nan,nan,,,nan,nan,nan,nan,nan,nan,nan,nan,0.075,0.13116666666666665,0.88,0.5031766200762389,38,34,0.08444444444444445,0.043202033036848796,-0.02664548383503546,-0.02664548383503546,0.0,-0.09171014015948174,-0.09171014015948174,0.0,1.120632627867893,1.120632627867893,1.3379839623256609,1.3379839623256609
real_breast_cancer_aligned,box,6000,0.05,2.0,estimated_residual_lowp_supported,ctmle,estimated,xgboost,xgboost,if_residual,1.0,0.0|0.25|0.5|1.0,aipw_variance,-1.0,1.0,obsval,4.0,0.1,30,0.1,crossfit_rank_empty_standdown,1.0,4,50,3,1426.3582181511447,-0.11686350821901414,-0.11686350821901414,-0.11686350821901414,0.0,6.638459962185809e-05,3.92088745063921e-05,0.0,0.5,0.0,reference,-1.6579330501069006e-17,-1.1102230246251565e-16,nan,nan,nan,,,nan,nan,nan,nan,nan,nan,nan,nan,0.0,0.13416666666666666,nan,0.0,0,38,nan,0.04720496894409938,0.0,0.0,0.0,-0.12116213784984659,-0.12116213784984659,0.0,nan,nan,1.2694988380779157,1.2694988380779157
real_breast_cancer_aligned,box,6000,0.05,2.0,estimated_residual_lowp_supported,ctmle,estimated,xgboost,xgboost,if_residual,1.0,0.0|0.25|0.5|1.0,aipw_variance,-1.0,1.0,obsval,4.0,0.1,30,0.1,crossfit_rank_empty_standdown,1.0,4,50,4,1896.7523949965835,-0.08257623490636429,-0.08257623490636429,-0.08257623490636429,0.0,7.469647812404379e-05,-5.994429710909886e-05,0.0,0.5,0.0,reference,-9.473903143468002e-18,0.0,nan,nan,nan,,,nan,nan,nan,nan,nan,nan,nan,nan,0.1,0.13183333333333333,0.865,0.6561314791403287,53,31,0.08833333333333333,0.039190897597977246,-0.057148244098420384,-0.057148244098420384,0.0,-0.10524613585156499,-0.10524613585156499,0.0,1.0846895934613487,1.0846895934613487,1.209828051885565,1.209828051885565
real_breast_cancer_aligned,box,6000,0.05,0.0,estimated_residual_lowp_supported,cui_selective_ml,estimated,xgboost,xgboost,if_residual,1.0,0.0|0.25|0.5|1.0,aipw_variance,-1.0,1.0,obsval,4.0,0.1,30,0.1,crossfit_rank_empty_standdown,1.0,4,50,1,610.7384437127039,0.014863697744592452,0.014863697744592452,0.014863697744592452,0.0,0.00010452811070958191,-6.644233424811681e-05,0.0,nan,0.0,reference,nan,nan,nan,nan,nan,random_forest,lasso,0.0017598926841873987,nan,nan,nan,nan,nan,nan,nan,0.1,0.13383333333333333,0.85,0.635118306351183,48,36,0.08,0.0448318804483188,0.004177939868762686,0.004177939868762686,0.0,0.008691560040670223,0.008691560040670223,0.0,0.30233982694684775,0.30233982694684775,0.29405931641019495,0.29405931641019495
real_breast_cancer_aligned,box,6000,0.05,0.0,estimated_residual_lowp_supported,cui_selective_ml,estimated,xgboost,xgboost,if_residual,1.0,0.0|0.25|0.5|1.0,aipw_variance,-1.0,1.0,obsval,4.0,0.1,30,0.1,crossfit_rank_empty_standdown,1.0,4,50,2,1220.3584336740896,0.003716886594119173,0.003716886594119173,0.003716886594119173,0.0,0.0001761947962321713,-8.873772334624225e-05,0.0,nan,0.0,reference,nan,nan,nan,nan,nan,gradient_boosting,lasso,0.029304362187825173,nan,nan,nan,nan,nan,nan,nan,0.075,0.12966666666666668,0.8355555555555556,0.4832904884318766,45,43,0.1,0.055269922879177376,0.0030331449991986194,0.0030331449991986194,0.0,0.012942997695401921,0.012942997695401921,0.0,0.3978786855803811,0.3978786855803811,0.38641835905115557,0.38641835905115557
real_breast_cancer_aligned,box,6000,0.05,0.0,estimated_residual_lowp_supported,cui_selective_ml,estimated,xgboost,xgboost,if_residual,1.0,0.0|0.25|0.5|1.0,aipw_variance,-1.0,1.0,obsval,4.0,0.1,30,0.1,crossfit_rank_empty_standdown,1.0,4,50,3,1829.0732393451035,0.007164911627381421,0.007164911627381421,0.007164911627381421,0.0,8.324348506977275e-05,-0.0001123362084063539,0.0,nan,0.0,reference,nan,nan,nan,nan,nan,gradient_boosting,lasso,0.0005703620720252194,nan,nan,nan,nan,nan,nan,nan,0.0,0.13666666666666666,nan,0.0,0,55,nan,0.06707317073170732,0.0,0.0,0.0,0.004631650112316351,0.004631650112316351,0.0,nan,nan,0.2693729927450231,0.2693729927450231
real_breast_cancer_aligned,box,6000,0.05,0.0,estimated_residual_lowp_supported,cui_selective_ml,estimated,xgboost,xgboost,if_residual,1.0,0.0|0.25|0.5|1.0,aipw_variance,-1.0,1.0,obsval,4.0,0.1,30,0.1,crossfit_rank_empty_standdown,1.0,4,50,4,2438.2905362984166,-0.02170451657730127,-0.02170451657730127,-0.02170451657730127,0.0,9.53997313838952e-05,-0.00014539761160537227,0.0,nan,0.0,reference,nan,nan,nan,nan,nan,gradient_boosting,lasso,0.0006744994302066923,nan,nan,nan,nan,nan,nan,nan,0.0,0.1345,nan,0.0,0,50,nan,0.061957868649318466,0.0,0.0,0.0,0.0006500177925569182,0.0006500177925569182,0.0,nan,nan,0.21519865654447692,0.21519865654447692
real_breast_cancer_aligned,box,6000,0.05,0.0,estimated_residual_lowp_supported,cui_selective_ml,estimated,xgboost,xgboost,if_residual,1.0,0.0|0.25|0.5|1.0,aipw_variance,-1.0,1.0,obsval,4.0,0.1,30,0.1,crossfit_rank_empty_standdown,1.0,4,50,1,617.2151700016111,0.02032225349267991,0.02032225349267991,0.02032225349267991,0.0,9.27479201949554e-05,-6.154401944802378e-05,0.0,nan,0.0,reference,nan,nan,nan,nan,nan,gradient_boosting,gradient_boosting,0.0014369004036468636,nan,nan,nan,nan,nan,nan,nan,0.1,0.1345,0.84,0.6245353159851301,71,49,0.11833333333333333,0.06071871127633209,0.009172530100744281,0.009172530100744281,0.0,0.015608030606127253,0.015608030606127253,0.0,0.5209119050239063,0.5209119050239063,0.514201075064699,0.514201075064699
real_breast_cancer_aligned,box,6000,0.05,0.0,estimated_residual_lowp_supported,cui_selective_ml,estimated,xgboost,xgboost,if_residual,1.0,0.0|0.25|0.5|1.0,aipw_variance,-1.0,1.0,obsval,4.0,0.1,30,0.1,crossfit_rank_empty_standdown,1.0,4,50,2,1227.6829314101487,0.011247012016197822,0.011247012016197822,0.011247012016197822,0.0,0.0002480546214635329,-0.00031214960972282123,0.0,nan,0.0,reference,nan,nan,nan,nan,nan,gradient_boosting,gradient_boosting,0.0022877946440260886,nan,nan,nan,nan,nan,nan,nan,0.0,0.13483333333333333,nan,0.0,0,41,nan,0.05067985166872682,0.0,0.0,0.0,0.008260191552722467,0.008260191552722467,0.0,nan,nan,0.45935923275460433,0.45935923275460433
real_breast_cancer_aligned,box,6000,0.05,0.0,estimated_residual_lowp_supported,cui_selective_ml,estimated,xgboost,xgboost,if_residual,1.0,0.0|0.25|0.5|1.0,aipw_variance,-1.0,1.0,obsval,4.0,0.1,30,0.1,crossfit_rank_empty_standdown,1.0,4,50,3,1824.0964095909148,0.010992406970448676,0.014723710108583088,0.010992406970448676,0.003731303138134412,0.00011271178784516978,-0.00011141056559598904,0.0,nan,0.25,if_residual,nan,nan,nan,nan,nan,gradient_boosting,lasso,0.006070608897455438,nan,nan,nan,nan,nan,nan,nan,0.0,0.13283333333333333,nan,0.0,0,33,nan,0.04140526976160602,0.0,0.0,0.0,0.0022686197623561005,0.002793017956624544,-0.0005243981942684435,nan,nan,0.33698796902805117,0.3434226551517015
real_breast_cancer_aligned,box,6000,0.05,0.0,estimated_residual_lowp_supported,cui_selective_ml,estimated,xgboost,xgboost,if_residual,1.0,0.0|0.25|0.5|1.0,aipw_variance,-1.0,1.0,obsval,4.0,0.1,30,0.1,crossfit_rank_empty_standdown,1.0,4,50,4,2424.259854817763,0.02473140229741516,0.02473140229741516,0.02473140229741516,0.0,9.243550128136178e-05,-2.289416338633948e-05,0.0,nan,0.0,reference,nan,nan,nan,nan,nan,gradient_boosting,lasso,0.00048687703205711465,nan,nan,nan,nan,nan,nan,nan,0.0,0.13033333333333333,nan,0.0,0,41,nan,0.052429667519181586,0.0,0.0,0.0,0.013404928857894991,0.013404928857894991,0.0,nan,nan,0.39349424176867104,0.39349424176867104
real_breast_cancer_aligned,box,6000,0.05,0.0,estimated_residual_lowp_supported,cui_selective_ml,estimated,xgboost,xgboost,if_residual,1.0,0.0|0.25|0.5|1.0,aipw_variance,-1.0,1.0,obsval,4.0,0.1,30,0.1,crossfit_rank_empty_standdown,1.0,4,50,1,611.3035572674125,0.023899807606597157,0.01904730395270615,0.023899807606597157,-0.004852503653891005,0.00010696969063445517,-0.00010698051687638166,0.0,nan,0.25,if_residual,nan,nan,nan,nan,nan,gradient_boosting,lasso,0.02770713300386989,nan,nan,nan,nan,nan,nan,nan,0.0,0.12916666666666668,nan,0.0,0,45,nan,0.05806451612903226,0.0,0.0,0.0,0.007821784717882259,0.00717347292682411,0.000648311791058149,nan,nan,0.3226334020251691,0.36068759233518577
real_breast_cancer_aligned,box,6000,0.05,0.0,estimated_residual_lowp_supported,cui_selective_ml,estimated,xgboost,xgboost,if_residual,1.0,0.0|0.25|0.5|1.0,aipw_variance,-1.0,1.0,obsval,4.0,0.1,30,0.1,crossfit_rank_empty_standdown,1.0,4,50,2,1213.3790109055117,0.01824989058201565,0.01824989058201565,0.01824989058201565,0.0,7.641317381925955e-05,-1.6808806283685643e-05,0.0,nan,0.0,reference,nan,nan,nan,nan,nan,gradient_boosting,random_forest,0.0011511337903331842,nan,nan,nan,nan,nan,nan,nan,0.0,0.12866666666666668,nan,0.0,0,32,nan,0.04145077720207254,0.0,0.0,0.0,0.009137213235787402,0.009137213235787402,0.0,nan,nan,0.5382844768990608,0.5382844768990608
real_breast_cancer_aligned,box,6000,0.05,0.0,estimated_residual_lowp_supported,cui_selective_ml,estimated,xgboost,xgboost,if_residual,1.0,0.0|0.25|0.5|1.0,aipw_variance,-1.0,1.0,obsval,4.0,0.1,30,0.1,crossfit_rank_empty_standdown,1.0,4,50,3,1816.1373424381018,-0.019739218068504816,-0.019739218068504816,-0.019739218068504816,0.0,0.00023030485825937608,-0.00012355774005752204,0.0,nan,0.0,reference,nan,nan,nan,nan,nan,gradient_boosting,lasso,0.007378535199761988,nan,nan,nan,nan,nan,nan,nan,0.0,0.13183333333333333,nan,0.0,0,29,nan,0.03666245259165613,0.0,0.0,0.0,-0.0031468216308213944,-0.0031468216308213944,0.0,nan,nan,0.3247007929507615,0.3247007929507615
real_breast_cancer_aligned,box,6000,0.05,0.0,estimated_residual_lowp_supported,cui_selective_ml,estimated,xgboost,xgboost,if_residual,1.0,0.0|0.25|0.5|1.0,aipw_variance,-1.0,1.0,obsval,4.0,0.1,30,0.1,crossfit_rank_empty_standdown,1.0,4,50,4,2420.544991030358,-0.007273187146063287,-0.007273187146063287,-0.007273187146063287,0.0,8.125456386875052e-05,-5.1712186066194335e-05,0.0,nan,0.0,reference,nan,nan,nan,nan,nan,gradient_boosting,lasso,0.0910609011159338,nan,nan,nan,nan,nan,nan,nan,0.0,0.131,nan,0.0,0,33,nan,0.04198473282442748,0.0,0.0,0.0,0.008535901621163158,0.008535901621163158,0.0,nan,nan,0.3096243552800291,0.3096243552800291
real_breast_cancer_aligned,box,6000,0.05,0.0,estimated_residual_lowp_supported,cui_selective_ml,estimated,xgboost,xgboost,if_residual,1.0,0.0|0.25|0.5|1.0,aipw_variance,-1.0,1.0,obsval,4.0,0.1,30,0.1,crossfit_rank_empty_standdown,1.0,4,50,1,607.0711165880784,0.0007996244797023322,0.0007996244797023322,0.0007996244797023322,0.0,8.831482909969811e-05,-3.509903512426637e-05,0.0,nan,0.0,reference,nan,nan,nan,nan,nan,gradient_boosting,lasso,0.0003663023063834892,nan,nan,nan,nan,nan,nan,nan,0.1,0.12916666666666668,0.855,0.6619354838709678,55,33,0.09166666666666666,0.04258064516129032,0.0006800925022648403,0.0006800925022648403,0.0,0.0010359650859019139,0.0010359650859019139,0.0,0.2407198488601229,0.2407198488601229,0.23738080540793186,0.23738080540793186
real_breast_cancer_aligned,box,6000,0.05,0.0,estimated_residual_lowp_supported,cui_selective_ml,estimated,xgboost,xgboost,if_residual,1.0,0.0|0.25|0.5|1.0,aipw_variance,-1.0,1.0,obsval,4.0,0.1,30,0.1,crossfit_rank_empty_standdown,1.0,4,50,2,1213.4078733641654,0.06218264895349368,0.06218264895349368,0.06218264895349368,0.0,0.00015337630691136393,-5.074564281968598e-05,0.0,nan,0.0,reference,nan,nan,nan,nan,nan,gradient_boosting,random_forest,0.0023569016428398207,nan,nan,nan,nan,nan,nan,nan,0.1,0.1275,0.815,0.6392156862745098,54,32,0.09,0.04183006535947712,0.005529320021091045,0.005529320021091045,0.0,0.02126699863786863,0.02126699863786863,0.0,0.6683960674564473,0.6683960674564473,0.6525297631489736,0.6525297631489736
real_breast_cancer_aligned,box,6000,0.05,0.0,estimated_residual_lowp_supported,cui_selective_ml,estimated,xgboost,xgboost,if_residual,1.0,0.0|0.25|0.5|1.0,aipw_variance,-1.0,1.0,obsval,4.0,0.1,30,0.1,crossfit_rank_empty_standdown,1.0,4,50,3,1810.9140630839393,0.006171058845826305,0.006171058845826305,0.006171058845826305,0.0,0.0002071005001656192,-0.00011788254710804141,0.0,nan,0.0,reference,nan,nan,nan,nan,nan,gradient_boosting,lasso,0.008358205356173896,nan,nan,nan,nan,nan,nan,nan,0.1,0.13183333333333333,0.845,0.640960809102402,58,47,0.09666666666666666,0.05941845764854614,0.0036835395741382257,0.0036835395741382257,0.0,0.00770228012583227,0.00770228012583227,0.0,0.3065525773209424,0.3065525773209424,0.2970266136328484,0.2970266136328484
real_breast_cancer_aligned,box,6000,0.05,0.0,estimated_residual_lowp_supported,cui_selective_ml,estimated,xgboost,xgboost,if_residual,1.0,0.0|0.25|0.5|1.0,aipw_variance,-1.0,1.0,obsval,4.0,0.1,30,0.1,crossfit_rank_empty_standdown,1.0,4,50,4,2431.294518825598,-0.03501032654067357,-0.03501032654067357,-0.03501032654067357,0.0,0.00010058167620347362,-9.63717027441497e-05,0.0,nan,0.0,reference,nan,nan,nan,nan,nan,gradient_boosting,lasso,0.03704272921547743,nan,nan,nan,nan,nan,nan,nan,0.075,0.12983333333333333,0.8066666666666666,0.46598202824133506,61,50,0.13555555555555557,0.06418485237483953,0.00011372182013913509,0.00011372182013913509,0.0,-0.0012825408858853449,-0.0012825408858853449,0.0,0.2684803361332828,0.2684803361332828,0.2548066840221694,0.2548066840221694
real_breast_cancer_aligned,box,6000,0.05,0.0,estimated_residual_lowp_supported,cui_selective_ml,estimated,xgboost,xgboost,if_residual,1.0,0.0|0.25|0.5|1.0,aipw_variance,-1.0,1.0,obsval,4.0,0.1,30,0.1,crossfit_rank_empty_standdown,1.0,4,50,1,609.5609299978241,0.041867441988082066,0.041867441988082066,0.041867441988082066,0.0,0.0002106731786740353,-0.0001863890331579825,0.0,nan,0.0,reference,nan,nan,nan,nan,nan,gradient_boosting,lasso,0.02672264179215958,nan,nan,nan,nan,nan,nan,nan,0.0,0.13233333333333333,nan,0.0,0,57,nan,0.07178841309823678,0.0,0.0,0.0,0.010069083897943016,0.010069083897943016,0.0,nan,nan,0.2896309676539751,0.2896309676539751
real_breast_cancer_aligned,box,6000,0.05,0.0,estimated_residual_lowp_supported,cui_selective_ml,estimated,xgboost,xgboost,if_residual,1.0,0.0|0.25|0.5|1.0,aipw_variance,-1.0,1.0,obsval,4.0,0.1,30,0.1,crossfit_rank_empty_standdown,1.0,4,50,2,1218.1886420277879,0.053155793882550983,0.04900667280908183,0.053155793882550983,-0.004149121073469153,5.108003607826798e-05,-5.6998599186054884e-05,0.0,nan,0.5,if_residual,nan,nan,nan,nan,nan,gradient_boosting,lasso,0.025787156551833317,nan,nan,nan,nan,nan,nan,nan,0.075,0.1315,0.86,0.49049429657794674,45,34,0.1,0.043092522179974654,0.0029622327586529586,0.0022342785077251077,0.0007279542509278508,0.011659830360060186,0.009049821235045878,0.002610009125014308,0.4422426698247428,0.46234017762586216,0.3935330585864228,0.4359505166639847
real_breast_cancer_aligned,box,6000,0.05,0.0,estimated_residual_lowp_supported,cui_selective_ml,estimated,xgboost,xgboost,if_residual,1.0,0.0|0.25|0.5|1.0,aipw_variance,-1.0,1.0,obsval,4.0,0.1,30,0.1,crossfit_rank_empty_standdown,1.0,4,50,3,1824.7227360736579,-0.0064886127973196595,-0.0064886127973196595,-0.0064886127973196595,0.0,0.00014238849564618687,-0.00022561464177906366,0.0,nan,0.0,reference,nan,nan,nan,nan,nan,gradient_boosting,lasso,0.0006914021276205747,nan,nan,nan,nan,nan,nan,nan,0.0,0.1315,nan,0.0,0,42,nan,0.053231939163498096,0.0,0.0,0.0,0.005839569094876604,0.005839569094876604,0.0,nan,nan,0.26590033539703967,0.26590033539703967
real_breast_cancer_aligned,box,6000,0.05,0.0,estimated_residual_lowp_supported,cui_selective_ml,estimated,xgboost,xgboost,if_residual,1.0,0.0|0.25|0.5|1.0,aipw_variance,-1.0,1.0,obsval,4.0,0.1,30,0.1,crossfit_rank_empty_standdown,1.0,4,50,4,2427.002963899635,0.060143284257388074,0.060143284257388074,0.060143284257388074,0.0,0.0001390384815244312,-0.00014970877237295522,0.0,nan,0.0,reference,nan,nan,nan,nan,nan,gradient_boosting,gradient_boosting,0.000270568695183339,nan,nan,nan,nan,nan,nan,nan,0.05,0.12216666666666667,0.7866666666666666,0.3219645293315143,34,44,0.11333333333333333,0.06002728512960437,0.0015675244905037236,0.0015675244905037236,0.0,0.006556882798819277,0.006556882798819277,0.0,0.4640584400430356,0.4640584400430356,0.5124762907662871,0.5124762907662871
real_breast_cancer_aligned,box,6000,0.05,0.0,estimated_residual_lowp_supported,cui_selective_ml,estimated,xgboost,xgboost,if_residual,1.0,0.0|0.25|0.5|1.0,aipw_variance,-1.0,1.0,obsval,4.0,0.1,30,0.1,crossfit_rank_empty_standdown,1.0,4,50,1,601.0823323838413,0.01348511147903364,0.01348511147903364,0.01348511147903364,0.0,0.00017171512812708405,-0.0002244904783637922,0.0,nan,0.0,reference,nan,nan,nan,nan,nan,logistic_l1,lasso,0.0005697507039035746,nan,nan,nan,nan,nan,nan,nan,0.0,0.13366666666666666,nan,0.0,0,43,nan,0.05361596009975062,0.0,0.0,0.0,-0.04442918742520619,-0.04442918742520619,0.0,nan,nan,0.34826064108057514,0.34826064108057514
real_breast_cancer_aligned,box,6000,0.05,0.0,estimated_residual_lowp_supported,cui_selective_ml,estimated,xgboost,xgboost,if_residual,1.0,0.0|0.25|0.5|1.0,aipw_variance,-1.0,1.0,obsval,4.0,0.1,30,0.1,crossfit_rank_empty_standdown,1.0,4,50,2,1201.5532949538901,0.04132449337228772,0.04132449337228772,0.04132449337228772,0.0,0.0001985787833468707,-0.00013762250825166136,0.0,nan,0.0,reference,nan,nan,nan,nan,nan,gradient_boosting,lasso,0.002936547413348238,nan,nan,nan,nan,nan,nan,nan,0.0,0.13133333333333333,nan,0.0,0,37,nan,0.046954314720812185,0.0,0.0,0.0,0.004955602469813139,0.004955602469813139,0.0,nan,nan,0.25203495019840555,0.25203495019840555
real_breast_cancer_aligned,box,6000,0.05,0.0,estimated_residual_lowp_supported,cui_selective_ml,estimated,xgboost,xgboost,if_residual,1.0,0.0|0.25|0.5|1.0,aipw_variance,-1.0,1.0,obsval,4.0,0.1,30,0.1,crossfit_rank_empty_standdown,1.0,4,50,3,1800.6511749383062,0.036084753501916145,0.036084753501916145,0.036084753501916145,0.0,0.00016548617390964326,-0.00013559267285807798,0.0,nan,0.0,reference,nan,nan,nan,nan,nan,gradient_boosting,lasso,0.0012486991545007178,nan,nan,nan,nan,nan,nan,nan,0.0,0.13283333333333333,nan,0.0,0,36,nan,0.0451693851944793,0.0,0.0,0.0,-0.00288783459729866,-0.00288783459729866,0.0,nan,nan,0.3354526505390633,0.3354526505390633
real_breast_cancer_aligned,box,6000,0.05,0.0,estimated_residual_lowp_supported,cui_selective_ml,estimated,xgboost,xgboost,if_residual,1.0,0.0|0.25|0.5|1.0,aipw_variance,-1.0,1.0,obsval,4.0,0.1,30,0.1,crossfit_rank_empty_standdown,1.0,4,50,4,2410.477869448252,0.03241379269499284,0.03241379269499284,0.03241379269499284,0.0,9.264551193441416e-05,-7.881819628095739e-05,0.0,nan,0.0,reference,nan,nan,nan,nan,nan,gradient_boosting,lasso,0.004083266797534446,nan,nan,nan,nan,nan,nan,nan,0.0,0.131,nan,0.0,0,49,nan,0.062340966921119595,0.0,0.0,0.0,0.011964119006166491,0.011964119006166491,0.0,nan,nan,0.30501132334067993,0.30501132334067993
real_breast_cancer_aligned,box,6000,0.05,0.0,estimated_residual_lowp_supported,cui_selective_ml,estimated,xgboost,xgboost,if_residual,1.0,0.0|0.25|0.5|1.0,aipw_variance,-1.0,1.0,obsval,4.0,0.1,30,0.1,crossfit_rank_empty_standdown,1.0,4,50,1,599.9137282921001,0.013017093242017497,0.013017093242017497,0.013017093242017497,0.0,0.00011881551156968113,-9.374712114217868e-05,0.0,nan,0.0,reference,nan,nan,nan,nan,nan,gradient_boosting,lasso,0.0021133833958050193,nan,nan,nan,nan,nan,nan,nan,0.05,0.13116666666666665,0.7566666666666667,0.2884371029224905,40,30,0.13333333333333333,0.03811944091486658,1.5554368603856173e-06,1.5554368603856173e-06,0.0,0.0020565886722683033,0.0020565886722683033,0.0,0.224859460161637,0.224859460161637,0.2793910826142375,0.2793910826142375
real_breast_cancer_aligned,box,6000,0.05,0.0,estimated_residual_lowp_supported,cui_selective_ml,estimated,xgboost,xgboost,if_residual,1.0,0.0|0.25|0.5|1.0,aipw_variance,-1.0,1.0,obsval,4.0,0.1,30,0.1,crossfit_rank_empty_standdown,1.0,4,50,2,1203.5683709159493,-0.02693696436106474,-0.02693696436106474,-0.02693696436106474,0.0,0.0001533334287579229,-0.00010077433844387891,0.0,nan,0.0,reference,nan,nan,nan,nan,nan,gradient_boosting,lasso,0.04303361611674983,nan,nan,nan,nan,nan,nan,nan,0.075,0.12466666666666666,0.88,0.5294117647058824,40,29,0.08888888888888889,0.03877005347593583,0.0015298409431773407,0.0015298409431773407,0.0,0.003923174086727901,0.003923174086727901,0.0,0.2727351556348257,0.2727351556348257,0.2671970702457573,0.2671970702457573
real_breast_cancer_aligned,box,6000,0.05,0.0,estimated_residual_lowp_supported,cui_selective_ml,estimated,xgboost,xgboost,if_residual,1.0,0.0|0.25|0.5|1.0,aipw_variance,-1.0,1.0,obsval,4.0,0.1,30,0.1,crossfit_rank_empty_standdown,1.0,4,50,3,1805.3852947754785,0.01390554127409871,0.018247198815164734,0.01390554127409871,0.004341657541066024,0.00011842985587186099,-0.00012147217147410962,0.0,nan,0.25,if_residual,nan,nan,nan,nan,nan,random_forest,lasso,0.011322110412968803,nan,nan,nan,nan,nan,nan,nan,0.0,0.1355,nan,0.0,0,42,nan,0.05166051660516605,0.0,0.0,0.0,0.01000858437500116,0.010116025643649613,-0.00010744126864845396,nan,nan,0.29690495789526755,0.31642659520552074
real_breast_cancer_aligned,box,6000,0.05,0.0,estimated_residual_lowp_supported,cui_selective_ml,estimated,xgboost,xgboost,if_residual,1.0,0.0|0.25|0.5|1.0,aipw_variance,-1.0,1.0,obsval,4.0,0.1,30,0.1,crossfit_rank_empty_standdown,1.0,4,50,4,2415.452579605393,0.04879686213936457,0.04879686213936457,0.04879686213936457,0.0,9.335014355283137e-05,-6.76108397089654e-05,0.0,nan,0.0,reference,nan,nan,nan,nan,nan,gradient_boosting,lasso,0.3103396287716507,nan,nan,nan,nan,nan,nan,nan,0.0,0.12966666666666668,nan,0.0,0,32,nan,0.04113110539845758,0.0,0.0,0.0,0.009142979577991393,0.009142979577991393,0.0,nan,nan,0.3696119091528026,0.3696119091528026
real_breast_cancer_aligned,box,6000,0.05,0.0,estimated_residual_lowp_supported,cui_selective_ml,estimated,xgboost,xgboost,if_residual,1.0,0.0|0.25|0.5|1.0,aipw_variance,-1.0,1.0,obsval,4.0,0.1,30,0.1,crossfit_rank_empty_standdown,1.0,4,50,1,607.7965454850346,-0.007115220859309934,-0.007115220859309934,-0.007115220859309934,0.0,0.00011312434188200148,-7.927315328095741e-05,0.0,nan,0.0,reference,nan,nan,nan,nan,nan,gradient_boosting,lasso,0.001596225370761953,nan,nan,nan,nan,nan,nan,nan,0.0,0.13383333333333333,nan,0.0,0,35,nan,0.043586550435865505,0.0,0.0,0.0,0.007882326437078544,0.007882326437078544,0.0,nan,nan,0.2791111337244162,0.2791111337244162
real_breast_cancer_aligned,box,6000,0.05,0.0,estimated_residual_lowp_supported,cui_selective_ml,estimated,xgboost,xgboost,if_residual,1.0,0.0|0.25|0.5|1.0,aipw_variance,-1.0,1.0,obsval,4.0,0.1,30,0.1,crossfit_rank_empty_standdown,1.0,4,50,2,1210.648466847837,-0.001175310119134798,-0.006342678165964122,-0.001175310119134798,-0.005167368046829324,8.940523453780528e-05,1.0264485269712877e-05,0.0,nan,0.25,if_residual,nan,nan,nan,nan,nan,gradient_boosting,lasso,0.00102949844485878,nan,nan,nan,nan,nan,nan,nan,0.075,0.1375,0.8688888888888889,0.47393939393939394,44,48,0.09777777777777778,0.05818181818181818,0.0012511481681532664,0.0015748173394393402,-0.0003236691712860738,0.0034065077727177383,0.001607572794306453,0.0017989349784112854,0.27191562474009257,0.28871649354887485,0.25484971392149425,0.2743609916753826
real_breast_cancer_aligned,box,6000,0.05,0.0,estimated_residual_lowp_supported,cui_selective_ml,estimated,xgboost,xgboost,if_residual,1.0,0.0|0.25|0.5|1.0,aipw_variance,-1.0,1.0,obsval,4.0,0.1,30,0.1,crossfit_rank_empty_standdown,1.0,4,50,3,1844.5680572474375,0.03692742473816779,0.03692742473816779,0.03692742473816779,0.0,7.155093574078822e-05,-2.1419499588257163e-05,0.0,nan,0.0,reference,nan,nan,nan,nan,nan,random_forest,lasso,0.03889007457530936,nan,nan,nan,nan,nan,nan,nan,0.1,0.12666666666666668,0.84,0.6631578947368421,58,32,0.09666666666666666,0.042105263157894736,0.01014601033376592,0.01014601033376592,0.0,0.016560756386838085,0.016560756386838085,0.0,0.40830313891959313,0.40830313891959313,0.3973902353057331,0.3973902353057331
real_breast_cancer_aligned,box,6000,0.05,0.0,estimated_residual_lowp_supported,cui_selective_ml,estimated,xgboost,xgboost,if_residual,1.0,0.0|0.25|0.5|1.0,aipw_variance,-1.0,1.0,obsval,4.0,0.1,30,0.1,crossfit_rank_empty_standdown,1.0,4,50,4,2452.8570803580806,0.006914017382445625,0.006914017382445625,0.006914017382445625,0.0,0.000204681889539879,-5.454857654102214e-05,0.0,nan,0.0,reference,nan,nan,nan,nan,nan,gradient_boosting,lasso,0.32102592979480976,nan,nan,nan,nan,nan,nan,nan,0.0,0.134,nan,0.0,0,30,nan,0.03731343283582089,0.0,0.0,0.0,0.003342541478876484,0.003342541478876484,0.0,nan,nan,0.28303030792370937,0.28303030792370937
real_breast_cancer_aligned,box,6000,0.05,0.0,estimated_residual_lowp_supported,cui_selective_ml,estimated,xgboost,xgboost,if_residual,1.0,0.0|0.25|0.5|1.0,aipw_variance,-1.0,1.0,obsval,4.0,0.1,30,0.1,crossfit_rank_empty_standdown,1.0,4,50,1,603.8445875160396,-0.016647730634384128,-0.016647730634384128,-0.016647730634384128,0.0,0.00021692585296329318,-0.00014546695968981196,0.0,nan,0.0,reference,nan,nan,nan,nan,nan,gradient_boosting,lasso,0.13257443506121158,nan,nan,nan,nan,nan,nan,nan,0.0,0.13083333333333333,nan,0.0,0,39,nan,0.049681528662420385,0.0,0.0,0.0,0.005094246469125936,0.005094246469125936,0.0,nan,nan,0.28209058018020217,0.28209058018020217
real_breast_cancer_aligned,box,6000,0.05,0.0,estimated_residual_lowp_supported,cui_selective_ml,estimated,xgboost,xgboost,if_residual,1.0,0.0|0.25|0.5|1.0,aipw_variance,-1.0,1.0,obsval,4.0,0.1,30,0.1,crossfit_rank_empty_standdown,1.0,4,50,2,1211.030046530068,0.006141664114341638,0.006141664114341638,0.006141664114341638,0.0,8.777878739260354e-05,-9.234165829718132e-05,0.0,nan,0.0,reference,nan,nan,nan,nan,nan,gradient_boosting,lasso,0.002570228846014349,nan,nan,nan,nan,nan,nan,nan,0.1,0.13433333333333333,0.8216666666666667,0.6116625310173698,72,46,0.12,0.05707196029776675,0.004880671305148378,0.004880671305148378,0.0,0.01232958658236461,0.01232958658236461,0.0,0.3199931851846382,0.3199931851846382,0.3086538400949419,0.3086538400949419
real_breast_cancer_aligned,box,6000,0.05,0.0,estimated_residual_lowp_supported,cui_selective_ml,estimated,xgboost,xgboost,if_residual,1.0,0.0|0.25|0.5|1.0,aipw_variance,-1.0,1.0,obsval,4.0,0.1,30,0.1,crossfit_rank_empty_standdown,1.0,4,50,3,1821.7441046461463,-0.0020765121580419987,-0.0020765121580419987,-0.0020765121580419987,0.0,9.485379879398169e-05,-3.588663377096014e-05,0.0,nan,0.0,reference,nan,nan,nan,nan,nan,gradient_boosting,lasso,0.051050593371772555,nan,nan,nan,nan,nan,nan,nan,0.0,0.12933333333333333,nan,0.0,0,41,nan,0.05283505154639175,0.0,0.0,0.0,0.002673777125885035,0.002673777125885035,0.0,nan,nan,0.23987773099941267,0.23987773099941267
real_breast_cancer_aligned,box,6000,0.05,0.0,estimated_residual_lowp_supported,cui_selective_ml,estimated,xgboost,xgboost,if_residual,1.0,0.0|0.25|0.5|1.0,aipw_variance,-1.0,1.0,obsval,4.0,0.1,30,0.1,crossfit_rank_empty_standdown,1.0,4,50,4,2426.506003716029,0.0544175131897357,0.0544175131897357,0.0544175131897357,0.0,9.463550125246296e-05,-7.677419519249394e-05,0.0,nan,0.0,reference,nan,nan,nan,nan,nan,gradient_boosting,lasso,0.07876840469037183,nan,nan,nan,nan,nan,nan,nan,0.1,0.13683333333333333,0.8616666666666667,0.6297198538367844,53,38,0.08833333333333333,0.04628501827040195,0.0003372098361394187,0.0003372098361394187,0.0,0.007220884717981616,0.007220884717981616,0.0,0.3563240675704157,0.3563240675704157,0.3375866636023653,0.3375866636023653
real_breast_cancer_aligned,box,6000,0.05,0.0,estimated_residual_lowp_supported,cui_selective_ml,estimated,xgboost,xgboost,if_residual,1.0,0.0|0.25|0.5|1.0,aipw_variance,-1.0,1.0,obsval,4.0,0.1,30,0.1,crossfit_rank_empty_standdown,1.0,4,50,1,608.7662537666038,0.012439455895581208,0.012439455895581208,0.012439455895581208,0.0,0.0001207575674482044,-9.456770862594838e-05,0.0,nan,0.0,reference,nan,nan,nan,nan,nan,gradient_boosting,lasso,0.01089150508058946,nan,nan,nan,nan,nan,nan,nan,0.1,0.13533333333333333,0.8516666666666667,0.6293103448275862,56,43,0.09333333333333334,0.05295566502463054,0.0018786939247768452,0.0018786939247768452,0.0,0.0039768542993234325,0.0039768542993234325,0.0,0.3104318851095835,0.3104318851095835,0.3094073920624137,0.3094073920624137
real_breast_cancer_aligned,box,6000,0.05,0.0,estimated_residual_lowp_supported,cui_selective_ml,estimated,xgboost,xgboost,if_residual,1.0,0.0|0.25|0.5|1.0,aipw_variance,-1.0,1.0,obsval,4.0,0.1,30,0.1,crossfit_rank_empty_standdown,1.0,4,50,2,1212.8065148303285,0.008780874241621384,0.008780874241621384,0.008780874241621384,0.0,0.0002722880644998023,-0.0003512172590549482,0.0,nan,0.0,reference,nan,nan,nan,nan,nan,gradient_boosting,lasso,0.026701558745186742,nan,nan,nan,nan,nan,nan,nan,0.0,0.13033333333333333,nan,0.0,0,35,nan,0.04475703324808184,0.0,0.0,0.0,0.004844567647082,0.004844567647082,0.0,nan,nan,0.27757139732307723,0.27757139732307723
real_breast_cancer_aligned,box,6000,0.05,0.0,estimated_residual_lowp_supported,cui_selective_ml,estimated,xgboost,xgboost,if_residual,1.0,0.0|0.25|0.5|1.0,aipw_variance,-1.0,1.0,obsval,4.0,0.1,30,0.1,crossfit_rank_empty_standdown,1.0,4,50,3,1818.7151035265997,-0.018776801188340186,-0.018776801188340186,-0.018776801188340186,0.0,0.0001720160223892119,-0.00016701274540162792,0.0,nan,0.0,reference,nan,nan,nan,nan,nan,gradient_boosting,lasso,0.01612456001602195,nan,nan,nan,nan,nan,nan,nan,0.1,0.1305,0.8016666666666666,0.6143039591315453,62,33,0.10333333333333333,0.0421455938697318,0.0020060637492713335,0.0020060637492713335,0.0,0.0031672424726486314,0.0031672424726486314,0.0,0.2406914097672826,0.2406914097672826,0.24419424990694077,0.24419424990694077
real_breast_cancer_aligned,box,6000,0.05,0.0,estimated_residual_lowp_supported,cui_selective_ml,estimated,xgboost,xgboost,if_residual,1.0,0.0|0.25|0.5|1.0,aipw_variance,-1.0,1.0,obsval,4.0,0.1,30,0.1,crossfit_rank_empty_standdown,1.0,4,50,4,2416.283139105886,0.009405792944125524,0.009405792944125524,0.009405792944125524,0.0,0.0004118420962096498,-0.0003477726111197531,0.0,nan,0.0,reference,nan,nan,nan,nan,nan,gradient_boosting,lasso,0.006402170508483977,nan,nan,nan,nan,nan,nan,nan,0.0,0.13233333333333333,nan,0.0,0,30,nan,0.037783375314861464,0.0,0.0,0.0,0.00457390412680221,0.00457390412680221,0.0,nan,nan,0.2702072636204021,0.2702072636204021
real_breast_cancer_aligned,box,6000,0.05,0.0,estimated_residual_lowp_supported,cui_selective_ml,estimated,xgboost,xgboost,if_residual,1.0,0.0|0.25|0.5|1.0,aipw_variance,-1.0,1.0,obsval,4.0,0.1,30,0.1,crossfit_rank_empty_standdown,1.0,4,50,1,610.9130965610966,0.021604435764091823,0.021604435764091823,0.021604435764091823,0.0,9.719972971225738e-05,-0.00012746839549851956,0.0,nan,0.0,reference,nan,nan,nan,nan,nan,gradient_boosting,lasso,0.016930369650516405,nan,nan,nan,nan,nan,nan,nan,0.0,0.132,nan,0.0,0,47,nan,0.059343434343434344,0.0,0.0,0.0,0.009372179253167325,0.009372179253167325,0.0,nan,nan,0.26968489970111986,0.26968489970111986
real_breast_cancer_aligned,box,6000,0.05,0.0,estimated_residual_lowp_supported,cui_selective_ml,estimated,xgboost,xgboost,if_residual,1.0,0.0|0.25|0.5|1.0,aipw_variance,-1.0,1.0,obsval,4.0,0.1,30,0.1,crossfit_rank_empty_standdown,1.0,4,50,2,1214.6501418398693,0.004638073357637218,0.004638073357637218,0.004638073357637218,0.0,5.9839547112020735e-05,-7.178519881691095e-05,0.0,nan,0.0,reference,nan,nan,nan,nan,nan,gradient_boosting,lasso,0.004538753433644367,nan,nan,nan,nan,nan,nan,nan,0.0,0.13383333333333333,nan,0.0,0,39,nan,0.048567870485678705,0.0,0.0,0.0,0.002781888208801094,0.002781888208801094,0.0,nan,nan,0.26976903101944727,0.26976903101944727
real_breast_cancer_aligned,box,6000,0.05,0.0,estimated_residual_lowp_supported,cui_selective_ml,estimated,xgboost,xgboost,if_residual,1.0,0.0|0.25|0.5|1.0,aipw_variance,-1.0,1.0,obsval,4.0,0.1,30,0.1,crossfit_rank_empty_standdown,1.0,4,50,3,1829.2912137107924,0.010559333097854617,0.010559333097854617,0.010559333097854617,0.0,5.765628952405361e-05,-2.059653290663782e-05,0.0,nan,0.0,reference,nan,nan,nan,nan,nan,random_forest,lasso,0.0016624516155189404,nan,nan,nan,nan,nan,nan,nan,0.05,0.12733333333333333,0.8,0.31413612565445026,34,48,0.11333333333333333,0.06282722513089005,0.004509184411016192,0.004509184411016192,0.0,0.015300520567561055,0.015300520567561055,0.0,0.3683148966663676,0.3683148966663676,0.33786917715716036,0.33786917715716036
real_breast_cancer_aligned,box,6000,0.05,0.0,estimated_residual_lowp_supported,cui_selective_ml,estimated,xgboost,xgboost,if_residual,1.0,0.0|0.25|0.5|1.0,aipw_variance,-1.0,1.0,obsval,4.0,0.1,30,0.1,crossfit_rank_empty_standdown,1.0,4,50,4,2435.879658426158,0.008291877587958074,0.012980148577953099,0.008291877587958074,0.004688270989995025,9.467849933731559e-05,-9.290445032438254e-05,0.0,nan,0.25,if_residual,nan,nan,nan,nan,nan,gradient_boosting,lasso,0.02611766059823312,nan,nan,nan,nan,nan,nan,nan,0.0,0.1275,nan,0.0,0,31,nan,0.040522875816993466,0.0,0.0,0.0,0.004923642931748968,0.005983699998278888,-0.0010600570665299201,nan,nan,0.265208232219619,0.31562504627845395
real_breast_cancer_aligned,box,6000,0.05,0.0,estimated_residual_lowp_supported,cui_selective_ml,estimated,xgboost,xgboost,if_residual,1.0,0.0|0.25|0.5|1.0,aipw_variance,-1.0,1.0,obsval,4.0,0.1,30,0.1,crossfit_rank_empty_standdown,1.0,4,50,1,605.5703575378284,0.03129366045552345,0.025687205146046,0.03129366045552345,-0.005606455309477454,0.0001506786510515677,-0.0001234987148855495,0.0,nan,0.5,if_residual,nan,nan,nan,nan,nan,gradient_boosting,lasso,0.01272274656346913,nan,nan,nan,nan,nan,nan,nan,0.0,0.128,nan,0.0,0,39,nan,0.05078125,0.0,0.0,0.0,0.0026930182258839454,2.9696353505116975e-05,0.002663321872378828,nan,nan,0.23165210663493202,0.3501998389144064
real_breast_cancer_aligned,box,6000,0.05,0.0,estimated_residual_lowp_supported,cui_selective_ml,estimated,xgboost,xgboost,if_residual,1.0,0.0|0.25|0.5|1.0,aipw_variance,-1.0,1.0,obsval,4.0,0.1,30,0.1,crossfit_rank_empty_standdown,1.0,4,50,2,1209.4000189742073,0.02304171477681205,0.02304171477681205,0.02304171477681205,0.0,0.00015914031300686055,-0.0002352381511965515,0.0,nan,0.0,reference,nan,nan,nan,nan,nan,gradient_boosting,lasso,0.019987290822097197,nan,nan,nan,nan,nan,nan,nan,0.0,0.12833333333333333,nan,0.0,0,35,nan,0.045454545454545456,0.0,0.0,0.0,0.012863223127298288,0.012863223127298288,0.0,nan,nan,0.4104712697677211,0.4104712697677211
real_breast_cancer_aligned,box,6000,0.05,0.0,estimated_residual_lowp_supported,cui_selective_ml,estimated,xgboost,xgboost,if_residual,1.0,0.0|0.25|0.5|1.0,aipw_variance,-1.0,1.0,obsval,4.0,0.1,30,0.1,crossfit_rank_empty_standdown,1.0,4,50,3,1820.5037653064355,0.007785404104300453,0.0126083106511653,0.007785404104300453,0.004822906546864847,0.00013503885558697267,-5.0767749932603494e-05,0.0,nan,0.25,if_residual,nan,nan,nan,nan,nan,gradient_boosting,random_forest,0.010737230842159159,nan,nan,nan,nan,nan,nan,nan,0.0,0.13483333333333333,nan,0.0,0,44,nan,0.054388133498145856,0.0,0.0,0.0,0.016307139209714685,0.013829444124159788,0.0024776950855548967,nan,nan,0.5101424412604881,0.48453048577693947
real_breast_cancer_aligned,box,6000,0.05,0.0,estimated_residual_lowp_supported,cui_selective_ml,estimated,xgboost,xgboost,if_residual,1.0,0.0|0.25|0.5|1.0,aipw_variance,-1.0,1.0,obsval,4.0,0.1,30,0.1,crossfit_rank_empty_standdown,1.0,4,50,4,2428.886591489427,0.010750805189863488,0.010750805189863488,0.010750805189863488,0.0,0.00015572659821140025,-0.00011256824312334823,0.0,nan,0.0,reference,nan,nan,nan,nan,nan,gradient_boosting,lasso,0.03238568221473966,nan,nan,nan,nan,nan,nan,nan,0.1,0.13383333333333333,0.84,0.6276463262764632,54,39,0.09,0.048567870485678705,0.0020796651820679346,0.0020796651820679346,0.0,0.005190828044070873,0.005190828044070873,0.0,0.2558025920194379,0.2558025920194379,0.2543648138419375,0.2543648138419375
real_breast_cancer_aligned,box,6000,0.05,0.0,estimated_residual_lowp_supported,cui_selective_ml,estimated,xgboost,xgboost,if_residual,1.0,0.0|0.25|0.5|1.0,aipw_variance,-1.0,1.0,obsval,4.0,0.1,30,0.1,crossfit_rank_empty_standdown,1.0,4,50,1,614.849515366368,0.04771839882112411,0.04771839882112411,0.04771839882112411,0.0,8.24834508875048e-05,-0.00010750354899690079,0.0,nan,0.0,reference,nan,nan,nan,nan,nan,gradient_boosting,lasso,0.009938119164767672,nan,nan,nan,nan,nan,nan,nan,0.0,0.1345,nan,0.0,0,38,nan,0.04708798017348203,0.0,0.0,0.0,0.008867300214602797,0.008867300214602797,0.0,nan,nan,0.2837494696960497,0.2837494696960497
real_breast_cancer_aligned,box,6000,0.05,0.0,estimated_residual_lowp_supported,cui_selective_ml,estimated,xgboost,xgboost,if_residual,1.0,0.0|0.25|0.5|1.0,aipw_variance,-1.0,1.0,obsval,4.0,0.1,30,0.1,crossfit_rank_empty_standdown,1.0,4,50,2,1233.0561578534544,-0.01192564198439322,-0.01192564198439322,-0.01192564198439322,0.0,0.00013188362992486873,-9.270045666886118e-05,0.0,nan,0.0,reference,nan,nan,nan,nan,nan,gradient_boosting,lasso,0.01292253823525707,nan,nan,nan,nan,nan,nan,nan,0.0,0.13133333333333333,nan,0.0,0,42,nan,0.0532994923857868,0.0,0.0,0.0,0.004525382080677357,0.004525382080677357,0.0,nan,nan,0.31116547244116477,0.31116547244116477
real_breast_cancer_aligned,box,6000,0.05,0.0,estimated_residual_lowp_supported,cui_selective_ml,estimated,xgboost,xgboost,if_residual,1.0,0.0|0.25|0.5|1.0,aipw_variance,-1.0,1.0,obsval,4.0,0.1,30,0.1,crossfit_rank_empty_standdown,1.0,4,50,3,1838.748415229842,0.03219249475509367,0.03219249475509367,0.03219249475509367,0.0,0.0001633993026822942,-0.00013088860640325087,0.0,nan,0.0,reference,nan,nan,nan,nan,nan,random_forest,gradient_boosting,0.0035814048794417298,nan,nan,nan,nan,nan,nan,nan,0.1,0.13166666666666665,0.8366666666666667,0.6354430379746835,62,49,0.10333333333333333,0.0620253164556962,0.01857436955564836,0.01857436955564836,0.0,0.026099833015557215,0.026099833015557215,0.0,0.5562660049992909,0.5562660049992909,0.5290590572626959,0.5290590572626959
real_breast_cancer_aligned,box,6000,0.05,0.0,estimated_residual_lowp_supported,cui_selective_ml,estimated,xgboost,xgboost,if_residual,1.0,0.0|0.25|0.5|1.0,aipw_variance,-1.0,1.0,obsval,4.0,0.1,30,0.1,crossfit_rank_empty_standdown,1.0,4,50,4,2452.3906194027513,-0.003955399119195291,-0.003955399119195291,-0.003955399119195291,0.0,0.00011197299609475085,-1.655247877410833e-05,0.0,nan,0.0,reference,nan,nan,nan,nan,nan,gradient_boosting,lasso,0.010671659521343472,nan,nan,nan,nan,nan,nan,nan,0.0,0.13633333333333333,nan,0.0,0,45,nan,0.0550122249388753,0.0,0.0,0.0,0.007632242165473486,0.007632242165473486,0.0,nan,nan,0.31685904385653385,0.31685904385653385
real_breast_cancer_aligned,box,6000,0.05,0.0,estimated_residual_lowp_supported,cui_selective_ml,estimated,xgboost,xgboost,if_residual,1.0,0.0|0.25|0.5|1.0,aipw_variance,-1.0,1.0,obsval,4.0,0.1,30,0.1,crossfit_rank_empty_standdown,1.0,4,50,1,603.8497061533853,0.0008922357465612207,0.0008922357465612207,0.0008922357465612207,0.0,0.0001557859805690542,-0.0001023515986889119,0.0,nan,0.0,reference,nan,nan,nan,nan,nan,gradient_boosting,gradient_boosting,0.00015261980881170966,nan,nan,nan,nan,nan,nan,nan,0.1,0.13133333333333333,0.855,0.6510152284263959,51,36,0.085,0.04568527918781726,-0.0014950087084929997,-0.0014950087084929997,0.0,0.00020988128983075226,0.00020988128983075226,0.0,0.4051244171106399,0.4051244171106399,0.40351462162557616,0.40351462162557616
real_breast_cancer_aligned,box,6000,0.05,0.0,estimated_residual_lowp_supported,cui_selective_ml,estimated,xgboost,xgboost,if_residual,1.0,0.0|0.25|0.5|1.0,aipw_variance,-1.0,1.0,obsval,4.0,0.1,30,0.1,crossfit_rank_empty_standdown,1.0,4,50,2,1207.2884229552,0.03676500262482951,0.03676500262482951,0.03676500262482951,0.0,0.00017422656745529085,-0.00013374922292840345,0.0,nan,0.0,reference,nan,nan,nan,nan,nan,gradient_boosting,gradient_boosting,0.06343433679098573,nan,nan,nan,nan,nan,nan,nan,0.0,0.13283333333333333,nan,0.0,0,36,nan,0.0451693851944793,0.0,0.0,0.0,0.011936002559517031,0.011936002559517031,0.0,nan,nan,0.403742162317665,0.403742162317665
real_breast_cancer_aligned,box,6000,0.05,0.0,estimated_residual_lowp_supported,cui_selective_ml,estimated,xgboost,xgboost,if_residual,1.0,0.0|0.25|0.5|1.0,aipw_variance,-1.0,1.0,obsval,4.0,0.1,30,0.1,crossfit_rank_empty_standdown,1.0,4,50,3,1810.7880101045594,-0.04567050535595715,-0.04567050535595715,-0.04567050535595715,0.0,0.00015856042100021437,-0.00019373475917977307,0.0,nan,0.0,reference,nan,nan,nan,nan,nan,logistic_l1,lasso,0.0021877143473379187,nan,nan,nan,nan,nan,nan,nan,0.1,0.12983333333333333,0.8316666666666667,0.6405648267008985,62,44,0.10333333333333333,0.05648267008985879,-0.012916521542315864,-0.012916521542315864,0.0,-0.01593645433141632,-0.01593645433141632,0.0,0.23510185123020397,0.23510185123020397,0.2508933496852363,0.2508933496852363
real_breast_cancer_aligned,box,6000,0.05,0.0,estimated_residual_lowp_supported,cui_selective_ml,estimated,xgboost,xgboost,if_residual,1.0,0.0|0.25|0.5|1.0,aipw_variance,-1.0,1.0,obsval,4.0,0.1,30,0.1,crossfit_rank_empty_standdown,1.0,4,50,4,2410.1971483528614,-0.012686773103678883,-0.012686773103678883,-0.012686773103678883,0.0,0.0005892033021989537,-0.000563220849149253,0.0,nan,0.0,reference,nan,nan,nan,nan,nan,gradient_boosting,gradient_boosting,0.04753819582898789,nan,nan,nan,nan,nan,nan,nan,0.0,0.1285,nan,0.0,0,23,nan,0.029831387808041506,0.0,0.0,0.0,0.00417643085566271,0.00417643085566271,0.0,nan,nan,0.4534975230025394,0.4534975230025394
real_breast_cancer_aligned,box,6000,0.05,0.0,estimated_residual_lowp_supported,cui_selective_ml,estimated,xgboost,xgboost,if_residual,1.0,0.0|0.25|0.5|1.0,aipw_variance,-1.0,1.0,obsval,4.0,0.1,30,0.1,crossfit_rank_empty_standdown,1.0,4,50,1,610.4389394680038,0.043307499049113185,0.043307499049113185,0.043307499049113185,0.0,0.00015804519487316263,-0.00010159501977019428,0.0,nan,0.0,reference,nan,nan,nan,nan,nan,gradient_boosting,gradient_boosting,0.0048849193207979496,nan,nan,nan,nan,nan,nan,nan,0.0,0.12866666666666668,nan,0.0,0,48,nan,0.06217616580310881,0.0,0.0,0.0,0.013911908042441648,0.013911908042441648,0.0,nan,nan,0.49151748079402136,0.49151748079402136
real_breast_cancer_aligned,box,6000,0.05,0.0,estimated_residual_lowp_supported,cui_selective_ml,estimated,xgboost,xgboost,if_residual,1.0,0.0|0.25|0.5|1.0,aipw_variance,-1.0,1.0,obsval,4.0,0.1,30,0.1,crossfit_rank_empty_standdown,1.0,4,50,2,1214.2665473548695,0.029298418327197706,0.029298418327197706,0.029298418327197706,0.0,6.560080029972002e-05,-2.1553876996859033e-05,0.0,nan,0.0,reference,nan,nan,nan,nan,nan,gradient_boosting,lasso,0.0023504756585341936,nan,nan,nan,nan,nan,nan,nan,0.0,0.1285,nan,0.0,0,33,nan,0.042801556420233464,0.0,0.0,0.0,0.004184391505109712,0.004184391505109712,0.0,nan,nan,0.26425716403426946,0.26425716403426946
real_breast_cancer_aligned,box,6000,0.05,0.0,estimated_residual_lowp_supported,cui_selective_ml,estimated,xgboost,xgboost,if_residual,1.0,0.0|0.25|0.5|1.0,aipw_variance,-1.0,1.0,obsval,4.0,0.1,30,0.1,crossfit_rank_empty_standdown,1.0,4,50,3,1824.5862851804122,0.009863149702935448,0.009863149702935448,0.009863149702935448,0.0,9.677237531402483e-05,-3.951204932237367e-05,0.0,nan,0.0,reference,nan,nan,nan,nan,nan,gradient_boosting,lasso,0.019463749211318843,nan,nan,nan,nan,nan,nan,nan,0.0,0.13783333333333334,nan,0.0,0,43,nan,0.05199516324062878,0.0,0.0,0.0,0.008113528386635815,0.008113528386635815,0.0,nan,nan,0.2674581029737953,0.2674581029737953
real_breast_cancer_aligned,box,6000,0.05,0.0,estimated_residual_lowp_supported,cui_selective_ml,estimated,xgboost,xgboost,if_residual,1.0,0.0|0.25|0.5|1.0,aipw_variance,-1.0,1.0,obsval,4.0,0.1,30,0.1,crossfit_rank_empty_standdown,1.0,4,50,4,2433.4765270389616,0.0057265275619931,0.0057265275619931,0.0057265275619931,0.0,0.00019987903491006337,-7.234352929678673e-05,0.0,nan,0.0,reference,nan,nan,nan,nan,nan,gradient_boosting,lasso,0.00902857280674657,nan,nan,nan,nan,nan,nan,nan,0.0,0.13116666666666665,nan,0.0,0,36,nan,0.045743329097839895,0.0,0.0,0.0,0.005902134608960615,0.005902134608960615,0.0,nan,nan,0.25470785256328393,0.25470785256328393
real_breast_cancer_aligned,box,6000,0.05,0.0,estimated_residual_lowp_supported,cui_selective_ml,estimated,xgboost,xgboost,if_residual,1.0,0.0|0.25|0.5|1.0,aipw_variance,-1.0,1.0,obsval,4.0,0.1,30,0.1,crossfit_rank_empty_standdown,1.0,4,50,1,611.711666491814,0.05951346956858167,0.05951346956858167,0.05951346956858167,0.0,0.00020200563799333666,-0.00021150310249511855,0.0,nan,0.0,reference,nan,nan,nan,nan,nan,gradient_boosting,lasso,0.0034077323970711816,nan,nan,nan,nan,nan,nan,nan,0.0,0.13116666666666665,nan,0.0,0,36,nan,0.045743329097839895,0.0,0.0,0.0,0.011775533348563561,0.011775533348563561,0.0,nan,nan,0.37494998511308714,0.37494998511308714
real_breast_cancer_aligned,box,6000,0.05,0.0,estimated_residual_lowp_supported,cui_selective_ml,estimated,xgboost,xgboost,if_residual,1.0,0.0|0.25|0.5|1.0,aipw_variance,-1.0,1.0,obsval,4.0,0.1,30,0.1,crossfit_rank_empty_standdown,1.0,4,50,2,1219.3110594069585,0.005774128292569902,0.005774128292569902,0.005774128292569902,0.0,0.000254048177755539,-0.00017850612860400162,0.0,nan,0.0,reference,nan,nan,nan,nan,nan,gradient_boosting,lasso,0.001257810363908805,nan,nan,nan,nan,nan,nan,nan,0.05,0.13583333333333333,0.8533333333333334,0.3141104294478528,32,44,0.10666666666666667,0.053987730061349694,0.0008459119292329606,0.0008459119292329606,0.0,0.005368834472385487,0.005368834472385487,0.0,0.2532197915809254,0.2532197915809254,0.25829328001908913,0.25829328001908913
real_breast_cancer_aligned,box,6000,0.05,0.0,estimated_residual_lowp_supported,cui_selective_ml,estimated,xgboost,xgboost,if_residual,1.0,0.0|0.25|0.5|1.0,aipw_variance,-1.0,1.0,obsval,4.0,0.1,30,0.1,crossfit_rank_empty_standdown,1.0,4,50,3,1820.540941895917,0.004712991903896235,0.004712991903896235,0.004712991903896235,0.0,8.460749785721444e-05,-8.149622050039411e-05,0.0,nan,0.0,reference,nan,nan,nan,nan,nan,random_forest,lasso,0.0004391153353295932,nan,nan,nan,nan,nan,nan,nan,0.1,0.131,0.8766666666666667,0.6692111959287532,40,30,0.06666666666666667,0.03816793893129771,0.006264733424256279,0.006264733424256279,0.0,0.009639894243333611,0.009639894243333611,0.0,0.2626528083272634,0.2626528083272634,0.26514416115157674,0.26514416115157674
real_breast_cancer_aligned,box,6000,0.05,0.0,estimated_residual_lowp_supported,cui_selective_ml,estimated,xgboost,xgboost,if_residual,1.0,0.0|0.25|0.5|1.0,aipw_variance,-1.0,1.0,obsval,4.0,0.1,30,0.1,crossfit_rank_empty_standdown,1.0,4,50,4,2427.565864977427,0.00766781018781959,0.00766781018781959,0.00766781018781959,0.0,0.0001297731218137606,-4.08970949717732e-05,0.0,nan,0.0,reference,nan,nan,nan,nan,nan,gradient_boosting,lasso,0.002013611126377528,nan,nan,nan,nan,nan,nan,nan,0.0,0.13,nan,0.0,0,33,nan,0.04230769230769231,0.0,0.0,0.0,0.0051181491823562505,0.0051181491823562505,0.0,nan,nan,0.306019201833909,0.306019201833909
real_breast_cancer_aligned,box,6000,0.05,0.0,estimated_residual_lowp_supported,cui_selective_ml,estimated,xgboost,xgboost,if_residual,1.0,0.0|0.25|0.5|1.0,aipw_variance,-1.0,1.0,obsval,4.0,0.1,30,0.1,crossfit_rank_empty_standdown,1.0,4,50,1,611.9697732273489,0.006908900793371364,0.006908900793371364,0.006908900793371364,0.0,0.00013533891705846848,-0.00012858732024895517,0.0,nan,0.0,reference,nan,nan,nan,nan,nan,gradient_boosting,lasso,0.009801948124035474,nan,nan,nan,nan,nan,nan,nan,0.0,0.1305,nan,0.0,0,42,nan,0.05363984674329502,0.0,0.0,0.0,0.00398522012091155,0.00398522012091155,0.0,nan,nan,0.2609312625321721,0.2609312625321721
real_breast_cancer_aligned,box,6000,0.05,0.0,estimated_residual_lowp_supported,cui_selective_ml,estimated,xgboost,xgboost,if_residual,1.0,0.0|0.25|0.5|1.0,aipw_variance,-1.0,1.0,obsval,4.0,0.1,30,0.1,crossfit_rank_empty_standdown,1.0,4,50,2,1218.9158429782838,-0.04224898178366093,-0.04224898178366093,-0.04224898178366093,0.0,0.00013448321474674276,-6.945656851603971e-05,0.0,nan,0.0,reference,nan,nan,nan,nan,nan,gradient_boosting,lasso,0.2804330856164522,nan,nan,nan,nan,nan,nan,nan,0.075,0.13316666666666666,0.8044444444444444,0.4530663329161452,50,46,0.1111111111111111,0.057571964956195244,-0.00010085009074305226,-0.00010085009074305226,0.0,0.003581728919410723,0.003581728919410723,0.0,0.3090915409253437,0.3090915409253437,0.2702859689279899,0.2702859689279899
real_breast_cancer_aligned,box,6000,0.05,0.0,estimated_residual_lowp_supported,cui_selective_ml,estimated,xgboost,xgboost,if_residual,1.0,0.0|0.25|0.5|1.0,aipw_variance,-1.0,1.0,obsval,4.0,0.1,30,0.1,crossfit_rank_empty_standdown,1.0,4,50,3,1825.5603326633573,0.009497818260758406,0.009497818260758406,0.009497818260758406,0.0,0.00014727932238430257,-7.656949706052389e-05,0.0,nan,0.0,reference,nan,nan,nan,nan,nan,gradient_boosting,lasso,0.07670612348998704,nan,nan,nan,nan,nan,nan,nan,0.0,0.13016666666666668,nan,0.0,0,36,nan,0.046094750320102434,0.0,0.0,0.0,0.006512792378505056,0.006512792378505056,0.0,nan,nan,0.2631052389776429,0.2631052389776429
real_breast_cancer_aligned,box,6000,0.05,0.0,estimated_residual_lowp_supported,cui_selective_ml,estimated,xgboost,xgboost,if_residual,1.0,0.0|0.25|0.5|1.0,aipw_variance,-1.0,1.0,obsval,4.0,0.1,30,0.1,crossfit_rank_empty_standdown,1.0,4,50,4,2438.6051902566105,0.008389072352917082,0.008389072352917082,0.008389072352917082,0.0,0.00010849407862150069,-3.278095054934279e-05,0.0,nan,0.0,reference,nan,nan,nan,nan,nan,random_forest,lasso,0.1569026043730958,nan,nan,nan,nan,nan,nan,nan,0.1,0.13116666666666665,0.825,0.6289707750952986,64,42,0.10666666666666667,0.053367217280813214,0.004412771995181412,0.004412771995181412,0.0,0.007615403851132469,0.007615403851132469,0.0,0.2779173358756585,0.2779173358756585,0.27366376349519334,0.27366376349519334
real_breast_cancer_aligned,box,6000,0.05,0.0,estimated_residual_lowp_supported,cui_selective_ml,estimated,xgboost,xgboost,if_residual,1.0,0.0|0.25|0.5|1.0,aipw_variance,-1.0,1.0,obsval,4.0,0.1,30,0.1,crossfit_rank_empty_standdown,1.0,4,50,1,607.3353096973151,-0.0039339530720544635,-0.0039339530720544635,-0.0039339530720544635,0.0,5.649036835622917e-05,-4.929231770277429e-05,0.0,nan,0.0,reference,nan,nan,nan,nan,nan,random_forest,lasso,0.0005787233035346423,nan,nan,nan,nan,nan,nan,nan,0.05,0.13,0.8533333333333334,0.3282051282051282,37,46,0.12333333333333334,0.05897435897435897,0.0024397982721092166,0.0024397982721092166,0.0,0.007098443554680405,0.007098443554680405,0.0,0.30364060250320013,0.30364060250320013,0.25845956899351186,0.25845956899351186
real_breast_cancer_aligned,box,6000,0.05,0.0,estimated_residual_lowp_supported,cui_selective_ml,estimated,xgboost,xgboost,if_residual,1.0,0.0|0.25|0.5|1.0,aipw_variance,-1.0,1.0,obsval,4.0,0.1,30,0.1,crossfit_rank_empty_standdown,1.0,4,50,2,1207.3252481250092,-0.0007198476659966424,-0.0007198476659966424,-0.0007198476659966424,0.0,8.646594156238663e-05,1.2974635867318667e-08,0.0,nan,0.0,reference,nan,nan,nan,nan,nan,gradient_boosting,lasso,0.0026465117985365956,nan,nan,nan,nan,nan,nan,nan,0.0,0.13216666666666665,nan,0.0,0,41,nan,0.05170239596469105,0.0,0.0,0.0,0.005403699487964682,0.005403699487964682,0.0,nan,nan,0.30667523500557775,0.30667523500557775
real_breast_cancer_aligned,box,6000,0.05,0.0,estimated_residual_lowp_supported,cui_selective_ml,estimated,xgboost,xgboost,if_residual,1.0,0.0|0.25|0.5|1.0,aipw_variance,-1.0,1.0,obsval,4.0,0.1,30,0.1,crossfit_rank_empty_standdown,1.0,4,50,3,1816.9377545621246,-0.01931706903040764,-0.01931706903040764,-0.01931706903040764,0.0,0.0001423300418070552,-7.716954334489141e-05,0.0,nan,0.0,reference,nan,nan,nan,nan,nan,logistic_l1,lasso,0.00051535338025325,nan,nan,nan,nan,nan,nan,nan,0.1,0.13633333333333333,0.8266666666666667,0.6063569682151589,65,42,0.10833333333333334,0.05134474327628362,-0.0007041455600953568,-0.0007041455600953568,0.0,-0.0015339326623580061,-0.0015339326623580061,0.0,0.2470750044888786,0.2470750044888786,0.23970874532742917,0.23970874532742917
real_breast_cancer_aligned,box,6000,0.05,0.0,estimated_residual_lowp_supported,cui_selective_ml,estimated,xgboost,xgboost,if_residual,1.0,0.0|0.25|0.5|1.0,aipw_variance,-1.0,1.0,obsval,4.0,0.1,30,0.1,crossfit_rank_empty_standdown,1.0,4,50,4,2426.3236273787916,0.016343005863868165,0.017008121907423623,0.016343005863868165,0.0006651160435554582,0.00016365392426210212,-7.512937938235198e-05,0.0,nan,0.25,if_residual,nan,nan,nan,nan,nan,gradient_boosting,lasso,0.0008283454033193005,nan,nan,nan,nan,nan,nan,nan,0.0,0.13166666666666665,nan,0.0,0,34,nan,0.043037974683544304,0.0,0.0,0.0,0.003873568602556349,0.0033772570872645648,0.0004963115152917842,nan,nan,0.26143344235735566,0.282470680840001
real_breast_cancer_aligned,box,6000,0.05,0.0,estimated_residual_lowp_supported,cui_selective_ml,estimated,xgboost,xgboost,if_residual,1.0,0.0|0.25|0.5|1.0,aipw_variance,-1.0,1.0,obsval,4.0,0.1,30,0.1,crossfit_rank_empty_standdown,1.0,4,50,1,606.5029416484758,-0.02368307175129164,-0.02668255772361705,-0.02368307175129164,-0.002999485972325411,0.00017883614621376606,-0.0001574626305271764,0.0,nan,0.25,if_residual,nan,nan,nan,nan,nan,gradient_boosting,lasso,0.0041897131043994,nan,nan,nan,nan,nan,nan,nan,0.1,0.13633333333333333,0.8566666666666667,0.628361858190709,57,41,0.095,0.05012224938875306,0.0018683749059172446,0.0020051471925016566,-0.00013677228658441208,0.004645640764169073,0.0028708562990815228,0.0017747844650875502,0.3031747896369709,0.3350981939154574,0.3136456913044449,0.34699623698940735
real_breast_cancer_aligned,box,6000,0.05,0.0,estimated_residual_lowp_supported,cui_selective_ml,estimated,xgboost,xgboost,if_residual,1.0,0.0|0.25|0.5|1.0,aipw_variance,-1.0,1.0,obsval,4.0,0.1,30,0.1,crossfit_rank_empty_standdown,1.0,4,50,2,1213.7375890966505,0.05183739626655631,0.05183739626655631,0.05183739626655631,0.0,0.00013982742937000106,-0.00016511790278652978,0.0,nan,0.0,reference,nan,nan,nan,nan,nan,random_forest,lasso,0.0057271402989283,nan,nan,nan,nan,nan,nan,nan,0.0,0.12816666666666668,nan,0.0,0,38,nan,0.0494148244473342,0.0,0.0,0.0,0.013828965666814748,0.013828965666814748,0.0,nan,nan,0.30690661253882,0.30690661253882
real_breast_cancer_aligned,box,6000,0.05,0.0,estimated_residual_lowp_supported,cui_selective_ml,estimated,xgboost,xgboost,if_residual,1.0,0.0|0.25|0.5|1.0,aipw_variance,-1.0,1.0,obsval,4.0,0.1,30,0.1,crossfit_rank_empty_standdown,1.0,4,50,3,1811.1420291261747,0.026862829466549276,0.026862829466549276,0.026862829466549276,0.0,8.530235682472492e-05,-0.000122730413888841,0.0,nan,0.0,reference,nan,nan,nan,nan,nan,gradient_boosting,lasso,0.0026120503156933416,nan,nan,nan,nan,nan,nan,nan,0.0,0.129,nan,0.0,0,36,nan,0.046511627906976744,0.0,0.0,0.0,0.004386288210597736,0.004386288210597736,0.0,nan,nan,0.2763858936456381,0.2763858936456381
real_breast_cancer_aligned,box,6000,0.05,0.0,estimated_residual_lowp_supported,cui_selective_ml,estimated,xgboost,xgboost,if_residual,1.0,0.0|0.25|0.5|1.0,aipw_variance,-1.0,1.0,obsval,4.0,0.1,30,0.1,crossfit_rank_empty_standdown,1.0,4,50,4,2413.1678992891684,-0.03965156218383192,-0.03965156218383192,-0.03965156218383192,0.0,0.0001976342452207681,-0.00018178286970927065,0.0,nan,0.0,reference,nan,nan,nan,nan,nan,logistic_l1,lasso,0.007469168094113582,nan,nan,nan,nan,nan,nan,nan,0.0,0.13116666666666665,nan,0.0,0,35,nan,0.044472681067344345,0.0,0.0,0.0,-0.012168947269783749,-0.012168947269783749,0.0,nan,nan,0.2630247400955973,0.2630247400955973
real_breast_cancer_aligned,box,6000,0.05,0.0,estimated_residual_lowp_supported,cui_selective_ml,estimated,xgboost,xgboost,if_residual,1.0,0.0|0.25|0.5|1.0,aipw_variance,-1.0,1.0,obsval,4.0,0.1,30,0.1,crossfit_rank_empty_standdown,1.0,4,50,1,613.5023021735251,0.039390118420854936,0.039390118420854936,0.039390118420854936,0.0,6.611276642201278e-05,-7.259385401188207e-05,0.0,nan,0.0,reference,nan,nan,nan,nan,nan,random_forest,lasso,0.0033426630857069295,nan,nan,nan,nan,nan,nan,nan,0.1,0.13333333333333333,0.8466666666666667,0.635,54,44,0.09,0.055,0.0056735048458603065,0.0056735048458603065,0.0,0.011014243375527604,0.011014243375527604,0.0,0.29781921545193285,0.29781921545193285,0.3186841830072593,0.3186841830072593
real_breast_cancer_aligned,box,6000,0.05,0.0,estimated_residual_lowp_supported,cui_selective_ml,estimated,xgboost,xgboost,if_residual,1.0,0.0|0.25|0.5|1.0,aipw_variance,-1.0,1.0,obsval,4.0,0.1,30,0.1,crossfit_rank_empty_standdown,1.0,4,50,2,1219.7255834145471,0.045218282189650905,0.045218282189650905,0.045218282189650905,0.0,7.40288761080783e-05,-6.348495855615604e-05,0.0,nan,0.0,reference,nan,nan,nan,nan,nan,gradient_boosting,lasso,0.0017146120535155998,nan,nan,nan,nan,nan,nan,nan,0.0,0.12433333333333334,nan,0.0,0,38,nan,0.05093833780160858,0.0,0.0,0.0,0.007158689376203059,0.007158689376203059,0.0,nan,nan,0.3406888193002841,0.3406888193002841
real_breast_cancer_aligned,box,6000,0.05,0.0,estimated_residual_lowp_supported,cui_selective_ml,estimated,xgboost,xgboost,if_residual,1.0,0.0|0.25|0.5|1.0,aipw_variance,-1.0,1.0,obsval,4.0,0.1,30,0.1,crossfit_rank_empty_standdown,1.0,4,50,3,1819.0385229475796,-0.03173174301954801,-0.03173174301954801,-0.03173174301954801,0.0,0.0001579581106775814,-9.734661086384941e-05,0.0,nan,0.0,reference,nan,nan,nan,nan,nan,random_forest,lasso,0.006396478871945008,nan,nan,nan,nan,nan,nan,nan,0.075,0.13466666666666666,0.8044444444444444,0.44801980198019803,42,30,0.09333333333333334,0.03712871287128713,0.0033466317091116475,0.0033466317091116475,0.0,0.007344707383875787,0.007344707383875787,0.0,0.26002520688382513,0.26002520688382513,0.2726975956720503,0.2726975956720503
real_breast_cancer_aligned,box,6000,0.05,0.0,estimated_residual_lowp_supported,cui_selective_ml,estimated,xgboost,xgboost,if_residual,1.0,0.0|0.25|0.5|1.0,aipw_variance,-1.0,1.0,obsval,4.0,0.1,30,0.1,crossfit_rank_empty_standdown,1.0,4,50,4,2427.2144171455875,0.015365487100829966,0.015365487100829966,0.015365487100829966,0.0,0.00013219542526834147,-0.00014159397458960961,0.0,nan,0.0,reference,nan,nan,nan,nan,nan,gradient_boosting,lasso,0.02640781138802389,nan,nan,nan,nan,nan,nan,nan,0.1,0.13183333333333333,0.8133333333333334,0.6169405815423514,66,41,0.11,0.051833122629582805,0.003548302766935223,0.003548302766935223,0.0,0.009961622687465432,0.009961622687465432,0.0,0.3108133609238938,0.3108133609238938,0.30549745531991895,0.30549745531991895
real_breast_cancer_aligned,box,6000,0.05,0.0,estimated_residual_lowp_supported,cui_selective_ml,estimated,xgboost,xgboost,if_residual,1.0,0.0|0.25|0.5|1.0,aipw_variance,-1.0,1.0,obsval,4.0,0.1,30,0.1,crossfit_rank_empty_standdown,1.0,4,50,1,607.0950030228123,-0.02243270354316665,-0.02243270354316665,-0.02243270354316665,0.0,8.63331746344862e-05,-4.991553359773055e-05,0.0,nan,0.0,reference,nan,nan,nan,nan,nan,gradient_boosting,lasso,0.0016185310866570846,nan,nan,nan,nan,nan,nan,nan,0.0,0.13733333333333334,nan,0.0,0,38,nan,0.04611650485436893,0.0,0.0,0.0,0.001691119997399056,0.001691119997399056,0.0,nan,nan,0.2574247192413773,0.2574247192413773
real_breast_cancer_aligned,box,6000,0.05,0.0,estimated_residual_lowp_supported,cui_selective_ml,estimated,xgboost,xgboost,if_residual,1.0,0.0|0.25|0.5|1.0,aipw_variance,-1.0,1.0,obsval,4.0,0.1,30,0.1,crossfit_rank_empty_standdown,1.0,4,50,2,1213.5985060799867,0.011699879878663444,0.011699879878663444,0.011699879878663444,0.0,9.359038286456682e-05,-1.8707973621095878e-05,0.0,nan,0.0,reference,nan,nan,nan,nan,nan,gradient_boosting,lasso,0.00401217767449056,nan,nan,nan,nan,nan,nan,nan,0.0,0.132,nan,0.0,0,56,nan,0.0707070707070707,0.0,0.0,0.0,0.0138981800403563,0.0138981800403563,0.0,nan,nan,0.3155137542336765,0.3155137542336765
real_breast_cancer_aligned,box,6000,0.05,0.0,estimated_residual_lowp_supported,cui_selective_ml,estimated,xgboost,xgboost,if_residual,1.0,0.0|0.25|0.5|1.0,aipw_variance,-1.0,1.0,obsval,4.0,0.1,30,0.1,crossfit_rank_empty_standdown,1.0,4,50,3,1811.8722131699324,-0.017615700949035196,-0.017615700949035196,-0.017615700949035196,0.0,0.0001466908710074788,-6.123341841658513e-05,0.0,nan,0.0,reference,nan,nan,nan,nan,nan,gradient_boosting,lasso,0.0260892142741116,nan,nan,nan,nan,nan,nan,nan,0.0,0.12533333333333332,nan,0.0,0,32,nan,0.0425531914893617,0.0,0.0,0.0,0.0010567048873057186,0.0010567048873057186,0.0,nan,nan,0.21208442379771444,0.21208442379771444
real_breast_cancer_aligned,box,6000,0.05,0.0,estimated_residual_lowp_supported,cui_selective_ml,estimated,xgboost,xgboost,if_residual,1.0,0.0|0.25|0.5|1.0,aipw_variance,-1.0,1.0,obsval,4.0,0.1,30,0.1,crossfit_rank_empty_standdown,1.0,4,50,4,2408.9592410754412,0.04660650777333847,0.04660650777333847,0.04660650777333847,0.0,7.839626995367801e-05,-7.362885246669766e-05,0.0,nan,0.0,reference,nan,nan,nan,nan,nan,gradient_boosting,gradient_boosting,0.00044718155857369305,nan,nan,nan,nan,nan,nan,nan,0.1,0.13316666666666666,0.875,0.6570713391739674,38,27,0.06333333333333334,0.03379224030037547,-0.005191213219182355,-0.005191213219182355,0.0,-0.00015458458043080044,-0.00015458458043080044,0.0,0.5687794616147833,0.5687794616147833,0.5528780759405165,0.5528780759405165
real_breast_cancer_aligned,box,6000,0.05,0.0,estimated_residual_lowp_supported,cui_selective_ml,estimated,xgboost,xgboost,if_residual,1.0,0.0|0.25|0.5|1.0,aipw_variance,-1.0,1.0,obsval,4.0,0.1,30,0.1,crossfit_rank_empty_standdown,1.0,4,50,1,599.0304743712768,-0.0022386269973185824,-0.0019280788115769165,-0.0022386269973185824,0.00031054818574166587,8.711531187938107e-05,-4.1636728096664075e-05,0.0,nan,0.25,if_residual,nan,nan,nan,nan,nan,gradient_boosting,lasso,0.03864219783271541,nan,nan,nan,nan,nan,nan,nan,0.0,0.131,nan,0.0,0,30,nan,0.03816793893129771,0.0,0.0,0.0,0.006952963789044778,0.006259494225642399,0.000693469563402379,nan,nan,0.40017846257138306,0.38168127301611615
real_breast_cancer_aligned,box,6000,0.05,0.0,estimated_residual_lowp_supported,cui_selective_ml,estimated,xgboost,xgboost,if_residual,1.0,0.0|0.25|0.5|1.0,aipw_variance,-1.0,1.0,obsval,4.0,0.1,30,0.1,crossfit_rank_empty_standdown,1.0,4,50,2,1211.6100975759327,-0.029059942769565833,-0.029059942769565833,-0.029059942769565833,0.0,0.00012632440803099325,-0.00014332807492450385,0.0,nan,0.0,reference,nan,nan,nan,nan,nan,gradient_boosting,lasso,0.0069870107721438385,nan,nan,nan,nan,nan,nan,nan,0.075,0.13133333333333333,0.8577777777777778,0.48984771573604063,39,34,0.08666666666666667,0.04314720812182741,0.0006949607648688834,0.0006949607648688834,0.0,0.003419765325294281,0.003419765325294281,0.0,0.2725094954083072,0.2725094954083072,0.2726864191815567,0.2726864191815567
real_breast_cancer_aligned,box,6000,0.05,0.0,estimated_residual_lowp_supported,cui_selective_ml,estimated,xgboost,xgboost,if_residual,1.0,0.0|0.25|0.5|1.0,aipw_variance,-1.0,1.0,obsval,4.0,0.1,30,0.1,crossfit_rank_empty_standdown,1.0,4,50,3,1823.6048764251173,-0.005239293848590787,-0.005239293848590787,-0.005239293848590787,0.0,0.00018396232909981096,-0.00018095728049168558,0.0,nan,0.0,reference,nan,nan,nan,nan,nan,gradient_boosting,lasso,0.033141274669595204,nan,nan,nan,nan,nan,nan,nan,0.0,0.128,nan,0.0,0,31,nan,0.040364583333333336,0.0,0.0,0.0,0.004949838239071143,0.004949838239071143,0.0,nan,nan,0.2832594782747373,0.2832594782747373
real_breast_cancer_aligned,box,6000,0.05,0.0,estimated_residual_lowp_supported,cui_selective_ml,estimated,xgboost,xgboost,if_residual,1.0,0.0|0.25|0.5|1.0,aipw_variance,-1.0,1.0,obsval,4.0,0.1,30,0.1,crossfit_rank_empty_standdown,1.0,4,50,4,2433.949825787917,-0.015173344505116204,-0.015173344505116204,-0.015173344505116204,0.0,0.0001324098510349968,-0.00015515350984224058,0.0,nan,0.0,reference,nan,nan,nan,nan,nan,gradient_boosting,lasso,0.0038822620164995474,nan,nan,nan,nan,nan,nan,nan,0.0,0.134,nan,0.0,0,49,nan,0.060945273631840796,0.0,0.0,0.0,0.005537117932212373,0.005537117932212373,0.0,nan,nan,0.2771700572489122,0.2771700572489122
real_breast_cancer_aligned,box,6000,0.05,0.0,estimated_residual_lowp_supported,cui_selective_ml,estimated,xgboost,xgboost,if_residual,1.0,0.0|0.25|0.5|1.0,aipw_variance,-1.0,1.0,obsval,4.0,0.1,30,0.1,crossfit_rank_empty_standdown,1.0,4,50,1,616.5917037883773,-0.02272621597945204,-0.02272621597945204,-0.02272621597945204,0.0,0.00022363785307933238,-0.00012251518375106858,0.0,nan,0.0,reference,nan,nan,nan,nan,nan,gradient_boosting,lasso,0.08911502889795046,nan,nan,nan,nan,nan,nan,nan,0.075,0.13283333333333333,0.8488888888888889,0.479297365119197,55,40,0.12222222222222222,0.050188205771643665,0.0005804502757203151,0.0005804502757203151,0.0,-0.0004949338646830472,-0.0004949338646830472,0.0,0.23402825098821076,0.23402825098821076,0.23442469577970712,0.23442469577970712
real_breast_cancer_aligned,box,6000,0.05,0.0,estimated_residual_lowp_supported,cui_selective_ml,estimated,xgboost,xgboost,if_residual,1.0,0.0|0.25|0.5|1.0,aipw_variance,-1.0,1.0,obsval,4.0,0.1,30,0.1,crossfit_rank_empty_standdown,1.0,4,50,2,1225.0806370181963,-0.03375905105673796,-0.03375905105673796,-0.03375905105673796,0.0,0.00013498647436317973,-0.00013376415276188027,0.0,nan,0.0,reference,nan,nan,nan,nan,nan,gradient_boosting,lasso,0.00015556875163701492,nan,nan,nan,nan,nan,nan,nan,0.0,0.13433333333333333,nan,0.0,0,47,nan,0.05831265508684864,0.0,0.0,0.0,0.0018300446577299827,0.0018300446577299827,0.0,nan,nan,0.32331330801204594,0.32331330801204594
real_breast_cancer_aligned,box,6000,0.05,0.0,estimated_residual_lowp_supported,cui_selective_ml,estimated,xgboost,xgboost,if_residual,1.0,0.0|0.25|0.5|1.0,aipw_variance,-1.0,1.0,obsval,4.0,0.1,30,0.1,crossfit_rank_empty_standdown,1.0,4,50,3,1825.4169846186414,0.005718249222716021,0.005718249222716021,0.005718249222716021,0.0,0.0002155919179119563,-0.0001033892466051784,0.0,nan,0.0,reference,nan,nan,nan,nan,nan,gradient_boosting,lasso,0.0035094605690635036,nan,nan,nan,nan,nan,nan,nan,0.0,0.13283333333333333,nan,0.0,0,30,nan,0.037641154328732745,0.0,0.0,0.0,0.006240733035483379,0.006240733035483379,0.0,nan,nan,0.3762528239439638,0.3762528239439638
real_breast_cancer_aligned,box,6000,0.05,0.0,estimated_residual_lowp_supported,cui_selective_ml,estimated,xgboost,xgboost,if_residual,1.0,0.0|0.25|0.5|1.0,aipw_variance,-1.0,1.0,obsval,4.0,0.1,30,0.1,crossfit_rank_empty_standdown,1.0,4,50,4,2434.3498760880902,-0.00514673625242823,-0.00514673625242823,-0.00514673625242823,0.0,7.426005215352936e-05,-4.9417904882704904e-05,0.0,nan,0.0,reference,nan,nan,nan,nan,nan,gradient_boosting,lasso,0.01763437508711056,nan,nan,nan,nan,nan,nan,nan,0.075,0.1315,0.8133333333333334,0.46387832699619774,61,42,0.13555555555555557,0.053231939163498096,0.00034314938784309824,0.00034314938784309824,0.0,0.003559161844536078,0.003559161844536078,0.0,0.2947747831978562,0.2947747831978562,0.27583566921779556,0.27583566921779556
real_breast_cancer_aligned,box,6000,0.05,0.0,estimated_residual_lowp_supported,cui_selective_ml,estimated,xgboost,xgboost,if_residual,1.0,0.0|0.25|0.5|1.0,aipw_variance,-1.0,1.0,obsval,4.0,0.1,30,0.1,crossfit_rank_empty_standdown,1.0,4,50,1,609.6175476917997,-0.013722780007155433,-0.013722780007155433,-0.013722780007155433,0.0,0.00014319476371398455,-8.025951278228631e-05,0.0,nan,0.0,reference,nan,nan,nan,nan,nan,gradient_boosting,lasso,0.026742319954565226,nan,nan,nan,nan,nan,nan,nan,0.1,0.134,0.89,0.664179104477612,42,30,0.07,0.03731343283582089,-0.0014732898805657412,-0.0014732898805657412,0.0,0.00043549699581118975,0.00043549699581118975,0.0,0.23647609744254197,0.23647609744254197,0.2339143731197003,0.2339143731197003
real_breast_cancer_aligned,box,6000,0.05,0.0,estimated_residual_lowp_supported,cui_selective_ml,estimated,xgboost,xgboost,if_residual,1.0,0.0|0.25|0.5|1.0,aipw_variance,-1.0,1.0,obsval,4.0,0.1,30,0.1,crossfit_rank_empty_standdown,1.0,4,50,2,1227.1573706539348,-0.008575813678615374,-0.008575813678615374,-0.008575813678615374,0.0,0.00012440121208807193,-0.00010269991647468335,0.0,nan,0.0,reference,nan,nan,nan,nan,nan,gradient_boosting,lasso,0.005286079351104924,nan,nan,nan,nan,nan,nan,nan,0.0,0.131,nan,0.0,0,42,nan,0.05343511450381679,0.0,0.0,0.0,0.0042748478389826846,0.0042748478389826846,0.0,nan,nan,0.2128215524500956,0.2128215524500956
real_breast_cancer_aligned,box,6000,0.05,0.0,estimated_residual_lowp_supported,cui_selective_ml,estimated,xgboost,xgboost,if_residual,1.0,0.0|0.25|0.5|1.0,aipw_variance,-1.0,1.0,obsval,4.0,0.1,30,0.1,crossfit_rank_empty_standdown,1.0,4,50,3,1842.3405831204727,-0.006294988932835033,-0.006294988932835033,-0.006294988932835033,0.0,0.00042673640191867156,-0.00032796608982660694,0.0,nan,0.0,reference,nan,nan,nan,nan,nan,gradient_boosting,lasso,0.0046995255305144505,nan,nan,nan,nan,nan,nan,nan,0.0,0.13016666666666668,nan,0.0,0,35,nan,0.04481434058898848,0.0,0.0,0.0,0.004772620034508185,0.004772620034508185,0.0,nan,nan,0.32467166068191594,0.32467166068191594
real_breast_cancer_aligned,box,6000,0.05,0.0,estimated_residual_lowp_supported,cui_selective_ml,estimated,xgboost,xgboost,if_residual,1.0,0.0|0.25|0.5|1.0,aipw_variance,-1.0,1.0,obsval,4.0,0.1,30,0.1,crossfit_rank_empty_standdown,1.0,4,50,4,2449.772933760658,-0.013077632642034043,-0.013077632642034043,-0.013077632642034043,0.0,0.00019873042885655014,-0.00023319212017655947,0.0,nan,0.0,reference,nan,nan,nan,nan,nan,gradient_boosting,lasso,0.008961276569522874,nan,nan,nan,nan,nan,nan,nan,0.0,0.129,nan,0.0,0,37,nan,0.04780361757105943,0.0,0.0,0.0,0.0006490661166920193,0.0006490661166920193,0.0,nan,nan,0.3579507459423792,0.3579507459423792
real_breast_cancer_aligned,box,6000,0.05,1.0,estimated_residual_lowp_supported,cui_selective_ml,estimated,xgboost,xgboost,if_residual,1.0,0.0|0.25|0.5|1.0,aipw_variance,-1.0,1.0,obsval,4.0,0.1,30,0.1,crossfit_rank_empty_standdown,1.0,4,50,1,598.2986064208671,-0.08070120332692854,-0.08070120332692854,-0.08070120332692854,0.0,0.00011430972692911298,-8.747107232617466e-05,0.0,nan,0.0,reference,nan,nan,nan,nan,nan,random_forest,lasso,0.000513068551246445,nan,nan,nan,nan,nan,nan,nan,0.0,0.13166666666666665,nan,0.0,0,35,nan,0.04430379746835443,0.0,0.0,0.0,-0.0589705429472355,-0.0589705429472355,0.0,nan,nan,0.8163464740587861,0.8163464740587861
real_breast_cancer_aligned,box,6000,0.05,1.0,estimated_residual_lowp_supported,cui_selective_ml,estimated,xgboost,xgboost,if_residual,1.0,0.0|0.25|0.5|1.0,aipw_variance,-1.0,1.0,obsval,4.0,0.1,30,0.1,crossfit_rank_empty_standdown,1.0,4,50,2,1201.255792482756,-0.05817334504817245,-0.05817334504817245,-0.05817334504817245,0.0,9.215879298021443e-05,-0.00010157262579961663,0.0,nan,0.0,reference,nan,nan,nan,nan,nan,logistic_l1,gradient_boosting,0.0009702974253968745,nan,nan,nan,nan,nan,nan,nan,0.0,0.12866666666666668,nan,0.0,0,31,nan,0.04015544041450777,0.0,0.0,0.0,-0.0868682322753012,-0.0868682322753012,0.0,nan,nan,0.5929983717555196,0.5929983717555196
real_breast_cancer_aligned,box,6000,0.05,1.0,estimated_residual_lowp_supported,cui_selective_ml,estimated,xgboost,xgboost,if_residual,1.0,0.0|0.25|0.5|1.0,aipw_variance,-1.0,1.0,obsval,4.0,0.1,30,0.1,crossfit_rank_empty_standdown,1.0,4,50,3,1799.2508747223765,-0.0785183048878178,-0.0785183048878178,-0.0785183048878178,0.0,0.00013033261896061511,-8.128554608332174e-05,0.0,nan,0.0,reference,nan,nan,nan,nan,nan,gradient_boosting,gradient_boosting,0.02769478306604112,nan,nan,nan,nan,nan,nan,nan,0.0,0.1305,nan,0.0,0,33,nan,0.0421455938697318,0.0,0.0,0.0,-0.03088287907708914,-0.03088287907708914,0.0,nan,nan,0.6088742768210325,0.6088742768210325
real_breast_cancer_aligned,box,6000,0.05,1.0,estimated_residual_lowp_supported,cui_selective_ml,estimated,xgboost,xgboost,if_residual,1.0,0.0|0.25|0.5|1.0,aipw_variance,-1.0,1.0,obsval,4.0,0.1,30,0.1,crossfit_rank_empty_standdown,1.0,4,50,4,2402.967158623971,-0.009124700873533731,-0.009124700873533731,-0.009124700873533731,0.0,0.0003065591310782599,-0.0002006111230525849,0.0,nan,0.0,reference,nan,nan,nan,nan,nan,gradient_boosting,random_forest,0.001625235772042743,nan,nan,nan,nan,nan,nan,nan,0.075,0.13133333333333333,0.7755555555555556,0.44289340101522845,72,52,0.16,0.06598984771573604,-0.014904151689313432,-0.014904151689313432,0.0,-0.035917896276559114,-0.035917896276559114,0.0,0.5183517659473658,0.5183517659473658,0.5783255037272234,0.5783255037272234
real_breast_cancer_aligned,box,6000,0.05,1.0,estimated_residual_lowp_supported,cui_selective_ml,estimated,xgboost,xgboost,if_residual,1.0,0.0|0.25|0.5|1.0,aipw_variance,-1.0,1.0,obsval,4.0,0.1,30,0.1,crossfit_rank_empty_standdown,1.0,4,50,1,606.7738482253626,-0.027980342519962287,-0.027980342519962287,-0.027980342519962287,0.0,0.0001055800577679409,-0.00011592351867146069,0.0,nan,0.0,reference,nan,nan,nan,nan,nan,gradient_boosting,lasso,0.0006738652734350779,nan,nan,nan,nan,nan,nan,nan,0.0,0.13266666666666665,nan,0.0,0,38,nan,0.04773869346733668,0.0,0.0,0.0,-0.04068302782847555,-0.04068302782847555,0.0,nan,nan,0.704034539241616,0.704034539241616
real_breast_cancer_aligned,box,6000,0.05,1.0,estimated_residual_lowp_supported,cui_selective_ml,estimated,xgboost,xgboost,if_residual,1.0,0.0|0.25|0.5|1.0,aipw_variance,-1.0,1.0,obsval,4.0,0.1,30,0.1,crossfit_rank_empty_standdown,1.0,4,50,2,1219.0587067613378,-0.06005117074088118,-0.06005117074088118,-0.06005117074088118,0.0,7.071453083254745e-05,-8.196669021799663e-05,0.0,nan,0.0,reference,nan,nan,nan,nan,nan,gradient_boosting,lasso,0.001061438415987743,nan,nan,nan,nan,nan,nan,nan,0.0,0.12916666666666668,nan,0.0,0,44,nan,0.0567741935483871,0.0,0.0,0.0,-0.04500821426920829,-0.04500821426920829,0.0,nan,nan,0.7921521782303044,0.7921521782303044
real_breast_cancer_aligned,box,6000,0.05,1.0,estimated_residual_lowp_supported,cui_selective_ml,estimated,xgboost,xgboost,if_residual,1.0,0.0|0.25|0.5|1.0,aipw_variance,-1.0,1.0,obsval,4.0,0.1,30,0.1,crossfit_rank_empty_standdown,1.0,4,50,3,1820.5055239787325,-0.07108584377469479,-0.07108584377469479,-0.07108584377469479,0.0,0.00019359464537827172,-4.3911564204277475e-05,0.0,nan,0.0,reference,nan,nan,nan,nan,nan,logistic_l1,lasso,0.0005557585771420327,nan,nan,nan,nan,nan,nan,nan,0.0,0.13016666666666668,nan,0.0,0,30,nan,0.03841229193341869,0.0,0.0,0.0,-0.008648320824915668,-0.008648320824915668,0.0,nan,nan,0.8116121845570241,0.8116121845570241
real_breast_cancer_aligned,box,6000,0.05,1.0,estimated_residual_lowp_supported,cui_selective_ml,estimated,xgboost,xgboost,if_residual,1.0,0.0|0.25|0.5|1.0,aipw_variance,-1.0,1.0,obsval,4.0,0.1,30,0.1,crossfit_rank_empty_standdown,1.0,4,50,4,2429.599209876731,-0.009975737601733425,-0.009975737601733425,-0.009975737601733425,0.0,0.00016214028508120784,-4.8068836748906994e-05,0.0,nan,0.0,reference,nan,nan,nan,nan,nan,gradient_boosting,lasso,0.0065573434731528634,nan,nan,nan,nan,nan,nan,nan,0.075,0.1245,0.7911111111111111,0.47657295850066933,51,40,0.11333333333333333,0.0535475234270415,-0.017740833024427118,-0.017740833024427118,0.0,-0.03570717010749812,-0.03570717010749812,0.0,0.5734818283408567,0.5734818283408567,0.62425422528886,0.62425422528886
real_breast_cancer_aligned,box,6000,0.05,1.0,estimated_residual_lowp_supported,cui_selective_ml,estimated,xgboost,xgboost,if_residual,1.0,0.0|0.25|0.5|1.0,aipw_variance,-1.0,1.0,obsval,4.0,0.1,30,0.1,crossfit_rank_empty_standdown,1.0,4,50,1,600.9306148868054,-0.055282734590024585,-0.055282734590024585,-0.055282734590024585,0.0,0.00011305316427747043,-0.00015684309591546312,0.0,nan,0.0,reference,nan,nan,nan,nan,nan,gradient_boosting,lasso,0.0009676872986338499,nan,nan,nan,nan,nan,nan,nan,0.0,0.12783333333333333,nan,0.0,0,33,nan,0.04302477183833116,0.0,0.0,0.0,-0.04807920531893753,-0.04807920531893753,0.0,nan,nan,0.8079921518343589,0.8079921518343589
real_breast_cancer_aligned,box,6000,0.05,1.0,estimated_residual_lowp_supported,cui_selective_ml,estimated,xgboost,xgboost,if_residual,1.0,0.0|0.25|0.5|1.0,aipw_variance,-1.0,1.0,obsval,4.0,0.1,30,0.1,crossfit_rank_empty_standdown,1.0,4,50,2,1206.082373677753,-0.03820974367985297,-0.03820974367985297,-0.03820974367985297,0.0,0.00011289439807508211,-0.0001838846373692604,0.0,nan,0.0,reference,nan,nan,nan,nan,nan,gradient_boosting,lasso,0.0008443170862312993,nan,nan,nan,nan,nan,nan,nan,0.0,0.13233333333333333,nan,0.0,0,30,nan,0.037783375314861464,0.0,0.0,0.0,-0.04137615640158293,-0.04137615640158293,0.0,nan,nan,0.7946985360477826,0.7946985360477826
real_breast_cancer_aligned,box,6000,0.05,1.0,estimated_residual_lowp_supported,cui_selective_ml,estimated,xgboost,xgboost,if_residual,1.0,0.0|0.25|0.5|1.0,aipw_variance,-1.0,1.0,obsval,4.0,0.1,30,0.1,crossfit_rank_empty_standdown,1.0,4,50,3,1808.105288037099,-0.005312300381866142,-0.005312300381866142,-0.005312300381866142,0.0,9.568419704701235e-05,-0.00012269700364945406,0.0,nan,0.0,reference,nan,nan,nan,nan,nan,gradient_boosting,random_forest,0.002321021405046538,nan,nan,nan,nan,nan,nan,nan,0.1,0.133,0.8366666666666667,0.6290726817042607,54,35,0.09,0.043859649122807015,-0.018814568213932976,-0.018814568213932976,0.0,-0.030403904277710326,-0.030403904277710326,0.0,0.4874561916531514,0.4874561916531514,0.5470756388823481,0.5470756388823481
real_breast_cancer_aligned,box,6000,0.05,1.0,estimated_residual_lowp_supported,cui_selective_ml,estimated,xgboost,xgboost,if_residual,1.0,0.0|0.25|0.5|1.0,aipw_variance,-1.0,1.0,obsval,4.0,0.1,30,0.1,crossfit_rank_empty_standdown,1.0,4,50,4,2419.51830199454,-0.050097878531647766,-0.050097878531647766,-0.050097878531647766,0.0,0.00015841109964952237,-7.557733572680103e-05,0.0,nan,0.0,reference,nan,nan,nan,nan,nan,gradient_boosting,lasso,0.00887066357458382,nan,nan,nan,nan,nan,nan,nan,0.0,0.12683333333333333,nan,0.0,0,29,nan,0.03810775295663601,0.0,0.0,0.0,-0.031402971116600835,-0.031402971116600835,0.0,nan,nan,0.7751769039482317,0.7751769039482317
real_breast_cancer_aligned,box,6000,0.05,1.0,estimated_residual_lowp_supported,cui_selective_ml,estimated,xgboost,xgboost,if_residual,1.0,0.0|0.25|0.5|1.0,aipw_variance,-1.0,1.0,obsval,4.0,0.1,30,0.1,crossfit_rank_empty_standdown,1.0,4,50,1,613.3077995022759,-0.04830986124004699,-0.04830986124004699,-0.04830986124004699,0.0,9.83518130183538e-05,-4.4175019652578694e-05,0.0,nan,0.0,reference,nan,nan,nan,nan,nan,gradient_boosting,random_forest,0.004976621040612898,nan,nan,nan,nan,nan,nan,nan,0.1,0.131,0.7783333333333333,0.594147582697201,80,57,0.13333333333333333,0.07251908396946564,-0.01958437559088224,-0.01958437559088224,0.0,-0.03600986540006419,-0.03600986540006419,0.0,0.5176552563579239,0.5176552563579239,0.5904040467192635,0.5904040467192635
real_breast_cancer_aligned,box,6000,0.05,1.0,estimated_residual_lowp_supported,cui_selective_ml,estimated,xgboost,xgboost,if_residual,1.0,0.0|0.25|0.5|1.0,aipw_variance,-1.0,1.0,obsval,4.0,0.1,30,0.1,crossfit_rank_empty_standdown,1.0,4,50,2,1222.6005693459883,-0.05609410110665569,-0.05609410110665569,-0.05609410110665569,0.0,0.0001599742768069914,-0.00019444989391665757,0.0,nan,0.0,reference,nan,nan,nan,nan,nan,gradient_boosting,lasso,0.027285096867323316,nan,nan,nan,nan,nan,nan,nan,0.1,0.1305,0.835,0.6398467432950191,61,45,0.10166666666666667,0.05747126436781609,-0.02349694716401615,-0.02349694716401615,0.0,-0.04138579834185943,-0.04138579834185943,0.0,0.6720549979720833,0.6720549979720833,0.7509777160684992,0.7509777160684992
real_breast_cancer_aligned,box,6000,0.05,1.0,estimated_residual_lowp_supported,cui_selective_ml,estimated,xgboost,xgboost,if_residual,1.0,0.0|0.25|0.5|1.0,aipw_variance,-1.0,1.0,obsval,4.0,0.1,30,0.1,crossfit_rank_empty_standdown,1.0,4,50,3,1829.0683584623039,-0.05276155071636929,-0.05276155071636929,-0.05276155071636929,0.0,0.00013293128100850616,-0.00010605267846997696,0.0,nan,0.0,reference,nan,nan,nan,nan,nan,gradient_boosting,lasso,0.010517946111767904,nan,nan,nan,nan,nan,nan,nan,0.0,0.13083333333333333,nan,0.0,0,37,nan,0.04713375796178344,0.0,0.0,0.0,-0.04580251996285253,-0.04580251996285253,0.0,nan,nan,0.697625352424126,0.697625352424126
real_breast_cancer_aligned,box,6000,0.05,1.0,estimated_residual_lowp_supported,cui_selective_ml,estimated,xgboost,xgboost,if_residual,1.0,0.0|0.25|0.5|1.0,aipw_variance,-1.0,1.0,obsval,4.0,0.1,30,0.1,crossfit_rank_empty_standdown,1.0,4,50,4,2437.864332234487,-0.021556685256608643,-0.021556685256608643,-0.021556685256608643,0.0,8.601006726685449e-05,-6.880131489093869e-05,0.0,nan,0.0,reference,nan,nan,nan,nan,nan,gradient_boosting,lasso,0.000909525890560614,nan,nan,nan,nan,nan,nan,nan,0.0,0.1325,nan,0.0,0,44,nan,0.055345911949685536,0.0,0.0,0.0,-0.03991191147460683,-0.03991191147460683,0.0,nan,nan,0.7884376490489341,0.7884376490489341
real_breast_cancer_aligned,box,6000,0.05,1.0,estimated_residual_lowp_supported,cui_selective_ml,estimated,xgboost,xgboost,if_residual,1.0,0.0|0.25|0.5|1.0,aipw_variance,-1.0,1.0,obsval,4.0,0.1,30,0.1,crossfit_rank_empty_standdown,1.0,4,50,1,604.3373277662322,-0.02580402542028254,-0.02580402542028254,-0.02580402542028254,0.0,0.00010708836573737049,-4.419983573287296e-05,0.0,nan,0.0,reference,nan,nan,nan,nan,nan,gradient_boosting,gradient_boosting,0.009520585839499817,nan,nan,nan,nan,nan,nan,nan,0.1,0.13266666666666665,0.83,0.6256281407035176,58,36,0.09666666666666666,0.04522613065326633,-0.015784869388076224,-0.015784869388076224,0.0,-0.029057748079463083,-0.029057748079463083,0.0,0.49579769281196195,0.49579769281196195,0.5771717310214043,0.5771717310214043
real_breast_cancer_aligned,box,6000,0.05,1.0,estimated_residual_lowp_supported,cui_selective_ml,estimated,xgboost,xgboost,if_residual,1.0,0.0|0.25|0.5|1.0,aipw_variance,-1.0,1.0,obsval,4.0,0.1,30,0.1,crossfit_rank_empty_standdown,1.0,4,50,2,1205.862873136066,-0.019389254913321385,-0.019389254913321385,-0.019389254913321385,0.0,0.00015794868119747688,-9.052313270385681e-05,0.0,nan,0.0,reference,nan,nan,nan,nan,nan,gradient_boosting,random_forest,0.00020226060530533613,nan,nan,nan,nan,nan,nan,nan,0.05,0.131,0.8433333333333334,0.32188295165394404,32,42,0.10666666666666667,0.05343511450381679,-0.01049256122355627,-0.01049256122355627,0.0,-0.031408952430855425,-0.031408952430855425,0.0,0.49844377172878673,0.49844377172878673,0.5707863107991322,0.5707863107991322
real_breast_cancer_aligned,box,6000,0.05,1.0,estimated_residual_lowp_supported,cui_selective_ml,estimated,xgboost,xgboost,if_residual,1.0,0.0|0.25|0.5|1.0,aipw_variance,-1.0,1.0,obsval,4.0,0.1,30,0.1,crossfit_rank_empty_standdown,1.0,4,50,3,1810.4278015801683,-0.0498914912459586,-0.0498914912459586,-0.0498914912459586,0.0,8.334558386785236e-05,-3.016944587469467e-05,0.0,nan,0.0,reference,nan,nan,nan,nan,nan,gradient_boosting,gradient_boosting,0.012042347622825307,nan,nan,nan,nan,nan,nan,nan,0.1,0.13633333333333333,0.8683333333333333,0.636919315403423,49,43,0.08166666666666667,0.05256723716381418,-0.019361552497267644,-0.019361552497267644,0.0,-0.03251577751630198,-0.03251577751630198,0.0,0.5390364585896497,0.5390364585896497,0.5947512793591476,0.5947512793591476
real_breast_cancer_aligned,box,6000,0.05,1.0,estimated_residual_lowp_supported,cui_selective_ml,estimated,xgboost,xgboost,if_residual,1.0,0.0|0.25|0.5|1.0,aipw_variance,-1.0,1.0,obsval,4.0,0.1,30,0.1,crossfit_rank_empty_standdown,1.0,4,50,4,2416.596413266845,0.00065898034944184,0.00065898034944184,0.00065898034944184,0.0,0.00028802598952410536,-0.00032272262716180654,0.0,nan,0.0,reference,nan,nan,nan,nan,nan,random_forest,lasso,0.0005121474665414122,nan,nan,nan,nan,nan,nan,nan,0.0,0.13366666666666666,nan,0.0,0,46,nan,0.057356608478802994,0.0,0.0,0.0,-0.03452413667963309,-0.03452413667963309,0.0,nan,nan,0.5325109563519378,0.5325109563519378
real_breast_cancer_aligned,box,6000,0.05,1.0,estimated_residual_lowp_supported,cui_selective_ml,estimated,xgboost,xgboost,if_residual,1.0,0.0|0.25|0.5|1.0,aipw_variance,-1.0,1.0,obsval,4.0,0.1,30,0.1,crossfit_rank_empty_standdown,1.0,4,50,1,610.047214936465,-0.08790313603738559,-0.08790313603738559,-0.08790313603738559,0.0,0.00013213253981524944,-0.00012259265213084372,0.0,nan,0.0,reference,nan,nan,nan,nan,nan,gradient_boosting,lasso,0.04909740730455557,nan,nan,nan,nan,nan,nan,nan,0.0,0.12616666666666668,nan,0.0,0,39,nan,0.05151915455746367,0.0,0.0,0.0,-0.03714570876650772,-0.03714570876650772,0.0,nan,nan,0.6468800348586128,0.6468800348586128
real_breast_cancer_aligned,box,6000,0.05,1.0,estimated_residual_lowp_supported,cui_selective_ml,estimated,xgboost,xgboost,if_residual,1.0,0.0|0.25|0.5|1.0,aipw_variance,-1.0,1.0,obsval,4.0,0.1,30,0.1,crossfit_rank_empty_standdown,1.0,4,50,2,1214.2967278920114,-0.0695080489086059,-0.0695080489086059,-0.0695080489086059,0.0,7.818690092958945e-05,-9.251484997439125e-05,0.0,nan,0.0,reference,nan,nan,nan,nan,nan,gradient_boosting,random_forest,0.00046589625116214993,nan,nan,nan,nan,nan,nan,nan,0.05,0.12933333333333333,0.78,0.3015463917525773,38,33,0.12666666666666668,0.04252577319587629,-0.011751640325665013,-0.011751640325665013,0.0,-0.03825247997701769,-0.03825247997701769,0.0,0.5382277886855291,0.5382277886855291,0.6144329764447939,0.6144329764447939
real_breast_cancer_aligned,box,6000,0.05,1.0,estimated_residual_lowp_supported,cui_selective_ml,estimated,xgboost,xgboost,if_residual,1.0,0.0|0.25|0.5|1.0,aipw_variance,-1.0,1.0,obsval,4.0,0.1,30,0.1,crossfit_rank_empty_standdown,1.0,4,50,3,1831.0260179741308,-0.046930015355493016,-0.046930015355493016,-0.046930015355493016,0.0,7.450905747671767e-05,-6.9669000020321e-05,0.0,nan,0.0,reference,nan,nan,nan,nan,nan,random_forest,gradient_boosting,0.004136342596848441,nan,nan,nan,nan,nan,nan,nan,0.05,0.13183333333333333,0.8066666666666666,0.3059418457648546,36,46,0.12,0.05815423514538559,-0.01129296837951828,-0.01129296837951828,0.0,-0.040859342617927445,-0.040859342617927445,0.0,0.5787477700813857,0.5787477700813857,0.6246669830711289,0.6246669830711289
real_breast_cancer_aligned,box,6000,0.05,1.0,estimated_residual_lowp_supported,cui_selective_ml,estimated,xgboost,xgboost,if_residual,1.0,0.0|0.25|0.5|1.0,aipw_variance,-1.0,1.0,obsval,4.0,0.1,30,0.1,crossfit_rank_empty_standdown,1.0,4,50,4,2446.5218983944505,-0.04639170065163262,-0.04639170065163262,-0.04639170065163262,0.0,0.00015184881616825158,-0.00015650807142531198,0.0,nan,0.0,reference,nan,nan,nan,nan,nan,gradient_boosting,lasso,0.06553389145944934,nan,nan,nan,nan,nan,nan,nan,0.1,0.1315,0.8333333333333334,0.6337135614702155,52,40,0.08666666666666667,0.050697084917617236,-0.021678463933799862,-0.021678463933799862,0.0,-0.0414061532789909,-0.0414061532789909,0.0,0.6730902120683835,0.6730902120683835,0.7452318224839166,0.7452318224839166
real_breast_cancer_aligned,box,6000,0.05,1.0,estimated_residual_lowp_supported,cui_selective_ml,estimated,xgboost,xgboost,if_residual,1.0,0.0|0.25|0.5|1.0,aipw_variance,-1.0,1.0,obsval,4.0,0.1,30,0.1,crossfit_rank_empty_standdown,1.0,4,50,1,609.2527274182066,-0.04386235566653873,-0.04386235566653873,-0.04386235566653873,0.0,0.00010278827676289139,-9.798977002305447e-05,0.0,nan,0.0,reference,nan,nan,nan,nan,nan,gradient_boosting,gradient_boosting,0.0007439459653923155,nan,nan,nan,nan,nan,nan,nan,0.0,0.128,nan,0.0,0,38,nan,0.049479166666666664,0.0,0.0,0.0,-0.033077049884401695,-0.033077049884401695,0.0,nan,nan,0.6574982998513139,0.6574982998513139
real_breast_cancer_aligned,box,6000,0.05,1.0,estimated_residual_lowp_supported,cui_selective_ml,estimated,xgboost,xgboost,if_residual,1.0,0.0|0.25|0.5|1.0,aipw_variance,-1.0,1.0,obsval,4.0,0.1,30,0.1,crossfit_rank_empty_standdown,1.0,4,50,2,1213.411991992034,-0.026614805140578235,-0.026614805140578235,-0.026614805140578235,0.0,8.729616363596236e-05,-5.1664601841890545e-05,0.0,nan,0.0,reference,nan,nan,nan,nan,nan,logistic_l1,lasso,0.00026261731742320684,nan,nan,nan,nan,nan,nan,nan,0.0,0.13433333333333333,nan,0.0,0,43,nan,0.05334987593052109,0.0,0.0,0.0,-0.03225065930645052,-0.03225065930645052,0.0,nan,nan,0.5958577645395857,0.5958577645395857
real_breast_cancer_aligned,box,6000,0.05,1.0,estimated_residual_lowp_supported,cui_selective_ml,estimated,xgboost,xgboost,if_residual,1.0,0.0|0.25|0.5|1.0,aipw_variance,-1.0,1.0,obsval,4.0,0.1,30,0.1,crossfit_rank_empty_standdown,1.0,4,50,3,1824.6839439924806,-0.04706437128936325,-0.04706437128936325,-0.04706437128936325,0.0,0.00011479922945413165,-2.7915276903993543e-05,0.0,nan,0.0,reference,nan,nan,nan,nan,nan,logistic_l1,random_forest,0.000307682673945545,nan,nan,nan,nan,nan,nan,nan,0.0,0.129,nan,0.0,0,30,nan,0.03875968992248062,0.0,0.0,0.0,-0.16533671880559495,-0.16533671880559495,0.0,nan,nan,0.6118970529775577,0.6118970529775577
real_breast_cancer_aligned,box,6000,0.05,1.0,estimated_residual_lowp_supported,cui_selective_ml,estimated,xgboost,xgboost,if_residual,1.0,0.0|0.25|0.5|1.0,aipw_variance,-1.0,1.0,obsval,4.0,0.1,30,0.1,crossfit_rank_empty_standdown,1.0,4,50,4,2431.1546700214967,-0.03331826258378828,-0.03331826258378828,-0.03331826258378828,0.0,7.344023703039935e-05,-9.861174333808105e-05,0.0,nan,0.0,reference,nan,nan,nan,nan,nan,gradient_boosting,random_forest,0.0019735851360303124,nan,nan,nan,nan,nan,nan,nan,0.0,0.13,nan,0.0,0,43,nan,0.05512820512820513,0.0,0.0,0.0,-0.03444030400779155,-0.03444030400779155,0.0,nan,nan,0.5840942732476286,0.5840942732476286
real_breast_cancer_aligned,box,6000,0.05,1.0,estimated_residual_lowp_supported,cui_selective_ml,estimated,xgboost,xgboost,if_residual,1.0,0.0|0.25|0.5|1.0,aipw_variance,-1.0,1.0,obsval,4.0,0.1,30,0.1,crossfit_rank_empty_standdown,1.0,4,50,1,613.3773867283016,-0.03037360151314289,-0.03037360151314289,-0.03037360151314289,0.0,6.977901089901635e-05,-5.358912292258177e-05,0.0,nan,0.0,reference,nan,nan,nan,nan,nan,gradient_boosting,random_forest,0.0004918782011038794,nan,nan,nan,nan,nan,nan,nan,0.0,0.134,nan,0.0,0,48,nan,0.05970149253731343,0.0,0.0,0.0,-0.03839155484642586,-0.03839155484642586,0.0,nan,nan,0.5748344821602485,0.5748344821602485
real_breast_cancer_aligned,box,6000,0.05,1.0,estimated_residual_lowp_supported,cui_selective_ml,estimated,xgboost,xgboost,if_residual,1.0,0.0|0.25|0.5|1.0,aipw_variance,-1.0,1.0,obsval,4.0,0.1,30,0.1,crossfit_rank_empty_standdown,1.0,4,50,2,1217.1954016443342,-0.07430556194080157,-0.07430556194080157,-0.07430556194080157,0.0,6.781692552260328e-05,-5.360169568927519e-06,0.0,nan,0.0,reference,nan,nan,nan,nan,nan,gradient_boosting,lasso,0.0004023737197583315,nan,nan,nan,nan,nan,nan,nan,0.1,0.13233333333333333,0.8583333333333333,0.6486146095717884,54,30,0.09,0.037783375314861464,-0.017288679531100613,-0.017288679531100613,0.0,-0.03476968553545024,-0.03476968553545024,0.0,0.7075614886154333,0.7075614886154333,0.7549579256146723,0.7549579256146723
real_breast_cancer_aligned,box,6000,0.05,1.0,estimated_residual_lowp_supported,cui_selective_ml,estimated,xgboost,xgboost,if_residual,1.0,0.0|0.25|0.5|1.0,aipw_variance,-1.0,1.0,obsval,4.0,0.1,30,0.1,crossfit_rank_empty_standdown,1.0,4,50,3,1825.7976396270096,-0.03026025543023453,-0.03026025543023453,-0.03026025543023453,0.0,0.00016546702448875486,-7.797713331339994e-06,0.0,nan,0.0,reference,nan,nan,nan,nan,nan,gradient_boosting,lasso,0.007992848295548364,nan,nan,nan,nan,nan,nan,nan,0.1,0.12933333333333333,0.82,0.634020618556701,59,52,0.09833333333333333,0.06701030927835051,-0.023904815758429673,-0.023904815758429673,0.0,-0.04452904491383635,-0.04452904491383635,0.0,0.637608874228763,0.637608874228763,0.7249732257531375,0.7249732257531375
real_breast_cancer_aligned,box,6000,0.05,1.0,estimated_residual_lowp_supported,cui_selective_ml,estimated,xgboost,xgboost,if_residual,1.0,0.0|0.25|0.5|1.0,aipw_variance,-1.0,1.0,obsval,4.0,0.1,30,0.1,crossfit_rank_empty_standdown,1.0,4,50,4,2429.2641077479348,-0.02089514677454568,-0.02089514677454568,-0.02089514677454568,0.0,5.1913417243652825e-05,-7.470009868499239e-05,0.0,nan,0.0,reference,nan,nan,nan,nan,nan,gradient_boosting,lasso,0.0012424708938139298,nan,nan,nan,nan,nan,nan,nan,0.1,0.13,0.78,0.6,73,47,0.12166666666666667,0.06025641025641026,-0.022340055839340595,-0.022340055839340595,0.0,-0.03677219698085684,-0.03677219698085684,0.0,0.5640453189133187,0.5640453189133187,0.6169261880455013,0.6169261880455013
real_breast_cancer_aligned,box,6000,0.05,1.0,estimated_residual_lowp_supported,cui_selective_ml,estimated,xgboost,xgboost,if_residual,1.0,0.0|0.25|0.5|1.0,aipw_variance,-1.0,1.0,obsval,4.0,0.1,30,0.1,crossfit_rank_empty_standdown,1.0,4,50,1,601.2797546954826,0.004429935067243762,0.004429935067243762,0.004429935067243762,0.0,0.00011556121513071611,-7.830259086513095e-05,0.0,nan,0.0,reference,nan,nan,nan,nan,nan,gradient_boosting,lasso,0.00113634706395379,nan,nan,nan,nan,nan,nan,nan,0.075,0.132,0.7955555555555556,0.45202020202020204,48,49,0.10666666666666667,0.06186868686868687,-0.017097393354488885,-0.017097393354488885,0.0,-0.03399163518274601,-0.03399163518274601,0.0,0.5390110965953571,0.5390110965953571,0.5851579172085962,0.5851579172085962
real_breast_cancer_aligned,box,6000,0.05,1.0,estimated_residual_lowp_supported,cui_selective_ml,estimated,xgboost,xgboost,if_residual,1.0,0.0|0.25|0.5|1.0,aipw_variance,-1.0,1.0,obsval,4.0,0.1,30,0.1,crossfit_rank_empty_standdown,1.0,4,50,2,1202.3510523522273,-0.007900549723511063,-0.010556480731913287,-0.007900549723511063,-0.0026559310084022236,0.00011703094300461912,-5.2145791628355014e-05,0.0,nan,0.5,if_residual,nan,nan,nan,nan,nan,gradient_boosting,lasso,0.005838471024458323,nan,nan,nan,nan,nan,nan,nan,0.0,0.13166666666666665,nan,0.0,0,50,nan,0.06329113924050633,0.0,0.0,0.0,-0.043400139981227,-0.04097446303507956,0.0024256769461474398,nan,nan,0.6678441955855517,0.6996989060171793
real_breast_cancer_aligned,box,6000,0.05,1.0,estimated_residual_lowp_supported,cui_selective_ml,estimated,xgboost,xgboost,if_residual,1.0,0.0|0.25|0.5|1.0,aipw_variance,-1.0,1.0,obsval,4.0,0.1,30,0.1,crossfit_rank_empty_standdown,1.0,4,50,3,1807.0628680177033,-0.050326182984531787,-0.050326182984531787,-0.050326182984531787,0.0,9.654450595589139e-05,-0.00011090633838065729,0.0,nan,0.0,reference,nan,nan,nan,nan,nan,gradient_boosting,gradient_boosting,0.00393173069401384,nan,nan,nan,nan,nan,nan,nan,0.1,0.1325,0.825,0.6226415094339622,65,39,0.10833333333333334,0.04905660377358491,-0.021327842058632158,-0.021327842058632158,0.0,-0.03792795896571167,-0.03792795896571167,0.0,0.5803338874133449,0.5803338874133449,0.6584546839032909,0.6584546839032909
real_breast_cancer_aligned,box,6000,0.05,1.0,estimated_residual_lowp_supported,cui_selective_ml,estimated,xgboost,xgboost,if_residual,1.0,0.0|0.25|0.5|1.0,aipw_variance,-1.0,1.0,obsval,4.0,0.1,30,0.1,crossfit_rank_empty_standdown,1.0,4,50,4,2419.2416915493086,-0.03540183058111651,-0.03540183058111651,-0.03540183058111651,0.0,8.317376653420587e-05,-8.463519134644748e-05,0.0,nan,0.0,reference,nan,nan,nan,nan,nan,gradient_boosting,gradient_boosting,0.015060910272085937,nan,nan,nan,nan,nan,nan,nan,0.1,0.13166666666666665,0.835,0.6341772151898735,53,40,0.08833333333333333,0.05063291139240506,-0.02053207926159324,-0.02053207926159324,0.0,-0.032263620659035284,-0.032263620659035284,0.0,0.5371129311483863,0.5371129311483863,0.5961082370034615,0.5961082370034615
real_breast_cancer_aligned,box,6000,0.05,1.0,estimated_residual_lowp_supported,cui_selective_ml,estimated,xgboost,xgboost,if_residual,1.0,0.0|0.25|0.5|1.0,aipw_variance,-1.0,1.0,obsval,4.0,0.1,30,0.1,crossfit_rank_empty_standdown,1.0,4,50,1,608.7364351265132,-0.04419052477605023,-0.04419052477605023,-0.04419052477605023,0.0,0.00010778321018723369,-3.604771377569121e-05,0.0,nan,0.0,reference,nan,nan,nan,nan,nan,gradient_boosting,lasso,0.011771199245240047,nan,nan,nan,nan,nan,nan,nan,0.0,0.1265,nan,0.0,0,43,nan,0.05665349143610013,0.0,0.0,0.0,-0.03806284629899572,-0.03806284629899572,0.0,nan,nan,0.6372462205715187,0.6372462205715187
real_breast_cancer_aligned,box,6000,0.05,1.0,estimated_residual_lowp_supported,cui_selective_ml,estimated,xgboost,xgboost,if_residual,1.0,0.0|0.25|0.5|1.0,aipw_variance,-1.0,1.0,obsval,4.0,0.1,30,0.1,crossfit_rank_empty_standdown,1.0,4,50,2,1212.0114837316796,-0.019627610009050833,-0.017243692999971416,-0.019627610009050833,0.002383917009079417,0.00013472317659368608,-1.606900254448216e-05,0.0,nan,0.5,if_residual,nan,nan,nan,nan,nan,logistic_l1,gradient_boosting,0.00018656019497153707,nan,nan,nan,nan,nan,nan,nan,0.1,0.1295,0.8433333333333334,0.6512226512226512,55,35,0.09166666666666666,0.04504504504504504,-0.07711879265166652,-0.08122657551761413,-0.0041077828659476096,-0.0955477961834373,-0.09971282337536733,-0.004165027191930029,0.6056556595720647,0.6730042659560175,0.667598309333089,0.7254258513490759
real_breast_cancer_aligned,box,6000,0.05,1.0,estimated_residual_lowp_supported,cui_selective_ml,estimated,xgboost,xgboost,if_residual,1.0,0.0|0.25|0.5|1.0,aipw_variance,-1.0,1.0,obsval,4.0,0.1,30,0.1,crossfit_rank_empty_standdown,1.0,4,50,3,1816.910922111012,-0.018122708059747084,-0.018122708059747084,-0.018122708059747084,0.0,0.00019417535469813273,-9.677424977451297e-05,0.0,nan,0.0,reference,nan,nan,nan,nan,nan,logistic_l1,gradient_boosting,0.0007430398668362113,nan,nan,nan,nan,nan,nan,nan,0.0,0.13366666666666666,nan,0.0,0,39,nan,0.048628428927680795,0.0,0.0,0.0,-0.08573202138877362,-0.08573202138877362,0.0,nan,nan,0.665918122695649,0.665918122695649
real_breast_cancer_aligned,box,6000,0.05,1.0,estimated_residual_lowp_supported,cui_selective_ml,estimated,xgboost,xgboost,if_residual,1.0,0.0|0.25|0.5|1.0,aipw_variance,-1.0,1.0,obsval,4.0,0.1,30,0.1,crossfit_rank_empty_standdown,1.0,4,50,4,2427.0133736422285,-0.05238753287395942,-0.05238753287395942,-0.05238753287395942,0.0,0.0001290609974421487,-0.00011334258974755743,0.0,nan,0.0,reference,nan,nan,nan,nan,nan,gradient_boosting,lasso,0.06563172456780286,nan,nan,nan,nan,nan,nan,nan,0.05,0.13316666666666666,0.82,0.3078848560700876,39,49,0.13,0.06132665832290363,-0.01503579564434625,-0.01503579564434625,0.0,-0.04808886006389388,-0.04808886006389388,0.0,0.70314411825054,0.70314411825054,0.7511472831189274,0.7511472831189274
real_breast_cancer_aligned,box,6000,0.05,1.0,estimated_residual_lowp_supported,cui_selective_ml,estimated,xgboost,xgboost,if_residual,1.0,0.0|0.25|0.5|1.0,aipw_variance,-1.0,1.0,obsval,4.0,0.1,30,0.1,crossfit_rank_empty_standdown,1.0,4,50,1,606.4924350427464,-0.0396187288286291,-0.0396187288286291,-0.0396187288286291,0.0,0.00012860002480383301,-2.7545546694650075e-05,0.0,nan,0.0,reference,nan,nan,nan,nan,nan,gradient_boosting,random_forest,0.00246342173521523,nan,nan,nan,nan,nan,nan,nan,0.1,0.1305,0.8266666666666667,0.6334610472541508,69,41,0.115,0.05236270753512133,-0.019022087522228087,-0.019022087522228087,0.0,-0.034986157972232326,-0.034986157972232326,0.0,0.5264855831669003,0.5264855831669003,0.59753649962099,0.59753649962099
real_breast_cancer_aligned,box,6000,0.05,1.0,estimated_residual_lowp_supported,cui_selective_ml,estimated,xgboost,xgboost,if_residual,1.0,0.0|0.25|0.5|1.0,aipw_variance,-1.0,1.0,obsval,4.0,0.1,30,0.1,crossfit_rank_empty_standdown,1.0,4,50,2,1211.9982207957655,-0.04458342849031838,-0.04458342849031838,-0.04458342849031838,0.0,9.879445442395455e-05,-7.725695598308105e-05,0.0,nan,0.0,reference,nan,nan,nan,nan,nan,gradient_boosting,lasso,0.02895198192717895,nan,nan,nan,nan,nan,nan,nan,0.0,0.13216666666666665,nan,0.0,0,47,nan,0.05926860025220681,0.0,0.0,0.0,-0.04496518575368416,-0.04496518575368416,0.0,nan,nan,0.6590282080994323,0.6590282080994323
real_breast_cancer_aligned,box,6000,0.05,1.0,estimated_residual_lowp_supported,cui_selective_ml,estimated,xgboost,xgboost,if_residual,1.0,0.0|0.25|0.5|1.0,aipw_variance,-1.0,1.0,obsval,4.0,0.1,30,0.1,crossfit_rank_empty_standdown,1.0,4,50,3,1812.8157554902136,-0.02620193639181584,-0.02620193639181584,-0.02620193639181584,0.0,8.393854342892901e-05,-5.867865933729396e-05,0.0,nan,0.0,reference,nan,nan,nan,nan,nan,gradient_boosting,gradient_boosting,0.003162328369365574,nan,nan,nan,nan,nan,nan,nan,0.0,0.13616666666666666,nan,0.0,0,38,nan,0.046511627906976744,0.0,0.0,0.0,-0.03880362344954717,-0.03880362344954717,0.0,nan,nan,0.6231620292900677,0.6231620292900677
real_breast_cancer_aligned,box,6000,0.05,1.0,estimated_residual_lowp_supported,cui_selective_ml,estimated,xgboost,xgboost,if_residual,1.0,0.0|0.25|0.5|1.0,aipw_variance,-1.0,1.0,obsval,4.0,0.1,30,0.1,crossfit_rank_empty_standdown,1.0,4,50,4,2420.5221963338554,-0.02118653800299647,-0.0188312536949809,-0.02118653800299647,0.0023552843080155705,0.00025963704050131677,-0.00011982658859160716,0.0,nan,0.25,if_residual,nan,nan,nan,nan,nan,gradient_boosting,lasso,0.0012630882415595934,nan,nan,nan,nan,nan,nan,nan,0.05,0.12616666666666668,0.85,0.3368560105680317,34,43,0.11333333333333333,0.05680317040951123,-0.015175965686720415,-0.012806535356075382,0.0023694303306450327,-0.04921292580111402,-0.045467807584305936,0.003745118216808084,0.7250439003654632,0.6338938906662329,0.7641623395081903,0.7169281043211524
real_breast_cancer_aligned,box,6000,0.05,1.0,estimated_residual_lowp_supported,cui_selective_ml,estimated,xgboost,xgboost,if_residual,1.0,0.0|0.25|0.5|1.0,aipw_variance,-1.0,1.0,obsval,4.0,0.1,30,0.1,crossfit_rank_empty_standdown,1.0,4,50,1,609.8932627532631,-0.055555517569007284,-0.055555517569007284,-0.055555517569007284,0.0,8.993582118177414e-05,-6.198900374991128e-05,0.0,nan,0.0,reference,nan,nan,nan,nan,nan,gradient_boosting,lasso,0.0009704653408377018,nan,nan,nan,nan,nan,nan,nan,0.0,0.13116666666666665,nan,0.0,0,48,nan,0.060991105463786534,0.0,0.0,0.0,-0.04144575006773568,-0.04144575006773568,0.0,nan,nan,0.7562044438368628,0.7562044438368628
real_breast_cancer_aligned,box,6000,0.05,1.0,estimated_residual_lowp_supported,cui_selective_ml,estimated,xgboost,xgboost,if_residual,1.0,0.0|0.25|0.5|1.0,aipw_variance,-1.0,1.0,obsval,4.0,0.1,30,0.1,crossfit_rank_empty_standdown,1.0,4,50,2,1216.483313973993,-0.002520096678950756,-0.002520096678950756,-0.002520096678950756,0.0,0.00011653110453563765,-6.099167498276926e-05,0.0,nan,0.0,reference,nan,nan,nan,nan,nan,random_forest,random_forest,0.0010814140566823163,nan,nan,nan,nan,nan,nan,nan,0.1,0.13016666666666668,0.7883333333333333,0.6056338028169014,80,51,0.13333333333333333,0.06530089628681178,-0.015355588088303652,-0.015355588088303652,0.0,-0.029796217168517172,-0.029796217168517172,0.0,0.45026607871866225,0.45026607871866225,0.5076176603060475,0.5076176603060475
real_breast_cancer_aligned,box,6000,0.05,1.0,estimated_residual_lowp_supported,cui_selective_ml,estimated,xgboost,xgboost,if_residual,1.0,0.0|0.25|0.5|1.0,aipw_variance,-1.0,1.0,obsval,4.0,0.1,30,0.1,crossfit_rank_empty_standdown,1.0,4,50,3,1817.446849877946,-0.049479200649134414,-0.043782186076689045,-0.049479200649134414,0.005697014572445369,0.00018236411162978264,-0.00014612423293840432,0.0,nan,0.25,if_residual,nan,nan,nan,nan,nan,random_forest,lasso,0.0006241963561942934,nan,nan,nan,nan,nan,nan,nan,0.1,0.134,0.8366666666666667,0.6243781094527363,70,40,0.11666666666666667,0.04975124378109453,-0.02673513500981926,-0.024983815296954797,0.001751319712864463,-0.052291880466047776,-0.048701532348064326,0.0035903481179834495,0.6251439387051907,0.5820430216657495,0.70444242816358,0.6637868805508091
real_breast_cancer_aligned,box,6000,0.05,1.0,estimated_residual_lowp_supported,cui_selective_ml,estimated,xgboost,xgboost,if_residual,1.0,0.0|0.25|0.5|1.0,aipw_variance,-1.0,1.0,obsval,4.0,0.1,30,0.1,crossfit_rank_empty_standdown,1.0,4,50,4,2417.7400565398857,-0.022667215318637024,-0.022667215318637024,-0.022667215318637024,0.0,0.00010393635737629284,-0.0001159089528748172,0.0,nan,0.0,reference,nan,nan,nan,nan,nan,gradient_boosting,gradient_boosting,0.0005588007609172657,nan,nan,nan,nan,nan,nan,nan,0.0,0.13133333333333333,nan,0.0,0,42,nan,0.0532994923857868,0.0,0.0,0.0,-0.028357290853758408,-0.028357290853758408,0.0,nan,nan,0.5860642821012254,0.5860642821012254
real_breast_cancer_aligned,box,6000,0.05,1.0,estimated_residual_lowp_supported,cui_selective_ml,estimated,xgboost,xgboost,if_residual,1.0,0.0|0.25|0.5|1.0,aipw_variance,-1.0,1.0,obsval,4.0,0.1,30,0.1,crossfit_rank_empty_standdown,1.0,4,50,1,601.2810960663483,-0.03540910690893434,-0.03540910690893434,-0.03540910690893434,0.0,0.00013126717220722354,-8.230119014512828e-05,0.0,nan,0.0,reference,nan,nan,nan,nan,nan,gradient_boosting,random_forest,0.0013094454556873125,nan,nan,nan,nan,nan,nan,nan,0.1,0.129,0.8483333333333334,0.6576227390180879,53,33,0.08833333333333333,0.04263565891472868,-0.02073239648361804,-0.02073239648361804,0.0,-0.03248758171537997,-0.03248758171537997,0.0,0.5222499990773825,0.5222499990773825,0.5724669765022712,0.5724669765022712
real_breast_cancer_aligned,box,6000,0.05,1.0,estimated_residual_lowp_supported,cui_selective_ml,estimated,xgboost,xgboost,if_residual,1.0,0.0|0.25|0.5|1.0,aipw_variance,-1.0,1.0,obsval,4.0,0.1,30,0.1,crossfit_rank_empty_standdown,1.0,4,50,2,1205.3385680560023,-0.029716715559040596,-0.029716715559040596,-0.029716715559040596,0.0,0.00016599028046287967,-0.00021062523228876394,0.0,nan,0.0,reference,nan,nan,nan,nan,nan,random_forest,lasso,0.007134117401035246,nan,nan,nan,nan,nan,nan,nan,0.0,0.12983333333333333,nan,0.0,0,40,nan,0.051347881899871634,0.0,0.0,0.0,-0.04660514982448319,-0.04660514982448319,0.0,nan,nan,0.642539860711051,0.642539860711051
real_breast_cancer_aligned,box,6000,0.05,1.0,estimated_residual_lowp_supported,cui_selective_ml,estimated,xgboost,xgboost,if_residual,1.0,0.0|0.25|0.5|1.0,aipw_variance,-1.0,1.0,obsval,4.0,0.1,30,0.1,crossfit_rank_empty_standdown,1.0,4,50,3,1808.6282913945615,0.012002379666045615,0.012002379666045615,0.012002379666045615,0.0,0.00012622966099115618,-0.00013471436822194618,0.0,nan,0.0,reference,nan,nan,nan,nan,nan,gradient_boosting,lasso,0.0005643185609253032,nan,nan,nan,nan,nan,nan,nan,0.1,0.13733333333333334,0.875,0.6371359223300971,46,34,0.07666666666666666,0.0412621359223301,-0.01572486591724029,-0.01572486591724029,0.0,-0.032115462270963575,-0.032115462270963575,0.0,0.573281414119073,0.573281414119073,0.6241397202206356,0.6241397202206356
real_breast_cancer_aligned,box,6000,0.05,1.0,estimated_residual_lowp_supported,cui_selective_ml,estimated,xgboost,xgboost,if_residual,1.0,0.0|0.25|0.5|1.0,aipw_variance,-1.0,1.0,obsval,4.0,0.1,30,0.1,crossfit_rank_empty_standdown,1.0,4,50,4,2413.3551663560793,-0.08282407509775785,-0.08282407509775785,-0.08282407509775785,0.0,0.00011103455693650633,-0.00010544618065731835,0.0,nan,0.0,reference,nan,nan,nan,nan,nan,gradient_boosting,lasso,0.002076585754000997,nan,nan,nan,nan,nan,nan,nan,0.0,0.13383333333333333,nan,0.0,0,41,nan,0.05105853051058531,0.0,0.0,0.0,-0.04597150159343723,-0.04597150159343723,0.0,nan,nan,0.7727284429260016,0.7727284429260016
real_breast_cancer_aligned,box,6000,0.05,1.0,estimated_residual_lowp_supported,cui_selective_ml,estimated,xgboost,xgboost,if_residual,1.0,0.0|0.25|0.5|1.0,aipw_variance,-1.0,1.0,obsval,4.0,0.1,30,0.1,crossfit_rank_empty_standdown,1.0,4,50,1,614.2297351239249,-0.033326172604306814,-0.033326172604306814,-0.033326172604306814,0.0,9.801652093517198e-05,-8.517493714000864e-05,0.0,nan,0.0,reference,nan,nan,nan,nan,nan,gradient_boosting,random_forest,0.009167629509753774,nan,nan,nan,nan,nan,nan,nan,0.0,0.12916666666666668,nan,0.0,0,39,nan,0.05032258064516129,0.0,0.0,0.0,-0.032931324163015634,-0.032931324163015634,0.0,nan,nan,0.5584981659888759,0.5584981659888759
real_breast_cancer_aligned,box,6000,0.05,1.0,estimated_residual_lowp_supported,cui_selective_ml,estimated,xgboost,xgboost,if_residual,1.0,0.0|0.25|0.5|1.0,aipw_variance,-1.0,1.0,obsval,4.0,0.1,30,0.1,crossfit_rank_empty_standdown,1.0,4,50,2,1216.7922005839646,-0.05225937897173616,-0.05225937897173616,-0.05225937897173616,0.0,0.00015296680956144114,-8.953558669286157e-05,0.0,nan,0.0,reference,nan,nan,nan,nan,nan,gradient_boosting,lasso,0.000842007513667182,nan,nan,nan,nan,nan,nan,nan,0.0,0.12833333333333333,nan,0.0,0,36,nan,0.046753246753246755,0.0,0.0,0.0,-0.037867626481086984,-0.037867626481086984,0.0,nan,nan,0.7396280614774731,0.7396280614774731
real_breast_cancer_aligned,box,6000,0.05,1.0,estimated_residual_lowp_supported,cui_selective_ml,estimated,xgboost,xgboost,if_residual,1.0,0.0|0.25|0.5|1.0,aipw_variance,-1.0,1.0,obsval,4.0,0.1,30,0.1,crossfit_rank_empty_standdown,1.0,4,50,3,1817.8078028243035,-0.03425176641719535,-0.03425176641719535,-0.03425176641719535,0.0,0.00011126926303962653,-0.00011867266789542333,0.0,nan,0.0,reference,nan,nan,nan,nan,nan,gradient_boosting,random_forest,0.0004704407893253834,nan,nan,nan,nan,nan,nan,nan,0.0,0.13016666666666668,nan,0.0,0,35,nan,0.04481434058898848,0.0,0.0,0.0,-0.03217174974703888,-0.03217174974703888,0.0,nan,nan,0.5756048968062207,0.5756048968062207
real_breast_cancer_aligned,box,6000,0.05,1.0,estimated_residual_lowp_supported,cui_selective_ml,estimated,xgboost,xgboost,if_residual,1.0,0.0|0.25|0.5|1.0,aipw_variance,-1.0,1.0,obsval,4.0,0.1,30,0.1,crossfit_rank_empty_standdown,1.0,4,50,4,2416.630975905806,-0.07594062530272039,-0.07594062530272039,-0.07594062530272039,0.0,0.00014102932012763358,-9.841252084552782e-05,0.0,nan,0.0,reference,nan,nan,nan,nan,nan,gradient_boosting,lasso,0.0011254544400830417,nan,nan,nan,nan,nan,nan,nan,0.0,0.137,nan,0.0,0,36,nan,0.043795620437956206,0.0,0.0,0.0,-0.04530285135358584,-0.04530285135358584,0.0,nan,nan,0.7512774461981011,0.7512774461981011
real_breast_cancer_aligned,box,6000,0.05,1.0,estimated_residual_lowp_supported,cui_selective_ml,estimated,xgboost,xgboost,if_residual,1.0,0.0|0.25|0.5|1.0,aipw_variance,-1.0,1.0,obsval,4.0,0.1,30,0.1,crossfit_rank_empty_standdown,1.0,4,50,1,608.7396282898262,-0.04906717676293887,-0.044852784259152456,-0.04906717676293887,0.004214392503786413,7.036300182529007e-05,-3.038063745270026e-05,0.0,nan,0.25,if_residual,nan,nan,nan,nan,nan,gradient_boosting,random_forest,0.0014347370627262697,nan,nan,nan,nan,nan,nan,nan,0.1,0.1285,0.845,0.6575875486381323,57,32,0.095,0.041504539559014265,-0.018099041555715487,-0.017469726254459257,0.0006293153012562301,-0.03385838986058904,-0.032917401035885425,0.0009409888247036147,0.49466179275800154,0.5106963345898394,0.5705165266205167,0.58087557352546
real_breast_cancer_aligned,box,6000,0.05,1.0,estimated_residual_lowp_supported,cui_selective_ml,estimated,xgboost,xgboost,if_residual,1.0,0.0|0.25|0.5|1.0,aipw_variance,-1.0,1.0,obsval,4.0,0.1,30,0.1,crossfit_rank_empty_standdown,1.0,4,50,2,1207.3163379635662,-0.011095648222249288,-0.011095648222249288,-0.011095648222249288,0.0,9.968058392212159e-05,-0.00011221149667514098,0.0,nan,0.0,reference,nan,nan,nan,nan,nan,gradient_boosting,lasso,0.0009281734739833592,nan,nan,nan,nan,nan,nan,nan,0.0,0.13566666666666666,nan,0.0,0,40,nan,0.04914004914004914,0.0,0.0,0.0,-0.03737930009124879,-0.03737930009124879,0.0,nan,nan,0.6365460665748328,0.6365460665748328
real_breast_cancer_aligned,box,6000,0.05,1.0,estimated_residual_lowp_supported,cui_selective_ml,estimated,xgboost,xgboost,if_residual,1.0,0.0|0.25|0.5|1.0,aipw_variance,-1.0,1.0,obsval,4.0,0.1,30,0.1,crossfit_rank_empty_standdown,1.0,4,50,3,1816.6922580292448,-0.014419964515825168,-0.014419964515825168,-0.014419964515825168,0.0,8.859400906998088e-05,-0.0001713747566854481,0.0,nan,0.0,reference,nan,nan,nan,nan,nan,logistic_l1,random_forest,0.0009743220591798302,nan,nan,nan,nan,nan,nan,nan,0.0,0.13033333333333333,nan,0.0,0,36,nan,0.04603580562659847,0.0,0.0,0.0,-0.08110411865960696,-0.08110411865960696,0.0,nan,nan,0.580423657465774,0.580423657465774
real_breast_cancer_aligned,box,6000,0.05,1.0,estimated_residual_lowp_supported,cui_selective_ml,estimated,xgboost,xgboost,if_residual,1.0,0.0|0.25|0.5|1.0,aipw_variance,-1.0,1.0,obsval,4.0,0.1,30,0.1,crossfit_rank_empty_standdown,1.0,4,50,4,2420.1247025951743,-0.04603536641215422,-0.04603536641215422,-0.04603536641215422,0.0,0.00013815671781652102,-0.00011528813589163915,0.0,nan,0.0,reference,nan,nan,nan,nan,nan,gradient_boosting,random_forest,0.002296201225154849,nan,nan,nan,nan,nan,nan,nan,0.1,0.13483333333333333,0.8683333333333333,0.6440049443757726,52,29,0.08666666666666667,0.03584672435105068,-0.018021247013327808,-0.018021247013327808,0.0,-0.03315687162541168,-0.03315687162541168,0.0,0.5300766912601229,0.5300766912601229,0.5909755567817111,0.5909755567817111
real_breast_cancer_aligned,box,6000,0.05,1.0,estimated_residual_lowp_supported,cui_selective_ml,estimated,xgboost,xgboost,if_residual,1.0,0.0|0.25|0.5|1.0,aipw_variance,-1.0,1.0,obsval,4.0,0.1,30,0.1,crossfit_rank_empty_standdown,1.0,4,50,1,599.1939589949325,-0.0908182722343377,-0.09153683822162412,-0.0908182722343377,-0.0007185659872864236,0.0001777800204405529,-0.00011131844456444202,0.0,nan,0.25,if_residual,nan,nan,nan,nan,nan,gradient_boosting,random_forest,0.0010785523138968109,nan,nan,nan,nan,nan,nan,nan,0.05,0.133,0.7966666666666666,0.29949874686716793,30,52,0.1,0.06516290726817042,-0.009080609907702916,-0.010402855788424915,-0.0013222458807219985,-0.03860613247805959,-0.03982192335455073,-0.001215790876491138,0.5070082219790736,0.5582362962053903,0.5916389603186225,0.616170937132919
real_breast_cancer_aligned,box,6000,0.05,1.0,estimated_residual_lowp_supported,cui_selective_ml,estimated,xgboost,xgboost,if_residual,1.0,0.0|0.25|0.5|1.0,aipw_variance,-1.0,1.0,obsval,4.0,0.1,30,0.1,crossfit_rank_empty_standdown,1.0,4,50,2,1206.4476774707437,0.00836974143899577,0.00836974143899577,0.00836974143899577,0.0,0.00012509396821025,-0.00010660732993754348,0.0,nan,0.0,reference,nan,nan,nan,nan,nan,random_forest,random_forest,0.032631530555239534,nan,nan,nan,nan,nan,nan,nan,0.0,0.13116666666666665,nan,0.0,0,43,nan,0.054637865311308764,0.0,0.0,0.0,-0.03385689040341833,-0.03385689040341833,0.0,nan,nan,0.5765964518985428,0.5765964518985428
real_breast_cancer_aligned,box,6000,0.05,1.0,estimated_residual_lowp_supported,cui_selective_ml,estimated,xgboost,xgboost,if_residual,1.0,0.0|0.25|0.5|1.0,aipw_variance,-1.0,1.0,obsval,4.0,0.1,30,0.1,crossfit_rank_empty_standdown,1.0,4,50,3,1822.6885840939358,-0.035448247101416364,-0.035448247101416364,-0.035448247101416364,0.0,0.00023516331253680637,-0.00019291020170685252,0.0,nan,0.0,reference,nan,nan,nan,nan,nan,gradient_boosting,lasso,0.0026166845317342775,nan,nan,nan,nan,nan,nan,nan,0.0,0.13216666666666665,nan,0.0,0,52,nan,0.06557377049180328,0.0,0.0,0.0,-0.04881892823535636,-0.04881892823535636,0.0,nan,nan,0.6972129752313543,0.6972129752313543
real_breast_cancer_aligned,box,6000,0.05,1.0,estimated_residual_lowp_supported,cui_selective_ml,estimated,xgboost,xgboost,if_residual,1.0,0.0|0.25|0.5|1.0,aipw_variance,-1.0,1.0,obsval,4.0,0.1,30,0.1,crossfit_rank_empty_standdown,1.0,4,50,4,2430.62543499656,-0.03777620426251954,-0.03777620426251954,-0.03777620426251954,0.0,6.58040682893421e-05,-1.0765397289784983e-05,0.0,nan,0.0,reference,nan,nan,nan,nan,nan,gradient_boosting,lasso,0.0014261965958233603,nan,nan,nan,nan,nan,nan,nan,0.0,0.13133333333333333,nan,0.0,0,55,nan,0.06979695431472081,0.0,0.0,0.0,-0.05206242103249624,-0.05206242103249624,0.0,nan,nan,0.7043134599243324,0.7043134599243324
real_breast_cancer_aligned,box,6000,0.05,1.0,estimated_residual_lowp_supported,cui_selective_ml,estimated,xgboost,xgboost,if_residual,1.0,0.0|0.25|0.5|1.0,aipw_variance,-1.0,1.0,obsval,4.0,0.1,30,0.1,crossfit_rank_empty_standdown,1.0,4,50,1,601.7610317897052,-0.05204352758888897,-0.05204352758888897,-0.05204352758888897,0.0,0.00012861676190053595,-0.00015356389017833318,0.0,nan,0.0,reference,nan,nan,nan,nan,nan,logistic_l1,lasso,0.006340367558577414,nan,nan,nan,nan,nan,nan,nan,0.075,0.13366666666666666,0.7733333333333333,0.4339152119700748,55,38,0.12222222222222222,0.04738154613466334,0.003345073413315423,0.003345073413315423,0.0,0.0214932195042299,0.0214932195042299,0.0,0.7800061596838657,0.7800061596838657,0.8447085233380595,0.8447085233380595
real_breast_cancer_aligned,box,6000,0.05,1.0,estimated_residual_lowp_supported,cui_selective_ml,estimated,xgboost,xgboost,if_residual,1.0,0.0|0.25|0.5|1.0,aipw_variance,-1.0,1.0,obsval,4.0,0.1,30,0.1,crossfit_rank_empty_standdown,1.0,4,50,2,1209.6759610865265,-0.04719313293825256,-0.04719313293825256,-0.04719313293825256,0.0,5.20213951002241e-05,-4.9166543751674935e-05,0.0,nan,0.0,reference,nan,nan,nan,nan,nan,random_forest,lasso,0.00998753060929365,nan,nan,nan,nan,nan,nan,nan,0.0,0.13316666666666666,nan,0.0,0,47,nan,0.058823529411764705,0.0,0.0,0.0,-0.04487958097331808,-0.04487958097331808,0.0,nan,nan,0.5944571602738785,0.5944571602738785
real_breast_cancer_aligned,box,6000,0.05,1.0,estimated_residual_lowp_supported,cui_selective_ml,estimated,xgboost,xgboost,if_residual,1.0,0.0|0.25|0.5|1.0,aipw_variance,-1.0,1.0,obsval,4.0,0.1,30,0.1,crossfit_rank_empty_standdown,1.0,4,50,3,1805.8439756063744,0.01024442392508046,0.01024442392508046,0.01024442392508046,0.0,0.0004770943480266821,-0.0005659401634793464,0.0,nan,0.0,reference,nan,nan,nan,nan,nan,gradient_boosting,gradient_boosting,0.0010302557737905415,nan,nan,nan,nan,nan,nan,nan,0.1,0.13433333333333333,0.8366666666666667,0.6228287841191067,62,42,0.10333333333333333,0.052109181141439205,-0.021257095630374107,-0.021257095630374107,0.0,-0.03603038679475039,-0.03603038679475039,0.0,0.5500224019707226,0.5500224019707226,0.6116969484748518,0.6116969484748518
real_breast_cancer_aligned,box,6000,0.05,1.0,estimated_residual_lowp_supported,cui_selective_ml,estimated,xgboost,xgboost,if_residual,1.0,0.0|0.25|0.5|1.0,aipw_variance,-1.0,1.0,obsval,4.0,0.1,30,0.1,crossfit_rank_empty_standdown,1.0,4,50,4,2399.885739315301,-0.03795913852867305,-0.03795913852867305,-0.03795913852867305,0.0,8.352212716666114e-05,-8.240610953347613e-05,0.0,nan,0.0,reference,nan,nan,nan,nan,nan,logistic_l1,lasso,0.00028011942713489875,nan,nan,nan,nan,nan,nan,nan,0.1,0.12683333333333333,0.7983333333333333,0.6294349540078844,81,47,0.135,0.06176084099868594,-0.014389811934727707,-0.014389811934727707,0.0,-0.0355631630988955,-0.0355631630988955,0.0,0.6586414808961291,0.6586414808961291,0.734887448643317,0.734887448643317
real_breast_cancer_aligned,box,6000,0.05,1.0,estimated_residual_lowp_supported,cui_selective_ml,estimated,xgboost,xgboost,if_residual,1.0,0.0|0.25|0.5|1.0,aipw_variance,-1.0,1.0,obsval,4.0,0.1,30,0.1,crossfit_rank_empty_standdown,1.0,4,50,1,616.2913794508204,-0.032547147066839754,-0.032547147066839754,-0.032547147066839754,0.0,8.064046241862096e-05,-7.591717724755929e-05,0.0,nan,0.0,reference,nan,nan,nan,nan,nan,random_forest,random_forest,0.037332181534318526,nan,nan,nan,nan,nan,nan,nan,0.0,0.1275,nan,0.0,0,35,nan,0.0457516339869281,0.0,0.0,0.0,-0.037333495892088765,-0.037333495892088765,0.0,nan,nan,0.586351275912907,0.586351275912907
real_breast_cancer_aligned,box,6000,0.05,1.0,estimated_residual_lowp_supported,cui_selective_ml,estimated,xgboost,xgboost,if_residual,1.0,0.0|0.25|0.5|1.0,aipw_variance,-1.0,1.0,obsval,4.0,0.1,30,0.1,crossfit_rank_empty_standdown,1.0,4,50,2,1215.8567119054496,-0.002661858282760887,-0.002661858282760887,-0.002661858282760887,0.0,7.284110061215156e-05,-1.8003835760578633e-05,0.0,nan,0.0,reference,nan,nan,nan,nan,nan,gradient_boosting,gradient_boosting,0.0038747711710549336,nan,nan,nan,nan,nan,nan,nan,0.1,0.13083333333333333,0.8216666666666667,0.6280254777070063,63,44,0.105,0.05605095541401274,-0.019080229207867068,-0.019080229207867068,0.0,-0.035059671206210806,-0.035059671206210806,0.0,0.61545684561282,0.61545684561282,0.69014315849985,0.69014315849985
real_breast_cancer_aligned,box,6000,0.05,1.0,estimated_residual_lowp_supported,cui_selective_ml,estimated,xgboost,xgboost,if_residual,1.0,0.0|0.25|0.5|1.0,aipw_variance,-1.0,1.0,obsval,4.0,0.1,30,0.1,crossfit_rank_empty_standdown,1.0,4,50,3,1817.4232817413285,-0.04926400815391352,-0.04926400815391352,-0.04926400815391352,0.0,0.00018279471499180178,-0.00019967532724347127,0.0,nan,0.0,reference,nan,nan,nan,nan,nan,gradient_boosting,lasso,0.011435343835248902,nan,nan,nan,nan,nan,nan,nan,0.0,0.1315,nan,0.0,0,31,nan,0.03929024081115336,0.0,0.0,0.0,-0.03908580994848223,-0.03908580994848223,0.0,nan,nan,0.712660784794489,0.712660784794489
real_breast_cancer_aligned,box,6000,0.05,1.0,estimated_residual_lowp_supported,cui_selective_ml,estimated,xgboost,xgboost,if_residual,1.0,0.0|0.25|0.5|1.0,aipw_variance,-1.0,1.0,obsval,4.0,0.1,30,0.1,crossfit_rank_empty_standdown,1.0,4,50,4,2412.9060921091586,-0.031891850595498206,-0.031891850595498206,-0.031891850595498206,0.0,4.662736106336154e-05,-4.710150051354285e-05,0.0,nan,0.0,reference,nan,nan,nan,nan,nan,random_forest,lasso,0.012598409193131915,nan,nan,nan,nan,nan,nan,nan,0.075,0.12733333333333333,0.8022222222222222,0.4725130890052356,43,26,0.09555555555555556,0.034031413612565446,-0.025650371392005853,-0.025650371392005853,0.0,-0.053896571416307874,-0.053896571416307874,0.0,0.6948915081608497,0.6948915081608497,0.763837785970623,0.763837785970623
real_breast_cancer_aligned,box,6000,0.05,1.0,estimated_residual_lowp_supported,cui_selective_ml,estimated,xgboost,xgboost,if_residual,1.0,0.0|0.25|0.5|1.0,aipw_variance,-1.0,1.0,obsval,4.0,0.1,30,0.1,crossfit_rank_empty_standdown,1.0,4,50,1,598.5633006636053,-0.003122327227660815,-0.003122327227660815,-0.003122327227660815,0.0,7.500202951933425e-05,-6.339462510794418e-05,0.0,nan,0.0,reference,nan,nan,nan,nan,nan,gradient_boosting,random_forest,0.0072025920582678106,nan,nan,nan,nan,nan,nan,nan,0.0,0.128,nan,0.0,0,31,nan,0.040364583333333336,0.0,0.0,0.0,-0.030663144096125094,-0.030663144096125094,0.0,nan,nan,0.5686570537997978,0.5686570537997978
real_breast_cancer_aligned,box,6000,0.05,1.0,estimated_residual_lowp_supported,cui_selective_ml,estimated,xgboost,xgboost,if_residual,1.0,0.0|0.25|0.5|1.0,aipw_variance,-1.0,1.0,obsval,4.0,0.1,30,0.1,crossfit_rank_empty_standdown,1.0,4,50,2,1199.9490290973336,-0.06361260854140516,-0.06361260854140516,-0.06361260854140516,0.0,9.152123664569784e-05,-3.494584193193084e-05,0.0,nan,0.0,reference,nan,nan,nan,nan,nan,gradient_boosting,random_forest,0.002409182307510721,nan,nan,nan,nan,nan,nan,nan,0.0,0.13133333333333333,nan,0.0,0,38,nan,0.048223350253807105,0.0,0.0,0.0,-0.035681567775289226,-0.035681567775289226,0.0,nan,nan,0.589462970034098,0.589462970034098
real_breast_cancer_aligned,box,6000,0.05,1.0,estimated_residual_lowp_supported,cui_selective_ml,estimated,xgboost,xgboost,if_residual,1.0,0.0|0.25|0.5|1.0,aipw_variance,-1.0,1.0,obsval,4.0,0.1,30,0.1,crossfit_rank_empty_standdown,1.0,4,50,3,1805.3134371284395,-0.08845140023951453,-0.08845140023951453,-0.08845140023951453,0.0,5.238040790035616e-05,-9.273907469028878e-05,0.0,nan,0.0,reference,nan,nan,nan,nan,nan,gradient_boosting,random_forest,0.06291668910889997,nan,nan,nan,nan,nan,nan,nan,0.0,0.129,nan,0.0,0,39,nan,0.050387596899224806,0.0,0.0,0.0,-0.036735283562492,-0.036735283562492,0.0,nan,nan,0.663114188722459,0.663114188722459
real_breast_cancer_aligned,box,6000,0.05,1.0,estimated_residual_lowp_supported,cui_selective_ml,estimated,xgboost,xgboost,if_residual,1.0,0.0|0.25|0.5|1.0,aipw_variance,-1.0,1.0,obsval,4.0,0.1,30,0.1,crossfit_rank_empty_standdown,1.0,4,50,4,2383.37514311634,-0.06255818425953741,-0.06255818425953741,-0.06255818425953741,0.0,0.00029817800427091215,-0.0001432805000438127,0.0,nan,0.0,reference,nan,nan,nan,nan,nan,random_forest,gradient_boosting,0.0009015000728385359,nan,nan,nan,nan,nan,nan,nan,0.1,0.13516666666666666,0.8216666666666667,0.6078914919852034,64,48,0.10666666666666667,0.059186189889025895,-0.024584861532814823,-0.024584861532814823,0.0,-0.04903351091006959,-0.04903351091006959,0.0,0.6060474057409477,0.6060474057409477,0.6858080365627052,0.6858080365627052
real_breast_cancer_aligned,box,6000,0.05,1.0,estimated_residual_lowp_supported,cui_selective_ml,estimated,xgboost,xgboost,if_residual,1.0,0.0|0.25|0.5|1.0,aipw_variance,-1.0,1.0,obsval,4.0,0.1,30,0.1,crossfit_rank_empty_standdown,1.0,4,50,1,604.3780456865206,-0.018164302571893387,-0.018164302571893387,-0.018164302571893387,0.0,0.0002109454782250424,-0.00025733663844153157,0.0,nan,0.0,reference,nan,nan,nan,nan,nan,gradient_boosting,random_forest,0.0011393030474598702,nan,nan,nan,nan,nan,nan,nan,0.05,0.132,0.8433333333333334,0.3194444444444444,30,41,0.1,0.05176767676767677,-0.008218679471553393,-0.008218679471553393,0.0,-0.029678546163427577,-0.029678546163427577,0.0,0.4251060805688496,0.4251060805688496,0.5155937813097848,0.5155937813097848
real_breast_cancer_aligned,box,6000,0.05,1.0,estimated_residual_lowp_supported,cui_selective_ml,estimated,xgboost,xgboost,if_residual,1.0,0.0|0.25|0.5|1.0,aipw_variance,-1.0,1.0,obsval,4.0,0.1,30,0.1,crossfit_rank_empty_standdown,1.0,4,50,2,1201.5210211798549,-0.083075306678429,-0.083075306678429,-0.083075306678429,0.0,6.011375086752374e-05,-1.9809095101562773e-05,0.0,nan,0.0,reference,nan,nan,nan,nan,nan,gradient_boosting,gradient_boosting,0.0038446037771137985,nan,nan,nan,nan,nan,nan,nan,0.0,0.13033333333333333,nan,0.0,0,30,nan,0.03836317135549872,0.0,0.0,0.0,-0.02607911520366391,-0.02607911520366391,0.0,nan,nan,0.6227719159641528,0.6227719159641528
real_breast_cancer_aligned,box,6000,0.05,1.0,estimated_residual_lowp_supported,cui_selective_ml,estimated,xgboost,xgboost,if_residual,1.0,0.0|0.25|0.5|1.0,aipw_variance,-1.0,1.0,obsval,4.0,0.1,30,0.1,crossfit_rank_empty_standdown,1.0,4,50,3,1797.6147232521325,-0.015731631628041864,-0.015731631628041864,-0.015731631628041864,0.0,0.0002250718976072113,-0.00014757974543196236,0.0,nan,0.0,reference,nan,nan,nan,nan,nan,gradient_boosting,gradient_boosting,0.007790905339524363,nan,nan,nan,nan,nan,nan,nan,0.1,0.13033333333333333,0.8416666666666667,0.6457800511508951,49,30,0.08166666666666667,0.03836317135549872,-0.019387123427423887,-0.019387123427423887,0.0,-0.03503588883621579,-0.03503588883621579,0.0,0.5389034844232987,0.5389034844232987,0.6215738641824236,0.6215738641824236
real_breast_cancer_aligned,box,6000,0.05,1.0,estimated_residual_lowp_supported,cui_selective_ml,estimated,xgboost,xgboost,if_residual,1.0,0.0|0.25|0.5|1.0,aipw_variance,-1.0,1.0,obsval,4.0,0.1,30,0.1,crossfit_rank_empty_standdown,1.0,4,50,4,2379.1840329505503,-0.0231711849058851,-0.0231711849058851,-0.0231711849058851,0.0,0.0001304488011451806,-4.773052349149099e-05,0.0,nan,0.0,reference,nan,nan,nan,nan,nan,logistic_l1,gradient_boosting,3.628688991872809e-05,nan,nan,nan,nan,nan,nan,nan,0.1,0.12833333333333333,0.8233333333333334,0.6415584415584416,68,47,0.11333333333333333,0.06103896103896104,-0.1171321797276651,-0.1171321797276651,0.0,-0.13575194008033667,-0.13575194008033667,0.0,0.5874071116719481,0.5874071116719481,0.6588625414535816,0.6588625414535816
real_breast_cancer_aligned,box,6000,0.05,1.0,estimated_residual_lowp_supported,cui_selective_ml,estimated,xgboost,xgboost,if_residual,1.0,0.0|0.25|0.5|1.0,aipw_variance,-1.0,1.0,obsval,4.0,0.1,30,0.1,crossfit_rank_empty_standdown,1.0,4,50,1,598.2949353400618,-0.050103035690432396,-0.050103035690432396,-0.050103035690432396,0.0,0.0001082995103960289,-4.855880849619022e-05,0.0,nan,0.0,reference,nan,nan,nan,nan,nan,gradient_boosting,gradient_boosting,0.00034314844789164265,nan,nan,nan,nan,nan,nan,nan,0.1,0.12633333333333333,0.8416666666666667,0.6662269129287599,49,37,0.08166666666666667,0.048812664907651716,-0.01648640173065033,-0.01648640173065033,0.0,-0.03169120986648258,-0.03169120986648258,0.0,0.5475214753041115,0.5475214753041115,0.6312350239217647,0.6312350239217647
real_breast_cancer_aligned,box,6000,0.05,1.0,estimated_residual_lowp_supported,cui_selective_ml,estimated,xgboost,xgboost,if_residual,1.0,0.0|0.25|0.5|1.0,aipw_variance,-1.0,1.0,obsval,4.0,0.1,30,0.1,crossfit_rank_empty_standdown,1.0,4,50,2,1201.8571682395414,-0.017634270681527675,-0.017634270681527675,-0.017634270681527675,0.0,0.00020597275130890377,-8.311018836261322e-05,0.0,nan,0.0,reference,nan,nan,nan,nan,nan,random_forest,lasso,0.02555133364736159,nan,nan,nan,nan,nan,nan,nan,0.1,0.12583333333333332,0.795,0.6317880794701987,77,45,0.12833333333333333,0.059602649006622516,-0.030074664469883203,-0.030074664469883203,0.0,-0.05113251743703601,-0.05113251743703601,0.0,0.6099314572565957,0.6099314572565957,0.6762348462455899,0.6762348462455899
real_breast_cancer_aligned,box,6000,0.05,1.0,estimated_residual_lowp_supported,cui_selective_ml,estimated,xgboost,xgboost,if_residual,1.0,0.0|0.25|0.5|1.0,aipw_variance,-1.0,1.0,obsval,4.0,0.1,30,0.1,crossfit_rank_empty_standdown,1.0,4,50,3,1798.4345539929345,-0.05308911983520864,-0.05308911983520864,-0.05308911983520864,0.0,0.0004696459527678224,-0.0003413079578807967,0.0,nan,0.0,reference,nan,nan,nan,nan,nan,random_forest,lasso,0.0005348010345333268,nan,nan,nan,nan,nan,nan,nan,0.075,0.12966666666666668,0.8,0.46272493573264784,48,41,0.10666666666666667,0.05269922879177378,-0.02757726763032724,-0.02757726763032724,0.0,-0.05789446490917135,-0.05789446490917135,0.0,0.7276030384488088,0.7276030384488088,0.7840140634757687,0.7840140634757687
real_breast_cancer_aligned,box,6000,0.05,1.0,estimated_residual_lowp_supported,cui_selective_ml,estimated,xgboost,xgboost,if_residual,1.0,0.0|0.25|0.5|1.0,aipw_variance,-1.0,1.0,obsval,4.0,0.1,30,0.1,crossfit_rank_empty_standdown,1.0,4,50,4,2396.931527205743,0.0092990874385388,0.0092990874385388,0.0092990874385388,0.0,0.00014577304341924826,-8.389675185402961e-05,0.0,nan,0.0,reference,nan,nan,nan,nan,nan,logistic_l1,random_forest,0.0008450923326062064,nan,nan,nan,nan,nan,nan,nan,0.075,0.1285,0.8488888888888889,0.49546044098573283,39,39,0.08666666666666667,0.05058365758754864,-0.052978927273829884,-0.052978927273829884,0.0,-0.09345564641179169,-0.09345564641179169,0.0,0.46777066373434534,0.46777066373434534,0.5399103877873964,0.5399103877873964
real_breast_cancer_aligned,box,6000,0.05,1.0,estimated_residual_lowp_supported,cui_selective_ml,estimated,xgboost,xgboost,if_residual,1.0,0.0|0.25|0.5|1.0,aipw_variance,-1.0,1.0,obsval,4.0,0.1,30,0.1,crossfit_rank_empty_standdown,1.0,4,50,1,608.1002709567547,-0.09889287209801167,-0.09889287209801167,-0.09889287209801167,0.0,0.0003183573378171873,-0.00030891981386173116,0.0,nan,0.0,reference,nan,nan,nan,nan,nan,gradient_boosting,lasso,0.013754166420344818,nan,nan,nan,nan,nan,nan,nan,0.0,0.1315,nan,0.0,0,39,nan,0.049429657794676805,0.0,0.0,0.0,-0.05051146293216796,-0.05051146293216796,0.0,nan,nan,0.8289406229724783,0.8289406229724783
real_breast_cancer_aligned,box,6000,0.05,1.0,estimated_residual_lowp_supported,cui_selective_ml,estimated,xgboost,xgboost,if_residual,1.0,0.0|0.25|0.5|1.0,aipw_variance,-1.0,1.0,obsval,4.0,0.1,30,0.1,crossfit_rank_empty_standdown,1.0,4,50,2,1216.5018189838156,-0.047055369290891935,-0.047055369290891935,-0.047055369290891935,0.0,0.00017733914241108064,-7.580474187604633e-05,0.0,nan,0.0,reference,nan,nan,nan,nan,nan,gradient_boosting,lasso,0.0015085857629806518,nan,nan,nan,nan,nan,nan,nan,0.1,0.13383333333333333,0.84,0.6276463262764632,66,46,0.11,0.057285180572851806,-0.023059879125918645,-0.023059879125918645,0.0,-0.04325327494656065,-0.04325327494656065,0.0,0.7058605941948228,0.7058605941948228,0.7636331275407979,0.7636331275407979
real_breast_cancer_aligned,box,6000,0.05,1.0,estimated_residual_lowp_supported,cui_selective_ml,estimated,xgboost,xgboost,if_residual,1.0,0.0|0.25|0.5|1.0,aipw_variance,-1.0,1.0,obsval,4.0,0.1,30,0.1,crossfit_rank_empty_standdown,1.0,4,50,3,1814.9980882657692,0.003286122193344454,-0.0026017984651231507,0.003286122193344454,-0.005887920658467605,0.00015593474048083793,-9.974766641991694e-05,0.0,nan,0.25,if_residual,nan,nan,nan,nan,nan,random_forest,gradient_boosting,0.0011368427763707113,nan,nan,nan,nan,nan,nan,nan,0.0,0.1295,nan,0.0,0,45,nan,0.05791505791505792,0.0,0.0,0.0,-0.03595742551127544,-0.03394286821397376,0.0020145572973016765,nan,nan,0.5853231135239405,0.6183722623484753
real_breast_cancer_aligned,box,6000,0.05,1.0,estimated_residual_lowp_supported,cui_selective_ml,estimated,xgboost,xgboost,if_residual,1.0,0.0|0.25|0.5|1.0,aipw_variance,-1.0,1.0,obsval,4.0,0.1,30,0.1,crossfit_rank_empty_standdown,1.0,4,50,4,2402.3950797216967,-0.032106609905282746,-0.032106609905282746,-0.032106609905282746,0.0,0.0001260983503473598,-4.768988687128031e-05,0.0,nan,0.0,reference,nan,nan,nan,nan,nan,gradient_boosting,random_forest,0.0011729301969674807,nan,nan,nan,nan,nan,nan,nan,0.0,0.13183333333333333,nan,0.0,0,33,nan,0.041719342604298354,0.0,0.0,0.0,-0.03349900395508259,-0.03349900395508259,0.0,nan,nan,0.5708975716054424,0.5708975716054424
real_breast_cancer_aligned,box,6000,0.05,1.0,estimated_residual_lowp_supported,cui_selective_ml,estimated,xgboost,xgboost,if_residual,1.0,0.0|0.25|0.5|1.0,aipw_variance,-1.0,1.0,obsval,4.0,0.1,30,0.1,crossfit_rank_empty_standdown,1.0,4,50,1,614.989305392839,-0.049341356768904054,-0.049341356768904054,-0.049341356768904054,0.0,0.0001671793081309506,-0.00013239618835082518,0.0,nan,0.0,reference,nan,nan,nan,nan,nan,random_forest,lasso,0.004517657929490669,nan,nan,nan,nan,nan,nan,nan,0.075,0.1295,0.82,0.4749034749034749,46,38,0.10222222222222223,0.0489060489060489,-0.02202022607530534,-0.02202022607530534,0.0,-0.05095525502501342,-0.05095525502501342,0.0,0.624340679045081,0.624340679045081,0.6972861192091449,0.6972861192091449
real_breast_cancer_aligned,box,6000,0.05,1.0,estimated_residual_lowp_supported,cui_selective_ml,estimated,xgboost,xgboost,if_residual,1.0,0.0|0.25|0.5|1.0,aipw_variance,-1.0,1.0,obsval,4.0,0.1,30,0.1,crossfit_rank_empty_standdown,1.0,4,50,2,1216.1781971063465,-0.08540971238386363,-0.08540971238386363,-0.08540971238386363,0.0,5.1304307245947063e-05,-4.321314234060193e-05,0.0,nan,0.0,reference,nan,nan,nan,nan,nan,gradient_boosting,lasso,0.016022541280143274,nan,nan,nan,nan,nan,nan,nan,0.0,0.12816666666666668,nan,0.0,0,37,nan,0.04811443433029909,0.0,0.0,0.0,-0.04892877157421797,-0.04892877157421797,0.0,nan,nan,0.8711030087662047,0.8711030087662047
real_breast_cancer_aligned,box,6000,0.05,1.0,estimated_residual_lowp_supported,cui_selective_ml,estimated,xgboost,xgboost,if_residual,1.0,0.0|0.25|0.5|1.0,aipw_variance,-1.0,1.0,obsval,4.0,0.1,30,0.1,crossfit_rank_empty_standdown,1.0,4,50,3,1810.738108271733,-0.03448577367318162,-0.03448577367318162,-0.03448577367318162,0.0,0.0001394856573036249,-5.421794879630114e-05,0.0,nan,0.0,reference,nan,nan,nan,nan,nan,random_forest,random_forest,0.006018773673935108,nan,nan,nan,nan,nan,nan,nan,0.0,0.13166666666666665,nan,0.0,0,39,nan,0.049367088607594936,0.0,0.0,0.0,-0.037140404229241954,-0.037140404229241954,0.0,nan,nan,0.5666424394582794,0.5666424394582794
real_breast_cancer_aligned,box,6000,0.05,1.0,estimated_residual_lowp_supported,cui_selective_ml,estimated,xgboost,xgboost,if_residual,1.0,0.0|0.25|0.5|1.0,aipw_variance,-1.0,1.0,obsval,4.0,0.1,30,0.1,crossfit_rank_empty_standdown,1.0,4,50,4,2389.371765067801,-0.0690289762725162,-0.07094839150368404,-0.0690289762725162,-0.0019194152311678425,7.473700970943623e-05,-6.914502634450839e-05,0.0,nan,0.25,if_residual,nan,nan,nan,nan,nan,gradient_boosting,lasso,0.0048541772183182865,nan,nan,nan,nan,nan,nan,nan,0.0,0.13216666666666665,nan,0.0,0,29,nan,0.03656998738965952,0.0,0.0,0.0,-0.03978947901219412,-0.03846280101076222,0.001326678001431901,nan,nan,0.6897528947338172,0.6904238731884353
real_breast_cancer_aligned,box,6000,0.05,1.0,estimated_residual_lowp_supported,cui_selective_ml,estimated,xgboost,xgboost,if_residual,1.0,0.0|0.25|0.5|1.0,aipw_variance,-1.0,1.0,obsval,4.0,0.1,30,0.1,crossfit_rank_empty_standdown,1.0,4,50,1,609.6620767321438,-0.07630600131754289,-0.07630600131754289,-0.07630600131754289,0.0,0.00010920866295770649,-4.6528702369127105e-05,0.0,nan,0.0,reference,nan,nan,nan,nan,nan,gradient_boosting,lasso,0.001776081213312213,nan,nan,nan,nan,nan,nan,nan,0.0,0.12916666666666668,nan,0.0,0,39,nan,0.05032258064516129,0.0,0.0,0.0,-0.045899170950502464,-0.045899170950502464,0.0,nan,nan,0.7706082757027068,0.7706082757027068
real_breast_cancer_aligned,box,6000,0.05,1.0,estimated_residual_lowp_supported,cui_selective_ml,estimated,xgboost,xgboost,if_residual,1.0,0.0|0.25|0.5|1.0,aipw_variance,-1.0,1.0,obsval,4.0,0.1,30,0.1,crossfit_rank_empty_standdown,1.0,4,50,2,1214.36274067685,-0.00012788795344509385,-0.00012788795344509385,-0.00012788795344509385,0.0,9.78084226815122e-05,-6.546083959142702e-05,0.0,nan,0.0,reference,nan,nan,nan,nan,nan,gradient_boosting,lasso,0.00028401704473019894,nan,nan,nan,nan,nan,nan,nan,0.0,0.13283333333333333,nan,0.0,0,39,nan,0.04893350062735257,0.0,0.0,0.0,-0.04007049624373451,-0.04007049624373451,0.0,nan,nan,0.6616554137308781,0.6616554137308781
real_breast_cancer_aligned,box,6000,0.05,1.0,estimated_residual_lowp_supported,cui_selective_ml,estimated,xgboost,xgboost,if_residual,1.0,0.0|0.25|0.5|1.0,aipw_variance,-1.0,1.0,obsval,4.0,0.1,30,0.1,crossfit_rank_empty_standdown,1.0,4,50,3,1812.2356077767909,-0.04276332034427194,-0.04276332034427194,-0.04276332034427194,0.0,0.00011975491256305498,-7.912057135672768e-05,0.0,nan,0.0,reference,nan,nan,nan,nan,nan,gradient_boosting,lasso,0.000444587283700105,nan,nan,nan,nan,nan,nan,nan,0.1,0.13366666666666666,0.8533333333333334,0.6384039900249376,60,45,0.1,0.05610972568578554,-0.027820836827123097,-0.027820836827123097,0.0,-0.04735919887178398,-0.04735919887178398,0.0,0.6289493025607262,0.6289493025607262,0.6857502713186424,0.6857502713186424
real_breast_cancer_aligned,box,6000,0.05,1.0,estimated_residual_lowp_supported,cui_selective_ml,estimated,xgboost,xgboost,if_residual,1.0,0.0|0.25|0.5|1.0,aipw_variance,-1.0,1.0,obsval,4.0,0.1,30,0.1,crossfit_rank_empty_standdown,1.0,4,50,4,2411.0001701321453,-0.05224144873850345,-0.05224144873850345,-0.05224144873850345,0.0,6.217394964302958e-05,-6.268305065923257e-05,0.0,nan,0.0,reference,nan,nan,nan,nan,nan,gradient_boosting,lasso,0.06200759155942794,nan,nan,nan,nan,nan,nan,nan,0.0,0.1295,nan,0.0,0,47,nan,0.06048906048906049,0.0,0.0,0.0,-0.038561738032346186,-0.038561738032346186,0.0,nan,nan,0.6588929469964817,0.6588929469964817
real_breast_cancer_aligned,box,6000,0.05,2.0,estimated_residual_lowp_supported,cui_selective_ml,estimated,xgboost,xgboost,if_residual,1.0,0.0|0.25|0.5|1.0,aipw_variance,-1.0,1.0,obsval,4.0,0.1,30,0.1,crossfit_rank_empty_standdown,1.0,4,50,1,610.3592813797295,-0.11129051326413464,-0.11302005691543465,-0.11129051326413464,-0.001729543651300014,0.00018569521735086847,-0.00018690274520532385,0.0,nan,0.25,if_residual,nan,nan,nan,nan,nan,gradient_boosting,random_forest,0.0005767956755453512,nan,nan,nan,nan,nan,nan,nan,0.0,0.131,nan,0.0,0,41,nan,0.05216284987277354,0.0,0.0,0.0,-0.0814717803637384,-0.07942619376766659,0.002045586596071805,nan,nan,1.3048147248552693,1.2691025950474322
real_breast_cancer_aligned,box,6000,0.05,2.0,estimated_residual_lowp_supported,cui_selective_ml,estimated,xgboost,xgboost,if_residual,1.0,0.0|0.25|0.5|1.0,aipw_variance,-1.0,1.0,obsval,4.0,0.1,30,0.1,crossfit_rank_empty_standdown,1.0,4,50,2,1220.650678168051,-0.13839140555482043,-0.13839140555482043,-0.13839140555482043,0.0,0.0004174051148275865,-3.1979002856094064e-05,0.0,nan,0.0,reference,nan,nan,nan,nan,nan,random_forest,lasso,0.001566342626018851,nan,nan,nan,nan,nan,nan,nan,0.0,0.13366666666666666,nan,0.0,0,35,nan,0.043640897755610975,0.0,0.0,0.0,-0.11605894664582513,-0.11605894664582513,0.0,nan,nan,1.4786097937525922,1.4786097937525922
real_breast_cancer_aligned,box,6000,0.05,2.0,estimated_residual_lowp_supported,cui_selective_ml,estimated,xgboost,xgboost,if_residual,1.0,0.0|0.25|0.5|1.0,aipw_variance,-1.0,1.0,obsval,4.0,0.1,30,0.1,crossfit_rank_empty_standdown,1.0,4,50,3,1825.463305185549,-0.08313840608649065,-0.08256941593858796,-0.08313840608649065,0.0005689901479026815,0.0003820977771621316,-0.0003268473138068114,0.0,nan,0.25,if_residual,nan,nan,nan,nan,nan,gradient_boosting,lasso,0.01957893623977482,nan,nan,nan,nan,nan,nan,nan,0.0,0.13166666666666665,nan,0.0,0,43,nan,0.05443037974683544,0.0,0.0,0.0,-0.10138641766954057,-0.09288526751313578,0.008501150156404791,nan,nan,1.5800207737599457,1.4511358710037783
real_breast_cancer_aligned,box,6000,0.05,2.0,estimated_residual_lowp_supported,cui_selective_ml,estimated,xgboost,xgboost,if_residual,1.0,0.0|0.25|0.5|1.0,aipw_variance,-1.0,1.0,obsval,4.0,0.1,30,0.1,crossfit_rank_empty_standdown,1.0,4,50,4,2407.11128508579,-0.1483679281095166,-0.1483679281095166,-0.1483679281095166,0.0,0.00017905428639917423,-6.0870490857652896e-05,0.0,nan,0.0,reference,nan,nan,nan,nan,nan,gradient_boosting,random_forest,0.0009169450471914924,nan,nan,nan,nan,nan,nan,nan,0.1,0.13383333333333333,0.8466666666666667,0.6326276463262764,60,29,0.1,0.0361145703611457,-0.04286842791352521,-0.04286842791352521,0.0,-0.0867072304373725,-0.0867072304373725,0.0,1.3298549862521092,1.3298549862521092,1.4830057746069734,1.4830057746069734
real_breast_cancer_aligned,box,6000,0.05,2.0,estimated_residual_lowp_supported,cui_selective_ml,estimated,xgboost,xgboost,if_residual,1.0,0.0|0.25|0.5|1.0,aipw_variance,-1.0,1.0,obsval,4.0,0.1,30,0.1,crossfit_rank_empty_standdown,1.0,4,50,1,596.7661342062056,-0.12348952357085108,-0.12348952357085108,-0.12348952357085108,0.0,0.00016801409028840497,-0.0001934556633145677,0.0,nan,0.0,reference,nan,nan,nan,nan,nan,random_forest,random_forest,0.0009222216909484371,nan,nan,nan,nan,nan,nan,nan,0.0,0.1315,nan,0.0,0,40,nan,0.050697084917617236,0.0,0.0,0.0,-0.10091642604939387,-0.10091642604939387,0.0,nan,nan,1.353483538704045,1.353483538704045
real_breast_cancer_aligned,box,6000,0.05,2.0,estimated_residual_lowp_supported,cui_selective_ml,estimated,xgboost,xgboost,if_residual,1.0,0.0|0.25|0.5|1.0,aipw_variance,-1.0,1.0,obsval,4.0,0.1,30,0.1,crossfit_rank_empty_standdown,1.0,4,50,2,1197.7258239323273,-0.06017205765097072,-0.07619218902206765,-0.06017205765097072,-0.016020131371096924,0.00033984853239758166,-0.00024742870694834394,0.0,nan,0.25,if_residual,nan,nan,nan,nan,nan,logistic_l1,random_forest,0.003497612524468801,nan,nan,nan,nan,nan,nan,nan,0.1,0.13133333333333333,0.85,0.6472081218274112,52,41,0.08666666666666667,0.05203045685279188,-0.0073567606174258105,-0.032848328214297805,-0.025491567596871996,-0.048054091368296935,-0.07286500265634181,-0.024810911288044878,1.184739960029809,1.1381589036106268,1.3557406015674176,1.307043216065142
real_breast_cancer_aligned,box,6000,0.05,2.0,estimated_residual_lowp_supported,cui_selective_ml,estimated,xgboost,xgboost,if_residual,1.0,0.0|0.25|0.5|1.0,aipw_variance,-1.0,1.0,obsval,4.0,0.1,30,0.1,crossfit_rank_empty_standdown,1.0,4,50,3,1801.275978042744,-0.1176619892393766,-0.1176619892393766,-0.1176619892393766,0.0,0.00014059467359926357,-1.4892996966614806e-05,0.0,nan,0.0,reference,nan,nan,nan,nan,nan,gradient_boosting,random_forest,0.11830500119343722,nan,nan,nan,nan,nan,nan,nan,0.0,0.13466666666666666,nan,0.0,0,41,nan,0.050742574257425746,0.0,0.0,0.0,-0.08262643136110992,-0.08262643136110992,0.0,nan,nan,1.2722579545558133,1.2722579545558133
real_breast_cancer_aligned,box,6000,0.05,2.0,estimated_residual_lowp_supported,cui_selective_ml,estimated,xgboost,xgboost,if_residual,1.0,0.0|0.25|0.5|1.0,aipw_variance,-1.0,1.0,obsval,4.0,0.1,30,0.1,crossfit_rank_empty_standdown,1.0,4,50,4,2392.115208912641,-0.13556016518447422,-0.13556016518447422,-0.13556016518447422,0.0,0.00021626157518643161,-0.0001685141217732264,0.0,nan,0.0,reference,nan,nan,nan,nan,nan,logistic_l1,lasso,0.0006079820756635614,nan,nan,nan,nan,nan,nan,nan,0.0,0.1325,nan,0.0,0,40,nan,0.050314465408805034,0.0,0.0,0.0,0.008730663372406135,0.008730663372406135,0.0,nan,nan,1.561784228043578,1.561784228043578
real_breast_cancer_aligned,box,6000,0.05,2.0,estimated_residual_lowp_supported,cui_selective_ml,estimated,xgboost,xgboost,if_residual,1.0,0.0|0.25|0.5|1.0,aipw_variance,-1.0,1.0,obsval,4.0,0.1,30,0.1,crossfit_rank_empty_standdown,1.0,4,50,1,595.7305458001792,-0.06983293140607305,-0.06983293140607305,-0.06983293140607305,0.0,0.00021089263404508105,-0.00018353707240419104,0.0,nan,0.0,reference,nan,nan,nan,nan,nan,logistic_l1,random_forest,0.0010856455156374731,nan,nan,nan,nan,nan,nan,nan,0.0,0.12983333333333333,nan,0.0,0,42,nan,0.05391527599486521,0.0,0.0,0.0,-0.08732020118831073,-0.08732020118831073,0.0,nan,nan,1.2075710319014743,1.2075710319014743
real_breast_cancer_aligned,box,6000,0.05,2.0,estimated_residual_lowp_supported,cui_selective_ml,estimated,xgboost,xgboost,if_residual,1.0,0.0|0.25|0.5|1.0,aipw_variance,-1.0,1.0,obsval,4.0,0.1,30,0.1,crossfit_rank_empty_standdown,1.0,4,50,2,1196.2957384474576,-0.08426232836726716,-0.08426232836726716,-0.08426232836726716,0.0,0.00016405336863775416,-0.0001403410692385939,0.0,nan,0.0,reference,nan,nan,nan,nan,nan,gradient_boosting,random_forest,0.014060279165521212,nan,nan,nan,nan,nan,nan,nan,0.1,0.13033333333333333,0.8133333333333334,0.6240409207161125,66,40,0.11,0.05115089514066496,-0.03927002832403954,-0.03927002832403954,0.0,-0.07911436663114621,-0.07911436663114621,0.0,1.1035169794987567,1.1035169794987567,1.2944332818494386,1.2944332818494386
real_breast_cancer_aligned,box,6000,0.05,2.0,estimated_residual_lowp_supported,cui_selective_ml,estimated,xgboost,xgboost,if_residual,1.0,0.0|0.25|0.5|1.0,aipw_variance,-1.0,1.0,obsval,4.0,0.1,30,0.1,crossfit_rank_empty_standdown,1.0,4,50,3,1797.2939205272123,-0.0487841890251825,-0.049854370769789436,-0.0487841890251825,-0.001070181744606935,0.00020172904814983665,-9.314013949671167e-05,0.0,nan,0.25,if_residual,nan,nan,nan,nan,nan,gradient_boosting,gradient_boosting,0.001934500313766204,nan,nan,nan,nan,nan,nan,nan,0.1,0.13366666666666666,0.7983333333333333,0.5972568578553616,80,47,0.13333333333333333,0.05860349127182045,-0.037752259910112884,-0.03429381784128745,0.0034584420688254375,-0.06768331092287208,-0.06171729267329361,0.0059660182495784725,0.9856529784030443,0.9904960650430285,1.1523060889209766,1.1477209982088696
real_breast_cancer_aligned,box,6000,0.05,2.0,estimated_residual_lowp_supported,cui_selective_ml,estimated,xgboost,xgboost,if_residual,1.0,0.0|0.25|0.5|1.0,aipw_variance,-1.0,1.0,obsval,4.0,0.1,30,0.1,crossfit_rank_empty_standdown,1.0,4,50,4,2382.950693424791,-0.13988407460662755,-0.13988407460662755,-0.13988407460662755,0.0,9.121697192634353e-05,-6.104044269574524e-05,0.0,nan,0.0,reference,nan,nan,nan,nan,nan,random_forest,gradient_boosting,0.0003026176627274259,nan,nan,nan,nan,nan,nan,nan,0.075,0.13633333333333333,0.8688888888888889,0.4779951100244499,43,40,0.09555555555555556,0.0488997555012225,-0.047155622811849304,-0.047155622811849304,0.0,-0.1052293321029734,-0.1052293321029734,0.0,1.2396785736747995,1.2396785736747995,1.3215338345160934,1.3215338345160934
real_breast_cancer_aligned,box,6000,0.05,2.0,estimated_residual_lowp_supported,cui_selective_ml,estimated,xgboost,xgboost,if_residual,1.0,0.0|0.25|0.5|1.0,aipw_variance,-1.0,1.0,obsval,4.0,0.1,30,0.1,crossfit_rank_empty_standdown,1.0,4,50,1,600.8657378405333,-0.03909672273799231,-0.03909672273799231,-0.03909672273799231,0.0,0.0001758384689967674,-0.00020502331649507118,0.0,nan,0.0,reference,nan,nan,nan,nan,nan,logistic_l1,gradient_boosting,0.0006779243413887269,nan,nan,nan,nan,nan,nan,nan,0.1,0.12616666666666668,0.8,0.6340819022457067,85,48,0.14166666666666666,0.06340819022457067,-0.07271817633380125,-0.07271817633380125,0.0,-0.10966701377505869,-0.10966701377505869,0.0,0.9745076378519735,0.9745076378519735,1.1612989665327402,1.1612989665327402
real_breast_cancer_aligned,box,6000,0.05,2.0,estimated_residual_lowp_supported,cui_selective_ml,estimated,xgboost,xgboost,if_residual,1.0,0.0|0.25|0.5|1.0,aipw_variance,-1.0,1.0,obsval,4.0,0.1,30,0.1,crossfit_rank_empty_standdown,1.0,4,50,2,1194.4303880641237,-0.08645243597286817,-0.08645243597286817,-0.08645243597286817,0.0,0.0004015624506786557,-0.0001633420388103084,0.0,nan,0.0,reference,nan,nan,nan,nan,nan,gradient_boosting,gradient_boosting,0.030945259998419787,nan,nan,nan,nan,nan,nan,nan,0.1,0.13333333333333333,0.8666666666666667,0.65,48,34,0.08,0.0425,-0.03668804790113965,-0.03668804790113965,0.0,-0.07291043910013982,-0.07291043910013982,0.0,1.1491128191837945,1.1491128191837945,1.3162780841758557,1.3162780841758557
real_breast_cancer_aligned,box,6000,0.05,2.0,estimated_residual_lowp_supported,cui_selective_ml,estimated,xgboost,xgboost,if_residual,1.0,0.0|0.25|0.5|1.0,aipw_variance,-1.0,1.0,obsval,4.0,0.1,30,0.1,crossfit_rank_empty_standdown,1.0,4,50,3,1792.466570386663,-0.11155807509040933,-0.11155807509040933,-0.11155807509040933,0.0,0.00017947731791840595,-5.9611754617989185e-05,0.0,nan,0.0,reference,nan,nan,nan,nan,nan,gradient_boosting,random_forest,0.00303769923531855,nan,nan,nan,nan,nan,nan,nan,0.1,0.13166666666666665,0.865,0.6569620253164556,48,30,0.08,0.0379746835443038,-0.041363010926431104,-0.041363010926431104,0.0,-0.0792168763537301,-0.0792168763537301,0.0,1.2688196133184233,1.2688196133184233,1.4262704089936908,1.4262704089936908
real_breast_cancer_aligned,box,6000,0.05,2.0,estimated_residual_lowp_supported,cui_selective_ml,estimated,xgboost,xgboost,if_residual,1.0,0.0|0.25|0.5|1.0,aipw_variance,-1.0,1.0,obsval,4.0,0.1,30,0.1,crossfit_rank_empty_standdown,1.0,4,50,4,2379.7958868788555,-0.0671290553616275,-0.0671290553616275,-0.0671290553616275,0.0,0.0003733542513841752,-0.00023856703488489865,0.0,nan,0.0,reference,nan,nan,nan,nan,nan,gradient_boosting,gradient_boosting,0.00035197755700010566,nan,nan,nan,nan,nan,nan,nan,0.1,0.1295,0.8266666666666667,0.6383526383526383,69,37,0.115,0.047619047619047616,-0.04022852665147169,-0.04022852665147169,0.0,-0.07391383831975071,-0.07391383831975071,0.0,1.116556613437763,1.116556613437763,1.2651708386481266,1.2651708386481266
real_breast_cancer_aligned,box,6000,0.05,2.0,estimated_residual_lowp_supported,cui_selective_ml,estimated,xgboost,xgboost,if_residual,1.0,0.0|0.25|0.5|1.0,aipw_variance,-1.0,1.0,obsval,4.0,0.1,30,0.1,crossfit_rank_empty_standdown,1.0,4,50,1,605.5735035082325,-0.05832458025258308,-0.06277477607023568,-0.05832458025258308,-0.004450195817652602,0.00010724789668498363,-8.342170001885904e-05,0.0,nan,0.5,if_residual,nan,nan,nan,nan,nan,gradient_boosting,gradient_boosting,0.004638223360928104,nan,nan,nan,nan,nan,nan,nan,0.0,0.12933333333333333,nan,0.0,0,40,nan,0.05154639175257732,0.0,0.0,0.0,-0.07983489251437248,-0.07579073351518652,0.004044158999185962,nan,nan,1.272408247456585,1.3252074604820698
real_breast_cancer_aligned,box,6000,0.05,2.0,estimated_residual_lowp_supported,cui_selective_ml,estimated,xgboost,xgboost,if_residual,1.0,0.0|0.25|0.5|1.0,aipw_variance,-1.0,1.0,obsval,4.0,0.1,30,0.1,crossfit_rank_empty_standdown,1.0,4,50,2,1212.2693010065705,-0.12535387958345173,-0.10971551439858335,-0.12535387958345173,0.015638365184868386,0.00030357208979911606,-0.0002460440701165549,0.0,nan,0.5,if_residual,nan,nan,nan,nan,nan,gradient_boosting,random_forest,0.007877888426972597,nan,nan,nan,nan,nan,nan,nan,0.1,0.1295,0.85,0.6563706563706564,54,40,0.09,0.05148005148005148,-0.049750092148393606,-0.046624987317151055,0.0031251048312425506,-0.07849737867990604,-0.07239859579377565,0.006098782886130388,1.1788531688671327,1.1252712672809448,1.3056184422254145,1.2560558760049925
real_breast_cancer_aligned,box,6000,0.05,2.0,estimated_residual_lowp_supported,cui_selective_ml,estimated,xgboost,xgboost,if_residual,1.0,0.0|0.25|0.5|1.0,aipw_variance,-1.0,1.0,obsval,4.0,0.1,30,0.1,crossfit_rank_empty_standdown,1.0,4,50,3,1808.0832612309605,-0.15093579595126505,-0.15093579595126505,-0.15093579595126505,0.0,0.00015030820994099366,-0.0001649866412411291,0.0,nan,0.0,reference,nan,nan,nan,nan,nan,gradient_boosting,gradient_boosting,0.0005825785387790269,nan,nan,nan,nan,nan,nan,nan,0.0,0.1355,nan,0.0,0,37,nan,0.04551045510455105,0.0,0.0,0.0,-0.09564222349581,-0.09564222349581,0.0,nan,nan,1.383477088621135,1.383477088621135
real_breast_cancer_aligned,box,6000,0.05,2.0,estimated_residual_lowp_supported,cui_selective_ml,estimated,xgboost,xgboost,if_residual,1.0,0.0|0.25|0.5|1.0,aipw_variance,-1.0,1.0,obsval,4.0,0.1,30,0.1,crossfit_rank_empty_standdown,1.0,4,50,4,2390.7157887779176,-0.035105435196029544,-0.035105435196029544,-0.035105435196029544,0.0,0.00012109443065057637,-8.364595642698397e-05,0.0,nan,0.0,reference,nan,nan,nan,nan,nan,random_forest,random_forest,0.009238649445657249,nan,nan,nan,nan,nan,nan,nan,0.075,0.13033333333333333,0.7955555555555556,0.4578005115089514,54,48,0.12,0.061381074168797956,-0.04136640684170862,-0.04136640684170862,0.0,-0.09894956634146464,-0.09894956634146464,0.0,1.057925990686531,1.057925990686531,1.2266102642506405,1.2266102642506405
real_breast_cancer_aligned,box,6000,0.05,2.0,estimated_residual_lowp_supported,cui_selective_ml,estimated,xgboost,xgboost,if_residual,1.0,0.0|0.25|0.5|1.0,aipw_variance,-1.0,1.0,obsval,4.0,0.1,30,0.1,crossfit_rank_empty_standdown,1.0,4,50,1,597.6273562889546,-0.11972121663154806,-0.11972121663154806,-0.11972121663154806,0.0,0.00011176731779441711,-0.0001104331109655311,0.0,nan,0.0,reference,nan,nan,nan,nan,nan,gradient_boosting,gradient_boosting,0.032960953964316635,nan,nan,nan,nan,nan,nan,nan,0.075,0.1375,0.8155555555555556,0.4448484848484848,50,38,0.1111111111111111,0.04606060606060606,-0.03462547197679428,-0.03462547197679428,0.0,-0.07941522823943599,-0.07941522823943599,0.0,1.1691885281401413,1.1691885281401413,1.3006344168568134,1.3006344168568134
real_breast_cancer_aligned,box,6000,0.05,2.0,estimated_residual_lowp_supported,cui_selective_ml,estimated,xgboost,xgboost,if_residual,1.0,0.0|0.25|0.5|1.0,aipw_variance,-1.0,1.0,obsval,4.0,0.1,30,0.1,crossfit_rank_empty_standdown,1.0,4,50,2,1199.6831128271297,-0.08437485683353863,-0.0935172485808462,-0.08437485683353863,-0.009142391747307577,0.00023291684703948337,-0.00022207118948474507,0.0,nan,0.25,if_residual,nan,nan,nan,nan,nan,gradient_boosting,lasso,0.004909246751962375,nan,nan,nan,nan,nan,nan,nan,0.0,0.12983333333333333,nan,0.0,0,33,nan,0.04236200256739409,0.0,0.0,0.0,-0.08080436600949377,-0.07792694320484705,0.002877422804646715,nan,nan,1.5346449519133716,1.448061406515316
real_breast_cancer_aligned,box,6000,0.05,2.0,estimated_residual_lowp_supported,cui_selective_ml,estimated,xgboost,xgboost,if_residual,1.0,0.0|0.25|0.5|1.0,aipw_variance,-1.0,1.0,obsval,4.0,0.1,30,0.1,crossfit_rank_empty_standdown,1.0,4,50,3,1809.3461169777438,-0.11699873338045758,-0.11699873338045758,-0.11699873338045758,0.0,8.55093506779937e-05,-0.00010947455338852156,0.0,nan,0.0,reference,nan,nan,nan,nan,nan,gradient_boosting,lasso,0.12868357810644546,nan,nan,nan,nan,nan,nan,nan,0.0,0.1315,nan,0.0,0,47,nan,0.059569074778200254,0.0,0.0,0.0,-0.10271114100774988,-0.10271114100774988,0.0,nan,nan,1.4501090215501762,1.4501090215501762
real_breast_cancer_aligned,box,6000,0.05,2.0,estimated_residual_lowp_supported,cui_selective_ml,estimated,xgboost,xgboost,if_residual,1.0,0.0|0.25|0.5|1.0,aipw_variance,-1.0,1.0,obsval,4.0,0.1,30,0.1,crossfit_rank_empty_standdown,1.0,4,50,4,2399.674343490973,-0.06738555694385628,-0.06789646002129301,-0.06738555694385628,-0.0005109030774367307,0.0001820285553484739,-7.313679790211803e-05,0.0,nan,0.25,if_residual,nan,nan,nan,nan,nan,gradient_boosting,gradient_boosting,0.0004588500543523268,nan,nan,nan,nan,nan,nan,nan,0.1,0.12833333333333333,0.8166666666666667,0.6363636363636364,60,42,0.1,0.05454545454545454,-0.03584163618599732,-0.035524424294787076,0.0003172118912102423,-0.07343659500313778,-0.0705732860887842,0.002863308914353574,1.0736334370704912,1.0327512878412124,1.2855260404525422,1.241731218101665
real_breast_cancer_aligned,box,6000,0.05,2.0,estimated_residual_lowp_supported,cui_selective_ml,estimated,xgboost,xgboost,if_residual,1.0,0.0|0.25|0.5|1.0,aipw_variance,-1.0,1.0,obsval,4.0,0.1,30,0.1,crossfit_rank_empty_standdown,1.0,4,50,1,596.7648615436628,-0.023773560186618248,-0.023773560186618248,-0.023773560186618248,0.0,0.0002035539334286434,-0.00010109287926181266,0.0,nan,0.0,reference,nan,nan,nan,nan,nan,gradient_boosting,gradient_boosting,0.0016070376697807963,nan,nan,nan,nan,nan,nan,nan,0.075,0.12666666666666668,0.8133333333333334,0.48157894736842105,54,43,0.12,0.056578947368421055,-0.02880805769253406,-0.02880805769253406,0.0,-0.061197106494476336,-0.061197106494476336,0.0,0.8826860656312907,0.8826860656312907,1.062352639755576,1.062352639755576
real_breast_cancer_aligned,box,6000,0.05,2.0,estimated_residual_lowp_supported,cui_selective_ml,estimated,xgboost,xgboost,if_residual,1.0,0.0|0.25|0.5|1.0,aipw_variance,-1.0,1.0,obsval,4.0,0.1,30,0.1,crossfit_rank_empty_standdown,1.0,4,50,2,1197.1923126811162,-0.09222761093232029,-0.09222761093232029,-0.09222761093232029,0.0,0.00011118754055481489,-9.735548310466676e-05,0.0,nan,0.0,reference,nan,nan,nan,nan,nan,gradient_boosting,gradient_boosting,0.019358476131165828,nan,nan,nan,nan,nan,nan,nan,0.1,0.131,0.8183333333333334,0.6246819338422391,62,44,0.10333333333333333,0.05597964376590331,-0.045502465803498496,-0.045502465803498496,0.0,-0.07866553332224341,-0.07866553332224341,0.0,1.0566150338340121,1.0566150338340121,1.2162792910075941,1.2162792910075941
real_breast_cancer_aligned,box,6000,0.05,2.0,estimated_residual_lowp_supported,cui_selective_ml,estimated,xgboost,xgboost,if_residual,1.0,0.0|0.25|0.5|1.0,aipw_variance,-1.0,1.0,obsval,4.0,0.1,30,0.1,crossfit_rank_empty_standdown,1.0,4,50,3,1800.2872753310949,-0.09890748269039001,-0.09890748269039001,-0.09890748269039001,0.0,0.0002702595915627889,-0.00019062748915559566,0.0,nan,0.0,reference,nan,nan,nan,nan,nan,gradient_boosting,gradient_boosting,0.019704273168915213,nan,nan,nan,nan,nan,nan,nan,0.0,0.13116666666666665,nan,0.0,0,39,nan,0.04955527318932656,0.0,0.0,0.0,-0.08790195031211068,-0.08790195031211068,0.0,nan,nan,1.3598482486468055,1.3598482486468055
real_breast_cancer_aligned,box,6000,0.05,2.0,estimated_residual_lowp_supported,cui_selective_ml,estimated,xgboost,xgboost,if_residual,1.0,0.0|0.25|0.5|1.0,aipw_variance,-1.0,1.0,obsval,4.0,0.1,30,0.1,crossfit_rank_empty_standdown,1.0,4,50,4,2384.2431570133194,-0.0692239777594344,-0.06846692855279585,-0.0692239777594344,0.0007570492066385492,0.00011718050269556002,-0.00016690936261972648,0.0,nan,0.25,if_residual,nan,nan,nan,nan,nan,gradient_boosting,gradient_boosting,0.0007724279173171607,nan,nan,nan,nan,nan,nan,nan,0.1,0.1315,0.845,0.6425855513307985,56,32,0.09333333333333334,0.04055766793409379,-0.03394734198639834,-0.0329423671087245,0.0010049748776738351,-0.06956987431506258,-0.06699584332729375,0.00257403098776883,1.1401040384774224,1.0850559263302697,1.310974672145819,1.2590274572132663
real_breast_cancer_aligned,box,6000,0.05,2.0,estimated_residual_lowp_supported,cui_selective_ml,estimated,xgboost,xgboost,if_residual,1.0,0.0|0.25|0.5|1.0,aipw_variance,-1.0,1.0,obsval,4.0,0.1,30,0.1,crossfit_rank_empty_standdown,1.0,4,50,1,605.1346512362361,-0.08952922655832962,-0.08952922655832962,-0.08952922655832962,0.0,0.00023181001208505392,-0.0002000618470949021,0.0,nan,0.0,reference,nan,nan,nan,nan,nan,gradient_boosting,random_forest,0.0018656107096753376,nan,nan,nan,nan,nan,nan,nan,0.1,0.13066666666666665,0.83,0.6352040816326531,52,39,0.08666666666666667,0.04974489795918367,-0.03919239326703506,-0.03919239326703506,0.0,-0.07565329298391521,-0.07565329298391521,0.0,1.141804120426486,1.141804120426486,1.3161746398347196,1.3161746398347196
real_breast_cancer_aligned,box,6000,0.05,2.0,estimated_residual_lowp_supported,cui_selective_ml,estimated,xgboost,xgboost,if_residual,1.0,0.0|0.25|0.5|1.0,aipw_variance,-1.0,1.0,obsval,4.0,0.1,30,0.1,crossfit_rank_empty_standdown,1.0,4,50,2,1204.650730774738,-0.1454744061709362,-0.1454744061709362,-0.1454744061709362,0.0,0.00019318406275608852,-0.00014864779227108876,0.0,nan,0.0,reference,nan,nan,nan,nan,nan,gradient_boosting,random_forest,0.005438274508322643,nan,nan,nan,nan,nan,nan,nan,0.0,0.12916666666666668,nan,0.0,0,36,nan,0.04645161290322581,0.0,0.0,0.0,-0.07740026207517409,-0.07740026207517409,0.0,nan,nan,1.438840549285981,1.438840549285981
real_breast_cancer_aligned,box,6000,0.05,2.0,estimated_residual_lowp_supported,cui_selective_ml,estimated,xgboost,xgboost,if_residual,1.0,0.0|0.25|0.5|1.0,aipw_variance,-1.0,1.0,obsval,4.0,0.1,30,0.1,crossfit_rank_empty_standdown,1.0,4,50,3,1810.0428152568638,-0.06465817903151339,-0.061065830212051864,-0.06465817903151339,0.0035923488194615216,0.00019368421179252597,1.0843741780538108e-05,0.0,nan,0.25,if_residual,nan,nan,nan,nan,nan,gradient_boosting,random_forest,0.0003577552522310521,nan,nan,nan,nan,nan,nan,nan,0.1,0.13683333333333333,0.8333333333333334,0.6090133982947625,65,42,0.10833333333333334,0.05115712545676005,-0.04576913557427145,-0.04335903322271142,0.0024101023515600353,-0.0826472728585442,-0.07848034970377328,0.004166923154770921,1.1344486674429828,1.074407902063272,1.2697689520600541,1.2161636290411804
real_breast_cancer_aligned,box,6000,0.05,2.0,estimated_residual_lowp_supported,cui_selective_ml,estimated,xgboost,xgboost,if_residual,1.0,0.0|0.25|0.5|1.0,aipw_variance,-1.0,1.0,obsval,4.0,0.1,30,0.1,crossfit_rank_empty_standdown,1.0,4,50,4,2398.2805849043652,-0.12717528294952046,-0.12666913379876021,-0.12717528294952046,0.0005061491507602489,0.00023931351870421207,-0.00024752267906235075,0.0,nan,0.5,if_residual,nan,nan,nan,nan,nan,gradient_boosting,lasso,0.015711843388893296,nan,nan,nan,nan,nan,nan,nan,0.1,0.13683333333333333,0.8516666666666667,0.6224116930572473,74,49,0.12333333333333334,0.05968331303288672,-0.06782186056442267,-0.05829886055900892,0.00952300000541375,-0.1221608834176239,-0.10412619332821627,0.01803469008940764,1.4769800104488007,1.3242769317568999,1.6252639183665631,1.4608304321523038
real_breast_cancer_aligned,box,6000,0.05,2.0,estimated_residual_lowp_supported,cui_selective_ml,estimated,xgboost,xgboost,if_residual,1.0,0.0|0.25|0.5|1.0,aipw_variance,-1.0,1.0,obsval,4.0,0.1,30,0.1,crossfit_rank_empty_standdown,1.0,4,50,1,603.5922858212143,-0.09852978845919685,-0.09852978845919685,-0.09852978845919685,0.0,0.00024816366486329596,-0.00019292072950315956,0.0,nan,0.0,reference,nan,nan,nan,nan,nan,logistic_l1,gradient_boosting,0.0003701254674748124,nan,nan,nan,nan,nan,nan,nan,0.1,0.13416666666666666,0.83,0.6186335403726708,62,43,0.10333333333333333,0.05341614906832298,0.012272673859122913,0.012272673859122913,0.0,-0.03071789863437131,-0.03071789863437131,0.0,1.1182588521001375,1.1182588521001375,1.303695232864248,1.303695232864248
real_breast_cancer_aligned,box,6000,0.05,2.0,estimated_residual_lowp_supported,cui_selective_ml,estimated,xgboost,xgboost,if_residual,1.0,0.0|0.25|0.5|1.0,aipw_variance,-1.0,1.0,obsval,4.0,0.1,30,0.1,crossfit_rank_empty_standdown,1.0,4,50,2,1197.2535255886614,-0.0452180304437958,-0.04033915385283404,-0.0452180304437958,0.004878876590961756,0.00028204297713255665,-0.00018106623449621803,0.0,nan,0.5,if_residual,nan,nan,nan,nan,nan,gradient_boosting,gradient_boosting,0.004092187212019403,nan,nan,nan,nan,nan,nan,nan,0.1,0.13516666666666666,0.8333333333333334,0.6165228113440198,55,33,0.09166666666666666,0.040690505548705305,-0.03452083360085268,-0.03544055895781265,-0.0009197253569599717,-0.06533474882453455,-0.06319854967439646,0.002136199150138088,1.0939531919308352,1.113447547972076,1.2624711982042174,1.2692732631011592
real_breast_cancer_aligned,box,6000,0.05,2.0,estimated_residual_lowp_supported,cui_selective_ml,estimated,xgboost,xgboost,if_residual,1.0,0.0|0.25|0.5|1.0,aipw_variance,-1.0,1.0,obsval,4.0,0.1,30,0.1,crossfit_rank_empty_standdown,1.0,4,50,3,1799.6453637136146,-0.08456022327800389,-0.08503872408703467,-0.08456022327800389,-0.00047850080903077963,0.00012813121422813466,-0.00013974015186132437,0.0,nan,0.5,if_residual,nan,nan,nan,nan,nan,gradient_boosting,random_forest,0.0019223501297344551,nan,nan,nan,nan,nan,nan,nan,0.0,0.13633333333333333,nan,0.0,0,45,nan,0.0550122249388753,0.0,0.0,0.0,-0.0806266177855497,-0.07525630614305924,0.005370311642490466,nan,nan,1.3131766049699312,1.2270993718667786
real_breast_cancer_aligned,box,6000,0.05,2.0,estimated_residual_lowp_supported,cui_selective_ml,estimated,xgboost,xgboost,if_residual,1.0,0.0|0.25|0.5|1.0,aipw_variance,-1.0,1.0,obsval,4.0,0.1,30,0.1,crossfit_rank_empty_standdown,1.0,4,50,4,2379.0550690414384,-0.09421721321026261,-0.09421721321026261,-0.09421721321026261,0.0,0.00018049057271339684,-0.000135299234884824,0.0,nan,0.0,reference,nan,nan,nan,nan,nan,logistic_l1,gradient_boosting,0.0002438363930684473,nan,nan,nan,nan,nan,nan,nan,0.1,0.13183333333333333,0.825,0.6257901390644753,64,36,0.10666666666666667,0.045512010113780026,-0.06684281153673988,-0.06684281153673988,0.0,-0.10746867284301356,-0.10746867284301356,0.0,1.0742720947519964,1.0742720947519964,1.2504975709869046,1.2504975709869046
real_breast_cancer_aligned,box,6000,0.05,2.0,estimated_residual_lowp_supported,cui_selective_ml,estimated,xgboost,xgboost,if_residual,1.0,0.0|0.25|0.5|1.0,aipw_variance,-1.0,1.0,obsval,4.0,0.1,30,0.1,crossfit_rank_empty_standdown,1.0,4,50,1,609.5444568600506,-0.09340769772313035,-0.10144747500020046,-0.09340769772313035,-0.008039777277070115,0.0001702896092921364,-0.0001333806570891175,0.0,nan,0.25,if_residual,nan,nan,nan,nan,nan,gradient_boosting,gradient_boosting,0.006697620529433599,nan,nan,nan,nan,nan,nan,nan,0.1,0.132,0.8116666666666666,0.61489898989899,75,36,0.125,0.045454545454545456,-0.042388873423999406,-0.04107218289212606,0.0013166905318733463,-0.08255084363738069,-0.08033488347261228,0.00221596016476841,1.1708187151885183,1.1747282692382528,1.3451731172792885,1.3421068414403836
real_breast_cancer_aligned,box,6000,0.05,2.0,estimated_residual_lowp_supported,cui_selective_ml,estimated,xgboost,xgboost,if_residual,1.0,0.0|0.25|0.5|1.0,aipw_variance,-1.0,1.0,obsval,4.0,0.1,30,0.1,crossfit_rank_empty_standdown,1.0,4,50,2,1212.8822601363063,-0.10491971725396454,-0.10491971725396454,-0.10491971725396454,0.0,0.0001303320772646176,-0.00016476602526826394,0.0,nan,0.0,reference,nan,nan,nan,nan,nan,gradient_boosting,random_forest,0.024331149501131417,nan,nan,nan,nan,nan,nan,nan,0.1,0.1315,0.8216666666666667,0.6248415716096325,72,38,0.12,0.048162230671736375,-0.04746749022808234,-0.04746749022808234,0.0,-0.09098861835834422,-0.09098861835834422,0.0,1.1940765056454155,1.1940765056454155,1.3940647860196402,1.3940647860196402
real_breast_cancer_aligned,box,6000,0.05,2.0,estimated_residual_lowp_supported,cui_selective_ml,estimated,xgboost,xgboost,if_residual,1.0,0.0|0.25|0.5|1.0,aipw_variance,-1.0,1.0,obsval,4.0,0.1,30,0.1,crossfit_rank_empty_standdown,1.0,4,50,3,1813.3019160758704,-0.14399873682779057,-0.14399873682779057,-0.14399873682779057,0.0,0.0003420614966101617,-0.00035661482555363424,0.0,nan,0.0,reference,nan,nan,nan,nan,nan,gradient_boosting,lasso,0.0017732647678134008,nan,nan,nan,nan,nan,nan,nan,0.0,0.13066666666666665,nan,0.0,0,31,nan,0.039540816326530615,0.0,0.0,0.0,-0.08654948325461617,-0.08654948325461617,0.0,nan,nan,1.6715831183400252,1.6715831183400252
real_breast_cancer_aligned,box,6000,0.05,2.0,estimated_residual_lowp_supported,cui_selective_ml,estimated,xgboost,xgboost,if_residual,1.0,0.0|0.25|0.5|1.0,aipw_variance,-1.0,1.0,obsval,4.0,0.1,30,0.1,crossfit_rank_empty_standdown,1.0,4,50,4,2406.74708198756,-0.08488243064085055,-0.07660348384834936,-0.08488243064085055,0.008278946792501185,7.199710501058906e-05,-5.321992592901333e-05,0.0,nan,0.5,if_residual,nan,nan,nan,nan,nan,random_forest,lasso,0.0005019453443390262,nan,nan,nan,nan,nan,nan,nan,0.1,0.13583333333333333,0.82,0.603680981595092,75,58,0.125,0.07116564417177915,-0.06683684848454718,-0.05833145180189313,0.008505396682654057,-0.11812537023391383,-0.10518531277741101,0.012940057456502813,1.2707086124123872,1.141459154109272,1.4153727502572824,1.2971928222290656
real_breast_cancer_aligned,box,6000,0.05,2.0,estimated_residual_lowp_supported,cui_selective_ml,estimated,xgboost,xgboost,if_residual,1.0,0.0|0.25|0.5|1.0,aipw_variance,-1.0,1.0,obsval,4.0,0.1,30,0.1,crossfit_rank_empty_standdown,1.0,4,50,1,605.6309147775173,-0.055356855815891115,-0.055356855815891115,-0.055356855815891115,0.0,0.0002465488281245629,-0.00010702608538368566,0.0,nan,0.0,reference,nan,nan,nan,nan,nan,gradient_boosting,gradient_boosting,0.0012500727633598593,nan,nan,nan,nan,nan,nan,nan,0.0,0.12883333333333333,nan,0.0,0,36,nan,0.04657179818887452,0.0,0.0,0.0,-0.07836148127457244,-0.07836148127457244,0.0,nan,nan,1.2658836537672424,1.2658836537672424
real_breast_cancer_aligned,box,6000,0.05,2.0,estimated_residual_lowp_supported,cui_selective_ml,estimated,xgboost,xgboost,if_residual,1.0,0.0|0.25|0.5|1.0,aipw_variance,-1.0,1.0,obsval,4.0,0.1,30,0.1,crossfit_rank_empty_standdown,1.0,4,50,2,1212.2497594635934,-0.0982013825337284,-0.0982013825337284,-0.0982013825337284,0.0,0.00020466617800786067,-0.0002321686036015826,0.0,nan,0.0,reference,nan,nan,nan,nan,nan,gradient_boosting,gradient_boosting,0.0017581126071474988,nan,nan,nan,nan,nan,nan,nan,0.075,0.131,0.8777777777777778,0.5025445292620865,44,44,0.09777777777777778,0.05597964376590331,-0.03053265749716095,-0.03053265749716095,0.0,-0.08368758112567357,-0.08368758112567357,0.0,0.9851432088381585,0.9851432088381585,1.2452346855332734,1.2452346855332734
real_breast_cancer_aligned,box,6000,0.05,2.0,estimated_residual_lowp_supported,cui_selective_ml,estimated,xgboost,xgboost,if_residual,1.0,0.0|0.25|0.5|1.0,aipw_variance,-1.0,1.0,obsval,4.0,0.1,30,0.1,crossfit_rank_empty_standdown,1.0,4,50,3,1801.8226436208934,-0.16284348975150859,-0.16284348975150859,-0.16284348975150859,0.0,0.0001944466863111041,-0.0001427736801661064,0.0,nan,0.0,reference,nan,nan,nan,nan,nan,random_forest,random_forest,0.0014290423836380928,nan,nan,nan,nan,nan,nan,nan,0.1,0.13583333333333333,0.86,0.6331288343558282,47,36,0.07833333333333334,0.044171779141104296,-0.05410934185078426,-0.05410934185078426,0.0,-0.10489390222098818,-0.10489390222098818,0.0,1.2129166287632651,1.2129166287632651,1.3790216572845757,1.3790216572845757
real_breast_cancer_aligned,box,6000,0.05,2.0,estimated_residual_lowp_supported,cui_selective_ml,estimated,xgboost,xgboost,if_residual,1.0,0.0|0.25|0.5|1.0,aipw_variance,-1.0,1.0,obsval,4.0,0.1,30,0.1,crossfit_rank_empty_standdown,1.0,4,50,4,2383.9994395989925,-0.1020070689507912,-0.10160867816843011,-0.1020070689507912,0.00039839078236109104,0.00011768822296833359,-0.00017510508798678588,0.0,nan,0.25,if_residual,nan,nan,nan,nan,nan,gradient_boosting,random_forest,0.004761022765259385,nan,nan,nan,nan,nan,nan,nan,0.1,0.12783333333333333,0.7966666666666666,0.6232073011734028,63,40,0.105,0.05215123859191656,-0.04168609480530967,-0.040457955049217426,0.0012281397560922475,-0.0852512092808048,-0.08144999444737896,0.0038012148334258394,1.1638764797403922,1.1129630670414887,1.3699572631476002,1.3133280124093663
real_breast_cancer_aligned,box,6000,0.05,2.0,estimated_residual_lowp_supported,cui_selective_ml,estimated,xgboost,xgboost,if_residual,1.0,0.0|0.25|0.5|1.0,aipw_variance,-1.0,1.0,obsval,4.0,0.1,30,0.1,crossfit_rank_empty_standdown,1.0,4,50,1,598.8994390601292,-0.07113144249381687,-0.07113144249381687,-0.07113144249381687,0.0,0.00044017049087161737,-0.0004873207354316167,0.0,nan,0.0,reference,nan,nan,nan,nan,nan,random_forest,gradient_boosting,0.008685578598884731,nan,nan,nan,nan,nan,nan,nan,0.1,0.1285,0.8533333333333334,0.6640726329442282,53,33,0.08833333333333333,0.042801556420233464,-0.0403652480321931,-0.0403652480321931,0.0,-0.07661016898084348,-0.07661016898084348,0.0,0.9891610668133511,0.9891610668133511,1.1759658629412089,1.1759658629412089
real_breast_cancer_aligned,box,6000,0.05,2.0,estimated_residual_lowp_supported,cui_selective_ml,estimated,xgboost,xgboost,if_residual,1.0,0.0|0.25|0.5|1.0,aipw_variance,-1.0,1.0,obsval,4.0,0.1,30,0.1,crossfit_rank_empty_standdown,1.0,4,50,2,1194.244665064849,-0.10421795559540548,-0.10421795559540548,-0.10421795559540548,0.0,0.0001931884089652362,-0.00013984798422982906,0.0,nan,0.0,reference,nan,nan,nan,nan,nan,gradient_boosting,lasso,0.0014463700253266238,nan,nan,nan,nan,nan,nan,nan,0.0,0.13283333333333333,nan,0.0,0,37,nan,0.04642409033877039,0.0,0.0,0.0,-0.08737211715859114,-0.08737211715859114,0.0,nan,nan,1.5944155985183686,1.5944155985183686
real_breast_cancer_aligned,box,6000,0.05,2.0,estimated_residual_lowp_supported,cui_selective_ml,estimated,xgboost,xgboost,if_residual,1.0,0.0|0.25|0.5|1.0,aipw_variance,-1.0,1.0,obsval,4.0,0.1,30,0.1,crossfit_rank_empty_standdown,1.0,4,50,3,1792.7122240075842,-0.09409604814343753,-0.09409604814343753,-0.09409604814343753,0.0,0.0002698204943896611,-7.093961464523765e-05,0.0,nan,0.0,reference,nan,nan,nan,nan,nan,gradient_boosting,gradient_boosting,0.0003818898683388657,nan,nan,nan,nan,nan,nan,nan,0.1,0.13083333333333333,0.835,0.6382165605095541,58,38,0.09666666666666666,0.048407643312101914,-0.03698882379150414,-0.03698882379150414,0.0,-0.07282776515033464,-0.07282776515033464,0.0,1.045544026163678,1.045544026163678,1.2293230219916471,1.2293230219916471
real_breast_cancer_aligned,box,6000,0.05,2.0,estimated_residual_lowp_supported,cui_selective_ml,estimated,xgboost,xgboost,if_residual,1.0,0.0|0.25|0.5|1.0,aipw_variance,-1.0,1.0,obsval,4.0,0.1,30,0.1,crossfit_rank_empty_standdown,1.0,4,50,4,2375.0815983116627,-0.059618327290620554,-0.059618327290620554,-0.059618327290620554,0.0,0.0004647029041599932,-0.00043828239280967456,0.0,nan,0.0,reference,nan,nan,nan,nan,nan,gradient_boosting,gradient_boosting,0.0030876016010497618,nan,nan,nan,nan,nan,nan,nan,0.0,0.135,nan,0.0,0,36,nan,0.044444444444444446,0.0,0.0,0.0,-0.0652058824335055,-0.0652058824335055,0.0,nan,nan,1.2556839109650382,1.2556839109650382
real_breast_cancer_aligned,box,6000,0.05,2.0,estimated_residual_lowp_supported,cui_selective_ml,estimated,xgboost,xgboost,if_residual,1.0,0.0|0.25|0.5|1.0,aipw_variance,-1.0,1.0,obsval,4.0,0.1,30,0.1,crossfit_rank_empty_standdown,1.0,4,50,1,611.1369648212567,-0.09879411257355308,-0.09879411257355308,-0.09879411257355308,0.0,0.00023308578234448743,-0.00017268327837995892,0.0,nan,0.0,reference,nan,nan,nan,nan,nan,gradient_boosting,lasso,0.0037358429036279915,nan,nan,nan,nan,nan,nan,nan,0.1,0.12966666666666668,0.7833333333333333,0.6041131105398457,72,40,0.12,0.05141388174807198,-0.054237206421302746,-0.054237206421302746,0.0,-0.10212821869968855,-0.10212821869968855,0.0,1.370221882134033,1.370221882134033,1.5713141629550287,1.5713141629550287
real_breast_cancer_aligned,box,6000,0.05,2.0,estimated_residual_lowp_supported,cui_selective_ml,estimated,xgboost,xgboost,if_residual,1.0,0.0|0.25|0.5|1.0,aipw_variance,-1.0,1.0,obsval,4.0,0.1,30,0.1,crossfit_rank_empty_standdown,1.0,4,50,2,1213.5286879064515,-0.04268064804105154,-0.04268064804105154,-0.04268064804105154,0.0,0.0006458177545055929,-0.0008303327258762287,0.0,nan,0.0,reference,nan,nan,nan,nan,nan,gradient_boosting,gradient_boosting,0.005956144873827033,nan,nan,nan,nan,nan,nan,nan,0.1,0.128,0.8333333333333334,0.6510416666666666,69,42,0.115,0.0546875,-0.04300721823482243,-0.04300721823482243,0.0,-0.07545021182958503,-0.07545021182958503,0.0,1.0535553360825942,1.0535553360825942,1.19334578492115,1.19334578492115
real_breast_cancer_aligned,box,6000,0.05,2.0,estimated_residual_lowp_supported,cui_selective_ml,estimated,xgboost,xgboost,if_residual,1.0,0.0|0.25|0.5|1.0,aipw_variance,-1.0,1.0,obsval,4.0,0.1,30,0.1,crossfit_rank_empty_standdown,1.0,4,50,3,1812.0660597672686,-0.062386502061256566,-0.062386502061256566,-0.062386502061256566,0.0,0.00010688058422973507,5.962459664521054e-06,0.0,nan,0.0,reference,nan,nan,nan,nan,nan,gradient_boosting,random_forest,0.0006740315760705108,nan,nan,nan,nan,nan,nan,nan,0.1,0.13183333333333333,0.8516666666666667,0.6460176991150443,52,39,0.08666666666666667,0.0493046776232617,-0.04185846127027808,-0.04185846127027808,0.0,-0.08038782269458797,-0.08038782269458797,0.0,1.1556679788460182,1.1556679788460182,1.314140860683534,1.314140860683534
real_breast_cancer_aligned,box,6000,0.05,2.0,estimated_residual_lowp_supported,cui_selective_ml,estimated,xgboost,xgboost,if_residual,1.0,0.0|0.25|0.5|1.0,aipw_variance,-1.0,1.0,obsval,4.0,0.1,30,0.1,crossfit_rank_empty_standdown,1.0,4,50,4,2388.9213882395998,-0.14482411359905945,-0.14482411359905945,-0.14482411359905945,0.0,0.0002712789442389837,-0.00014800634699386182,0.0,nan,0.0,reference,nan,nan,nan,nan,nan,random_forest,random_forest,0.002686490566644204,nan,nan,nan,nan,nan,nan,nan,0.0,0.13666666666666666,nan,0.0,0,31,nan,0.03780487804878049,0.0,0.0,0.0,-0.09892291580547957,-0.09892291580547957,0.0,nan,nan,1.4180838904941102,1.4180838904941102
real_breast_cancer_aligned,box,6000,0.05,2.0,estimated_residual_lowp_supported,cui_selective_ml,estimated,xgboost,xgboost,if_residual,1.0,0.0|0.25|0.5|1.0,aipw_variance,-1.0,1.0,obsval,4.0,0.1,30,0.1,crossfit_rank_empty_standdown,1.0,4,50,1,613.3303908985108,-0.051157646868357276,-0.051157646868357276,-0.051157646868357276,0.0,0.00023361090252138465,-0.000250019901683852,0.0,nan,0.0,reference,nan,nan,nan,nan,nan,logistic_l1,gradient_boosting,0.0030125319813443167,nan,nan,nan,nan,nan,nan,nan,0.1,0.13483333333333333,0.8433333333333334,0.6254635352286774,66,44,0.11,0.054388133498145856,-0.08873748888518476,-0.08873748888518476,0.0,-0.13261276211895281,-0.13261276211895281,0.0,1.0325548471379544,1.0325548471379544,1.2209185957765525,1.2209185957765525
real_breast_cancer_aligned,box,6000,0.05,2.0,estimated_residual_lowp_supported,cui_selective_ml,estimated,xgboost,xgboost,if_residual,1.0,0.0|0.25|0.5|1.0,aipw_variance,-1.0,1.0,obsval,4.0,0.1,30,0.1,crossfit_rank_empty_standdown,1.0,4,50,2,1214.2523013949394,-0.11234605935481423,-0.11234605935481423,-0.11234605935481423,0.0,0.00025501694942207964,-8.232808622813206e-05,0.0,nan,0.0,reference,nan,nan,nan,nan,nan,gradient_boosting,random_forest,0.05107049807174447,nan,nan,nan,nan,nan,nan,nan,0.1,0.13266666666666665,0.8416666666666667,0.6344221105527639,46,38,0.07666666666666666,0.04773869346733668,-0.04862975333948669,-0.04862975333948669,0.0,-0.0883957548545242,-0.0883957548545242,0.0,1.2454899550953886,1.2454899550953886,1.4045515013732535,1.4045515013732535
real_breast_cancer_aligned,box,6000,0.05,2.0,estimated_residual_lowp_supported,cui_selective_ml,estimated,xgboost,xgboost,if_residual,1.0,0.0|0.25|0.5|1.0,aipw_variance,-1.0,1.0,obsval,4.0,0.1,30,0.1,crossfit_rank_empty_standdown,1.0,4,50,3,1804.886829590425,-0.1380966686069635,-0.1331165776137534,-0.1380966686069635,0.004980090993210118,0.0002149872642648095,-0.00019583497393006527,0.0,nan,0.5,if_residual,nan,nan,nan,nan,nan,gradient_boosting,lasso,0.003950809567785319,nan,nan,nan,nan,nan,nan,nan,0.1,0.13366666666666666,0.815,0.6097256857855362,60,35,0.1,0.043640897755610975,-0.044183448873894346,-0.04126526987794306,0.002918178995951287,-0.09425848940070228,-0.08587201589036798,0.008386473510334294,1.4792934902775428,1.3788420970465542,1.6681835771229945,1.541258179217469
real_breast_cancer_aligned,box,6000,0.05,2.0,estimated_residual_lowp_supported,cui_selective_ml,estimated,xgboost,xgboost,if_residual,1.0,0.0|0.25|0.5|1.0,aipw_variance,-1.0,1.0,obsval,4.0,0.1,30,0.1,crossfit_rank_empty_standdown,1.0,4,50,4,2391.66268793121,-0.07156079800636994,-0.07156079800636994,-0.07156079800636994,0.0,0.00016906632016809955,-0.00017367664191435023,0.0,nan,0.0,reference,nan,nan,nan,nan,nan,gradient_boosting,gradient_boosting,0.21881512553478263,nan,nan,nan,nan,nan,nan,nan,0.1,0.13033333333333333,0.8316666666666667,0.6381074168797954,61,29,0.10166666666666667,0.0370843989769821,-0.024871214082844793,-0.024871214082844793,0.0,-0.05418127677550204,-0.05418127677550204,0.0,1.1452764052058761,1.1452764052058761,1.3174392009663218,1.3174392009663218
real_breast_cancer_aligned,box,6000,0.05,2.0,estimated_residual_lowp_supported,cui_selective_ml,estimated,xgboost,xgboost,if_residual,1.0,0.0|0.25|0.5|1.0,aipw_variance,-1.0,1.0,obsval,4.0,0.1,30,0.1,crossfit_rank_empty_standdown,1.0,4,50,1,594.7409103838727,-0.12071630381551302,-0.12071630381551302,-0.12071630381551302,0.0,0.0005645617624447795,-0.0006109913384533402,0.0,nan,0.0,reference,nan,nan,nan,nan,nan,gradient_boosting,lasso,0.009930279985005838,nan,nan,nan,nan,nan,nan,nan,0.1,0.12916666666666668,0.845,0.6541935483870968,42,24,0.07,0.03096774193548387,-0.03214665333448089,-0.03214665333448089,0.0,-0.06986024556337606,-0.06986024556337606,0.0,1.4411919682875998,1.4411919682875998,1.590664562586771,1.590664562586771
real_breast_cancer_aligned,box,6000,0.05,2.0,estimated_residual_lowp_supported,cui_selective_ml,estimated,xgboost,xgboost,if_residual,1.0,0.0|0.25|0.5|1.0,aipw_variance,-1.0,1.0,obsval,4.0,0.1,30,0.1,crossfit_rank_empty_standdown,1.0,4,50,2,1202.128563879989,-0.1272525928497812,-0.12562868957250006,-0.1272525928497812,0.0016239032772811246,0.00013647251044034245,-5.180925269937856e-05,0.0,nan,0.25,if_residual,nan,nan,nan,nan,nan,random_forest,random_forest,0.002416227738619563,nan,nan,nan,nan,nan,nan,nan,0.0,0.13233333333333333,nan,0.0,0,34,nan,0.042821158690176324,0.0,0.0,0.0,-0.10923068506994317,-0.10713938687484362,0.002091298195099553,nan,nan,1.4004109424457971,1.3816158874872808
real_breast_cancer_aligned,box,6000,0.05,2.0,estimated_residual_lowp_supported,cui_selective_ml,estimated,xgboost,xgboost,if_residual,1.0,0.0|0.25|0.5|1.0,aipw_variance,-1.0,1.0,obsval,4.0,0.1,30,0.1,crossfit_rank_empty_standdown,1.0,4,50,3,1796.6771246064454,-0.09601470315481753,-0.09601470315481753,-0.09601470315481753,0.0,0.00026902810250095796,-0.0003554848071556547,0.0,nan,0.0,reference,nan,nan,nan,nan,nan,gradient_boosting,random_forest,0.0042000180099510155,nan,nan,nan,nan,nan,nan,nan,0.1,0.12816666666666668,0.8066666666666666,0.6293888166449935,62,33,0.10333333333333333,0.04291287386215865,-0.04514243713663914,-0.04514243713663914,0.0,-0.08086883496760211,-0.08086883496760211,0.0,1.1842450928167274,1.1842450928167274,1.3833162260883334,1.3833162260883334
real_breast_cancer_aligned,box,6000,0.05,2.0,estimated_residual_lowp_supported,cui_selective_ml,estimated,xgboost,xgboost,if_residual,1.0,0.0|0.25|0.5|1.0,aipw_variance,-1.0,1.0,obsval,4.0,0.1,30,0.1,crossfit_rank_empty_standdown,1.0,4,50,4,2377.660552252084,-0.015101157764398354,-0.04663953277326044,-0.03286516254868076,-0.031538375008862085,0.0002172106268268489,-0.00018471343797312953,0.5632504775306537,nan,0.5,if_residual,nan,nan,nan,nan,nan,logistic_l1,gradient_boosting,0.0038162022914374314,nan,nan,nan,nan,nan,nan,nan,0.0,0.12716666666666668,nan,0.0,0,39,nan,0.05111402359108781,0.0,0.0,0.0,-0.09726130046680787,-0.14154908283846357,-0.044287782371655704,nan,nan,1.2796483809138728,1.2352214177568352
real_breast_cancer_aligned,box,6000,0.05,2.0,estimated_residual_lowp_supported,cui_selective_ml,estimated,xgboost,xgboost,if_residual,1.0,0.0|0.25|0.5|1.0,aipw_variance,-1.0,1.0,obsval,4.0,0.1,30,0.1,crossfit_rank_empty_standdown,1.0,4,50,1,609.1346050258726,-0.15480363013350618,-0.15480363013350618,-0.15480363013350618,0.0,0.000511656167471046,-0.00040301662748277144,0.0,nan,0.0,reference,nan,nan,nan,nan,nan,gradient_boosting,lasso,0.007609583480559787,nan,nan,nan,nan,nan,nan,nan,0.0,0.135,nan,0.0,0,37,nan,0.04567901234567901,0.0,0.0,0.0,-0.10846911245150737,-0.10846911245150737,0.0,nan,nan,1.6062931431410379,1.6062931431410379
real_breast_cancer_aligned,box,6000,0.05,2.0,estimated_residual_lowp_supported,cui_selective_ml,estimated,xgboost,xgboost,if_residual,1.0,0.0|0.25|0.5|1.0,aipw_variance,-1.0,1.0,obsval,4.0,0.1,30,0.1,crossfit_rank_empty_standdown,1.0,4,50,2,1210.7131786923856,-0.045454875811138995,-0.045454875811138995,-0.045454875811138995,0.0,0.0002513987646348033,-0.00017291076500967786,0.0,nan,0.0,reference,nan,nan,nan,nan,nan,gradient_boosting,random_forest,0.001246290210914639,nan,nan,nan,nan,nan,nan,nan,0.075,0.13283333333333333,0.8133333333333334,0.4592220828105395,48,44,0.10666666666666667,0.05520702634880803,-0.03660317282700525,-0.03660317282700525,0.0,-0.07961643695210029,-0.07961643695210029,0.0,1.115523747571078,1.115523747571078,1.2360797253370572,1.2360797253370572
real_breast_cancer_aligned,box,6000,0.05,2.0,estimated_residual_lowp_supported,cui_selective_ml,estimated,xgboost,xgboost,if_residual,1.0,0.0|0.25|0.5|1.0,aipw_variance,-1.0,1.0,obsval,4.0,0.1,30,0.1,crossfit_rank_empty_standdown,1.0,4,50,3,1811.6966588916257,-0.11766150034572004,-0.11628651154444314,-0.11766150034572004,0.0013749888012768996,0.0001028999990793217,-2.0353522013645444e-05,0.0,nan,0.5,if_residual,nan,nan,nan,nan,nan,gradient_boosting,random_forest,0.012932396596755859,nan,nan,nan,nan,nan,nan,nan,0.075,0.131,0.8688888888888889,0.49745547073791346,30,33,0.06666666666666667,0.04198473282442748,-0.028612750162681246,-0.028424862624782974,0.00018788753789827223,-0.07798818900399601,-0.07431350195804301,0.0036746870459530012,1.2114997493061577,1.1063290590175834,1.3939714894181805,1.3160176998953654
real_breast_cancer_aligned,box,6000,0.05,2.0,estimated_residual_lowp_supported,cui_selective_ml,estimated,xgboost,xgboost,if_residual,1.0,0.0|0.25|0.5|1.0,aipw_variance,-1.0,1.0,obsval,4.0,0.1,30,0.1,crossfit_rank_empty_standdown,1.0,4,50,4,2396.5218600640073,-0.03625117616284529,-0.016112757337662598,-0.03625117616284529,0.02013841882518269,0.0002894746020662385,-0.0002691818162962053,0.0,nan,0.5,if_residual,nan,nan,nan,nan,nan,gradient_boosting,random_forest,0.0017110421431358893,nan,nan,nan,nan,nan,nan,nan,0.0,0.13183333333333333,nan,0.0,0,27,nan,0.03413400758533502,0.0,0.0,0.0,-0.04414850581949222,-0.04269951521881195,0.0014489906006802736,nan,nan,1.2945604221606801,1.1784145083791218
real_breast_cancer_aligned,box,6000,0.05,2.0,estimated_residual_lowp_supported,cui_selective_ml,estimated,xgboost,xgboost,if_residual,1.0,0.0|0.25|0.5|1.0,aipw_variance,-1.0,1.0,obsval,4.0,0.1,30,0.1,crossfit_rank_empty_standdown,1.0,4,50,1,595.9902286231518,-0.11444666313080948,-0.09663381713178221,-0.11444666313080948,0.01781284599902727,0.00022199088818140042,-9.87365225231455e-05,0.0,nan,0.25,if_residual,nan,nan,nan,nan,nan,gradient_boosting,gradient_boosting,0.011948783258667108,nan,nan,nan,nan,nan,nan,nan,0.1,0.13233333333333333,0.8466666666666667,0.6397984886649875,44,30,0.07333333333333333,0.037783375314861464,-0.0281996692853974,-0.027228401756070775,0.0009712675293266256,-0.06615974455649105,-0.06579108611037332,0.0003686584461177339,1.1541890219556699,1.150131395323806,1.3738046538536335,1.3692035764432209
real_breast_cancer_aligned,box,6000,0.05,2.0,estimated_residual_lowp_supported,cui_selective_ml,estimated,xgboost,xgboost,if_residual,1.0,0.0|0.25|0.5|1.0,aipw_variance,-1.0,1.0,obsval,4.0,0.1,30,0.1,crossfit_rank_empty_standdown,1.0,4,50,2,1185.4504142012447,-0.08294563201911864,-0.08294563201911864,-0.08294563201911864,0.0,0.0002521948483458947,-0.00019548436664560483,0.0,nan,0.0,reference,nan,nan,nan,nan,nan,gradient_boosting,random_forest,0.0004428291905496418,nan,nan,nan,nan,nan,nan,nan,0.0,0.13183333333333333,nan,0.0,0,37,nan,0.04677623261694058,0.0,0.0,0.0,-0.06916056891844381,-0.06916056891844381,0.0,nan,nan,1.3324690546906925,1.3324690546906925
real_breast_cancer_aligned,box,6000,0.05,2.0,estimated_residual_lowp_supported,cui_selective_ml,estimated,xgboost,xgboost,if_residual,1.0,0.0|0.25|0.5|1.0,aipw_variance,-1.0,1.0,obsval,4.0,0.1,30,0.1,crossfit_rank_empty_standdown,1.0,4,50,3,1773.1685329480097,-0.08003526179865567,-0.07224311786220078,-0.08003526179865567,0.007792143936454887,0.00013496685280920155,-0.00012142897552444023,0.0,nan,0.5,if_residual,nan,nan,nan,nan,nan,random_forest,gradient_boosting,0.003776206301905655,nan,nan,nan,nan,nan,nan,nan,0.1,0.1315,0.8616666666666667,0.6552598225602028,55,33,0.09166666666666666,0.04182509505703422,-0.053262841835415714,-0.0466952584881872,0.006567583347228512,-0.09464310255372137,-0.08511100961399082,0.00953209293973055,1.1686007007312131,1.1778117434063833,1.3073564577600616,1.3148163085808902
real_breast_cancer_aligned,box,6000,0.05,2.0,estimated_residual_lowp_supported,cui_selective_ml,estimated,xgboost,xgboost,if_residual,1.0,0.0|0.25|0.5|1.0,aipw_variance,-1.0,1.0,obsval,4.0,0.1,30,0.1,crossfit_rank_empty_standdown,1.0,4,50,4,2355.2936668312177,-0.05981004687436653,-0.05981004687436653,-0.05981004687436653,0.0,0.00021453016913970864,-8.65359138628464e-05,0.0,nan,0.0,reference,nan,nan,nan,nan,nan,gradient_boosting,random_forest,0.0004784231791558149,nan,nan,nan,nan,nan,nan,nan,0.075,0.134,0.8444444444444444,0.472636815920398,40,36,0.08888888888888889,0.04477611940298507,-0.026152244971250273,-0.026152244971250273,0.0,-0.07202622421807774,-0.07202622421807774,0.0,1.1041386760249017,1.1041386760249017,1.2719046276113077,1.2719046276113077
real_breast_cancer_aligned,box,6000,0.05,2.0,estimated_residual_lowp_supported,cui_selective_ml,estimated,xgboost,xgboost,if_residual,1.0,0.0|0.25|0.5|1.0,aipw_variance,-1.0,1.0,obsval,4.0,0.1,30,0.1,crossfit_rank_empty_standdown,1.0,4,50,1,598.7912312475964,-0.125098318424475,-0.125098318424475,-0.125098318424475,0.0,0.0002676151988898845,-0.00011009202826115134,0.0,nan,0.0,reference,nan,nan,nan,nan,nan,random_forest,random_forest,0.0011632383550324076,nan,nan,nan,nan,nan,nan,nan,0.1,0.13533333333333333,0.8033333333333333,0.5935960591133005,61,43,0.10166666666666667,0.05295566502463054,-0.06276377864477838,-0.06276377864477838,0.0,-0.11781248395056647,-0.11781248395056647,0.0,1.2025589542973678,1.2025589542973678,1.3826171851534725,1.3826171851534725
real_breast_cancer_aligned,box,6000,0.05,2.0,estimated_residual_lowp_supported,cui_selective_ml,estimated,xgboost,xgboost,if_residual,1.0,0.0|0.25|0.5|1.0,aipw_variance,-1.0,1.0,obsval,4.0,0.1,30,0.1,crossfit_rank_empty_standdown,1.0,4,50,2,1186.7656556144357,-0.05082947422504808,-0.05082947422504808,-0.05082947422504808,0.0,0.00013217996484384052,-9.947290932111024e-05,0.0,nan,0.0,reference,nan,nan,nan,nan,nan,gradient_boosting,random_forest,0.0018280037567107736,nan,nan,nan,nan,nan,nan,nan,0.0,0.13516666666666666,nan,0.0,0,40,nan,0.04932182490752158,0.0,0.0,0.0,-0.07690712356676141,-0.07690712356676141,0.0,nan,nan,1.2775752201059996,1.2775752201059996
real_breast_cancer_aligned,box,6000,0.05,2.0,estimated_residual_lowp_supported,cui_selective_ml,estimated,xgboost,xgboost,if_residual,1.0,0.0|0.25|0.5|1.0,aipw_variance,-1.0,1.0,obsval,4.0,0.1,30,0.1,crossfit_rank_empty_standdown,1.0,4,50,3,1778.8638412747532,-0.07049234715780633,-0.07049234715780633,-0.07049234715780633,0.0,0.00014700253749161873,-1.8569327235181895e-05,0.0,nan,0.0,reference,nan,nan,nan,nan,nan,gradient_boosting,random_forest,0.003988053518739595,nan,nan,nan,nan,nan,nan,nan,0.075,0.13333333333333333,0.8266666666666667,0.465,50,44,0.1111111111111111,0.055,-0.03722154314104695,-0.03722154314104695,0.0,-0.08932627916173427,-0.08932627916173427,0.0,1.1948552788795472,1.1948552788795472,1.318141776208569,1.318141776208569
real_breast_cancer_aligned,box,6000,0.05,2.0,estimated_residual_lowp_supported,cui_selective_ml,estimated,xgboost,xgboost,if_residual,1.0,0.0|0.25|0.5|1.0,aipw_variance,-1.0,1.0,obsval,4.0,0.1,30,0.1,crossfit_rank_empty_standdown,1.0,4,50,4,2356.649309558794,-0.11636822715227785,-0.11508767173072931,-0.11636822715227785,0.0012805554215485349,0.00026890461528888835,-0.0002139918542343874,0.0,nan,0.5,if_residual,nan,nan,nan,nan,nan,random_forest,random_forest,0.003899000759423761,nan,nan,nan,nan,nan,nan,nan,0.075,0.13416666666666666,0.8622222222222222,0.48198757763975153,52,41,0.11555555555555555,0.05093167701863354,-0.036809541489920314,-0.031159638216933894,0.0056499032729864195,-0.10020231573548008,-0.0939585186040566,0.006243797131423479,1.1594111133352896,1.0855041071322469,1.3392270212362916,1.3276705185805093
real_breast_cancer_aligned,box,6000,0.05,2.0,estimated_residual_lowp_supported,cui_selective_ml,estimated,xgboost,xgboost,if_residual,1.0,0.0|0.25|0.5|1.0,aipw_variance,-1.0,1.0,obsval,4.0,0.1,30,0.1,crossfit_rank_empty_standdown,1.0,4,50,1,596.1811161786318,-0.047299702314001046,-0.047299702314001046,-0.047299702314001046,0.0,0.00024141562490638882,-2.148648034781559e-05,0.0,nan,0.0,reference,nan,nan,nan,nan,nan,random_forest,random_forest,0.004239416093604068,nan,nan,nan,nan,nan,nan,nan,0.1,0.13033333333333333,0.8033333333333333,0.6163682864450127,57,39,0.095,0.049872122762148335,-0.04558689387044148,-0.04558689387044148,0.0,-0.08934479103804718,-0.08934479103804718,0.0,1.0630710562956978,1.0630710562956978,1.2652798342493066,1.2652798342493066
real_breast_cancer_aligned,box,6000,0.05,2.0,estimated_residual_lowp_supported,cui_selective_ml,estimated,xgboost,xgboost,if_residual,1.0,0.0|0.25|0.5|1.0,aipw_variance,-1.0,1.0,obsval,4.0,0.1,30,0.1,crossfit_rank_empty_standdown,1.0,4,50,2,1185.1605170676485,-0.11882447231037735,-0.11882447231037735,-0.11882447231037735,0.0,0.00016211964867549533,-9.344961472688821e-05,0.0,nan,0.0,reference,nan,nan,nan,nan,nan,random_forest,gradient_boosting,0.0002922157614344377,nan,nan,nan,nan,nan,nan,nan,0.075,0.13466666666666666,0.8555555555555555,0.47648514851485146,41,46,0.09111111111111111,0.05693069306930693,-0.041638597633953736,-0.041638597633953736,0.0,-0.10181704550978153,-0.10181704550978153,0.0,1.119533016873167,1.119533016873167,1.275931240437635,1.275931240437635
real_breast_cancer_aligned,box,6000,0.05,2.0,estimated_residual_lowp_supported,cui_selective_ml,estimated,xgboost,xgboost,if_residual,1.0,0.0|0.25|0.5|1.0,aipw_variance,-1.0,1.0,obsval,4.0,0.1,30,0.1,crossfit_rank_empty_standdown,1.0,4,50,3,1777.163199541159,-0.12530714908144736,-0.12530714908144736,-0.12530714908144736,0.0,0.0001614445917477417,-0.0001448692945447837,0.0,nan,0.0,reference,nan,nan,nan,nan,nan,gradient_boosting,random_forest,0.024943940182931855,nan,nan,nan,nan,nan,nan,nan,0.1,0.1325,0.8433333333333334,0.6364779874213836,53,43,0.08833333333333333,0.05408805031446541,-0.04452174962290392,-0.04452174962290392,0.0,-0.07950965352395403,-0.07950965352395403,0.0,1.1935386062851507,1.1935386062851507,1.3372293847991163,1.3372293847991163
real_breast_cancer_aligned,box,6000,0.05,2.0,estimated_residual_lowp_supported,cui_selective_ml,estimated,xgboost,xgboost,if_residual,1.0,0.0|0.25|0.5|1.0,aipw_variance,-1.0,1.0,obsval,4.0,0.1,30,0.1,crossfit_rank_empty_standdown,1.0,4,50,4,2347.0946668321267,-0.12423633954559843,-0.12423633954559843,-0.12423633954559843,0.0,0.0003137282086696921,-0.00021679659301573363,0.0,nan,0.0,reference,nan,nan,nan,nan,nan,gradient_boosting,lasso,0.0023675154368133352,nan,nan,nan,nan,nan,nan,nan,0.1,0.1285,0.8266666666666667,0.6433203631647212,41,22,0.06833333333333333,0.028534370946822308,-0.023094306096759398,-0.023094306096759398,0.0,-0.06775603685146885,-0.06775603685146885,0.0,1.5718493473415458,1.5718493473415458,1.7638919226458134,1.7638919226458134
real_breast_cancer_aligned,box,6000,0.05,2.0,estimated_residual_lowp_supported,cui_selective_ml,estimated,xgboost,xgboost,if_residual,1.0,0.0|0.25|0.5|1.0,aipw_variance,-1.0,1.0,obsval,4.0,0.1,30,0.1,crossfit_rank_empty_standdown,1.0,4,50,1,602.606502968818,-0.02766183041406478,-0.02766183041406478,-0.02766183041406478,0.0,0.0002480266736157044,-0.00025118615252958914,0.0,nan,0.0,reference,nan,nan,nan,nan,nan,random_forest,gradient_boosting,0.0011526545752391056,nan,nan,nan,nan,nan,nan,nan,0.1,0.13266666666666665,0.845,0.6369346733668342,52,44,0.08666666666666667,0.05527638190954774,-0.04456579815854754,-0.04456579815854754,0.0,-0.08203507896829287,-0.08203507896829287,0.0,1.008908675279404,1.008908675279404,1.1666300690174543,1.1666300690174543
real_breast_cancer_aligned,box,6000,0.05,2.0,estimated_residual_lowp_supported,cui_selective_ml,estimated,xgboost,xgboost,if_residual,1.0,0.0|0.25|0.5|1.0,aipw_variance,-1.0,1.0,obsval,4.0,0.1,30,0.1,crossfit_rank_empty_standdown,1.0,4,50,2,1192.33876539208,-0.09507129847550189,-0.0961783108257439,-0.09507129847550189,-0.0011070123502420204,0.0002060815847263085,-2.0036753353981055e-05,0.0,nan,0.25,if_residual,nan,nan,nan,nan,nan,gradient_boosting,gradient_boosting,0.005089892599836261,nan,nan,nan,nan,nan,nan,nan,0.075,0.13716666666666666,0.8533333333333334,0.4665856622114216,37,33,0.08222222222222222,0.040097205346294046,-0.023068779517208857,-0.02220180655788307,0.000866972959325786,-0.07460585795886207,-0.07457422270040036,3.1635258461712445e-05,1.1019241492033338,1.0374926204587633,1.3085291804708503,1.3028918679881198
real_breast_cancer_aligned,box,6000,0.05,2.0,estimated_residual_lowp_supported,cui_selective_ml,estimated,xgboost,xgboost,if_residual,1.0,0.0|0.25|0.5|1.0,aipw_variance,-1.0,1.0,obsval,4.0,0.1,30,0.1,crossfit_rank_empty_standdown,1.0,4,50,3,1767.9915372626856,-0.09808281368450816,-0.09675957942645796,-0.09808281368450816,0.0013232342580501988,0.00034474622925739534,-0.00021485454823461623,0.0,nan,0.25,if_residual,nan,nan,nan,nan,nan,logistic_l1,random_forest,0.001586748029558145,nan,nan,nan,nan,nan,nan,nan,0.1,0.138,0.8616666666666667,0.6243961352657005,66,42,0.11,0.050724637681159424,-0.030001715746347305,-0.03519452589235536,-0.005192810146008055,-0.07425106601173358,-0.07832196021431946,-0.004070894202585884,1.1831215230671135,1.1154646286450334,1.3388114396293025,1.2734222383879237
real_breast_cancer_aligned,box,6000,0.05,2.0,estimated_residual_lowp_supported,cui_selective_ml,estimated,xgboost,xgboost,if_residual,1.0,0.0|0.25|0.5|1.0,aipw_variance,-1.0,1.0,obsval,4.0,0.1,30,0.1,crossfit_rank_empty_standdown,1.0,4,50,4,2353.3303402140737,-0.04744879710210942,-0.044248173038965,-0.04744879710210942,0.0032006240631444194,9.191925361836815e-05,-0.00010211159309116608,0.0,nan,0.25,if_residual,nan,nan,nan,nan,nan,gradient_boosting,lasso,0.0018916511214168254,nan,nan,nan,nan,nan,nan,nan,0.1,0.13266666666666665,0.8133333333333334,0.6130653266331658,72,57,0.12,0.07160804020100503,-0.057810471208942366,-0.05284781523616743,0.004962655972774933,-0.10206163501178042,-0.09347852047436843,0.008583114537411993,1.2288897966092303,1.1178132675976624,1.402197006280702,1.2912493083361283
real_breast_cancer_aligned,box,6000,0.05,2.0,estimated_residual_lowp_supported,cui_selective_ml,estimated,xgboost,xgboost,if_residual,1.0,0.0|0.25|0.5|1.0,aipw_variance,-1.0,1.0,obsval,4.0,0.1,30,0.1,crossfit_rank_empty_standdown,1.0,4,50,1,596.0244995094836,-0.07318273535844488,-0.07318273535844488,-0.07318273535844488,0.0,0.00020869992525727066,-0.00012210716078162325,0.0,nan,0.0,reference,nan,nan,nan,nan,nan,random_forest,random_forest,0.005745297057555939,nan,nan,nan,nan,nan,nan,nan,0.1,0.128,0.845,0.66015625,48,31,0.08,0.040364583333333336,-0.05665981261896996,-0.05665981261896996,0.0,-0.091329122946301,-0.091329122946301,0.0,1.1840046205361456,1.1840046205361456,1.3176323886535217,1.3176323886535217
real_breast_cancer_aligned,box,6000,0.05,2.0,estimated_residual_lowp_supported,cui_selective_ml,estimated,xgboost,xgboost,if_residual,1.0,0.0|0.25|0.5|1.0,aipw_variance,-1.0,1.0,obsval,4.0,0.1,30,0.1,crossfit_rank_empty_standdown,1.0,4,50,2,1188.940950925462,-0.08806082981679753,-0.09353867206249711,-0.08806082981679753,-0.005477842245699582,0.0002222974750136662,-0.00018058410442127514,0.0,nan,0.5,if_residual,nan,nan,nan,nan,nan,gradient_boosting,lasso,0.014372116544487591,nan,nan,nan,nan,nan,nan,nan,0.075,0.13333333333333333,0.8355555555555556,0.47,44,43,0.09777777777777778,0.05375,-0.03833557895243238,-0.033673483475015295,0.004662095477417083,-0.09302827796499646,-0.08136124669750672,0.011667031267489747,1.3859473111789635,1.245681402668792,1.545995777658141,1.400978488973618
real_breast_cancer_aligned,box,6000,0.05,2.0,estimated_residual_lowp_supported,cui_selective_ml,estimated,xgboost,xgboost,if_residual,1.0,0.0|0.25|0.5|1.0,aipw_variance,-1.0,1.0,obsval,4.0,0.1,30,0.1,crossfit_rank_empty_standdown,1.0,4,50,3,1782.455974935554,-0.06578995527929554,-0.06578995527929554,-0.06578995527929554,0.0,0.00014046590694697476,-3.9269127550015776e-05,0.0,nan,0.0,reference,nan,nan,nan,nan,nan,gradient_boosting,random_forest,0.0010321960492625844,nan,nan,nan,nan,nan,nan,nan,0.1,0.13016666666666668,0.8366666666666667,0.6427656850192062,48,41,0.08,0.052496798975672214,-0.03642740621239687,-0.03642740621239687,0.0,-0.06858465735664729,-0.06858465735664729,0.0,1.1570867944580587,1.1570867944580587,1.3161669112448615,1.3161669112448615
real_breast_cancer_aligned,box,6000,0.05,2.0,estimated_residual_lowp_supported,cui_selective_ml,estimated,xgboost,xgboost,if_residual,1.0,0.0|0.25|0.5|1.0,aipw_variance,-1.0,1.0,obsval,4.0,0.1,30,0.1,crossfit_rank_empty_standdown,1.0,4,50,4,2358.266273934394,-0.098178202277383,-0.098178202277383,-0.098178202277383,0.0,0.00011380076050725705,-4.018360278224616e-05,0.0,nan,0.0,reference,nan,nan,nan,nan,nan,gradient_boosting,gradient_boosting,0.0007300742702742943,nan,nan,nan,nan,nan,nan,nan,0.1,0.1335,0.8566666666666667,0.6416978776529338,38,36,0.06333333333333334,0.0449438202247191,-0.029850887123837225,-0.029850887123837225,0.0,-0.0674555662992719,-0.0674555662992719,0.0,1.1228707879661188,1.1228707879661188,1.3101444913587665,1.3101444913587665
real_breast_cancer_aligned,box,6000,0.05,2.0,estimated_residual_lowp_supported,cui_selective_ml,estimated,xgboost,xgboost,if_residual,1.0,0.0|0.25|0.5|1.0,aipw_variance,-1.0,1.0,obsval,4.0,0.1,30,0.1,crossfit_rank_empty_standdown,1.0,4,50,1,603.075164959766,-0.08176598223545567,-0.06480015023247504,-0.08176598223545567,0.01696583200298063,0.0002563283972526714,-0.00010966091751025715,0.0,nan,0.5,if_residual,nan,nan,nan,nan,nan,random_forest,lasso,0.0008405951893244524,nan,nan,nan,nan,nan,nan,nan,0.075,0.1325,0.8133333333333334,0.46037735849056605,58,45,0.1288888888888889,0.05660377358490566,-0.0521236786930919,-0.03913382607425621,0.012989852618835694,-0.11606062857323696,-0.09336287375767309,0.022697754815563867,1.2513516000281968,1.06585837380367,1.3736346398514832,1.2278525855712752
real_breast_cancer_aligned,box,6000,0.05,2.0,estimated_residual_lowp_supported,cui_selective_ml,estimated,xgboost,xgboost,if_residual,1.0,0.0|0.25|0.5|1.0,aipw_variance,-1.0,1.0,obsval,4.0,0.1,30,0.1,crossfit_rank_empty_standdown,1.0,4,50,2,1195.6739408001304,-0.06274546755405952,-0.06274546755405952,-0.06274546755405952,0.0,0.0003160565976883967,-0.0001547364355423094,0.0,nan,0.0,reference,nan,nan,nan,nan,nan,gradient_boosting,gradient_boosting,0.0030467368736323275,nan,nan,nan,nan,nan,nan,nan,0.1,0.13,0.8533333333333334,0.6564102564102564,58,33,0.09666666666666666,0.04230769230769231,-0.03446179688419586,-0.03446179688419586,0.0,-0.07150725862424775,-0.07150725862424775,0.0,1.1533005488037016,1.1533005488037016,1.348119427166192,1.348119427166192
real_breast_cancer_aligned,box,6000,0.05,2.0,estimated_residual_lowp_supported,cui_selective_ml,estimated,xgboost,xgboost,if_residual,1.0,0.0|0.25|0.5|1.0,aipw_variance,-1.0,1.0,obsval,4.0,0.1,30,0.1,crossfit_rank_empty_standdown,1.0,4,50,3,1770.6328906770796,-0.05787452074693816,-0.05787452074693816,-0.05787452074693816,0.0,0.00028808790245349845,-0.00018024562453295096,0.0,nan,0.0,reference,nan,nan,nan,nan,nan,gradient_boosting,gradient_boosting,0.0005536899384220578,nan,nan,nan,nan,nan,nan,nan,0.1,0.1285,0.8333333333333334,0.648508430609598,70,46,0.11666666666666667,0.05966277561608301,-0.04036371253373888,-0.04036371253373888,0.0,-0.08135303770302361,-0.08135303770302361,0.0,1.0113001274577378,1.0113001274577378,1.2346708229045695,1.2346708229045695
real_breast_cancer_aligned,box,6000,0.05,2.0,estimated_residual_lowp_supported,cui_selective_ml,estimated,xgboost,xgboost,if_residual,1.0,0.0|0.25|0.5|1.0,aipw_variance,-1.0,1.0,obsval,4.0,0.1,30,0.1,crossfit_rank_empty_standdown,1.0,4,50,4,2353.8412177851424,-0.03513001270536259,-0.03513001270536259,-0.03513001270536259,0.0,0.00015764441612542424,-0.00013839869758815486,0.0,nan,0.0,reference,nan,nan,nan,nan,nan,gradient_boosting,gradient_boosting,0.002156566112641772,nan,nan,nan,nan,nan,nan,nan,0.075,0.12983333333333333,0.8244444444444444,0.4762516046213094,50,44,0.1111111111111111,0.05648267008985879,-0.028015843701317905,-0.028015843701317905,0.0,-0.07434631989642305,-0.07434631989642305,0.0,1.0042059356534205,1.0042059356534205,1.2299927981385934,1.2299927981385934
real_breast_cancer_aligned,box,6000,0.05,2.0,estimated_residual_lowp_supported,cui_selective_ml,estimated,xgboost,xgboost,if_residual,1.0,0.0|0.25|0.5|1.0,aipw_variance,-1.0,1.0,obsval,4.0,0.1,30,0.1,crossfit_rank_empty_standdown,1.0,4,50,1,605.7500753840432,-0.08391236729247886,-0.08391236729247886,-0.08391236729247886,0.0,0.00016549597742247747,-0.00011218843218177164,0.0,nan,0.0,reference,nan,nan,nan,nan,nan,gradient_boosting,gradient_boosting,0.015406199079715037,nan,nan,nan,nan,nan,nan,nan,0.1,0.12933333333333333,0.825,0.6378865979381443,57,33,0.095,0.04252577319587629,-0.048537560268088045,-0.048537560268088045,0.0,-0.08539602218954065,-0.08539602218954065,0.0,1.1706437594310501,1.1706437594310501,1.3504782560615007,1.3504782560615007
real_breast_cancer_aligned,box,6000,0.05,2.0,estimated_residual_lowp_supported,cui_selective_ml,estimated,xgboost,xgboost,if_residual,1.0,0.0|0.25|0.5|1.0,aipw_variance,-1.0,1.0,obsval,4.0,0.1,30,0.1,crossfit_rank_empty_standdown,1.0,4,50,2,1202.756098229438,-0.0846650425548458,-0.08437546880159774,-0.0846650425548458,0.00028957375324806245,0.00011836042606724764,-6.29261120793099e-05,0.0,nan,0.25,if_residual,nan,nan,nan,nan,nan,random_forest,gradient_boosting,0.0025594809706678883,nan,nan,nan,nan,nan,nan,nan,0.1,0.12966666666666668,0.82,0.6323907455012854,73,48,0.12166666666666667,0.061696658097686374,-0.05535306940327344,-0.05190339563824016,0.00344967376503328,-0.09788527599397939,-0.09219459985284807,0.005690676141131321,1.0977994755233684,1.06955239943056,1.278965648606593,1.2477716312573912
real_breast_cancer_aligned,box,6000,0.05,2.0,estimated_residual_lowp_supported,cui_selective_ml,estimated,xgboost,xgboost,if_residual,1.0,0.0|0.25|0.5|1.0,aipw_variance,-1.0,1.0,obsval,4.0,0.1,30,0.1,crossfit_rank_empty_standdown,1.0,4,50,3,1790.4934846134856,-0.11048166478124877,-0.10604672197503678,-0.11048166478124877,0.004434942806211983,0.0002093981786907256,-0.00011359697314453792,0.0,nan,0.25,if_residual,nan,nan,nan,nan,nan,gradient_boosting,gradient_boosting,0.01397663622845312,nan,nan,nan,nan,nan,nan,nan,0.1,0.13383333333333333,0.8166666666666667,0.6102117061021171,69,52,0.115,0.0647571606475716,-0.045029167194958225,-0.04311355177151973,0.001915615423438495,-0.08364746130666305,-0.07989871486554802,0.0037487464411150306,1.082045485066737,1.062175557115931,1.2606554441133402,1.2380189269282909
real_breast_cancer_aligned,box,6000,0.05,2.0,estimated_residual_lowp_supported,cui_selective_ml,estimated,xgboost,xgboost,if_residual,1.0,0.0|0.25|0.5|1.0,aipw_variance,-1.0,1.0,obsval,4.0,0.1,30,0.1,crossfit_rank_empty_standdown,1.0,4,50,4,2372.0958879794925,-0.03880318887654888,-0.034134672901108276,-0.03880318887654888,0.004668515975440601,0.00020700080915485026,-9.713028153669864e-05,0.0,nan,0.5,if_residual,nan,nan,nan,nan,nan,gradient_boosting,lasso,0.004980920226689606,nan,nan,nan,nan,nan,nan,nan,0.075,0.1345,0.8844444444444445,0.49318463444857497,44,34,0.09777777777777778,0.042131350681536554,-0.02621959833687119,-0.026863621199680915,-0.000644022862809724,-0.076842803623403,-0.07201657868818478,0.004826224935218212,1.3120415692821443,1.1918119071328046,1.4224142210504218,1.3553273498010547
real_breast_cancer_aligned,box,6000,0.05,2.0,estimated_residual_lowp_supported,cui_selective_ml,estimated,xgboost,xgboost,if_residual,1.0,0.0|0.25|0.5|1.0,aipw_variance,-1.0,1.0,obsval,4.0,0.1,30,0.1,crossfit_rank_empty_standdown,1.0,4,50,1,595.8344443039969,-0.07774946862448462,-0.07774946862448462,-0.07774946862448462,0.0,0.00015568612132074158,-6.827177787804362e-05,0.0,nan,0.0,reference,nan,nan,nan,nan,nan,gradient_boosting,gradient_boosting,0.005194568767927705,nan,nan,nan,nan,nan,nan,nan,0.0,0.1355,nan,0.0,0,44,nan,0.05412054120541206,0.0,0.0,0.0,-0.07899077642357315,-0.07899077642357315,0.0,nan,nan,1.188744584113722,1.188744584113722
real_breast_cancer_aligned,box,6000,0.05,2.0,estimated_residual_lowp_supported,cui_selective_ml,estimated,xgboost,xgboost,if_residual,1.0,0.0|0.25|0.5|1.0,aipw_variance,-1.0,1.0,obsval,4.0,0.1,30,0.1,crossfit_rank_empty_standdown,1.0,4,50,2,1190.7246951125562,-0.0887633387667594,-0.08443255042491515,-0.0887633387667594,0.0043307883418442494,0.0006046694369976885,-0.0005070713655560668,0.0,nan,0.5,if_residual,nan,nan,nan,nan,nan,gradient_boosting,lasso,0.007637853108059476,nan,nan,nan,nan,nan,nan,nan,0.0,0.12483333333333334,nan,0.0,0,36,nan,0.04806408544726302,0.0,0.0,0.0,-0.0865762078563757,-0.07588047782114095,0.010695730035234746,nan,nan,1.459792303258408,1.3199907989261395
real_breast_cancer_aligned,box,6000,0.05,2.0,estimated_residual_lowp_supported,cui_selective_ml,estimated,xgboost,xgboost,if_residual,1.0,0.0|0.25|0.5|1.0,aipw_variance,-1.0,1.0,obsval,4.0,0.1,30,0.1,crossfit_rank_empty_standdown,1.0,4,50,3,1776.3820233596489,-0.06992802012597465,-0.06992802012597465,-0.06992802012597465,0.0,0.00023073788307261412,-0.00028046408440907263,0.0,nan,0.0,reference,nan,nan,nan,nan,nan,gradient_boosting,gradient_boosting,0.08668952677239623,nan,nan,nan,nan,nan,nan,nan,0.075,0.13133333333333333,0.8466666666666667,0.48350253807106597,39,42,0.08666666666666667,0.0532994923857868,-0.027299154430785726,-0.027299154430785726,0.0,-0.07487108020118323,-0.07487108020118323,0.0,1.0806588298016195,1.0806588298016195,1.2721105302954963,1.2721105302954963
real_breast_cancer_aligned,box,6000,0.05,2.0,estimated_residual_lowp_supported,cui_selective_ml,estimated,xgboost,xgboost,if_residual,1.0,0.0|0.25|0.5|1.0,aipw_variance,-1.0,1.0,obsval,4.0,0.1,30,0.1,crossfit_rank_empty_standdown,1.0,4,50,4,2359.969430461526,-0.120509327933085,-0.12031449238269831,-0.120509327933085,0.00019483555038668499,0.00025106961988908346,2.6266489203192762e-05,0.0,nan,0.25,if_residual,nan,nan,nan,nan,nan,logistic_l1,lasso,0.0008705938025942293,nan,nan,nan,nan,nan,nan,nan,0.1,0.13033333333333333,0.8383333333333334,0.6432225063938619,70,52,0.11666666666666667,0.06649616368286446,-0.00011530112858155187,-0.0017690936777075984,-0.0016537925491260466,-0.035992215372781515,-0.0366209160020183,-0.0006287006292367836,1.2784009801517118,1.2023682670965086,1.4416217882523055,1.3547396834352678
real_digits_aligned,box,6000,0.05,0.0,estimated_residual_lowp_supported,ctmle,estimated,xgboost,xgboost,if_residual,1.0,0.0|0.25|0.5|1.0,aipw_variance,-1.0,1.0,obsval,4.0,0.1,30,0.1,crossfit_rank_empty_standdown,1.0,4,50,1,1018.4857969675213,0.07457167094756506,0.07457167094756506,0.07457167094756506,0.0,2.623363123809171e-05,3.870688437159614e-05,0.0,0.5,0.0,reference,1.3322676295501878e-17,-5.551115123125783e-17,nan,nan,nan,,,nan,nan,nan,nan,nan,nan,nan,nan,0.05,0.12183333333333334,0.74,0.3036935704514364,38,48,0.12666666666666668,0.06566347469220246,0.011349333871377354,0.011349333871377354,0.0,0.03377899233409477,0.03377899233409477,0.0,0.6095288545278842,0.6095288545278842,0.6311681464980216,0.6311681464980216
real_digits_aligned,box,6000,0.05,0.0,estimated_residual_lowp_supported,ctmle,estimated,xgboost,xgboost,if_residual,1.0,0.0|0.25|0.5|1.0,aipw_variance,-1.0,1.0,obsval,4.0,0.1,30,0.1,crossfit_rank_empty_standdown,1.0,4,50,2,2023.0674826866016,0.0567314551524121,0.0567314551524121,0.0567314551524121,0.0,2.7007382584647997e-05,-2.3107283672575468e-05,0.0,0.5,0.0,reference,-4.736951571734001e-18,0.0,nan,nan,nan,,,nan,nan,nan,nan,nan,nan,nan,nan,0.075,0.1235,0.6911111111111111,0.41970310391363025,62,33,0.13777777777777778,0.044534412955465584,0.00976721045168892,0.00976721045168892,0.0,0.026495593054805654,0.026495593054805654,0.0,0.6051923434645483,0.6051923434645483,0.6147036854596347,0.6147036854596347
real_digits_aligned,box,6000,0.05,0.0,estimated_residual_lowp_supported,ctmle,estimated,xgboost,xgboost,if_residual,1.0,0.0|0.25|0.5|1.0,aipw_variance,-1.0,1.0,obsval,4.0,0.1,30,0.1,crossfit_rank_empty_standdown,1.0,4,50,3,3030.133533075452,0.05819277441603832,0.05819277441603832,0.05819277441603832,0.0,2.4941420357264842e-05,-1.3774527544795046e-05,0.0,0.5,0.0,reference,5.921189464667502e-18,0.0,nan,nan,nan,,,nan,nan,nan,nan,nan,nan,nan,nan,0.0,0.12633333333333333,nan,0.0,0,32,nan,0.04221635883905013,0.0,0.0,0.0,0.028259615106187918,0.028259615106187918,0.0,nan,nan,0.6092745364224036,0.6092745364224036
real_digits_aligned,box,6000,0.05,0.0,estimated_residual_lowp_supported,ctmle,estimated,xgboost,xgboost,if_residual,1.0,0.0|0.25|0.5|1.0,aipw_variance,-1.0,1.0,obsval,4.0,0.1,30,0.1,crossfit_rank_empty_standdown,1.0,4,50,4,4035.1093375319615,0.02918215232661972,0.02918215232661972,0.02918215232661972,0.0,2.7666370388279484e-05,-1.5728222145588934e-05,0.0,0.5,0.0,reference,2.3684757858670005e-18,0.0,nan,nan,nan,,,nan,nan,nan,nan,nan,nan,nan,nan,0.05,0.1335,0.69,0.25842696629213485,38,36,0.12666666666666668,0.0449438202247191,0.0020572718336167844,0.0020572718336167844,0.0,0.01283858270064726,0.01283858270064726,0.0,0.4987089469667435,0.4987089469667435,0.5493135371113628,0.5493135371113628
real_digits_aligned,box,6000,0.05,0.0,estimated_residual_lowp_supported,ctmle,estimated,xgboost,xgboost,if_residual,1.0,0.0|0.25|0.5|1.0,aipw_variance,-1.0,1.0,obsval,4.0,0.1,30,0.1,crossfit_rank_empty_standdown,1.0,4,50,1,1007.5516872452572,0.023602312685925803,0.023602312685925803,0.023602312685925803,0.0,5.021857112746464e-05,5.7457902246041024e-06,0.0,0.5,0.0,reference,1.1842378929335004e-17,-2.7755575615628914e-17,nan,nan,nan,,,nan,nan,nan,nan,nan,nan,nan,nan,0.0,0.12833333333333333,nan,0.0,0,40,nan,0.05194805194805195,0.0,0.0,0.0,0.02724707476366867,0.02724707476366867,0.0,nan,nan,0.5991280462137749,0.5991280462137749
real_digits_aligned,box,6000,0.05,0.0,estimated_residual_lowp_supported,ctmle,estimated,xgboost,xgboost,if_residual,1.0,0.0|0.25|0.5|1.0,aipw_variance,-1.0,1.0,obsval,4.0,0.1,30,0.1,crossfit_rank_empty_standdown,1.0,4,50,2,2014.291816227138,0.0205531435154806,0.0205531435154806,0.0205531435154806,0.0,1.9790960890400775e-05,5.320991224577092e-06,0.0,0.5,0.0,reference,-9.473903143468002e-18,0.0,nan,nan,nan,,,nan,nan,nan,nan,nan,nan,nan,nan,0.075,0.12716666666666668,0.7,0.41284403669724773,72,37,0.16,0.04849279161205767,0.003603734780503422,0.003603734780503422,0.0,0.0158864285247117,0.0158864285247117,0.0,0.5659140051375263,0.5659140051375263,0.5723170467290655,0.5723170467290655
real_digits_aligned,box,6000,0.05,0.0,estimated_residual_lowp_supported,ctmle,estimated,xgboost,xgboost,if_residual,1.0,0.0|0.25|0.5|1.0,aipw_variance,-1.0,1.0,obsval,4.0,0.1,30,0.1,crossfit_rank_empty_standdown,1.0,4,50,3,3020.118018824607,0.058496256392095214,0.058496256392095214,0.058496256392095214,0.0,2.1763852847494938e-05,-1.195338265846008e-05,0.0,0.5,0.0,reference,-7.105427357601002e-18,0.0,nan,nan,nan,,,nan,nan,nan,nan,nan,nan,nan,nan,0.0,0.12866666666666668,nan,0.0,0,38,nan,0.04922279792746114,0.0,0.0,0.0,0.034434994589342904,0.034434994589342904,0.0,nan,nan,0.6240900489558515,0.6240900489558515
real_digits_aligned,box,6000,0.05,0.0,estimated_residual_lowp_supported,ctmle,estimated,xgboost,xgboost,if_residual,1.0,0.0|0.25|0.5|1.0,aipw_variance,-1.0,1.0,obsval,4.0,0.1,30,0.1,crossfit_rank_empty_standdown,1.0,4,50,4,4025.391553142108,0.08913641662538185,0.08913641662538185,0.08913641662538185,0.0,3.5410364626011284e-05,-1.0559416063103287e-05,0.0,0.5,0.0,reference,4.736951571734001e-18,-1.1102230246251565e-16,nan,nan,nan,,,nan,nan,nan,nan,nan,nan,nan,nan,0.0,0.12666666666666668,nan,0.0,0,38,nan,0.05,0.0,0.0,0.0,0.027004213822100553,0.027004213822100553,0.0,nan,nan,0.6351651685109693,0.6351651685109693
real_digits_aligned,box,6000,0.05,0.0,estimated_residual_lowp_supported,ctmle,estimated,xgboost,xgboost,if_residual,1.0,0.0|0.25|0.5|1.0,aipw_variance,-1.0,1.0,obsval,4.0,0.1,30,0.1,crossfit_rank_empty_standdown,1.0,4,50,1,1003.8810950582847,0.05150874919568252,0.05150874919568252,0.05150874919568252,0.0,3.05910182226885e-05,-1.2240814587639534e-05,0.0,0.5,0.0,reference,-4.736951571734001e-18,2.7755575615628914e-17,nan,nan,nan,,,nan,nan,nan,nan,nan,nan,nan,nan,0.075,0.125,0.7288888888888889,0.43733333333333335,53,35,0.11777777777777777,0.04666666666666667,0.009755359471362638,0.009755359471362638,0.0,0.025037359163405545,0.025037359163405545,0.0,0.5520861713625432,0.5520861713625432,0.5773608551595788,0.5773608551595788
real_digits_aligned,box,6000,0.05,0.0,estimated_residual_lowp_supported,ctmle,estimated,xgboost,xgboost,if_residual,1.0,0.0|0.25|0.5|1.0,aipw_variance,-1.0,1.0,obsval,4.0,0.1,30,0.1,crossfit_rank_empty_standdown,1.0,4,50,2,2008.1426927493885,0.02287089216487967,0.02287089216487967,0.02287089216487967,0.0,2.8580726414902135e-05,-1.0746853026688302e-05,0.0,0.5,0.0,reference,7.105427357601002e-18,0.0,nan,nan,nan,,,nan,nan,nan,nan,nan,nan,nan,nan,0.1,0.127,0.705,0.5551181102362205,78,31,0.13,0.04068241469816273,0.013845797202647944,0.013845797202647944,0.0,0.026329162355303606,0.026329162355303606,0.0,0.5625323318185234,0.5625323318185234,0.604509601595847,0.604509601595847
real_digits_aligned,box,6000,0.05,0.0,estimated_residual_lowp_supported,ctmle,estimated,xgboost,xgboost,if_residual,1.0,0.0|0.25|0.5|1.0,aipw_variance,-1.0,1.0,obsval,4.0,0.1,30,0.1,crossfit_rank_empty_standdown,1.0,4,50,3,3009.842917448841,0.02463978231712985,0.02463978231712985,0.02463978231712985,0.0,2.187727410382504e-05,-4.719940031076722e-06,0.0,0.5,0.0,reference,-3.552713678800501e-18,-2.7755575615628914e-17,nan,nan,nan,,,nan,nan,nan,nan,nan,nan,nan,nan,0.0,0.12316666666666666,nan,0.0,0,36,nan,0.04871447902571042,0.0,0.0,0.0,0.021123146510109818,0.021123146510109818,0.0,nan,nan,0.5978869141993931,0.5978869141993931
real_digits_aligned,box,6000,0.05,0.0,estimated_residual_lowp_supported,ctmle,estimated,xgboost,xgboost,if_residual,1.0,0.0|0.25|0.5|1.0,aipw_variance,-1.0,1.0,obsval,4.0,0.1,30,0.1,crossfit_rank_empty_standdown,1.0,4,50,4,4020.4007839951664,0.03715646692534805,0.03715646692534805,0.03715646692534805,0.0,2.882116610819095e-05,-1.571715858408911e-05,0.0,0.5,0.0,reference,-9.473903143468002e-18,2.7755575615628914e-17,nan,nan,nan,,,nan,nan,nan,nan,nan,nan,nan,nan,0.05,0.135,0.7533333333333333,0.27901234567901234,39,36,0.13,0.044444444444444446,0.0077232428290583,0.0077232428290583,0.0,0.03520758430347343,0.03520758430347343,0.0,0.5098168132494798,0.5098168132494798,0.5964092134070883,0.5964092134070883
real_digits_aligned,box,6000,0.05,0.0,estimated_residual_lowp_supported,ctmle,estimated,xgboost,xgboost,if_residual,1.0,0.0|0.25|0.5|1.0,aipw_variance,-1.0,1.0,obsval,4.0,0.1,30,0.1,crossfit_rank_empty_standdown,1.0,4,50,1,1008.4639577269554,0.03175494820700528,0.03175494820700528,0.03175494820700528,0.0,3.141881755292972e-05,-1.2977674404569795e-05,0.0,0.5,0.0,reference,-5.3290705182007515e-18,0.0,nan,nan,nan,,,nan,nan,nan,nan,nan,nan,nan,nan,0.0,0.12683333333333333,nan,0.0,0,39,nan,0.051248357424441525,0.0,0.0,0.0,0.018749041971185584,0.018749041971185584,0.0,nan,nan,0.5908535440258723,0.5908535440258723
real_digits_aligned,box,6000,0.05,0.0,estimated_residual_lowp_supported,ctmle,estimated,xgboost,xgboost,if_residual,1.0,0.0|0.25|0.5|1.0,aipw_variance,-1.0,1.0,obsval,4.0,0.1,30,0.1,crossfit_rank_empty_standdown,1.0,4,50,2,2010.9672344187275,0.03114176963604906,0.03114176963604906,0.03114176963604906,0.0,2.7871609464497483e-05,-5.27286693330337e-06,0.0,0.5,0.0,reference,-9.473903143468002e-18,0.0,nan,nan,nan,,,nan,nan,nan,nan,nan,nan,nan,nan,0.0,0.11966666666666667,nan,0.0,0,25,nan,0.034818941504178275,0.0,0.0,0.0,0.02964480189781394,0.02964480189781394,0.0,nan,nan,0.6194563128482428,0.6194563128482428
real_digits_aligned,box,6000,0.05,0.0,estimated_residual_lowp_supported,ctmle,estimated,xgboost,xgboost,if_residual,1.0,0.0|0.25|0.5|1.0,aipw_variance,-1.0,1.0,obsval,4.0,0.1,30,0.1,crossfit_rank_empty_standdown,1.0,4,50,3,3022.2879382586107,0.014323872686270611,0.014323872686270611,0.014323872686270611,0.0,2.857997227373151e-05,1.458694302802939e-06,0.0,0.5,0.0,reference,1.8947806286936004e-17,-8.326672684688674e-17,nan,nan,nan,,,nan,nan,nan,nan,nan,nan,nan,nan,0.1,0.12333333333333334,0.7116666666666667,0.577027027027027,84,31,0.14,0.041891891891891894,0.015140091663450934,0.015140091663450934,0.0,0.025026052493026165,0.025026052493026165,0.0,0.546175840949833,0.546175840949833,0.5811185517573871,0.5811185517573871
real_digits_aligned,box,6000,0.05,0.0,estimated_residual_lowp_supported,ctmle,estimated,xgboost,xgboost,if_residual,1.0,0.0|0.25|0.5|1.0,aipw_variance,-1.0,1.0,obsval,4.0,0.1,30,0.1,crossfit_rank_empty_standdown,1.0,4,50,4,4025.947779310867,0.07734786564777349,0.07734786564777349,0.07734786564777349,0.0,1.9253986645505964e-05,-7.650832339855401e-06,0.0,0.5,0.0,reference,-2.3684757858670005e-18,0.0,nan,nan,nan,,,nan,nan,nan,nan,nan,nan,nan,nan,0.1,0.11283333333333333,0.6383333333333333,0.5657311669128509,105,34,0.175,0.050221565731166914,0.02249856846752353,0.02249856846752353,0.0,0.03591969740563125,0.03591969740563125,0.0,0.5819213075129425,0.5819213075129425,0.6417976424455121,0.6417976424455121
real_digits_aligned,box,6000,0.05,0.0,estimated_residual_lowp_supported,ctmle,estimated,xgboost,xgboost,if_residual,1.0,0.0|0.25|0.5|1.0,aipw_variance,-1.0,1.0,obsval,4.0,0.1,30,0.1,crossfit_rank_empty_standdown,1.0,4,50,1,1007.995883258991,0.07320903693053532,0.07320903693053532,0.07320903693053532,0.0,2.618863733719421e-05,-1.740724226896909e-05,0.0,0.5,0.0,reference,1.1842378929335003e-18,-5.551115123125783e-17,nan,nan,nan,,,nan,nan,nan,nan,nan,nan,nan,nan,0.075,0.13366666666666666,0.7088888888888889,0.39775561097256856,57,52,0.12666666666666668,0.06483790523690773,0.0184532383929265,0.0184532383929265,0.0,0.03907805273633708,0.03907805273633708,0.0,0.6086115144679387,0.6086115144679387,0.6222177110117065,0.6222177110117065
real_digits_aligned,box,6000,0.05,0.0,estimated_residual_lowp_supported,ctmle,estimated,xgboost,xgboost,if_residual,1.0,0.0|0.25|0.5|1.0,aipw_variance,-1.0,1.0,obsval,4.0,0.1,30,0.1,crossfit_rank_empty_standdown,1.0,4,50,2,2017.9540944900364,0.02661926213477675,0.02661926213477675,0.02661926213477675,0.0,2.5413852643900643e-05,-5.947796161999408e-06,0.0,0.5,0.0,reference,9.473903143468002e-18,0.0,nan,nan,nan,,,nan,nan,nan,nan,nan,nan,nan,nan,0.05,0.13066666666666665,0.77,0.29464285714285715,30,34,0.1,0.04336734693877551,0.00485650465136279,0.00485650465136279,0.0,0.023175689843797444,0.023175689843797444,0.0,0.5678527258161123,0.5678527258161123,0.5914727499493327,0.5914727499493327
real_digits_aligned,box,6000,0.05,0.0,estimated_residual_lowp_supported,ctmle,estimated,xgboost,xgboost,if_residual,1.0,0.0|0.25|0.5|1.0,aipw_variance,-1.0,1.0,obsval,4.0,0.1,30,0.1,crossfit_rank_empty_standdown,1.0,4,50,3,3025.8725492646918,0.05408830241511256,0.05408830241511256,0.05408830241511256,0.0,3.286143944137871e-05,-6.0803261649775204e-05,0.0,0.5,0.0,reference,-1.4210854715202004e-17,0.0,nan,nan,nan,,,nan,nan,nan,nan,nan,nan,nan,nan,0.075,0.13033333333333333,0.7288888888888889,0.4194373401534527,60,44,0.13333333333333333,0.056265984654731455,0.019677165389843976,0.019677165389843976,0.0,0.04157899079660742,0.04157899079660742,0.0,0.7171341020124098,0.7171341020124098,0.6951619662635294,0.6951619662635294
real_digits_aligned,box,6000,0.05,0.0,estimated_residual_lowp_supported,ctmle,estimated,xgboost,xgboost,if_residual,1.0,0.0|0.25|0.5|1.0,aipw_variance,-1.0,1.0,obsval,4.0,0.1,30,0.1,crossfit_rank_empty_standdown,1.0,4,50,4,4018.7585968254134,0.06300919108447509,0.06300919108447509,0.06300919108447509,0.0,4.426473485413297e-05,-3.3768858956626305e-06,0.0,0.5,0.0,reference,3.552713678800501e-18,0.0,nan,nan,nan,,,nan,nan,nan,nan,nan,nan,nan,nan,0.05,0.138,0.81,0.29347826086956524,41,37,0.13666666666666666,0.04468599033816425,0.008296042219760096,0.008296042219760096,0.0,0.03352904501101898,0.03352904501101898,0.0,0.591866800657472,0.591866800657472,0.6126713161142152,0.6126713161142152
real_digits_aligned,box,6000,0.05,0.0,estimated_residual_lowp_supported,ctmle,estimated,xgboost,xgboost,if_residual,1.0,0.0|0.25|0.5|1.0,aipw_variance,-1.0,1.0,obsval,4.0,0.1,30,0.1,crossfit_rank_empty_standdown,1.0,4,50,1,1025.5454709790647,0.03021774558896645,0.03021774558896645,0.03021774558896645,0.0,3.594474606396613e-05,-3.342807796382919e-05,0.0,0.5,0.0,reference,4.736951571734001e-18,-2.7755575615628914e-17,nan,nan,nan,,,nan,nan,nan,nan,nan,nan,nan,nan,0.05,0.118,0.76,0.3220338983050847,31,48,0.10333333333333333,0.06779661016949153,0.007853021149245614,0.007853021149245614,0.0,0.02392974998038782,0.02392974998038782,0.0,0.634757356558376,0.634757356558376,0.6075258124309146,0.6075258124309146
real_digits_aligned,box,6000,0.05,0.0,estimated_residual_lowp_supported,ctmle,estimated,xgboost,xgboost,if_residual,1.0,0.0|0.25|0.5|1.0,aipw_variance,-1.0,1.0,obsval,4.0,0.1,30,0.1,crossfit_rank_empty_standdown,1.0,4,50,2,2027.2252214336768,0.04849500051753622,0.04849500051753622,0.04849500051753622,0.0,3.029051051253132e-05,-1.2900075085989335e-05,0.0,0.5,0.0,reference,-2.3684757858670005e-18,0.0,nan,nan,nan,,,nan,nan,nan,nan,nan,nan,nan,nan,0.0,0.122,nan,0.0,0,37,nan,0.050546448087431695,0.0,0.0,0.0,0.023924542359340693,0.023924542359340693,0.0,nan,nan,0.6004809349861755,0.6004809349861755
real_digits_aligned,box,6000,0.05,0.0,estimated_residual_lowp_supported,ctmle,estimated,xgboost,xgboost,if_residual,1.0,0.0|0.25|0.5|1.0,aipw_variance,-1.0,1.0,obsval,4.0,0.1,30,0.1,crossfit_rank_empty_standdown,1.0,4,50,3,3031.31926057674,0.07575042089629536,0.07575042089629536,0.07575042089629536,0.0,2.581727641333615e-05,-1.2277941397770763e-05,0.0,0.5,0.0,reference,-4.736951571734001e-18,5.551115123125783e-17,nan,nan,nan,,,nan,nan,nan,nan,nan,nan,nan,nan,0.0,0.12983333333333333,nan,0.0,0,46,nan,0.059050064184852376,0.0,0.0,0.0,0.025683835089674707,0.025683835089674707,0.0,nan,nan,0.6612798291044353,0.6612798291044353
real_digits_aligned,box,6000,0.05,0.0,estimated_residual_lowp_supported,ctmle,estimated,xgboost,xgboost,if_residual,1.0,0.0|0.25|0.5|1.0,aipw_variance,-1.0,1.0,obsval,4.0,0.1,30,0.1,crossfit_rank_empty_standdown,1.0,4,50,4,4034.1159221017733,0.055266387667221445,0.055266387667221445,0.055266387667221445,0.0,3.341063332254783e-05,-3.34474883171534e-05,0.0,0.5,0.0,reference,-7.697546304067752e-18,-5.551115123125783e-17,nan,nan,nan,,,nan,nan,nan,nan,nan,nan,nan,nan,0.075,0.12983333333333333,0.6777777777777778,0.39152759948652116,75,43,0.16666666666666666,0.055198973042362,0.015476879229007963,0.015476879229007963,0.0,0.038568566370319274,0.038568566370319274,0.0,0.539499619766248,0.539499619766248,0.604318123477197,0.604318123477197
real_digits_aligned,box,6000,0.05,0.0,estimated_residual_lowp_supported,ctmle,estimated,xgboost,xgboost,if_residual,1.0,0.0|0.25|0.5|1.0,aipw_variance,-1.0,1.0,obsval,4.0,0.1,30,0.1,crossfit_rank_empty_standdown,1.0,4,50,1,1011.8639320712537,0.0447876385650553,0.0447876385650553,0.0447876385650553,0.0,2.1178214235279967e-05,-1.9131741216151475e-05,0.0,0.5,0.0,reference,-4.736951571734001e-18,0.0,nan,nan,nan,,,nan,nan,nan,nan,nan,nan,nan,nan,0.0,0.1185,nan,0.0,0,45,nan,0.06329113924050633,0.0,0.0,0.0,0.02429453078494414,0.02429453078494414,0.0,nan,nan,0.6907318091411316,0.6907318091411316
real_digits_aligned,box,6000,0.05,0.0,estimated_residual_lowp_supported,ctmle,estimated,xgboost,xgboost,if_residual,1.0,0.0|0.25|0.5|1.0,aipw_variance,-1.0,1.0,obsval,4.0,0.1,30,0.1,crossfit_rank_empty_standdown,1.0,4,50,2,2015.4752036230639,0.031527605840395934,0.031527605840395934,0.031527605840395934,0.0,3.897798313079004e-05,-2.8025751946500715e-05,0.0,0.5,0.0,reference,0.0,0.0,nan,nan,nan,,,nan,nan,nan,nan,nan,nan,nan,nan,0.075,0.11983333333333333,0.6866666666666666,0.4297635605006954,92,34,0.20444444444444446,0.04728789986091794,0.014238765133392697,0.014238765133392697,0.0,0.03170723831841277,0.03170723831841277,0.0,0.6094378472127182,0.6094378472127182,0.6685851339749826,0.6685851339749826
real_digits_aligned,box,6000,0.05,0.0,estimated_residual_lowp_supported,ctmle,estimated,xgboost,xgboost,if_residual,1.0,0.0|0.25|0.5|1.0,aipw_variance,-1.0,1.0,obsval,4.0,0.1,30,0.1,crossfit_rank_empty_standdown,1.0,4,50,3,3024.194661958143,0.06250999159176499,0.06250999159176499,0.06250999159176499,0.0,2.8395698257207007e-05,1.2756026403045926e-05,0.0,0.5,0.0,reference,5.921189464667502e-18,0.0,nan,nan,nan,,,nan,nan,nan,nan,nan,nan,nan,nan,0.1,0.13066666666666665,0.755,0.5778061224489796,74,33,0.12333333333333334,0.042091836734693876,0.021614872331289343,0.021614872331289343,0.0,0.037091974261511174,0.037091974261511174,0.0,0.5764073999725199,0.5764073999725199,0.6222689132647027,0.6222689132647027
real_digits_aligned,box,6000,0.05,0.0,estimated_residual_lowp_supported,ctmle,estimated,xgboost,xgboost,if_residual,1.0,0.0|0.25|0.5|1.0,aipw_variance,-1.0,1.0,obsval,4.0,0.1,30,0.1,crossfit_rank_empty_standdown,1.0,4,50,4,4028.952055557631,0.021232983588626186,0.021232983588626186,0.021232983588626186,0.0,3.0124178401539064e-05,-4.3422505316845434e-05,0.0,0.5,0.0,reference,3.552713678800501e-18,0.0,nan,nan,nan,,,nan,nan,nan,nan,nan,nan,nan,nan,0.1,0.127,0.7266666666666667,0.5721784776902887,83,35,0.13833333333333334,0.045931758530183726,0.01655107917202396,0.01655107917202396,0.0,0.021450243731794903,0.021450243731794903,0.0,0.6065603379489725,0.6065603379489725,0.5828905529726833,0.5828905529726833
real_digits_aligned,box,6000,0.05,0.0,estimated_residual_lowp_supported,ctmle,estimated,xgboost,xgboost,if_residual,1.0,0.0|0.25|0.5|1.0,aipw_variance,-1.0,1.0,obsval,4.0,0.1,30,0.1,crossfit_rank_empty_standdown,1.0,4,50,1,1002.3953644707799,0.052156033180791456,0.052156033180791456,0.052156033180791456,0.0,3.894536365192506e-05,-2.138834829677836e-05,0.0,0.5,0.0,reference,7.105427357601002e-18,0.0,nan,nan,nan,,,nan,nan,nan,nan,nan,nan,nan,nan,0.0,0.1295,nan,0.0,0,35,nan,0.04504504504504504,0.0,0.0,0.0,0.0316316857969797,0.0316316857969797,0.0,nan,nan,0.6305945375481115,0.6305945375481115
real_digits_aligned,box,6000,0.05,0.0,estimated_residual_lowp_supported,ctmle,estimated,xgboost,xgboost,if_residual,1.0,0.0|0.25|0.5|1.0,aipw_variance,-1.0,1.0,obsval,4.0,0.1,30,0.1,crossfit_rank_empty_standdown,1.0,4,50,2,2005.217117487453,0.011319612705681159,0.011319612705681159,0.011319612705681159,0.0,3.236095141106207e-05,-2.8705767080979103e-05,0.0,0.5,0.0,reference,7.105427357601002e-18,0.0,nan,nan,nan,,,nan,nan,nan,nan,nan,nan,nan,nan,0.0,0.12416666666666666,nan,0.0,0,26,nan,0.0348993288590604,0.0,0.0,0.0,0.024051908914505142,0.024051908914505142,0.0,nan,nan,0.6279025366884058,0.6279025366884058
real_digits_aligned,box,6000,0.05,0.0,estimated_residual_lowp_supported,ctmle,estimated,xgboost,xgboost,if_residual,1.0,0.0|0.25|0.5|1.0,aipw_variance,-1.0,1.0,obsval,4.0,0.1,30,0.1,crossfit_rank_empty_standdown,1.0,4,50,3,3020.557031014003,0.04323644951415914,0.04323644951415914,0.04323644951415914,0.0,2.3342818603076364e-05,-5.6342273787018254e-08,0.0,0.5,0.0,reference,1.7763568394002505e-18,2.7755575615628914e-17,nan,nan,nan,,,nan,nan,nan,nan,nan,nan,nan,nan,0.0,0.1195,nan,0.0,0,30,nan,0.04184100418410042,0.0,0.0,0.0,0.025163816399981477,0.025163816399981477,0.0,nan,nan,0.6251258693366342,0.6251258693366342
real_digits_aligned,box,6000,0.05,0.0,estimated_residual_lowp_supported,ctmle,estimated,xgboost,xgboost,if_residual,1.0,0.0|0.25|0.5|1.0,aipw_variance,-1.0,1.0,obsval,4.0,0.1,30,0.1,crossfit_rank_empty_standdown,1.0,4,50,4,4023.9067301638424,0.04364267207450731,0.04364267207450731,0.04364267207450731,0.0,3.172465528098617e-05,-2.9140808239759553e-05,0.0,0.5,0.0,reference,1.0954200509634878e-17,0.0,nan,nan,nan,,,nan,nan,nan,nan,nan,nan,nan,nan,0.1,0.12,0.6683333333333333,0.5569444444444445,89,31,0.14833333333333334,0.043055555555555555,0.015980212259713068,0.015980212259713068,0.0,0.02898089528910983,0.02898089528910983,0.0,0.5751990103698688,0.5751990103698688,0.6124497758141988,0.6124497758141988
real_digits_aligned,box,6000,0.05,0.0,estimated_residual_lowp_supported,ctmle,estimated,xgboost,xgboost,if_residual,1.0,0.0|0.25|0.5|1.0,aipw_variance,-1.0,1.0,obsval,4.0,0.1,30,0.1,crossfit_rank_empty_standdown,1.0,4,50,1,1011.2692829351872,0.03355661586990724,0.03355661586990724,0.03355661586990724,0.0,3.327875850660982e-05,-2.7188002685682878e-05,0.0,0.5,0.0,reference,-5.921189464667502e-18,2.7755575615628914e-17,nan,nan,nan,,,nan,nan,nan,nan,nan,nan,nan,nan,0.1,0.135,0.73,0.5407407407407407,81,37,0.135,0.04567901234567901,0.017468489796416308,0.017468489796416308,0.0,0.03235302705851301,0.03235302705851301,0.0,0.5692090448706811,0.5692090448706811,0.6164584523931924,0.6164584523931924
real_digits_aligned,box,6000,0.05,0.0,estimated_residual_lowp_supported,ctmle,estimated,xgboost,xgboost,if_residual,1.0,0.0|0.25|0.5|1.0,aipw_variance,-1.0,1.0,obsval,4.0,0.1,30,0.1,crossfit_rank_empty_standdown,1.0,4,50,2,2007.0937515264377,0.013086362701014737,0.013086362701014737,0.013086362701014737,0.0,3.158547871632482e-05,-2.1283296892365923e-05,0.0,0.5,0.0,reference,-2.3684757858670005e-18,0.0,nan,nan,nan,,,nan,nan,nan,nan,nan,nan,nan,nan,0.0,0.1305,nan,0.0,0,32,nan,0.04086845466155811,0.0,0.0,0.0,0.03244591899495808,0.03244591899495808,0.0,nan,nan,0.6234821422640021,0.6234821422640021
real_digits_aligned,box,6000,0.05,0.0,estimated_residual_lowp_supported,ctmle,estimated,xgboost,xgboost,if_residual,1.0,0.0|0.25|0.5|1.0,aipw_variance,-1.0,1.0,obsval,4.0,0.1,30,0.1,crossfit_rank_empty_standdown,1.0,4,50,3,3015.160343417898,0.04366881341468137,0.04366881341468137,0.04366881341468137,0.0,2.4358454663410802e-05,-2.6564109598101128e-05,0.0,0.5,0.0,reference,-1.0066022089934753e-17,0.0,nan,nan,nan,,,nan,nan,nan,nan,nan,nan,nan,nan,0.0,0.123,nan,0.0,0,33,nan,0.044715447154471545,0.0,0.0,0.0,0.028104743977305502,0.028104743977305502,0.0,nan,nan,0.6278418905635054,0.6278418905635054
real_digits_aligned,box,6000,0.05,0.0,estimated_residual_lowp_supported,ctmle,estimated,xgboost,xgboost,if_residual,1.0,0.0|0.25|0.5|1.0,aipw_variance,-1.0,1.0,obsval,4.0,0.1,30,0.1,crossfit_rank_empty_standdown,1.0,4,50,4,4022.838260009885,0.0037816310753549798,0.0037816310753549798,0.0037816310753549798,0.0,2.7590574163698653e-05,-1.1662765748804546e-05,0.0,0.5,0.0,reference,9.473903143468002e-18,0.0,nan,nan,nan,,,nan,nan,nan,nan,nan,nan,nan,nan,0.0,0.125,nan,0.0,0,38,nan,0.050666666666666665,0.0,0.0,0.0,0.018936198371670567,0.018936198371670567,0.0,nan,nan,0.6068115170420936,0.6068115170420936
real_digits_aligned,box,6000,0.05,0.0,estimated_residual_lowp_supported,ctmle,estimated,xgboost,xgboost,if_residual,1.0,0.0|0.25|0.5|1.0,aipw_variance,-1.0,1.0,obsval,4.0,0.1,30,0.1,crossfit_rank_empty_standdown,1.0,4,50,1,1005.9821809856221,0.03030132167969271,0.03030132167969271,0.03030132167969271,0.0,1.8878294957225153e-05,-1.1935904443462317e-05,0.0,0.5,0.0,reference,4.736951571734001e-18,0.0,nan,nan,nan,,,nan,nan,nan,nan,nan,nan,nan,nan,0.075,0.12616666666666668,0.7777777777777778,0.4623513870541612,50,40,0.1111111111111111,0.052840158520475564,0.009038381884511873,0.009038381884511873,0.0,0.017833478344434207,0.017833478344434207,0.0,0.6148119404898068,0.6148119404898068,0.6292682335499454,0.6292682335499454
real_digits_aligned,box,6000,0.05,0.0,estimated_residual_lowp_supported,ctmle,estimated,xgboost,xgboost,if_residual,1.0,0.0|0.25|0.5|1.0,aipw_variance,-1.0,1.0,obsval,4.0,0.1,30,0.1,crossfit_rank_empty_standdown,1.0,4,50,2,2010.695548756048,0.02508625776182999,0.02508625776182999,0.02508625776182999,0.0,2.8745661760836067e-05,-1.361376505634417e-05,0.0,0.5,0.0,reference,-1.1842378929335003e-18,2.7755575615628914e-17,nan,nan,nan,,,nan,nan,nan,nan,nan,nan,nan,nan,0.1,0.12966666666666668,0.7416666666666667,0.5719794344473008,70,28,0.11666666666666667,0.03598971722365039,0.018401494807962777,0.018401494807962777,0.0,0.026833717159772296,0.026833717159772296,0.0,0.5363369792836082,0.5363369792836082,0.5411498361131628,0.5411498361131628
real_digits_aligned,box,6000,0.05,0.0,estimated_residual_lowp_supported,ctmle,estimated,xgboost,xgboost,if_residual,1.0,0.0|0.25|0.5|1.0,aipw_variance,-1.0,1.0,obsval,4.0,0.1,30,0.1,crossfit_rank_empty_standdown,1.0,4,50,3,3022.2549107559025,0.036136868958505014,0.036136868958505014,0.036136868958505014,0.0,2.757589866996034e-05,-3.32563065805981e-05,0.0,0.5,0.0,reference,-4.736951571734001e-18,0.0,nan,nan,nan,,,nan,nan,nan,nan,nan,nan,nan,nan,0.1,0.1175,0.6583333333333333,0.5602836879432624,98,32,0.16333333333333333,0.04539007092198582,0.017823753824420877,0.017823753824420877,0.0,0.027242478320139044,0.027242478320139044,0.0,0.6449781978902428,0.6449781978902428,0.6438266450167698,0.6438266450167698
real_digits_aligned,box,6000,0.05,0.0,estimated_residual_lowp_supported,ctmle,estimated,xgboost,xgboost,if_residual,1.0,0.0|0.25|0.5|1.0,aipw_variance,-1.0,1.0,obsval,4.0,0.1,30,0.1,crossfit_rank_empty_standdown,1.0,4,50,4,4025.6275270842016,0.0592043370551881,0.0592043370551881,0.0592043370551881,0.0,2.900730834312366e-05,2.4431321500875615e-05,0.0,0.5,0.0,reference,1.6579330501069006e-17,-5.551115123125783e-17,nan,nan,nan,,,nan,nan,nan,nan,nan,nan,nan,nan,0.0,0.1245,nan,0.0,0,31,nan,0.041499330655957165,0.0,0.0,0.0,0.03738733987095579,0.03738733987095579,0.0,nan,nan,0.6764734275369246,0.6764734275369246
real_digits_aligned,box,6000,0.05,0.0,estimated_residual_lowp_supported,ctmle,estimated,xgboost,xgboost,if_residual,1.0,0.0|0.25|0.5|1.0,aipw_variance,-1.0,1.0,obsval,4.0,0.1,30,0.1,crossfit_rank_empty_standdown,1.0,4,50,1,1004.8662579804659,-0.01287764444304268,-0.01287764444304268,-0.01287764444304268,0.0,3.343787804717163e-05,-2.9691554274024286e-05,0.0,0.5,0.0,reference,1.4802973661668754e-17,0.0,nan,nan,nan,,,nan,nan,nan,nan,nan,nan,nan,nan,0.0,0.1255,nan,0.0,0,42,nan,0.055776892430278883,0.0,0.0,0.0,0.013248818298294092,0.013248818298294092,0.0,nan,nan,0.5996382164266321,0.5996382164266321
real_digits_aligned,box,6000,0.05,0.0,estimated_residual_lowp_supported,ctmle,estimated,xgboost,xgboost,if_residual,1.0,0.0|0.25|0.5|1.0,aipw_variance,-1.0,1.0,obsval,4.0,0.1,30,0.1,crossfit_rank_empty_standdown,1.0,4,50,2,2009.050557680428,0.05596044327398769,0.05596044327398769,0.05596044327398769,0.0,2.5759044905777537e-05,-4.508257109192261e-05,0.0,0.5,0.0,reference,7.105427357601002e-18,0.0,nan,nan,nan,,,nan,nan,nan,nan,nan,nan,nan,nan,0.1,0.12516666666666668,0.7083333333333334,0.5659121171770972,75,30,0.125,0.03994673768308921,0.019727037412936344,0.019727037412936344,0.0,0.03274197545306521,0.03274197545306521,0.0,0.6185122945093098,0.6185122945093098,0.6454871684507644,0.6454871684507644
real_digits_aligned,box,6000,0.05,0.0,estimated_residual_lowp_supported,ctmle,estimated,xgboost,xgboost,if_residual,1.0,0.0|0.25|0.5|1.0,aipw_variance,-1.0,1.0,obsval,4.0,0.1,30,0.1,crossfit_rank_empty_standdown,1.0,4,50,3,3014.8091238122433,0.1002528750508383,0.1002528750508383,0.1002528750508383,0.0,2.15947605667167e-05,-1.1099479058514737e-06,0.0,0.5,0.0,reference,8.289665250534503e-18,0.0,nan,nan,nan,,,nan,nan,nan,nan,nan,nan,nan,nan,0.1,0.13433333333333333,0.6966666666666667,0.5186104218362283,75,42,0.125,0.052109181141439205,0.022891947792117832,0.022891947792117832,0.0,0.040068316638440064,0.040068316638440064,0.0,0.6224581053194379,0.6224581053194379,0.6573893171906895,0.6573893171906895
real_digits_aligned,box,6000,0.05,0.0,estimated_residual_lowp_supported,ctmle,estimated,xgboost,xgboost,if_residual,1.0,0.0|0.25|0.5|1.0,aipw_variance,-1.0,1.0,obsval,4.0,0.1,30,0.1,crossfit_rank_empty_standdown,1.0,4,50,4,4008.861552057788,0.042756061965007114,0.042756061965007114,0.042756061965007114,0.0,3.0366593589628284e-05,-1.4582138084203323e-05,0.0,0.5,0.0,reference,0.0,0.0,nan,nan,nan,,,nan,nan,nan,nan,nan,nan,nan,nan,0.05,0.13033333333333333,0.7,0.26854219948849106,50,37,0.16666666666666666,0.04731457800511509,0.008451151724158454,0.008451151724158454,0.0,0.028475830820326443,0.028475830820326443,0.0,0.6460822653297605,0.6460822653297605,0.611164586066955,0.611164586066955
real_digits_aligned,box,6000,0.05,0.0,estimated_residual_lowp_supported,ctmle,estimated,xgboost,xgboost,if_residual,1.0,0.0|0.25|0.5|1.0,aipw_variance,-1.0,1.0,obsval,4.0,0.1,30,0.1,crossfit_rank_empty_standdown,1.0,4,50,1,1006.1027804482728,0.026310323215778697,0.026310323215778697,0.026310323215778697,0.0,2.923538558603214e-05,-2.106427546986621e-06,0.0,0.5,0.0,reference,-1.1842378929335003e-18,0.0,nan,nan,nan,,,nan,nan,nan,nan,nan,nan,nan,nan,0.1,0.13266666666666665,0.6966666666666667,0.5251256281407035,101,49,0.16833333333333333,0.06155778894472362,0.013478457556460025,0.013478457556460025,0.0,0.02324894691554573,0.02324894691554573,0.0,0.5545223123353675,0.5545223123353675,0.5957582879253512,0.5957582879253512
real_digits_aligned,box,6000,0.05,0.0,estimated_residual_lowp_supported,ctmle,estimated,xgboost,xgboost,if_residual,1.0,0.0|0.25|0.5|1.0,aipw_variance,-1.0,1.0,obsval,4.0,0.1,30,0.1,crossfit_rank_empty_standdown,1.0,4,50,2,2000.9437917675823,0.02389650095814208,0.02389650095814208,0.02389650095814208,0.0,2.7529792072587085e-05,-2.3151823936339738e-05,0.0,0.5,0.0,reference,-1.0658141036401503e-17,0.0,nan,nan,nan,,,nan,nan,nan,nan,nan,nan,nan,nan,0.075,0.12566666666666668,0.6977777777777778,0.41644562334217505,70,39,0.15555555555555556,0.05172413793103448,0.015116475137759792,0.015116475137759792,0.0,0.030000964285454918,0.030000964285454918,0.0,0.5941408766318707,0.5941408766318707,0.604924450466223,0.604924450466223
real_digits_aligned,box,6000,0.05,0.0,estimated_residual_lowp_supported,ctmle,estimated,xgboost,xgboost,if_residual,1.0,0.0|0.25|0.5|1.0,aipw_variance,-1.0,1.0,obsval,4.0,0.1,30,0.1,crossfit_rank_empty_standdown,1.0,4,50,3,3014.0450870590284,0.037519146052634095,0.037519146052634095,0.037519146052634095,0.0,3.6598361075274814e-05,4.358428724800115e-06,0.0,0.5,0.0,reference,6.8093678843676264e-18,0.0,nan,nan,nan,,,nan,nan,nan,nan,nan,nan,nan,nan,0.0,0.1295,nan,0.0,0,40,nan,0.05148005148005148,0.0,0.0,0.0,0.022912101893001278,0.022912101893001278,0.0,nan,nan,0.5923715331895876,0.5923715331895876
real_digits_aligned,box,6000,0.05,0.0,estimated_residual_lowp_supported,ctmle,estimated,xgboost,xgboost,if_residual,1.0,0.0|0.25|0.5|1.0,aipw_variance,-1.0,1.0,obsval,4.0,0.1,30,0.1,crossfit_rank_empty_standdown,1.0,4,50,4,4012.8750580297783,0.016325146026678866,0.016325146026678866,0.016325146026678866,0.0,2.679283888554879e-05,-5.447599678016016e-06,0.0,0.5,0.0,reference,-5.921189464667502e-18,0.0,nan,nan,nan,,,nan,nan,nan,nan,nan,nan,nan,nan,0.075,0.1305,0.7333333333333333,0.421455938697318,70,40,0.15555555555555556,0.05108556832694764,0.008472258098259772,0.008472258098259772,0.0,0.02201601268612616,0.02201601268612616,0.0,0.5208345988437331,0.5208345988437331,0.5642728071288733,0.5642728071288733
real_digits_aligned,box,6000,0.05,0.0,estimated_residual_lowp_supported,ctmle,estimated,xgboost,xgboost,if_residual,1.0,0.0|0.25|0.5|1.0,aipw_variance,-1.0,1.0,obsval,4.0,0.1,30,0.1,crossfit_rank_empty_standdown,1.0,4,50,1,993.9003932857886,0.08233955568505985,0.08233955568505985,0.08233955568505985,0.0,3.078810840801652e-05,-2.079212000089919e-05,0.0,0.5,0.0,reference,4.736951571734001e-18,0.0,nan,nan,nan,,,nan,nan,nan,nan,nan,nan,nan,nan,0.0,0.1265,nan,0.0,0,29,nan,0.03820816864295125,0.0,0.0,0.0,0.037542821015722656,0.037542821015722656,0.0,nan,nan,0.6613021916395786,0.6613021916395786
real_digits_aligned,box,6000,0.05,0.0,estimated_residual_lowp_supported,ctmle,estimated,xgboost,xgboost,if_residual,1.0,0.0|0.25|0.5|1.0,aipw_variance,-1.0,1.0,obsval,4.0,0.1,30,0.1,crossfit_rank_empty_standdown,1.0,4,50,2,2005.3873105840757,0.03598921645203365,0.03598921645203365,0.03598921645203365,0.0,2.0472139707894508e-05,-2.022415019618557e-05,0.0,0.5,0.0,reference,1.1842378929335003e-18,-5.551115123125783e-17,nan,nan,nan,,,nan,nan,nan,nan,nan,nan,nan,nan,0.1,0.11383333333333333,0.6516666666666666,0.5724743777452416,107,34,0.17833333333333334,0.04978038067349927,0.021624402747977806,0.021624402747977806,0.0,0.03243304872049357,0.03243304872049357,0.0,0.6403414792827241,0.6403414792827241,0.6584433602537532,0.6584433602537532
real_digits_aligned,box,6000,0.05,0.0,estimated_residual_lowp_supported,ctmle,estimated,xgboost,xgboost,if_residual,1.0,0.0|0.25|0.5|1.0,aipw_variance,-1.0,1.0,obsval,4.0,0.1,30,0.1,crossfit_rank_empty_standdown,1.0,4,50,3,3013.076813605614,0.07775722765061449,0.07775722765061449,0.07775722765061449,0.0,2.919434182846448e-05,-1.935042554621503e-06,0.0,0.5,0.0,reference,2.3684757858670005e-18,0.0,nan,nan,nan,,,nan,nan,nan,nan,nan,nan,nan,nan,0.075,0.133,0.7977777777777778,0.449874686716792,39,35,0.08666666666666667,0.043859649122807015,0.013049662626671892,0.013049662626671892,0.0,0.03257797440391554,0.03257797440391554,0.0,0.6177025979637305,0.6177025979637305,0.6140317796010168,0.6140317796010168
real_digits_aligned,box,6000,0.05,0.0,estimated_residual_lowp_supported,ctmle,estimated,xgboost,xgboost,if_residual,1.0,0.0|0.25|0.5|1.0,aipw_variance,-1.0,1.0,obsval,4.0,0.1,30,0.1,crossfit_rank_empty_standdown,1.0,4,50,4,4022.6979034477845,0.05622196066340959,0.05622196066340959,0.05622196066340959,0.0,3.0645577841810034e-05,-1.1901290550348192e-05,0.0,0.5,0.0,reference,9.473903143468002e-18,0.0,nan,nan,nan,,,nan,nan,nan,nan,nan,nan,nan,nan,0.0,0.1295,nan,0.0,0,37,nan,0.047619047619047616,0.0,0.0,0.0,0.033579433240397784,0.033579433240397784,0.0,nan,nan,0.6113744209234877,0.6113744209234877
real_digits_aligned,box,6000,0.05,0.0,estimated_residual_lowp_supported,ctmle,estimated,xgboost,xgboost,if_residual,1.0,0.0|0.25|0.5|1.0,aipw_variance,-1.0,1.0,obsval,4.0,0.1,30,0.1,crossfit_rank_empty_standdown,1.0,4,50,1,1007.8976460928097,0.04390694174680046,0.04390694174680046,0.04390694174680046,0.0,2.6954522602435542e-05,-2.063912850720751e-06,0.0,0.5,0.0,reference,-2.0132044179869507e-17,2.7755575615628914e-17,nan,nan,nan,,,nan,nan,nan,nan,nan,nan,nan,nan,0.05,0.12533333333333332,0.7066666666666667,0.28191489361702127,32,37,0.10666666666666667,0.04920212765957447,0.00523626671657059,0.00523626671657059,0.0,0.020187510923914347,0.020187510923914347,0.0,0.5609331951609174,0.5609331951609174,0.5818943826141281,0.5818943826141281
real_digits_aligned,box,6000,0.05,0.0,estimated_residual_lowp_supported,ctmle,estimated,xgboost,xgboost,if_residual,1.0,0.0|0.25|0.5|1.0,aipw_variance,-1.0,1.0,obsval,4.0,0.1,30,0.1,crossfit_rank_empty_standdown,1.0,4,50,2,2000.8072301233187,0.06809111125019748,0.06809111125019748,0.06809111125019748,0.0,2.5598973334323345e-05,-7.538720609371078e-06,0.0,0.5,0.0,reference,1.8947806286936004e-17,0.0,nan,nan,nan,,,nan,nan,nan,nan,nan,nan,nan,nan,0.1,0.13116666666666665,0.7466666666666667,0.5692503176620076,85,43,0.14166666666666666,0.054637865311308764,0.02166164481204,0.02166164481204,0.0,0.03376982430542258,0.03376982430542258,0.0,0.6304396013618974,0.6304396013618974,0.6369923031342485,0.6369923031342485
real_digits_aligned,box,6000,0.05,0.0,estimated_residual_lowp_supported,ctmle,estimated,xgboost,xgboost,if_residual,1.0,0.0|0.25|0.5|1.0,aipw_variance,-1.0,1.0,obsval,4.0,0.1,30,0.1,crossfit_rank_empty_standdown,1.0,4,50,3,3007.8778045475483,0.014662960127176189,0.014662960127176189,0.014662960127176189,0.0,3.5314039309119485e-05,-2.5521701069317754e-05,0.0,0.5,0.0,reference,2.3684757858670005e-18,0.0,nan,nan,nan,,,nan,nan,nan,nan,nan,nan,nan,nan,0.0,0.12216666666666667,nan,0.0,0,30,nan,0.040927694406548434,0.0,0.0,0.0,0.021447751802196404,0.021447751802196404,0.0,nan,nan,0.6324904045071709,0.6324904045071709
real_digits_aligned,box,6000,0.05,0.0,estimated_residual_lowp_supported,ctmle,estimated,xgboost,xgboost,if_residual,1.0,0.0|0.25|0.5|1.0,aipw_variance,-1.0,1.0,obsval,4.0,0.1,30,0.1,crossfit_rank_empty_standdown,1.0,4,50,4,4003.494911289774,0.06458656806415228,0.06458656806415228,0.06458656806415228,0.0,2.6206321061984046e-05,-2.4834941817101575e-05,0.0,0.5,0.0,reference,2.3684757858670005e-18,5.551115123125783e-17,nan,nan,nan,,,nan,nan,nan,nan,nan,nan,nan,nan,0.05,0.121,0.82,0.33884297520661155,32,36,0.10666666666666667,0.049586776859504134,0.0100897639297483,0.0100897639297483,0.0,0.02748914811550487,0.02748914811550487,0.0,0.6939016346492501,0.6939016346492501,0.6504854647457142,0.6504854647457142
real_digits_aligned,box,6000,0.05,0.0,estimated_residual_lowp_supported,ctmle,estimated,xgboost,xgboost,if_residual,1.0,0.0|0.25|0.5|1.0,aipw_variance,-1.0,1.0,obsval,4.0,0.1,30,0.1,crossfit_rank_empty_standdown,1.0,4,50,1,1026.1076800022274,0.021075769068116618,0.021075769068116618,0.021075769068116618,0.0,3.0472486848757844e-05,-3.93278589110371e-05,0.0,0.5,0.0,reference,1.7763568394002505e-18,-5.551115123125783e-17,nan,nan,nan,,,nan,nan,nan,nan,nan,nan,nan,nan,0.1,0.1265,0.67,0.5296442687747036,108,56,0.18,0.07378129117259552,0.017968958756713865,0.017968958756713865,0.0,0.025785667539798163,0.025785667539798163,0.0,0.5895595450109012,0.5895595450109012,0.5932393448395793,0.5932393448395793
real_digits_aligned,box,6000,0.05,0.0,estimated_residual_lowp_supported,ctmle,estimated,xgboost,xgboost,if_residual,1.0,0.0|0.25|0.5|1.0,aipw_variance,-1.0,1.0,obsval,4.0,0.1,30,0.1,crossfit_rank_empty_standdown,1.0,4,50,2,2027.4366759154946,0.02208185270251814,0.02208185270251814,0.02208185270251814,0.0,2.5300339323894414e-05,-1.6974061369715682e-05,0.0,0.5,0.0,reference,2.3684757858670005e-18,-5.551115123125783e-17,nan,nan,nan,,,nan,nan,nan,nan,nan,nan,nan,nan,0.0,0.13166666666666665,nan,0.0,0,33,nan,0.04177215189873418,0.0,0.0,0.0,0.03174151986265431,0.03174151986265431,0.0,nan,nan,0.6032752436570464,0.6032752436570464
real_digits_aligned,box,6000,0.05,0.0,estimated_residual_lowp_supported,ctmle,estimated,xgboost,xgboost,if_residual,1.0,0.0|0.25|0.5|1.0,aipw_variance,-1.0,1.0,obsval,4.0,0.1,30,0.1,crossfit_rank_empty_standdown,1.0,4,50,3,3033.320810092613,0.014656779881175558,0.014656779881175558,0.014656779881175558,0.0,3.4467541067333455e-05,7.995939152269957e-06,0.0,0.5,0.0,reference,0.0,0.0,nan,nan,nan,,,nan,nan,nan,nan,nan,nan,nan,nan,0.05,0.12583333333333332,0.8066666666666666,0.3205298013245033,33,38,0.11,0.05033112582781457,0.009342999826610179,0.009342999826610179,0.0,0.027947020079196094,0.027947020079196094,0.0,0.6123629734477347,0.6123629734477347,0.6026020779084243,0.6026020779084243
real_digits_aligned,box,6000,0.05,0.0,estimated_residual_lowp_supported,ctmle,estimated,xgboost,xgboost,if_residual,1.0,0.0|0.25|0.5|1.0,aipw_variance,-1.0,1.0,obsval,4.0,0.1,30,0.1,crossfit_rank_empty_standdown,1.0,4,50,4,4026.302280656062,0.029895874612201362,0.029895874612201362,0.029895874612201362,0.0,2.8062965224298197e-05,-2.5113448435281965e-05,0.0,0.5,0.0,reference,-1.4210854715202004e-17,2.7755575615628914e-17,nan,nan,nan,,,nan,nan,nan,nan,nan,nan,nan,nan,0.05,0.12283333333333334,0.6966666666666667,0.2835820895522388,43,31,0.14333333333333334,0.04206241519674356,0.009065270594278203,0.009065270594278203,0.0,0.03047511462924494,0.03047511462924494,0.0,0.6466424006095495,0.6466424006095495,0.6049566183962107,0.6049566183962107
real_digits_aligned,box,6000,0.05,0.0,estimated_residual_lowp_supported,ctmle,estimated,xgboost,xgboost,if_residual,1.0,0.0|0.25|0.5|1.0,aipw_variance,-1.0,1.0,obsval,4.0,0.1,30,0.1,crossfit_rank_empty_standdown,1.0,4,50,1,1006.2316569574177,0.01252031526142458,0.01252031526142458,0.01252031526142458,0.0,3.446832622480429e-05,-3.5560095807702936e-05,0.0,0.5,0.0,reference,0.0,0.0,nan,nan,nan,,,nan,nan,nan,nan,nan,nan,nan,nan,0.0,0.124,nan,0.0,0,32,nan,0.043010752688172046,0.0,0.0,0.0,0.031108597539811628,0.031108597539811628,0.0,nan,nan,0.6438004449012895,0.6438004449012895
real_digits_aligned,box,6000,0.05,0.0,estimated_residual_lowp_supported,ctmle,estimated,xgboost,xgboost,if_residual,1.0,0.0|0.25|0.5|1.0,aipw_variance,-1.0,1.0,obsval,4.0,0.1,30,0.1,crossfit_rank_empty_standdown,1.0,4,50,2,2026.911272911355,0.02904965558682679,0.02904965558682679,0.02904965558682679,0.0,2.1666451639799173e-05,-1.5357658051959246e-05,0.0,0.5,0.0,reference,-4.736951571734001e-18,-2.7755575615628914e-17,nan,nan,nan,,,nan,nan,nan,nan,nan,nan,nan,nan,0.1,0.12316666666666666,0.6733333333333333,0.5466847090663058,94,37,0.15666666666666668,0.05006765899864682,0.015156227262422026,0.015156227262422026,0.0,0.024917023429142385,0.024917023429142385,0.0,0.5566431248997011,0.5566431248997011,0.603306675309542,0.603306675309542
real_digits_aligned,box,6000,0.05,0.0,estimated_residual_lowp_supported,ctmle,estimated,xgboost,xgboost,if_residual,1.0,0.0|0.25|0.5|1.0,aipw_variance,-1.0,1.0,obsval,4.0,0.1,30,0.1,crossfit_rank_empty_standdown,1.0,4,50,3,3042.3890143036842,0.025839408533632202,0.025839408533632202,0.025839408533632202,0.0,3.251526384296527e-05,-3.981155699299605e-05,0.0,0.5,0.0,reference,9.473903143468002e-18,0.0,nan,nan,nan,,,nan,nan,nan,nan,nan,nan,nan,nan,0.05,0.12683333333333333,0.7533333333333333,0.29697766097240474,31,24,0.10333333333333333,0.03153745072273324,0.0058229011491530884,0.0058229011491530884,0.0,0.02531031001924801,0.02531031001924801,0.0,0.7176656404045049,0.7176656404045049,0.6553929889600499,0.6553929889600499
real_digits_aligned,box,6000,0.05,0.0,estimated_residual_lowp_supported,ctmle,estimated,xgboost,xgboost,if_residual,1.0,0.0|0.25|0.5|1.0,aipw_variance,-1.0,1.0,obsval,4.0,0.1,30,0.1,crossfit_rank_empty_standdown,1.0,4,50,4,4060.021956863813,0.06043133016877544,0.06043133016877544,0.06043133016877544,0.0,2.1832619915852867e-05,-2.620121495756835e-05,0.0,0.5,0.0,reference,-1.7763568394002505e-18,0.0,nan,nan,nan,,,nan,nan,nan,nan,nan,nan,nan,nan,0.05,0.1255,0.6766666666666666,0.2695883134130146,47,45,0.15666666666666668,0.05976095617529881,0.014838375819778819,0.014838375819778819,0.0,0.03933755098031526,0.03933755098031526,0.0,0.7493460154782962,0.7493460154782962,0.6821071456530224,0.6821071456530224
real_digits_aligned,box,6000,0.05,0.0,estimated_residual_lowp_supported,ctmle,estimated,xgboost,xgboost,if_residual,1.0,0.0|0.25|0.5|1.0,aipw_variance,-1.0,1.0,obsval,4.0,0.1,30,0.1,crossfit_rank_empty_standdown,1.0,4,50,1,1011.8821430103853,0.02612923453485183,0.02612923453485183,0.02612923453485183,0.0,2.4508660761694834e-05,-2.7003298580598558e-05,0.0,0.5,0.0,reference,-1.0658141036401503e-17,0.0,nan,nan,nan,,,nan,nan,nan,nan,nan,nan,nan,nan,0.075,0.12766666666666668,0.7266666666666667,0.42689295039164493,67,49,0.14888888888888888,0.0639686684073107,0.013111440406352468,0.013111440406352468,0.0,0.029276405327351672,0.029276405327351672,0.0,0.5448263712169829,0.5448263712169829,0.5760067648821879,0.5760067648821879
real_digits_aligned,box,6000,0.05,0.0,estimated_residual_lowp_supported,ctmle,estimated,xgboost,xgboost,if_residual,1.0,0.0|0.25|0.5|1.0,aipw_variance,-1.0,1.0,obsval,4.0,0.1,30,0.1,crossfit_rank_empty_standdown,1.0,4,50,2,2021.7979432176799,0.04039336472568747,0.04039336472568747,0.04039336472568747,0.0,2.6365898989879374e-05,-1.3197520942639885e-07,0.0,0.5,0.0,reference,5.921189464667501e-19,-2.7755575615628914e-17,nan,nan,nan,,,nan,nan,nan,nan,nan,nan,nan,nan,0.0,0.12133333333333333,nan,0.0,0,37,nan,0.050824175824175824,0.0,0.0,0.0,0.029430283401339245,0.029430283401339245,0.0,nan,nan,0.6343404953028287,0.6343404953028287
real_digits_aligned,box,6000,0.05,0.0,estimated_residual_lowp_supported,ctmle,estimated,xgboost,xgboost,if_residual,1.0,0.0|0.25|0.5|1.0,aipw_variance,-1.0,1.0,obsval,4.0,0.1,30,0.1,crossfit_rank_empty_standdown,1.0,4,50,3,3028.939362872392,0.04274041584897248,0.04274041584897248,0.04274041584897248,0.0,3.213574907416942e-05,-7.771237352395717e-06,0.0,0.5,0.0,reference,7.105427357601002e-18,5.551115123125783e-17,nan,nan,nan,,,nan,nan,nan,nan,nan,nan,nan,nan,0.1,0.11866666666666667,0.6816666666666666,0.574438202247191,83,46,0.13833333333333334,0.06460674157303371,0.014831382110439517,0.014831382110439517,0.0,0.025167437522306386,0.025167437522306386,0.0,0.6082319570974016,0.6082319570974016,0.6192227990537298,0.6192227990537298
real_digits_aligned,box,6000,0.05,0.0,estimated_residual_lowp_supported,ctmle,estimated,xgboost,xgboost,if_residual,1.0,0.0|0.25|0.5|1.0,aipw_variance,-1.0,1.0,obsval,4.0,0.1,30,0.1,crossfit_rank_empty_standdown,1.0,4,50,4,4040.832066643052,-0.004737105650982426,-0.004737105650982426,-0.004737105650982426,0.0,3.03523022889199e-05,-1.2380656865008065e-05,0.0,0.5,0.0,reference,4.736951571734001e-18,0.0,nan,nan,nan,,,nan,nan,nan,nan,nan,nan,nan,nan,0.1,0.12516666666666668,0.7,0.559254327563249,100,50,0.16666666666666666,0.06657789613848203,0.0013372693022194084,0.0013372693022194084,0.0,0.008696806792310757,0.008696806792310757,0.0,0.6212403659762514,0.6212403659762514,0.6509174633793406,0.6509174633793406
real_digits_aligned,box,6000,0.05,0.0,estimated_residual_lowp_supported,ctmle,estimated,xgboost,xgboost,if_residual,1.0,0.0|0.25|0.5|1.0,aipw_variance,-1.0,1.0,obsval,4.0,0.1,30,0.1,crossfit_rank_empty_standdown,1.0,4,50,1,1016.430433745496,0.03129775438885107,0.03129775438885107,0.03129775438885107,0.0,3.505476985840648e-05,-3.4331948884091927e-05,0.0,0.5,0.0,reference,1.0658141036401503e-17,0.0,nan,nan,nan,,,nan,nan,nan,nan,nan,nan,nan,nan,0.0,0.13533333333333333,nan,0.0,0,42,nan,0.05172413793103448,0.0,0.0,0.0,0.028235255901624644,0.028235255901624644,0.0,nan,nan,0.5956438474247129,0.5956438474247129
real_digits_aligned,box,6000,0.05,0.0,estimated_residual_lowp_supported,ctmle,estimated,xgboost,xgboost,if_residual,1.0,0.0|0.25|0.5|1.0,aipw_variance,-1.0,1.0,obsval,4.0,0.1,30,0.1,crossfit_rank_empty_standdown,1.0,4,50,2,2023.0557767124847,0.040185045394503294,0.040185045394503294,0.040185045394503294,0.0,3.8188818111936466e-05,-1.3148755361204619e-05,0.0,0.5,0.0,reference,-1.6579330501069006e-17,5.551115123125783e-17,nan,nan,nan,,,nan,nan,nan,nan,nan,nan,nan,nan,0.1,0.13533333333333333,0.7683333333333333,0.5677339901477833,80,35,0.13333333333333333,0.04310344827586207,0.014200387650026729,0.014200387650026729,0.0,0.022871677848282587,0.022871677848282587,0.0,0.5619347323747853,0.5619347323747853,0.5934618418755622,0.5934618418755622
real_digits_aligned,box,6000,0.05,0.0,estimated_residual_lowp_supported,ctmle,estimated,xgboost,xgboost,if_residual,1.0,0.0|0.25|0.5|1.0,aipw_variance,-1.0,1.0,obsval,4.0,0.1,30,0.1,crossfit_rank_empty_standdown,1.0,4,50,3,3035.8977412376553,0.0019882491093014265,0.0019882491093014265,0.0019882491093014265,0.0,2.2739291224458096e-05,-3.24484540202201e-05,0.0,0.5,0.0,reference,-1.1842378929335003e-18,0.0,nan,nan,nan,,,nan,nan,nan,nan,nan,nan,nan,nan,0.1,0.12433333333333334,0.735,0.5911528150134048,64,26,0.10666666666666667,0.03485254691689008,0.01140292937105569,0.01140292937105569,0.0,0.018135410978886546,0.018135410978886546,0.0,0.575740681547867,0.575740681547867,0.5741906992122775,0.5741906992122775
real_digits_aligned,box,6000,0.05,0.0,estimated_residual_lowp_supported,ctmle,estimated,xgboost,xgboost,if_residual,1.0,0.0|0.25|0.5|1.0,aipw_variance,-1.0,1.0,obsval,4.0,0.1,30,0.1,crossfit_rank_empty_standdown,1.0,4,50,4,4036.7553475042805,0.05004317334489594,0.05004317334489594,0.05004317334489594,0.0,2.5363571820519897e-05,-2.2434699372760926e-05,0.0,0.5,0.0,reference,1.7763568394002505e-18,2.7755575615628914e-17,nan,nan,nan,,,nan,nan,nan,nan,nan,nan,nan,nan,0.0,0.12766666666666668,nan,0.0,0,33,nan,0.04308093994778068,0.0,0.0,0.0,0.03286803778712516,0.03286803778712516,0.0,nan,nan,0.5848853212376207,0.5848853212376207
real_digits_aligned,box,6000,0.05,0.0,estimated_residual_lowp_supported,ctmle,estimated,xgboost,xgboost,if_residual,1.0,0.0|0.25|0.5|1.0,aipw_variance,-1.0,1.0,obsval,4.0,0.1,30,0.1,crossfit_rank_empty_standdown,1.0,4,50,1,1003.7723710797727,0.023609851793010866,0.023609851793010866,0.023609851793010866,0.0,3.730094876091086e-05,-2.775339493893761e-05,0.0,0.5,0.0,reference,1.5395092608135503e-17,0.0,nan,nan,nan,,,nan,nan,nan,nan,nan,nan,nan,nan,0.075,0.1205,0.6777777777777778,0.4218533886583679,67,29,0.14888888888888888,0.040110650069156296,0.008742736747308967,0.008742736747308967,0.0,0.018334662893307502,0.018334662893307502,0.0,0.6713837148371273,0.6713837148371273,0.6764586597033821,0.6764586597033821
real_digits_aligned,box,6000,0.05,0.0,estimated_residual_lowp_supported,ctmle,estimated,xgboost,xgboost,if_residual,1.0,0.0|0.25|0.5|1.0,aipw_variance,-1.0,1.0,obsval,4.0,0.1,30,0.1,crossfit_rank_empty_standdown,1.0,4,50,2,2006.018769416958,0.024920366763752033,0.024920366763752033,0.024920366763752033,0.0,2.5108724651674093e-05,-5.662178037876137e-06,0.0,0.5,0.0,reference,-1.1842378929335003e-18,0.0,nan,nan,nan,,,nan,nan,nan,nan,nan,nan,nan,nan,0.0,0.12866666666666668,nan,0.0,0,45,nan,0.05829015544041451,0.0,0.0,0.0,0.019255618064913303,0.019255618064913303,0.0,nan,nan,0.6220050172076078,0.6220050172076078
real_digits_aligned,box,6000,0.05,0.0,estimated_residual_lowp_supported,ctmle,estimated,xgboost,xgboost,if_residual,1.0,0.0|0.25|0.5|1.0,aipw_variance,-1.0,1.0,obsval,4.0,0.1,30,0.1,crossfit_rank_empty_standdown,1.0,4,50,3,3015.724714863114,0.0360662429297538,0.0360662429297538,0.0360662429297538,0.0,2.433465752915351e-05,-3.4328666911287995e-05,0.0,0.5,0.0,reference,-1.1842378929335003e-18,0.0,nan,nan,nan,,,nan,nan,nan,nan,nan,nan,nan,nan,0.05,0.12183333333333334,0.6466666666666666,0.265389876880985,56,42,0.18666666666666668,0.057455540355677154,0.0068729337835354305,0.0068729337835354305,0.0,0.029121211323288577,0.029121211323288577,0.0,0.5504024119105609,0.5504024119105609,0.6187048668744148,0.6187048668744148
real_digits_aligned,box,6000,0.05,0.0,estimated_residual_lowp_supported,ctmle,estimated,xgboost,xgboost,if_residual,1.0,0.0|0.25|0.5|1.0,aipw_variance,-1.0,1.0,obsval,4.0,0.1,30,0.1,crossfit_rank_empty_standdown,1.0,4,50,4,4023.3599980603904,0.030129301954129745,0.030129301954129745,0.030129301954129745,0.0,1.904710754918528e-05,-1.6671697406154206e-05,0.0,0.5,0.0,reference,5.921189464667501e-19,0.0,nan,nan,nan,,,nan,nan,nan,nan,nan,nan,nan,nan,0.1,0.1325,0.7316666666666667,0.5522012578616352,84,41,0.14,0.05157232704402516,0.018897392479275296,0.018897392479275296,0.0,0.0274042765273504,0.0274042765273504,0.0,0.5791880324116361,0.5791880324116361,0.6019502925367946,0.6019502925367946
real_digits_aligned,box,6000,0.05,0.0,estimated_residual_lowp_supported,ctmle,estimated,xgboost,xgboost,if_residual,1.0,0.0|0.25|0.5|1.0,aipw_variance,-1.0,1.0,obsval,4.0,0.1,30,0.1,crossfit_rank_empty_standdown,1.0,4,50,1,1006.2940868400037,-0.012927300098098948,-0.012927300098098948,-0.012927300098098948,0.0,3.973397284144924e-05,4.337936436754402e-06,0.0,0.5,0.0,reference,-1.0658141036401503e-17,0.0,nan,nan,nan,,,nan,nan,nan,nan,nan,nan,nan,nan,0.0,0.12833333333333333,nan,0.0,0,37,nan,0.048051948051948054,0.0,0.0,0.0,0.010683413567614151,0.010683413567614151,0.0,nan,nan,0.5968586831144094,0.5968586831144094
real_digits_aligned,box,6000,0.05,0.0,estimated_residual_lowp_supported,ctmle,estimated,xgboost,xgboost,if_residual,1.0,0.0|0.25|0.5|1.0,aipw_variance,-1.0,1.0,obsval,4.0,0.1,30,0.1,crossfit_rank_empty_standdown,1.0,4,50,2,2007.2215283764526,0.025665702858266526,0.025665702858266526,0.025665702858266526,0.0,4.317115275442071e-05,-2.037519589406702e-05,0.0,0.5,0.0,reference,-8.289665250534503e-18,0.0,nan,nan,nan,,,nan,nan,nan,nan,nan,nan,nan,nan,0.0,0.13233333333333333,nan,0.0,0,35,nan,0.04408060453400504,0.0,0.0,0.0,0.026896333112382664,0.026896333112382664,0.0,nan,nan,0.5810420273418069,0.5810420273418069
real_digits_aligned,box,6000,0.05,0.0,estimated_residual_lowp_supported,ctmle,estimated,xgboost,xgboost,if_residual,1.0,0.0|0.25|0.5|1.0,aipw_variance,-1.0,1.0,obsval,4.0,0.1,30,0.1,crossfit_rank_empty_standdown,1.0,4,50,3,3012.206734055653,0.053493955686135325,0.053493955686135325,0.053493955686135325,0.0,2.740896316605812e-05,3.6860446521699603e-06,0.0,0.5,0.0,reference,7.105427357601002e-18,-5.551115123125783e-17,nan,nan,nan,,,nan,nan,nan,nan,nan,nan,nan,nan,0.0,0.12716666666666668,nan,0.0,0,40,nan,0.05242463958060288,0.0,0.0,0.0,0.030861042023119956,0.030861042023119956,0.0,nan,nan,0.5667621757325432,0.5667621757325432
real_digits_aligned,box,6000,0.05,0.0,estimated_residual_lowp_supported,ctmle,estimated,xgboost,xgboost,if_residual,1.0,0.0|0.25|0.5|1.0,aipw_variance,-1.0,1.0,obsval,4.0,0.1,30,0.1,crossfit_rank_empty_standdown,1.0,4,50,4,4015.7543126968667,0.02371532671765761,0.02371532671765761,0.02371532671765761,0.0,2.8059185337060352e-05,-1.9333457261874482e-05,0.0,0.5,0.0,reference,7.105427357601002e-18,-2.7755575615628914e-17,nan,nan,nan,,,nan,nan,nan,nan,nan,nan,nan,nan,0.1,0.1245,0.7266666666666667,0.5836680053547524,78,37,0.13,0.049531459170013385,0.017794787590834842,0.017794787590834842,0.0,0.02732144917207273,0.02732144917207273,0.0,0.5985364214718039,0.5985364214718039,0.6314404222292851,0.6314404222292851
real_digits_aligned,box,6000,0.05,0.0,estimated_residual_lowp_supported,ctmle,estimated,xgboost,xgboost,if_residual,1.0,0.0|0.25|0.5|1.0,aipw_variance,-1.0,1.0,obsval,4.0,0.1,30,0.1,crossfit_rank_empty_standdown,1.0,4,50,1,1014.6971598099917,0.06773632942926516,0.06773632942926516,0.06773632942926516,0.0,2.7414411821886616e-05,-3.3478868987230244e-05,0.0,0.5,0.0,reference,1.5987211554602253e-17,0.0,nan,nan,nan,,,nan,nan,nan,nan,nan,nan,nan,nan,0.0,0.13283333333333333,nan,0.0,0,40,nan,0.050188205771643665,0.0,0.0,0.0,0.038305354553823265,0.038305354553823265,0.0,nan,nan,0.6453444951266761,0.6453444951266761
real_digits_aligned,box,6000,0.05,0.0,estimated_residual_lowp_supported,ctmle,estimated,xgboost,xgboost,if_residual,1.0,0.0|0.25|0.5|1.0,aipw_variance,-1.0,1.0,obsval,4.0,0.1,30,0.1,crossfit_rank_empty_standdown,1.0,4,50,2,2016.8429371081293,0.05562156984095337,0.05562156984095337,0.05562156984095337,0.0,1.9584316289915056e-05,-1.2954706467834887e-05,0.0,0.5,0.0,reference,0.0,0.0,nan,nan,nan,,,nan,nan,nan,nan,nan,nan,nan,nan,0.0,0.12916666666666668,nan,0.0,0,31,nan,0.04,0.0,0.0,0.0,0.035203936963305996,0.035203936963305996,0.0,nan,nan,0.629619121701955,0.629619121701955
real_digits_aligned,box,6000,0.05,0.0,estimated_residual_lowp_supported,ctmle,estimated,xgboost,xgboost,if_residual,1.0,0.0|0.25|0.5|1.0,aipw_variance,-1.0,1.0,obsval,4.0,0.1,30,0.1,crossfit_rank_empty_standdown,1.0,4,50,3,3022.805310798809,0.04756792712781688,0.04756792712781688,0.04756792712781688,0.0,3.120410384922843e-05,-1.0187131165050164e-05,0.0,0.5,0.0,reference,0.0,2.7755575615628914e-17,nan,nan,nan,,,nan,nan,nan,nan,nan,nan,nan,nan,0.0,0.13516666666666666,nan,0.0,0,41,nan,0.05055487053020962,0.0,0.0,0.0,0.03713790379245144,0.03713790379245144,0.0,nan,nan,0.6613298197225024,0.6613298197225024
real_digits_aligned,box,6000,0.05,0.0,estimated_residual_lowp_supported,ctmle,estimated,xgboost,xgboost,if_residual,1.0,0.0|0.25|0.5|1.0,aipw_variance,-1.0,1.0,obsval,4.0,0.1,30,0.1,crossfit_rank_empty_standdown,1.0,4,50,4,4031.0188690628856,0.022827522429347963,0.022827522429347963,0.022827522429347963,0.0,2.0879448354885568e-05,-1.9852960777407068e-05,0.0,0.5,0.0,reference,1.1842378929335004e-17,0.0,nan,nan,nan,,,nan,nan,nan,nan,nan,nan,nan,nan,0.0,0.12666666666666668,nan,0.0,0,43,nan,0.056578947368421055,0.0,0.0,0.0,0.027894911326946735,0.027894911326946735,0.0,nan,nan,0.5932652714082106,0.5932652714082106
real_digits_aligned,box,6000,0.05,0.0,estimated_residual_lowp_supported,ctmle,estimated,xgboost,xgboost,if_residual,1.0,0.0|0.25|0.5|1.0,aipw_variance,-1.0,1.0,obsval,4.0,0.1,30,0.1,crossfit_rank_empty_standdown,1.0,4,50,1,1002.7938717054203,0.0181639980939427,0.0181639980939427,0.0181639980939427,0.0,2.545585495665741e-05,-1.760226053932251e-05,0.0,0.5,0.0,reference,7.105427357601002e-18,0.0,nan,nan,nan,,,nan,nan,nan,nan,nan,nan,nan,nan,0.0,0.133,nan,0.0,0,39,nan,0.04887218045112782,0.0,0.0,0.0,0.01566029603175335,0.01566029603175335,0.0,nan,nan,0.5854565185373659,0.5854565185373659
real_digits_aligned,box,6000,0.05,0.0,estimated_residual_lowp_supported,ctmle,estimated,xgboost,xgboost,if_residual,1.0,0.0|0.25|0.5|1.0,aipw_variance,-1.0,1.0,obsval,4.0,0.1,30,0.1,crossfit_rank_empty_standdown,1.0,4,50,2,2012.4133235085756,0.05703911669203407,0.05703911669203407,0.05703911669203407,0.0,2.5871333058666594e-05,-7.80644019998764e-06,0.0,0.5,0.0,reference,5.921189464667502e-18,0.0,nan,nan,nan,,,nan,nan,nan,nan,nan,nan,nan,nan,0.1,0.1235,0.7033333333333334,0.5695006747638327,88,39,0.14666666666666667,0.05263157894736842,0.015178300662330313,0.015178300662330313,0.0,0.027762146682250466,0.027762146682250466,0.0,0.5505122251417801,0.5505122251417801,0.5883575152333909,0.5883575152333909
real_digits_aligned,box,6000,0.05,0.0,estimated_residual_lowp_supported,ctmle,estimated,xgboost,xgboost,if_residual,1.0,0.0|0.25|0.5|1.0,aipw_variance,-1.0,1.0,obsval,4.0,0.1,30,0.1,crossfit_rank_empty_standdown,1.0,4,50,3,3016.1185135366395,0.04282828696497262,0.04282828696497262,0.04282828696497262,0.0,4.030094826096373e-05,1.7651676673057686e-05,0.0,0.5,0.0,reference,-9.473903143468002e-18,2.7755575615628914e-17,nan,nan,nan,,,nan,nan,nan,nan,nan,nan,nan,nan,0.0,0.12766666666666668,nan,0.0,0,32,nan,0.04177545691906005,0.0,0.0,0.0,0.030296885333298974,0.030296885333298974,0.0,nan,nan,0.6233227820301479,0.6233227820301479
real_digits_aligned,box,6000,0.05,0.0,estimated_residual_lowp_supported,ctmle,estimated,xgboost,xgboost,if_residual,1.0,0.0|0.25|0.5|1.0,aipw_variance,-1.0,1.0,obsval,4.0,0.1,30,0.1,crossfit_rank_empty_standdown,1.0,4,50,4,4012.2137031611055,0.055267084281863166,0.055267084281863166,0.055267084281863166,0.0,2.547906347474013e-05,-4.229814655263078e-05,0.0,0.5,0.0,reference,-5.3290705182007515e-18,0.0,nan,nan,nan,,,nan,nan,nan,nan,nan,nan,nan,nan,0.05,0.126,0.7033333333333334,0.2791005291005291,46,43,0.15333333333333332,0.056878306878306875,0.005567653104163451,0.005567653104163451,0.0,0.02251870069130788,0.02251870069130788,0.0,0.5410978704559952,0.5410978704559952,0.5874467559110662,0.5874467559110662
real_digits_aligned,box,6000,0.05,0.0,estimated_residual_lowp_supported,ctmle,estimated,xgboost,xgboost,if_residual,1.0,0.0|0.25|0.5|1.0,aipw_variance,-1.0,1.0,obsval,4.0,0.1,30,0.1,crossfit_rank_empty_standdown,1.0,4,50,1,1008.8836003392935,-0.007512723463416915,-0.007512723463416915,-0.007512723463416915,0.0,2.6104580052091638e-05,-2.362389939543e-05,0.0,0.5,0.0,reference,-6.5133084111342516e-18,5.551115123125783e-17,nan,nan,nan,,,nan,nan,nan,nan,nan,nan,nan,nan,0.1,0.1335,0.7233333333333334,0.5418227215980025,83,57,0.13833333333333334,0.07116104868913857,0.011425525722424728,0.011425525722424728,0.0,0.019273831154631396,0.019273831154631396,0.0,0.509237651900718,0.509237651900718,0.5283150678155162,0.5283150678155162
real_digits_aligned,box,6000,0.05,0.0,estimated_residual_lowp_supported,ctmle,estimated,xgboost,xgboost,if_residual,1.0,0.0|0.25|0.5|1.0,aipw_variance,-1.0,1.0,obsval,4.0,0.1,30,0.1,crossfit_rank_empty_standdown,1.0,4,50,2,2016.8060111720115,0.032988429756340726,0.032988429756340726,0.032988429756340726,0.0,4.3171341797006114e-05,-1.1575115966158385e-05,0.0,0.5,0.0,reference,-5.921189464667502e-18,0.0,nan,nan,nan,,,nan,nan,nan,nan,nan,nan,nan,nan,0.1,0.12516666666666668,0.7133333333333334,0.5699067909454061,75,40,0.125,0.05326231691078562,0.013871981827021818,0.013871981827021818,0.0,0.022769733487351944,0.022769733487351944,0.0,0.6333340851514424,0.6333340851514424,0.6318185175440898,0.6318185175440898
real_digits_aligned,box,6000,0.05,0.0,estimated_residual_lowp_supported,ctmle,estimated,xgboost,xgboost,if_residual,1.0,0.0|0.25|0.5|1.0,aipw_variance,-1.0,1.0,obsval,4.0,0.1,30,0.1,crossfit_rank_empty_standdown,1.0,4,50,3,3033.4031740278006,0.06236832345203311,0.06236832345203311,0.06236832345203311,0.0,2.507312900807768e-05,9.269600625966777e-06,0.0,0.5,0.0,reference,-4.1448326252672514e-18,0.0,nan,nan,nan,,,nan,nan,nan,nan,nan,nan,nan,nan,0.0,0.12766666666666668,nan,0.0,0,50,nan,0.06527415143603134,0.0,0.0,0.0,0.03512000112165976,0.03512000112165976,0.0,nan,nan,0.6237269183229778,0.6237269183229778
real_digits_aligned,box,6000,0.05,0.0,estimated_residual_lowp_supported,ctmle,estimated,xgboost,xgboost,if_residual,1.0,0.0|0.25|0.5|1.0,aipw_variance,-1.0,1.0,obsval,4.0,0.1,30,0.1,crossfit_rank_empty_standdown,1.0,4,50,4,4039.33459287975,0.026787588454438377,0.026787588454438377,0.026787588454438377,0.0,2.3916057781954046e-05,2.1561913915076883e-06,0.0,0.5,0.0,reference,1.5395092608135503e-17,0.0,nan,nan,nan,,,nan,nan,nan,nan,nan,nan,nan,nan,0.075,0.12466666666666666,0.6733333333333333,0.4050802139037433,69,41,0.15333333333333332,0.05481283422459893,0.01211643861209113,0.01211643861209113,0.0,0.027485323296079257,0.027485323296079257,0.0,0.6087552135909514,0.6087552135909514,0.5973375349065068,0.5973375349065068
real_digits_aligned,box,6000,0.05,0.0,estimated_residual_lowp_supported,ctmle,estimated,xgboost,xgboost,if_residual,1.0,0.0|0.25|0.5|1.0,aipw_variance,-1.0,1.0,obsval,4.0,0.1,30,0.1,crossfit_rank_empty_standdown,1.0,4,50,1,1021.5136908208951,0.029564955962631867,0.029564955962631867,0.029564955962631867,0.0,2.4432551770282797e-05,-1.1914737741587351e-05,0.0,0.5,0.0,reference,1.0658141036401503e-17,0.0,nan,nan,nan,,,nan,nan,nan,nan,nan,nan,nan,nan,0.1,0.11833333333333333,0.7016666666666667,0.5929577464788732,85,36,0.14166666666666666,0.05070422535211268,0.021375976088322153,0.021375976088322153,0.0,0.031171768441579692,0.031171768441579692,0.0,0.6060528961750036,0.6060528961750036,0.6237408428185194,0.6237408428185194
real_digits_aligned,box,6000,0.05,0.0,estimated_residual_lowp_supported,ctmle,estimated,xgboost,xgboost,if_residual,1.0,0.0|0.25|0.5|1.0,aipw_variance,-1.0,1.0,obsval,4.0,0.1,30,0.1,crossfit_rank_empty_standdown,1.0,4,50,2,2033.8132242327556,0.036243083220356714,0.036243083220356714,0.036243083220356714,0.0,1.3252216678737508e-05,-1.997320276362453e-06,0.0,0.5,0.0,reference,-1.0658141036401503e-17,-5.551115123125783e-17,nan,nan,nan,,,nan,nan,nan,nan,nan,nan,nan,nan,0.0,0.12583333333333332,nan,0.0,0,25,nan,0.033112582781456956,0.0,0.0,0.0,0.03574975189026156,0.03574975189026156,0.0,nan,nan,0.644328103001577,0.644328103001577
real_digits_aligned,box,6000,0.05,0.0,estimated_residual_lowp_supported,ctmle,estimated,xgboost,xgboost,if_residual,1.0,0.0|0.25|0.5|1.0,aipw_variance,-1.0,1.0,obsval,4.0,0.1,30,0.1,crossfit_rank_empty_standdown,1.0,4,50,3,3035.2619702834636,0.025275267390992534,0.025275267390992534,0.025275267390992534,0.0,4.138687461455897e-05,-2.245072296580325e-05,0.0,0.5,0.0,reference,-2.3684757858670005e-18,0.0,nan,nan,nan,,,nan,nan,nan,nan,nan,nan,nan,nan,0.0,0.13016666666666668,nan,0.0,0,33,nan,0.04225352112676056,0.0,0.0,0.0,0.024137061033597813,0.024137061033597813,0.0,nan,nan,0.6372461276782759,0.6372461276782759
real_digits_aligned,box,6000,0.05,0.0,estimated_residual_lowp_supported,ctmle,estimated,xgboost,xgboost,if_residual,1.0,0.0|0.25|0.5|1.0,aipw_variance,-1.0,1.0,obsval,4.0,0.1,30,0.1,crossfit_rank_empty_standdown,1.0,4,50,4,4045.9227180136368,0.015135911030959265,0.015135911030959265,0.015135911030959265,0.0,2.7703152735043487e-05,-2.5239594438827243e-05,0.0,0.5,0.0,reference,-1.3618735768735253e-17,0.0,nan,nan,nan,,,nan,nan,nan,nan,nan,nan,nan,nan,0.075,0.12966666666666668,0.7333333333333333,0.4241645244215938,50,40,0.1111111111111111,0.05141388174807198,0.0068867601422988615,0.0068867601422988615,0.0,0.020216640364863547,0.020216640364863547,0.0,0.5157452944656525,0.5157452944656525,0.6024377932645836,0.6024377932645836
real_digits_aligned,box,6000,0.05,1.0,estimated_residual_lowp_supported,ctmle,estimated,xgboost,xgboost,if_residual,1.0,0.0|0.25|0.5|1.0,aipw_variance,-1.0,1.0,obsval,4.0,0.1,30,0.1,crossfit_rank_empty_standdown,1.0,4,50,1,1008.5299378996715,-0.05355966710141502,-0.05355966710141502,-0.05355966710141502,0.0,2.277317385504041e-05,-1.7823723190138994e-05,0.0,0.5,0.0,reference,1.1842378929335003e-18,0.0,nan,nan,nan,,,nan,nan,nan,nan,nan,nan,nan,nan,0.0,0.12083333333333333,nan,0.0,0,29,nan,0.04,0.0,0.0,0.0,-0.06474060410516469,-0.06474060410516469,0.0,nan,nan,0.8485184823131547,0.8485184823131547
real_digits_aligned,box,6000,0.05,1.0,estimated_residual_lowp_supported,ctmle,estimated,xgboost,xgboost,if_residual,1.0,0.0|0.25|0.5|1.0,aipw_variance,-1.0,1.0,obsval,4.0,0.1,30,0.1,crossfit_rank_empty_standdown,1.0,4,50,2,2016.6059445366263,-0.033101151637101756,-0.033101151637101756,-0.033101151637101756,0.0,3.430500730255482e-05,-3.16445330581394e-05,0.0,0.5,0.0,reference,2.3684757858670005e-18,0.0,nan,nan,nan,,,nan,nan,nan,nan,nan,nan,nan,nan,0.05,0.1265,0.74,0.2924901185770751,40,45,0.13333333333333333,0.05928853754940711,-0.01134308171909935,-0.01134308171909935,0.0,-0.0588433622477821,-0.0588433622477821,0.0,0.6687534916724817,0.6687534916724817,0.7551777144428222,0.7551777144428222
real_digits_aligned,box,6000,0.05,1.0,estimated_residual_lowp_supported,ctmle,estimated,xgboost,xgboost,if_residual,1.0,0.0|0.25|0.5|1.0,aipw_variance,-1.0,1.0,obsval,4.0,0.1,30,0.1,crossfit_rank_empty_standdown,1.0,4,50,3,3026.5042192963883,-0.049846374341435906,-0.049846374341435906,-0.049846374341435906,0.0,2.690542281398112e-05,-3.207057908244523e-05,0.0,0.5,0.0,reference,7.105427357601002e-18,5.551115123125783e-17,nan,nan,nan,,,nan,nan,nan,nan,nan,nan,nan,nan,0.05,0.122,0.6866666666666666,0.2814207650273224,50,45,0.16666666666666666,0.06147540983606557,-0.018772822491385444,-0.018772822491385444,0.0,-0.06621718315312916,-0.06621718315312916,0.0,0.7001900858012914,0.7001900858012914,0.8092375382768296,0.8092375382768296
real_digits_aligned,box,6000,0.05,1.0,estimated_residual_lowp_supported,ctmle,estimated,xgboost,xgboost,if_residual,1.0,0.0|0.25|0.5|1.0,aipw_variance,-1.0,1.0,obsval,4.0,0.1,30,0.1,crossfit_rank_empty_standdown,1.0,4,50,4,4033.1422548294067,-0.0282134022498971,-0.0282134022498971,-0.0282134022498971,0.0,3.195595438482872e-05,1.5218155551702706e-05,0.0,0.5,0.0,reference,4.1448326252672514e-18,-1.1102230246251565e-16,nan,nan,nan,,,nan,nan,nan,nan,nan,nan,nan,nan,0.0,0.12533333333333332,nan,0.0,0,46,nan,0.061170212765957445,0.0,0.0,0.0,-0.07037276269022626,-0.07037276269022626,0.0,nan,nan,0.8983391299279835,0.8983391299279835
real_digits_aligned,box,6000,0.05,1.0,estimated_residual_lowp_supported,ctmle,estimated,xgboost,xgboost,if_residual,1.0,0.0|0.25|0.5|1.0,aipw_variance,-1.0,1.0,obsval,4.0,0.1,30,0.1,crossfit_rank_empty_standdown,1.0,4,50,1,1011.7674323674291,-0.05174369077993274,-0.05174369077993274,-0.05174369077993274,0.0,2.3507000794222954e-05,-2.0096905056467317e-05,0.0,0.5,0.0,reference,5.3290705182007515e-18,0.0,nan,nan,nan,,,nan,nan,nan,nan,nan,nan,nan,nan,0.05,0.11683333333333333,0.73,0.3124108416547789,34,29,0.11333333333333333,0.04136947218259629,-0.016055954098330584,-0.016055954098330584,0.0,-0.06318163206246734,-0.06318163206246734,0.0,0.8049796179741667,0.8049796179741667,0.8819777678523861,0.8819777678523861
real_digits_aligned,box,6000,0.05,1.0,estimated_residual_lowp_supported,ctmle,estimated,xgboost,xgboost,if_residual,1.0,0.0|0.25|0.5|1.0,aipw_variance,-1.0,1.0,obsval,4.0,0.1,30,0.1,crossfit_rank_empty_standdown,1.0,4,50,2,2025.636091383174,-0.06102981785493916,-0.06102981785493916,-0.06102981785493916,0.0,2.937952314671687e-05,-1.0121968686930183e-05,0.0,0.5,0.0,reference,-1.0658141036401503e-17,0.0,nan,nan,nan,,,nan,nan,nan,nan,nan,nan,nan,nan,0.0,0.137,nan,0.0,0,42,nan,0.051094890510948905,0.0,0.0,0.0,-0.07497604901663871,-0.07497604901663871,0.0,nan,nan,0.8355333295830242,0.8355333295830242
real_digits_aligned,box,6000,0.05,1.0,estimated_residual_lowp_supported,ctmle,estimated,xgboost,xgboost,if_residual,1.0,0.0|0.25|0.5|1.0,aipw_variance,-1.0,1.0,obsval,4.0,0.1,30,0.1,crossfit_rank_empty_standdown,1.0,4,50,3,3033.0547780478373,-0.05726754347247015,-0.05726754347247015,-0.05726754347247015,0.0,2.4663363938025405e-05,-2.3147863287371114e-05,0.0,0.5,0.0,reference,-5.3290705182007515e-18,0.0,nan,nan,nan,,,nan,nan,nan,nan,nan,nan,nan,nan,0.1,0.127,0.6616666666666666,0.520997375328084,107,42,0.17833333333333334,0.05511811023622047,-0.026699246666396025,-0.026699246666396025,0.0,-0.06415471978603081,-0.06415471978603081,0.0,0.7235342698718344,0.7235342698718344,0.8306631721331441,0.8306631721331441
real_digits_aligned,box,6000,0.05,1.0,estimated_residual_lowp_supported,ctmle,estimated,xgboost,xgboost,if_residual,1.0,0.0|0.25|0.5|1.0,aipw_variance,-1.0,1.0,obsval,4.0,0.1,30,0.1,crossfit_rank_empty_standdown,1.0,4,50,4,4025.5070518236607,-0.045956179933249464,-0.045956179933249464,-0.045956179933249464,0.0,3.5769492812546904e-05,4.2481384851949275e-06,0.0,0.5,0.0,reference,2.3684757858670005e-18,0.0,nan,nan,nan,,,nan,nan,nan,nan,nan,nan,nan,nan,0.1,0.12816666666666668,0.75,0.5851755526657998,66,32,0.11,0.04161248374512354,-0.036729526643396716,-0.036729526643396716,0.0,-0.06670098647187736,-0.06670098647187736,0.0,0.7472040627112736,0.7472040627112736,0.809114555507793,0.809114555507793
real_digits_aligned,box,6000,0.05,1.0,estimated_residual_lowp_supported,ctmle,estimated,xgboost,xgboost,if_residual,1.0,0.0|0.25|0.5|1.0,aipw_variance,-1.0,1.0,obsval,4.0,0.1,30,0.1,crossfit_rank_empty_standdown,1.0,4,50,1,1011.3510824134573,-0.03734741632536559,-0.03734741632536559,-0.03734741632536559,0.0,3.055293007944585e-05,-1.4000218314699667e-05,0.0,0.5,0.0,reference,3.552713678800501e-18,0.0,nan,nan,nan,,,nan,nan,nan,nan,nan,nan,nan,nan,0.05,0.13066666666666665,0.78,0.29846938775510207,33,36,0.11,0.04591836734693878,-0.01830028446505565,-0.01830028446505565,0.0,-0.06230602463180933,-0.06230602463180933,0.0,0.7178898141864216,0.7178898141864216,0.7816720030477593,0.7816720030477593
real_digits_aligned,box,6000,0.05,1.0,estimated_residual_lowp_supported,ctmle,estimated,xgboost,xgboost,if_residual,1.0,0.0|0.25|0.5|1.0,aipw_variance,-1.0,1.0,obsval,4.0,0.1,30,0.1,crossfit_rank_empty_standdown,1.0,4,50,2,2028.4092788221315,-0.049972167105710286,-0.049972167105710286,-0.049972167105710286,0.0,2.6995672161930426e-05,-2.341362508559658e-05,0.0,0.5,0.0,reference,2.3684757858670005e-18,0.0,nan,nan,nan,,,nan,nan,nan,nan,nan,nan,nan,nan,0.0,0.12266666666666666,nan,0.0,0,52,nan,0.07065217391304347,0.0,0.0,0.0,-0.062308842665331585,-0.062308842665331585,0.0,nan,nan,0.8011449450170227,0.8011449450170227
real_digits_aligned,box,6000,0.05,1.0,estimated_residual_lowp_supported,ctmle,estimated,xgboost,xgboost,if_residual,1.0,0.0|0.25|0.5|1.0,aipw_variance,-1.0,1.0,obsval,4.0,0.1,30,0.1,crossfit_rank_empty_standdown,1.0,4,50,3,3028.8255747817457,-0.013681480839053961,-0.013681480839053961,-0.013681480839053961,0.0,2.334029548487469e-05,-3.175825413714238e-05,0.0,0.5,0.0,reference,-4.736951571734001e-18,0.0,nan,nan,nan,,,nan,nan,nan,nan,nan,nan,nan,nan,0.1,0.12433333333333334,0.695,0.5589812332439679,91,43,0.15166666666666667,0.057640750670241284,-0.024443807819432065,-0.024443807819432065,0.0,-0.05335654400252618,-0.05335654400252618,0.0,0.6572978885403218,0.6572978885403218,0.7346790061605876,0.7346790061605876
real_digits_aligned,box,6000,0.05,1.0,estimated_residual_lowp_supported,ctmle,estimated,xgboost,xgboost,if_residual,1.0,0.0|0.25|0.5|1.0,aipw_variance,-1.0,1.0,obsval,4.0,0.1,30,0.1,crossfit_rank_empty_standdown,1.0,4,50,4,4023.965272977948,-0.09406561428621335,-0.09406561428621335,-0.09406561428621335,0.0,3.642678284823859e-05,-4.975359393578834e-05,0.0,0.5,0.0,reference,-2.3684757858670005e-18,5.551115123125783e-17,nan,nan,nan,,,nan,nan,nan,nan,nan,nan,nan,nan,0.0,0.128,nan,0.0,0,32,nan,0.041666666666666664,0.0,0.0,0.0,-0.08358986559069968,-0.08358986559069968,0.0,nan,nan,0.9382115861799788,0.9382115861799788
real_digits_aligned,box,6000,0.05,1.0,estimated_residual_lowp_supported,ctmle,estimated,xgboost,xgboost,if_residual,1.0,0.0|0.25|0.5|1.0,aipw_variance,-1.0,1.0,obsval,4.0,0.1,30,0.1,crossfit_rank_empty_standdown,1.0,4,50,1,998.8960366528481,-0.02573617511240678,-0.02573617511240678,-0.02573617511240678,0.0,3.0273675819255633e-05,-2.8459305941018714e-05,0.0,0.5,0.0,reference,-2.3684757858670005e-18,0.0,nan,nan,nan,,,nan,nan,nan,nan,nan,nan,nan,nan,0.1,0.13083333333333333,0.75,0.5732484076433121,64,38,0.10666666666666667,0.048407643312101914,-0.0302597550522301,-0.0302597550522301,0.0,-0.062243692480817805,-0.062243692480817805,0.0,0.7292878369029065,0.7292878369029065,0.7851023298800478,0.7851023298800478
real_digits_aligned,box,6000,0.05,1.0,estimated_residual_lowp_supported,ctmle,estimated,xgboost,xgboost,if_residual,1.0,0.0|0.25|0.5|1.0,aipw_variance,-1.0,1.0,obsval,4.0,0.1,30,0.1,crossfit_rank_empty_standdown,1.0,4,50,2,2005.7661688029766,-0.07069295426583111,-0.07069295426583111,-0.07069295426583111,0.0,2.7911720502724253e-05,-2.556386710530161e-05,0.0,0.5,0.0,reference,8.289665250534503e-18,-5.551115123125783e-17,nan,nan,nan,,,nan,nan,nan,nan,nan,nan,nan,nan,0.05,0.134,0.7833333333333333,0.2922885572139303,37,49,0.12333333333333334,0.060945273631840796,-0.015701365103772253,-0.015701365103772253,0.0,-0.07488156615085984,-0.07488156615085984,0.0,0.6884570776090616,0.6884570776090616,0.8607698935568086,0.8607698935568086
real_digits_aligned,box,6000,0.05,1.0,estimated_residual_lowp_supported,ctmle,estimated,xgboost,xgboost,if_residual,1.0,0.0|0.25|0.5|1.0,aipw_variance,-1.0,1.0,obsval,4.0,0.1,30,0.1,crossfit_rank_empty_standdown,1.0,4,50,3,3025.004249639809,0.0019018499331751038,0.0019018499331751038,0.0019018499331751038,0.0,2.788580973407803e-05,-8.51364858819989e-06,0.0,0.5,0.0,reference,1.5987211554602253e-17,-5.551115123125783e-17,nan,nan,nan,,,nan,nan,nan,nan,nan,nan,nan,nan,0.075,0.12583333333333332,0.6577777777777778,0.3920529801324503,92,53,0.20444444444444446,0.07019867549668875,-0.014412350922880459,-0.014412350922880459,0.0,-0.04722156133436885,-0.04722156133436885,0.0,0.6544593432978256,0.6544593432978256,0.7220674773326399,0.7220674773326399
real_digits_aligned,box,6000,0.05,1.0,estimated_residual_lowp_supported,ctmle,estimated,xgboost,xgboost,if_residual,1.0,0.0|0.25|0.5|1.0,aipw_variance,-1.0,1.0,obsval,4.0,0.1,30,0.1,crossfit_rank_empty_standdown,1.0,4,50,4,4034.148975077085,-0.0347438639016896,-0.0347438639016896,-0.0347438639016896,0.0,2.61748495526368e-05,-1.948635391789725e-05,0.0,0.5,0.0,reference,-1.3914795241968628e-17,5.551115123125783e-17,nan,nan,nan,,,nan,nan,nan,nan,nan,nan,nan,nan,0.1,0.12283333333333334,0.6916666666666667,0.5630936227951153,83,40,0.13833333333333334,0.054274084124830396,-0.03447456272391367,-0.03447456272391367,0.0,-0.06519462821345265,-0.06519462821345265,0.0,0.7027995421862812,0.7027995421862812,0.7938853263456536,0.7938853263456536
real_digits_aligned,box,6000,0.05,1.0,estimated_residual_lowp_supported,ctmle,estimated,xgboost,xgboost,if_residual,1.0,0.0|0.25|0.5|1.0,aipw_variance,-1.0,1.0,obsval,4.0,0.1,30,0.1,crossfit_rank_empty_standdown,1.0,4,50,1,1005.9257625602186,-0.10378674029870888,-0.10378674029870888,-0.10378674029870888,0.0,2.6863753704796834e-05,-1.6301570491992384e-05,0.0,0.5,0.0,reference,5.921189464667502e-18,-2.7755575615628914e-17,nan,nan,nan,,,nan,nan,nan,nan,nan,nan,nan,nan,0.1,0.12783333333333333,0.71,0.5554106910039114,80,46,0.13333333333333333,0.05997392438070404,-0.037489767425585074,-0.037489767425585074,0.0,-0.07217819680532475,-0.07217819680532475,0.0,0.7196817796818954,0.7196817796818954,0.8197217369556312,0.8197217369556312
real_digits_aligned,box,6000,0.05,1.0,estimated_residual_lowp_supported,ctmle,estimated,xgboost,xgboost,if_residual,1.0,0.0|0.25|0.5|1.0,aipw_variance,-1.0,1.0,obsval,4.0,0.1,30,0.1,crossfit_rank_empty_standdown,1.0,4,50,2,2003.3175639370456,-0.05259448512998405,-0.05259448512998405,-0.05259448512998405,0.0,5.094421429435215e-05,-3.0687502673615785e-05,0.0,0.5,0.0,reference,-1.1842378929335004e-17,0.0,nan,nan,nan,,,nan,nan,nan,nan,nan,nan,nan,nan,0.0,0.133,nan,0.0,0,30,nan,0.03759398496240601,0.0,0.0,0.0,-0.07091168748276487,-0.07091168748276487,0.0,nan,nan,0.816598730504115,0.816598730504115
real_digits_aligned,box,6000,0.05,1.0,estimated_residual_lowp_supported,ctmle,estimated,xgboost,xgboost,if_residual,1.0,0.0|0.25|0.5|1.0,aipw_variance,-1.0,1.0,obsval,4.0,0.1,30,0.1,crossfit_rank_empty_standdown,1.0,4,50,3,3009.7035267483443,-0.08687167538497581,-0.08687167538497581,-0.08687167538497581,0.0,3.164618182499926e-05,-4.5174008282623974e-06,0.0,0.5,0.0,reference,-7.105427357601002e-18,2.7755575615628914e-17,nan,nan,nan,,,nan,nan,nan,nan,nan,nan,nan,nan,0.0,0.12666666666666668,nan,0.0,0,29,nan,0.038157894736842106,0.0,0.0,0.0,-0.08201405395035603,-0.08201405395035603,0.0,nan,nan,0.8854072206753112,0.8854072206753112
real_digits_aligned,box,6000,0.05,1.0,estimated_residual_lowp_supported,ctmle,estimated,xgboost,xgboost,if_residual,1.0,0.0|0.25|0.5|1.0,aipw_variance,-1.0,1.0,obsval,4.0,0.1,30,0.1,crossfit_rank_empty_standdown,1.0,4,50,4,4010.5700261387974,-0.0662007247453007,-0.0662007247453007,-0.0662007247453007,0.0,3.2907889814577694e-05,-3.791298522574189e-05,0.0,0.5,0.0,reference,-3.552713678800501e-18,0.0,nan,nan,nan,,,nan,nan,nan,nan,nan,nan,nan,nan,0.05,0.12916666666666668,0.7233333333333334,0.28,52,42,0.17333333333333334,0.05419354838709677,-0.01622363081357202,-0.01622363081357202,0.0,-0.06996031392847453,-0.06996031392847453,0.0,0.7659311431360529,0.7659311431360529,0.829275133283592,0.829275133283592
real_digits_aligned,box,6000,0.05,1.0,estimated_residual_lowp_supported,ctmle,estimated,xgboost,xgboost,if_residual,1.0,0.0|0.25|0.5|1.0,aipw_variance,-1.0,1.0,obsval,4.0,0.1,30,0.1,crossfit_rank_empty_standdown,1.0,4,50,1,1015.7200334994122,-0.08031875387500417,-0.08031875387500417,-0.08031875387500417,0.0,2.0719317512518437e-05,-1.2925681908311992e-05,0.0,0.5,0.0,reference,9.473903143468002e-18,0.0,nan,nan,nan,,,nan,nan,nan,nan,nan,nan,nan,nan,0.05,0.1185,0.6266666666666667,0.26441631504922647,57,42,0.19,0.05907172995780591,-0.018998542483495834,-0.018998542483495834,0.0,-0.07285903019036859,-0.07285903019036859,0.0,0.7595250961150465,0.7595250961150465,0.899733194009219,0.899733194009219
real_digits_aligned,box,6000,0.05,1.0,estimated_residual_lowp_supported,ctmle,estimated,xgboost,xgboost,if_residual,1.0,0.0|0.25|0.5|1.0,aipw_variance,-1.0,1.0,obsval,4.0,0.1,30,0.1,crossfit_rank_empty_standdown,1.0,4,50,2,2018.9181948695332,-0.025175502387005944,-0.025175502387005944,-0.025175502387005944,0.0,3.5313829958958905e-05,-1.9170659244354196e-05,0.0,0.5,0.0,reference,4.1448326252672514e-18,0.0,nan,nan,nan,,,nan,nan,nan,nan,nan,nan,nan,nan,0.075,0.13016666666666668,0.7288888888888889,0.4199743918053777,60,45,0.13333333333333333,0.05761843790012804,-0.016422987682555377,-0.016422987682555377,0.0,-0.055136184838428144,-0.055136184838428144,0.0,0.6698206211212026,0.6698206211212026,0.7480070221464382,0.7480070221464382
real_digits_aligned,box,6000,0.05,1.0,estimated_residual_lowp_supported,ctmle,estimated,xgboost,xgboost,if_residual,1.0,0.0|0.25|0.5|1.0,aipw_variance,-1.0,1.0,obsval,4.0,0.1,30,0.1,crossfit_rank_empty_standdown,1.0,4,50,3,3024.578745974228,-0.054331705245727946,-0.054331705245727946,-0.054331705245727946,0.0,2.1091939155311562e-05,-4.6463895782580225e-05,0.0,0.5,0.0,reference,-1.8947806286936004e-17,0.0,nan,nan,nan,,,nan,nan,nan,nan,nan,nan,nan,nan,0.0,0.12933333333333333,nan,0.0,0,50,nan,0.06443298969072164,0.0,0.0,0.0,-0.06890685995807204,-0.06890685995807204,0.0,nan,nan,0.8560540111646548,0.8560540111646548
real_digits_aligned,box,6000,0.05,1.0,estimated_residual_lowp_supported,ctmle,estimated,xgboost,xgboost,if_residual,1.0,0.0|0.25|0.5|1.0,aipw_variance,-1.0,1.0,obsval,4.0,0.1,30,0.1,crossfit_rank_empty_standdown,1.0,4,50,4,4027.761171701364,-0.08213522667758019,-0.08213522667758019,-0.08213522667758019,0.0,2.159937599693928e-05,-5.0540408369250105e-05,0.0,0.5,0.0,reference,1.5395092608135503e-17,0.0,nan,nan,nan,,,nan,nan,nan,nan,nan,nan,nan,nan,0.0,0.13166666666666665,nan,0.0,0,46,nan,0.05822784810126582,0.0,0.0,0.0,-0.07317335926589605,-0.07317335926589605,0.0,nan,nan,0.7948653847083773,0.7948653847083773
real_digits_aligned,box,6000,0.05,1.0,estimated_residual_lowp_supported,ctmle,estimated,xgboost,xgboost,if_residual,1.0,0.0|0.25|0.5|1.0,aipw_variance,-1.0,1.0,obsval,4.0,0.1,30,0.1,crossfit_rank_empty_standdown,1.0,4,50,1,1000.8440093360841,-0.050982913303748156,-0.050982913303748156,-0.050982913303748156,0.0,3.460386690670074e-05,-1.1188089399282927e-05,0.0,0.5,0.0,reference,-5.921189464667501e-19,0.0,nan,nan,nan,,,nan,nan,nan,nan,nan,nan,nan,nan,0.1,0.13183333333333333,0.6966666666666667,0.5284450063211125,86,42,0.14333333333333334,0.05309734513274336,-0.027914290901396143,-0.027914290901396143,0.0,-0.062227741454576935,-0.062227741454576935,0.0,0.6383720285537078,0.6383720285537078,0.7386069175011236,0.7386069175011236
real_digits_aligned,box,6000,0.05,1.0,estimated_residual_lowp_supported,ctmle,estimated,xgboost,xgboost,if_residual,1.0,0.0|0.25|0.5|1.0,aipw_variance,-1.0,1.0,obsval,4.0,0.1,30,0.1,crossfit_rank_empty_standdown,1.0,4,50,2,1998.1493293549865,-0.06614719690018067,-0.06614719690018067,-0.06614719690018067,0.0,3.065811648388344e-05,-2.2151466484931343e-05,0.0,0.5,0.0,reference,-7.697546304067752e-18,5.551115123125783e-17,nan,nan,nan,,,nan,nan,nan,nan,nan,nan,nan,nan,0.05,0.13366666666666666,0.7533333333333333,0.2817955112219451,36,42,0.12,0.05236907730673317,-0.01737139819675028,-0.01737139819675028,0.0,-0.07424006256270083,-0.07424006256270083,0.0,0.7356053506750379,0.7356053506750379,0.8138502400409766,0.8138502400409766
real_digits_aligned,box,6000,0.05,1.0,estimated_residual_lowp_supported,ctmle,estimated,xgboost,xgboost,if_residual,1.0,0.0|0.25|0.5|1.0,aipw_variance,-1.0,1.0,obsval,4.0,0.1,30,0.1,crossfit_rank_empty_standdown,1.0,4,50,3,3012.0135038588196,-0.04266826100797949,-0.04266826100797949,-0.04266826100797949,0.0,2.5185391101012846e-05,3.450381864787515e-06,0.0,0.5,0.0,reference,-4.736951571734001e-18,5.551115123125783e-17,nan,nan,nan,,,nan,nan,nan,nan,nan,nan,nan,nan,0.0,0.12466666666666666,nan,0.0,0,41,nan,0.05481283422459893,0.0,0.0,0.0,-0.061366654081931926,-0.061366654081931926,0.0,nan,nan,0.785376426785111,0.785376426785111
real_digits_aligned,box,6000,0.05,1.0,estimated_residual_lowp_supported,ctmle,estimated,xgboost,xgboost,if_residual,1.0,0.0|0.25|0.5|1.0,aipw_variance,-1.0,1.0,obsval,4.0,0.1,30,0.1,crossfit_rank_empty_standdown,1.0,4,50,4,4010.2881083171815,-0.049705690717593454,-0.049705690717593454,-0.049705690717593454,0.0,3.0181758925609857e-05,-1.1868137371397734e-05,0.0,0.5,0.0,reference,-1.1842378929335003e-18,0.0,nan,nan,nan,,,nan,nan,nan,nan,nan,nan,nan,nan,0.1,0.128,0.6783333333333333,0.5299479166666666,82,48,0.13666666666666666,0.0625,-0.031708357813557776,-0.031708357813557776,0.0,-0.06798232298402193,-0.06798232298402193,0.0,0.7007802001467701,0.7007802001467701,0.8056495929996066,0.8056495929996066
real_digits_aligned,box,6000,0.05,1.0,estimated_residual_lowp_supported,ctmle,estimated,xgboost,xgboost,if_residual,1.0,0.0|0.25|0.5|1.0,aipw_variance,-1.0,1.0,obsval,4.0,0.1,30,0.1,crossfit_rank_empty_standdown,1.0,4,50,1,1004.7140988828614,-0.08266932582533582,-0.08266932582533582,-0.08266932582533582,0.0,2.291956843847537e-05,-1.4364566613065224e-05,0.0,0.5,0.0,reference,-4.736951571734001e-18,2.7755575615628914e-17,nan,nan,nan,,,nan,nan,nan,nan,nan,nan,nan,nan,0.0,0.12566666666666668,nan,0.0,0,33,nan,0.04376657824933687,0.0,0.0,0.0,-0.07010933225023792,-0.07010933225023792,0.0,nan,nan,0.8409359029596142,0.8409359029596142
real_digits_aligned,box,6000,0.05,1.0,estimated_residual_lowp_supported,ctmle,estimated,xgboost,xgboost,if_residual,1.0,0.0|0.25|0.5|1.0,aipw_variance,-1.0,1.0,obsval,4.0,0.1,30,0.1,crossfit_rank_empty_standdown,1.0,4,50,2,2008.9484138395637,-0.02328912922248849,-0.02328912922248849,-0.02328912922248849,0.0,2.3564656790804692e-05,-1.644135406431445e-05,0.0,0.5,0.0,reference,3.552713678800501e-18,0.0,nan,nan,nan,,,nan,nan,nan,nan,nan,nan,nan,nan,0.0,0.12316666666666666,nan,0.0,0,40,nan,0.05412719891745602,0.0,0.0,0.0,-0.04093728861470752,-0.04093728861470752,0.0,nan,nan,0.6619421462947703,0.6619421462947703
real_digits_aligned,box,6000,0.05,1.0,estimated_residual_lowp_supported,ctmle,estimated,xgboost,xgboost,if_residual,1.0,0.0|0.25|0.5|1.0,aipw_variance,-1.0,1.0,obsval,4.0,0.1,30,0.1,crossfit_rank_empty_standdown,1.0,4,50,3,3009.5574713246897,-0.036030308629251995,-0.036030308629251995,-0.036030308629251995,0.0,4.239593747738053e-05,-3.0457469970394154e-05,0.0,0.5,0.0,reference,5.921189464667502e-18,0.0,nan,nan,nan,,,nan,nan,nan,nan,nan,nan,nan,nan,0.1,0.13333333333333333,0.745,0.55875,74,36,0.12333333333333334,0.045,-0.03258851229360294,-0.03258851229360294,0.0,-0.06511201170749754,-0.06511201170749754,0.0,0.6642479534739695,0.6642479534739695,0.7271299260950966,0.7271299260950966
real_digits_aligned,box,6000,0.05,1.0,estimated_residual_lowp_supported,ctmle,estimated,xgboost,xgboost,if_residual,1.0,0.0|0.25|0.5|1.0,aipw_variance,-1.0,1.0,obsval,4.0,0.1,30,0.1,crossfit_rank_empty_standdown,1.0,4,50,4,4008.5463936440647,-0.08630872276909571,-0.08630872276909571,-0.08630872276909571,0.0,3.373732666737267e-05,1.0942724145794169e-05,0.0,0.5,0.0,reference,1.4210854715202004e-17,-5.551115123125783e-17,nan,nan,nan,,,nan,nan,nan,nan,nan,nan,nan,nan,0.0,0.12833333333333333,nan,0.0,0,30,nan,0.03896103896103896,0.0,0.0,0.0,-0.07482776117560279,-0.07482776117560279,0.0,nan,nan,0.8242349689308905,0.8242349689308905
real_digits_aligned,box,6000,0.05,1.0,estimated_residual_lowp_supported,ctmle,estimated,xgboost,xgboost,if_residual,1.0,0.0|0.25|0.5|1.0,aipw_variance,-1.0,1.0,obsval,4.0,0.1,30,0.1,crossfit_rank_empty_standdown,1.0,4,50,1,1000.3003146406263,-0.04367996857638767,-0.04367996857638767,-0.04367996857638767,0.0,3.413069034927693e-05,-3.1053444769679923e-05,0.0,0.5,0.0,reference,1.1842378929335003e-18,0.0,nan,nan,nan,,,nan,nan,nan,nan,nan,nan,nan,nan,0.0,0.134,nan,0.0,0,42,nan,0.05223880597014925,0.0,0.0,0.0,-0.06735707484660149,-0.06735707484660149,0.0,nan,nan,0.7845208797572918,0.7845208797572918
real_digits_aligned,box,6000,0.05,1.0,estimated_residual_lowp_supported,ctmle,estimated,xgboost,xgboost,if_residual,1.0,0.0|0.25|0.5|1.0,aipw_variance,-1.0,1.0,obsval,4.0,0.1,30,0.1,crossfit_rank_empty_standdown,1.0,4,50,2,2004.6043536867946,-0.05879982625022573,-0.05879982625022573,-0.05879982625022573,0.0,2.4806859968029018e-05,2.8324686251112938e-06,0.0,0.5,0.0,reference,-8.289665250534503e-18,0.0,nan,nan,nan,,,nan,nan,nan,nan,nan,nan,nan,nan,0.0,0.13166666666666665,nan,0.0,0,40,nan,0.05063291139240506,0.0,0.0,0.0,-0.08081432855840917,-0.08081432855840917,0.0,nan,nan,0.8698167815641282,0.8698167815641282
real_digits_aligned,box,6000,0.05,1.0,estimated_residual_lowp_supported,ctmle,estimated,xgboost,xgboost,if_residual,1.0,0.0|0.25|0.5|1.0,aipw_variance,-1.0,1.0,obsval,4.0,0.1,30,0.1,crossfit_rank_empty_standdown,1.0,4,50,3,3013.4410602347925,-0.03825641582454975,-0.03825641582454975,-0.03825641582454975,0.0,3.0568495103248786e-05,3.5392250243527156e-06,0.0,0.5,0.0,reference,-6.5133084111342516e-18,5.551115123125783e-17,nan,nan,nan,,,nan,nan,nan,nan,nan,nan,nan,nan,0.0,0.12066666666666667,nan,0.0,0,46,nan,0.06353591160220995,0.0,0.0,0.0,-0.05892854814184435,-0.05892854814184435,0.0,nan,nan,0.802248920783501,0.802248920783501
real_digits_aligned,box,6000,0.05,1.0,estimated_residual_lowp_supported,ctmle,estimated,xgboost,xgboost,if_residual,1.0,0.0|0.25|0.5|1.0,aipw_variance,-1.0,1.0,obsval,4.0,0.1,30,0.1,crossfit_rank_empty_standdown,1.0,4,50,4,4022.311066874303,-0.037440920707883685,-0.037440920707883685,-0.037440920707883685,0.0,3.337257574435718e-05,1.7140601693370057e-06,0.0,0.5,0.0,reference,-9.473903143468002e-18,0.0,nan,nan,nan,,,nan,nan,nan,nan,nan,nan,nan,nan,0.0,0.1225,nan,0.0,0,37,nan,0.050340136054421766,0.0,0.0,0.0,-0.06910520499422408,-0.06910520499422408,0.0,nan,nan,0.8392376877083101,0.8392376877083101
real_digits_aligned,box,6000,0.05,1.0,estimated_residual_lowp_supported,ctmle,estimated,xgboost,xgboost,if_residual,1.0,0.0|0.25|0.5|1.0,aipw_variance,-1.0,1.0,obsval,4.0,0.1,30,0.1,crossfit_rank_empty_standdown,1.0,4,50,1,1011.9747119359672,-0.06497812047944523,-0.06497812047944523,-0.06497812047944523,0.0,3.800089225265669e-05,-3.8782958476494254e-05,0.0,0.5,0.0,reference,0.0,0.0,nan,nan,nan,,,nan,nan,nan,nan,nan,nan,nan,nan,0.0,0.11933333333333333,nan,0.0,0,43,nan,0.06005586592178771,0.0,0.0,0.0,-0.07355591252368726,-0.07355591252368726,0.0,nan,nan,0.8843325640514506,0.8843325640514506
real_digits_aligned,box,6000,0.05,1.0,estimated_residual_lowp_supported,ctmle,estimated,xgboost,xgboost,if_residual,1.0,0.0|0.25|0.5|1.0,aipw_variance,-1.0,1.0,obsval,4.0,0.1,30,0.1,crossfit_rank_empty_standdown,1.0,4,50,2,2007.4694216400385,-0.06877956722960826,-0.06877956722960826,-0.06877956722960826,0.0,3.477642416983937e-05,-2.382931423418333e-05,0.0,0.5,0.0,reference,-1.2434497875801754e-17,5.551115123125783e-17,nan,nan,nan,,,nan,nan,nan,nan,nan,nan,nan,nan,0.0,0.131,nan,0.0,0,44,nan,0.05597964376590331,0.0,0.0,0.0,-0.06662371495307254,-0.06662371495307254,0.0,nan,nan,0.8382292506714268,0.8382292506714268
real_digits_aligned,box,6000,0.05,1.0,estimated_residual_lowp_supported,ctmle,estimated,xgboost,xgboost,if_residual,1.0,0.0|0.25|0.5|1.0,aipw_variance,-1.0,1.0,obsval,4.0,0.1,30,0.1,crossfit_rank_empty_standdown,1.0,4,50,3,3015.167374513112,-0.04431246263124122,-0.04431246263124122,-0.04431246263124122,0.0,2.3890325494409247e-05,-4.0974628640698244e-06,0.0,0.5,0.0,reference,2.3684757858670005e-18,0.0,nan,nan,nan,,,nan,nan,nan,nan,nan,nan,nan,nan,0.1,0.1295,0.755,0.583011583011583,89,41,0.14833333333333334,0.05276705276705277,-0.029681169094757015,-0.029681169094757015,0.0,-0.05909248174854878,-0.05909248174854878,0.0,0.6658919482051864,0.6658919482051864,0.7635130945458519,0.7635130945458519
real_digits_aligned,box,6000,0.05,1.0,estimated_residual_lowp_supported,ctmle,estimated,xgboost,xgboost,if_residual,1.0,0.0|0.25|0.5|1.0,aipw_variance,-1.0,1.0,obsval,4.0,0.1,30,0.1,crossfit_rank_empty_standdown,1.0,4,50,4,4014.1994343558326,-0.059198441299003646,-0.059198441299003646,-0.059198441299003646,0.0,3.9785935250956296e-05,-3.300048800837545e-05,0.0,0.5,0.0,reference,-1.7763568394002505e-18,0.0,nan,nan,nan,,,nan,nan,nan,nan,nan,nan,nan,nan,0.0,0.127,nan,0.0,0,32,nan,0.04199475065616798,0.0,0.0,0.0,-0.06250907097732376,-0.06250907097732376,0.0,nan,nan,0.8432329238048337,0.8432329238048337
real_digits_aligned,box,6000,0.05,1.0,estimated_residual_lowp_supported,ctmle,estimated,xgboost,xgboost,if_residual,1.0,0.0|0.25|0.5|1.0,aipw_variance,-1.0,1.0,obsval,4.0,0.1,30,0.1,crossfit_rank_empty_standdown,1.0,4,50,1,997.8224437925965,-0.05421989759737905,-0.05421989759737905,-0.05421989759737905,0.0,2.1894750187973107e-05,2.80352964035659e-06,0.0,0.5,0.0,reference,-9.473903143468002e-18,0.0,nan,nan,nan,,,nan,nan,nan,nan,nan,nan,nan,nan,0.0,0.13166666666666665,nan,0.0,0,45,nan,0.056962025316455694,0.0,0.0,0.0,-0.06700880327502722,-0.06700880327502722,0.0,nan,nan,0.7770834025579447,0.7770834025579447
real_digits_aligned,box,6000,0.05,1.0,estimated_residual_lowp_supported,ctmle,estimated,xgboost,xgboost,if_residual,1.0,0.0|0.25|0.5|1.0,aipw_variance,-1.0,1.0,obsval,4.0,0.1,30,0.1,crossfit_rank_empty_standdown,1.0,4,50,2,2009.601413401775,-0.04733396520757388,-0.04733396520757388,-0.04733396520757388,0.0,2.2875436116315696e-05,1.762000055470118e-05,0.0,0.5,0.0,reference,2.3684757858670005e-18,0.0,nan,nan,nan,,,nan,nan,nan,nan,nan,nan,nan,nan,0.0,0.128,nan,0.0,0,39,nan,0.05078125,0.0,0.0,0.0,-0.06709828435528249,-0.06709828435528249,0.0,nan,nan,0.8154387248456849,0.8154387248456849
real_digits_aligned,box,6000,0.05,1.0,estimated_residual_lowp_supported,ctmle,estimated,xgboost,xgboost,if_residual,1.0,0.0|0.25|0.5|1.0,aipw_variance,-1.0,1.0,obsval,4.0,0.1,30,0.1,crossfit_rank_empty_standdown,1.0,4,50,3,3013.1455247066915,-0.0780226792347623,-0.0780226792347623,-0.0780226792347623,0.0,3.0150135927315682e-05,-2.226124872785535e-06,0.0,0.5,0.0,reference,-2.3684757858670005e-18,2.7755575615628914e-17,nan,nan,nan,,,nan,nan,nan,nan,nan,nan,nan,nan,0.05,0.11916666666666667,0.7866666666666666,0.3300699300699301,30,28,0.1,0.039160839160839164,-0.016697697220022338,-0.016697697220022338,0.0,-0.06989687971344141,-0.06989687971344141,0.0,0.7745430141286854,0.7745430141286854,0.8955031151699896,0.8955031151699896
real_digits_aligned,box,6000,0.05,1.0,estimated_residual_lowp_supported,ctmle,estimated,xgboost,xgboost,if_residual,1.0,0.0|0.25|0.5|1.0,aipw_variance,-1.0,1.0,obsval,4.0,0.1,30,0.1,crossfit_rank_empty_standdown,1.0,4,50,4,4010.217071142979,-0.055319623656233274,-0.055319623656233274,-0.055319623656233274,0.0,3.4749455834888e-05,-1.1216399633736458e-05,0.0,0.5,0.0,reference,4.736951571734001e-18,0.0,nan,nan,nan,,,nan,nan,nan,nan,nan,nan,nan,nan,0.0,0.13233333333333333,nan,0.0,0,27,nan,0.03400503778337532,0.0,0.0,0.0,-0.07577005914282091,-0.07577005914282091,0.0,nan,nan,0.8739150991585832,0.8739150991585832
real_digits_aligned,box,6000,0.05,1.0,estimated_residual_lowp_supported,ctmle,estimated,xgboost,xgboost,if_residual,1.0,0.0|0.25|0.5|1.0,aipw_variance,-1.0,1.0,obsval,4.0,0.1,30,0.1,crossfit_rank_empty_standdown,1.0,4,50,1,1027.3962761582807,-0.08680825108623172,-0.08680825108623172,-0.08680825108623172,0.0,2.637046199038481e-05,-8.560077625796158e-06,0.0,0.5,0.0,reference,2.1316282072803006e-17,-5.551115123125783e-17,nan,nan,nan,,,nan,nan,nan,nan,nan,nan,nan,nan,0.075,0.11766666666666667,0.6755555555555556,0.43059490084985835,66,38,0.14666666666666667,0.053824362606232294,-0.028704367461408774,-0.028704367461408774,0.0,-0.07200590452388093,-0.07200590452388093,0.0,0.7939853129780708,0.7939853129780708,0.8932283124974828,0.8932283124974828
real_digits_aligned,box,6000,0.05,1.0,estimated_residual_lowp_supported,ctmle,estimated,xgboost,xgboost,if_residual,1.0,0.0|0.25|0.5|1.0,aipw_variance,-1.0,1.0,obsval,4.0,0.1,30,0.1,crossfit_rank_empty_standdown,1.0,4,50,2,2040.5334656666964,-0.058022955327825365,-0.058022955327825365,-0.058022955327825365,0.0,3.112316929696911e-05,-2.983202047019166e-06,0.0,0.5,0.0,reference,8.289665250534503e-18,0.0,nan,nan,nan,,,nan,nan,nan,nan,nan,nan,nan,nan,0.05,0.12416666666666666,0.65,0.26174496644295303,54,32,0.18,0.042953020134228186,-0.017223973639657258,-0.017223973639657258,0.0,-0.06374518466516697,-0.06374518466516697,0.0,0.7116411898570248,0.7116411898570248,0.8019778784662005,0.8019778784662005
real_digits_aligned,box,6000,0.05,1.0,estimated_residual_lowp_supported,ctmle,estimated,xgboost,xgboost,if_residual,1.0,0.0|0.25|0.5|1.0,aipw_variance,-1.0,1.0,obsval,4.0,0.1,30,0.1,crossfit_rank_empty_standdown,1.0,4,50,3,3040.738255577162,-0.06426738643375501,-0.06426738643375501,-0.06426738643375501,0.0,2.643181100551225e-05,1.4087429670309507e-05,0.0,0.5,0.0,reference,-4.736951571734001e-18,0.0,nan,nan,nan,,,nan,nan,nan,nan,nan,nan,nan,nan,0.075,0.131,0.7111111111111111,0.4071246819338422,67,45,0.14888888888888888,0.05725190839694656,-0.026469543365000077,-0.026469543365000077,0.0,-0.07644628167287934,-0.07644628167287934,0.0,0.7684229714000528,0.7684229714000528,0.8958400180650904,0.8958400180650904
real_digits_aligned,box,6000,0.05,1.0,estimated_residual_lowp_supported,ctmle,estimated,xgboost,xgboost,if_residual,1.0,0.0|0.25|0.5|1.0,aipw_variance,-1.0,1.0,obsval,4.0,0.1,30,0.1,crossfit_rank_empty_standdown,1.0,4,50,4,4033.7221167720854,-0.06585608293936718,-0.06585608293936718,-0.06585608293936718,0.0,2.5328726285749233e-05,2.840570068943476e-05,0.0,0.5,0.0,reference,0.0,5.551115123125783e-17,nan,nan,nan,,,nan,nan,nan,nan,nan,nan,nan,nan,0.0,0.1285,nan,0.0,0,37,nan,0.04798962386511025,0.0,0.0,0.0,-0.06679174913488242,-0.06679174913488242,0.0,nan,nan,0.7844551122961273,0.7844551122961273
real_digits_aligned,box,6000,0.05,1.0,estimated_residual_lowp_supported,ctmle,estimated,xgboost,xgboost,if_residual,1.0,0.0|0.25|0.5|1.0,aipw_variance,-1.0,1.0,obsval,4.0,0.1,30,0.1,crossfit_rank_empty_standdown,1.0,4,50,1,1011.9485578732565,-0.025948990077426015,-0.025948990077426015,-0.025948990077426015,0.0,3.425892541641083e-05,-4.363941239816352e-05,0.0,0.5,0.0,reference,5.921189464667502e-18,0.0,nan,nan,nan,,,nan,nan,nan,nan,nan,nan,nan,nan,0.075,0.12933333333333333,0.7133333333333334,0.41365979381443296,59,48,0.13111111111111112,0.061855670103092786,-0.01304775794019912,-0.01304775794019912,0.0,-0.054362483846655485,-0.054362483846655485,0.0,0.6715713294650443,0.6715713294650443,0.7760887243435547,0.7760887243435547
real_digits_aligned,box,6000,0.05,1.0,estimated_residual_lowp_supported,ctmle,estimated,xgboost,xgboost,if_residual,1.0,0.0|0.25|0.5|1.0,aipw_variance,-1.0,1.0,obsval,4.0,0.1,30,0.1,crossfit_rank_empty_standdown,1.0,4,50,2,2026.589051942341,-0.05648383490668518,-0.05648383490668518,-0.05648383490668518,0.0,2.8274587162309666e-05,-2.5416595650872595e-05,0.0,0.5,0.0,reference,2.3684757858670005e-18,0.0,nan,nan,nan,,,nan,nan,nan,nan,nan,nan,nan,nan,0.05,0.129,0.7933333333333333,0.30749354005167956,36,49,0.12,0.06330749354005168,-0.015097546272972733,-0.015097546272972733,0.0,-0.06584323869287052,-0.06584323869287052,0.0,0.7263969147561319,0.7263969147561319,0.8076147906320263,0.8076147906320263
real_digits_aligned,box,6000,0.05,1.0,estimated_residual_lowp_supported,ctmle,estimated,xgboost,xgboost,if_residual,1.0,0.0|0.25|0.5|1.0,aipw_variance,-1.0,1.0,obsval,4.0,0.1,30,0.1,crossfit_rank_empty_standdown,1.0,4,50,3,3037.1179154943675,-0.0853792471678812,-0.0853792471678812,-0.0853792471678812,0.0,3.37723460701433e-05,-8.804021958518343e-06,0.0,0.5,0.0,reference,7.105427357601002e-18,-5.551115123125783e-17,nan,nan,nan,,,nan,nan,nan,nan,nan,nan,nan,nan,0.0,0.12816666666666668,nan,0.0,0,47,nan,0.0611183355006502,0.0,0.0,0.0,-0.07389792534129683,-0.07389792534129683,0.0,nan,nan,0.8452450463689991,0.8452450463689991
real_digits_aligned,box,6000,0.05,1.0,estimated_residual_lowp_supported,ctmle,estimated,xgboost,xgboost,if_residual,1.0,0.0|0.25|0.5|1.0,aipw_variance,-1.0,1.0,obsval,4.0,0.1,30,0.1,crossfit_rank_empty_standdown,1.0,4,50,4,4046.0536480303854,-0.03771180773430027,-0.03771180773430027,-0.03771180773430027,0.0,3.476629910219569e-05,3.360366153208665e-05,0.0,0.5,0.0,reference,-1.1842378929335004e-17,5.551115123125783e-17,nan,nan,nan,,,nan,nan,nan,nan,nan,nan,nan,nan,0.0,0.12966666666666668,nan,0.0,0,39,nan,0.05012853470437018,0.0,0.0,0.0,-0.060366897752803864,-0.060366897752803864,0.0,nan,nan,0.751437474706148,0.751437474706148
real_digits_aligned,box,6000,0.05,1.0,estimated_residual_lowp_supported,ctmle,estimated,xgboost,xgboost,if_residual,1.0,0.0|0.25|0.5|1.0,aipw_variance,-1.0,1.0,obsval,4.0,0.1,30,0.1,crossfit_rank_empty_standdown,1.0,4,50,1,998.8558976035565,-0.05190589076336127,-0.05190589076336127,-0.05190589076336127,0.0,2.0762647001743538e-05,-3.663318749724706e-05,0.0,0.5,0.0,reference,0.0,-5.551115123125783e-17,nan,nan,nan,,,nan,nan,nan,nan,nan,nan,nan,nan,0.0,0.13366666666666666,nan,0.0,0,40,nan,0.04987531172069826,0.0,0.0,0.0,-0.07578536986921704,-0.07578536986921704,0.0,nan,nan,0.8075026851808972,0.8075026851808972
real_digits_aligned,box,6000,0.05,1.0,estimated_residual_lowp_supported,ctmle,estimated,xgboost,xgboost,if_residual,1.0,0.0|0.25|0.5|1.0,aipw_variance,-1.0,1.0,obsval,4.0,0.1,30,0.1,crossfit_rank_empty_standdown,1.0,4,50,2,2000.4315852401778,-0.07432227203543113,-0.07432227203543113,-0.07432227203543113,0.0,4.6183864690215685e-05,-2.1462629396937758e-05,0.0,0.5,0.0,reference,-1.9539925233402754e-17,0.0,nan,nan,nan,,,nan,nan,nan,nan,nan,nan,nan,nan,0.0,0.1275,nan,0.0,0,33,nan,0.043137254901960784,0.0,0.0,0.0,-0.0713086424198395,-0.0713086424198395,0.0,nan,nan,0.875544546756836,0.875544546756836
real_digits_aligned,box,6000,0.05,1.0,estimated_residual_lowp_supported,ctmle,estimated,xgboost,xgboost,if_residual,1.0,0.0|0.25|0.5|1.0,aipw_variance,-1.0,1.0,obsval,4.0,0.1,30,0.1,crossfit_rank_empty_standdown,1.0,4,50,3,3002.950791093521,-0.03637855073391916,-0.03637855073391916,-0.03637855073391916,0.0,3.212083413971819e-05,-2.8193448745269763e-05,0.0,0.5,0.0,reference,-5.921189464667501e-19,0.0,nan,nan,nan,,,nan,nan,nan,nan,nan,nan,nan,nan,0.0,0.136,nan,0.0,0,52,nan,0.06372549019607843,0.0,0.0,0.0,-0.05243362055045113,-0.05243362055045113,0.0,nan,nan,0.7415790655032146,0.7415790655032146
real_digits_aligned,box,6000,0.05,1.0,estimated_residual_lowp_supported,ctmle,estimated,xgboost,xgboost,if_residual,1.0,0.0|0.25|0.5|1.0,aipw_variance,-1.0,1.0,obsval,4.0,0.1,30,0.1,crossfit_rank_empty_standdown,1.0,4,50,4,4007.8499414511025,-0.048476838317092874,-0.048476838317092874,-0.048476838317092874,0.0,2.7006546173484903e-05,5.521804555820868e-06,0.0,0.5,0.0,reference,5.477100254817439e-18,0.0,nan,nan,nan,,,nan,nan,nan,nan,nan,nan,nan,nan,0.05,0.12633333333333333,0.7666666666666667,0.3034300791556728,31,29,0.10333333333333333,0.03825857519788918,-0.023353035605456537,-0.023353035605456537,0.0,-0.07265406774257183,-0.07265406774257183,0.0,0.822006241379488,0.822006241379488,0.8582904530115536,0.8582904530115536
real_digits_aligned,box,6000,0.05,1.0,estimated_residual_lowp_supported,ctmle,estimated,xgboost,xgboost,if_residual,1.0,0.0|0.25|0.5|1.0,aipw_variance,-1.0,1.0,obsval,4.0,0.1,30,0.1,crossfit_rank_empty_standdown,1.0,4,50,1,1003.663205595687,-0.07694928769039378,-0.07694928769039378,-0.07694928769039378,0.0,2.8471314175486373e-05,-1.3196793842293103e-05,0.0,0.5,0.0,reference,1.4210854715202004e-17,0.0,nan,nan,nan,,,nan,nan,nan,nan,nan,nan,nan,nan,0.075,0.12766666666666668,0.7,0.4112271540469974,74,36,0.16444444444444445,0.04699738903394256,-0.02492270666641747,-0.02492270666641747,0.0,-0.06789300809984677,-0.06789300809984677,0.0,0.6833853281313698,0.6833853281313698,0.8205526586118123,0.8205526586118123
real_digits_aligned,box,6000,0.05,1.0,estimated_residual_lowp_supported,ctmle,estimated,xgboost,xgboost,if_residual,1.0,0.0|0.25|0.5|1.0,aipw_variance,-1.0,1.0,obsval,4.0,0.1,30,0.1,crossfit_rank_empty_standdown,1.0,4,50,2,2012.424193419516,-0.025854493916350918,-0.025854493916350918,-0.025854493916350918,0.0,2.755404321900059e-05,-2.6126494587601573e-05,0.0,0.5,0.0,reference,-2.3684757858670005e-18,5.551115123125783e-17,nan,nan,nan,,,nan,nan,nan,nan,nan,nan,nan,nan,0.1,0.12633333333333333,0.7116666666666667,0.5633245382585752,90,41,0.15,0.05408970976253298,-0.02654133433038065,-0.02654133433038065,0.0,-0.058122494535062824,-0.058122494535062824,0.0,0.6921521792609251,0.6921521792609251,0.7678269064716383,0.7678269064716383
real_digits_aligned,box,6000,0.05,1.0,estimated_residual_lowp_supported,ctmle,estimated,xgboost,xgboost,if_residual,1.0,0.0|0.25|0.5|1.0,aipw_variance,-1.0,1.0,obsval,4.0,0.1,30,0.1,crossfit_rank_empty_standdown,1.0,4,50,3,3017.1833860157058,-0.08609123864805515,-0.08609123864805515,-0.08609123864805515,0.0,3.216675082554131e-05,-8.841737840210363e-06,0.0,0.5,0.0,reference,-1.0658141036401503e-17,0.0,nan,nan,nan,,,nan,nan,nan,nan,nan,nan,nan,nan,0.1,0.13116666666666665,0.7616666666666667,0.5806861499364676,54,25,0.09,0.03176620076238882,-0.04800157941517413,-0.04800157941517413,0.0,-0.08600722301034645,-0.08600722301034645,0.0,0.8424870191082038,0.8424870191082038,0.9324520551052109,0.9324520551052109
real_digits_aligned,box,6000,0.05,1.0,estimated_residual_lowp_supported,ctmle,estimated,xgboost,xgboost,if_residual,1.0,0.0|0.25|0.5|1.0,aipw_variance,-1.0,1.0,obsval,4.0,0.1,30,0.1,crossfit_rank_empty_standdown,1.0,4,50,4,4025.428828398697,-0.07238584497877526,-0.07238584497877526,-0.07238584497877526,0.0,2.891523052874379e-05,-4.6236711525952316e-05,0.0,0.5,0.0,reference,2.7237471537470506e-17,0.0,nan,nan,nan,,,nan,nan,nan,nan,nan,nan,nan,nan,0.1,0.12416666666666666,0.6466666666666666,0.5208053691275167,105,44,0.175,0.05906040268456376,-0.030906551778542853,-0.030906551778542853,0.0,-0.0686313622324831,-0.0686313622324831,0.0,0.7135468258705322,0.7135468258705322,0.8214894634324662,0.8214894634324662
real_digits_aligned,box,6000,0.05,1.0,estimated_residual_lowp_supported,ctmle,estimated,xgboost,xgboost,if_residual,1.0,0.0|0.25|0.5|1.0,aipw_variance,-1.0,1.0,obsval,4.0,0.1,30,0.1,crossfit_rank_empty_standdown,1.0,4,50,1,1013.682376566343,-0.06850487394065125,-0.06850487394065125,-0.06850487394065125,0.0,3.360260979529822e-05,-3.343905364375764e-05,0.0,0.5,0.0,reference,1.4802973661668755e-18,0.0,nan,nan,nan,,,nan,nan,nan,nan,nan,nan,nan,nan,0.1,0.13133333333333333,0.73,0.5558375634517766,82,30,0.13666666666666666,0.03807106598984772,-0.04313302282292868,-0.04313302282292868,0.0,-0.07983630259119019,-0.07983630259119019,0.0,0.8068790531733757,0.8068790531733757,0.8942369846409091,0.8942369846409091
real_digits_aligned,box,6000,0.05,1.0,estimated_residual_lowp_supported,ctmle,estimated,xgboost,xgboost,if_residual,1.0,0.0|0.25|0.5|1.0,aipw_variance,-1.0,1.0,obsval,4.0,0.1,30,0.1,crossfit_rank_empty_standdown,1.0,4,50,2,2018.7490769214928,-0.04985910687321815,-0.04985910687321815,-0.04985910687321815,0.0,2.4670870319320158e-05,-3.0915436651859376e-05,0.0,0.5,0.0,reference,0.0,0.0,nan,nan,nan,,,nan,nan,nan,nan,nan,nan,nan,nan,0.0,0.124,nan,0.0,0,35,nan,0.04704301075268817,0.0,0.0,0.0,-0.06366656862023364,-0.06366656862023364,0.0,nan,nan,0.8429056560061916,0.8429056560061916
real_digits_aligned,box,6000,0.05,1.0,estimated_residual_lowp_supported,ctmle,estimated,xgboost,xgboost,if_residual,1.0,0.0|0.25|0.5|1.0,aipw_variance,-1.0,1.0,obsval,4.0,0.1,30,0.1,crossfit_rank_empty_standdown,1.0,4,50,3,3023.9234833596274,-0.023270759917736528,-0.023270759917736528,-0.023270759917736528,0.0,2.792349135824013e-05,-1.6909929597166235e-05,0.0,0.5,0.0,reference,2.3684757858670005e-18,-5.551115123125783e-17,nan,nan,nan,,,nan,nan,nan,nan,nan,nan,nan,nan,0.0,0.12583333333333332,nan,0.0,0,38,nan,0.05033112582781457,0.0,0.0,0.0,-0.0584618623178622,-0.0584618623178622,0.0,nan,nan,0.7777822334228518,0.7777822334228518
real_digits_aligned,box,6000,0.05,1.0,estimated_residual_lowp_supported,ctmle,estimated,xgboost,xgboost,if_residual,1.0,0.0|0.25|0.5|1.0,aipw_variance,-1.0,1.0,obsval,4.0,0.1,30,0.1,crossfit_rank_empty_standdown,1.0,4,50,4,4017.1161695457995,-0.09320193748931446,-0.09320193748931446,-0.09320193748931446,0.0,2.535440980359449e-05,-5.6061539834986e-06,0.0,0.5,0.0,reference,-3.552713678800501e-18,0.0,nan,nan,nan,,,nan,nan,nan,nan,nan,nan,nan,nan,0.0,0.14066666666666666,nan,0.0,0,40,nan,0.04739336492890995,0.0,0.0,0.0,-0.08560234730750671,-0.08560234730750671,0.0,nan,nan,0.845560144963622,0.845560144963622
real_digits_aligned,box,6000,0.05,1.0,estimated_residual_lowp_supported,ctmle,estimated,xgboost,xgboost,if_residual,1.0,0.0|0.25|0.5|1.0,aipw_variance,-1.0,1.0,obsval,4.0,0.1,30,0.1,crossfit_rank_empty_standdown,1.0,4,50,1,987.3463691659272,-0.049468488836915125,-0.049468488836915125,-0.049468488836915125,0.0,2.8738589956906835e-05,-1.66184004468728e-05,0.0,0.5,0.0,reference,0.0,0.0,nan,nan,nan,,,nan,nan,nan,nan,nan,nan,nan,nan,0.1,0.13216666666666665,0.7283333333333334,0.5510718789407314,73,35,0.12166666666666667,0.044136191677175286,-0.040035657880334974,-0.040035657880334974,0.0,-0.07366553263274381,-0.07366553263274381,0.0,0.7564396600471066,0.7564396600471066,0.8172939638254726,0.8172939638254726
real_digits_aligned,box,6000,0.05,1.0,estimated_residual_lowp_supported,ctmle,estimated,xgboost,xgboost,if_residual,1.0,0.0|0.25|0.5|1.0,aipw_variance,-1.0,1.0,obsval,4.0,0.1,30,0.1,crossfit_rank_empty_standdown,1.0,4,50,2,1987.0537739302963,-0.11175331939939698,-0.11175331939939698,-0.11175331939939698,0.0,3.314550598913367e-05,2.419862722622757e-06,0.0,0.5,0.0,reference,7.105427357601002e-18,-2.7755575615628914e-17,nan,nan,nan,,,nan,nan,nan,nan,nan,nan,nan,nan,0.1,0.1245,0.76,0.6104417670682731,72,27,0.12,0.03614457831325301,-0.047669118304198635,-0.047669118304198635,0.0,-0.08053010444846727,-0.08053010444846727,0.0,0.833392641552248,0.833392641552248,0.9313222968496638,0.9313222968496638
real_digits_aligned,box,6000,0.05,1.0,estimated_residual_lowp_supported,ctmle,estimated,xgboost,xgboost,if_residual,1.0,0.0|0.25|0.5|1.0,aipw_variance,-1.0,1.0,obsval,4.0,0.1,30,0.1,crossfit_rank_empty_standdown,1.0,4,50,3,2994.219974239357,-0.05233586419669384,-0.05233586419669384,-0.05233586419669384,0.0,3.239121463666618e-05,-9.007567377881498e-06,0.0,0.5,0.0,reference,2.3684757858670005e-18,0.0,nan,nan,nan,,,nan,nan,nan,nan,nan,nan,nan,nan,0.075,0.12883333333333333,0.7333333333333333,0.4269081500646831,63,39,0.14,0.050452781371280724,-0.027619577422083423,-0.027619577422083423,0.0,-0.0689549190775291,-0.0689549190775291,0.0,0.7167662681214836,0.7167662681214836,0.808108510896539,0.808108510896539
real_digits_aligned,box,6000,0.05,1.0,estimated_residual_lowp_supported,ctmle,estimated,xgboost,xgboost,if_residual,1.0,0.0|0.25|0.5|1.0,aipw_variance,-1.0,1.0,obsval,4.0,0.1,30,0.1,crossfit_rank_empty_standdown,1.0,4,50,4,3983.6858520926908,-0.054928316970697055,-0.054928316970697055,-0.054928316970697055,0.0,3.4279292382808626e-05,-2.8607148701460913e-05,0.0,0.5,0.0,reference,2.3684757858670005e-18,0.0,nan,nan,nan,,,nan,nan,nan,nan,nan,nan,nan,nan,0.0,0.12916666666666668,nan,0.0,0,33,nan,0.04258064516129032,0.0,0.0,0.0,-0.06801762621395088,-0.06801762621395088,0.0,nan,nan,0.8358862945971386,0.8358862945971386
real_digits_aligned,box,6000,0.05,1.0,estimated_residual_lowp_supported,ctmle,estimated,xgboost,xgboost,if_residual,1.0,0.0|0.25|0.5|1.0,aipw_variance,-1.0,1.0,obsval,4.0,0.1,30,0.1,crossfit_rank_empty_standdown,1.0,4,50,1,973.9317880151793,-0.07459211088233841,-0.07459211088233841,-0.07459211088233841,0.0,4.027015431332169e-05,-1.0089172032493846e-05,0.0,0.5,0.0,reference,-5.3290705182007515e-18,5.551115123125783e-17,nan,nan,nan,,,nan,nan,nan,nan,nan,nan,nan,nan,0.0,0.13066666666666665,nan,0.0,0,36,nan,0.04591836734693878,0.0,0.0,0.0,-0.07107493178704753,-0.07107493178704753,0.0,nan,nan,0.8006437927142146,0.8006437927142146
real_digits_aligned,box,6000,0.05,1.0,estimated_residual_lowp_supported,ctmle,estimated,xgboost,xgboost,if_residual,1.0,0.0|0.25|0.5|1.0,aipw_variance,-1.0,1.0,obsval,4.0,0.1,30,0.1,crossfit_rank_empty_standdown,1.0,4,50,2,1963.86477557756,-0.08104546722353145,-0.08104546722353145,-0.08104546722353145,0.0,3.869373826170775e-05,-4.593299551094109e-05,0.0,0.5,0.0,reference,-1.1842378929335003e-18,0.0,nan,nan,nan,,,nan,nan,nan,nan,nan,nan,nan,nan,0.0,0.1335,nan,0.0,0,41,nan,0.05118601747815231,0.0,0.0,0.0,-0.06585293721622783,-0.06585293721622783,0.0,nan,nan,0.7708756402115027,0.7708756402115027
real_digits_aligned,box,6000,0.05,1.0,estimated_residual_lowp_supported,ctmle,estimated,xgboost,xgboost,if_residual,1.0,0.0|0.25|0.5|1.0,aipw_variance,-1.0,1.0,obsval,4.0,0.1,30,0.1,crossfit_rank_empty_standdown,1.0,4,50,3,2969.9633080400527,-0.024192907106380834,-0.024192907106380834,-0.024192907106380834,0.0,1.6921981280480954e-05,-1.0938282993975363e-05,0.0,0.5,0.0,reference,-1.5395092608135503e-17,0.0,nan,nan,nan,,,nan,nan,nan,nan,nan,nan,nan,nan,0.0,0.12183333333333334,nan,0.0,0,32,nan,0.04377564979480164,0.0,0.0,0.0,-0.05976819816824758,-0.05976819816824758,0.0,nan,nan,0.8053800814219984,0.8053800814219984
real_digits_aligned,box,6000,0.05,1.0,estimated_residual_lowp_supported,ctmle,estimated,xgboost,xgboost,if_residual,1.0,0.0|0.25|0.5|1.0,aipw_variance,-1.0,1.0,obsval,4.0,0.1,30,0.1,crossfit_rank_empty_standdown,1.0,4,50,4,3959.54720024392,-0.06033812195546351,-0.06033812195546351,-0.06033812195546351,0.0,3.375999464847281e-05,-4.189586932652306e-05,0.0,0.5,0.0,reference,-7.105427357601002e-18,0.0,nan,nan,nan,,,nan,nan,nan,nan,nan,nan,nan,nan,0.0,0.136,nan,0.0,0,44,nan,0.05392156862745098,0.0,0.0,0.0,-0.07426563909933716,-0.07426563909933716,0.0,nan,nan,0.8084381910083839,0.8084381910083839
real_digits_aligned,box,6000,0.05,1.0,estimated_residual_lowp_supported,ctmle,estimated,xgboost,xgboost,if_residual,1.0,0.0|0.25|0.5|1.0,aipw_variance,-1.0,1.0,obsval,4.0,0.1,30,0.1,crossfit_rank_empty_standdown,1.0,4,50,1,986.1802696529776,-0.060256164102986065,-0.060256164102986065,-0.060256164102986065,0.0,3.485191655445085e-05,-1.4168211401822321e-05,0.0,0.5,0.0,reference,4.736951571734001e-18,0.0,nan,nan,nan,,,nan,nan,nan,nan,nan,nan,nan,nan,0.0,0.12866666666666668,nan,0.0,0,28,nan,0.03626943005181347,0.0,0.0,0.0,-0.08005405812159588,-0.08005405812159588,0.0,nan,nan,0.8858073100393649,0.8858073100393649
real_digits_aligned,box,6000,0.05,1.0,estimated_residual_lowp_supported,ctmle,estimated,xgboost,xgboost,if_residual,1.0,0.0|0.25|0.5|1.0,aipw_variance,-1.0,1.0,obsval,4.0,0.1,30,0.1,crossfit_rank_empty_standdown,1.0,4,50,2,1994.3879616940394,-0.06584691966604062,-0.06584691966604062,-0.06584691966604062,0.0,3.455097945273609e-05,-3.323991860679481e-05,0.0,0.5,0.0,reference,-1.7763568394002505e-18,0.0,nan,nan,nan,,,nan,nan,nan,nan,nan,nan,nan,nan,0.0,0.1225,nan,0.0,0,49,nan,0.06666666666666667,0.0,0.0,0.0,-0.06355973761929536,-0.06355973761929536,0.0,nan,nan,0.8008577957880099,0.8008577957880099
real_digits_aligned,box,6000,0.05,1.0,estimated_residual_lowp_supported,ctmle,estimated,xgboost,xgboost,if_residual,1.0,0.0|0.25|0.5|1.0,aipw_variance,-1.0,1.0,obsval,4.0,0.1,30,0.1,crossfit_rank_empty_standdown,1.0,4,50,3,2995.913075315766,-0.08096902071279999,-0.08096902071279999,-0.08096902071279999,0.0,2.680653027320912e-05,-2.684726805727845e-05,0.0,0.5,0.0,reference,-4.736951571734001e-18,0.0,nan,nan,nan,,,nan,nan,nan,nan,nan,nan,nan,nan,0.1,0.12866666666666668,0.7066666666666667,0.5492227979274611,93,34,0.155,0.04404145077720207,-0.03587763982135486,-0.03587763982135486,0.0,-0.07320221981700657,-0.07320221981700657,0.0,0.7330186063221219,0.7330186063221219,0.845424063050671,0.845424063050671
real_digits_aligned,box,6000,0.05,1.0,estimated_residual_lowp_supported,ctmle,estimated,xgboost,xgboost,if_residual,1.0,0.0|0.25|0.5|1.0,aipw_variance,-1.0,1.0,obsval,4.0,0.1,30,0.1,crossfit_rank_empty_standdown,1.0,4,50,4,3998.59365559835,-0.04722642870223204,-0.04722642870223204,-0.04722642870223204,0.0,3.5640197007983905e-05,-6.588047773176922e-05,0.0,0.5,0.0,reference,-2.960594732333751e-18,5.551115123125783e-17,nan,nan,nan,,,nan,nan,nan,nan,nan,nan,nan,nan,0.1,0.1195,0.655,0.5481171548117155,102,42,0.17,0.058577405857740586,-0.029881876544330534,-0.029881876544330534,0.0,-0.06208467874845913,-0.06208467874845913,0.0,0.7381389888595408,0.7381389888595408,0.8365191165289899,0.8365191165289899
real_digits_aligned,box,6000,0.05,1.0,estimated_residual_lowp_supported,ctmle,estimated,xgboost,xgboost,if_residual,1.0,0.0|0.25|0.5|1.0,aipw_variance,-1.0,1.0,obsval,4.0,0.1,30,0.1,crossfit_rank_empty_standdown,1.0,4,50,1,984.1876337025315,-0.08026414174477661,-0.08026414174477661,-0.08026414174477661,0.0,2.9222271589243688e-05,-4.7335290967890644e-05,0.0,0.5,0.0,reference,4.736951571734001e-18,2.7755575615628914e-17,nan,nan,nan,,,nan,nan,nan,nan,nan,nan,nan,nan,0.075,0.12433333333333334,0.6666666666666666,0.40214477211796246,74,41,0.16444444444444445,0.054959785522788206,-0.023814519115181516,-0.023814519115181516,0.0,-0.06466467443648825,-0.06466467443648825,0.0,0.6817470343919787,0.6817470343919787,0.7956236612249968,0.7956236612249968
real_digits_aligned,box,6000,0.05,1.0,estimated_residual_lowp_supported,ctmle,estimated,xgboost,xgboost,if_residual,1.0,0.0|0.25|0.5|1.0,aipw_variance,-1.0,1.0,obsval,4.0,0.1,30,0.1,crossfit_rank_empty_standdown,1.0,4,50,2,1996.0557801127434,-0.06566492009482694,-0.06566492009482694,-0.06566492009482694,0.0,2.6761888232933856e-05,-3.2093326724695983e-06,0.0,0.5,0.0,reference,-1.6579330501069006e-17,5.551115123125783e-17,nan,nan,nan,,,nan,nan,nan,nan,nan,nan,nan,nan,0.1,0.13583333333333333,0.7383333333333333,0.5435582822085889,66,34,0.11,0.04171779141104295,-0.03350198944466881,-0.03350198944466881,0.0,-0.06999193085135756,-0.06999193085135756,0.0,0.6925786426094122,0.6925786426094122,0.7709638822509494,0.7709638822509494
real_digits_aligned,box,6000,0.05,1.0,estimated_residual_lowp_supported,ctmle,estimated,xgboost,xgboost,if_residual,1.0,0.0|0.25|0.5|1.0,aipw_variance,-1.0,1.0,obsval,4.0,0.1,30,0.1,crossfit_rank_empty_standdown,1.0,4,50,3,3010.6461763549596,-0.0681411848165723,-0.0681411848165723,-0.0681411848165723,0.0,2.133727037297202e-05,-2.293642595068031e-05,0.0,0.5,0.0,reference,1.1842378929335004e-17,0.0,nan,nan,nan,,,nan,nan,nan,nan,nan,nan,nan,nan,0.05,0.10966666666666666,0.59,0.2689969604863222,66,36,0.22,0.0547112462006079,-0.01442258697483134,-0.01442258697483134,0.0,-0.060700351910623646,-0.060700351910623646,0.0,0.7175243247660762,0.7175243247660762,0.8708636347025775,0.8708636347025775
real_digits_aligned,box,6000,0.05,1.0,estimated_residual_lowp_supported,ctmle,estimated,xgboost,xgboost,if_residual,1.0,0.0|0.25|0.5|1.0,aipw_variance,-1.0,1.0,obsval,4.0,0.1,30,0.1,crossfit_rank_empty_standdown,1.0,4,50,4,3998.921716896817,-0.04463062715640054,-0.04463062715640054,-0.04463062715640054,0.0,4.3910376203643194e-05,1.6035763552408927e-05,0.0,0.5,0.0,reference,1.1842378929335004e-17,0.0,nan,nan,nan,,,nan,nan,nan,nan,nan,nan,nan,nan,0.0,0.1325,nan,0.0,0,26,nan,0.03270440251572327,0.0,0.0,0.0,-0.053582755660485835,-0.053582755660485835,0.0,nan,nan,0.7104486605071672,0.7104486605071672
real_digits_aligned,box,6000,0.05,1.0,estimated_residual_lowp_supported,ctmle,estimated,xgboost,xgboost,if_residual,1.0,0.0|0.25|0.5|1.0,aipw_variance,-1.0,1.0,obsval,4.0,0.1,30,0.1,crossfit_rank_empty_standdown,1.0,4,50,1,997.9614404570311,-0.06866633804203137,-0.06866633804203137,-0.06866633804203137,0.0,2.720664931406074e-05,-1.539267540949914e-05,0.0,0.5,0.0,reference,5.625129991434126e-18,0.0,nan,nan,nan,,,nan,nan,nan,nan,nan,nan,nan,nan,0.0,0.12483333333333334,nan,0.0,0,41,nan,0.05473965287049399,0.0,0.0,0.0,-0.07658026041737065,-0.07658026041737065,0.0,nan,nan,0.8757236007356546,0.8757236007356546
real_digits_aligned,box,6000,0.05,1.0,estimated_residual_lowp_supported,ctmle,estimated,xgboost,xgboost,if_residual,1.0,0.0|0.25|0.5|1.0,aipw_variance,-1.0,1.0,obsval,4.0,0.1,30,0.1,crossfit_rank_empty_standdown,1.0,4,50,2,1997.5391272120178,-0.0424612820945679,-0.0424612820945679,-0.0424612820945679,0.0,3.6031874693331174e-05,-2.1363574372887948e-05,0.0,0.5,0.0,reference,3.552713678800501e-18,0.0,nan,nan,nan,,,nan,nan,nan,nan,nan,nan,nan,nan,0.0,0.13333333333333333,nan,0.0,0,51,nan,0.06375,0.0,0.0,0.0,-0.07108385673520282,-0.07108385673520282,0.0,nan,nan,0.836303448271822,0.836303448271822
real_digits_aligned,box,6000,0.05,1.0,estimated_residual_lowp_supported,ctmle,estimated,xgboost,xgboost,if_residual,1.0,0.0|0.25|0.5|1.0,aipw_variance,-1.0,1.0,obsval,4.0,0.1,30,0.1,crossfit_rank_empty_standdown,1.0,4,50,3,2994.9694146011025,0.0034987753106799913,0.0034987753106799913,0.0034987753106799913,0.0,2.6340249458996776e-05,-1.265753973331529e-05,0.0,0.5,0.0,reference,6.5133084111342516e-18,0.0,nan,nan,nan,,,nan,nan,nan,nan,nan,nan,nan,nan,0.075,0.12916666666666668,0.7355555555555555,0.4270967741935484,65,38,0.14444444444444443,0.04903225806451613,-0.012718192583508795,-0.012718192583508795,0.0,-0.04995602107790876,-0.04995602107790876,0.0,0.7037770459888326,0.7037770459888326,0.7497825589867803,0.7497825589867803
real_digits_aligned,box,6000,0.05,1.0,estimated_residual_lowp_supported,ctmle,estimated,xgboost,xgboost,if_residual,1.0,0.0|0.25|0.5|1.0,aipw_variance,-1.0,1.0,obsval,4.0,0.1,30,0.1,crossfit_rank_empty_standdown,1.0,4,50,4,3988.509345243685,-0.06536672230563906,-0.06536672230563906,-0.06536672230563906,0.0,3.526112732968388e-05,1.7756590456452352e-06,0.0,0.5,0.0,reference,-1.1842378929335003e-18,0.0,nan,nan,nan,,,nan,nan,nan,nan,nan,nan,nan,nan,0.1,0.13483333333333333,0.7633333333333333,0.5661310259579728,70,33,0.11666666666666667,0.0407911001236094,-0.0399257179875513,-0.0399257179875513,0.0,-0.07191898982422101,-0.07191898982422101,0.0,0.733820517858438,0.733820517858438,0.7847719066544856,0.7847719066544856
real_digits_aligned,box,6000,0.05,1.0,estimated_residual_lowp_supported,ctmle,estimated,xgboost,xgboost,if_residual,1.0,0.0|0.25|0.5|1.0,aipw_variance,-1.0,1.0,obsval,4.0,0.1,30,0.1,crossfit_rank_empty_standdown,1.0,4,50,1,984.7202224386856,-0.06527407419474412,-0.06527407419474412,-0.06527407419474412,0.0,2.1934884423735783e-05,-7.906833899882701e-06,0.0,0.5,0.0,reference,5.921189464667502e-18,5.551115123125783e-17,nan,nan,nan,,,nan,nan,nan,nan,nan,nan,nan,nan,0.0,0.12333333333333334,nan,0.0,0,39,nan,0.052702702702702706,0.0,0.0,0.0,-0.05919894348290874,-0.05919894348290874,0.0,nan,nan,0.7780635467364597,0.7780635467364597
real_digits_aligned,box,6000,0.05,1.0,estimated_residual_lowp_supported,ctmle,estimated,xgboost,xgboost,if_residual,1.0,0.0|0.25|0.5|1.0,aipw_variance,-1.0,1.0,obsval,4.0,0.1,30,0.1,crossfit_rank_empty_standdown,1.0,4,50,2,1982.365372008644,-0.09144419903609041,-0.09144419903609041,-0.09144419903609041,0.0,2.1649394196017403e-05,-1.4499642849050479e-05,0.0,0.5,0.0,reference,3.552713678800501e-18,0.0,nan,nan,nan,,,nan,nan,nan,nan,nan,nan,nan,nan,0.0,0.13516666666666666,nan,0.0,0,41,nan,0.05055487053020962,0.0,0.0,0.0,-0.06593663516535375,-0.06593663516535375,0.0,nan,nan,0.7705738603175739,0.7705738603175739
real_digits_aligned,box,6000,0.05,1.0,estimated_residual_lowp_supported,ctmle,estimated,xgboost,xgboost,if_residual,1.0,0.0|0.25|0.5|1.0,aipw_variance,-1.0,1.0,obsval,4.0,0.1,30,0.1,crossfit_rank_empty_standdown,1.0,4,50,3,2976.0938777644187,-0.06945925170584616,-0.06945925170584616,-0.06945925170584616,0.0,2.8591142333614632e-05,-4.266949415532902e-05,0.0,0.5,0.0,reference,-4.736951571734001e-18,0.0,nan,nan,nan,,,nan,nan,nan,nan,nan,nan,nan,nan,0.0,0.13266666666666665,nan,0.0,0,38,nan,0.04773869346733668,0.0,0.0,0.0,-0.07193100634194015,-0.07193100634194015,0.0,nan,nan,0.8352351411841935,0.8352351411841935
real_digits_aligned,box,6000,0.05,1.0,estimated_residual_lowp_supported,ctmle,estimated,xgboost,xgboost,if_residual,1.0,0.0|0.25|0.5|1.0,aipw_variance,-1.0,1.0,obsval,4.0,0.1,30,0.1,crossfit_rank_empty_standdown,1.0,4,50,4,3971.5000628838316,-0.051782212289072094,-0.051782212289072094,-0.051782212289072094,0.0,3.4667009791020044e-05,-2.6331492619707006e-05,0.0,0.5,0.0,reference,0.0,-5.551115123125783e-17,nan,nan,nan,,,nan,nan,nan,nan,nan,nan,nan,nan,0.0,0.13183333333333333,nan,0.0,0,38,nan,0.04804045512010114,0.0,0.0,0.0,-0.07866905257107112,-0.07866905257107112,0.0,nan,nan,0.865395037575041,0.865395037575041
real_digits_aligned,box,6000,0.05,1.0,estimated_residual_lowp_supported,ctmle,estimated,xgboost,xgboost,if_residual,1.0,0.0|0.25|0.5|1.0,aipw_variance,-1.0,1.0,obsval,4.0,0.1,30,0.1,crossfit_rank_empty_standdown,1.0,4,50,1,984.8647591788322,-0.06179330863286825,-0.06179330863286825,-0.06179330863286825,0.0,3.274023299889976e-05,6.590626172386948e-06,0.0,0.5,0.0,reference,0.0,0.0,nan,nan,nan,,,nan,nan,nan,nan,nan,nan,nan,nan,0.0,0.13033333333333333,nan,0.0,0,44,nan,0.056265984654731455,0.0,0.0,0.0,-0.06929525095077246,-0.06929525095077246,0.0,nan,nan,0.7880013471454366,0.7880013471454366
real_digits_aligned,box,6000,0.05,1.0,estimated_residual_lowp_supported,ctmle,estimated,xgboost,xgboost,if_residual,1.0,0.0|0.25|0.5|1.0,aipw_variance,-1.0,1.0,obsval,4.0,0.1,30,0.1,crossfit_rank_empty_standdown,1.0,4,50,2,1979.5812383433804,-0.0449202369261516,-0.0449202369261516,-0.0449202369261516,0.0,2.3504441861683348e-05,8.323236131596557e-06,0.0,0.5,0.0,reference,0.0,0.0,nan,nan,nan,,,nan,nan,nan,nan,nan,nan,nan,nan,0.0,0.117,nan,0.0,0,39,nan,0.05555555555555555,0.0,0.0,0.0,-0.06114512927893609,-0.06114512927893609,0.0,nan,nan,0.8376921720414018,0.8376921720414018
real_digits_aligned,box,6000,0.05,1.0,estimated_residual_lowp_supported,ctmle,estimated,xgboost,xgboost,if_residual,1.0,0.0|0.25|0.5|1.0,aipw_variance,-1.0,1.0,obsval,4.0,0.1,30,0.1,crossfit_rank_empty_standdown,1.0,4,50,3,2986.291246360168,0.004026959612776326,0.004026959612776326,0.004026959612776326,0.0,3.7017275311675016e-05,-4.713942622527157e-05,0.0,0.5,0.0,reference,9.473903143468002e-18,0.0,nan,nan,nan,,,nan,nan,nan,nan,nan,nan,nan,nan,0.05,0.12433333333333334,0.7133333333333334,0.2868632707774799,44,35,0.14666666666666667,0.04691689008042895,-0.012991959486957881,-0.012991959486957881,0.0,-0.0495646606940256,-0.0495646606940256,0.0,0.6567895617005873,0.6567895617005873,0.7505351974652854,0.7505351974652854
real_digits_aligned,box,6000,0.05,1.0,estimated_residual_lowp_supported,ctmle,estimated,xgboost,xgboost,if_residual,1.0,0.0|0.25|0.5|1.0,aipw_variance,-1.0,1.0,obsval,4.0,0.1,30,0.1,crossfit_rank_empty_standdown,1.0,4,50,4,3986.938506386243,0.007805564503479578,0.007805564503479578,0.007805564503479578,0.0,3.279774026513759e-05,-1.9053401879538215e-05,0.0,0.5,0.0,reference,3.552713678800501e-18,5.551115123125783e-17,nan,nan,nan,,,nan,nan,nan,nan,nan,nan,nan,nan,0.1,0.133,0.7366666666666667,0.5538847117794486,80,57,0.13333333333333333,0.07142857142857142,-0.019534012070069384,-0.019534012070069384,0.0,-0.05068599133894417,-0.05068599133894417,0.0,0.6122442808992669,0.6122442808992669,0.6811277773183962,0.6811277773183962
real_digits_aligned,box,6000,0.05,1.0,estimated_residual_lowp_supported,ctmle,estimated,xgboost,xgboost,if_residual,1.0,0.0|0.25|0.5|1.0,aipw_variance,-1.0,1.0,obsval,4.0,0.1,30,0.1,crossfit_rank_empty_standdown,1.0,4,50,1,991.5324812466279,-0.07762169844145167,-0.07762169844145167,-0.07762169844145167,0.0,2.5580780952714805e-05,-5.027338618030647e-06,0.0,0.5,0.0,reference,7.105427357601002e-18,0.0,nan,nan,nan,,,nan,nan,nan,nan,nan,nan,nan,nan,0.0,0.13166666666666665,nan,0.0,0,48,nan,0.060759493670886074,0.0,0.0,0.0,-0.07413073843583211,-0.07413073843583211,0.0,nan,nan,0.8343815301307563,0.8343815301307563
real_digits_aligned,box,6000,0.05,1.0,estimated_residual_lowp_supported,ctmle,estimated,xgboost,xgboost,if_residual,1.0,0.0|0.25|0.5|1.0,aipw_variance,-1.0,1.0,obsval,4.0,0.1,30,0.1,crossfit_rank_empty_standdown,1.0,4,50,2,1990.7608305960894,-0.0342737988409923,-0.0342737988409923,-0.0342737988409923,0.0,3.212304409335115e-05,-2.7352790393525984e-05,0.0,0.5,0.0,reference,-2.960594732333751e-18,0.0,nan,nan,nan,,,nan,nan,nan,nan,nan,nan,nan,nan,0.05,0.12183333333333334,0.76,0.3119015047879617,37,35,0.12333333333333334,0.047879616963064295,-0.015977971151245798,-0.015977971151245798,0.0,-0.062012077730257055,-0.062012077730257055,0.0,0.7479539362721306,0.7479539362721306,0.8292669335054986,0.8292669335054986
real_digits_aligned,box,6000,0.05,1.0,estimated_residual_lowp_supported,ctmle,estimated,xgboost,xgboost,if_residual,1.0,0.0|0.25|0.5|1.0,aipw_variance,-1.0,1.0,obsval,4.0,0.1,30,0.1,crossfit_rank_empty_standdown,1.0,4,50,3,2991.809963800013,-0.07872291905998363,-0.07872291905998363,-0.07872291905998363,0.0,3.4098036896554264e-05,-3.1413485221333374e-05,0.0,0.5,0.0,reference,1.6579330501069006e-17,2.7755575615628914e-17,nan,nan,nan,,,nan,nan,nan,nan,nan,nan,nan,nan,0.075,0.127,0.7444444444444445,0.43963254593175854,52,34,0.11555555555555555,0.04461942257217848,-0.02867302688436131,-0.02867302688436131,0.0,-0.0695894750778676,-0.0695894750778676,0.0,0.7523196853259217,0.7523196853259217,0.8503623315602693,0.8503623315602693
real_digits_aligned,box,6000,0.05,1.0,estimated_residual_lowp_supported,ctmle,estimated,xgboost,xgboost,if_residual,1.0,0.0|0.25|0.5|1.0,aipw_variance,-1.0,1.0,obsval,4.0,0.1,30,0.1,crossfit_rank_empty_standdown,1.0,4,50,4,4003.2586336825043,-0.05858946699352158,-0.05858946699352158,-0.05858946699352158,0.0,2.0648281252275223e-05,-7.443006609271822e-06,0.0,0.5,0.0,reference,-5.921189464667502e-18,0.0,nan,nan,nan,,,nan,nan,nan,nan,nan,nan,nan,nan,0.0,0.1165,nan,0.0,0,39,nan,0.055793991416309016,0.0,0.0,0.0,-0.05544118091771071,-0.05544118091771071,0.0,nan,nan,0.7938942982119582,0.7938942982119582
real_digits_aligned,box,6000,0.05,2.0,estimated_residual_lowp_supported,ctmle,estimated,xgboost,xgboost,if_residual,1.0,0.0|0.25|0.5|1.0,aipw_variance,-1.0,1.0,obsval,4.0,0.1,30,0.1,crossfit_rank_empty_standdown,1.0,4,50,1,979.9654209343717,-0.15180900718717305,-0.15180900718717305,-0.15180900718717305,0.0,5.184208569177103e-05,-3.381977172356519e-05,0.0,0.5,0.0,reference,1.3026616822268503e-17,0.0,nan,nan,nan,,,nan,nan,nan,nan,nan,nan,nan,nan,0.1,0.1295,0.7416666666666667,0.5727155727155727,80,35,0.13333333333333333,0.04504504504504504,-0.0904072343309227,-0.0904072343309227,0.0,-0.16548022704954227,-0.16548022704954227,0.0,1.328279564324762,1.328279564324762,1.547723707952475,1.547723707952475
real_digits_aligned,box,6000,0.05,2.0,estimated_residual_lowp_supported,ctmle,estimated,xgboost,xgboost,if_residual,1.0,0.0|0.25|0.5|1.0,aipw_variance,-1.0,1.0,obsval,4.0,0.1,30,0.1,crossfit_rank_empty_standdown,1.0,4,50,2,1969.9680145364255,-0.11179395461081504,-0.11179395461081504,-0.11179395461081504,0.0,3.2882656321185796e-05,-9.082640093675918e-06,0.0,0.5,0.0,reference,2.3684757858670005e-18,0.0,nan,nan,nan,,,nan,nan,nan,nan,nan,nan,nan,nan,0.1,0.12383333333333334,0.69,0.5572005383580081,104,44,0.17333333333333334,0.059219380888290714,-0.07781170092316218,-0.07781170092316218,0.0,-0.14852225995163107,-0.14852225995163107,0.0,1.2670557411187953,1.2670557411187953,1.488965720980415,1.488965720980415
real_digits_aligned,box,6000,0.05,2.0,estimated_residual_lowp_supported,ctmle,estimated,xgboost,xgboost,if_residual,1.0,0.0|0.25|0.5|1.0,aipw_variance,-1.0,1.0,obsval,4.0,0.1,30,0.1,crossfit_rank_empty_standdown,1.0,4,50,3,2971.241270793602,-0.14787712351960658,-0.14787712351960658,-0.14787712351960658,0.0,3.617432210146186e-05,-7.077534337690658e-06,0.0,0.5,0.0,reference,-2.3684757858670005e-18,0.0,nan,nan,nan,,,nan,nan,nan,nan,nan,nan,nan,nan,0.1,0.1265,0.75,0.5928853754940712,78,44,0.13,0.057971014492753624,-0.09384157952021978,-0.09384157952021978,0.0,-0.1656132693860081,-0.1656132693860081,0.0,1.3437227365674198,1.3437227365674198,1.5583009377551056,1.5583009377551056
real_digits_aligned,box,6000,0.05,2.0,estimated_residual_lowp_supported,ctmle,estimated,xgboost,xgboost,if_residual,1.0,0.0|0.25|0.5|1.0,aipw_variance,-1.0,1.0,obsval,4.0,0.1,30,0.1,crossfit_rank_empty_standdown,1.0,4,50,4,3970.994298589416,-0.10195298395891972,-0.10195298395891972,-0.10195298395891972,0.0,3.0449278152951402e-05,-1.2174832943422727e-05,0.0,0.5,0.0,reference,8.289665250534503e-18,5.551115123125783e-17,nan,nan,nan,,,nan,nan,nan,nan,nan,nan,nan,nan,0.1,0.11883333333333333,0.7066666666666667,0.5946704067321178,77,37,0.12833333333333333,0.051893408134642355,-0.07693051352714857,-0.07693051352714857,0.0,-0.14235873626685425,-0.14235873626685425,0.0,1.24573077271876,1.24573077271876,1.4923835537848116,1.4923835537848116
real_digits_aligned,box,6000,0.05,2.0,estimated_residual_lowp_supported,ctmle,estimated,xgboost,xgboost,if_residual,1.0,0.0|0.25|0.5|1.0,aipw_variance,-1.0,1.0,obsval,4.0,0.1,30,0.1,crossfit_rank_empty_standdown,1.0,4,50,1,996.7111297743395,-0.1484607123228776,-0.1484607123228776,-0.1484607123228776,0.0,3.6105040500464996e-05,-2.8126823850456993e-05,0.0,0.5,0.0,reference,0.0,0.0,nan,nan,nan,,,nan,nan,nan,nan,nan,nan,nan,nan,0.1,0.11483333333333333,0.6433333333333333,0.5602322206095791,97,37,0.16166666666666665,0.05370101596516691,-0.08374705571564711,-0.08374705571564711,0.0,-0.1566893976872053,-0.1566893976872053,0.0,1.3184381010851614,1.3184381010851614,1.6530247336039023,1.6530247336039023
real_digits_aligned,box,6000,0.05,2.0,estimated_residual_lowp_supported,ctmle,estimated,xgboost,xgboost,if_residual,1.0,0.0|0.25|0.5|1.0,aipw_variance,-1.0,1.0,obsval,4.0,0.1,30,0.1,crossfit_rank_empty_standdown,1.0,4,50,2,1988.4018580000848,-0.1239626329925656,-0.1239626329925656,-0.1239626329925656,0.0,3.7453935128335344e-05,-2.507758109109682e-05,0.0,0.5,0.0,reference,0.0,0.0,nan,nan,nan,,,nan,nan,nan,nan,nan,nan,nan,nan,0.1,0.12483333333333334,0.745,0.5967957276368492,66,38,0.11,0.050734312416555405,-0.08232464567485757,-0.08232464567485757,0.0,-0.15071701497144757,-0.15071701497144757,0.0,1.2688561326527916,1.2688561326527916,1.4999375236588366,1.4999375236588366
real_digits_aligned,box,6000,0.05,2.0,estimated_residual_lowp_supported,ctmle,estimated,xgboost,xgboost,if_residual,1.0,0.0|0.25|0.5|1.0,aipw_variance,-1.0,1.0,obsval,4.0,0.1,30,0.1,crossfit_rank_empty_standdown,1.0,4,50,3,2999.6320290779695,-0.12994785577069023,-0.12994785577069023,-0.12994785577069023,0.0,2.9919975163575645e-05,3.086585094407403e-07,0.0,0.5,0.0,reference,-4.736951571734001e-18,0.0,nan,nan,nan,,,nan,nan,nan,nan,nan,nan,nan,nan,0.075,0.11983333333333333,0.6844444444444444,0.4283727399165508,76,37,0.1688888888888889,0.05146036161335188,-0.05464700416534974,-0.05464700416534974,0.0,-0.13790915434952655,-0.13790915434952655,0.0,1.2382023497114234,1.2382023497114234,1.4764218650187035,1.4764218650187035
real_digits_aligned,box,6000,0.05,2.0,estimated_residual_lowp_supported,ctmle,estimated,xgboost,xgboost,if_residual,1.0,0.0|0.25|0.5|1.0,aipw_variance,-1.0,1.0,obsval,4.0,0.1,30,0.1,crossfit_rank_empty_standdown,1.0,4,50,4,3986.5503458539024,-0.05825537005268172,-0.05825537005268172,-0.05825537005268172,0.0,3.0174091153436795e-05,-1.6816998499966313e-05,0.0,0.5,0.0,reference,4.736951571734001e-18,0.0,nan,nan,nan,,,nan,nan,nan,nan,nan,nan,nan,nan,0.0,0.12566666666666668,nan,0.0,0,45,nan,0.05968169761273209,0.0,0.0,0.0,-0.14087743663389124,-0.14087743663389124,0.0,nan,nan,1.4293774389546137,1.4293774389546137
real_digits_aligned,box,6000,0.05,2.0,estimated_residual_lowp_supported,ctmle,estimated,xgboost,xgboost,if_residual,1.0,0.0|0.25|0.5|1.0,aipw_variance,-1.0,1.0,obsval,4.0,0.1,30,0.1,crossfit_rank_empty_standdown,1.0,4,50,1,977.0262706317008,-0.1789215435701948,-0.1789215435701948,-0.1789215435701948,0.0,4.007544143672364e-05,7.358060740295504e-06,0.0,0.5,0.0,reference,-7.105427357601002e-18,0.0,nan,nan,nan,,,nan,nan,nan,nan,nan,nan,nan,nan,0.0,0.1245,nan,0.0,0,34,nan,0.04551539491298527,0.0,0.0,0.0,-0.1735902186500565,-0.1735902186500565,0.0,nan,nan,1.6502710608706666,1.6502710608706666
real_digits_aligned,box,6000,0.05,2.0,estimated_residual_lowp_supported,ctmle,estimated,xgboost,xgboost,if_residual,1.0,0.0|0.25|0.5|1.0,aipw_variance,-1.0,1.0,obsval,4.0,0.1,30,0.1,crossfit_rank_empty_standdown,1.0,4,50,2,1976.4533148240298,-0.16430655193503618,-0.16430655193503618,-0.16430655193503618,0.0,5.02329780317039e-05,-4.559507796031903e-05,0.0,0.5,0.0,reference,0.0,0.0,nan,nan,nan,,,nan,nan,nan,nan,nan,nan,nan,nan,0.1,0.1365,0.7466666666666667,0.5470085470085471,79,41,0.13166666666666665,0.050061050061050064,-0.09332779222821491,-0.09332779222821491,0.0,-0.1805705450599998,-0.1805705450599998,0.0,1.3848467131187814,1.3848467131187814,1.617674290382333,1.617674290382333
real_digits_aligned,box,6000,0.05,2.0,estimated_residual_lowp_supported,ctmle,estimated,xgboost,xgboost,if_residual,1.0,0.0|0.25|0.5|1.0,aipw_variance,-1.0,1.0,obsval,4.0,0.1,30,0.1,crossfit_rank_empty_standdown,1.0,4,50,3,2983.7963269446045,-0.14655352514825115,-0.14655352514825115,-0.14655352514825115,0.0,3.6345541645186946e-05,-3.7481809514618007e-06,0.0,0.5,0.0,reference,4.736951571734001e-18,0.0,nan,nan,nan,,,nan,nan,nan,nan,nan,nan,nan,nan,0.05,0.128,0.74,0.2890625,43,41,0.14333333333333334,0.053385416666666664,-0.04110932312285075,-0.04110932312285075,0.0,-0.1608684084618682,-0.1608684084618682,0.0,1.2941459352677698,1.2941459352677698,1.5521496297934052,1.5521496297934052
real_digits_aligned,box,6000,0.05,2.0,estimated_residual_lowp_supported,ctmle,estimated,xgboost,xgboost,if_residual,1.0,0.0|0.25|0.5|1.0,aipw_variance,-1.0,1.0,obsval,4.0,0.1,30,0.1,crossfit_rank_empty_standdown,1.0,4,50,4,3972.7862089313567,-0.11834620639553062,-0.11834620639553062,-0.11834620639553062,0.0,3.507476483977068e-05,-2.6164534943837344e-05,0.0,0.5,0.0,reference,1.1842378929335004e-17,-5.551115123125783e-17,nan,nan,nan,,,nan,nan,nan,nan,nan,nan,nan,nan,0.1,0.125,0.6966666666666667,0.5573333333333333,70,39,0.11666666666666667,0.052,-0.08025296183941165,-0.08025296183941165,0.0,-0.15425286376298333,-0.15425286376298333,0.0,1.2567650449929713,1.2567650449929713,1.4797687514899867,1.4797687514899867
real_digits_aligned,box,6000,0.05,2.0,estimated_residual_lowp_supported,ctmle,estimated,xgboost,xgboost,if_residual,1.0,0.0|0.25|0.5|1.0,aipw_variance,-1.0,1.0,obsval,4.0,0.1,30,0.1,crossfit_rank_empty_standdown,1.0,4,50,1,983.8033521110192,-0.14801986910757398,-0.14801986910757398,-0.14801986910757398,0.0,3.6881101150729395e-05,-3.0015549532057977e-05,0.0,0.5,0.0,reference,2.1316282072803006e-17,0.0,nan,nan,nan,,,nan,nan,nan,nan,nan,nan,nan,nan,0.1,0.13333333333333333,0.715,0.53625,70,39,0.11666666666666667,0.04875,-0.08100427837971502,-0.08100427837971502,0.0,-0.16494216823277552,-0.16494216823277552,0.0,1.2641280393122674,1.2641280393122674,1.513833970183351,1.513833970183351
real_digits_aligned,box,6000,0.05,2.0,estimated_residual_lowp_supported,ctmle,estimated,xgboost,xgboost,if_residual,1.0,0.0|0.25|0.5|1.0,aipw_variance,-1.0,1.0,obsval,4.0,0.1,30,0.1,crossfit_rank_empty_standdown,1.0,4,50,2,1987.9890127871186,-0.21261037976489106,-0.21261037976489106,-0.21261037976489106,0.0,3.42063048488938e-05,-2.6675481667707223e-05,0.0,0.5,0.0,reference,1.1842378929335003e-18,5.551115123125783e-17,nan,nan,nan,,,nan,nan,nan,nan,nan,nan,nan,nan,0.075,0.13466666666666666,0.8355555555555556,0.46534653465346537,38,33,0.08444444444444445,0.04084158415841584,-0.0812125347430683,-0.0812125347430683,0.0,-0.18593632499551166,-0.18593632499551166,0.0,1.4700146804240637,1.4700146804240637,1.6623737788836916,1.6623737788836916
real_digits_aligned,box,6000,0.05,2.0,estimated_residual_lowp_supported,ctmle,estimated,xgboost,xgboost,if_residual,1.0,0.0|0.25|0.5|1.0,aipw_variance,-1.0,1.0,obsval,4.0,0.1,30,0.1,crossfit_rank_empty_standdown,1.0,4,50,3,2991.5482288766652,-0.12747088041435406,-0.12747088041435406,-0.12747088041435406,0.0,3.69722837894542e-05,-3.4820213140750894e-06,0.0,0.5,0.0,reference,7.105427357601002e-18,-5.551115123125783e-17,nan,nan,nan,,,nan,nan,nan,nan,nan,nan,nan,nan,0.075,0.1345,0.7422222222222222,0.4138785625774473,68,40,0.1511111111111111,0.04956629491945477,-0.06606121602886007,-0.06606121602886007,0.0,-0.1681665567047396,-0.1681665567047396,0.0,1.3153553286169188,1.3153553286169188,1.5244664026512857,1.5244664026512857
real_digits_aligned,box,6000,0.05,2.0,estimated_residual_lowp_supported,ctmle,estimated,xgboost,xgboost,if_residual,1.0,0.0|0.25|0.5|1.0,aipw_variance,-1.0,1.0,obsval,4.0,0.1,30,0.1,crossfit_rank_empty_standdown,1.0,4,50,4,3986.048703772947,-0.14632294263470336,-0.14632294263470336,-0.14632294263470336,0.0,2.6486775430898573e-05,9.341124940397333e-06,0.0,0.5,0.0,reference,-2.3684757858670005e-18,0.0,nan,nan,nan,,,nan,nan,nan,nan,nan,nan,nan,nan,0.1,0.12166666666666667,0.6733333333333333,0.5534246575342465,93,45,0.155,0.06164383561643835,-0.08231877748741617,-0.08231877748741617,0.0,-0.15439802283078333,-0.15439802283078333,0.0,1.3263188766816354,1.3263188766816354,1.5710355921887884,1.5710355921887884
real_digits_aligned,box,6000,0.05,2.0,estimated_residual_lowp_supported,ctmle,estimated,xgboost,xgboost,if_residual,1.0,0.0|0.25|0.5|1.0,aipw_variance,-1.0,1.0,obsval,4.0,0.1,30,0.1,crossfit_rank_empty_standdown,1.0,4,50,1,983.7742602918297,-0.1358629072385652,-0.1358629072385652,-0.1358629072385652,0.0,3.904729326421918e-05,-1.4229822089134874e-05,0.0,0.5,0.0,reference,3.552713678800501e-18,0.0,nan,nan,nan,,,nan,nan,nan,nan,nan,nan,nan,nan,0.05,0.12633333333333333,0.8,0.316622691292876,34,36,0.11333333333333333,0.047493403693931395,-0.04260796670119062,-0.04260796670119062,0.0,-0.16001980810061536,-0.16001980810061536,0.0,1.2249435748179474,1.2249435748179474,1.5359589904017021,1.5359589904017021
real_digits_aligned,box,6000,0.05,2.0,estimated_residual_lowp_supported,ctmle,estimated,xgboost,xgboost,if_residual,1.0,0.0|0.25|0.5|1.0,aipw_variance,-1.0,1.0,obsval,4.0,0.1,30,0.1,crossfit_rank_empty_standdown,1.0,4,50,2,1978.5486043691635,-0.11958519659299943,-0.11958519659299943,-0.11958519659299943,0.0,4.314655858282863e-05,-2.672262479841821e-05,0.0,0.5,0.0,reference,9.473903143468002e-18,0.0,nan,nan,nan,,,nan,nan,nan,nan,nan,nan,nan,nan,0.1,0.12816666666666668,0.7033333333333334,0.5487646293888166,72,37,0.12,0.04811443433029909,-0.07993878954688033,-0.07993878954688033,0.0,-0.15526404802636867,-0.15526404802636867,0.0,1.2433515310878571,1.2433515310878571,1.4695877424730794,1.4695877424730794
real_digits_aligned,box,6000,0.05,2.0,estimated_residual_lowp_supported,ctmle,estimated,xgboost,xgboost,if_residual,1.0,0.0|0.25|0.5|1.0,aipw_variance,-1.0,1.0,obsval,4.0,0.1,30,0.1,crossfit_rank_empty_standdown,1.0,4,50,3,2975.706903268583,-0.1268143551751575,-0.1268143551751575,-0.1268143551751575,0.0,3.11661351435242e-05,-4.419194282146078e-05,0.0,0.5,0.0,reference,-1.1842378929335004e-17,0.0,nan,nan,nan,,,nan,nan,nan,nan,nan,nan,nan,nan,0.05,0.128,0.62,0.2421875,54,43,0.18,0.055989583333333336,-0.03701828355366155,-0.03701828355366155,0.0,-0.15385302372422036,-0.15385302372422036,0.0,1.2169511561856259,1.2169511561856259,1.471529026435517,1.471529026435517
real_digits_aligned,box,6000,0.05,2.0,estimated_residual_lowp_supported,ctmle,estimated,xgboost,xgboost,if_residual,1.0,0.0|0.25|0.5|1.0,aipw_variance,-1.0,1.0,obsval,4.0,0.1,30,0.1,crossfit_rank_empty_standdown,1.0,4,50,4,3968.818552051671,-0.16307733219875314,-0.16307733219875314,-0.16307733219875314,0.0,3.747071229471188e-05,-1.716995129523056e-05,0.0,0.5,0.0,reference,1.9539925233402754e-17,-5.551115123125783e-17,nan,nan,nan,,,nan,nan,nan,nan,nan,nan,nan,nan,0.1,0.131,0.7183333333333334,0.5483460559796438,76,33,0.12666666666666668,0.04198473282442748,-0.09156322315408459,-0.09156322315408459,0.0,-0.17452746990542045,-0.17452746990542045,0.0,1.408732823186043,1.408732823186043,1.617707358524428,1.617707358524428
real_digits_aligned,box,6000,0.05,2.0,estimated_residual_lowp_supported,ctmle,estimated,xgboost,xgboost,if_residual,1.0,0.0|0.25|0.5|1.0,aipw_variance,-1.0,1.0,obsval,4.0,0.1,30,0.1,crossfit_rank_empty_standdown,1.0,4,50,1,984.2215359564871,-0.16844892579415166,-0.16844892579415166,-0.16844892579415166,0.0,3.2036600829291094e-05,-1.6215160570620256e-05,0.0,0.5,0.0,reference,1.8947806286936004e-17,-5.551115123125783e-17,nan,nan,nan,,,nan,nan,nan,nan,nan,nan,nan,nan,0.1,0.119,0.6783333333333333,0.5700280112044818,90,35,0.15,0.049019607843137254,-0.08694723672454349,-0.08694723672454349,0.0,-0.16347225385642003,-0.16347225385642003,0.0,1.3469967382764407,1.3469967382764407,1.65379889949494,1.65379889949494
real_digits_aligned,box,6000,0.05,2.0,estimated_residual_lowp_supported,ctmle,estimated,xgboost,xgboost,if_residual,1.0,0.0|0.25|0.5|1.0,aipw_variance,-1.0,1.0,obsval,4.0,0.1,30,0.1,crossfit_rank_empty_standdown,1.0,4,50,2,1983.106802932918,-0.12605755074797992,-0.12605755074797992,-0.12605755074797992,0.0,4.491467533070906e-05,-8.140260674069691e-06,0.0,0.5,0.0,reference,-8.289665250534503e-18,0.0,nan,nan,nan,,,nan,nan,nan,nan,nan,nan,nan,nan,0.1,0.13166666666666665,0.735,0.5582278481012658,74,40,0.12333333333333334,0.05063291139240506,-0.07658461276731839,-0.07658461276731839,0.0,-0.152841333651738,-0.152841333651738,0.0,1.1930669814336636,1.1930669814336636,1.4345222916081795,1.4345222916081795
real_digits_aligned,box,6000,0.05,2.0,estimated_residual_lowp_supported,ctmle,estimated,xgboost,xgboost,if_residual,1.0,0.0|0.25|0.5|1.0,aipw_variance,-1.0,1.0,obsval,4.0,0.1,30,0.1,crossfit_rank_empty_standdown,1.0,4,50,3,2989.155993753113,-0.18631698126122465,-0.18631698126122465,-0.18631698126122465,0.0,3.320456560382615e-05,-4.932966798942633e-06,0.0,0.5,0.0,reference,0.0,0.0,nan,nan,nan,,,nan,nan,nan,nan,nan,nan,nan,nan,0.0,0.13083333333333333,nan,0.0,0,39,nan,0.049681528662420385,0.0,0.0,0.0,-0.1765603948223021,-0.1765603948223021,0.0,nan,nan,1.623767819266445,1.623767819266445
real_digits_aligned,box,6000,0.05,2.0,estimated_residual_lowp_supported,ctmle,estimated,xgboost,xgboost,if_residual,1.0,0.0|0.25|0.5|1.0,aipw_variance,-1.0,1.0,obsval,4.0,0.1,30,0.1,crossfit_rank_empty_standdown,1.0,4,50,4,3984.1301380842924,-0.06777193378201041,-0.06777193378201041,-0.06777193378201041,0.0,3.971513446044653e-05,-1.820153012094955e-05,0.0,0.5,0.0,reference,4.736951571734001e-18,0.0,nan,nan,nan,,,nan,nan,nan,nan,nan,nan,nan,nan,0.1,0.119,0.705,0.592436974789916,99,43,0.165,0.06022408963585434,-0.06340990875752045,-0.06340990875752045,0.0,-0.12603006601336472,-0.12603006601336472,0.0,1.1460988103918344,1.1460988103918344,1.3940256078863258,1.3940256078863258
real_digits_aligned,box,6000,0.05,2.0,estimated_residual_lowp_supported,ctmle,estimated,xgboost,xgboost,if_residual,1.0,0.0|0.25|0.5|1.0,aipw_variance,-1.0,1.0,obsval,4.0,0.1,30,0.1,crossfit_rank_empty_standdown,1.0,4,50,1,986.8598686894402,-0.1980166925938227,-0.1980166925938227,-0.1980166925938227,0.0,3.524108493031092e-05,5.032955510684872e-06,0.0,0.5,0.0,reference,1.1842378929335003e-18,0.0,nan,nan,nan,,,nan,nan,nan,nan,nan,nan,nan,nan,0.05,0.12966666666666668,0.7966666666666666,0.30719794344473006,32,32,0.10666666666666667,0.04113110539845758,-0.04518575607192016,-0.04518575607192016,0.0,-0.1699558120149808,-0.1699558120149808,0.0,1.3115640966395845,1.3115640966395845,1.6005511016159897,1.6005511016159897
real_digits_aligned,box,6000,0.05,2.0,estimated_residual_lowp_supported,ctmle,estimated,xgboost,xgboost,if_residual,1.0,0.0|0.25|0.5|1.0,aipw_variance,-1.0,1.0,obsval,4.0,0.1,30,0.1,crossfit_rank_empty_standdown,1.0,4,50,2,1978.718994311057,-0.11775143678334754,-0.11775143678334754,-0.11775143678334754,0.0,2.473692913668472e-05,-1.4474640417483798e-05,0.0,0.5,0.0,reference,5.921189464667502e-18,0.0,nan,nan,nan,,,nan,nan,nan,nan,nan,nan,nan,nan,0.1,0.13233333333333333,0.725,0.5478589420654912,94,44,0.15666666666666668,0.055415617128463476,-0.07825308473051401,-0.07825308473051401,0.0,-0.1586868962887168,-0.1586868962887168,0.0,1.2110769921622002,1.2110769921622002,1.4536286234243654,1.4536286234243654
real_digits_aligned,box,6000,0.05,2.0,estimated_residual_lowp_supported,ctmle,estimated,xgboost,xgboost,if_residual,1.0,0.0|0.25|0.5|1.0,aipw_variance,-1.0,1.0,obsval,4.0,0.1,30,0.1,crossfit_rank_empty_standdown,1.0,4,50,3,2977.431368897669,-0.17276659218258206,-0.17276659218258206,-0.17276659218258206,0.0,4.084134108037305e-05,5.214427297201441e-07,0.0,0.5,0.0,reference,5.921189464667502e-18,0.0,nan,nan,nan,,,nan,nan,nan,nan,nan,nan,nan,nan,0.0,0.12566666666666668,nan,0.0,0,36,nan,0.04774535809018567,0.0,0.0,0.0,-0.17563325680940192,-0.17563325680940192,0.0,nan,nan,1.6713377657073485,1.6713377657073485
real_digits_aligned,box,6000,0.05,2.0,estimated_residual_lowp_supported,ctmle,estimated,xgboost,xgboost,if_residual,1.0,0.0|0.25|0.5|1.0,aipw_variance,-1.0,1.0,obsval,4.0,0.1,30,0.1,crossfit_rank_empty_standdown,1.0,4,50,4,3970.9259423976764,-0.12580353754211832,-0.12580353754211832,-0.12580353754211832,0.0,2.9814018198079514e-05,1.9215223857610235e-05,0.0,0.5,0.0,reference,1.0066022089934753e-17,5.551115123125783e-17,nan,nan,nan,,,nan,nan,nan,nan,nan,nan,nan,nan,0.1,0.12116666666666667,0.6983333333333334,0.5763411279229711,79,36,0.13166666666666665,0.04951856946354883,-0.0844139450066862,-0.0844139450066862,0.0,-0.15648286764058902,-0.15648286764058902,0.0,1.31432383002823,1.31432383002823,1.5593182377778099,1.5593182377778099
real_digits_aligned,box,6000,0.05,2.0,estimated_residual_lowp_supported,ctmle,estimated,xgboost,xgboost,if_residual,1.0,0.0|0.25|0.5|1.0,aipw_variance,-1.0,1.0,obsval,4.0,0.1,30,0.1,crossfit_rank_empty_standdown,1.0,4,50,1,983.5642229588702,-0.13368079933065485,-0.13368079933065485,-0.13368079933065485,0.0,3.995696379287684e-05,3.005843217114177e-06,0.0,0.5,0.0,reference,7.105427357601002e-18,-5.551115123125783e-17,nan,nan,nan,,,nan,nan,nan,nan,nan,nan,nan,nan,0.075,0.127,0.6133333333333333,0.36220472440944884,77,47,0.1711111111111111,0.06167979002624672,-0.05617965509807992,-0.05617965509807992,0.0,-0.1536460074999613,-0.1536460074999613,0.0,1.2263891061078194,1.2263891061078194,1.49290823891484,1.49290823891484
real_digits_aligned,box,6000,0.05,2.0,estimated_residual_lowp_supported,ctmle,estimated,xgboost,xgboost,if_residual,1.0,0.0|0.25|0.5|1.0,aipw_variance,-1.0,1.0,obsval,4.0,0.1,30,0.1,crossfit_rank_empty_standdown,1.0,4,50,2,1977.7914029303938,-0.12610297394858094,-0.12610297394858094,-0.12610297394858094,0.0,3.981389737827529e-05,1.72696309421079e-05,0.0,0.5,0.0,reference,7.105427357601002e-18,0.0,nan,nan,nan,,,nan,nan,nan,nan,nan,nan,nan,nan,0.05,0.13616666666666666,0.81,0.2974296205630355,34,43,0.11333333333333333,0.05263157894736842,-0.043254109004865315,-0.043254109004865315,0.0,-0.16965469421958054,-0.16965469421958054,0.0,1.2745212296264623,1.2745212296264623,1.508735608192652,1.508735608192652
real_digits_aligned,box,6000,0.05,2.0,estimated_residual_lowp_supported,ctmle,estimated,xgboost,xgboost,if_residual,1.0,0.0|0.25|0.5|1.0,aipw_variance,-1.0,1.0,obsval,4.0,0.1,30,0.1,crossfit_rank_empty_standdown,1.0,4,50,3,2974.2028479725122,-0.14126843417778084,-0.14126843417778084,-0.14126843417778084,0.0,3.597088739014267e-05,-6.170246271139954e-05,0.0,0.5,0.0,reference,-2.3684757858670005e-18,5.551115123125783e-17,nan,nan,nan,,,nan,nan,nan,nan,nan,nan,nan,nan,0.05,0.12733333333333333,0.8366666666666667,0.3285340314136126,37,35,0.12333333333333334,0.04581151832460733,-0.045894977334052345,-0.045894977334052345,0.0,-0.15495514633408827,-0.15495514633408827,0.0,1.305769157632747,1.305769157632747,1.511799272519607,1.511799272519607
real_digits_aligned,box,6000,0.05,2.0,estimated_residual_lowp_supported,ctmle,estimated,xgboost,xgboost,if_residual,1.0,0.0|0.25|0.5|1.0,aipw_variance,-1.0,1.0,obsval,4.0,0.1,30,0.1,crossfit_rank_empty_standdown,1.0,4,50,4,3974.8897882457823,-0.13801256620977415,-0.13801256620977415,-0.13801256620977415,0.0,3.476629672625542e-05,4.564717686460261e-06,0.0,0.5,0.0,reference,-1.4210854715202004e-17,5.551115123125783e-17,nan,nan,nan,,,nan,nan,nan,nan,nan,nan,nan,nan,0.1,0.13,0.705,0.5423076923076923,92,46,0.15333333333333332,0.05897435897435897,-0.07980854664525444,-0.07980854664525444,0.0,-0.15751848070557362,-0.15751848070557362,0.0,1.2281026513584532,1.2281026513584532,1.4757393521771427,1.4757393521771427
real_digits_aligned,box,6000,0.05,2.0,estimated_residual_lowp_supported,ctmle,estimated,xgboost,xgboost,if_residual,1.0,0.0|0.25|0.5|1.0,aipw_variance,-1.0,1.0,obsval,4.0,0.1,30,0.1,crossfit_rank_empty_standdown,1.0,4,50,1,996.543132388033,-0.16778404615570625,-0.16778404615570625,-0.16778404615570625,0.0,3.544563999654496e-05,-2.6495861286525793e-05,0.0,0.5,0.0,reference,-5.921189464667502e-18,0.0,nan,nan,nan,,,nan,nan,nan,nan,nan,nan,nan,nan,0.05,0.13266666666666665,0.7533333333333333,0.28391959798994976,36,41,0.12,0.05150753768844221,-0.04112136367057386,-0.04112136367057386,0.0,-0.1640432840375309,-0.1640432840375309,0.0,1.273030676673862,1.273030676673862,1.5190812664546571,1.5190812664546571
real_digits_aligned,box,6000,0.05,2.0,estimated_residual_lowp_supported,ctmle,estimated,xgboost,xgboost,if_residual,1.0,0.0|0.25|0.5|1.0,aipw_variance,-1.0,1.0,obsval,4.0,0.1,30,0.1,crossfit_rank_empty_standdown,1.0,4,50,2,1995.947843405418,-0.11769701128498095,-0.11769701128498095,-0.11769701128498095,0.0,4.738465606742004e-05,1.432246013081495e-05,0.0,0.5,0.0,reference,-1.1842378929335003e-18,0.0,nan,nan,nan,,,nan,nan,nan,nan,nan,nan,nan,nan,0.05,0.1365,0.81,0.2967032967032967,35,54,0.11666666666666667,0.06593406593406594,-0.037928925606235744,-0.037928925606235744,0.0,-0.16244978642438543,-0.16244978642438543,0.0,1.1987478054084397,1.1987478054084397,1.4806187822048391,1.4806187822048391
real_digits_aligned,box,6000,0.05,2.0,estimated_residual_lowp_supported,ctmle,estimated,xgboost,xgboost,if_residual,1.0,0.0|0.25|0.5|1.0,aipw_variance,-1.0,1.0,obsval,4.0,0.1,30,0.1,crossfit_rank_empty_standdown,1.0,4,50,3,2979.0875885775313,-0.12222958672369849,-0.12222958672369849,-0.12222958672369849,0.0,3.582916038347313e-05,-2.4032957985221264e-05,0.0,0.5,0.0,reference,1.1842378929335004e-17,-5.551115123125783e-17,nan,nan,nan,,,nan,nan,nan,nan,nan,nan,nan,nan,0.1,0.13116666666666665,0.7133333333333334,0.5438373570520966,83,43,0.13833333333333334,0.054637865311308764,-0.07313812357903009,-0.07313812357903009,0.0,-0.1523939496324898,-0.1523939496324898,0.0,1.193560317386796,1.193560317386796,1.4465669219580235,1.4465669219580235
real_digits_aligned,box,6000,0.05,2.0,estimated_residual_lowp_supported,ctmle,estimated,xgboost,xgboost,if_residual,1.0,0.0|0.25|0.5|1.0,aipw_variance,-1.0,1.0,obsval,4.0,0.1,30,0.1,crossfit_rank_empty_standdown,1.0,4,50,4,3964.6157842809334,-0.18552440728733782,-0.18552440728733782,-0.18552440728733782,0.0,3.994020435369578e-05,-5.057828149360654e-07,0.0,0.5,0.0,reference,-1.4210854715202004e-17,0.0,nan,nan,nan,,,nan,nan,nan,nan,nan,nan,nan,nan,0.1,0.13566666666666666,0.7433333333333333,0.547911547911548,75,34,0.125,0.04176904176904177,-0.1124169867234503,-0.1124169867234503,0.0,-0.20588908997483765,-0.20588908997483765,0.0,1.5554136367116906,1.5554136367116906,1.7704970736697285,1.7704970736697285
real_digits_aligned,box,6000,0.05,2.0,estimated_residual_lowp_supported,ctmle,estimated,xgboost,xgboost,if_residual,1.0,0.0|0.25|0.5|1.0,aipw_variance,-1.0,1.0,obsval,4.0,0.1,30,0.1,crossfit_rank_empty_standdown,1.0,4,50,1,1004.664369742386,-0.12738926849114768,-0.12738926849114768,-0.12738926849114768,0.0,3.0688908242740634e-05,-4.937493122304923e-07,0.0,0.5,0.0,reference,-1.5395092608135503e-17,0.0,nan,nan,nan,,,nan,nan,nan,nan,nan,nan,nan,nan,0.1,0.13,0.6766666666666666,0.5205128205128206,102,43,0.17,0.05512820512820513,-0.07658873976673289,-0.07658873976673289,0.0,-0.15997660025442687,-0.15997660025442687,0.0,1.2456177779541775,1.2456177779541775,1.5054955474708476,1.5054955474708476
real_digits_aligned,box,6000,0.05,2.0,estimated_residual_lowp_supported,ctmle,estimated,xgboost,xgboost,if_residual,1.0,0.0|0.25|0.5|1.0,aipw_variance,-1.0,1.0,obsval,4.0,0.1,30,0.1,crossfit_rank_empty_standdown,1.0,4,50,2,1998.2861562175676,-0.11756992078723177,-0.11756992078723177,-0.11756992078723177,0.0,3.646971866240836e-05,-2.505307375808626e-05,0.0,0.5,0.0,reference,-4.736951571734001e-18,0.0,nan,nan,nan,,,nan,nan,nan,nan,nan,nan,nan,nan,0.1,0.121,0.695,0.5743801652892562,89,40,0.14833333333333334,0.05509641873278237,-0.06390742738770826,-0.06390742738770826,0.0,-0.13100947018106648,-0.13100947018106648,0.0,1.1420862931173772,1.1420862931173772,1.406526853774387,1.406526853774387
real_digits_aligned,box,6000,0.05,2.0,estimated_residual_lowp_supported,ctmle,estimated,xgboost,xgboost,if_residual,1.0,0.0|0.25|0.5|1.0,aipw_variance,-1.0,1.0,obsval,4.0,0.1,30,0.1,crossfit_rank_empty_standdown,1.0,4,50,3,2992.9091503061354,-0.16062410738000144,-0.16062410738000144,-0.16062410738000144,0.0,3.0334182544299797e-05,-1.0532674146496006e-05,0.0,0.5,0.0,reference,1.4210854715202004e-17,0.0,nan,nan,nan,,,nan,nan,nan,nan,nan,nan,nan,nan,0.1,0.12966666666666668,0.7116666666666667,0.5488431876606684,77,43,0.12833333333333333,0.055269922879177376,-0.08012078911592306,-0.08012078911592306,0.0,-0.15775475371879485,-0.15775475371879485,0.0,1.2413368906751705,1.2413368906751705,1.4958443248982451,1.4958443248982451
real_digits_aligned,box,6000,0.05,2.0,estimated_residual_lowp_supported,ctmle,estimated,xgboost,xgboost,if_residual,1.0,0.0|0.25|0.5|1.0,aipw_variance,-1.0,1.0,obsval,4.0,0.1,30,0.1,crossfit_rank_empty_standdown,1.0,4,50,4,3984.3313689008355,-0.13871251905798004,-0.13871251905798004,-0.13871251905798004,0.0,3.94443626371456e-05,-1.7521214332983054e-06,0.0,0.5,0.0,reference,1.7763568394002505e-18,5.551115123125783e-17,nan,nan,nan,,,nan,nan,nan,nan,nan,nan,nan,nan,0.0,0.12983333333333333,nan,0.0,0,31,nan,0.03979460847240052,0.0,0.0,0.0,-0.1754098001981881,-0.1754098001981881,0.0,nan,nan,1.5961445299941681,1.5961445299941681
real_digits_aligned,box,6000,0.05,2.0,estimated_residual_lowp_supported,ctmle,estimated,xgboost,xgboost,if_residual,1.0,0.0|0.25|0.5|1.0,aipw_variance,-1.0,1.0,obsval,4.0,0.1,30,0.1,crossfit_rank_empty_standdown,1.0,4,50,1,1002.8662214241922,-0.1404396335408526,-0.1404396335408526,-0.1404396335408526,0.0,3.4065306789254164e-05,-3.6274909467522165e-05,0.0,0.5,0.0,reference,1.4210854715202004e-17,-5.551115123125783e-17,nan,nan,nan,,,nan,nan,nan,nan,nan,nan,nan,nan,0.0,0.12416666666666666,nan,0.0,0,23,nan,0.03087248322147651,0.0,0.0,0.0,-0.16577980003550538,-0.16577980003550538,0.0,nan,nan,1.6044388402220304,1.6044388402220304
real_digits_aligned,box,6000,0.05,2.0,estimated_residual_lowp_supported,ctmle,estimated,xgboost,xgboost,if_residual,1.0,0.0|0.25|0.5|1.0,aipw_variance,-1.0,1.0,obsval,4.0,0.1,30,0.1,crossfit_rank_empty_standdown,1.0,4,50,2,1989.3332915827632,-0.16188731475502077,-0.16188731475502077,-0.16188731475502077,0.0,3.492018249757036e-05,-3.37109212065087e-05,0.0,0.5,0.0,reference,-6.217248937900877e-18,0.0,nan,nan,nan,,,nan,nan,nan,nan,nan,nan,nan,nan,0.05,0.1275,0.6966666666666667,0.27320261437908494,38,40,0.12666666666666668,0.05228758169934641,-0.03902903020837149,-0.03902903020837149,0.0,-0.15684660664963065,-0.15684660664963065,0.0,1.260083532833072,1.260083532833072,1.5116172567705806,1.5116172567705806
real_digits_aligned,box,6000,0.05,2.0,estimated_residual_lowp_supported,ctmle,estimated,xgboost,xgboost,if_residual,1.0,0.0|0.25|0.5|1.0,aipw_variance,-1.0,1.0,obsval,4.0,0.1,30,0.1,crossfit_rank_empty_standdown,1.0,4,50,3,2988.151643586345,-0.07485603161779458,-0.07485603161779458,-0.07485603161779458,0.0,2.770025526421414e-05,1.278422160997907e-05,0.0,0.5,0.0,reference,8.289665250534503e-18,0.0,nan,nan,nan,,,nan,nan,nan,nan,nan,nan,nan,nan,0.05,0.1185,0.7766666666666666,0.32770745428973275,34,40,0.11333333333333333,0.05625879043600562,-0.03245399311872773,-0.03245399311872773,0.0,-0.12838286649651695,-0.12838286649651695,0.0,1.156305899752783,1.156305899752783,1.4189599163643507,1.4189599163643507
real_digits_aligned,box,6000,0.05,2.0,estimated_residual_lowp_supported,ctmle,estimated,xgboost,xgboost,if_residual,1.0,0.0|0.25|0.5|1.0,aipw_variance,-1.0,1.0,obsval,4.0,0.1,30,0.1,crossfit_rank_empty_standdown,1.0,4,50,4,3980.4461020249873,-0.15182603911090564,-0.15182603911090564,-0.15182603911090564,0.0,2.875521713068636e-05,-5.350186188700194e-06,0.0,0.5,0.0,reference,-9.917992353318065e-18,0.0,nan,nan,nan,,,nan,nan,nan,nan,nan,nan,nan,nan,0.0,0.12933333333333333,nan,0.0,0,44,nan,0.05670103092783505,0.0,0.0,0.0,-0.16628182012364529,-0.16628182012364529,0.0,nan,nan,1.5406520743124115,1.5406520743124115
real_digits_aligned,box,6000,0.05,2.0,estimated_residual_lowp_supported,ctmle,estimated,xgboost,xgboost,if_residual,1.0,0.0|0.25|0.5|1.0,aipw_variance,-1.0,1.0,obsval,4.0,0.1,30,0.1,crossfit_rank_empty_standdown,1.0,4,50,1,1002.5326872244477,-0.1014879095037004,-0.1014879095037004,-0.1014879095037004,0.0,4.1547102601964536e-05,-1.257506933433235e-05,0.0,0.5,0.0,reference,-4.736951571734001e-18,-1.1102230246251565e-16,nan,nan,nan,,,nan,nan,nan,nan,nan,nan,nan,nan,0.1,0.13633333333333333,0.73,0.5354523227383863,82,41,0.13666666666666666,0.05012224938875306,-0.08957467486713783,-0.08957467486713783,0.0,-0.17580428231586068,-0.17580428231586068,0.0,1.3335053325439064,1.3335053325439064,1.5522869618147301,1.5522869618147301
real_digits_aligned,box,6000,0.05,2.0,estimated_residual_lowp_supported,ctmle,estimated,xgboost,xgboost,if_residual,1.0,0.0|0.25|0.5|1.0,aipw_variance,-1.0,1.0,obsval,4.0,0.1,30,0.1,crossfit_rank_empty_standdown,1.0,4,50,2,2002.9280283078551,-0.16425566554830084,-0.16425566554830084,-0.16425566554830084,0.0,2.6856087410143375e-05,-7.162686384693071e-06,0.0,0.5,0.0,reference,-9.473903143468002e-18,0.0,nan,nan,nan,,,nan,nan,nan,nan,nan,nan,nan,nan,0.1,0.1355,0.7666666666666667,0.5658056580565806,82,44,0.13666666666666666,0.05412054120541206,-0.08759214476272442,-0.08759214476272442,0.0,-0.1632583395601491,-0.1632583395601491,0.0,1.2941930548036393,1.2941930548036393,1.4704968422661544,1.4704968422661544
real_digits_aligned,box,6000,0.05,2.0,estimated_residual_lowp_supported,ctmle,estimated,xgboost,xgboost,if_residual,1.0,0.0|0.25|0.5|1.0,aipw_variance,-1.0,1.0,obsval,4.0,0.1,30,0.1,crossfit_rank_empty_standdown,1.0,4,50,3,2993.208301745355,-0.1406279956436282,-0.1406279956436282,-0.1406279956436282,0.0,2.9592634800957186e-05,-4.4615021823690715e-05,0.0,0.5,0.0,reference,2.3684757858670005e-18,0.0,nan,nan,nan,,,nan,nan,nan,nan,nan,nan,nan,nan,0.075,0.1255,0.7666666666666667,0.4581673306772908,40,26,0.08888888888888889,0.034528552456839307,-0.06471977320890232,-0.06471977320890232,0.0,-0.16007530623299546,-0.16007530623299546,0.0,1.2616095156002092,1.2616095156002092,1.5375892115999636,1.5375892115999636
real_digits_aligned,box,6000,0.05,2.0,estimated_residual_lowp_supported,ctmle,estimated,xgboost,xgboost,if_residual,1.0,0.0|0.25|0.5|1.0,aipw_variance,-1.0,1.0,obsval,4.0,0.1,30,0.1,crossfit_rank_empty_standdown,1.0,4,50,4,3982.0206518592313,-0.13079763879986617,-0.13079763879986617,-0.13079763879986617,0.0,2.6884453638144758e-05,-1.3602667527597633e-05,0.0,0.5,0.0,reference,1.1842378929335004e-17,-5.551115123125783e-17,nan,nan,nan,,,nan,nan,nan,nan,nan,nan,nan,nan,0.075,0.1365,0.7466666666666667,0.41025641025641024,55,39,0.12222222222222222,0.047619047619047616,-0.06350134730196835,-0.06350134730196835,0.0,-0.16762045524733224,-0.16762045524733224,0.0,1.2552827437673297,1.2552827437673297,1.4677549942587154,1.4677549942587154
real_digits_aligned,box,6000,0.05,2.0,estimated_residual_lowp_supported,ctmle,estimated,xgboost,xgboost,if_residual,1.0,0.0|0.25|0.5|1.0,aipw_variance,-1.0,1.0,obsval,4.0,0.1,30,0.1,crossfit_rank_empty_standdown,1.0,4,50,1,1004.2815037155524,-0.13979883667983667,-0.13979883667983667,-0.13979883667983667,0.0,2.9779532589597926e-05,9.633719982854092e-06,0.0,0.5,0.0,reference,8.289665250534503e-18,0.0,nan,nan,nan,,,nan,nan,nan,nan,nan,nan,nan,nan,0.075,0.12783333333333333,0.7177777777777777,0.4211212516297262,66,44,0.14666666666666667,0.05736636245110821,-0.060594337933001036,-0.060594337933001036,0.0,-0.15840624085304406,-0.15840624085304406,0.0,1.2721176635795244,1.2721176635795244,1.5238622970934321,1.5238622970934321
real_digits_aligned,box,6000,0.05,2.0,estimated_residual_lowp_supported,ctmle,estimated,xgboost,xgboost,if_residual,1.0,0.0|0.25|0.5|1.0,aipw_variance,-1.0,1.0,obsval,4.0,0.1,30,0.1,crossfit_rank_empty_standdown,1.0,4,50,2,2004.4587438935414,-0.14554196517223633,-0.14554196517223633,-0.14554196517223633,0.0,2.830284709434195e-05,7.619050747825155e-06,0.0,0.5,0.0,reference,-5.921189464667502e-18,0.0,nan,nan,nan,,,nan,nan,nan,nan,nan,nan,nan,nan,0.1,0.12933333333333333,0.7216666666666667,0.5579896907216495,84,44,0.14,0.05670103092783505,-0.0826306869596395,-0.0826306869596395,0.0,-0.15839544136260952,-0.15839544136260952,0.0,1.2802242162257904,1.2802242162257904,1.4993515101227808,1.4993515101227808
real_digits_aligned,box,6000,0.05,2.0,estimated_residual_lowp_supported,ctmle,estimated,xgboost,xgboost,if_residual,1.0,0.0|0.25|0.5|1.0,aipw_variance,-1.0,1.0,obsval,4.0,0.1,30,0.1,crossfit_rank_empty_standdown,1.0,4,50,3,2988.435544866137,-0.1446318252357297,-0.1446318252357297,-0.1446318252357297,0.0,3.4569219326655606e-05,-6.672710977910815e-06,0.0,0.5,0.0,reference,1.2138438402568379e-17,0.0,nan,nan,nan,,,nan,nan,nan,nan,nan,nan,nan,nan,0.0,0.13283333333333333,nan,0.0,0,36,nan,0.0451693851944793,0.0,0.0,0.0,-0.165229528509772,-0.165229528509772,0.0,nan,nan,1.4990977982353544,1.4990977982353544
real_digits_aligned,box,6000,0.05,2.0,estimated_residual_lowp_supported,ctmle,estimated,xgboost,xgboost,if_residual,1.0,0.0|0.25|0.5|1.0,aipw_variance,-1.0,1.0,obsval,4.0,0.1,30,0.1,crossfit_rank_empty_standdown,1.0,4,50,4,3977.591682523489,-0.17519374581814945,-0.17519374581814945,-0.17519374581814945,0.0,3.130286246619512e-05,4.195787539012922e-06,0.0,0.5,0.0,reference,7.697546304067752e-18,5.551115123125783e-17,nan,nan,nan,,,nan,nan,nan,nan,nan,nan,nan,nan,0.0,0.128,nan,0.0,0,46,nan,0.059895833333333336,0.0,0.0,0.0,-0.1682958759107887,-0.1682958759107887,0.0,nan,nan,1.5880052454682247,1.5880052454682247
real_digits_aligned,box,6000,0.05,2.0,estimated_residual_lowp_supported,ctmle,estimated,xgboost,xgboost,if_residual,1.0,0.0|0.25|0.5|1.0,aipw_variance,-1.0,1.0,obsval,4.0,0.1,30,0.1,crossfit_rank_empty_standdown,1.0,4,50,1,995.3683234937489,-0.17283637888012082,-0.17283637888012082,-0.17283637888012082,0.0,3.6163746200627194e-05,-4.35921386250348e-05,0.0,0.5,0.0,reference,-1.3026616822268503e-17,0.0,nan,nan,nan,,,nan,nan,nan,nan,nan,nan,nan,nan,0.1,0.14133333333333334,0.7733333333333333,0.5471698113207547,71,40,0.11833333333333333,0.04716981132075472,-0.0953719988583018,-0.0953719988583018,0.0,-0.18187754718969856,-0.18187754718969856,0.0,1.340957493104744,1.340957493104744,1.5396047596485791,1.5396047596485791
real_digits_aligned,box,6000,0.05,2.0,estimated_residual_lowp_supported,ctmle,estimated,xgboost,xgboost,if_residual,1.0,0.0|0.25|0.5|1.0,aipw_variance,-1.0,1.0,obsval,4.0,0.1,30,0.1,crossfit_rank_empty_standdown,1.0,4,50,2,1992.5772318700328,-0.11904545432665775,-0.11904545432665775,-0.11904545432665775,0.0,3.914539464066778e-05,-2.31510768115935e-05,0.0,0.5,0.0,reference,-1.1842378929335004e-17,-5.551115123125783e-17,nan,nan,nan,,,nan,nan,nan,nan,nan,nan,nan,nan,0.1,0.12683333333333333,0.69,0.5440210249671484,99,42,0.165,0.05519053876478318,-0.07391277708440495,-0.07391277708440495,0.0,-0.15590659807330962,-0.15590659807330962,0.0,1.2349141840629725,1.2349141840629725,1.5203142903443152,1.5203142903443152
real_digits_aligned,box,6000,0.05,2.0,estimated_residual_lowp_supported,ctmle,estimated,xgboost,xgboost,if_residual,1.0,0.0|0.25|0.5|1.0,aipw_variance,-1.0,1.0,obsval,4.0,0.1,30,0.1,crossfit_rank_empty_standdown,1.0,4,50,3,2985.1213932121173,-0.1732420866702873,-0.1732420866702873,-0.1732420866702873,0.0,3.584586638265307e-05,-2.2124395637920693e-05,0.0,0.5,0.0,reference,-4.736951571734001e-18,0.0,nan,nan,nan,,,nan,nan,nan,nan,nan,nan,nan,nan,0.05,0.1235,0.78,0.3157894736842105,33,29,0.11,0.03913630229419703,-0.04885131863984453,-0.04885131863984453,0.0,-0.17054923595596783,-0.17054923595596783,0.0,1.3671228610715744,1.3671228610715744,1.6338343476234074,1.6338343476234074
real_digits_aligned,box,6000,0.05,2.0,estimated_residual_lowp_supported,ctmle,estimated,xgboost,xgboost,if_residual,1.0,0.0|0.25|0.5|1.0,aipw_variance,-1.0,1.0,obsval,4.0,0.1,30,0.1,crossfit_rank_empty_standdown,1.0,4,50,4,3976.9614170351997,-0.1390911799999453,-0.1390911799999453,-0.1390911799999453,0.0,4.0156549034526135e-05,8.990267210021424e-06,0.0,0.5,0.0,reference,-1.3026616822268503e-17,5.551115123125783e-17,nan,nan,nan,,,nan,nan,nan,nan,nan,nan,nan,nan,0.1,0.13416666666666666,0.7566666666666667,0.5639751552795031,71,40,0.11833333333333333,0.049689440993788817,-0.08621088812559609,-0.08621088812559609,0.0,-0.16421602164471946,-0.16421602164471946,0.0,1.2937236171926074,1.2937236171926074,1.4914799916776909,1.4914799916776909
real_digits_aligned,box,6000,0.05,2.0,estimated_residual_lowp_supported,ctmle,estimated,xgboost,xgboost,if_residual,1.0,0.0|0.25|0.5|1.0,aipw_variance,-1.0,1.0,obsval,4.0,0.1,30,0.1,crossfit_rank_empty_standdown,1.0,4,50,1,996.2121408265084,-0.1339894261112648,-0.1339894261112648,-0.1339894261112648,0.0,4.0520865185407094e-05,4.972282686107926e-06,0.0,0.5,0.0,reference,-7.105427357601002e-18,0.0,nan,nan,nan,,,nan,nan,nan,nan,nan,nan,nan,nan,0.1,0.13066666666666665,0.7283333333333334,0.5573979591836735,80,33,0.13333333333333333,0.042091836734693876,-0.08032413929358766,-0.08032413929358766,0.0,-0.16008380636483913,-0.16008380636483913,0.0,1.2429640851191346,1.2429640851191346,1.4942926573130415,1.4942926573130415
real_digits_aligned,box,6000,0.05,2.0,estimated_residual_lowp_supported,ctmle,estimated,xgboost,xgboost,if_residual,1.0,0.0|0.25|0.5|1.0,aipw_variance,-1.0,1.0,obsval,4.0,0.1,30,0.1,crossfit_rank_empty_standdown,1.0,4,50,2,1990.4199340939522,-0.1602002151180596,-0.1602002151180596,-0.1602002151180596,0.0,2.8015612136438376e-05,2.299519265096527e-05,0.0,0.5,0.0,reference,9.473903143468002e-18,-5.551115123125783e-17,nan,nan,nan,,,nan,nan,nan,nan,nan,nan,nan,nan,0.075,0.12633333333333333,0.7266666666666667,0.4313984168865435,57,40,0.12666666666666668,0.052770448548812667,-0.059654982427385934,-0.059654982427385934,0.0,-0.15884925132932431,-0.15884925132932431,0.0,1.2800217561566247,1.2800217561566247,1.5499407447684546,1.5499407447684546
real_digits_aligned,box,6000,0.05,2.0,estimated_residual_lowp_supported,ctmle,estimated,xgboost,xgboost,if_residual,1.0,0.0|0.25|0.5|1.0,aipw_variance,-1.0,1.0,obsval,4.0,0.1,30,0.1,crossfit_rank_empty_standdown,1.0,4,50,3,2982.6502315551043,-0.12512900337115868,-0.12512900337115868,-0.12512900337115868,0.0,3.706378697959883e-05,-2.497657302356725e-05,0.0,0.5,0.0,reference,-2.5461114698070257e-17,5.551115123125783e-17,nan,nan,nan,,,nan,nan,nan,nan,nan,nan,nan,nan,0.0,0.12466666666666666,nan,0.0,0,33,nan,0.04411764705882353,0.0,0.0,0.0,-0.15893031002003044,-0.15893031002003044,0.0,nan,nan,1.5656621209480943,1.5656621209480943
real_digits_aligned,box,6000,0.05,2.0,estimated_residual_lowp_supported,ctmle,estimated,xgboost,xgboost,if_residual,1.0,0.0|0.25|0.5|1.0,aipw_variance,-1.0,1.0,obsval,4.0,0.1,30,0.1,crossfit_rank_empty_standdown,1.0,4,50,4,3970.720531411469,-0.1304263642278619,-0.1304263642278619,-0.1304263642278619,0.0,4.169229016495572e-05,1.250241363340358e-05,0.0,0.5,0.0,reference,1.4210854715202004e-17,0.0,nan,nan,nan,,,nan,nan,nan,nan,nan,nan,nan,nan,0.1,0.12933333333333333,0.7133333333333334,0.5515463917525774,90,48,0.15,0.061855670103092786,-0.08281584459597356,-0.08281584459597356,0.0,-0.16256355095770997,-0.16256355095770997,0.0,1.2886061302095952,1.2886061302095952,1.5297551571341255,1.5297551571341255
real_digits_aligned,box,6000,0.05,2.0,estimated_residual_lowp_supported,ctmle,estimated,xgboost,xgboost,if_residual,1.0,0.0|0.25|0.5|1.0,aipw_variance,-1.0,1.0,obsval,4.0,0.1,30,0.1,crossfit_rank_empty_standdown,1.0,4,50,1,1003.5579029386863,-0.1234437156592047,-0.1234437156592047,-0.1234437156592047,0.0,3.212598427575924e-05,1.1993738272764718e-05,0.0,0.5,0.0,reference,6.5133084111342516e-18,-1.1102230246251565e-16,nan,nan,nan,,,nan,nan,nan,nan,nan,nan,nan,nan,0.1,0.13216666666666665,0.7183333333333334,0.5435056746532156,74,44,0.12333333333333334,0.05548549810844893,-0.07456251093809498,-0.07456251093809498,0.0,-0.15267667282365666,-0.15267667282365666,0.0,1.203494169143579,1.203494169143579,1.4533618792862586,1.4533618792862586
real_digits_aligned,box,6000,0.05,2.0,estimated_residual_lowp_supported,ctmle,estimated,xgboost,xgboost,if_residual,1.0,0.0|0.25|0.5|1.0,aipw_variance,-1.0,1.0,obsval,4.0,0.1,30,0.1,crossfit_rank_empty_standdown,1.0,4,50,2,1998.544602908194,-0.13446587526391318,-0.13446587526391318,-0.13446587526391318,0.0,3.4969281292221866e-05,-4.6983381217080154e-06,0.0,0.5,0.0,reference,-8.289665250534503e-18,0.0,nan,nan,nan,,,nan,nan,nan,nan,nan,nan,nan,nan,0.05,0.12083333333333333,0.7733333333333333,0.32,30,33,0.1,0.04551724137931035,-0.04109361846197122,-0.04109361846197122,0.0,-0.15128549445105835,-0.15128549445105835,0.0,1.211448193316133,1.211448193316133,1.5079425116841774,1.5079425116841774
real_digits_aligned,box,6000,0.05,2.0,estimated_residual_lowp_supported,ctmle,estimated,xgboost,xgboost,if_residual,1.0,0.0|0.25|0.5|1.0,aipw_variance,-1.0,1.0,obsval,4.0,0.1,30,0.1,crossfit_rank_empty_standdown,1.0,4,50,3,2985.9154322799295,-0.12283033723520126,-0.12283033723520126,-0.12283033723520126,0.0,3.637782751127357e-05,-3.257505390750603e-05,0.0,0.5,0.0,reference,-1.1842378929335004e-17,0.0,nan,nan,nan,,,nan,nan,nan,nan,nan,nan,nan,nan,0.1,0.1295,0.7366666666666667,0.5688545688545689,80,34,0.13333333333333333,0.043758043758043756,-0.08453012337555305,-0.08453012337555305,0.0,-0.1601171729393721,-0.1601171729393721,0.0,1.2627809271120334,1.2627809271120334,1.494509435101467,1.494509435101467
real_digits_aligned,box,6000,0.05,2.0,estimated_residual_lowp_supported,ctmle,estimated,xgboost,xgboost,if_residual,1.0,0.0|0.25|0.5|1.0,aipw_variance,-1.0,1.0,obsval,4.0,0.1,30,0.1,crossfit_rank_empty_standdown,1.0,4,50,4,3966.6796932639554,-0.1837308293262508,-0.1837308293262508,-0.1837308293262508,0.0,4.513167544085669e-05,-3.003322081136545e-05,0.0,0.5,0.0,reference,-4.736951571734001e-18,0.0,nan,nan,nan,,,nan,nan,nan,nan,nan,nan,nan,nan,0.0,0.13466666666666666,nan,0.0,0,37,nan,0.04579207920792079,0.0,0.0,0.0,-0.16821257383948238,-0.16821257383948238,0.0,nan,nan,1.51965335135453,1.51965335135453
real_digits_aligned,box,6000,0.05,2.0,estimated_residual_lowp_supported,ctmle,estimated,xgboost,xgboost,if_residual,1.0,0.0|0.25|0.5|1.0,aipw_variance,-1.0,1.0,obsval,4.0,0.1,30,0.1,crossfit_rank_empty_standdown,1.0,4,50,1,1006.6255238773301,-0.13072496794626148,-0.13072496794626148,-0.13072496794626148,0.0,4.341310502584085e-05,3.119432630131259e-07,0.0,0.5,0.0,reference,-2.3684757858670005e-18,0.0,nan,nan,nan,,,nan,nan,nan,nan,nan,nan,nan,nan,0.0,0.123,nan,0.0,0,33,nan,0.044715447154471545,0.0,0.0,0.0,-0.14883410396310431,-0.14883410396310431,0.0,nan,nan,1.4879702625749889,1.4879702625749889
real_digits_aligned,box,6000,0.05,2.0,estimated_residual_lowp_supported,ctmle,estimated,xgboost,xgboost,if_residual,1.0,0.0|0.25|0.5|1.0,aipw_variance,-1.0,1.0,obsval,4.0,0.1,30,0.1,crossfit_rank_empty_standdown,1.0,4,50,2,1997.6651335489005,-0.1777988381689602,-0.1777988381689602,-0.1777988381689602,0.0,3.3745390658658806e-05,-1.994803425502009e-05,0.0,0.5,0.0,reference,2.3684757858670005e-18,0.0,nan,nan,nan,,,nan,nan,nan,nan,nan,nan,nan,nan,0.1,0.12916666666666668,0.7433333333333333,0.5754838709677419,98,37,0.16333333333333333,0.04774193548387097,-0.09487598604969515,-0.09487598604969515,0.0,-0.17393698131846994,-0.17393698131846994,0.0,1.3887164563342438,1.3887164563342438,1.6101630989945364,1.6101630989945364
real_digits_aligned,box,6000,0.05,2.0,estimated_residual_lowp_supported,ctmle,estimated,xgboost,xgboost,if_residual,1.0,0.0|0.25|0.5|1.0,aipw_variance,-1.0,1.0,obsval,4.0,0.1,30,0.1,crossfit_rank_empty_standdown,1.0,4,50,3,2981.1591573255137,-0.149937512605477,-0.149937512605477,-0.149937512605477,0.0,4.0281681068419194e-05,-3.273836603241644e-05,0.0,0.5,0.0,reference,-2.960594732333751e-18,0.0,nan,nan,nan,,,nan,nan,nan,nan,nan,nan,nan,nan,0.1,0.11883333333333333,0.7016666666666667,0.5904628330995793,71,29,0.11833333333333333,0.04067321178120617,-0.09084835422622041,-0.09084835422622041,0.0,-0.16158090471840306,-0.16158090471840306,0.0,1.3569071575653588,1.3569071575653588,1.6162391819972826,1.6162391819972826
real_digits_aligned,box,6000,0.05,2.0,estimated_residual_lowp_supported,ctmle,estimated,xgboost,xgboost,if_residual,1.0,0.0|0.25|0.5|1.0,aipw_variance,-1.0,1.0,obsval,4.0,0.1,30,0.1,crossfit_rank_empty_standdown,1.0,4,50,4,3971.710356693715,-0.15652591911206293,-0.15652591911206293,-0.15652591911206293,0.0,4.0286517774116497e-05,-2.8869155580684347e-05,0.0,0.5,0.0,reference,-1.7763568394002505e-18,0.0,nan,nan,nan,,,nan,nan,nan,nan,nan,nan,nan,nan,0.05,0.1255,0.83,0.33067729083665337,34,33,0.11333333333333333,0.043824701195219126,-0.05655577225286578,-0.05655577225286578,0.0,-0.17917635843631763,-0.17917635843631763,0.0,1.4815029944692457,1.4815029944692457,1.6785988396979639,1.6785988396979639
real_digits_aligned,box,6000,0.05,2.0,estimated_residual_lowp_supported,ctmle,estimated,xgboost,xgboost,if_residual,1.0,0.0|0.25|0.5|1.0,aipw_variance,-1.0,1.0,obsval,4.0,0.1,30,0.1,crossfit_rank_empty_standdown,1.0,4,50,1,1006.8031343016773,-0.1478727383908673,-0.1478727383908673,-0.1478727383908673,0.0,1.991507865965335e-05,6.182966139639296e-06,0.0,0.5,0.0,reference,2.3684757858670005e-18,0.0,nan,nan,nan,,,nan,nan,nan,nan,nan,nan,nan,nan,0.0,0.127,nan,0.0,0,33,nan,0.04330708661417323,0.0,0.0,0.0,-0.16456590287925132,-0.16456590287925132,0.0,nan,nan,1.5625099034657721,1.5625099034657721
real_digits_aligned,box,6000,0.05,2.0,estimated_residual_lowp_supported,ctmle,estimated,xgboost,xgboost,if_residual,1.0,0.0|0.25|0.5|1.0,aipw_variance,-1.0,1.0,obsval,4.0,0.1,30,0.1,crossfit_rank_empty_standdown,1.0,4,50,2,2001.818621167913,-0.13531744812621593,-0.13531744812621593,-0.13531744812621593,0.0,3.541985073429092e-05,-2.6171344315038575e-05,0.0,0.5,0.0,reference,4.736951571734001e-18,5.551115123125783e-17,nan,nan,nan,,,nan,nan,nan,nan,nan,nan,nan,nan,0.0,0.12716666666666668,nan,0.0,0,37,nan,0.04849279161205767,0.0,0.0,0.0,-0.1621704255839088,-0.1621704255839088,0.0,nan,nan,1.545015250114553,1.545015250114553
real_digits_aligned,box,6000,0.05,2.0,estimated_residual_lowp_supported,ctmle,estimated,xgboost,xgboost,if_residual,1.0,0.0|0.25|0.5|1.0,aipw_variance,-1.0,1.0,obsval,4.0,0.1,30,0.1,crossfit_rank_empty_standdown,1.0,4,50,3,2994.8867345349863,-0.0962975879652021,-0.0962975879652021,-0.0962975879652021,0.0,3.2366263540206186e-05,-1.1766841846096924e-05,0.0,0.5,0.0,reference,0.0,0.0,nan,nan,nan,,,nan,nan,nan,nan,nan,nan,nan,nan,0.0,0.126,nan,0.0,0,41,nan,0.05423280423280423,0.0,0.0,0.0,-0.15038871369292903,-0.15038871369292903,0.0,nan,nan,1.45073110796973,1.45073110796973
real_digits_aligned,box,6000,0.05,2.0,estimated_residual_lowp_supported,ctmle,estimated,xgboost,xgboost,if_residual,1.0,0.0|0.25|0.5|1.0,aipw_variance,-1.0,1.0,obsval,4.0,0.1,30,0.1,crossfit_rank_empty_standdown,1.0,4,50,4,3975.9978318959475,-0.14980738204580085,-0.14980738204580085,-0.14980738204580085,0.0,3.432565862265119e-05,9.259524646670252e-06,0.0,0.5,0.0,reference,9.473903143468002e-18,0.0,nan,nan,nan,,,nan,nan,nan,nan,nan,nan,nan,nan,0.0,0.1255,nan,0.0,0,36,nan,0.04780876494023904,0.0,0.0,0.0,-0.15227282020692745,-0.15227282020692745,0.0,nan,nan,1.509471034860044,1.509471034860044
real_digits_aligned,box,6000,0.05,2.0,estimated_residual_lowp_supported,ctmle,estimated,xgboost,xgboost,if_residual,1.0,0.0|0.25|0.5|1.0,aipw_variance,-1.0,1.0,obsval,4.0,0.1,30,0.1,crossfit_rank_empty_standdown,1.0,4,50,1,1000.0577463740483,-0.16223557282372236,-0.16223557282372236,-0.16223557282372236,0.0,3.446738707757447e-05,-1.346677242835756e-06,0.0,0.5,0.0,reference,-5.921189464667502e-18,0.0,nan,nan,nan,,,nan,nan,nan,nan,nan,nan,nan,nan,0.075,0.12833333333333333,0.7444444444444445,0.43506493506493504,63,35,0.14,0.045454545454545456,-0.06675102099944741,-0.06675102099944741,0.0,-0.16909439222963585,-0.16909439222963585,0.0,1.3390106692367965,1.3390106692367965,1.5918770679534522,1.5918770679534522
real_digits_aligned,box,6000,0.05,2.0,estimated_residual_lowp_supported,ctmle,estimated,xgboost,xgboost,if_residual,1.0,0.0|0.25|0.5|1.0,aipw_variance,-1.0,1.0,obsval,4.0,0.1,30,0.1,crossfit_rank_empty_standdown,1.0,4,50,2,1997.2539153294638,-0.10497592147005114,-0.10497592147005114,-0.10497592147005114,0.0,3.8378554002571944e-05,-2.178584832689904e-06,0.0,0.5,0.0,reference,-2.960594732333751e-18,-5.551115123125783e-17,nan,nan,nan,,,nan,nan,nan,nan,nan,nan,nan,nan,0.0,0.12566666666666668,nan,0.0,0,37,nan,0.04907161803713528,0.0,0.0,0.0,-0.15846557161305463,-0.15846557161305463,0.0,nan,nan,1.519707173860821,1.519707173860821
real_digits_aligned,box,6000,0.05,2.0,estimated_residual_lowp_supported,ctmle,estimated,xgboost,xgboost,if_residual,1.0,0.0|0.25|0.5|1.0,aipw_variance,-1.0,1.0,obsval,4.0,0.1,30,0.1,crossfit_rank_empty_standdown,1.0,4,50,3,2988.0444420976564,-0.18808899538843926,-0.18808899538843926,-0.18808899538843926,0.0,3.475066008549782e-05,1.4241146135357953e-05,0.0,0.5,0.0,reference,3.552713678800501e-18,0.0,nan,nan,nan,,,nan,nan,nan,nan,nan,nan,nan,nan,0.0,0.128,nan,0.0,0,26,nan,0.033854166666666664,0.0,0.0,0.0,-0.17198595072476697,-0.17198595072476697,0.0,nan,nan,1.6243424721594,1.6243424721594
real_digits_aligned,box,6000,0.05,2.0,estimated_residual_lowp_supported,ctmle,estimated,xgboost,xgboost,if_residual,1.0,0.0|0.25|0.5|1.0,aipw_variance,-1.0,1.0,obsval,4.0,0.1,30,0.1,crossfit_rank_empty_standdown,1.0,4,50,4,3975.3229039674625,-0.13744906560523962,-0.13744906560523962,-0.13744906560523962,0.0,2.985119890682689e-05,-2.701926871597461e-05,0.0,0.5,0.0,reference,-4.736951571734001e-18,0.0,nan,nan,nan,,,nan,nan,nan,nan,nan,nan,nan,nan,0.1,0.12133333333333333,0.6983333333333334,0.5755494505494505,87,34,0.145,0.046703296703296704,-0.08373219476200523,-0.08373219476200523,0.0,-0.15413716823170182,-0.15413716823170182,0.0,1.2991697454651876,1.2991697454651876,1.5402755478014523,1.5402755478014523
real_digits_aligned,box,6000,0.05,2.0,estimated_residual_lowp_supported,ctmle,estimated,xgboost,xgboost,if_residual,1.0,0.0|0.25|0.5|1.0,aipw_variance,-1.0,1.0,obsval,4.0,0.1,30,0.1,crossfit_rank_empty_standdown,1.0,4,50,1,1001.4632088057697,-0.16544932204185908,-0.16544932204185908,-0.16544932204185908,0.0,4.2970044772896033e-05,2.2293465436588737e-05,0.0,0.5,0.0,reference,-7.105427357601002e-18,0.0,nan,nan,nan,,,nan,nan,nan,nan,nan,nan,nan,nan,0.1,0.13483333333333333,0.75,0.5562422744128553,69,34,0.115,0.042027194066749075,-0.09517696018679347,-0.09517696018679347,0.0,-0.1812675540063714,-0.1812675540063714,0.0,1.3782512637052693,1.3782512637052693,1.6093162232959055,1.6093162232959055
real_digits_aligned,box,6000,0.05,2.0,estimated_residual_lowp_supported,ctmle,estimated,xgboost,xgboost,if_residual,1.0,0.0|0.25|0.5|1.0,aipw_variance,-1.0,1.0,obsval,4.0,0.1,30,0.1,crossfit_rank_empty_standdown,1.0,4,50,2,1995.1362737854943,-0.1413474853957739,-0.1413474853957739,-0.1413474853957739,0.0,2.9555861878853562e-05,-2.187695023147065e-05,0.0,0.5,0.0,reference,2.960594732333751e-18,0.0,nan,nan,nan,,,nan,nan,nan,nan,nan,nan,nan,nan,0.05,0.1345,0.8333333333333334,0.3097893432465923,39,46,0.13,0.057001239157372985,-0.0443983424054319,-0.0443983424054319,0.0,-0.17284278788906166,-0.17284278788906166,0.0,1.2554978558448435,1.2554978558448435,1.5494846497891117,1.5494846497891117
real_digits_aligned,box,6000,0.05,2.0,estimated_residual_lowp_supported,ctmle,estimated,xgboost,xgboost,if_residual,1.0,0.0|0.25|0.5|1.0,aipw_variance,-1.0,1.0,obsval,4.0,0.1,30,0.1,crossfit_rank_empty_standdown,1.0,4,50,3,2982.0517502520233,-0.1411803381692333,-0.1411803381692333,-0.1411803381692333,0.0,3.452548775688424e-05,-2.987607754267635e-05,0.0,0.5,0.0,reference,-7.105427357601002e-18,0.0,nan,nan,nan,,,nan,nan,nan,nan,nan,nan,nan,nan,0.1,0.12916666666666668,0.7316666666666667,0.5664516129032258,62,35,0.10333333333333333,0.04516129032258064,-0.0949988596420925,-0.0949988596420925,0.0,-0.17547253900723028,-0.17547253900723028,0.0,1.384432097812711,1.384432097812711,1.6137513220524144,1.6137513220524144
real_digits_aligned,box,6000,0.05,2.0,estimated_residual_lowp_supported,ctmle,estimated,xgboost,xgboost,if_residual,1.0,0.0|0.25|0.5|1.0,aipw_variance,-1.0,1.0,obsval,4.0,0.1,30,0.1,crossfit_rank_empty_standdown,1.0,4,50,4,3965.577169531025,-0.14083525542594733,-0.14083525542594733,-0.14083525542594733,0.0,3.693779739017485e-05,-1.6695582819308387e-05,0.0,0.5,0.0,reference,-7.105427357601002e-18,0.0,nan,nan,nan,,,nan,nan,nan,nan,nan,nan,nan,nan,0.1,0.13,0.705,0.5423076923076923,97,52,0.16166666666666665,0.06666666666666667,-0.07935330879730408,-0.07935330879730408,0.0,-0.16304705601741365,-0.16304705601741365,0.0,1.2416649684847494,1.2416649684847494,1.5200965348360382,1.5200965348360382
real_digits_aligned,box,6000,0.05,2.0,estimated_residual_lowp_supported,ctmle,estimated,xgboost,xgboost,if_residual,1.0,0.0|0.25|0.5|1.0,aipw_variance,-1.0,1.0,obsval,4.0,0.1,30,0.1,crossfit_rank_empty_standdown,1.0,4,50,1,1002.5127975214273,-0.1322588649124184,-0.1322588649124184,-0.1322588649124184,0.0,2.8321266991770695e-05,-4.051657429538728e-05,0.0,0.5,0.0,reference,-4.736951571734001e-18,0.0,nan,nan,nan,,,nan,nan,nan,nan,nan,nan,nan,nan,0.1,0.122,0.6933333333333334,0.5683060109289617,86,36,0.14333333333333334,0.04918032786885246,-0.07767221495893337,-0.07767221495893337,0.0,-0.14902535065114153,-0.14902535065114153,0.0,1.2452221186871197,1.2452221186871197,1.4986305901159904,1.4986305901159904
real_digits_aligned,box,6000,0.05,2.0,estimated_residual_lowp_supported,ctmle,estimated,xgboost,xgboost,if_residual,1.0,0.0|0.25|0.5|1.0,aipw_variance,-1.0,1.0,obsval,4.0,0.1,30,0.1,crossfit_rank_empty_standdown,1.0,4,50,2,2002.533209993504,-0.21380143149196668,-0.21380143149196668,-0.21380143149196668,0.0,3.1184873137342015e-05,-1.4344414644757884e-05,0.0,0.5,0.0,reference,-1.1842378929335004e-17,0.0,nan,nan,nan,,,nan,nan,nan,nan,nan,nan,nan,nan,0.0,0.13683333333333333,nan,0.0,0,35,nan,0.04263093788063337,0.0,0.0,0.0,-0.19309764579653507,-0.19309764579653507,0.0,nan,nan,1.6727650928730933,1.6727650928730933
real_digits_aligned,box,6000,0.05,2.0,estimated_residual_lowp_supported,ctmle,estimated,xgboost,xgboost,if_residual,1.0,0.0|0.25|0.5|1.0,aipw_variance,-1.0,1.0,obsval,4.0,0.1,30,0.1,crossfit_rank_empty_standdown,1.0,4,50,3,2995.273134050891,-0.11476740405767621,-0.11476740405767621,-0.11476740405767621,0.0,3.359886545551349e-05,-1.7012431595076632e-05,0.0,0.5,0.0,reference,2.3684757858670005e-18,-5.551115123125783e-17,nan,nan,nan,,,nan,nan,nan,nan,nan,nan,nan,nan,0.1,0.1335,0.74,0.5543071161048689,76,52,0.12666666666666668,0.06491885143570537,-0.08261069623280969,-0.08261069623280969,0.0,-0.15972623705597636,-0.15972623705597636,0.0,1.2787485889596157,1.2787485889596157,1.4770982782974555,1.4770982782974555
real_digits_aligned,box,6000,0.05,2.0,estimated_residual_lowp_supported,ctmle,estimated,xgboost,xgboost,if_residual,1.0,0.0|0.25|0.5|1.0,aipw_variance,-1.0,1.0,obsval,4.0,0.1,30,0.1,crossfit_rank_empty_standdown,1.0,4,50,4,3980.528993851505,-0.1461924532604355,-0.1461924532604355,-0.1461924532604355,0.0,3.4793688178626474e-05,-1.7038670114152626e-05,0.0,0.5,0.0,reference,-7.105427357601002e-18,0.0,nan,nan,nan,,,nan,nan,nan,nan,nan,nan,nan,nan,0.0,0.12616666666666668,nan,0.0,0,42,nan,0.05548216644649934,0.0,0.0,0.0,-0.16536622710873777,-0.16536622710873777,0.0,nan,nan,1.5744859538496112,1.5744859538496112
real_digits_aligned,box,6000,0.05,2.0,estimated_residual_lowp_supported,ctmle,estimated,xgboost,xgboost,if_residual,1.0,0.0|0.25|0.5|1.0,aipw_variance,-1.0,1.0,obsval,4.0,0.1,30,0.1,crossfit_rank_empty_standdown,1.0,4,50,1,1015.5842135250568,-0.0971283395464756,-0.0971283395464756,-0.0971283395464756,0.0,2.8083309567742895e-05,-1.5015747305976816e-05,0.0,0.5,0.0,reference,-9.473903143468002e-18,5.551115123125783e-17,nan,nan,nan,,,nan,nan,nan,nan,nan,nan,nan,nan,0.1,0.1205,0.6883333333333334,0.5712309820193637,90,40,0.15,0.05532503457814661,-0.07840793061653564,-0.07840793061653564,0.0,-0.1522630363195877,-0.1522630363195877,0.0,1.2909916904814693,1.2909916904814693,1.571107575562382,1.571107575562382
real_digits_aligned,box,6000,0.05,2.0,estimated_residual_lowp_supported,ctmle,estimated,xgboost,xgboost,if_residual,1.0,0.0|0.25|0.5|1.0,aipw_variance,-1.0,1.0,obsval,4.0,0.1,30,0.1,crossfit_rank_empty_standdown,1.0,4,50,2,2013.3881931491196,-0.12543901858577194,-0.12543901858577194,-0.12543901858577194,0.0,2.2412364414993273e-05,-2.2397059685684085e-05,0.0,0.5,0.0,reference,8.289665250534503e-18,0.0,nan,nan,nan,,,nan,nan,nan,nan,nan,nan,nan,nan,0.0,0.12766666666666668,nan,0.0,0,40,nan,0.05221932114882506,0.0,0.0,0.0,-0.16265724335030665,-0.16265724335030665,0.0,nan,nan,1.5511782530560516,1.5511782530560516
real_digits_aligned,box,6000,0.05,2.0,estimated_residual_lowp_supported,ctmle,estimated,xgboost,xgboost,if_residual,1.0,0.0|0.25|0.5|1.0,aipw_variance,-1.0,1.0,obsval,4.0,0.1,30,0.1,crossfit_rank_empty_standdown,1.0,4,50,3,3005.7742931637913,-0.10585973062628828,-0.10585973062628828,-0.10585973062628828,0.0,4.335512692016396e-05,-1.7499506060158327e-05,0.0,0.5,0.0,reference,-4.736951571734001e-18,5.551115123125783e-17,nan,nan,nan,,,nan,nan,nan,nan,nan,nan,nan,nan,0.075,0.1245,0.7066666666666667,0.42570281124497994,54,33,0.12,0.04417670682730924,-0.053211687440502205,-0.053211687440502205,0.0,-0.1531619348452244,-0.1531619348452244,0.0,1.1896501321007278,1.1896501321007278,1.5334548544670967,1.5334548544670967
real_digits_aligned,box,6000,0.05,2.0,estimated_residual_lowp_supported,ctmle,estimated,xgboost,xgboost,if_residual,1.0,0.0|0.25|0.5|1.0,aipw_variance,-1.0,1.0,obsval,4.0,0.1,30,0.1,crossfit_rank_empty_standdown,1.0,4,50,4,3987.264298724942,-0.13999920338133787,-0.13999920338133787,-0.13999920338133787,0.0,5.828803441678895e-05,-6.968456803264336e-05,0.0,0.5,0.0,reference,4.736951571734001e-18,5.551115123125783e-17,nan,nan,nan,,,nan,nan,nan,nan,nan,nan,nan,nan,0.1,0.1235,0.6866666666666666,0.5560053981106613,82,31,0.13666666666666666,0.04183535762483131,-0.07959531876038263,-0.07959531876038263,0.0,-0.15414549774167108,-0.15414549774167108,0.0,1.248817599465484,1.248817599465484,1.5180193982304773,1.5180193982304773
real_digits_aligned,box,6000,0.05,2.0,estimated_residual_lowp_supported,ctmle,estimated,xgboost,xgboost,if_residual,1.0,0.0|0.25|0.5|1.0,aipw_variance,-1.0,1.0,obsval,4.0,0.1,30,0.1,crossfit_rank_empty_standdown,1.0,4,50,1,998.2515647429973,-0.11587269903527708,-0.11587269903527708,-0.11587269903527708,0.0,4.191502134598998e-05,-5.280222549124608e-05,0.0,0.5,0.0,reference,4.736951571734001e-18,-5.551115123125783e-17,nan,nan,nan,,,nan,nan,nan,nan,nan,nan,nan,nan,0.0,0.12166666666666667,nan,0.0,0,46,nan,0.06301369863013699,0.0,0.0,0.0,-0.15259325462602177,-0.15259325462602177,0.0,nan,nan,1.5434622537750955,1.5434622537750955
real_digits_aligned,box,6000,0.05,2.0,estimated_residual_lowp_supported,ctmle,estimated,xgboost,xgboost,if_residual,1.0,0.0|0.25|0.5|1.0,aipw_variance,-1.0,1.0,obsval,4.0,0.1,30,0.1,crossfit_rank_empty_standdown,1.0,4,50,2,1991.552349889651,-0.1513151818911696,-0.1513151818911696,-0.1513151818911696,0.0,3.415313443209391e-05,3.142062550744347e-06,0.0,0.5,0.0,reference,-5.921189464667502e-18,5.551115123125783e-17,nan,nan,nan,,,nan,nan,nan,nan,nan,nan,nan,nan,0.075,0.12716666666666668,0.7444444444444445,0.43905635648754915,53,35,0.11777777777777777,0.045871559633027525,-0.06627237324466723,-0.06627237324466723,0.0,-0.16340909806448825,-0.16340909806448825,0.0,1.3179256749766648,1.3179256749766648,1.5658210613196812,1.5658210613196812
real_digits_aligned,box,6000,0.05,2.0,estimated_residual_lowp_supported,ctmle,estimated,xgboost,xgboost,if_residual,1.0,0.0|0.25|0.5|1.0,aipw_variance,-1.0,1.0,obsval,4.0,0.1,30,0.1,crossfit_rank_empty_standdown,1.0,4,50,3,2975.984941926785,-0.13417617830999135,-0.13417617830999135,-0.13417617830999135,0.0,2.855811253949284e-05,2.5322115423587394e-06,0.0,0.5,0.0,reference,5.921189464667502e-18,0.0,nan,nan,nan,,,nan,nan,nan,nan,nan,nan,nan,nan,0.1,0.12933333333333333,0.7133333333333334,0.5515463917525774,78,39,0.13,0.05025773195876289,-0.08493160582119338,-0.08493160582119338,0.0,-0.1634130540842292,-0.1634130540842292,0.0,1.303500086809991,1.303500086809991,1.544357760971505,1.544357760971505
real_digits_aligned,box,6000,0.05,2.0,estimated_residual_lowp_supported,ctmle,estimated,xgboost,xgboost,if_residual,1.0,0.0|0.25|0.5|1.0,aipw_variance,-1.0,1.0,obsval,4.0,0.1,30,0.1,crossfit_rank_empty_standdown,1.0,4,50,4,3955.467896455899,-0.1568841153317308,-0.1568841153317308,-0.1568841153317308,0.0,3.19443831449884e-05,-1.1509915059208244e-05,0.0,0.5,0.0,reference,-7.697546304067752e-18,5.551115123125783e-17,nan,nan,nan,,,nan,nan,nan,nan,nan,nan,nan,nan,0.1,0.13283333333333333,0.78,0.5872020075282308,61,24,0.10166666666666667,0.030112923462986198,-0.09373394524415733,-0.09373394524415733,0.0,-0.1739794310531463,-0.1739794310531463,0.0,1.355842108042759,1.355842108042759,1.5750241667691318,1.5750241667691318
real_digits_aligned,box,6000,0.05,2.0,estimated_residual_lowp_supported,ctmle,estimated,xgboost,xgboost,if_residual,1.0,0.0|0.25|0.5|1.0,aipw_variance,-1.0,1.0,obsval,4.0,0.1,30,0.1,crossfit_rank_empty_standdown,1.0,4,50,1,993.5400091968477,-0.1752579106627446,-0.1752579106627446,-0.1752579106627446,0.0,4.061239951408976e-05,-5.612673875434013e-05,0.0,0.5,0.0,reference,-3.552713678800501e-18,0.0,nan,nan,nan,,,nan,nan,nan,nan,nan,nan,nan,nan,0.1,0.12533333333333332,0.6933333333333334,0.5531914893617021,75,34,0.125,0.04521276595744681,-0.08496751712478512,-0.08496751712478512,0.0,-0.16457781560332443,-0.16457781560332443,0.0,1.346980701948827,1.346980701948827,1.6211644969685353,1.6211644969685353
real_digits_aligned,box,6000,0.05,2.0,estimated_residual_lowp_supported,ctmle,estimated,xgboost,xgboost,if_residual,1.0,0.0|0.25|0.5|1.0,aipw_variance,-1.0,1.0,obsval,4.0,0.1,30,0.1,crossfit_rank_empty_standdown,1.0,4,50,2,1984.071333836764,-0.17861455403152798,-0.17861455403152798,-0.17861455403152798,0.0,4.452239136224173e-05,1.2311807825170023e-05,0.0,0.5,0.0,reference,8.289665250534503e-18,5.551115123125783e-17,nan,nan,nan,,,nan,nan,nan,nan,nan,nan,nan,nan,0.05,0.1245,0.8,0.321285140562249,38,35,0.12666666666666668,0.04685408299866131,-0.049734901981474226,-0.049734901981474226,0.0,-0.17093062257260605,-0.17093062257260605,0.0,1.3722455807554754,1.3722455807554754,1.6301067785395558,1.6301067785395558
real_digits_aligned,box,6000,0.05,2.0,estimated_residual_lowp_supported,ctmle,estimated,xgboost,xgboost,if_residual,1.0,0.0|0.25|0.5|1.0,aipw_variance,-1.0,1.0,obsval,4.0,0.1,30,0.1,crossfit_rank_empty_standdown,1.0,4,50,3,2984.237553888932,-0.13561560235735542,-0.13561560235735542,-0.13561560235735542,0.0,2.9098667777662673e-05,-7.070682829190677e-06,0.0,0.5,0.0,reference,-9.473903143468002e-18,0.0,nan,nan,nan,,,nan,nan,nan,nan,nan,nan,nan,nan,0.0,0.12283333333333334,nan,0.0,0,35,nan,0.04748982360922659,0.0,0.0,0.0,-0.15583857608797705,-0.15583857608797705,0.0,nan,nan,1.5531684193971713,1.5531684193971713
real_digits_aligned,box,6000,0.05,2.0,estimated_residual_lowp_supported,ctmle,estimated,xgboost,xgboost,if_residual,1.0,0.0|0.25|0.5|1.0,aipw_variance,-1.0,1.0,obsval,4.0,0.1,30,0.1,crossfit_rank_empty_standdown,1.0,4,50,4,3973.972029387951,-0.14753957543280616,-0.14753957543280616,-0.14753957543280616,0.0,2.560107893058612e-05,-3.005487179251698e-05,0.0,0.5,0.0,reference,2.3684757858670005e-18,0.0,nan,nan,nan,,,nan,nan,nan,nan,nan,nan,nan,nan,0.05,0.12933333333333333,0.8166666666666667,0.31572164948453607,32,38,0.10666666666666667,0.04896907216494845,-0.04374870221470465,-0.04374870221470465,0.0,-0.15980990000425535,-0.15980990000425535,0.0,1.2649208737797948,1.2649208737797948,1.4911435244496165,1.4911435244496165
real_digits_aligned,box,6000,0.05,0.0,estimated_residual_lowp_supported,cui_selective_ml,estimated,xgboost,xgboost,if_residual,1.0,0.0|0.25|0.5|1.0,aipw_variance,-1.0,1.0,obsval,4.0,0.1,30,0.1,crossfit_rank_empty_standdown,1.0,4,50,1,1318.5003915084526,0.013135346392677494,0.013135346392677494,0.013135346392677494,0.0,6.490267589081395e-05,-5.529631499550378e-05,0.0,nan,0.0,reference,nan,nan,nan,nan,nan,gradient_boosting,gradient_boosting,0.0009532013241423522,nan,nan,nan,nan,nan,nan,nan,0.075,0.1275,0.6955555555555556,0.4091503267973856,58,31,0.1288888888888889,0.040522875816993466,0.009671193843063917,0.009671193843063917,0.0,0.0262476628838506,0.0262476628838506,0.0,0.48044868706783767,0.48044868706783767,0.4966516803395942,0.4966516803395942
real_digits_aligned,box,6000,0.05,0.0,estimated_residual_lowp_supported,cui_selective_ml,estimated,xgboost,xgboost,if_residual,1.0,0.0|0.25|0.5|1.0,aipw_variance,-1.0,1.0,obsval,4.0,0.1,30,0.1,crossfit_rank_empty_standdown,1.0,4,50,2,2603.2853076774627,0.019421637941654413,0.019421637941654413,0.019421637941654413,0.0,7.736623877991548e-05,-0.00014926173143550974,0.0,nan,0.0,reference,nan,nan,nan,nan,nan,logistic_l1,lasso,0.0005722388232377053,nan,nan,nan,nan,nan,nan,nan,0.0,0.13266666666666665,nan,0.0,0,37,nan,0.04648241206030151,0.0,0.0,0.0,-0.09495441836800342,-0.09495441836800342,0.0,nan,nan,0.5191246720813635,0.5191246720813635
real_digits_aligned,box,6000,0.05,0.0,estimated_residual_lowp_supported,cui_selective_ml,estimated,xgboost,xgboost,if_residual,1.0,0.0|0.25|0.5|1.0,aipw_variance,-1.0,1.0,obsval,4.0,0.1,30,0.1,crossfit_rank_empty_standdown,1.0,4,50,3,3909.9396331198514,-0.027815696523063288,-0.02630795861438956,-0.027815696523063288,0.0015077379086737286,0.00016440899043767654,-0.00027395068148662637,0.0,nan,1.0,if_residual,nan,nan,nan,nan,nan,logistic_l1,gradient_boosting,0.0020370063231758303,nan,nan,nan,nan,nan,nan,nan,0.05,0.129,0.7266666666666667,0.28165374677002586,47,31,0.15666666666666668,0.040051679586563305,-38.68878919347822,-27.334711965077492,11.35407722840073,-58.12310119638389,-48.8786804387938,9.244420757590092,0.4657556930950819,0.7008081003838165,0.42279293701726384,0.691708095033502
real_digits_aligned,box,6000,0.05,0.0,estimated_residual_lowp_supported,cui_selective_ml,estimated,xgboost,xgboost,if_residual,1.0,0.0|0.25|0.5|1.0,aipw_variance,-1.0,1.0,obsval,4.0,0.1,30,0.1,crossfit_rank_empty_standdown,1.0,4,50,4,5187.76636710763,0.003340652956431378,0.008937634117360538,0.003340652956431378,0.00559698116092916,0.0001306272788656126,-0.00015695750703456537,0.0,nan,0.25,if_residual,nan,nan,nan,nan,nan,logistic_l1,lasso,0.004158430830462722,nan,nan,nan,nan,nan,nan,nan,0.0,0.133,nan,0.0,0,38,nan,0.047619047619047616,0.0,0.0,0.0,-107.39033141891072,-110.72761314488625,-3.3372817259755294,nan,nan,0.4848240240074899,0.4862495709012328
real_digits_aligned,box,6000,0.05,0.0,estimated_residual_lowp_supported,cui_selective_ml,estimated,xgboost,xgboost,if_residual,1.0,0.0|0.25|0.5|1.0,aipw_variance,-1.0,1.0,obsval,4.0,0.1,30,0.1,crossfit_rank_empty_standdown,1.0,4,50,1,1316.8355497913435,0.034914889913117225,0.034914889913117225,0.034914889913117225,0.0,0.00010221642469123956,-9.220704598455294e-05,0.0,nan,0.0,reference,nan,nan,nan,nan,nan,gradient_boosting,lasso,7.473676212098364,nan,nan,nan,nan,nan,nan,nan,0.0,0.12333333333333334,nan,0.0,0,38,nan,0.051351351351351354,0.0,0.0,0.0,0.019722886299740745,0.019722886299740745,0.0,nan,nan,0.34579072394403143,0.34579072394403143
real_digits_aligned,box,6000,0.05,0.0,estimated_residual_lowp_supported,cui_selective_ml,estimated,xgboost,xgboost,if_residual,1.0,0.0|0.25|0.5|1.0,aipw_variance,-1.0,1.0,obsval,4.0,0.1,30,0.1,crossfit_rank_empty_standdown,1.0,4,50,2,2612.952528361231,0.0073469894470070685,0.0073469894470070685,0.0073469894470070685,0.0,0.0003655514544882053,-0.0003235373788479573,0.0,nan,0.0,reference,nan,nan,nan,nan,nan,logistic_l1,lasso,0.0011327397602481385,nan,nan,nan,nan,nan,nan,nan,0.0,0.12933333333333333,nan,0.0,0,42,nan,0.05412371134020619,0.0,0.0,0.0,-0.13336741475254227,-0.13336741475254227,0.0,nan,nan,0.47971601628590677,0.47971601628590677
real_digits_aligned,box,6000,0.05,0.0,estimated_residual_lowp_supported,cui_selective_ml,estimated,xgboost,xgboost,if_residual,1.0,0.0|0.25|0.5|1.0,aipw_variance,-1.0,1.0,obsval,4.0,0.1,30,0.1,crossfit_rank_empty_standdown,1.0,4,50,3,3922.2224482921883,0.02525850385611425,0.021961492353935547,0.02525850385611425,-0.003297011502178704,0.0011320355062097854,-0.0011747744494322902,0.0,nan,0.25,if_residual,nan,nan,nan,nan,nan,gradient_boosting,lasso,0.0035433656170506984,nan,nan,nan,nan,nan,nan,nan,0.0,0.13083333333333333,nan,0.0,0,42,nan,0.0535031847133758,0.0,0.0,0.0,0.017478431084412816,0.013654378030957901,0.003824053053454915,nan,nan,0.33974510977345057,0.33747596516013323
real_digits_aligned,box,6000,0.05,0.0,estimated_residual_lowp_supported,cui_selective_ml,estimated,xgboost,xgboost,if_residual,1.0,0.0|0.25|0.5|1.0,aipw_variance,-1.0,1.0,obsval,4.0,0.1,30,0.1,crossfit_rank_empty_standdown,1.0,4,50,4,5200.689003014937,0.031246610111555717,0.031246610111555717,0.031246610111555717,0.0,0.000378839593906795,-0.00023673261953448613,0.0,nan,0.0,reference,nan,nan,nan,nan,nan,gradient_boosting,gradient_boosting,2.3025942826391166,nan,nan,nan,nan,nan,nan,nan,0.1,0.12333333333333334,0.7333333333333333,0.5945945945945946,87,39,0.145,0.052702702702702706,0.009389966116259725,0.009389966116259725,0.0,0.020656496041796306,0.020656496041796306,0.0,0.4346104654297442,0.4346104654297442,0.48198278610295847,0.48198278610295847
real_digits_aligned,box,6000,0.05,0.0,estimated_residual_lowp_supported,cui_selective_ml,estimated,xgboost,xgboost,if_residual,1.0,0.0|0.25|0.5|1.0,aipw_variance,-1.0,1.0,obsval,4.0,0.1,30,0.1,crossfit_rank_empty_standdown,1.0,4,50,1,1315.8052895981818,0.025326469291651083,0.025326469291651083,0.025326469291651083,0.0,9.250908558748735e-05,-0.0001329913955601859,0.0,nan,0.0,reference,nan,nan,nan,nan,nan,gradient_boosting,gradient_boosting,7.4535442405198635,nan,nan,nan,nan,nan,nan,nan,0.05,0.12183333333333334,0.71,0.2913816689466484,48,37,0.16,0.0506155950752394,0.00587548290596159,0.00587548290596159,0.0,0.024863618787465423,0.024863618787465423,0.0,0.5592324673244398,0.5592324673244398,0.5725938348925254,0.5725938348925254
real_digits_aligned,box,6000,0.05,0.0,estimated_residual_lowp_supported,cui_selective_ml,estimated,xgboost,xgboost,if_residual,1.0,0.0|0.25|0.5|1.0,aipw_variance,-1.0,1.0,obsval,4.0,0.1,30,0.1,crossfit_rank_empty_standdown,1.0,4,50,2,2640.606199410744,0.025373543092138517,0.025373543092138517,0.025373543092138517,0.0,7.748138411566821e-05,-9.731364359932772e-05,0.0,nan,0.0,reference,nan,nan,nan,nan,nan,logistic_l1,gradient_boosting,0.0020004993709449607,nan,nan,nan,nan,nan,nan,nan,0.0,0.1175,nan,0.0,0,34,nan,0.04822695035460993,0.0,0.0,0.0,-31.088150010543206,-31.088150010543206,0.0,nan,nan,0.5803083597849699,0.5803083597849699
real_digits_aligned,box,6000,0.05,0.0,estimated_residual_lowp_supported,cui_selective_ml,estimated,xgboost,xgboost,if_residual,1.0,0.0|0.25|0.5|1.0,aipw_variance,-1.0,1.0,obsval,4.0,0.1,30,0.1,crossfit_rank_empty_standdown,1.0,4,50,3,3930.9268672568724,0.025164425326542034,0.025164425326542034,0.025164425326542034,0.0,7.694427723396562e-05,-4.7770760522579685e-05,0.0,nan,0.0,reference,nan,nan,nan,nan,nan,logistic_l1,lasso,0.0010356598412531047,nan,nan,nan,nan,nan,nan,nan,0.0,0.13033333333333333,nan,0.0,0,29,nan,0.0370843989769821,0.0,0.0,0.0,-16.670296904265207,-16.670296904265207,0.0,nan,nan,0.7105941208432985,0.7105941208432985
real_digits_aligned,box,6000,0.05,0.0,estimated_residual_lowp_supported,cui_selective_ml,estimated,xgboost,xgboost,if_residual,1.0,0.0|0.25|0.5|1.0,aipw_variance,-1.0,1.0,obsval,4.0,0.1,30,0.1,crossfit_rank_empty_standdown,1.0,4,50,4,5234.2544180341065,-0.003271940700956155,-0.003271940700956155,-0.003271940700956155,0.0,0.00013343272328196617,-0.00011838550987620954,0.0,nan,0.0,reference,nan,nan,nan,nan,nan,logistic_l1,lasso,0.0015936291487061447,nan,nan,nan,nan,nan,nan,nan,0.0,0.1255,nan,0.0,0,37,nan,0.049136786188579015,0.0,0.0,0.0,-145.62194790422302,-145.62194790422302,0.0,nan,nan,0.4469243314406349,0.4469243314406349
real_digits_aligned,box,6000,0.05,0.0,estimated_residual_lowp_supported,cui_selective_ml,estimated,xgboost,xgboost,if_residual,1.0,0.0|0.25|0.5|1.0,aipw_variance,-1.0,1.0,obsval,4.0,0.1,30,0.1,crossfit_rank_empty_standdown,1.0,4,50,1,1311.0426549976692,0.038384747365053845,0.038384747365053845,0.038384747365053845,0.0,9.464862200611471e-05,-4.691056118191598e-05,0.0,nan,0.0,reference,nan,nan,nan,nan,nan,gradient_boosting,lasso,379458.5926955754,nan,nan,nan,nan,nan,nan,nan,0.1,0.131,0.74,0.5648854961832062,79,42,0.13166666666666665,0.05343511450381679,0.015781731726127696,0.015781731726127696,0.0,0.03591518338038805,0.03591518338038805,0.0,0.5182293717565898,0.5182293717565898,0.534804180711845,0.534804180711845
real_digits_aligned,box,6000,0.05,0.0,estimated_residual_lowp_supported,cui_selective_ml,estimated,xgboost,xgboost,if_residual,1.0,0.0|0.25|0.5|1.0,aipw_variance,-1.0,1.0,obsval,4.0,0.1,30,0.1,crossfit_rank_empty_standdown,1.0,4,50,2,2591.093535449356,0.05442320123660124,0.05442320123660124,0.05442320123660124,0.0,0.00018688984421685135,-0.00021034359593710467,0.0,nan,0.0,reference,nan,nan,nan,nan,nan,gradient_boosting,random_forest,390.93557668409846,nan,nan,nan,nan,nan,nan,nan,0.05,0.12183333333333334,0.7733333333333333,0.3173734610123119,32,36,0.10666666666666667,0.049247606019151846,0.00954834485040285,0.00954834485040285,0.0,0.03576277472136433,0.03576277472136433,0.0,0.5165048318920917,0.5165048318920917,0.5849510932916474,0.5849510932916474
real_digits_aligned,box,6000,0.05,0.0,estimated_residual_lowp_supported,cui_selective_ml,estimated,xgboost,xgboost,if_residual,1.0,0.0|0.25|0.5|1.0,aipw_variance,-1.0,1.0,obsval,4.0,0.1,30,0.1,crossfit_rank_empty_standdown,1.0,4,50,3,3899.512328568846,0.050139420476463636,0.050520898240911244,0.050139420476463636,0.0003814777644476075,0.00023099998551643903,-0.00020491751630933458,0.0,nan,0.25,if_residual,nan,nan,nan,nan,nan,gradient_boosting,random_forest,0.0058059965222598845,nan,nan,nan,nan,nan,nan,nan,0.0,0.12116666666666667,nan,0.0,0,32,nan,0.04401650618982118,0.0,0.0,0.0,0.036369055430672204,0.034379093452956595,0.0019899619777156083,nan,nan,0.6234096697610981,0.6244082379175664
real_digits_aligned,box,6000,0.05,0.0,estimated_residual_lowp_supported,cui_selective_ml,estimated,xgboost,xgboost,if_residual,1.0,0.0|0.25|0.5|1.0,aipw_variance,-1.0,1.0,obsval,4.0,0.1,30,0.1,crossfit_rank_empty_standdown,1.0,4,50,4,5224.736165445298,0.008483247896572954,0.008483247896572954,0.008483247896572954,0.0,0.0005335930829533054,-0.0004897745257525965,0.0,nan,0.0,reference,nan,nan,nan,nan,nan,logistic_l1,lasso,0.0012003397517504591,nan,nan,nan,nan,nan,nan,nan,0.05,0.1245,0.7766666666666666,0.3119143239625167,38,48,0.12666666666666668,0.0642570281124498,-16.997165976339087,-16.997165976339087,0.0,-28.501918997340017,-28.501918997340017,0.0,0.5809591846168503,0.5809591846168503,0.5103714618834226,0.5103714618834226
real_digits_aligned,box,6000,0.05,0.0,estimated_residual_lowp_supported,cui_selective_ml,estimated,xgboost,xgboost,if_residual,1.0,0.0|0.25|0.5|1.0,aipw_variance,-1.0,1.0,obsval,4.0,0.1,30,0.1,crossfit_rank_empty_standdown,1.0,4,50,1,1291.9727678578347,0.02166487355286134,0.02166487355286134,0.02166487355286134,0.0,0.00021229861808421866,-0.0003028635620770573,0.0,nan,0.0,reference,nan,nan,nan,nan,nan,gradient_boosting,random_forest,193666.76947093336,nan,nan,nan,nan,nan,nan,nan,0.1,0.122,0.7233333333333334,0.592896174863388,72,24,0.12,0.03278688524590164,0.012782610698793422,0.012782610698793422,0.0,0.02962693158132106,0.02962693158132106,0.0,0.42575566534456566,0.42575566534456566,0.5218057655230597,0.5218057655230597
real_digits_aligned,box,6000,0.05,0.0,estimated_residual_lowp_supported,cui_selective_ml,estimated,xgboost,xgboost,if_residual,1.0,0.0|0.25|0.5|1.0,aipw_variance,-1.0,1.0,obsval,4.0,0.1,30,0.1,crossfit_rank_empty_standdown,1.0,4,50,2,2614.8303604908288,0.04206266607949857,0.04206266607949857,0.04206266607949857,0.0,9.54002940546214e-05,-0.0001021996988652211,0.0,nan,0.0,reference,nan,nan,nan,nan,nan,gradient_boosting,lasso,0.023942367428857112,nan,nan,nan,nan,nan,nan,nan,0.0,0.125,nan,0.0,0,35,nan,0.04666666666666667,0.0,0.0,0.0,0.02711447365411517,0.02711447365411517,0.0,nan,nan,0.4738456255510787,0.4738456255510787
real_digits_aligned,box,6000,0.05,0.0,estimated_residual_lowp_supported,cui_selective_ml,estimated,xgboost,xgboost,if_residual,1.0,0.0|0.25|0.5|1.0,aipw_variance,-1.0,1.0,obsval,4.0,0.1,30,0.1,crossfit_rank_empty_standdown,1.0,4,50,3,3877.4010318433866,-0.05324015561063944,-0.05324015561063944,-0.05324015561063944,0.0,0.0003451910889172732,-0.000389476246757366,0.0,nan,0.0,reference,nan,nan,nan,nan,nan,logistic_l1,lasso,0.0035151427619500497,nan,nan,nan,nan,nan,nan,nan,0.075,0.1315,0.6977777777777778,0.3979721166032953,70,51,0.15555555555555556,0.06463878326996197,-0.00739964819434026,-0.00739964819434026,0.0,-0.0043768595414231315,-0.0043768595414231315,0.0,0.3163900613900242,0.3163900613900242,0.3416580628286222,0.3416580628286222
real_digits_aligned,box,6000,0.05,0.0,estimated_residual_lowp_supported,cui_selective_ml,estimated,xgboost,xgboost,if_residual,1.0,0.0|0.25|0.5|1.0,aipw_variance,-1.0,1.0,obsval,4.0,0.1,30,0.1,crossfit_rank_empty_standdown,1.0,4,50,4,5180.39279104583,0.0832380459097774,0.0832380459097774,0.0832380459097774,0.0,5.7087238721536724e-05,-8.379762506705257e-05,0.0,nan,0.0,reference,nan,nan,nan,nan,nan,gradient_boosting,random_forest,0.10986593987769712,nan,nan,nan,nan,nan,nan,nan,0.0,0.12883333333333333,nan,0.0,0,41,nan,0.05304010349288486,0.0,0.0,0.0,0.038912085711780946,0.038912085711780946,0.0,nan,nan,0.5832451510986204,0.5832451510986204
real_digits_aligned,box,6000,0.05,0.0,estimated_residual_lowp_supported,cui_selective_ml,estimated,xgboost,xgboost,if_residual,1.0,0.0|0.25|0.5|1.0,aipw_variance,-1.0,1.0,obsval,4.0,0.1,30,0.1,crossfit_rank_empty_standdown,1.0,4,50,1,1314.1155449580401,0.00042615429660253223,0.00042615429660253223,0.00042615429660253223,0.0,0.000312909749363526,-0.0002619085906459788,0.0,nan,0.0,reference,nan,nan,nan,nan,nan,logistic_l1,lasso,0.0015758599318919711,nan,nan,nan,nan,nan,nan,nan,0.1,0.12966666666666668,0.7,0.5398457583547558,97,39,0.16166666666666665,0.05012853470437018,1.2518823168644257,1.2518823168644257,0.0,-1.1869965098584943,-1.1869965098584943,0.0,0.3391255466871373,0.3391255466871373,0.750670565531191,0.750670565531191
real_digits_aligned,box,6000,0.05,0.0,estimated_residual_lowp_supported,cui_selective_ml,estimated,xgboost,xgboost,if_residual,1.0,0.0|0.25|0.5|1.0,aipw_variance,-1.0,1.0,obsval,4.0,0.1,30,0.1,crossfit_rank_empty_standdown,1.0,4,50,2,2604.3327288860455,0.028665251520123836,0.028665251520123836,0.028665251520123836,0.0,8.486301809422937e-05,-5.977286612181092e-05,0.0,nan,0.0,reference,nan,nan,nan,nan,nan,gradient_boosting,random_forest,2561.106084908692,nan,nan,nan,nan,nan,nan,nan,0.075,0.12366666666666666,0.7177777777777777,0.4353099730458221,53,38,0.11777777777777777,0.05121293800539083,0.01100762846983106,0.01100762846983106,0.0,0.028785157237121328,0.028785157237121328,0.0,0.5007706561762715,0.5007706561762715,0.5059291993918801,0.5059291993918801
real_digits_aligned,box,6000,0.05,0.0,estimated_residual_lowp_supported,cui_selective_ml,estimated,xgboost,xgboost,if_residual,1.0,0.0|0.25|0.5|1.0,aipw_variance,-1.0,1.0,obsval,4.0,0.1,30,0.1,crossfit_rank_empty_standdown,1.0,4,50,3,3904.9108421243727,-0.029154577513075847,-0.029154577513075847,-0.029154577513075847,0.0,0.00030204341427710513,-0.0004213293511015143,0.0,nan,0.0,reference,nan,nan,nan,nan,nan,gradient_boosting,lasso,0.19381183994499593,nan,nan,nan,nan,nan,nan,nan,0.0,0.13366666666666666,nan,0.0,0,46,nan,0.057356608478802994,0.0,0.0,0.0,0.015235776605530726,0.015235776605530726,0.0,nan,nan,0.40675285770058806,0.40675285770058806
real_digits_aligned,box,6000,0.05,0.0,estimated_residual_lowp_supported,cui_selective_ml,estimated,xgboost,xgboost,if_residual,1.0,0.0|0.25|0.5|1.0,aipw_variance,-1.0,1.0,obsval,4.0,0.1,30,0.1,crossfit_rank_empty_standdown,1.0,4,50,4,5213.64947670605,0.03521654840502303,0.03521654840502303,0.03521654840502303,0.0,0.00010711450859183743,-0.00014477677813679631,0.0,nan,0.0,reference,nan,nan,nan,nan,nan,gradient_boosting,lasso,0.000520770787899355,nan,nan,nan,nan,nan,nan,nan,0.05,0.12666666666666668,0.6866666666666666,0.2710526315789474,33,43,0.11,0.056578947368421055,0.005128142606188102,0.005128142606188102,0.0,0.024182997861218712,0.024182997861218712,0.0,0.5032046065359242,0.5032046065359242,0.5867301686346208,0.5867301686346208
real_digits_aligned,box,6000,0.05,0.0,estimated_residual_lowp_supported,cui_selective_ml,estimated,xgboost,xgboost,if_residual,1.0,0.0|0.25|0.5|1.0,aipw_variance,-1.0,1.0,obsval,4.0,0.1,30,0.1,crossfit_rank_empty_standdown,1.0,4,50,1,1301.6399863138795,0.0029130677327638965,0.0029130677327638965,0.0029130677327638965,0.0,0.00010343075534138195,-0.00011131608120850257,0.0,nan,0.0,reference,nan,nan,nan,nan,nan,gradient_boosting,lasso,2.2176750674845844,nan,nan,nan,nan,nan,nan,nan,0.0,0.12883333333333333,nan,0.0,0,33,nan,0.042690815006468305,0.0,0.0,0.0,0.02392979487103803,0.02392979487103803,0.0,nan,nan,0.38655071558017473,0.38655071558017473
real_digits_aligned,box,6000,0.05,0.0,estimated_residual_lowp_supported,cui_selective_ml,estimated,xgboost,xgboost,if_residual,1.0,0.0|0.25|0.5|1.0,aipw_variance,-1.0,1.0,obsval,4.0,0.1,30,0.1,crossfit_rank_empty_standdown,1.0,4,50,2,2615.6449517216533,-0.10302697961503415,-0.0524185075885151,-0.06616771005917804,0.05060847202651905,0.00034791306431174586,-0.00036230852553806087,0.7283221184101687,nan,0.5,if_residual,nan,nan,nan,nan,nan,logistic_l1,gradient_boosting,0.043867604520906,nan,nan,nan,nan,nan,nan,nan,0.1,0.12616666666666668,0.72,0.570673712021136,79,34,0.13166666666666665,0.04491413474240423,-0.05372866781442567,-0.06035497727795905,-0.006626309463533382,-0.10418059873988916,-0.09936434288318945,0.0048162558566997166,0.4583884589475799,0.5513970913409901,0.5245614531515477,0.5869071726862546
real_digits_aligned,box,6000,0.05,0.0,estimated_residual_lowp_supported,cui_selective_ml,estimated,xgboost,xgboost,if_residual,1.0,0.0|0.25|0.5|1.0,aipw_variance,-1.0,1.0,obsval,4.0,0.1,30,0.1,crossfit_rank_empty_standdown,1.0,4,50,3,3892.3969515701756,0.003528867350938686,0.003528867350938686,0.003528867350938686,0.0,0.00014648673623602845,-0.00022284064009561874,0.0,nan,0.0,reference,nan,nan,nan,nan,nan,gradient_boosting,random_forest,0.03010892157667376,nan,nan,nan,nan,nan,nan,nan,0.05,0.133,0.7966666666666666,0.29949874686716793,31,39,0.10333333333333333,0.04887218045112782,0.006997015339416621,0.006997015339416621,0.0,0.031233348489594765,0.031233348489594765,0.0,0.40885386646427113,0.40885386646427113,0.4531377649331446,0.4531377649331446
real_digits_aligned,box,6000,0.05,0.0,estimated_residual_lowp_supported,cui_selective_ml,estimated,xgboost,xgboost,if_residual,1.0,0.0|0.25|0.5|1.0,aipw_variance,-1.0,1.0,obsval,4.0,0.1,30,0.1,crossfit_rank_empty_standdown,1.0,4,50,4,5180.370069271885,0.074728849500547,0.074728849500547,0.074728849500547,0.0,0.0002948173959023768,-0.00038553459115503235,0.0,nan,0.0,reference,nan,nan,nan,nan,nan,gradient_boosting,lasso,2.4278569318093064,nan,nan,nan,nan,nan,nan,nan,0.05,0.1245,0.7233333333333334,0.29049531459170014,35,43,0.11666666666666667,0.05756358768406961,0.00618473459892924,0.00618473459892924,0.0,0.028137176161837033,0.028137176161837033,0.0,0.3846094674800071,0.3846094674800071,0.5040766486107169,0.5040766486107169
real_digits_aligned,box,6000,0.05,0.0,estimated_residual_lowp_supported,cui_selective_ml,estimated,xgboost,xgboost,if_residual,1.0,0.0|0.25|0.5|1.0,aipw_variance,-1.0,1.0,obsval,4.0,0.1,30,0.1,crossfit_rank_empty_standdown,1.0,4,50,1,1279.2984929475933,0.029721183224642456,0.029721183224642456,0.029721183224642456,0.0,0.0001412186466276874,-0.00018281355672905922,0.0,nan,0.0,reference,nan,nan,nan,nan,nan,gradient_boosting,gradient_boosting,0.14661930486294752,nan,nan,nan,nan,nan,nan,nan,0.0,0.12783333333333333,nan,0.0,0,46,nan,0.05997392438070404,0.0,0.0,0.0,0.01927827660008993,0.01927827660008993,0.0,nan,nan,0.4718888863599967,0.4718888863599967
real_digits_aligned,box,6000,0.05,0.0,estimated_residual_lowp_supported,cui_selective_ml,estimated,xgboost,xgboost,if_residual,1.0,0.0|0.25|0.5|1.0,aipw_variance,-1.0,1.0,obsval,4.0,0.1,30,0.1,crossfit_rank_empty_standdown,1.0,4,50,2,2579.100721907802,-0.002656108983823985,-0.002656108983823985,-0.002656108983823985,0.0,8.810961489085466e-05,-5.2459109853313167e-05,0.0,nan,0.0,reference,nan,nan,nan,nan,nan,gradient_boosting,gradient_boosting,0.00040781602714828056,nan,nan,nan,nan,nan,nan,nan,0.1,0.12416666666666666,0.6983333333333334,0.5624161073825503,83,30,0.13833333333333334,0.040268456375838924,0.008949684255521983,0.008949684255521983,0.0,0.017256987356987663,0.017256987356987663,0.0,0.413039115966078,0.413039115966078,0.4428031547734153,0.4428031547734153
real_digits_aligned,box,6000,0.05,0.0,estimated_residual_lowp_supported,cui_selective_ml,estimated,xgboost,xgboost,if_residual,1.0,0.0|0.25|0.5|1.0,aipw_variance,-1.0,1.0,obsval,4.0,0.1,30,0.1,crossfit_rank_empty_standdown,1.0,4,50,3,3885.4832019452006,0.0036488627725191625,0.0036488627725191625,0.0036488627725191625,0.0,0.00011412037097430303,-8.895407444388847e-05,0.0,nan,0.0,reference,nan,nan,nan,nan,nan,gradient_boosting,gradient_boosting,0.0014936749526922662,nan,nan,nan,nan,nan,nan,nan,0.1,0.126,0.7383333333333333,0.5859788359788359,75,34,0.125,0.04497354497354497,0.013838765714136031,0.013838765714136031,0.0,0.027838323813052634,0.027838323813052634,0.0,0.5324096487047327,0.5324096487047327,0.56743948127215,0.56743948127215
real_digits_aligned,box,6000,0.05,0.0,estimated_residual_lowp_supported,cui_selective_ml,estimated,xgboost,xgboost,if_residual,1.0,0.0|0.25|0.5|1.0,aipw_variance,-1.0,1.0,obsval,4.0,0.1,30,0.1,crossfit_rank_empty_standdown,1.0,4,50,4,5151.059824384749,0.04279290512420636,0.04279290512420636,0.04279290512420636,0.0,0.0001769603519174369,-0.0001833588496867823,0.0,nan,0.0,reference,nan,nan,nan,nan,nan,gradient_boosting,gradient_boosting,0.08235407471028582,nan,nan,nan,nan,nan,nan,nan,0.0,0.125,nan,0.0,0,36,nan,0.048,0.0,0.0,0.0,0.01930641272467657,0.01930641272467657,0.0,nan,nan,0.5174840602119958,0.5174840602119958
real_digits_aligned,box,6000,0.05,0.0,estimated_residual_lowp_supported,cui_selective_ml,estimated,xgboost,xgboost,if_residual,1.0,0.0|0.25|0.5|1.0,aipw_variance,-1.0,1.0,obsval,4.0,0.1,30,0.1,crossfit_rank_empty_standdown,1.0,4,50,1,1330.64379499387,0.026401985617628965,0.026401985617628965,0.026401985617628965,0.0,9.988217918556865e-05,-9.501784434157623e-05,0.0,nan,0.0,reference,nan,nan,nan,nan,nan,logistic_l1,lasso,0.0002626138380576077,nan,nan,nan,nan,nan,nan,nan,0.1,0.12833333333333333,0.725,0.564935064935065,80,41,0.13333333333333333,0.053246753246753244,147.08864563826162,147.08864563826162,0.0,145.84293265979923,145.84293265979923,0.0,0.5518391270878137,0.5518391270878137,0.5323978479388658,0.5323978479388658
real_digits_aligned,box,6000,0.05,0.0,estimated_residual_lowp_supported,cui_selective_ml,estimated,xgboost,xgboost,if_residual,1.0,0.0|0.25|0.5|1.0,aipw_variance,-1.0,1.0,obsval,4.0,0.1,30,0.1,crossfit_rank_empty_standdown,1.0,4,50,2,2624.9878259468824,-0.006214877130544555,-0.006214877130544555,-0.006214877130544555,0.0,0.00018152884346766705,-0.00019982680506220305,0.0,nan,0.0,reference,nan,nan,nan,nan,nan,gradient_boosting,lasso,0.002804561506488893,nan,nan,nan,nan,nan,nan,nan,0.0,0.127,nan,0.0,0,36,nan,0.047244094488188976,0.0,0.0,0.0,0.012082322297633421,0.012082322297633421,0.0,nan,nan,0.33420069358116705,0.33420069358116705
real_digits_aligned,box,6000,0.05,0.0,estimated_residual_lowp_supported,cui_selective_ml,estimated,xgboost,xgboost,if_residual,1.0,0.0|0.25|0.5|1.0,aipw_variance,-1.0,1.0,obsval,4.0,0.1,30,0.1,crossfit_rank_empty_standdown,1.0,4,50,3,3905.9424432367086,0.001783387942016601,0.001783387942016601,0.001783387942016601,0.0,0.0002484122540282285,-0.00023986872362216237,0.0,nan,0.0,reference,nan,nan,nan,nan,nan,logistic_l1,gradient_boosting,0.0010346828558416199,nan,nan,nan,nan,nan,nan,nan,0.05,0.13016666666666668,0.7633333333333333,0.293213828425096,39,44,0.13,0.056338028169014086,-0.036782977238447756,-0.036782977238447756,0.0,-16.36710950361461,-16.36710950361461,0.0,0.541053817096646,0.541053817096646,0.4959812410414938,0.4959812410414938
real_digits_aligned,box,6000,0.05,0.0,estimated_residual_lowp_supported,cui_selective_ml,estimated,xgboost,xgboost,if_residual,1.0,0.0|0.25|0.5|1.0,aipw_variance,-1.0,1.0,obsval,4.0,0.1,30,0.1,crossfit_rank_empty_standdown,1.0,4,50,4,5193.753363025375,-0.049912956366799044,-0.049912956366799044,-0.049912956366799044,0.0,0.0004148770742703938,-0.0004538037296366651,0.0,nan,0.0,reference,nan,nan,nan,nan,nan,logistic_l1,lasso,0.004008184051973355,nan,nan,nan,nan,nan,nan,nan,0.05,0.1295,0.7166666666666667,0.2767052767052767,40,38,0.13333333333333333,0.0489060489060489,-5.419262504709404,-5.419262504709404,0.0,-23.292707546902257,-23.292707546902257,0.0,0.3602910649734323,0.3602910649734323,0.43452688170846304,0.43452688170846304
real_digits_aligned,box,6000,0.05,0.0,estimated_residual_lowp_supported,cui_selective_ml,estimated,xgboost,xgboost,if_residual,1.0,0.0|0.25|0.5|1.0,aipw_variance,-1.0,1.0,obsval,4.0,0.1,30,0.1,crossfit_rank_empty_standdown,1.0,4,50,1,1306.6839141696692,0.07593773710069929,0.07593773710069929,0.07593773710069929,0.0,0.0001333201974827962,-0.0001064184150362083,0.0,nan,0.0,reference,nan,nan,nan,nan,nan,random_forest,random_forest,0.0030473108857200118,nan,nan,nan,nan,nan,nan,nan,0.1,0.13366666666666666,0.75,0.5610972568578554,76,35,0.12666666666666668,0.043640897755610975,0.027177657273886772,0.027177657273886772,0.0,0.04955089916409605,0.04955089916409605,0.0,0.5438827222678105,0.5438827222678105,0.5924409041155175,0.5924409041155175
real_digits_aligned,box,6000,0.05,0.0,estimated_residual_lowp_supported,cui_selective_ml,estimated,xgboost,xgboost,if_residual,1.0,0.0|0.25|0.5|1.0,aipw_variance,-1.0,1.0,obsval,4.0,0.1,30,0.1,crossfit_rank_empty_standdown,1.0,4,50,2,2616.1420744881034,0.036759034315340416,0.036759034315340416,0.036759034315340416,0.0,0.00011130253116723105,-4.2059630293456206e-05,0.0,nan,0.0,reference,nan,nan,nan,nan,nan,gradient_boosting,lasso,0.001643405240407059,nan,nan,nan,nan,nan,nan,nan,0.1,0.13083333333333333,0.7233333333333334,0.5528662420382165,89,49,0.14833333333333334,0.062420382165605096,0.012433933935820835,0.012433933935820835,0.0,0.027030922052893838,0.027030922052893838,0.0,0.41470277461366023,0.41470277461366023,0.530866862130596,0.530866862130596
real_digits_aligned,box,6000,0.05,0.0,estimated_residual_lowp_supported,cui_selective_ml,estimated,xgboost,xgboost,if_residual,1.0,0.0|0.25|0.5|1.0,aipw_variance,-1.0,1.0,obsval,4.0,0.1,30,0.1,crossfit_rank_empty_standdown,1.0,4,50,3,3938.204157914035,0.03725777219335086,0.03725777219335086,0.03725777219335086,0.0,0.0005012481605329007,-0.0006272373273785099,0.0,nan,0.0,reference,nan,nan,nan,nan,nan,logistic_l1,gradient_boosting,0.0008563039695027446,nan,nan,nan,nan,nan,nan,nan,0.1,0.12,0.67,0.5583333333333333,93,28,0.155,0.03888888888888889,-45.71809961591039,-45.71809961591039,0.0,-75.83320145204048,-75.83320145204048,0.0,0.5215060475719407,0.5215060475719407,0.5770037033639112,0.5770037033639112
real_digits_aligned,box,6000,0.05,0.0,estimated_residual_lowp_supported,cui_selective_ml,estimated,xgboost,xgboost,if_residual,1.0,0.0|0.25|0.5|1.0,aipw_variance,-1.0,1.0,obsval,4.0,0.1,30,0.1,crossfit_rank_empty_standdown,1.0,4,50,4,5251.254409899935,0.06750093723683889,0.06750093723683889,0.06750093723683889,0.0,8.378583726380393e-05,-0.00014350269250381004,0.0,nan,0.0,reference,nan,nan,nan,nan,nan,gradient_boosting,gradient_boosting,0.007533229413963873,nan,nan,nan,nan,nan,nan,nan,0.1,0.123,0.7366666666666667,0.5989159891598916,69,36,0.115,0.04878048780487805,0.013434426089228884,0.013434426089228884,0.0,0.028352524585184207,0.028352524585184207,0.0,0.527714900328373,0.527714900328373,0.5194487145882174,0.5194487145882174
real_digits_aligned,box,6000,0.05,0.0,estimated_residual_lowp_supported,cui_selective_ml,estimated,xgboost,xgboost,if_residual,1.0,0.0|0.25|0.5|1.0,aipw_variance,-1.0,1.0,obsval,4.0,0.1,30,0.1,crossfit_rank_empty_standdown,1.0,4,50,1,1327.1149961082265,0.05562999525001602,0.05562999525001602,0.05562999525001602,0.0,0.00012026818771110489,-0.0002100631105784712,0.0,nan,0.0,reference,nan,nan,nan,nan,nan,random_forest,random_forest,340190.6255205196,nan,nan,nan,nan,nan,nan,nan,0.0,0.124,nan,0.0,0,37,nan,0.04973118279569892,0.0,0.0,0.0,0.04009141678817706,0.04009141678817706,0.0,nan,nan,0.5850831075569164,0.5850831075569164
real_digits_aligned,box,6000,0.05,0.0,estimated_residual_lowp_supported,cui_selective_ml,estimated,xgboost,xgboost,if_residual,1.0,0.0|0.25|0.5|1.0,aipw_variance,-1.0,1.0,obsval,4.0,0.1,30,0.1,crossfit_rank_empty_standdown,1.0,4,50,2,2627.963738175109,0.03422415486497432,0.03422415486497432,0.03422415486497432,0.0,0.00019931358140388988,-0.00027041042521566585,0.0,nan,0.0,reference,nan,nan,nan,nan,nan,gradient_boosting,random_forest,544.3304708775084,nan,nan,nan,nan,nan,nan,nan,0.0,0.13033333333333333,nan,0.0,0,45,nan,0.05754475703324808,0.0,0.0,0.0,0.034678166352137545,0.034678166352137545,0.0,nan,nan,0.5142094968527176,0.5142094968527176
real_digits_aligned,box,6000,0.05,0.0,estimated_residual_lowp_supported,cui_selective_ml,estimated,xgboost,xgboost,if_residual,1.0,0.0|0.25|0.5|1.0,aipw_variance,-1.0,1.0,obsval,4.0,0.1,30,0.1,crossfit_rank_empty_standdown,1.0,4,50,3,3919.6477332375944,0.002924872071243395,0.002924872071243395,0.002924872071243395,0.0,0.00046204907807510863,-0.00044954012307499324,0.0,nan,0.0,reference,nan,nan,nan,nan,nan,logistic_l1,gradient_boosting,0.0020697963382200328,nan,nan,nan,nan,nan,nan,nan,0.0,0.12916666666666668,nan,0.0,0,28,nan,0.03612903225806452,0.0,0.0,0.0,-4.475412695192726,-4.475412695192726,0.0,nan,nan,0.5076801806039926,0.5076801806039926
real_digits_aligned,box,6000,0.05,0.0,estimated_residual_lowp_supported,cui_selective_ml,estimated,xgboost,xgboost,if_residual,1.0,0.0|0.25|0.5|1.0,aipw_variance,-1.0,1.0,obsval,4.0,0.1,30,0.1,crossfit_rank_empty_standdown,1.0,4,50,4,5227.194377944805,0.05667024640753235,0.05667024640753235,0.05667024640753235,0.0,0.00021448594125804453,-0.0002531707156769806,0.0,nan,0.0,reference,nan,nan,nan,nan,nan,gradient_boosting,gradient_boosting,422.39395985770483,nan,nan,nan,nan,nan,nan,nan,0.0,0.12933333333333333,nan,0.0,0,38,nan,0.04896907216494845,0.0,0.0,0.0,0.027862276108504277,0.027862276108504277,0.0,nan,nan,0.5016567319486263,0.5016567319486263
real_digits_aligned,box,6000,0.05,0.0,estimated_residual_lowp_supported,cui_selective_ml,estimated,xgboost,xgboost,if_residual,1.0,0.0|0.25|0.5|1.0,aipw_variance,-1.0,1.0,obsval,4.0,0.1,30,0.1,crossfit_rank_empty_standdown,1.0,4,50,1,1310.1442699860781,0.045272411648983546,0.045272411648983546,0.045272411648983546,0.0,7.816944574043209e-05,-0.00012742461962934198,0.0,nan,0.0,reference,nan,nan,nan,nan,nan,gradient_boosting,lasso,1.6836638301316498,nan,nan,nan,nan,nan,nan,nan,0.05,0.134,0.77,0.2873134328358209,30,35,0.1,0.043532338308457715,0.003576522809689681,0.003576522809689681,0.0,0.020184890203253352,0.020184890203253352,0.0,0.6212507916947743,0.6212507916947743,0.6332837865391542,0.6332837865391542
real_digits_aligned,box,6000,0.05,0.0,estimated_residual_lowp_supported,cui_selective_ml,estimated,xgboost,xgboost,if_residual,1.0,0.0|0.25|0.5|1.0,aipw_variance,-1.0,1.0,obsval,4.0,0.1,30,0.1,crossfit_rank_empty_standdown,1.0,4,50,2,2625.5572156580165,-0.007210962368733115,-0.007210962368733115,-0.007210962368733115,0.0,0.00015220396598798758,-8.063168505629257e-05,0.0,nan,0.0,reference,nan,nan,nan,nan,nan,logistic_l1,lasso,0.0009585396648663728,nan,nan,nan,nan,nan,nan,nan,0.0,0.121,nan,0.0,0,39,nan,0.05371900826446281,0.0,0.0,0.0,-5.488134882700254,-5.488134882700254,0.0,nan,nan,0.34874539692156775,0.34874539692156775
real_digits_aligned,box,6000,0.05,0.0,estimated_residual_lowp_supported,cui_selective_ml,estimated,xgboost,xgboost,if_residual,1.0,0.0|0.25|0.5|1.0,aipw_variance,-1.0,1.0,obsval,4.0,0.1,30,0.1,crossfit_rank_empty_standdown,1.0,4,50,3,3945.8822067789733,0.039256281472001275,0.035438218110040026,0.039256281472001275,-0.003818063361961249,0.00022526679649464802,-0.00027910198505900694,0.0,nan,0.25,if_residual,nan,nan,nan,nan,nan,gradient_boosting,lasso,1.3050220832355492,nan,nan,nan,nan,nan,nan,nan,0.0,0.13183333333333333,nan,0.0,0,41,nan,0.051833122629582805,0.0,0.0,0.0,0.022524936725876802,0.018853953334016745,0.0036709833918600575,nan,nan,0.42858631807349495,0.42169167018529546
real_digits_aligned,box,6000,0.05,0.0,estimated_residual_lowp_supported,cui_selective_ml,estimated,xgboost,xgboost,if_residual,1.0,0.0|0.25|0.5|1.0,aipw_variance,-1.0,1.0,obsval,4.0,0.1,30,0.1,crossfit_rank_empty_standdown,1.0,4,50,4,5239.5948300249875,0.007440141410792467,0.007440141410792467,0.007440141410792467,0.0,6.0866297129036134e-05,-9.201354067836314e-05,0.0,nan,0.0,reference,nan,nan,nan,nan,nan,logistic_l1,gradient_boosting,0.000842484771318886,nan,nan,nan,nan,nan,nan,nan,0.1,0.12483333333333334,0.6816666666666666,0.5460614152202937,86,37,0.14333333333333334,0.049399198931909215,-59.830792485353676,-59.830792485353676,0.0,-59.868007891447164,-59.868007891447164,0.0,0.509477419160013,0.509477419160013,0.5175436205489425,0.5175436205489425
real_digits_aligned,box,6000,0.05,0.0,estimated_residual_lowp_supported,cui_selective_ml,estimated,xgboost,xgboost,if_residual,1.0,0.0|0.25|0.5|1.0,aipw_variance,-1.0,1.0,obsval,4.0,0.1,30,0.1,crossfit_rank_empty_standdown,1.0,4,50,1,1330.0738153140992,0.03466390143221412,0.03466390143221412,0.03466390143221412,0.0,0.00014851635714525696,-0.00015704790291584452,0.0,nan,0.0,reference,nan,nan,nan,nan,nan,gradient_boosting,gradient_boosting,0.0031275408037341507,nan,nan,nan,nan,nan,nan,nan,0.075,0.12083333333333333,0.6444444444444445,0.4,65,34,0.14444444444444443,0.04689655172413793,0.008003378805662887,0.008003378805662887,0.0,0.026871906799034614,0.026871906799034614,0.0,0.4818149368285059,0.4818149368285059,0.560794263238737,0.560794263238737
real_digits_aligned,box,6000,0.05,0.0,estimated_residual_lowp_supported,cui_selective_ml,estimated,xgboost,xgboost,if_residual,1.0,0.0|0.25|0.5|1.0,aipw_variance,-1.0,1.0,obsval,4.0,0.1,30,0.1,crossfit_rank_empty_standdown,1.0,4,50,2,2644.128654262051,0.05446195175338278,0.05446195175338278,0.05446195175338278,0.0,0.0001327908307820622,4.321533250353706e-06,0.0,nan,0.0,reference,nan,nan,nan,nan,nan,gradient_boosting,lasso,0.006554301707109786,nan,nan,nan,nan,nan,nan,nan,0.1,0.12283333333333334,0.68,0.55359565807327,76,31,0.12666666666666668,0.04206241519674356,0.013725764981061648,0.013725764981061648,0.0,0.03212673352375527,0.03212673352375527,0.0,0.6628837919830647,0.6628837919830647,0.6943890218661182,0.6943890218661182
real_digits_aligned,box,6000,0.05,0.0,estimated_residual_lowp_supported,cui_selective_ml,estimated,xgboost,xgboost,if_residual,1.0,0.0|0.25|0.5|1.0,aipw_variance,-1.0,1.0,obsval,4.0,0.1,30,0.1,crossfit_rank_empty_standdown,1.0,4,50,3,3951.6079300418496,0.023097144733230962,0.023097144733230962,0.023097144733230962,0.0,0.000218713722116137,-0.00041018254087579645,0.0,nan,0.0,reference,nan,nan,nan,nan,nan,gradient_boosting,gradient_boosting,11324.455214071888,nan,nan,nan,nan,nan,nan,nan,0.1,0.12533333333333332,0.6833333333333333,0.5452127659574468,91,42,0.15166666666666667,0.05585106382978723,0.009828267936738563,0.009828267936738563,0.0,0.024078774578013534,0.024078774578013534,0.0,0.42125786775923724,0.42125786775923724,0.48937912540188,0.48937912540188
real_digits_aligned,box,6000,0.05,0.0,estimated_residual_lowp_supported,cui_selective_ml,estimated,xgboost,xgboost,if_residual,1.0,0.0|0.25|0.5|1.0,aipw_variance,-1.0,1.0,obsval,4.0,0.1,30,0.1,crossfit_rank_empty_standdown,1.0,4,50,4,5241.541712962091,0.02208990243807335,0.02208990243807335,0.02208990243807335,0.0,0.0006805268909618554,-0.0007193436347936828,0.0,nan,0.0,reference,nan,nan,nan,nan,nan,gradient_boosting,gradient_boosting,0.012034982421372084,nan,nan,nan,nan,nan,nan,nan,0.05,0.126,0.8,0.31746031746031744,33,42,0.11,0.05555555555555555,0.005201317230169565,0.005201317230169565,0.0,0.021199002136390237,0.021199002136390237,0.0,0.46254260263802516,0.46254260263802516,0.4698297757709519,0.4698297757709519
real_digits_aligned,box,6000,0.05,0.0,estimated_residual_lowp_supported,cui_selective_ml,estimated,xgboost,xgboost,if_residual,1.0,0.0|0.25|0.5|1.0,aipw_variance,-1.0,1.0,obsval,4.0,0.1,30,0.1,crossfit_rank_empty_standdown,1.0,4,50,1,1291.8668667580932,0.008761808742429739,0.008761808742429739,0.008761808742429739,0.0,8.617914509412403e-05,-8.985778761118953e-05,0.0,nan,0.0,reference,nan,nan,nan,nan,nan,gradient_boosting,gradient_boosting,0.0013654920576008788,nan,nan,nan,nan,nan,nan,nan,0.05,0.1305,0.75,0.28735632183908044,31,46,0.10333333333333333,0.05874840357598978,0.005582858981025247,0.005582858981025247,0.0,0.02556433437459962,0.02556433437459962,0.0,0.41248651771996014,0.41248651771996014,0.46087626630397815,0.46087626630397815
real_digits_aligned,box,6000,0.05,0.0,estimated_residual_lowp_supported,cui_selective_ml,estimated,xgboost,xgboost,if_residual,1.0,0.0|0.25|0.5|1.0,aipw_variance,-1.0,1.0,obsval,4.0,0.1,30,0.1,crossfit_rank_empty_standdown,1.0,4,50,2,2567.613849907182,0.0024962224073454276,0.0024962224073454276,0.0024962224073454276,0.0,9.325725636774476e-05,-0.00015776855083731302,0.0,nan,0.0,reference,nan,nan,nan,nan,nan,gradient_boosting,lasso,0.002327424496817389,nan,nan,nan,nan,nan,nan,nan,0.0,0.122,nan,0.0,0,32,nan,0.04371584699453552,0.0,0.0,0.0,0.01869533262224531,0.01869533262224531,0.0,nan,nan,0.4719669954561693,0.4719669954561693
real_digits_aligned,box,6000,0.05,0.0,estimated_residual_lowp_supported,cui_selective_ml,estimated,xgboost,xgboost,if_residual,1.0,0.0|0.25|0.5|1.0,aipw_variance,-1.0,1.0,obsval,4.0,0.1,30,0.1,crossfit_rank_empty_standdown,1.0,4,50,3,3851.0595810394734,0.01638709057768828,0.01638709057768828,0.01638709057768828,0.0,0.0002136408782644492,-0.0002748710644676568,0.0,nan,0.0,reference,nan,nan,nan,nan,nan,logistic_l1,gradient_boosting,0.0011850785967548595,nan,nan,nan,nan,nan,nan,nan,0.0,0.13466666666666666,nan,0.0,0,37,nan,0.04579207920792079,0.0,0.0,0.0,-0.3051906854661175,-0.3051906854661175,0.0,nan,nan,0.45776916630655573,0.45776916630655573
real_digits_aligned,box,6000,0.05,0.0,estimated_residual_lowp_supported,cui_selective_ml,estimated,xgboost,xgboost,if_residual,1.0,0.0|0.25|0.5|1.0,aipw_variance,-1.0,1.0,obsval,4.0,0.1,30,0.1,crossfit_rank_empty_standdown,1.0,4,50,4,5150.592139991932,0.03156923415642998,0.027458996714742723,0.03156923415642998,-0.004110237441687259,0.00010365869451309045,-0.00012361520736571085,0.0,nan,0.25,if_residual,nan,nan,nan,nan,nan,random_forest,lasso,205.12468867325967,nan,nan,nan,nan,nan,nan,nan,0.05,0.12766666666666668,0.7533333333333333,0.2950391644908616,38,35,0.12666666666666668,0.04569190600522193,0.008579368521186218,0.006640859032571498,0.0019385094886147196,0.02817484225952939,0.023384733492422594,0.004790108767106796,0.3424200264191707,0.3212912992084779,0.4092978050369741,0.39992732545721793
real_digits_aligned,box,6000,0.05,0.0,estimated_residual_lowp_supported,cui_selective_ml,estimated,xgboost,xgboost,if_residual,1.0,0.0|0.25|0.5|1.0,aipw_variance,-1.0,1.0,obsval,4.0,0.1,30,0.1,crossfit_rank_empty_standdown,1.0,4,50,1,1330.100240189582,0.022125762745821786,0.022125762745821786,0.022125762745821786,0.0,0.00018024276778590186,-0.00018318804545727513,0.0,nan,0.0,reference,nan,nan,nan,nan,nan,gradient_boosting,gradient_boosting,0.003134650092478268,nan,nan,nan,nan,nan,nan,nan,0.1,0.124,0.7116666666666667,0.5739247311827957,79,37,0.13166666666666665,0.04973118279569892,0.009968500575008655,0.009968500575008655,0.0,0.020440907898968845,0.020440907898968845,0.0,0.4817255697400387,0.4817255697400387,0.5103078681771709,0.5103078681771709
real_digits_aligned,box,6000,0.05,0.0,estimated_residual_lowp_supported,cui_selective_ml,estimated,xgboost,xgboost,if_residual,1.0,0.0|0.25|0.5|1.0,aipw_variance,-1.0,1.0,obsval,4.0,0.1,30,0.1,crossfit_rank_empty_standdown,1.0,4,50,2,2643.2309781732038,0.004708484303772548,0.004708484303772548,0.004708484303772548,0.0,0.0002052878853359627,-0.00015712776825011626,0.0,nan,0.0,reference,nan,nan,nan,nan,nan,gradient_boosting,lasso,927.5962738627892,nan,nan,nan,nan,nan,nan,nan,0.1,0.12416666666666666,0.725,0.5838926174496645,74,36,0.12333333333333334,0.04832214765100671,0.0063219237681263534,0.0063219237681263534,0.0,0.012040838482167181,0.012040838482167181,0.0,0.29967309790127383,0.29967309790127383,0.33617658449618765,0.33617658449618765
real_digits_aligned,box,6000,0.05,0.0,estimated_residual_lowp_supported,cui_selective_ml,estimated,xgboost,xgboost,if_residual,1.0,0.0|0.25|0.5|1.0,aipw_variance,-1.0,1.0,obsval,4.0,0.1,30,0.1,crossfit_rank_empty_standdown,1.0,4,50,3,3968.711498421617,0.0277808409583139,0.0277808409583139,0.0277808409583139,0.0,6.775677810893339e-05,-0.00010518681465276339,0.0,nan,0.0,reference,nan,nan,nan,nan,nan,gradient_boosting,gradient_boosting,0.0011351088722973922,nan,nan,nan,nan,nan,nan,nan,0.0,0.11833333333333333,nan,0.0,0,25,nan,0.035211267605633804,0.0,0.0,0.0,0.018677452821227486,0.018677452821227486,0.0,nan,nan,0.5373767208024269,0.5373767208024269
real_digits_aligned,box,6000,0.05,0.0,estimated_residual_lowp_supported,cui_selective_ml,estimated,xgboost,xgboost,if_residual,1.0,0.0|0.25|0.5|1.0,aipw_variance,-1.0,1.0,obsval,4.0,0.1,30,0.1,crossfit_rank_empty_standdown,1.0,4,50,4,5252.818499803543,0.03129881100260615,0.03129881100260615,0.03129881100260615,0.0,9.534688694594275e-05,-9.588239360806133e-05,0.0,nan,0.0,reference,nan,nan,nan,nan,nan,gradient_boosting,lasso,0.0009277730486486334,nan,nan,nan,nan,nan,nan,nan,0.0,0.131,nan,0.0,0,39,nan,0.04961832061068702,0.0,0.0,0.0,0.016826281730485924,0.016826281730485924,0.0,nan,nan,0.4548578234697739,0.4548578234697739
real_digits_aligned,box,6000,0.05,0.0,estimated_residual_lowp_supported,cui_selective_ml,estimated,xgboost,xgboost,if_residual,1.0,0.0|0.25|0.5|1.0,aipw_variance,-1.0,1.0,obsval,4.0,0.1,30,0.1,crossfit_rank_empty_standdown,1.0,4,50,1,1314.7678505731747,0.013229331377120374,0.013229331377120374,0.013229331377120374,0.0,8.167522786542794e-05,-0.0001720340763616666,0.0,nan,0.0,reference,nan,nan,nan,nan,nan,logistic_l1,lasso,0.0019546359876052148,nan,nan,nan,nan,nan,nan,nan,0.05,0.12483333333333334,0.6933333333333334,0.27770360480640854,47,33,0.15666666666666668,0.044058744993324434,-12.280749959650032,-12.280749959650032,0.0,-79.38955074259754,-79.38955074259754,0.0,0.2684498070843651,0.2684498070843651,0.39643891590850766,0.39643891590850766
real_digits_aligned,box,6000,0.05,0.0,estimated_residual_lowp_supported,cui_selective_ml,estimated,xgboost,xgboost,if_residual,1.0,0.0|0.25|0.5|1.0,aipw_variance,-1.0,1.0,obsval,4.0,0.1,30,0.1,crossfit_rank_empty_standdown,1.0,4,50,2,2611.161096524447,0.02007126289017086,0.02007126289017086,0.02007126289017086,0.0,7.377559457538122e-05,-3.943408266527911e-05,0.0,nan,0.0,reference,nan,nan,nan,nan,nan,gradient_boosting,lasso,0.000519384945380972,nan,nan,nan,nan,nan,nan,nan,0.1,0.124,0.7416666666666667,0.5981182795698925,72,30,0.12,0.04032258064516129,0.00925499669477874,0.00925499669477874,0.0,0.01878508943847672,0.01878508943847672,0.0,0.3503914356751935,0.3503914356751935,0.3618631248909385,0.3618631248909385
real_digits_aligned,box,6000,0.05,0.0,estimated_residual_lowp_supported,cui_selective_ml,estimated,xgboost,xgboost,if_residual,1.0,0.0|0.25|0.5|1.0,aipw_variance,-1.0,1.0,obsval,4.0,0.1,30,0.1,crossfit_rank_empty_standdown,1.0,4,50,3,3921.082667769864,0.026556608709528196,0.026556608709528196,0.026556608709528196,0.0,0.0004463597846302372,-0.0004594070727997198,0.0,nan,0.0,reference,nan,nan,nan,nan,nan,gradient_boosting,lasso,0.0008309345374489257,nan,nan,nan,nan,nan,nan,nan,0.0,0.13333333333333333,nan,0.0,0,33,nan,0.04125,0.0,0.0,0.0,0.026291915502210855,0.026291915502210855,0.0,nan,nan,0.404253058063517,0.404253058063517
real_digits_aligned,box,6000,0.05,0.0,estimated_residual_lowp_supported,cui_selective_ml,estimated,xgboost,xgboost,if_residual,1.0,0.0|0.25|0.5|1.0,aipw_variance,-1.0,1.0,obsval,4.0,0.1,30,0.1,crossfit_rank_empty_standdown,1.0,4,50,4,5189.274617370218,0.035889939982959806,0.035889939982959806,0.035889939982959806,0.0,0.00010165274514310014,-0.00012959597792856883,0.0,nan,0.0,reference,nan,nan,nan,nan,nan,gradient_boosting,gradient_boosting,1957.3839362292713,nan,nan,nan,nan,nan,nan,nan,0.1,0.132,0.7266666666666667,0.5505050505050505,74,48,0.12333333333333334,0.06060606060606061,0.00999081091083307,0.00999081091083307,0.0,0.021214140533364657,0.021214140533364657,0.0,0.40419725247393606,0.40419725247393606,0.4272383816528138,0.4272383816528138
real_digits_aligned,box,6000,0.05,0.0,estimated_residual_lowp_supported,cui_selective_ml,estimated,xgboost,xgboost,if_residual,1.0,0.0|0.25|0.5|1.0,aipw_variance,-1.0,1.0,obsval,4.0,0.1,30,0.1,crossfit_rank_empty_standdown,1.0,4,50,1,1297.1674832543358,0.02288036213821157,0.02288036213821157,0.02288036213821157,0.0,0.0015381995169502678,-0.0017998957898211823,0.0,nan,0.0,reference,nan,nan,nan,nan,nan,gradient_boosting,lasso,0.012411310408370934,nan,nan,nan,nan,nan,nan,nan,0.1,0.1225,0.6883333333333334,0.5619047619047619,88,47,0.14666666666666667,0.06394557823129252,0.0055899280654178405,0.0055899280654178405,0.0,0.013866964887452423,0.013866964887452423,0.0,0.4534332302363066,0.4534332302363066,0.46204561025075913,0.46204561025075913
real_digits_aligned,box,6000,0.05,0.0,estimated_residual_lowp_supported,cui_selective_ml,estimated,xgboost,xgboost,if_residual,1.0,0.0|0.25|0.5|1.0,aipw_variance,-1.0,1.0,obsval,4.0,0.1,30,0.1,crossfit_rank_empty_standdown,1.0,4,50,2,2553.940932577476,-0.0003498471487969612,-0.005071615349834441,-0.0003498471487969612,-0.0047217682010374795,9.183625143752692e-05,-7.96913600363897e-05,0.0,nan,0.25,if_residual,nan,nan,nan,nan,nan,gradient_boosting,lasso,72758.71648994189,nan,nan,nan,nan,nan,nan,nan,0.0,0.12833333333333333,nan,0.0,0,32,nan,0.04155844155844156,0.0,0.0,0.0,0.02486110165375494,0.019561701345929133,0.005299400307825806,nan,nan,0.41810427438258624,0.3841687961902281
real_digits_aligned,box,6000,0.05,0.0,estimated_residual_lowp_supported,cui_selective_ml,estimated,xgboost,xgboost,if_residual,1.0,0.0|0.25|0.5|1.0,aipw_variance,-1.0,1.0,obsval,4.0,0.1,30,0.1,crossfit_rank_empty_standdown,1.0,4,50,3,3859.550569564104,0.01293076799148657,0.01293076799148657,0.01293076799148657,0.0,0.0001760525158670239,-0.00020967029339398154,0.0,nan,0.0,reference,nan,nan,nan,nan,nan,gradient_boosting,gradient_boosting,0.0021595552767503796,nan,nan,nan,nan,nan,nan,nan,0.075,0.12633333333333333,0.7044444444444444,0.4182058047493404,60,41,0.13333333333333333,0.05408970976253298,0.007875953930458094,0.007875953930458094,0.0,0.0204504469625041,0.0204504469625041,0.0,0.4781008324127749,0.4781008324127749,0.4792371987417278,0.4792371987417278
real_digits_aligned,box,6000,0.05,0.0,estimated_residual_lowp_supported,cui_selective_ml,estimated,xgboost,xgboost,if_residual,1.0,0.0|0.25|0.5|1.0,aipw_variance,-1.0,1.0,obsval,4.0,0.1,30,0.1,crossfit_rank_empty_standdown,1.0,4,50,4,5119.681341227144,0.025156970214660318,0.025156970214660318,0.025156970214660318,0.0,3.8812656531450346e-05,-6.294192068050195e-05,0.0,nan,0.0,reference,nan,nan,nan,nan,nan,logistic_l1,gradient_boosting,0.00038760189151620207,nan,nan,nan,nan,nan,nan,nan,0.1,0.126,0.685,0.5436507936507936,105,45,0.175,0.05952380952380952,-15.704059349662712,-15.704059349662712,0.0,-31.430629001740748,-31.430629001740748,0.0,0.4417915667540444,0.4417915667540444,0.4637159458372907,0.4637159458372907
real_digits_aligned,box,6000,0.05,0.0,estimated_residual_lowp_supported,cui_selective_ml,estimated,xgboost,xgboost,if_residual,1.0,0.0|0.25|0.5|1.0,aipw_variance,-1.0,1.0,obsval,4.0,0.1,30,0.1,crossfit_rank_empty_standdown,1.0,4,50,1,1293.7895404500887,0.02091963401404287,0.02091963401404287,0.02091963401404287,0.0,0.00012006443388458366,-0.00013942738671888794,0.0,nan,0.0,reference,nan,nan,nan,nan,nan,gradient_boosting,random_forest,0.774359536857599,nan,nan,nan,nan,nan,nan,nan,0.075,0.12933333333333333,0.7222222222222222,0.41881443298969073,53,46,0.11777777777777777,0.059278350515463915,0.011442010203171281,0.011442010203171281,0.0,0.03234451665414089,0.03234451665414089,0.0,0.5261495998935276,0.5261495998935276,0.5235634518197753,0.5235634518197753
real_digits_aligned,box,6000,0.05,0.0,estimated_residual_lowp_supported,cui_selective_ml,estimated,xgboost,xgboost,if_residual,1.0,0.0|0.25|0.5|1.0,aipw_variance,-1.0,1.0,obsval,4.0,0.1,30,0.1,crossfit_rank_empty_standdown,1.0,4,50,2,2612.062249888666,0.014921101397180642,0.014921101397180642,0.014921101397180642,0.0,0.00011129914274418586,-0.0001983965752462201,0.0,nan,0.0,reference,nan,nan,nan,nan,nan,gradient_boosting,gradient_boosting,0.00419195429342655,nan,nan,nan,nan,nan,nan,nan,0.05,0.12433333333333334,0.6766666666666666,0.27211796246648795,52,37,0.17333333333333334,0.049597855227882036,0.006113109022776801,0.006113109022776801,0.0,0.02374246104277424,0.02374246104277424,0.0,0.4604806429866548,0.4604806429866548,0.4984168362596655,0.4984168362596655
real_digits_aligned,box,6000,0.05,0.0,estimated_residual_lowp_supported,cui_selective_ml,estimated,xgboost,xgboost,if_residual,1.0,0.0|0.25|0.5|1.0,aipw_variance,-1.0,1.0,obsval,4.0,0.1,30,0.1,crossfit_rank_empty_standdown,1.0,4,50,3,3905.8093411205336,0.004447602109855231,0.004447602109855231,0.004447602109855231,0.0,9.875022763192274e-05,-0.0001310564740491059,0.0,nan,0.0,reference,nan,nan,nan,nan,nan,logistic_l1,gradient_boosting,0.000657799604790933,nan,nan,nan,nan,nan,nan,nan,0.0,0.12183333333333334,nan,0.0,0,34,nan,0.046511627906976744,0.0,0.0,0.0,-0.18803890818878138,-0.18803890818878138,0.0,nan,nan,0.507899484419047,0.507899484419047
real_digits_aligned,box,6000,0.05,0.0,estimated_residual_lowp_supported,cui_selective_ml,estimated,xgboost,xgboost,if_residual,1.0,0.0|0.25|0.5|1.0,aipw_variance,-1.0,1.0,obsval,4.0,0.1,30,0.1,crossfit_rank_empty_standdown,1.0,4,50,4,5234.668335932307,0.05172418501987952,0.051397625853313755,0.05172418501987952,-0.0003265591665657652,0.0001394496868867103,-0.00018107614811799797,0.0,nan,0.25,if_residual,nan,nan,nan,nan,nan,gradient_boosting,lasso,0.02064229542647021,nan,nan,nan,nan,nan,nan,nan,0.075,0.11966666666666667,0.6711111111111111,0.4206128133704735,64,36,0.14222222222222222,0.05013927576601671,0.010985719550560621,0.009866650001360259,0.0011190695492003626,0.02892899535909073,0.02657896957608248,0.002350025783008247,0.4169650555425419,0.4126283711089064,0.4536521509523209,0.4484728222054091
real_digits_aligned,box,6000,0.05,0.0,estimated_residual_lowp_supported,cui_selective_ml,estimated,xgboost,xgboost,if_residual,1.0,0.0|0.25|0.5|1.0,aipw_variance,-1.0,1.0,obsval,4.0,0.1,30,0.1,crossfit_rank_empty_standdown,1.0,4,50,1,1313.061872035265,-0.02173973203883134,-0.02173973203883134,-0.02173973203883134,0.0,0.00010878202967013937,-0.00015330368155460478,0.0,nan,0.0,reference,nan,nan,nan,nan,nan,logistic_l1,lasso,0.0017849391373270993,nan,nan,nan,nan,nan,nan,nan,0.05,0.132,0.7666666666666667,0.2904040404040404,34,42,0.11333333333333333,0.05303030303030303,0.006735117318627787,0.006735117318627787,0.0,-33.08874238698531,-33.08874238698531,0.0,0.31140080787773106,0.31140080787773106,0.3633613849665961,0.3633613849665961
real_digits_aligned,box,6000,0.05,0.0,estimated_residual_lowp_supported,cui_selective_ml,estimated,xgboost,xgboost,if_residual,1.0,0.0|0.25|0.5|1.0,aipw_variance,-1.0,1.0,obsval,4.0,0.1,30,0.1,crossfit_rank_empty_standdown,1.0,4,50,2,2614.3975046612322,-0.004037004224472562,-0.004037004224472562,-0.004037004224472562,0.0,0.00011691032212346074,-0.00014954106950549662,0.0,nan,0.0,reference,nan,nan,nan,nan,nan,gradient_boosting,lasso,1212.6254137621306,nan,nan,nan,nan,nan,nan,nan,0.1,0.127,0.69,0.5433070866141733,96,45,0.16,0.05905511811023622,0.002522672157064915,0.002522672157064915,0.0,0.004396890996626692,0.004396890996626692,0.0,0.4290817013516118,0.4290817013516118,0.5086128731799324,0.5086128731799324
real_digits_aligned,box,6000,0.05,0.0,estimated_residual_lowp_supported,cui_selective_ml,estimated,xgboost,xgboost,if_residual,1.0,0.0|0.25|0.5|1.0,aipw_variance,-1.0,1.0,obsval,4.0,0.1,30,0.1,crossfit_rank_empty_standdown,1.0,4,50,3,3896.152971500531,-0.028148997184048674,-0.028148997184048674,-0.028148997184048674,0.0,0.00017741009687077727,-0.00015699723302985645,0.0,nan,0.0,reference,nan,nan,nan,nan,nan,logistic_l1,gradient_boosting,0.005354564214564585,nan,nan,nan,nan,nan,nan,nan,0.1,0.12716666666666668,0.6866666666666666,0.5399737876802096,91,53,0.15166666666666667,0.06946264744429882,-26.090353954284204,-26.090353954284204,0.0,-26.08299817281521,-26.08299817281521,0.0,0.43485189183282114,0.43485189183282114,0.45882236069938354,0.45882236069938354
real_digits_aligned,box,6000,0.05,0.0,estimated_residual_lowp_supported,cui_selective_ml,estimated,xgboost,xgboost,if_residual,1.0,0.0|0.25|0.5|1.0,aipw_variance,-1.0,1.0,obsval,4.0,0.1,30,0.1,crossfit_rank_empty_standdown,1.0,4,50,4,5172.867583107203,0.021659344944763764,0.021659344944763764,0.021659344944763764,0.0,0.00010473485913516144,-4.9065388812999584e-05,0.0,nan,0.0,reference,nan,nan,nan,nan,nan,logistic_l1,gradient_boosting,0.0002506137906120678,nan,nan,nan,nan,nan,nan,nan,0.0,0.12983333333333333,nan,0.0,0,37,nan,0.04749679075738126,0.0,0.0,0.0,-0.07282558115962111,-0.07282558115962111,0.0,nan,nan,0.45003860946037566,0.45003860946037566
real_digits_aligned,box,6000,0.05,0.0,estimated_residual_lowp_supported,cui_selective_ml,estimated,xgboost,xgboost,if_residual,1.0,0.0|0.25|0.5|1.0,aipw_variance,-1.0,1.0,obsval,4.0,0.1,30,0.1,crossfit_rank_empty_standdown,1.0,4,50,1,1298.2645380198956,0.030569089675595323,0.030569089675595323,0.030569089675595323,0.0,0.00016672519729006726,-0.0001362234411763049,0.0,nan,0.0,reference,nan,nan,nan,nan,nan,logistic_l1,gradient_boosting,0.0012103091755441824,nan,nan,nan,nan,nan,nan,nan,0.0,0.1265,nan,0.0,0,36,nan,0.04743083003952569,0.0,0.0,0.0,-82.9108277591808,-82.9108277591808,0.0,nan,nan,0.5309298848030519,0.5309298848030519
real_digits_aligned,box,6000,0.05,0.0,estimated_residual_lowp_supported,cui_selective_ml,estimated,xgboost,xgboost,if_residual,1.0,0.0|0.25|0.5|1.0,aipw_variance,-1.0,1.0,obsval,4.0,0.1,30,0.1,crossfit_rank_empty_standdown,1.0,4,50,2,2604.5826242845505,0.052767307278000775,0.052767307278000775,0.052767307278000775,0.0,0.00015988400953862022,-0.00016595678973956322,0.0,nan,0.0,reference,nan,nan,nan,nan,nan,gradient_boosting,gradient_boosting,0.25250106075726203,nan,nan,nan,nan,nan,nan,nan,0.1,0.1265,0.7366666666666667,0.5823451910408433,66,33,0.11,0.043478260869565216,0.008772357890269181,0.008772357890269181,0.0,0.019655999925963983,0.019655999925963983,0.0,0.4293853828513381,0.4293853828513381,0.45086620692735146,0.45086620692735146
real_digits_aligned,box,6000,0.05,0.0,estimated_residual_lowp_supported,cui_selective_ml,estimated,xgboost,xgboost,if_residual,1.0,0.0|0.25|0.5|1.0,aipw_variance,-1.0,1.0,obsval,4.0,0.1,30,0.1,crossfit_rank_empty_standdown,1.0,4,50,3,3884.3286627708003,0.010072329409368252,0.010072329409368252,0.010072329409368252,0.0,0.0008966913079045346,-0.0009297259357166864,0.0,nan,0.0,reference,nan,nan,nan,nan,nan,gradient_boosting,lasso,0.004105907385528422,nan,nan,nan,nan,nan,nan,nan,0.1,0.12666666666666668,0.7433333333333333,0.5868421052631579,70,39,0.11666666666666667,0.05131578947368421,0.004518095619200631,0.004518095619200631,0.0,0.012365163245890567,0.012365163245890567,0.0,0.4026510895550525,0.4026510895550525,0.4328491123453977,0.4328491123453977
real_digits_aligned,box,6000,0.05,0.0,estimated_residual_lowp_supported,cui_selective_ml,estimated,xgboost,xgboost,if_residual,1.0,0.0|0.25|0.5|1.0,aipw_variance,-1.0,1.0,obsval,4.0,0.1,30,0.1,crossfit_rank_empty_standdown,1.0,4,50,4,5174.261713941582,-0.005639367348398483,-0.005639367348398483,-0.005639367348398483,0.0,0.00016205343880763183,-0.00028074980433798245,0.0,nan,0.0,reference,nan,nan,nan,nan,nan,logistic_l1,gradient_boosting,0.005038561618335181,nan,nan,nan,nan,nan,nan,nan,0.0,0.13083333333333333,nan,0.0,0,31,nan,0.03949044585987261,0.0,0.0,0.0,-122.99181232152051,-122.99181232152051,0.0,nan,nan,0.49342170576345984,0.49342170576345984
real_digits_aligned,box,6000,0.05,0.0,estimated_residual_lowp_supported,cui_selective_ml,estimated,xgboost,xgboost,if_residual,1.0,0.0|0.25|0.5|1.0,aipw_variance,-1.0,1.0,obsval,4.0,0.1,30,0.1,crossfit_rank_empty_standdown,1.0,4,50,1,1314.2994075426832,0.029647815017634804,0.029647815017634804,0.029647815017634804,0.0,7.794475003712934e-05,-8.634078640147559e-05,0.0,nan,0.0,reference,nan,nan,nan,nan,nan,gradient_boosting,gradient_boosting,0.3819022597545532,nan,nan,nan,nan,nan,nan,nan,0.0,0.13,nan,0.0,0,34,nan,0.04358974358974359,0.0,0.0,0.0,0.030608131894197897,0.030608131894197897,0.0,nan,nan,0.5321758424034393,0.5321758424034393
real_digits_aligned,box,6000,0.05,0.0,estimated_residual_lowp_supported,cui_selective_ml,estimated,xgboost,xgboost,if_residual,1.0,0.0|0.25|0.5|1.0,aipw_variance,-1.0,1.0,obsval,4.0,0.1,30,0.1,crossfit_rank_empty_standdown,1.0,4,50,2,2647.3744527753443,0.03417374676084628,0.03417374676084628,0.03417374676084628,0.0,0.00012903191165771974,-0.00014155964034460664,0.0,nan,0.0,reference,nan,nan,nan,nan,nan,logistic_l1,gradient_boosting,0.0010673355008510507,nan,nan,nan,nan,nan,nan,nan,0.1,0.13266666666666665,0.7866666666666666,0.592964824120603,58,27,0.09666666666666666,0.03391959798994975,-58.452454751756335,-58.452454751756335,0.0,-95.41218250138886,-95.41218250138886,0.0,0.429549799910318,0.429549799910318,0.43795706989544997,0.43795706989544997
real_digits_aligned,box,6000,0.05,0.0,estimated_residual_lowp_supported,cui_selective_ml,estimated,xgboost,xgboost,if_residual,1.0,0.0|0.25|0.5|1.0,aipw_variance,-1.0,1.0,obsval,4.0,0.1,30,0.1,crossfit_rank_empty_standdown,1.0,4,50,3,3974.4616688322276,0.04461673128851065,0.04461673128851065,0.04461673128851065,0.0,0.0001131052589353268,-0.00010339223017116848,0.0,nan,0.0,reference,nan,nan,nan,nan,nan,logistic_l1,gradient_boosting,0.001194863441124541,nan,nan,nan,nan,nan,nan,nan,0.075,0.1225,0.7244444444444444,0.4435374149659864,68,40,0.1511111111111111,0.05442176870748299,-65.33434063484674,-65.33434063484674,0.0,-221.53797965129377,-221.53797965129377,0.0,0.48569074476884255,0.48569074476884255,0.5828586469604139,0.5828586469604139
real_digits_aligned,box,6000,0.05,0.0,estimated_residual_lowp_supported,cui_selective_ml,estimated,xgboost,xgboost,if_residual,1.0,0.0|0.25|0.5|1.0,aipw_variance,-1.0,1.0,obsval,4.0,0.1,30,0.1,crossfit_rank_empty_standdown,1.0,4,50,4,5270.705644312315,0.04235630687605371,0.04235630687605371,0.04235630687605371,0.0,0.00014437513166199562,-0.0001626145802873825,0.0,nan,0.0,reference,nan,nan,nan,nan,nan,gradient_boosting,gradient_boosting,18.71269780111236,nan,nan,nan,nan,nan,nan,nan,0.0,0.12883333333333333,nan,0.0,0,38,nan,0.04915912031047866,0.0,0.0,0.0,0.029657564837617386,0.029657564837617386,0.0,nan,nan,0.503766771086408,0.503766771086408
real_digits_aligned,box,6000,0.05,0.0,estimated_residual_lowp_supported,cui_selective_ml,estimated,xgboost,xgboost,if_residual,1.0,0.0|0.25|0.5|1.0,aipw_variance,-1.0,1.0,obsval,4.0,0.1,30,0.1,crossfit_rank_empty_standdown,1.0,4,50,1,1343.2891726288944,0.035883032342171384,0.035883032342171384,0.035883032342171384,0.0,0.00011213231489179377,-0.00010729477834833177,0.0,nan,0.0,reference,nan,nan,nan,nan,nan,gradient_boosting,lasso,0.0004397136990705666,nan,nan,nan,nan,nan,nan,nan,0.0,0.12283333333333334,nan,0.0,0,35,nan,0.04748982360922659,0.0,0.0,0.0,0.01450766522353117,0.01450766522353117,0.0,nan,nan,0.46623863224265366,0.46623863224265366
real_digits_aligned,box,6000,0.05,0.0,estimated_residual_lowp_supported,cui_selective_ml,estimated,xgboost,xgboost,if_residual,1.0,0.0|0.25|0.5|1.0,aipw_variance,-1.0,1.0,obsval,4.0,0.1,30,0.1,crossfit_rank_empty_standdown,1.0,4,50,2,2701.475943878293,0.006273043056117172,0.006273043056117172,0.006273043056117172,0.0,0.0001371951394275239,-0.00015742208755750752,0.0,nan,0.0,reference,nan,nan,nan,nan,nan,logistic_l1,gradient_boosting,0.0012637941943009709,nan,nan,nan,nan,nan,nan,nan,0.0,0.13183333333333333,nan,0.0,0,38,nan,0.04804045512010114,0.0,0.0,0.0,-20.041141596352077,-20.041141596352077,0.0,nan,nan,0.4977981591979547,0.4977981591979547
real_digits_aligned,box,6000,0.05,0.0,estimated_residual_lowp_supported,cui_selective_ml,estimated,xgboost,xgboost,if_residual,1.0,0.0|0.25|0.5|1.0,aipw_variance,-1.0,1.0,obsval,4.0,0.1,30,0.1,crossfit_rank_empty_standdown,1.0,4,50,3,4004.298466483131,-0.08775243915065771,-0.07911765940078826,-0.08775243915065771,0.008634779749869453,0.00016661605008156874,-0.00021153502195972234,0.0,nan,1.0,if_residual,nan,nan,nan,nan,nan,logistic_l1,lasso,0.025726892840332877,nan,nan,nan,nan,nan,nan,nan,0.1,0.126,0.69,0.5476190476190477,105,48,0.175,0.06349206349206349,0.0030642626985139102,0.0003526529911154996,0.0027116097073984105,-0.003946160454320662,-0.00700906695261265,-0.003062906498291988,0.3166792068608068,0.5473062014978883,0.4098728667616149,0.5651036752795457
real_digits_aligned,box,6000,0.05,0.0,estimated_residual_lowp_supported,cui_selective_ml,estimated,xgboost,xgboost,if_residual,1.0,0.0|0.25|0.5|1.0,aipw_variance,-1.0,1.0,obsval,4.0,0.1,30,0.1,crossfit_rank_empty_standdown,1.0,4,50,4,5297.846856211312,0.0458545433014394,0.0458545433014394,0.0458545433014394,0.0,0.00014886946775352606,-0.00025272826531460614,0.0,nan,0.0,reference,nan,nan,nan,nan,nan,random_forest,random_forest,0.00271409036155767,nan,nan,nan,nan,nan,nan,nan,0.0,0.12416666666666666,nan,0.0,0,33,nan,0.04429530201342282,0.0,0.0,0.0,0.03997124906133761,0.03997124906133761,0.0,nan,nan,0.5505839357151485,0.5505839357151485
real_digits_aligned,box,6000,0.05,0.0,estimated_residual_lowp_supported,cui_selective_ml,estimated,xgboost,xgboost,if_residual,1.0,0.0|0.25|0.5|1.0,aipw_variance,-1.0,1.0,obsval,4.0,0.1,30,0.1,crossfit_rank_empty_standdown,1.0,4,50,1,1317.2604866502807,0.002848311991292346,0.002848311991292346,0.002848311991292346,0.0,0.0001308373881265647,-0.00015497760639048594,0.0,nan,0.0,reference,nan,nan,nan,nan,nan,logistic_l1,lasso,0.0018149815338023576,nan,nan,nan,nan,nan,nan,nan,0.075,0.12333333333333334,0.6888888888888889,0.4189189189189189,70,44,0.15555555555555556,0.05945945945945946,-0.020711182585401448,-0.020711182585401448,0.0,-24.362317444930238,-24.362317444930238,0.0,0.3552321877990314,0.3552321877990314,0.4162647259345972,0.4162647259345972
real_digits_aligned,box,6000,0.05,0.0,estimated_residual_lowp_supported,cui_selective_ml,estimated,xgboost,xgboost,if_residual,1.0,0.0|0.25|0.5|1.0,aipw_variance,-1.0,1.0,obsval,4.0,0.1,30,0.1,crossfit_rank_empty_standdown,1.0,4,50,2,2628.0827578296885,-0.0029724713286990723,-0.009290122599870748,-0.0029724713286990723,-0.006317651271171676,0.008266694817048762,-0.008399391793226373,0.0,nan,0.5,if_residual,nan,nan,nan,nan,nan,logistic_l1,lasso,0.003846416638719872,nan,nan,nan,nan,nan,nan,nan,0.05,0.124,0.73,0.29435483870967744,38,32,0.12666666666666668,0.043010752688172046,0.2499518523191633,1.6433806343630937,-1.3934287820439304,-20.80776490579343,-13.513550368905058,7.294214536888372,0.28951801284662804,0.35062080123383815,0.38283232507665677,0.4183341760951797
real_digits_aligned,box,6000,0.05,0.0,estimated_residual_lowp_supported,cui_selective_ml,estimated,xgboost,xgboost,if_residual,1.0,0.0|0.25|0.5|1.0,aipw_variance,-1.0,1.0,obsval,4.0,0.1,30,0.1,crossfit_rank_empty_standdown,1.0,4,50,3,3967.475601678714,-0.004395759341958599,-0.004395759341958599,-0.004395759341958599,0.0,0.0005337127854399091,-0.0004468501765284588,0.0,nan,0.0,reference,nan,nan,nan,nan,nan,logistic_l1,gradient_boosting,0.00044922871287645045,nan,nan,nan,nan,nan,nan,nan,0.05,0.12616666666666668,0.8133333333333334,0.32232496697490093,40,36,0.13333333333333333,0.047556142668428,-162.2363434988249,-162.2363434988249,0.0,-268.27530257718314,-268.27530257718314,0.0,0.5899771926056557,0.5899771926056557,0.546346379388909,0.546346379388909
real_digits_aligned,box,6000,0.05,0.0,estimated_residual_lowp_supported,cui_selective_ml,estimated,xgboost,xgboost,if_residual,1.0,0.0|0.25|0.5|1.0,aipw_variance,-1.0,1.0,obsval,4.0,0.1,30,0.1,crossfit_rank_empty_standdown,1.0,4,50,4,5222.298175838776,-0.04626470078161185,-0.04626470078161185,-0.04626470078161185,0.0,0.00016895645612925768,-0.00010154082929719592,0.0,nan,0.0,reference,nan,nan,nan,nan,nan,logistic_l1,lasso,0.006633040010885462,nan,nan,nan,nan,nan,nan,nan,0.0,0.1335,nan,0.0,0,36,nan,0.0449438202247191,0.0,0.0,0.0,17.359839362852245,17.359839362852245,0.0,nan,nan,0.7845441066384953,0.7845441066384953
real_digits_aligned,box,6000,0.05,0.0,estimated_residual_lowp_supported,cui_selective_ml,estimated,xgboost,xgboost,if_residual,1.0,0.0|0.25|0.5|1.0,aipw_variance,-1.0,1.0,obsval,4.0,0.1,30,0.1,crossfit_rank_empty_standdown,1.0,4,50,1,1326.501018796116,-0.04493376530485929,-0.04493376530485929,-0.04493376530485929,0.0,0.00011582161036589075,-6.649207121625905e-05,0.0,nan,0.0,reference,nan,nan,nan,nan,nan,logistic_l1,lasso,0.004293602950417832,nan,nan,nan,nan,nan,nan,nan,0.0,0.1245,nan,0.0,0,33,nan,0.04417670682730924,0.0,0.0,0.0,-185.06106308562372,-185.06106308562372,0.0,nan,nan,0.6196747973090039,0.6196747973090039
real_digits_aligned,box,6000,0.05,0.0,estimated_residual_lowp_supported,cui_selective_ml,estimated,xgboost,xgboost,if_residual,1.0,0.0|0.25|0.5|1.0,aipw_variance,-1.0,1.0,obsval,4.0,0.1,30,0.1,crossfit_rank_empty_standdown,1.0,4,50,2,2625.5542159173638,0.05030826083286569,0.05030826083286569,0.05030826083286569,0.0,0.00017155813938311035,-0.0002429146097175024,0.0,nan,0.0,reference,nan,nan,nan,nan,nan,gradient_boosting,gradient_boosting,0.0026628669907256554,nan,nan,nan,nan,nan,nan,nan,0.0,0.128,nan,0.0,0,33,nan,0.04296875,0.0,0.0,0.0,0.02818276784180798,0.02818276784180798,0.0,nan,nan,0.5355525959181155,0.5355525959181155
real_digits_aligned,box,6000,0.05,0.0,estimated_residual_lowp_supported,cui_selective_ml,estimated,xgboost,xgboost,if_residual,1.0,0.0|0.25|0.5|1.0,aipw_variance,-1.0,1.0,obsval,4.0,0.1,30,0.1,crossfit_rank_empty_standdown,1.0,4,50,3,3935.5876987725496,0.034403484862938566,0.034403484862938566,0.034403484862938566,0.0,8.760401123566628e-05,-0.0001707115894641893,0.0,nan,0.0,reference,nan,nan,nan,nan,nan,logistic_l1,lasso,0.0006768001255484801,nan,nan,nan,nan,nan,nan,nan,0.0,0.13066666666666665,nan,0.0,0,31,nan,0.039540816326530615,0.0,0.0,0.0,-85.90878920221083,-85.90878920221083,0.0,nan,nan,0.6175943891717828,0.6175943891717828
real_digits_aligned,box,6000,0.05,0.0,estimated_residual_lowp_supported,cui_selective_ml,estimated,xgboost,xgboost,if_residual,1.0,0.0|0.25|0.5|1.0,aipw_variance,-1.0,1.0,obsval,4.0,0.1,30,0.1,crossfit_rank_empty_standdown,1.0,4,50,4,5248.558119589463,-0.015768903665032002,-0.015768903665032002,-0.015768903665032002,0.0,0.00018475097362978489,-0.00021761330118385516,0.0,nan,0.0,reference,nan,nan,nan,nan,nan,gradient_boosting,gradient_boosting,0.00137984985587731,nan,nan,nan,nan,nan,nan,nan,0.05,0.118,0.6966666666666667,0.2951977401129944,39,41,0.13,0.05790960451977401,0.007822091878232977,0.007822091878232977,0.0,0.018508591532846508,0.018508591532846508,0.0,0.6169045902454606,0.6169045902454606,0.5068607208204527,0.5068607208204527
real_digits_aligned,box,6000,0.05,1.0,estimated_residual_lowp_supported,cui_selective_ml,estimated,xgboost,xgboost,if_residual,1.0,0.0|0.25|0.5|1.0,aipw_variance,-1.0,1.0,obsval,4.0,0.1,30,0.1,crossfit_rank_empty_standdown,1.0,4,50,1,1288.6487230416387,-0.0389226760011292,-0.0389226760011292,-0.0389226760011292,0.0,9.077391445020083e-05,-8.24416455022822e-05,0.0,nan,0.0,reference,nan,nan,nan,nan,nan,logistic_l1,gradient_boosting,0.0004950435733168243,nan,nan,nan,nan,nan,nan,nan,0.075,0.12816666666666668,0.7622222222222222,0.4460338101430429,48,33,0.10666666666666667,0.04291287386215865,-0.013148261303561892,-0.013148261303561892,0.0,-0.04221883875049472,-0.04221883875049472,0.0,0.5810394027250707,0.5810394027250707,0.6739506068491783,0.6739506068491783
real_digits_aligned,box,6000,0.05,1.0,estimated_residual_lowp_supported,cui_selective_ml,estimated,xgboost,xgboost,if_residual,1.0,0.0|0.25|0.5|1.0,aipw_variance,-1.0,1.0,obsval,4.0,0.1,30,0.1,crossfit_rank_empty_standdown,1.0,4,50,2,2599.0804822621867,-0.038201872134196735,-0.038201872134196735,-0.038201872134196735,0.0,0.0001275752280082865,-9.666467496537027e-05,0.0,nan,0.0,reference,nan,nan,nan,nan,nan,gradient_boosting,gradient_boosting,0.004151402513259617,nan,nan,nan,nan,nan,nan,nan,0.0,0.13283333333333333,nan,0.0,0,45,nan,0.056461731493099125,0.0,0.0,0.0,-0.05639558252793592,-0.05639558252793592,0.0,nan,nan,0.7160679168418663,0.7160679168418663
real_digits_aligned,box,6000,0.05,1.0,estimated_residual_lowp_supported,cui_selective_ml,estimated,xgboost,xgboost,if_residual,1.0,0.0|0.25|0.5|1.0,aipw_variance,-1.0,1.0,obsval,4.0,0.1,30,0.1,crossfit_rank_empty_standdown,1.0,4,50,3,3880.7234953595325,-0.062314298919615596,-0.062314298919615596,-0.062314298919615596,0.0,7.530729063934109e-05,-2.40830694233547e-05,0.0,nan,0.0,reference,nan,nan,nan,nan,nan,gradient_boosting,gradient_boosting,0.41685918179856774,nan,nan,nan,nan,nan,nan,nan,0.0,0.1285,nan,0.0,0,37,nan,0.04798962386511025,0.0,0.0,0.0,-0.04762235951359493,-0.04762235951359493,0.0,nan,nan,0.7184373062618081,0.7184373062618081
real_digits_aligned,box,6000,0.05,1.0,estimated_residual_lowp_supported,cui_selective_ml,estimated,xgboost,xgboost,if_residual,1.0,0.0|0.25|0.5|1.0,aipw_variance,-1.0,1.0,obsval,4.0,0.1,30,0.1,crossfit_rank_empty_standdown,1.0,4,50,4,5173.112336719409,-0.02272311880582778,-0.02272311880582778,-0.02272311880582778,0.0,6.325132037798354e-05,-2.8768538622714335e-05,0.0,nan,0.0,reference,nan,nan,nan,nan,nan,gradient_boosting,random_forest,22.937943964705735,nan,nan,nan,nan,nan,nan,nan,0.0,0.12516666666666668,nan,0.0,0,41,nan,0.05459387483355526,0.0,0.0,0.0,-0.039218772847432665,-0.039218772847432665,0.0,nan,nan,0.5584468757752598,0.5584468757752598
real_digits_aligned,box,6000,0.05,1.0,estimated_residual_lowp_supported,cui_selective_ml,estimated,xgboost,xgboost,if_residual,1.0,0.0|0.25|0.5|1.0,aipw_variance,-1.0,1.0,obsval,4.0,0.1,30,0.1,crossfit_rank_empty_standdown,1.0,4,50,1,1276.9941771347076,-0.020562034046715694,-0.020562034046715694,-0.020562034046715694,0.0,6.982407987170302e-05,-8.807753667879623e-05,0.0,nan,0.0,reference,nan,nan,nan,nan,nan,random_forest,gradient_boosting,0.6132097496181401,nan,nan,nan,nan,nan,nan,nan,0.0,0.12883333333333333,nan,0.0,0,49,nan,0.06338939197930142,0.0,0.0,0.0,-0.046843352618687634,-0.046843352618687634,0.0,nan,nan,0.6240881306622433,0.6240881306622433
real_digits_aligned,box,6000,0.05,1.0,estimated_residual_lowp_supported,cui_selective_ml,estimated,xgboost,xgboost,if_residual,1.0,0.0|0.25|0.5|1.0,aipw_variance,-1.0,1.0,obsval,4.0,0.1,30,0.1,crossfit_rank_empty_standdown,1.0,4,50,2,2596.9918702635914,-0.06212841624040322,-0.06212841624040322,-0.06212841624040322,0.0,0.00010227472907439143,-0.00012470893802710506,0.0,nan,0.0,reference,nan,nan,nan,nan,nan,gradient_boosting,gradient_boosting,93.69916531156919,nan,nan,nan,nan,nan,nan,nan,0.0,0.1255,nan,0.0,0,32,nan,0.04249667994687915,0.0,0.0,0.0,-0.046958512310014404,-0.046958512310014404,0.0,nan,nan,0.7259524352401564,0.7259524352401564
real_digits_aligned,box,6000,0.05,1.0,estimated_residual_lowp_supported,cui_selective_ml,estimated,xgboost,xgboost,if_residual,1.0,0.0|0.25|0.5|1.0,aipw_variance,-1.0,1.0,obsval,4.0,0.1,30,0.1,crossfit_rank_empty_standdown,1.0,4,50,3,3882.8482049871236,-0.03760964875442602,-0.03760964875442602,-0.03760964875442602,0.0,5.8831949015644355e-05,-0.00011769799446336967,0.0,nan,0.0,reference,nan,nan,nan,nan,nan,gradient_boosting,gradient_boosting,0.0005234177632793427,nan,nan,nan,nan,nan,nan,nan,0.1,0.13233333333333333,0.7583333333333333,0.5730478589420654,77,34,0.12833333333333333,0.042821158690176324,-0.0253258287864561,-0.0253258287864561,0.0,-0.04730375438750705,-0.04730375438750705,0.0,0.5953006014468271,0.5953006014468271,0.6711137599285774,0.6711137599285774
real_digits_aligned,box,6000,0.05,1.0,estimated_residual_lowp_supported,cui_selective_ml,estimated,xgboost,xgboost,if_residual,1.0,0.0|0.25|0.5|1.0,aipw_variance,-1.0,1.0,obsval,4.0,0.1,30,0.1,crossfit_rank_empty_standdown,1.0,4,50,4,5176.790873995051,-0.05595712721203355,-0.05595712721203355,-0.05595712721203355,0.0,6.963719693432627e-05,-3.563780733571861e-05,0.0,nan,0.0,reference,nan,nan,nan,nan,nan,gradient_boosting,random_forest,0.8674804569296157,nan,nan,nan,nan,nan,nan,nan,0.0,0.12333333333333334,nan,0.0,0,40,nan,0.05405405405405406,0.0,0.0,0.0,-0.0390543808432639,-0.0390543808432639,0.0,nan,nan,0.5679442100687606,0.5679442100687606
real_digits_aligned,box,6000,0.05,1.0,estimated_residual_lowp_supported,cui_selective_ml,estimated,xgboost,xgboost,if_residual,1.0,0.0|0.25|0.5|1.0,aipw_variance,-1.0,1.0,obsval,4.0,0.1,30,0.1,crossfit_rank_empty_standdown,1.0,4,50,1,1310.2417291887105,-0.05870262885593508,-0.05870262885593508,-0.05870262885593508,0.0,5.642035377500761e-05,-3.733571648849353e-05,0.0,nan,0.0,reference,nan,nan,nan,nan,nan,gradient_boosting,gradient_boosting,65.17925015259796,nan,nan,nan,nan,nan,nan,nan,0.075,0.11916666666666667,0.6266666666666667,0.3944055944055944,63,31,0.14,0.043356643356643354,-0.01788567116193231,-0.01788567116193231,0.0,-0.044843676540179456,-0.044843676540179456,0.0,0.6258011008168852,0.6258011008168852,0.7107603663841293,0.7107603663841293
real_digits_aligned,box,6000,0.05,1.0,estimated_residual_lowp_supported,cui_selective_ml,estimated,xgboost,xgboost,if_residual,1.0,0.0|0.25|0.5|1.0,aipw_variance,-1.0,1.0,obsval,4.0,0.1,30,0.1,crossfit_rank_empty_standdown,1.0,4,50,2,2626.658929862082,-0.05172525080888807,-0.05172525080888807,-0.05172525080888807,0.0,9.149891285044429e-05,-7.995381338310117e-05,0.0,nan,0.0,reference,nan,nan,nan,nan,nan,gradient_boosting,random_forest,4144.600187638683,nan,nan,nan,nan,nan,nan,nan,0.1,0.13016666666666668,0.7483333333333333,0.5749039692701664,70,36,0.11666666666666667,0.046094750320102434,-0.02351997324137929,-0.02351997324137929,0.0,-0.04091165584665518,-0.04091165584665518,0.0,0.484750906769448,0.484750906769448,0.5765183696075188,0.5765183696075188
real_digits_aligned,box,6000,0.05,1.0,estimated_residual_lowp_supported,cui_selective_ml,estimated,xgboost,xgboost,if_residual,1.0,0.0|0.25|0.5|1.0,aipw_variance,-1.0,1.0,obsval,4.0,0.1,30,0.1,crossfit_rank_empty_standdown,1.0,4,50,3,3939.6146912537515,-0.07134781938903362,-0.07134781938903362,-0.07134781938903362,0.0,5.836691670908225e-05,-6.070021330631582e-05,0.0,nan,0.0,reference,nan,nan,nan,nan,nan,gradient_boosting,random_forest,57301.08323342131,nan,nan,nan,nan,nan,nan,nan,0.1,0.123,0.7,0.5691056910569106,96,52,0.16,0.07046070460704607,-0.025652751245167495,-0.025652751245167495,0.0,-0.04823990003771449,-0.04823990003771449,0.0,0.5929690278626438,0.5929690278626438,0.6789357738532067,0.6789357738532067
real_digits_aligned,box,6000,0.05,1.0,estimated_residual_lowp_supported,cui_selective_ml,estimated,xgboost,xgboost,if_residual,1.0,0.0|0.25|0.5|1.0,aipw_variance,-1.0,1.0,obsval,4.0,0.1,30,0.1,crossfit_rank_empty_standdown,1.0,4,50,4,5225.141203414649,-0.04540117289577611,-0.047674725578712274,-0.04540117289577611,-0.002273552682936164,0.00019930197774883744,-0.00019099146320126223,0.0,nan,0.25,if_residual,nan,nan,nan,nan,nan,logistic_l1,gradient_boosting,0.0013066537159513074,nan,nan,nan,nan,nan,nan,nan,0.0,0.13283333333333333,nan,0.0,0,36,nan,0.0451693851944793,0.0,0.0,0.0,-59.30956315758821,-59.19128581060557,0.11827734698263725,nan,nan,0.6693758821682887,0.6945702917997743
real_digits_aligned,box,6000,0.05,1.0,estimated_residual_lowp_supported,cui_selective_ml,estimated,xgboost,xgboost,if_residual,1.0,0.0|0.25|0.5|1.0,aipw_variance,-1.0,1.0,obsval,4.0,0.1,30,0.1,crossfit_rank_empty_standdown,1.0,4,50,1,1278.9672569679096,-0.05969807639743052,-0.05969807639743052,-0.05969807639743052,0.0,0.00013870445074991907,-0.00013247868761139025,0.0,nan,0.0,reference,nan,nan,nan,nan,nan,gradient_boosting,lasso,0.023720486010644876,nan,nan,nan,nan,nan,nan,nan,0.0,0.12933333333333333,nan,0.0,0,39,nan,0.05025773195876289,0.0,0.0,0.0,-0.05295457719345237,-0.05295457719345237,0.0,nan,nan,0.7730209193015619,0.7730209193015619
real_digits_aligned,box,6000,0.05,1.0,estimated_residual_lowp_supported,cui_selective_ml,estimated,xgboost,xgboost,if_residual,1.0,0.0|0.25|0.5|1.0,aipw_variance,-1.0,1.0,obsval,4.0,0.1,30,0.1,crossfit_rank_empty_standdown,1.0,4,50,2,2578.5376176424325,-0.018235992817451308,-0.018235992817451308,-0.018235992817451308,0.0,0.00018706809435043445,-9.761343995386054e-05,0.0,nan,0.0,reference,nan,nan,nan,nan,nan,gradient_boosting,gradient_boosting,0.000980319966870919,nan,nan,nan,nan,nan,nan,nan,0.0,0.13483333333333333,nan,0.0,0,47,nan,0.0580964153275649,0.0,0.0,0.0,-0.042819088274411596,-0.042819088274411596,0.0,nan,nan,0.6024383498509311,0.6024383498509311
real_digits_aligned,box,6000,0.05,1.0,estimated_residual_lowp_supported,cui_selective_ml,estimated,xgboost,xgboost,if_residual,1.0,0.0|0.25|0.5|1.0,aipw_variance,-1.0,1.0,obsval,4.0,0.1,30,0.1,crossfit_rank_empty_standdown,1.0,4,50,3,3886.6726828711107,-0.03462274763413603,-0.03462274763413603,-0.03462274763413603,0.0,0.00011538559668867999,-8.606448465114263e-05,0.0,nan,0.0,reference,nan,nan,nan,nan,nan,gradient_boosting,random_forest,0.03146080668513798,nan,nan,nan,nan,nan,nan,nan,0.0,0.12616666666666668,nan,0.0,0,34,nan,0.04491413474240423,0.0,0.0,0.0,-0.0442912422923491,-0.0442912422923491,0.0,nan,nan,0.6128377551580118,0.6128377551580118
real_digits_aligned,box,6000,0.05,1.0,estimated_residual_lowp_supported,cui_selective_ml,estimated,xgboost,xgboost,if_residual,1.0,0.0|0.25|0.5|1.0,aipw_variance,-1.0,1.0,obsval,4.0,0.1,30,0.1,crossfit_rank_empty_standdown,1.0,4,50,4,5195.1277284426615,-0.05325883862126657,-0.05325883862126657,-0.05325883862126657,0.0,8.584967625725813e-05,-0.00011976686224954465,0.0,nan,0.0,reference,nan,nan,nan,nan,nan,logistic_l1,lasso,0.0021567779484199206,nan,nan,nan,nan,nan,nan,nan,0.05,0.126,0.7233333333333334,0.28703703703703703,40,27,0.13333333333333333,0.03571428571428571,-23.902497644414538,-23.902497644414538,0.0,-47.48433748116435,-47.48433748116435,0.0,0.5236192678594129,0.5236192678594129,0.5965265791808393,0.5965265791808393
real_digits_aligned,box,6000,0.05,1.0,estimated_residual_lowp_supported,cui_selective_ml,estimated,xgboost,xgboost,if_residual,1.0,0.0|0.25|0.5|1.0,aipw_variance,-1.0,1.0,obsval,4.0,0.1,30,0.1,crossfit_rank_empty_standdown,1.0,4,50,1,1327.7831842377782,-0.03149459607280375,-0.03149459607280375,-0.03149459607280375,0.0,7.616392945846762e-05,-5.172870185953589e-05,0.0,nan,0.0,reference,nan,nan,nan,nan,nan,gradient_boosting,gradient_boosting,0.004612446840349486,nan,nan,nan,nan,nan,nan,nan,0.05,0.1185,0.74,0.31223628691983124,31,36,0.10333333333333333,0.05063291139240506,-0.011693709569783679,-0.011693709569783679,0.0,-0.04161783757889708,-0.04161783757889708,0.0,0.5625347556359103,0.5625347556359103,0.7075468684094511,0.7075468684094511
real_digits_aligned,box,6000,0.05,1.0,estimated_residual_lowp_supported,cui_selective_ml,estimated,xgboost,xgboost,if_residual,1.0,0.0|0.25|0.5|1.0,aipw_variance,-1.0,1.0,obsval,4.0,0.1,30,0.1,crossfit_rank_empty_standdown,1.0,4,50,2,2657.6612808462232,-0.10744074426680347,-0.10744074426680347,-0.10744074426680347,0.0,6.834373180151544e-05,-8.371432545286489e-05,0.0,nan,0.0,reference,nan,nan,nan,nan,nan,gradient_boosting,random_forest,5971.1891508942435,nan,nan,nan,nan,nan,nan,nan,0.0,0.11916666666666667,nan,0.0,0,33,nan,0.046153846153846156,0.0,0.0,0.0,-0.04426538934389267,-0.04426538934389267,0.0,nan,nan,0.6841632621283669,0.6841632621283669
real_digits_aligned,box,6000,0.05,1.0,estimated_residual_lowp_supported,cui_selective_ml,estimated,xgboost,xgboost,if_residual,1.0,0.0|0.25|0.5|1.0,aipw_variance,-1.0,1.0,obsval,4.0,0.1,30,0.1,crossfit_rank_empty_standdown,1.0,4,50,3,4006.567303995602,-0.0322277999522228,-0.0322277999522228,-0.0322277999522228,0.0,0.0001119864541065409,-9.467858218225429e-05,0.0,nan,0.0,reference,nan,nan,nan,nan,nan,gradient_boosting,random_forest,0.0011821100774649577,nan,nan,nan,nan,nan,nan,nan,0.1,0.11666666666666667,0.665,0.57,118,41,0.19666666666666666,0.05857142857142857,-0.01807437421514492,-0.01807437421514492,0.0,-0.03391457826911078,-0.03391457826911078,0.0,0.4869808734554736,0.4869808734554736,0.5642758869659348,0.5642758869659348
real_digits_aligned,box,6000,0.05,1.0,estimated_residual_lowp_supported,cui_selective_ml,estimated,xgboost,xgboost,if_residual,1.0,0.0|0.25|0.5|1.0,aipw_variance,-1.0,1.0,obsval,4.0,0.1,30,0.1,crossfit_rank_empty_standdown,1.0,4,50,4,5300.046973453835,-0.03914094755842906,-0.03914094755842906,-0.03914094755842906,0.0,0.0001757297915907681,-6.95980852002952e-05,0.0,nan,0.0,reference,nan,nan,nan,nan,nan,gradient_boosting,lasso,0.0003641289786750343,nan,nan,nan,nan,nan,nan,nan,0.1,0.12216666666666667,0.7,0.572987721691678,84,33,0.14,0.045020463847203276,-0.026887933914614925,-0.026887933914614925,0.0,-0.05396378612197979,-0.05396378612197979,0.0,0.7254535821447752,0.7254535821447752,0.9497768514644139,0.9497768514644139
real_digits_aligned,box,6000,0.05,1.0,estimated_residual_lowp_supported,cui_selective_ml,estimated,xgboost,xgboost,if_residual,1.0,0.0|0.25|0.5|1.0,aipw_variance,-1.0,1.0,obsval,4.0,0.1,30,0.1,crossfit_rank_empty_standdown,1.0,4,50,1,1308.7293348507956,-0.012009518126937235,-0.012009518126937235,-0.012009518126937235,0.0,0.00014226307021102526,-7.43327606152781e-05,0.0,nan,0.0,reference,nan,nan,nan,nan,nan,random_forest,random_forest,0.023951250470772175,nan,nan,nan,nan,nan,nan,nan,0.05,0.12816666666666668,0.7766666666666666,0.30299089726918077,30,41,0.1,0.053315994798439535,-0.010161299514721613,-0.010161299514721613,0.0,-0.040604741671004294,-0.040604741671004294,0.0,0.4441528412785334,0.4441528412785334,0.5394780104025408,0.5394780104025408
real_digits_aligned,box,6000,0.05,1.0,estimated_residual_lowp_supported,cui_selective_ml,estimated,xgboost,xgboost,if_residual,1.0,0.0|0.25|0.5|1.0,aipw_variance,-1.0,1.0,obsval,4.0,0.1,30,0.1,crossfit_rank_empty_standdown,1.0,4,50,2,2640.890123371966,-0.05440148204968942,-0.05440148204968942,-0.05440148204968942,0.0,5.8412149899447546e-05,-3.981353746402406e-05,0.0,nan,0.0,reference,nan,nan,nan,nan,nan,gradient_boosting,gradient_boosting,0.0001669799161701823,nan,nan,nan,nan,nan,nan,nan,0.075,0.12716666666666668,0.6644444444444444,0.3918741808650065,78,40,0.17333333333333334,0.05242463958060288,-0.019887534203699514,-0.019887534203699514,0.0,-0.05399309182125006,-0.05399309182125006,0.0,0.619156830048591,0.619156830048591,0.7700775811307068,0.7700775811307068
real_digits_aligned,box,6000,0.05,1.0,estimated_residual_lowp_supported,cui_selective_ml,estimated,xgboost,xgboost,if_residual,1.0,0.0|0.25|0.5|1.0,aipw_variance,-1.0,1.0,obsval,4.0,0.1,30,0.1,crossfit_rank_empty_standdown,1.0,4,50,3,3921.818682054989,-0.04102485504139319,-0.04102485504139319,-0.04102485504139319,0.0,6.806756826528097e-05,-8.628348687739901e-05,0.0,nan,0.0,reference,nan,nan,nan,nan,nan,gradient_boosting,lasso,6278.590247642626,nan,nan,nan,nan,nan,nan,nan,0.075,0.1285,0.6466666666666666,0.377431906614786,79,42,0.17555555555555555,0.054474708171206226,-0.01928980719808139,-0.01928980719808139,0.0,-0.04529248929260759,-0.04529248929260759,0.0,0.5821332777224818,0.5821332777224818,0.7036329939957229,0.7036329939957229
real_digits_aligned,box,6000,0.05,1.0,estimated_residual_lowp_supported,cui_selective_ml,estimated,xgboost,xgboost,if_residual,1.0,0.0|0.25|0.5|1.0,aipw_variance,-1.0,1.0,obsval,4.0,0.1,30,0.1,crossfit_rank_empty_standdown,1.0,4,50,4,5232.195455587469,-0.017280036302116275,-0.017280036302116275,-0.017280036302116275,0.0,6.39807087420137e-05,-2.8440362426841487e-05,0.0,nan,0.0,reference,nan,nan,nan,nan,nan,logistic_l1,random_forest,1.3973959351636583e-05,nan,nan,nan,nan,nan,nan,nan,0.1,0.12766666666666668,0.735,0.5757180156657964,77,41,0.12833333333333333,0.05352480417754569,-5.52489457039004,-5.52489457039004,0.0,-5.601320047725345,-5.601320047725345,0.0,0.4696844025634687,0.4696844025634687,0.523443766769106,0.523443766769106
real_digits_aligned,box,6000,0.05,1.0,estimated_residual_lowp_supported,cui_selective_ml,estimated,xgboost,xgboost,if_residual,1.0,0.0|0.25|0.5|1.0,aipw_variance,-1.0,1.0,obsval,4.0,0.1,30,0.1,crossfit_rank_empty_standdown,1.0,4,50,1,1270.8669027956203,-0.06187743081383973,-0.06187743081383973,-0.06187743081383973,0.0,9.713483157139597e-05,-0.00013347943150501817,0.0,nan,0.0,reference,nan,nan,nan,nan,nan,gradient_boosting,lasso,0.15525802421403936,nan,nan,nan,nan,nan,nan,nan,0.05,0.13066666666666665,0.7633333333333333,0.29209183673469385,42,44,0.14,0.05612244897959184,-0.01358223496197056,-0.01358223496197056,0.0,-0.04562583294127535,-0.04562583294127535,0.0,0.5121964502224807,0.5121964502224807,0.6058540703444236,0.6058540703444236
real_digits_aligned,box,6000,0.05,1.0,estimated_residual_lowp_supported,cui_selective_ml,estimated,xgboost,xgboost,if_residual,1.0,0.0|0.25|0.5|1.0,aipw_variance,-1.0,1.0,obsval,4.0,0.1,30,0.1,crossfit_rank_empty_standdown,1.0,4,50,2,2568.360711227171,-0.058142859074196196,-0.058142859074196196,-0.058142859074196196,0.0,0.00012232097975162226,-0.00014200662373935896,0.0,nan,0.0,reference,nan,nan,nan,nan,nan,gradient_boosting,gradient_boosting,0.011596376334438918,nan,nan,nan,nan,nan,nan,nan,0.05,0.13216666666666665,0.7233333333333334,0.27364438839848676,37,44,0.12333333333333334,0.05548549810844893,-0.012838822702860313,-0.012838822702860313,0.0,-0.04634381079080995,-0.04634381079080995,0.0,0.5952823763927149,0.5952823763927149,0.6524427749884512,0.6524427749884512
real_digits_aligned,box,6000,0.05,1.0,estimated_residual_lowp_supported,cui_selective_ml,estimated,xgboost,xgboost,if_residual,1.0,0.0|0.25|0.5|1.0,aipw_variance,-1.0,1.0,obsval,4.0,0.1,30,0.1,crossfit_rank_empty_standdown,1.0,4,50,3,3853.403558962047,-0.08823114712818941,-0.08823114712818941,-0.08823114712818941,0.0,9.613609651194874e-05,-7.611338941012041e-05,0.0,nan,0.0,reference,nan,nan,nan,nan,nan,gradient_boosting,gradient_boosting,0.001162929704737183,nan,nan,nan,nan,nan,nan,nan,0.0,0.127,nan,0.0,0,31,nan,0.04068241469816273,0.0,0.0,0.0,-0.050424977295469624,-0.050424977295469624,0.0,nan,nan,0.7378362082304423,0.7378362082304423
real_digits_aligned,box,6000,0.05,1.0,estimated_residual_lowp_supported,cui_selective_ml,estimated,xgboost,xgboost,if_residual,1.0,0.0|0.25|0.5|1.0,aipw_variance,-1.0,1.0,obsval,4.0,0.1,30,0.1,crossfit_rank_empty_standdown,1.0,4,50,4,5162.023925045505,-0.05642812586291368,-0.05642812586291368,-0.05642812586291368,0.0,0.00018735542693620725,-0.0002664971881070991,0.0,nan,0.0,reference,nan,nan,nan,nan,nan,gradient_boosting,random_forest,365.2000996985152,nan,nan,nan,nan,nan,nan,nan,0.05,0.12333333333333334,0.76,0.3081081081081081,41,31,0.13666666666666666,0.041891891891891894,-0.011238436192542901,-0.011238436192542901,0.0,-0.042121428600148995,-0.042121428600148995,0.0,0.5504998064251116,0.5504998064251116,0.633552143884898,0.633552143884898
real_digits_aligned,box,6000,0.05,1.0,estimated_residual_lowp_supported,cui_selective_ml,estimated,xgboost,xgboost,if_residual,1.0,0.0|0.25|0.5|1.0,aipw_variance,-1.0,1.0,obsval,4.0,0.1,30,0.1,crossfit_rank_empty_standdown,1.0,4,50,1,1281.5853010071442,0.0030242473413599202,0.0030242473413599202,0.0030242473413599202,0.0,0.00015547006632402657,-0.0001033144855860441,0.0,nan,0.0,reference,nan,nan,nan,nan,nan,gradient_boosting,gradient_boosting,0.00036811309336480004,nan,nan,nan,nan,nan,nan,nan,0.0,0.12783333333333333,nan,0.0,0,41,nan,0.05345501955671447,0.0,0.0,0.0,-0.03918619103714972,-0.03918619103714972,0.0,nan,nan,0.6181747062096578,0.6181747062096578
real_digits_aligned,box,6000,0.05,1.0,estimated_residual_lowp_supported,cui_selective_ml,estimated,xgboost,xgboost,if_residual,1.0,0.0|0.25|0.5|1.0,aipw_variance,-1.0,1.0,obsval,4.0,0.1,30,0.1,crossfit_rank_empty_standdown,1.0,4,50,2,2584.0299457153305,-0.07335794906306298,-0.07335794906306298,-0.07335794906306298,0.0,9.387560747923704e-05,-8.248534318323024e-05,0.0,nan,0.0,reference,nan,nan,nan,nan,nan,gradient_boosting,gradient_boosting,0.0014463963927628667,nan,nan,nan,nan,nan,nan,nan,0.0,0.133,nan,0.0,0,38,nan,0.047619047619047616,0.0,0.0,0.0,-0.05384080223534429,-0.05384080223534429,0.0,nan,nan,0.7233557639240534,0.7233557639240534
real_digits_aligned,box,6000,0.05,1.0,estimated_residual_lowp_supported,cui_selective_ml,estimated,xgboost,xgboost,if_residual,1.0,0.0|0.25|0.5|1.0,aipw_variance,-1.0,1.0,obsval,4.0,0.1,30,0.1,crossfit_rank_empty_standdown,1.0,4,50,3,3901.636895975098,-0.026818787308079683,-0.026818787308079683,-0.026818787308079683,0.0,5.853861058044722e-05,-8.005585027491384e-05,0.0,nan,0.0,reference,nan,nan,nan,nan,nan,gradient_boosting,gradient_boosting,0.0007343879939754813,nan,nan,nan,nan,nan,nan,nan,0.0,0.12283333333333334,nan,0.0,0,29,nan,0.03934871099050204,0.0,0.0,0.0,-0.03522924908605077,-0.03522924908605077,0.0,nan,nan,0.599720643683921,0.599720643683921
real_digits_aligned,box,6000,0.05,1.0,estimated_residual_lowp_supported,cui_selective_ml,estimated,xgboost,xgboost,if_residual,1.0,0.0|0.25|0.5|1.0,aipw_variance,-1.0,1.0,obsval,4.0,0.1,30,0.1,crossfit_rank_empty_standdown,1.0,4,50,4,5206.867339519784,-0.08591228034984782,-0.08591228034984782,-0.08591228034984782,0.0,6.33422230651025e-05,-5.2236279618501306e-05,0.0,nan,0.0,reference,nan,nan,nan,nan,nan,gradient_boosting,random_forest,102968.7032512233,nan,nan,nan,nan,nan,nan,nan,0.0,0.12133333333333333,nan,0.0,0,34,nan,0.046703296703296704,0.0,0.0,0.0,-0.041700118542079875,-0.041700118542079875,0.0,nan,nan,0.6313603677892846,0.6313603677892846
real_digits_aligned,box,6000,0.05,1.0,estimated_residual_lowp_supported,cui_selective_ml,estimated,xgboost,xgboost,if_residual,1.0,0.0|0.25|0.5|1.0,aipw_variance,-1.0,1.0,obsval,4.0,0.1,30,0.1,crossfit_rank_empty_standdown,1.0,4,50,1,1269.8952091867104,-0.05709276405387137,-0.05709276405387137,-0.05709276405387137,0.0,0.00011846824160392658,-0.00015396501225950975,0.0,nan,0.0,reference,nan,nan,nan,nan,nan,gradient_boosting,lasso,0.000770339230641097,nan,nan,nan,nan,nan,nan,nan,0.0,0.13866666666666666,nan,0.0,0,37,nan,0.04447115384615385,0.0,0.0,0.0,-0.04923079145116869,-0.04923079145116869,0.0,nan,nan,0.6368306411642612,0.6368306411642612
real_digits_aligned,box,6000,0.05,1.0,estimated_residual_lowp_supported,cui_selective_ml,estimated,xgboost,xgboost,if_residual,1.0,0.0|0.25|0.5|1.0,aipw_variance,-1.0,1.0,obsval,4.0,0.1,30,0.1,crossfit_rank_empty_standdown,1.0,4,50,2,2594.9504192620516,-0.03372140629546749,-0.03372140629546749,-0.03372140629546749,0.0,4.7848507567462744e-05,-2.8861814836960743e-05,0.0,nan,0.0,reference,nan,nan,nan,nan,nan,gradient_boosting,gradient_boosting,0.09093594067072867,nan,nan,nan,nan,nan,nan,nan,0.075,0.12266666666666666,0.6511111111111111,0.39809782608695654,82,52,0.18222222222222223,0.07065217391304347,-0.018582923156878615,-0.018582923156878615,0.0,-0.045107140138563984,-0.045107140138563984,0.0,0.5371333081861484,0.5371333081861484,0.6626895368078427,0.6626895368078427
real_digits_aligned,box,6000,0.05,1.0,estimated_residual_lowp_supported,cui_selective_ml,estimated,xgboost,xgboost,if_residual,1.0,0.0|0.25|0.5|1.0,aipw_variance,-1.0,1.0,obsval,4.0,0.1,30,0.1,crossfit_rank_empty_standdown,1.0,4,50,3,3895.175474989228,-0.023084650251155192,-0.023084650251155192,-0.023084650251155192,0.0,6.618674302935699e-05,-8.936687179739362e-05,0.0,nan,0.0,reference,nan,nan,nan,nan,nan,gradient_boosting,gradient_boosting,1488.5137063927295,nan,nan,nan,nan,nan,nan,nan,0.0,0.125,nan,0.0,0,51,nan,0.068,0.0,0.0,0.0,-0.0459211483328974,-0.0459211483328974,0.0,nan,nan,0.6753809354970625,0.6753809354970625
real_digits_aligned,box,6000,0.05,1.0,estimated_residual_lowp_supported,cui_selective_ml,estimated,xgboost,xgboost,if_residual,1.0,0.0|0.25|0.5|1.0,aipw_variance,-1.0,1.0,obsval,4.0,0.1,30,0.1,crossfit_rank_empty_standdown,1.0,4,50,4,5173.13205001317,-0.09001073373469318,-0.09001073373469318,-0.09001073373469318,0.0,0.0001508384075343634,-0.0001396949933396924,0.0,nan,0.0,reference,nan,nan,nan,nan,nan,gradient_boosting,lasso,0.4019170000863832,nan,nan,nan,nan,nan,nan,nan,0.075,0.124,0.7022222222222222,0.42473118279569894,65,35,0.14444444444444443,0.04704301075268817,-0.02148371237171705,-0.02148371237171705,0.0,-0.048690155188074735,-0.048690155188074735,0.0,0.5547713400379181,0.5547713400379181,0.6978658159359529,0.6978658159359529
real_digits_aligned,box,6000,0.05,1.0,estimated_residual_lowp_supported,cui_selective_ml,estimated,xgboost,xgboost,if_residual,1.0,0.0|0.25|0.5|1.0,aipw_variance,-1.0,1.0,obsval,4.0,0.1,30,0.1,crossfit_rank_empty_standdown,1.0,4,50,1,1281.7631689505652,-0.03537994693809687,-0.03537994693809687,-0.03537994693809687,0.0,0.00016336915241820372,-0.0001744219758146561,0.0,nan,0.0,reference,nan,nan,nan,nan,nan,gradient_boosting,lasso,108887.83009258704,nan,nan,nan,nan,nan,nan,nan,0.075,0.13483333333333333,0.7822222222222223,0.43510506798516685,54,37,0.12,0.04573547589616811,-0.019173506517363114,-0.019173506517363114,0.0,-0.04641856962209173,-0.04641856962209173,0.0,0.4959837997880295,0.4959837997880295,0.58953705071281,0.58953705071281
real_digits_aligned,box,6000,0.05,1.0,estimated_residual_lowp_supported,cui_selective_ml,estimated,xgboost,xgboost,if_residual,1.0,0.0|0.25|0.5|1.0,aipw_variance,-1.0,1.0,obsval,4.0,0.1,30,0.1,crossfit_rank_empty_standdown,1.0,4,50,2,2589.65110265743,-0.055502884132380526,-0.055502884132380526,-0.055502884132380526,0.0,9.400896851473187e-05,-8.024397200424421e-05,0.0,nan,0.0,reference,nan,nan,nan,nan,nan,gradient_boosting,lasso,16.023555129556136,nan,nan,nan,nan,nan,nan,nan,0.0,0.1345,nan,0.0,0,39,nan,0.048327137546468404,0.0,0.0,0.0,-0.04862535000872538,-0.04862535000872538,0.0,nan,nan,0.6686264027416683,0.6686264027416683
real_digits_aligned,box,6000,0.05,1.0,estimated_residual_lowp_supported,cui_selective_ml,estimated,xgboost,xgboost,if_residual,1.0,0.0|0.25|0.5|1.0,aipw_variance,-1.0,1.0,obsval,4.0,0.1,30,0.1,crossfit_rank_empty_standdown,1.0,4,50,3,3905.291189403273,-0.04550319696893529,-0.04550319696893529,-0.04550319696893529,0.0,7.843106172285047e-05,-0.00013127779500434237,0.0,nan,0.0,reference,nan,nan,nan,nan,nan,gradient_boosting,random_forest,4.98788406948784,nan,nan,nan,nan,nan,nan,nan,0.0,0.1245,nan,0.0,0,40,nan,0.0535475234270415,0.0,0.0,0.0,-0.04248921322674474,-0.04248921322674474,0.0,nan,nan,0.6020517638868128,0.6020517638868128
real_digits_aligned,box,6000,0.05,1.0,estimated_residual_lowp_supported,cui_selective_ml,estimated,xgboost,xgboost,if_residual,1.0,0.0|0.25|0.5|1.0,aipw_variance,-1.0,1.0,obsval,4.0,0.1,30,0.1,crossfit_rank_empty_standdown,1.0,4,50,4,5191.975843971595,-0.04812872186547701,-0.04812872186547701,-0.04812872186547701,0.0,0.00010336583650639476,-8.707990334080515e-05,0.0,nan,0.0,reference,nan,nan,nan,nan,nan,gradient_boosting,gradient_boosting,0.0004632531456493156,nan,nan,nan,nan,nan,nan,nan,0.075,0.1295,0.7777777777777778,0.45045045045045046,43,26,0.09555555555555556,0.03346203346203346,-0.019245725385698804,-0.019245725385698804,0.0,-0.04508555373490095,-0.04508555373490095,0.0,0.564186670215217,0.564186670215217,0.6488708481853349,0.6488708481853349
real_digits_aligned,box,6000,0.05,1.0,estimated_residual_lowp_supported,cui_selective_ml,estimated,xgboost,xgboost,if_residual,1.0,0.0|0.25|0.5|1.0,aipw_variance,-1.0,1.0,obsval,4.0,0.1,30,0.1,crossfit_rank_empty_standdown,1.0,4,50,1,1312.1880128383636,-0.07578188775312175,-0.07578188775312175,-0.07578188775312175,0.0,9.073417377226142e-05,-9.551267492425132e-05,0.0,nan,0.0,reference,nan,nan,nan,nan,nan,gradient_boosting,gradient_boosting,0.00014321840169472693,nan,nan,nan,nan,nan,nan,nan,0.05,0.123,0.68,0.2764227642276423,45,35,0.15,0.04742547425474255,-0.011492546034108502,-0.011492546034108502,0.0,-0.04876648780248511,-0.04876648780248511,0.0,0.6328638579319361,0.6328638579319361,0.7588516216262357,0.7588516216262357
real_digits_aligned,box,6000,0.05,1.0,estimated_residual_lowp_supported,cui_selective_ml,estimated,xgboost,xgboost,if_residual,1.0,0.0|0.25|0.5|1.0,aipw_variance,-1.0,1.0,obsval,4.0,0.1,30,0.1,crossfit_rank_empty_standdown,1.0,4,50,2,2619.8106467491016,-0.059773305418812206,-0.059773305418812206,-0.059773305418812206,0.0,5.258350133029719e-05,-4.4280048301531885e-05,0.0,nan,0.0,reference,nan,nan,nan,nan,nan,gradient_boosting,gradient_boosting,183.87828026103816,nan,nan,nan,nan,nan,nan,nan,0.0,0.12433333333333334,nan,0.0,0,20,nan,0.02680965147453083,0.0,0.0,0.0,-0.04491735244307466,-0.04491735244307466,0.0,nan,nan,0.7306771523911575,0.7306771523911575
real_digits_aligned,box,6000,0.05,1.0,estimated_residual_lowp_supported,cui_selective_ml,estimated,xgboost,xgboost,if_residual,1.0,0.0|0.25|0.5|1.0,aipw_variance,-1.0,1.0,obsval,4.0,0.1,30,0.1,crossfit_rank_empty_standdown,1.0,4,50,3,3950.146604904905,-0.05382802169877765,-0.05382802169877765,-0.05382802169877765,0.0,0.00010610912731092575,-0.00015664094993121148,0.0,nan,0.0,reference,nan,nan,nan,nan,nan,gradient_boosting,gradient_boosting,0.0006864350885188197,nan,nan,nan,nan,nan,nan,nan,0.0,0.12716666666666668,nan,0.0,0,48,nan,0.06290956749672345,0.0,0.0,0.0,-0.04832161715951561,-0.04832161715951561,0.0,nan,nan,0.6956924806579363,0.6956924806579363
real_digits_aligned,box,6000,0.05,1.0,estimated_residual_lowp_supported,cui_selective_ml,estimated,xgboost,xgboost,if_residual,1.0,0.0|0.25|0.5|1.0,aipw_variance,-1.0,1.0,obsval,4.0,0.1,30,0.1,crossfit_rank_empty_standdown,1.0,4,50,4,5235.999032501131,-0.04042132921320557,-0.04042132921320557,-0.04042132921320557,0.0,0.00012021670805073439,-0.00012129167128629309,0.0,nan,0.0,reference,nan,nan,nan,nan,nan,logistic_l1,random_forest,0.0005632337985074785,nan,nan,nan,nan,nan,nan,nan,0.075,0.13316666666666666,0.7355555555555555,0.4142678347934919,65,34,0.14444444444444443,0.0425531914893617,-9.687901502047655,-9.687901502047655,0.0,-69.9020895384009,-69.9020895384009,0.0,0.439481204531205,0.439481204531205,0.5476100966069957,0.5476100966069957
real_digits_aligned,box,6000,0.05,1.0,estimated_residual_lowp_supported,cui_selective_ml,estimated,xgboost,xgboost,if_residual,1.0,0.0|0.25|0.5|1.0,aipw_variance,-1.0,1.0,obsval,4.0,0.1,30,0.1,crossfit_rank_empty_standdown,1.0,4,50,1,1258.8239893987775,-0.06438893088050895,-0.06438893088050895,-0.06438893088050895,0.0,0.00014400603004945459,-9.909433105446887e-05,0.0,nan,0.0,reference,nan,nan,nan,nan,nan,logistic_l1,lasso,0.000314716631323386,nan,nan,nan,nan,nan,nan,nan,0.0,0.13283333333333333,nan,0.0,0,38,nan,0.04767879548306148,0.0,0.0,0.0,0.024937144066411572,0.024937144066411572,0.0,nan,nan,0.8016313948519608,0.8016313948519608
real_digits_aligned,box,6000,0.05,1.0,estimated_residual_lowp_supported,cui_selective_ml,estimated,xgboost,xgboost,if_residual,1.0,0.0|0.25|0.5|1.0,aipw_variance,-1.0,1.0,obsval,4.0,0.1,30,0.1,crossfit_rank_empty_standdown,1.0,4,50,2,2542.1124212322757,-0.056833666988734655,-0.056833666988734655,-0.056833666988734655,0.0,0.00031637798380099397,-0.0003261890898289864,0.0,nan,0.0,reference,nan,nan,nan,nan,nan,gradient_boosting,random_forest,0.007326528874974006,nan,nan,nan,nan,nan,nan,nan,0.0,0.12716666666666668,nan,0.0,0,25,nan,0.0327653997378768,0.0,0.0,0.0,-0.03606682476682296,-0.03606682476682296,0.0,nan,nan,0.5873153117208123,0.5873153117208123
real_digits_aligned,box,6000,0.05,1.0,estimated_residual_lowp_supported,cui_selective_ml,estimated,xgboost,xgboost,if_residual,1.0,0.0|0.25|0.5|1.0,aipw_variance,-1.0,1.0,obsval,4.0,0.1,30,0.1,crossfit_rank_empty_standdown,1.0,4,50,3,3847.6687723305076,-0.04901148100064878,-0.04901148100064878,-0.04901148100064878,0.0,0.00011700572203753729,-0.0001368968030148964,0.0,nan,0.0,reference,nan,nan,nan,nan,nan,gradient_boosting,gradient_boosting,0.024899335628951816,nan,nan,nan,nan,nan,nan,nan,0.0,0.13316666666666666,nan,0.0,0,33,nan,0.04130162703379224,0.0,0.0,0.0,-0.049832384268656126,-0.049832384268656126,0.0,nan,nan,0.6850810357861339,0.6850810357861339
real_digits_aligned,box,6000,0.05,1.0,estimated_residual_lowp_supported,cui_selective_ml,estimated,xgboost,xgboost,if_residual,1.0,0.0|0.25|0.5|1.0,aipw_variance,-1.0,1.0,obsval,4.0,0.1,30,0.1,crossfit_rank_empty_standdown,1.0,4,50,4,5137.858572235331,-0.03934498632753386,-0.03934498632753386,-0.03934498632753386,0.0,6.99575723470563e-05,-6.239918682569368e-05,0.0,nan,0.0,reference,nan,nan,nan,nan,nan,gradient_boosting,lasso,0.006715918510190939,nan,nan,nan,nan,nan,nan,nan,0.075,0.12683333333333333,0.68,0.4021024967148489,74,46,0.16444444444444445,0.06044678055190539,-0.02354413968382671,-0.02354413968382671,0.0,-0.052429309788282995,-0.052429309788282995,0.0,0.8657708142354152,0.8657708142354152,0.8354616294203202,0.8354616294203202
real_digits_aligned,box,6000,0.05,1.0,estimated_residual_lowp_supported,cui_selective_ml,estimated,xgboost,xgboost,if_residual,1.0,0.0|0.25|0.5|1.0,aipw_variance,-1.0,1.0,obsval,4.0,0.1,30,0.1,crossfit_rank_empty_standdown,1.0,4,50,1,1293.1395206768066,-0.06217324236826943,-0.06217324236826943,-0.06217324236826943,0.0,6.826481542047404e-05,-2.764789165665151e-05,0.0,nan,0.0,reference,nan,nan,nan,nan,nan,gradient_boosting,lasso,0.2231410571217929,nan,nan,nan,nan,nan,nan,nan,0.05,0.12516666666666668,0.76,0.303595206391478,34,39,0.11333333333333333,0.05193075898801598,-0.012574659752822365,-0.012574659752822365,0.0,-0.050571251672016405,-0.050571251672016405,0.0,0.5551649933754137,0.5551649933754137,0.6700375043442013,0.6700375043442013
real_digits_aligned,box,6000,0.05,1.0,estimated_residual_lowp_supported,cui_selective_ml,estimated,xgboost,xgboost,if_residual,1.0,0.0|0.25|0.5|1.0,aipw_variance,-1.0,1.0,obsval,4.0,0.1,30,0.1,crossfit_rank_empty_standdown,1.0,4,50,2,2627.671884631738,-0.05161167469595107,-0.05161167469595107,-0.05161167469595107,0.0,0.0013401461569768932,-0.0012256169280943628,0.0,nan,0.0,reference,nan,nan,nan,nan,nan,logistic_l1,lasso,0.00012079559785835683,nan,nan,nan,nan,nan,nan,nan,0.0,0.12533333333333332,nan,0.0,0,39,nan,0.05186170212765957,0.0,0.0,0.0,-174.42336299446552,-174.42336299446552,0.0,nan,nan,0.6431680000607384,0.6431680000607384
real_digits_aligned,box,6000,0.05,1.0,estimated_residual_lowp_supported,cui_selective_ml,estimated,xgboost,xgboost,if_residual,1.0,0.0|0.25|0.5|1.0,aipw_variance,-1.0,1.0,obsval,4.0,0.1,30,0.1,crossfit_rank_empty_standdown,1.0,4,50,3,3933.7699571531266,-0.08301905919127639,-0.08301905919127639,-0.08301905919127639,0.0,9.942945448950294e-05,-8.111207561989266e-05,0.0,nan,0.0,reference,nan,nan,nan,nan,nan,gradient_boosting,gradient_boosting,0.05394631276419955,nan,nan,nan,nan,nan,nan,nan,0.0,0.127,nan,0.0,0,38,nan,0.049868766404199474,0.0,0.0,0.0,-0.05255009186902807,-0.05255009186902807,0.0,nan,nan,0.727454044324695,0.727454044324695
real_digits_aligned,box,6000,0.05,1.0,estimated_residual_lowp_supported,cui_selective_ml,estimated,xgboost,xgboost,if_residual,1.0,0.0|0.25|0.5|1.0,aipw_variance,-1.0,1.0,obsval,4.0,0.1,30,0.1,crossfit_rank_empty_standdown,1.0,4,50,4,5195.845964961685,-0.06456077298993684,-0.06456077298993684,-0.06456077298993684,0.0,4.7626704403427454e-05,-5.423282572509163e-05,0.0,nan,0.0,reference,nan,nan,nan,nan,nan,gradient_boosting,gradient_boosting,32.839479604526325,nan,nan,nan,nan,nan,nan,nan,0.0,0.1295,nan,0.0,0,39,nan,0.05019305019305019,0.0,0.0,0.0,-0.05657440761610835,-0.05657440761610835,0.0,nan,nan,0.7401583079684384,0.7401583079684384
real_digits_aligned,box,6000,0.05,1.0,estimated_residual_lowp_supported,cui_selective_ml,estimated,xgboost,xgboost,if_residual,1.0,0.0|0.25|0.5|1.0,aipw_variance,-1.0,1.0,obsval,4.0,0.1,30,0.1,crossfit_rank_empty_standdown,1.0,4,50,1,1294.6920875879005,-0.051149693296821896,-0.051149693296821896,-0.051149693296821896,0.0,0.00014575383312318588,-4.9645669337472725e-05,0.0,nan,0.0,reference,nan,nan,nan,nan,nan,gradient_boosting,random_forest,0.00048013099266799847,nan,nan,nan,nan,nan,nan,nan,0.1,0.13283333333333333,0.7133333333333334,0.5370138017565872,92,44,0.15333333333333332,0.05520702634880803,-0.023009764328086515,-0.023009764328086515,0.0,-0.04410278524514995,-0.04410278524514995,0.0,0.5084924459734915,0.5084924459734915,0.585941546792819,0.585941546792819
real_digits_aligned,box,6000,0.05,1.0,estimated_residual_lowp_supported,cui_selective_ml,estimated,xgboost,xgboost,if_residual,1.0,0.0|0.25|0.5|1.0,aipw_variance,-1.0,1.0,obsval,4.0,0.1,30,0.1,crossfit_rank_empty_standdown,1.0,4,50,2,2580.7480164486915,-0.05639798435022392,-0.05639798435022392,-0.05639798435022392,0.0,7.154136434447912e-05,-9.822259653961016e-05,0.0,nan,0.0,reference,nan,nan,nan,nan,nan,gradient_boosting,gradient_boosting,0.6262443053474307,nan,nan,nan,nan,nan,nan,nan,0.05,0.12416666666666666,0.7433333333333333,0.2993288590604027,35,41,0.11666666666666667,0.05503355704697987,-0.014333525814458938,-0.014333525814458938,0.0,-0.05375750146262063,-0.05375750146262063,0.0,0.6901158742709512,0.6901158742709512,0.7476107423850463,0.7476107423850463
real_digits_aligned,box,6000,0.05,1.0,estimated_residual_lowp_supported,cui_selective_ml,estimated,xgboost,xgboost,if_residual,1.0,0.0|0.25|0.5|1.0,aipw_variance,-1.0,1.0,obsval,4.0,0.1,30,0.1,crossfit_rank_empty_standdown,1.0,4,50,3,3866.5667747184634,-0.03555721346353646,-0.03555721346353646,-0.03555721346353646,0.0,0.00011656243929281844,-4.806821586674566e-05,0.0,nan,0.0,reference,nan,nan,nan,nan,nan,gradient_boosting,gradient_boosting,0.0006151676151165983,nan,nan,nan,nan,nan,nan,nan,0.0,0.128,nan,0.0,0,32,nan,0.041666666666666664,0.0,0.0,0.0,-0.05015470048252399,-0.05015470048252399,0.0,nan,nan,0.7494642904359108,0.7494642904359108
real_digits_aligned,box,6000,0.05,1.0,estimated_residual_lowp_supported,cui_selective_ml,estimated,xgboost,xgboost,if_residual,1.0,0.0|0.25|0.5|1.0,aipw_variance,-1.0,1.0,obsval,4.0,0.1,30,0.1,crossfit_rank_empty_standdown,1.0,4,50,4,5166.161638750695,-0.05296932089879114,-0.05296932089879114,-0.05296932089879114,0.0,6.20075144905142e-05,-0.00010233290280970862,0.0,nan,0.0,reference,nan,nan,nan,nan,nan,gradient_boosting,gradient_boosting,0.0013591148154287048,nan,nan,nan,nan,nan,nan,nan,0.0,0.11966666666666667,nan,0.0,0,39,nan,0.054317548746518104,0.0,0.0,0.0,-0.04426972118211131,-0.04426972118211131,0.0,nan,nan,0.716018570621826,0.716018570621826
real_digits_aligned,box,6000,0.05,1.0,estimated_residual_lowp_supported,cui_selective_ml,estimated,xgboost,xgboost,if_residual,1.0,0.0|0.25|0.5|1.0,aipw_variance,-1.0,1.0,obsval,4.0,0.1,30,0.1,crossfit_rank_empty_standdown,1.0,4,50,1,1280.9064234560356,-0.08079093980561577,-0.08079093980561577,-0.08079093980561577,0.0,0.00014069881803577245,-8.030102468907562e-05,0.0,nan,0.0,reference,nan,nan,nan,nan,nan,gradient_boosting,lasso,0.0002751338526858012,nan,nan,nan,nan,nan,nan,nan,0.075,0.13116666666666665,0.7266666666666667,0.4155019059720457,60,38,0.13333333333333333,0.048284625158831,-0.020609707413621035,-0.020609707413621035,0.0,-0.0525951554182307,-0.0525951554182307,0.0,0.6181528392465486,0.6181528392465486,0.6962024754056213,0.6962024754056213
real_digits_aligned,box,6000,0.05,1.0,estimated_residual_lowp_supported,cui_selective_ml,estimated,xgboost,xgboost,if_residual,1.0,0.0|0.25|0.5|1.0,aipw_variance,-1.0,1.0,obsval,4.0,0.1,30,0.1,crossfit_rank_empty_standdown,1.0,4,50,2,2578.5891108410433,-0.06028236452970004,-0.06028236452970004,-0.06028236452970004,0.0,0.00013494055123838573,-0.00019413914947660608,0.0,nan,0.0,reference,nan,nan,nan,nan,nan,gradient_boosting,gradient_boosting,0.1746275270817624,nan,nan,nan,nan,nan,nan,nan,0.05,0.12333333333333334,0.7466666666666667,0.3027027027027027,42,38,0.14,0.051351351351351354,-0.013721393170387557,-0.013721393170387557,0.0,-0.05103385283644728,-0.05103385283644728,0.0,0.6150370681468985,0.6150370681468985,0.7408306412646544,0.7408306412646544
real_digits_aligned,box,6000,0.05,1.0,estimated_residual_lowp_supported,cui_selective_ml,estimated,xgboost,xgboost,if_residual,1.0,0.0|0.25|0.5|1.0,aipw_variance,-1.0,1.0,obsval,4.0,0.1,30,0.1,crossfit_rank_empty_standdown,1.0,4,50,3,3872.8089800840244,-0.03550048357583263,-0.03550048357583263,-0.03550048357583263,0.0,8.580349815587052e-05,-6.326279916877856e-05,0.0,nan,0.0,reference,nan,nan,nan,nan,nan,random_forest,lasso,216017.85422970713,nan,nan,nan,nan,nan,nan,nan,0.0,0.12466666666666666,nan,0.0,0,35,nan,0.04679144385026738,0.0,0.0,0.0,-0.04633874446680413,-0.04633874446680413,0.0,nan,nan,0.6013663158498687,0.6013663158498687
real_digits_aligned,box,6000,0.05,1.0,estimated_residual_lowp_supported,cui_selective_ml,estimated,xgboost,xgboost,if_residual,1.0,0.0|0.25|0.5|1.0,aipw_variance,-1.0,1.0,obsval,4.0,0.1,30,0.1,crossfit_rank_empty_standdown,1.0,4,50,4,5161.2160322051495,-0.0741639031738,-0.0741639031738,-0.0741639031738,0.0,0.00013007574777812317,-0.00017182086404069516,0.0,nan,0.0,reference,nan,nan,nan,nan,nan,random_forest,lasso,0.00043441698165527163,nan,nan,nan,nan,nan,nan,nan,0.05,0.12216666666666667,0.7366666666666667,0.3015006821282401,33,30,0.11,0.040927694406548434,-0.009540434149052134,-0.009540434149052134,0.0,-0.04998838434209028,-0.04998838434209028,0.0,1.2088597519571813,1.2088597519571813,1.23307057761049,1.23307057761049
real_digits_aligned,box,6000,0.05,1.0,estimated_residual_lowp_supported,cui_selective_ml,estimated,xgboost,xgboost,if_residual,1.0,0.0|0.25|0.5|1.0,aipw_variance,-1.0,1.0,obsval,4.0,0.1,30,0.1,crossfit_rank_empty_standdown,1.0,4,50,1,1299.995069283992,-0.03183778786168173,-0.03183778786168173,-0.03183778786168173,0.0,9.694527580462456e-05,-0.00011755589510933169,0.0,nan,0.0,reference,nan,nan,nan,nan,nan,gradient_boosting,random_forest,1289.5191387238053,nan,nan,nan,nan,nan,nan,nan,0.0,0.12783333333333333,nan,0.0,0,32,nan,0.041720990873533245,0.0,0.0,0.0,-0.04086134347554732,-0.04086134347554732,0.0,nan,nan,0.5965963095077598,0.5965963095077598
real_digits_aligned,box,6000,0.05,1.0,estimated_residual_lowp_supported,cui_selective_ml,estimated,xgboost,xgboost,if_residual,1.0,0.0|0.25|0.5|1.0,aipw_variance,-1.0,1.0,obsval,4.0,0.1,30,0.1,crossfit_rank_empty_standdown,1.0,4,50,2,2599.9344644425437,-0.06836500131990769,-0.06836500131990769,-0.06836500131990769,0.0,0.00010008084100275897,-0.00010003659072198415,0.0,nan,0.0,reference,nan,nan,nan,nan,nan,logistic_l1,gradient_boosting,0.0005577788584993726,nan,nan,nan,nan,nan,nan,nan,0.0,0.12566666666666668,nan,0.0,0,38,nan,0.050397877984084884,0.0,0.0,0.0,-0.2908308357574672,-0.2908308357574672,0.0,nan,nan,0.711922494396428,0.711922494396428
real_digits_aligned,box,6000,0.05,1.0,estimated_residual_lowp_supported,cui_selective_ml,estimated,xgboost,xgboost,if_residual,1.0,0.0|0.25|0.5|1.0,aipw_variance,-1.0,1.0,obsval,4.0,0.1,30,0.1,crossfit_rank_empty_standdown,1.0,4,50,3,3871.7236003456637,-0.08552694050417767,-0.08552694050417767,-0.08552694050417767,0.0,0.00017217125054334458,-0.0002260001954127645,0.0,nan,0.0,reference,nan,nan,nan,nan,nan,gradient_boosting,gradient_boosting,0.025464268291249075,nan,nan,nan,nan,nan,nan,nan,0.0,0.13333333333333333,nan,0.0,0,32,nan,0.04,0.0,0.0,0.0,-0.057370410594250465,-0.057370410594250465,0.0,nan,nan,0.748233187138191,0.748233187138191
real_digits_aligned,box,6000,0.05,1.0,estimated_residual_lowp_supported,cui_selective_ml,estimated,xgboost,xgboost,if_residual,1.0,0.0|0.25|0.5|1.0,aipw_variance,-1.0,1.0,obsval,4.0,0.1,30,0.1,crossfit_rank_empty_standdown,1.0,4,50,4,5179.378207734786,-0.06450621545217916,-0.06450621545217916,-0.06450621545217916,0.0,6.071660360441162e-05,-5.467916738052618e-05,0.0,nan,0.0,reference,nan,nan,nan,nan,nan,logistic_l1,gradient_boosting,0.0004166935493388688,nan,nan,nan,nan,nan,nan,nan,0.1,0.127,0.6966666666666667,0.5485564304461942,96,50,0.16,0.06561679790026247,-38.42749918296093,-38.42749918296093,0.0,-55.30402444572663,-55.30402444572663,0.0,0.5537508129558969,0.5537508129558969,0.6626574983358254,0.6626574983358254
real_digits_aligned,box,6000,0.05,1.0,estimated_residual_lowp_supported,cui_selective_ml,estimated,xgboost,xgboost,if_residual,1.0,0.0|0.25|0.5|1.0,aipw_variance,-1.0,1.0,obsval,4.0,0.1,30,0.1,crossfit_rank_empty_standdown,1.0,4,50,1,1313.6669287299737,-0.05058329502029657,-0.05058329502029657,-0.05058329502029657,0.0,0.00021493419159310614,-0.000144326137880843,0.0,nan,0.0,reference,nan,nan,nan,nan,nan,gradient_boosting,gradient_boosting,0.0011443682008728776,nan,nan,nan,nan,nan,nan,nan,0.05,0.125,0.67,0.268,49,38,0.16333333333333333,0.050666666666666665,-0.012088598770957939,-0.012088598770957939,0.0,-0.05082798459647489,-0.05082798459647489,0.0,0.5781888058164928,0.5781888058164928,0.7148282652731089,0.7148282652731089
real_digits_aligned,box,6000,0.05,1.0,estimated_residual_lowp_supported,cui_selective_ml,estimated,xgboost,xgboost,if_residual,1.0,0.0|0.25|0.5|1.0,aipw_variance,-1.0,1.0,obsval,4.0,0.1,30,0.1,crossfit_rank_empty_standdown,1.0,4,50,2,2648.743078071624,-0.0516144993915722,-0.0516144993915722,-0.0516144993915722,0.0,0.00012001004008012719,-8.572472685314334e-05,0.0,nan,0.0,reference,nan,nan,nan,nan,nan,logistic_l1,gradient_boosting,0.0008341051426741978,nan,nan,nan,nan,nan,nan,nan,0.0,0.1325,nan,0.0,0,39,nan,0.04905660377358491,0.0,0.0,0.0,-1.550937297780616,-1.550937297780616,0.0,nan,nan,0.6358209952846899,0.6358209952846899
real_digits_aligned,box,6000,0.05,1.0,estimated_residual_lowp_supported,cui_selective_ml,estimated,xgboost,xgboost,if_residual,1.0,0.0|0.25|0.5|1.0,aipw_variance,-1.0,1.0,obsval,4.0,0.1,30,0.1,crossfit_rank_empty_standdown,1.0,4,50,3,3942.4106426816434,-0.059384338387201696,-0.05762468923123454,-0.059384338387201696,0.0017596491559671579,0.0001296224069909002,-0.00021149469450904956,0.0,nan,0.25,if_residual,nan,nan,nan,nan,nan,gradient_boosting,lasso,0.00040534204521868735,nan,nan,nan,nan,nan,nan,nan,0.0,0.12883333333333333,nan,0.0,0,35,nan,0.045278137128072445,0.0,0.0,0.0,-0.04186872980098042,-0.04301218631198178,-0.0011434565110013603,nan,nan,0.8966046293827185,0.9181471406745817
real_digits_aligned,box,6000,0.05,1.0,estimated_residual_lowp_supported,cui_selective_ml,estimated,xgboost,xgboost,if_residual,1.0,0.0|0.25|0.5|1.0,aipw_variance,-1.0,1.0,obsval,4.0,0.1,30,0.1,crossfit_rank_empty_standdown,1.0,4,50,4,5203.994979649782,-0.06995760344319663,-0.06995760344319663,-0.06995760344319663,0.0,0.0001821344499087791,-0.000220538254598656,0.0,nan,0.0,reference,nan,nan,nan,nan,nan,gradient_boosting,gradient_boosting,0.00020381946331222227,nan,nan,nan,nan,nan,nan,nan,0.1,0.134,0.7366666666666667,0.5497512437810945,77,48,0.12833333333333333,0.05970149253731343,-0.026975170118573942,-0.026975170118573942,0.0,-0.050744954516078015,-0.050744954516078015,0.0,0.5931587842066819,0.5931587842066819,0.6738803173114266,0.6738803173114266
real_digits_aligned,box,6000,0.05,1.0,estimated_residual_lowp_supported,cui_selective_ml,estimated,xgboost,xgboost,if_residual,1.0,0.0|0.25|0.5|1.0,aipw_variance,-1.0,1.0,obsval,4.0,0.1,30,0.1,crossfit_rank_empty_standdown,1.0,4,50,1,1268.1877247653902,-0.04273347539125938,-0.04273347539125938,-0.04273347539125938,0.0,0.00020759865246920434,-0.0001599837442285523,0.0,nan,0.0,reference,nan,nan,nan,nan,nan,gradient_boosting,random_forest,8057.156582115622,nan,nan,nan,nan,nan,nan,nan,0.0,0.12866666666666668,nan,0.0,0,49,nan,0.06347150259067358,0.0,0.0,0.0,-0.046853640278511716,-0.046853640278511716,0.0,nan,nan,0.5954537154463481,0.5954537154463481
real_digits_aligned,box,6000,0.05,1.0,estimated_residual_lowp_supported,cui_selective_ml,estimated,xgboost,xgboost,if_residual,1.0,0.0|0.25|0.5|1.0,aipw_variance,-1.0,1.0,obsval,4.0,0.1,30,0.1,crossfit_rank_empty_standdown,1.0,4,50,2,2551.013636802323,-0.048843607850717674,-0.048843607850717674,-0.048843607850717674,0.0,0.00018270867980855164,-0.00013775226627969718,0.0,nan,0.0,reference,nan,nan,nan,nan,nan,gradient_boosting,gradient_boosting,0.0007667523590330275,nan,nan,nan,nan,nan,nan,nan,0.0,0.13516666666666666,nan,0.0,0,35,nan,0.04315659679408138,0.0,0.0,0.0,-0.05066811582445316,-0.05066811582445316,0.0,nan,nan,0.6704852027930752,0.6704852027930752
real_digits_aligned,box,6000,0.05,1.0,estimated_residual_lowp_supported,cui_selective_ml,estimated,xgboost,xgboost,if_residual,1.0,0.0|0.25|0.5|1.0,aipw_variance,-1.0,1.0,obsval,4.0,0.1,30,0.1,crossfit_rank_empty_standdown,1.0,4,50,3,3841.0920730065554,-0.025220744625749303,-0.025220744625749303,-0.025220744625749303,0.0,0.00017538074703192465,-0.0001539333213585352,0.0,nan,0.0,reference,nan,nan,nan,nan,nan,logistic_l1,random_forest,0.005816888798786466,nan,nan,nan,nan,nan,nan,nan,0.05,0.13766666666666666,0.75,0.27239709443099275,38,39,0.12666666666666668,0.04721549636803874,-0.012911949038337315,-0.012911949038337315,0.0,-20.542647577534712,-20.542647577534712,0.0,0.4923854271552618,0.4923854271552618,0.5871068473483766,0.5871068473483766
real_digits_aligned,box,6000,0.05,1.0,estimated_residual_lowp_supported,cui_selective_ml,estimated,xgboost,xgboost,if_residual,1.0,0.0|0.25|0.5|1.0,aipw_variance,-1.0,1.0,obsval,4.0,0.1,30,0.1,crossfit_rank_empty_standdown,1.0,4,50,4,5108.421124048531,-0.045202524909737085,-0.045202524909737085,-0.045202524909737085,0.0,0.00021699592327250933,-0.00018520266228531766,0.0,nan,0.0,reference,nan,nan,nan,nan,nan,logistic_l1,lasso,0.0001879127068159434,nan,nan,nan,nan,nan,nan,nan,0.1,0.12733333333333333,0.7033333333333334,0.5523560209424084,76,40,0.12666666666666668,0.05235602094240838,-6.446710495734702,-6.446710495734702,0.0,-6.924578088732458,-6.924578088732458,0.0,0.5419769014382093,0.5419769014382093,0.8096374045099796,0.8096374045099796
real_digits_aligned,box,6000,0.05,1.0,estimated_residual_lowp_supported,cui_selective_ml,estimated,xgboost,xgboost,if_residual,1.0,0.0|0.25|0.5|1.0,aipw_variance,-1.0,1.0,obsval,4.0,0.1,30,0.1,crossfit_rank_empty_standdown,1.0,4,50,1,1268.382005861029,-0.054882240848904695,-0.054882240848904695,-0.054882240848904695,0.0,6.042519435846901e-05,-2.363112614426103e-05,0.0,nan,0.0,reference,nan,nan,nan,nan,nan,gradient_boosting,random_forest,0.0007643367183539031,nan,nan,nan,nan,nan,nan,nan,0.075,0.129,0.7044444444444444,0.4095607235142119,60,38,0.13333333333333333,0.04909560723514212,-0.018977048550984237,-0.018977048550984237,0.0,-0.04459684633306292,-0.04459684633306292,0.0,0.5109611027341553,0.5109611027341553,0.6011743465680346,0.6011743465680346
real_digits_aligned,box,6000,0.05,1.0,estimated_residual_lowp_supported,cui_selective_ml,estimated,xgboost,xgboost,if_residual,1.0,0.0|0.25|0.5|1.0,aipw_variance,-1.0,1.0,obsval,4.0,0.1,30,0.1,crossfit_rank_empty_standdown,1.0,4,50,2,2585.6176081364974,-0.014342336699901592,-0.014342336699901592,-0.014342336699901592,0.0,0.00010563953110781857,-9.604947036550253e-05,0.0,nan,0.0,reference,nan,nan,nan,nan,nan,gradient_boosting,lasso,0.010541844642140103,nan,nan,nan,nan,nan,nan,nan,0.0,0.13016666666666668,nan,0.0,0,40,nan,0.05121638924455826,0.0,0.0,0.0,-0.031006372661849205,-0.031006372661849205,0.0,nan,nan,0.4783138462561449,0.4783138462561449
real_digits_aligned,box,6000,0.05,1.0,estimated_residual_lowp_supported,cui_selective_ml,estimated,xgboost,xgboost,if_residual,1.0,0.0|0.25|0.5|1.0,aipw_variance,-1.0,1.0,obsval,4.0,0.1,30,0.1,crossfit_rank_empty_standdown,1.0,4,50,3,3888.7542836200446,-0.10790504531553893,-0.10790504531553893,-0.10790504531553893,0.0,0.00014702804572877212,-0.00015180422337124778,0.0,nan,0.0,reference,nan,nan,nan,nan,nan,logistic_l1,gradient_boosting,0.000547106313110416,nan,nan,nan,nan,nan,nan,nan,0.0,0.1265,nan,0.0,0,38,nan,0.05006587615283267,0.0,0.0,0.0,0.7871207173138247,0.7871207173138247,0.0,nan,nan,0.7610049512256214,0.7610049512256214
real_digits_aligned,box,6000,0.05,1.0,estimated_residual_lowp_supported,cui_selective_ml,estimated,xgboost,xgboost,if_residual,1.0,0.0|0.25|0.5|1.0,aipw_variance,-1.0,1.0,obsval,4.0,0.1,30,0.1,crossfit_rank_empty_standdown,1.0,4,50,4,5179.947097067721,-0.025957874461023323,-0.025957874461023323,-0.025957874461023323,0.0,0.00011413279689057184,-9.333257718341956e-05,0.0,nan,0.0,reference,nan,nan,nan,nan,nan,gradient_boosting,gradient_boosting,0.0006436687158436875,nan,nan,nan,nan,nan,nan,nan,0.1,0.13183333333333333,0.745,0.5651074589127687,71,34,0.11833333333333333,0.04298356510745891,-0.027020230879492558,-0.027020230879492558,0.0,-0.048015679215660384,-0.048015679215660384,0.0,0.5818646100398401,0.5818646100398401,0.6572874342188755,0.6572874342188755
real_digits_aligned,box,6000,0.05,1.0,estimated_residual_lowp_supported,cui_selective_ml,estimated,xgboost,xgboost,if_residual,1.0,0.0|0.25|0.5|1.0,aipw_variance,-1.0,1.0,obsval,4.0,0.1,30,0.1,crossfit_rank_empty_standdown,1.0,4,50,1,1291.5334219811484,-0.018804885530051496,-0.018804885530051496,-0.018804885530051496,0.0,8.029277605048899e-05,-5.4129133726798226e-05,0.0,nan,0.0,reference,nan,nan,nan,nan,nan,gradient_boosting,lasso,818.4078458014511,nan,nan,nan,nan,nan,nan,nan,0.0,0.1285,nan,0.0,0,46,nan,0.05966277561608301,0.0,0.0,0.0,-0.04599293456309029,-0.04599293456309029,0.0,nan,nan,0.5701968532702087,0.5701968532702087
real_digits_aligned,box,6000,0.05,1.0,estimated_residual_lowp_supported,cui_selective_ml,estimated,xgboost,xgboost,if_residual,1.0,0.0|0.25|0.5|1.0,aipw_variance,-1.0,1.0,obsval,4.0,0.1,30,0.1,crossfit_rank_empty_standdown,1.0,4,50,2,2575.651034223847,-0.06015061953521089,-0.06015061953521089,-0.06015061953521089,0.0,3.96942774053494e-05,-1.454945478232203e-05,0.0,nan,0.0,reference,nan,nan,nan,nan,nan,gradient_boosting,random_forest,0.0513940344583421,nan,nan,nan,nan,nan,nan,nan,0.075,0.12833333333333333,0.6866666666666666,0.4012987012987013,53,33,0.11777777777777777,0.04285714285714286,-0.018092998343138877,-0.018092998343138877,0.0,-0.04394933089182169,-0.04394933089182169,0.0,0.48664050928557445,0.48664050928557445,0.5972337103146821,0.5972337103146821
real_digits_aligned,box,6000,0.05,1.0,estimated_residual_lowp_supported,cui_selective_ml,estimated,xgboost,xgboost,if_residual,1.0,0.0|0.25|0.5|1.0,aipw_variance,-1.0,1.0,obsval,4.0,0.1,30,0.1,crossfit_rank_empty_standdown,1.0,4,50,3,3884.0019235126674,-0.019126625757069138,-0.019126625757069138,-0.019126625757069138,0.0,0.00010232138145071915,-0.00014145050387946278,0.0,nan,0.0,reference,nan,nan,nan,nan,nan,random_forest,gradient_boosting,1.3427453553417499,nan,nan,nan,nan,nan,nan,nan,0.0,0.117,nan,0.0,0,39,nan,0.05555555555555555,0.0,0.0,0.0,-0.047753979698514346,-0.047753979698514346,0.0,nan,nan,0.7388298222145907,0.7388298222145907
real_digits_aligned,box,6000,0.05,1.0,estimated_residual_lowp_supported,cui_selective_ml,estimated,xgboost,xgboost,if_residual,1.0,0.0|0.25|0.5|1.0,aipw_variance,-1.0,1.0,obsval,4.0,0.1,30,0.1,crossfit_rank_empty_standdown,1.0,4,50,4,5181.615022106096,-0.04837959931077612,-0.04837959931077612,-0.04837959931077612,0.0,8.633452877483076e-05,-8.078492959597819e-05,0.0,nan,0.0,reference,nan,nan,nan,nan,nan,gradient_boosting,gradient_boosting,0.0043759795715705594,nan,nan,nan,nan,nan,nan,nan,0.1,0.12033333333333333,0.6983333333333334,0.5803324099722992,82,32,0.13666666666666666,0.0443213296398892,-0.021046706384047216,-0.021046706384047216,0.0,-0.037381803569052276,-0.037381803569052276,0.0,0.5308101231869637,0.5308101231869637,0.6188715830389647,0.6188715830389647
real_digits_aligned,box,6000,0.05,1.0,estimated_residual_lowp_supported,cui_selective_ml,estimated,xgboost,xgboost,if_residual,1.0,0.0|0.25|0.5|1.0,aipw_variance,-1.0,1.0,obsval,4.0,0.1,30,0.1,crossfit_rank_empty_standdown,1.0,4,50,1,1330.53760083206,-0.04601625898547462,-0.04601625898547462,-0.04601625898547462,0.0,0.00011846120819930051,-7.857845382265149e-05,0.0,nan,0.0,reference,nan,nan,nan,nan,nan,random_forest,random_forest,0.00034270929413214807,nan,nan,nan,nan,nan,nan,nan,0.05,0.126,0.82,0.3253968253968254,30,43,0.1,0.056878306878306875,-0.01093557740651617,-0.01093557740651617,0.0,-0.048710023716165195,-0.048710023716165195,0.0,0.6245766912450901,0.6245766912450901,0.6416950184777638,0.6416950184777638
real_digits_aligned,box,6000,0.05,1.0,estimated_residual_lowp_supported,cui_selective_ml,estimated,xgboost,xgboost,if_residual,1.0,0.0|0.25|0.5|1.0,aipw_variance,-1.0,1.0,obsval,4.0,0.1,30,0.1,crossfit_rank_empty_standdown,1.0,4,50,2,2609.713715631515,-0.05596690501150531,-0.05596690501150531,-0.05596690501150531,0.0,4.0525618506967453e-05,-5.9219214254205635e-05,0.0,nan,0.0,reference,nan,nan,nan,nan,nan,gradient_boosting,gradient_boosting,0.01888177919450708,nan,nan,nan,nan,nan,nan,nan,0.0,0.128,nan,0.0,0,36,nan,0.046875,0.0,0.0,0.0,-0.049924332637959326,-0.049924332637959326,0.0,nan,nan,0.7151391223937554,0.7151391223937554
real_digits_aligned,box,6000,0.05,1.0,estimated_residual_lowp_supported,cui_selective_ml,estimated,xgboost,xgboost,if_residual,1.0,0.0|0.25|0.5|1.0,aipw_variance,-1.0,1.0,obsval,4.0,0.1,30,0.1,crossfit_rank_empty_standdown,1.0,4,50,3,3902.6268539838493,-0.0605774697175433,-0.0605774697175433,-0.0605774697175433,0.0,5.1703018214619e-05,-0.00011074493986056955,0.0,nan,0.0,reference,nan,nan,nan,nan,nan,gradient_boosting,lasso,0.00025374607626811173,nan,nan,nan,nan,nan,nan,nan,0.1,0.12366666666666666,0.685,0.5539083557951483,84,35,0.14,0.04716981132075472,-0.027327374238675418,-0.027327374238675418,0.0,-0.04835349443925734,-0.04835349443925734,0.0,0.5535605347743371,0.5535605347743371,0.6631254752569745,0.6631254752569745
real_digits_aligned,box,6000,0.05,1.0,estimated_residual_lowp_supported,cui_selective_ml,estimated,xgboost,xgboost,if_residual,1.0,0.0|0.25|0.5|1.0,aipw_variance,-1.0,1.0,obsval,4.0,0.1,30,0.1,crossfit_rank_empty_standdown,1.0,4,50,4,5239.299440118484,-0.08457664855593397,-0.08457664855593397,-0.08457664855593397,0.0,0.00012563453791940835,-6.95407313527887e-05,0.0,nan,0.0,reference,nan,nan,nan,nan,nan,gradient_boosting,random_forest,0.00027463292761409076,nan,nan,nan,nan,nan,nan,nan,0.0,0.11866666666666667,nan,0.0,0,34,nan,0.047752808988764044,0.0,0.0,0.0,-0.045450987544446715,-0.045450987544446715,0.0,nan,nan,0.6714763092321936,0.6714763092321936
real_digits_aligned,box,6000,0.05,1.0,estimated_residual_lowp_supported,cui_selective_ml,estimated,xgboost,xgboost,if_residual,1.0,0.0|0.25|0.5|1.0,aipw_variance,-1.0,1.0,obsval,4.0,0.1,30,0.1,crossfit_rank_empty_standdown,1.0,4,50,1,1304.5232444843277,-0.02161598759194011,-0.02161598759194011,-0.02161598759194011,0.0,0.0001172590618839012,-0.00010870765336698247,0.0,nan,0.0,reference,nan,nan,nan,nan,nan,logistic_l1,gradient_boosting,0.0006835039232126259,nan,nan,nan,nan,nan,nan,nan,0.0,0.127,nan,0.0,0,43,nan,0.05643044619422572,0.0,0.0,0.0,-3.711719300001658,-3.711719300001658,0.0,nan,nan,0.6926778828588821,0.6926778828588821
real_digits_aligned,box,6000,0.05,1.0,estimated_residual_lowp_supported,cui_selective_ml,estimated,xgboost,xgboost,if_residual,1.0,0.0|0.25|0.5|1.0,aipw_variance,-1.0,1.0,obsval,4.0,0.1,30,0.1,crossfit_rank_empty_standdown,1.0,4,50,2,2620.1278267279267,-0.04461041739418381,-0.04461041739418381,-0.04461041739418381,0.0,0.00011649322341746211,-0.0001653056421607507,0.0,nan,0.0,reference,nan,nan,nan,nan,nan,gradient_boosting,lasso,0.001942545679330832,nan,nan,nan,nan,nan,nan,nan,0.05,0.12816666666666668,0.74,0.2886866059817945,39,33,0.13,0.04291287386215865,-0.014097434346667348,-0.014097434346667348,0.0,-0.05002507137343017,-0.05002507137343017,0.0,0.5579125622758433,0.5579125622758433,0.6480424404065834,0.6480424404065834
real_digits_aligned,box,6000,0.05,1.0,estimated_residual_lowp_supported,cui_selective_ml,estimated,xgboost,xgboost,if_residual,1.0,0.0|0.25|0.5|1.0,aipw_variance,-1.0,1.0,obsval,4.0,0.1,30,0.1,crossfit_rank_empty_standdown,1.0,4,50,3,3895.6733363540843,-0.04495899163112144,-0.04495899163112144,-0.04495899163112144,0.0,3.167810245311765e-05,-2.3002896529435808e-05,0.0,nan,0.0,reference,nan,nan,nan,nan,nan,gradient_boosting,gradient_boosting,1.106486143770545,nan,nan,nan,nan,nan,nan,nan,0.075,0.12766666666666668,0.7133333333333334,0.41906005221932113,64,37,0.14222222222222222,0.048302872062663184,-0.019029953830598825,-0.019029953830598825,0.0,-0.044642951326367725,-0.044642951326367725,0.0,0.5304802491305838,0.5304802491305838,0.6444480381653752,0.6444480381653752
real_digits_aligned,box,6000,0.05,1.0,estimated_residual_lowp_supported,cui_selective_ml,estimated,xgboost,xgboost,if_residual,1.0,0.0|0.25|0.5|1.0,aipw_variance,-1.0,1.0,obsval,4.0,0.1,30,0.1,crossfit_rank_empty_standdown,1.0,4,50,4,5204.248802215792,-0.04069409948940422,-0.04069409948940422,-0.04069409948940422,0.0,9.917354339561858e-05,-5.354568613533605e-05,0.0,nan,0.0,reference,nan,nan,nan,nan,nan,gradient_boosting,lasso,208601.48343935917,nan,nan,nan,nan,nan,nan,nan,0.0,0.11833333333333333,nan,0.0,0,36,nan,0.05070422535211268,0.0,0.0,0.0,-0.0335132403266879,-0.0335132403266879,0.0,nan,nan,0.6454890821753054,0.6454890821753054
real_digits_aligned,box,6000,0.05,1.0,estimated_residual_lowp_supported,cui_selective_ml,estimated,xgboost,xgboost,if_residual,1.0,0.0|0.25|0.5|1.0,aipw_variance,-1.0,1.0,obsval,4.0,0.1,30,0.1,crossfit_rank_empty_standdown,1.0,4,50,1,1314.745847929269,-0.07850480336814866,-0.07850480336814866,-0.07850480336814866,0.0,0.00010137109660567697,-4.740049468995991e-05,0.0,nan,0.0,reference,nan,nan,nan,nan,nan,gradient_boosting,lasso,0.0008256526634678712,nan,nan,nan,nan,nan,nan,nan,0.05,0.12266666666666666,0.7466666666666667,0.30434782608695654,39,39,0.13,0.05298913043478261,-0.012285872735647933,-0.012285872735647933,0.0,-0.03904128562519228,-0.03904128562519228,0.0,0.5484125446117779,0.5484125446117779,0.6020812890753209,0.6020812890753209
real_digits_aligned,box,6000,0.05,1.0,estimated_residual_lowp_supported,cui_selective_ml,estimated,xgboost,xgboost,if_residual,1.0,0.0|0.25|0.5|1.0,aipw_variance,-1.0,1.0,obsval,4.0,0.1,30,0.1,crossfit_rank_empty_standdown,1.0,4,50,2,2629.604346781969,-0.0354198666878795,-0.0354198666878795,-0.0354198666878795,0.0,9.332623534518054e-05,-4.6674464645175655e-05,0.0,nan,0.0,reference,nan,nan,nan,nan,nan,logistic_l1,random_forest,0.00044768592587807795,nan,nan,nan,nan,nan,nan,nan,0.075,0.13033333333333333,0.7955555555555556,0.4578005115089514,45,34,0.1,0.043478260869565216,-41.76103508148675,-41.76103508148675,0.0,-62.24395466182038,-62.24395466182038,0.0,0.4896907322141526,0.4896907322141526,0.5636755874384285,0.5636755874384285
real_digits_aligned,box,6000,0.05,1.0,estimated_residual_lowp_supported,cui_selective_ml,estimated,xgboost,xgboost,if_residual,1.0,0.0|0.25|0.5|1.0,aipw_variance,-1.0,1.0,obsval,4.0,0.1,30,0.1,crossfit_rank_empty_standdown,1.0,4,50,3,3908.6627302272245,-0.02364278452997587,-0.02364278452997587,-0.02364278452997587,0.0,0.00011205054507543784,-4.497884819913754e-05,0.0,nan,0.0,reference,nan,nan,nan,nan,nan,gradient_boosting,gradient_boosting,727.1744822911093,nan,nan,nan,nan,nan,nan,nan,0.0,0.12,nan,0.0,0,38,nan,0.05277777777777778,0.0,0.0,0.0,-0.04232402488198735,-0.04232402488198735,0.0,nan,nan,0.6871723369055108,0.6871723369055108
real_digits_aligned,box,6000,0.05,1.0,estimated_residual_lowp_supported,cui_selective_ml,estimated,xgboost,xgboost,if_residual,1.0,0.0|0.25|0.5|1.0,aipw_variance,-1.0,1.0,obsval,4.0,0.1,30,0.1,crossfit_rank_empty_standdown,1.0,4,50,4,5195.6315638218075,-0.04114715603059116,-0.04114715603059116,-0.04114715603059116,0.0,8.89447984196406e-05,-3.4536149822280175e-05,0.0,nan,0.0,reference,nan,nan,nan,nan,nan,logistic_l1,random_forest,0.0010285601257939518,nan,nan,nan,nan,nan,nan,nan,0.1,0.12033333333333333,0.6866666666666666,0.5706371191135734,84,30,0.14,0.04155124653739612,-19.934273869395753,-19.934273869395753,0.0,-66.95155871646482,-66.95155871646482,0.0,0.47976200226916094,0.47976200226916094,0.5809971542259701,0.5809971542259701
real_digits_aligned,box,6000,0.05,1.0,estimated_residual_lowp_supported,cui_selective_ml,estimated,xgboost,xgboost,if_residual,1.0,0.0|0.25|0.5|1.0,aipw_variance,-1.0,1.0,obsval,4.0,0.1,30,0.1,crossfit_rank_empty_standdown,1.0,4,50,1,1302.8402233477682,-0.02321833359496417,-0.02321833359496417,-0.02321833359496417,0.0,0.0001041413569909601,-9.738138220717949e-05,0.0,nan,0.0,reference,nan,nan,nan,nan,nan,gradient_boosting,gradient_boosting,0.0002159738371591648,nan,nan,nan,nan,nan,nan,nan,0.0,0.12716666666666668,nan,0.0,0,35,nan,0.045871559633027525,0.0,0.0,0.0,-0.045298318331975757,-0.045298318331975757,0.0,nan,nan,0.7056901322360246,0.7056901322360246
real_digits_aligned,box,6000,0.05,1.0,estimated_residual_lowp_supported,cui_selective_ml,estimated,xgboost,xgboost,if_residual,1.0,0.0|0.25|0.5|1.0,aipw_variance,-1.0,1.0,obsval,4.0,0.1,30,0.1,crossfit_rank_empty_standdown,1.0,4,50,2,2634.2223081998527,-0.045407458265856404,-0.045407458265856404,-0.045407458265856404,0.0,0.00030292587328786076,-0.0005070927618305351,0.0,nan,0.0,reference,nan,nan,nan,nan,nan,gradient_boosting,gradient_boosting,0.0005147285466509514,nan,nan,nan,nan,nan,nan,nan,0.075,0.13016666666666668,0.7155555555555555,0.41229193341869397,72,40,0.16,0.05121638924455826,-0.017845061331544572,-0.017845061331544572,0.0,-0.044402869497251855,-0.044402869497251855,0.0,0.5120481559103247,0.5120481559103247,0.6348641105723157,0.6348641105723157
real_digits_aligned,box,6000,0.05,1.0,estimated_residual_lowp_supported,cui_selective_ml,estimated,xgboost,xgboost,if_residual,1.0,0.0|0.25|0.5|1.0,aipw_variance,-1.0,1.0,obsval,4.0,0.1,30,0.1,crossfit_rank_empty_standdown,1.0,4,50,3,3922.70835262537,-0.0833580306552881,-0.0833580306552881,-0.0833580306552881,0.0,6.59487803843906e-05,-7.886045806231463e-05,0.0,nan,0.0,reference,nan,nan,nan,nan,nan,gradient_boosting,gradient_boosting,0.00021234124550862513,nan,nan,nan,nan,nan,nan,nan,0.0,0.12666666666666668,nan,0.0,0,42,nan,0.05526315789473684,0.0,0.0,0.0,-0.05207496604356838,-0.05207496604356838,0.0,nan,nan,0.7212694020979513,0.7212694020979513
real_digits_aligned,box,6000,0.05,1.0,estimated_residual_lowp_supported,cui_selective_ml,estimated,xgboost,xgboost,if_residual,1.0,0.0|0.25|0.5|1.0,aipw_variance,-1.0,1.0,obsval,4.0,0.1,30,0.1,crossfit_rank_empty_standdown,1.0,4,50,4,5198.643937457353,-0.06719296646301431,-0.06719296646301431,-0.06719296646301431,0.0,8.758251510606989e-05,-0.00012343153322197787,0.0,nan,0.0,reference,nan,nan,nan,nan,nan,gradient_boosting,lasso,0.9235442355115185,nan,nan,nan,nan,nan,nan,nan,0.0,0.13416666666666666,nan,0.0,0,40,nan,0.049689440993788817,0.0,0.0,0.0,-0.05128448812385839,-0.05128448812385839,0.0,nan,nan,0.6265735250583513,0.6265735250583513
real_digits_aligned,box,6000,0.05,2.0,estimated_residual_lowp_supported,cui_selective_ml,estimated,xgboost,xgboost,if_residual,1.0,0.0|0.25|0.5|1.0,aipw_variance,-1.0,1.0,obsval,4.0,0.1,30,0.1,crossfit_rank_empty_standdown,1.0,4,50,1,1302.2073153695092,-0.14365631992581052,-0.14365631992581052,-0.14365631992581052,0.0,9.485852050567954e-05,-7.743361474146684e-05,0.0,nan,0.0,reference,nan,nan,nan,nan,nan,logistic_l1,random_forest,0.0008439554595737606,nan,nan,nan,nan,nan,nan,nan,0.1,0.12716666666666668,0.705,0.5543905635648755,111,46,0.185,0.06028833551769332,-0.03945765049055825,-0.03945765049055825,0.0,-0.0927132962225074,-0.0927132962225074,0.0,1.18871686182712,1.18871686182712,1.4560659772101054,1.4560659772101054
real_digits_aligned,box,6000,0.05,2.0,estimated_residual_lowp_supported,cui_selective_ml,estimated,xgboost,xgboost,if_residual,1.0,0.0|0.25|0.5|1.0,aipw_variance,-1.0,1.0,obsval,4.0,0.1,30,0.1,crossfit_rank_empty_standdown,1.0,4,50,2,2600.7142508653924,-0.09711730877270086,-0.09711730877270086,-0.09711730877270086,0.0,0.00012157283117954665,-5.7948123259067823e-05,0.0,nan,0.0,reference,nan,nan,nan,nan,nan,logistic_l1,lasso,0.00047313047595536593,nan,nan,nan,nan,nan,nan,nan,0.075,0.12833333333333333,0.7355555555555555,0.42987012987012985,55,46,0.12222222222222222,0.05974025974025974,-12.43541416392181,-12.43541416392181,0.0,-12.503920231984928,-12.503920231984928,0.0,1.1788601115125033,1.1788601115125033,1.4190281743370363,1.4190281743370363
real_digits_aligned,box,6000,0.05,2.0,estimated_residual_lowp_supported,cui_selective_ml,estimated,xgboost,xgboost,if_residual,1.0,0.0|0.25|0.5|1.0,aipw_variance,-1.0,1.0,obsval,4.0,0.1,30,0.1,crossfit_rank_empty_standdown,1.0,4,50,3,3916.9164823982865,-0.13149170839170915,-0.13149170839170915,-0.13149170839170915,0.0,0.00020808280675034627,-0.00020064841792825146,0.0,nan,0.0,reference,nan,nan,nan,nan,nan,gradient_boosting,gradient_boosting,34.40610695179949,nan,nan,nan,nan,nan,nan,nan,0.0,0.12133333333333333,nan,0.0,0,29,nan,0.03983516483516483,0.0,0.0,0.0,-0.11935826394567645,-0.11935826394567645,0.0,nan,nan,1.5699317268390283,1.5699317268390283
real_digits_aligned,box,6000,0.05,2.0,estimated_residual_lowp_supported,cui_selective_ml,estimated,xgboost,xgboost,if_residual,1.0,0.0|0.25|0.5|1.0,aipw_variance,-1.0,1.0,obsval,4.0,0.1,30,0.1,crossfit_rank_empty_standdown,1.0,4,50,4,5182.863833252341,-0.09264901842154322,-0.09264901842154322,-0.09264901842154322,0.0,7.25380302722988e-05,-7.980327234550155e-05,0.0,nan,0.0,reference,nan,nan,nan,nan,nan,logistic_l1,lasso,0.00026910701012181336,nan,nan,nan,nan,nan,nan,nan,0.0,0.12566666666666668,nan,0.0,0,39,nan,0.05172413793103448,0.0,0.0,0.0,-58.620758408438164,-58.620758408438164,0.0,nan,nan,1.532716727372481,1.532716727372481
real_digits_aligned,box,6000,0.05,2.0,estimated_residual_lowp_supported,cui_selective_ml,estimated,xgboost,xgboost,if_residual,1.0,0.0|0.25|0.5|1.0,aipw_variance,-1.0,1.0,obsval,4.0,0.1,30,0.1,crossfit_rank_empty_standdown,1.0,4,50,1,1362.9914288558066,-0.0855943425969442,-0.08336948770962416,-0.0855943425969442,0.002224854887320049,0.0002068962949452331,-0.00022679801256725746,0.0,nan,0.25,if_residual,nan,nan,nan,nan,nan,gradient_boosting,random_forest,0.00020881394434220238,nan,nan,nan,nan,nan,nan,nan,0.1,0.12016666666666667,0.7083333333333334,0.5894590846047156,97,37,0.16166666666666665,0.05131761442441054,-0.06242744687485208,-0.061369066544461975,0.0010583803303901018,-0.10963371123067404,-0.10784740253847573,0.001786308692198313,1.1619626301037227,1.1445834431337096,1.3891138139194394,1.3755063576794702
real_digits_aligned,box,6000,0.05,2.0,estimated_residual_lowp_supported,cui_selective_ml,estimated,xgboost,xgboost,if_residual,1.0,0.0|0.25|0.5|1.0,aipw_variance,-1.0,1.0,obsval,4.0,0.1,30,0.1,crossfit_rank_empty_standdown,1.0,4,50,2,2661.796585280448,-0.1263463786938141,-0.1263463786938141,-0.1263463786938141,0.0,0.00013235168365774625,-8.920772815964467e-05,0.0,nan,0.0,reference,nan,nan,nan,nan,nan,random_forest,lasso,0.00043573971268988615,nan,nan,nan,nan,nan,nan,nan,0.05,0.12733333333333333,0.79,0.3102094240837696,40,42,0.13333333333333333,0.0549738219895288,-0.03882748137509904,-0.03882748137509904,0.0,-0.1338054005531931,-0.1338054005531931,0.0,1.255020929491888,1.255020929491888,1.4539283392458862,1.4539283392458862
real_digits_aligned,box,6000,0.05,2.0,estimated_residual_lowp_supported,cui_selective_ml,estimated,xgboost,xgboost,if_residual,1.0,0.0|0.25|0.5|1.0,aipw_variance,-1.0,1.0,obsval,4.0,0.1,30,0.1,crossfit_rank_empty_standdown,1.0,4,50,3,3942.0601679114625,-0.14826337699517372,-0.14826337699517372,-0.14826337699517372,0.0,0.00014137371694106053,-0.0001451192610284767,0.0,nan,0.0,reference,nan,nan,nan,nan,nan,logistic_l1,lasso,0.0004864208023103507,nan,nan,nan,nan,nan,nan,nan,0.1,0.13933333333333334,0.7666666666666667,0.5502392344497608,76,32,0.12666666666666668,0.03827751196172249,0.12888750788978387,0.12888750788978387,0.0,0.28174571146408856,0.28174571146408856,0.0,1.2974017601225765,1.2974017601225765,1.497363438569814,1.497363438569814
real_digits_aligned,box,6000,0.05,2.0,estimated_residual_lowp_supported,cui_selective_ml,estimated,xgboost,xgboost,if_residual,1.0,0.0|0.25|0.5|1.0,aipw_variance,-1.0,1.0,obsval,4.0,0.1,30,0.1,crossfit_rank_empty_standdown,1.0,4,50,4,5192.625005038455,-0.057751360145393615,-0.057751360145393615,-0.057751360145393615,0.0,0.00020563651860710857,-0.00021253982761316212,0.0,nan,0.0,reference,nan,nan,nan,nan,nan,gradient_boosting,random_forest,0.00041221050197428325,nan,nan,nan,nan,nan,nan,nan,0.05,0.1285,0.7333333333333333,0.2853437094682231,37,38,0.12333333333333334,0.04928664072632944,-0.03170704993619715,-0.03170704993619715,0.0,-0.11666681950644082,-0.11666681950644082,0.0,1.1770580616789421,1.1770580616789421,1.3985312365569331,1.3985312365569331
real_digits_aligned,box,6000,0.05,2.0,estimated_residual_lowp_supported,cui_selective_ml,estimated,xgboost,xgboost,if_residual,1.0,0.0|0.25|0.5|1.0,aipw_variance,-1.0,1.0,obsval,4.0,0.1,30,0.1,crossfit_rank_empty_standdown,1.0,4,50,1,1296.1930465856567,-0.15927678068845885,-0.15927678068845885,-0.15927678068845885,0.0,0.00024196033574663844,-0.00017675613429696225,0.0,nan,0.0,reference,nan,nan,nan,nan,nan,gradient_boosting,lasso,0.0429703918099977,nan,nan,nan,nan,nan,nan,nan,0.05,0.13283333333333333,0.77,0.28983688833124216,36,37,0.12,0.04642409033877039,-0.033435217154407615,-0.033435217154407615,0.0,-0.12717397400805983,-0.12717397400805983,0.0,1.2589010561248422,1.2589010561248422,1.5291348343480777,1.5291348343480777
real_digits_aligned,box,6000,0.05,2.0,estimated_residual_lowp_supported,cui_selective_ml,estimated,xgboost,xgboost,if_residual,1.0,0.0|0.25|0.5|1.0,aipw_variance,-1.0,1.0,obsval,4.0,0.1,30,0.1,crossfit_rank_empty_standdown,1.0,4,50,2,2610.150209880434,-0.1363003609609823,-0.1363003609609823,-0.1363003609609823,0.0,0.00011434452338762377,-7.720289870959411e-05,0.0,nan,0.0,reference,nan,nan,nan,nan,nan,gradient_boosting,random_forest,1.1207159737165375,nan,nan,nan,nan,nan,nan,nan,0.05,0.12866666666666668,0.7266666666666667,0.2823834196891192,36,33,0.12,0.042746113989637305,-0.03175401830740529,-0.03175401830740529,0.0,-0.12523520369054375,-0.12523520369054375,0.0,1.1507975511998703,1.1507975511998703,1.420174977728347,1.420174977728347
real_digits_aligned,box,6000,0.05,2.0,estimated_residual_lowp_supported,cui_selective_ml,estimated,xgboost,xgboost,if_residual,1.0,0.0|0.25|0.5|1.0,aipw_variance,-1.0,1.0,obsval,4.0,0.1,30,0.1,crossfit_rank_empty_standdown,1.0,4,50,3,3901.691734447144,-0.11953170367949134,-0.11953170367949134,-0.11953170367949134,0.0,0.00012995043751281026,-8.611868994345614e-05,0.0,nan,0.0,reference,nan,nan,nan,nan,nan,random_forest,random_forest,2.715955255871442,nan,nan,nan,nan,nan,nan,nan,0.05,0.124,0.8266666666666667,0.3333333333333333,34,40,0.11333333333333333,0.053763440860215055,-0.039017200623195664,-0.039017200623195664,0.0,-0.13334250463668082,-0.13334250463668082,0.0,1.2760689591554901,1.2760689591554901,1.465146352920552,1.465146352920552
real_digits_aligned,box,6000,0.05,2.0,estimated_residual_lowp_supported,cui_selective_ml,estimated,xgboost,xgboost,if_residual,1.0,0.0|0.25|0.5|1.0,aipw_variance,-1.0,1.0,obsval,4.0,0.1,30,0.1,crossfit_rank_empty_standdown,1.0,4,50,4,5210.390988848172,-0.08212277518349836,-0.08212277518349836,-0.08212277518349836,0.0,0.0001472164078381139,-7.359863442462028e-05,0.0,nan,0.0,reference,nan,nan,nan,nan,nan,gradient_boosting,lasso,0.13083955897811456,nan,nan,nan,nan,nan,nan,nan,0.05,0.12783333333333333,0.7833333333333333,0.30638852672750977,39,48,0.13,0.06258148631029987,-0.030755339075528108,-0.030755339075528108,0.0,-0.11483864270973539,-0.11483864270973539,0.0,1.1984999559404204,1.1984999559404204,1.4084026254182418,1.4084026254182418
real_digits_aligned,box,6000,0.05,2.0,estimated_residual_lowp_supported,cui_selective_ml,estimated,xgboost,xgboost,if_residual,1.0,0.0|0.25|0.5|1.0,aipw_variance,-1.0,1.0,obsval,4.0,0.1,30,0.1,crossfit_rank_empty_standdown,1.0,4,50,1,1293.490620456636,-0.0936994473189453,-0.0936994473189453,-0.0936994473189453,0.0,0.00013931384856413027,-0.00013556467447543516,0.0,nan,0.0,reference,nan,nan,nan,nan,nan,logistic_l1,random_forest,0.0010262443559430096,nan,nan,nan,nan,nan,nan,nan,0.075,0.129,0.7555555555555555,0.4392764857881137,56,38,0.12444444444444444,0.04909560723514212,0.002480173113636166,0.002480173113636166,0.0,-0.05871184114386234,-0.05871184114386234,0.0,1.2260759848511635,1.2260759848511635,1.4433473330320505,1.4433473330320505
real_digits_aligned,box,6000,0.05,2.0,estimated_residual_lowp_supported,cui_selective_ml,estimated,xgboost,xgboost,if_residual,1.0,0.0|0.25|0.5|1.0,aipw_variance,-1.0,1.0,obsval,4.0,0.1,30,0.1,crossfit_rank_empty_standdown,1.0,4,50,2,2612.8862719126046,-0.11689183121595809,-0.11689183121595809,-0.11689183121595809,0.0,9.630544146802162e-05,-3.8321919066914385e-05,0.0,nan,0.0,reference,nan,nan,nan,nan,nan,random_forest,lasso,381.4601975670823,nan,nan,nan,nan,nan,nan,nan,0.0,0.1175,nan,0.0,0,28,nan,0.03971631205673759,0.0,0.0,0.0,-0.12287807611641322,-0.12287807611641322,0.0,nan,nan,1.527995852727469,1.527995852727469
real_digits_aligned,box,6000,0.05,2.0,estimated_residual_lowp_supported,cui_selective_ml,estimated,xgboost,xgboost,if_residual,1.0,0.0|0.25|0.5|1.0,aipw_variance,-1.0,1.0,obsval,4.0,0.1,30,0.1,crossfit_rank_empty_standdown,1.0,4,50,3,3885.9316652594134,-0.13608123365289387,-0.13608123365289387,-0.13608123365289387,0.0,0.00010897779686938483,-7.770090607695261e-05,0.0,nan,0.0,reference,nan,nan,nan,nan,nan,gradient_boosting,gradient_boosting,0.0014981454085034442,nan,nan,nan,nan,nan,nan,nan,0.05,0.12933333333333333,0.77,0.297680412371134,45,39,0.15,0.05025773195876289,-0.03235513105462687,-0.03235513105462687,0.0,-0.12042456829521378,-0.12042456829521378,0.0,1.2823189995093958,1.2823189995093958,1.5113689751013097,1.5113689751013097
real_digits_aligned,box,6000,0.05,2.0,estimated_residual_lowp_supported,cui_selective_ml,estimated,xgboost,xgboost,if_residual,1.0,0.0|0.25|0.5|1.0,aipw_variance,-1.0,1.0,obsval,4.0,0.1,30,0.1,crossfit_rank_empty_standdown,1.0,4,50,4,5173.946292803623,-0.1827925216292,-0.1827925216292,-0.1827925216292,0.0,0.00015244865414808044,-8.914913910932915e-05,0.0,nan,0.0,reference,nan,nan,nan,nan,nan,gradient_boosting,lasso,0.0019198942466222457,nan,nan,nan,nan,nan,nan,nan,0.1,0.13216666666666665,0.7233333333333334,0.5472887767969735,72,38,0.12,0.04791929382093316,-0.06682197788012346,-0.06682197788012346,0.0,-0.13763064635784514,-0.13763064635784514,0.0,1.4346902349633424,1.4346902349633424,1.680760053433304,1.680760053433304
real_digits_aligned,box,6000,0.05,2.0,estimated_residual_lowp_supported,cui_selective_ml,estimated,xgboost,xgboost,if_residual,1.0,0.0|0.25|0.5|1.0,aipw_variance,-1.0,1.0,obsval,4.0,0.1,30,0.1,crossfit_rank_empty_standdown,1.0,4,50,1,1315.8075887365267,-0.12791096265281027,-0.12791096265281027,-0.12791096265281027,0.0,0.00013460267443403027,-3.196170081940842e-06,0.0,nan,0.0,reference,nan,nan,nan,nan,nan,gradient_boosting,lasso,279739.679980051,nan,nan,nan,nan,nan,nan,nan,0.1,0.12533333333333332,0.7266666666666667,0.5797872340425532,69,31,0.115,0.041223404255319146,-0.06223502913945781,-0.06223502913945781,0.0,-0.11152161652723794,-0.11152161652723794,0.0,1.160263688618656,1.160263688618656,1.3823962729322061,1.3823962729322061
real_digits_aligned,box,6000,0.05,2.0,estimated_residual_lowp_supported,cui_selective_ml,estimated,xgboost,xgboost,if_residual,1.0,0.0|0.25|0.5|1.0,aipw_variance,-1.0,1.0,obsval,4.0,0.1,30,0.1,crossfit_rank_empty_standdown,1.0,4,50,2,2640.356073519215,-0.10153365218422994,-0.10153365218422994,-0.10153365218422994,0.0,0.00013032795483302847,-6.579275752326049e-05,0.0,nan,0.0,reference,nan,nan,nan,nan,nan,random_forest,random_forest,10.175557884420817,nan,nan,nan,nan,nan,nan,nan,0.075,0.13,0.7755555555555556,0.44743589743589746,54,44,0.12,0.05641025641025641,-0.05447269496117624,-0.05447269496117624,0.0,-0.1300338246692322,-0.1300338246692322,0.0,1.1599159706730233,1.1599159706730233,1.3618844658053642,1.3618844658053642
real_digits_aligned,box,6000,0.05,2.0,estimated_residual_lowp_supported,cui_selective_ml,estimated,xgboost,xgboost,if_residual,1.0,0.0|0.25|0.5|1.0,aipw_variance,-1.0,1.0,obsval,4.0,0.1,30,0.1,crossfit_rank_empty_standdown,1.0,4,50,3,3952.071659212932,-0.08950784546972268,-0.08950784546972268,-0.08950784546972268,0.0,0.00013921629586320997,-6.958613178144183e-05,0.0,nan,0.0,reference,nan,nan,nan,nan,nan,gradient_boosting,random_forest,0.0013715273955817162,nan,nan,nan,nan,nan,nan,nan,0.075,0.12683333333333333,0.7311111111111112,0.4323258869908016,59,38,0.13111111111111112,0.04993429697766097,-0.04389051488468716,-0.04389051488468716,0.0,-0.11137730670089319,-0.11137730670089319,0.0,1.120304596613415,1.120304596613415,1.366568387390711,1.366568387390711
real_digits_aligned,box,6000,0.05,2.0,estimated_residual_lowp_supported,cui_selective_ml,estimated,xgboost,xgboost,if_residual,1.0,0.0|0.25|0.5|1.0,aipw_variance,-1.0,1.0,obsval,4.0,0.1,30,0.1,crossfit_rank_empty_standdown,1.0,4,50,4,5237.145476932637,-0.11884028189243573,-0.12279832660396484,-0.11884028189243573,-0.003958044711529107,9.254425127510355e-05,-7.824303561488206e-05,0.0,nan,0.25,if_residual,nan,nan,nan,nan,nan,random_forest,lasso,0.00013772372315962574,nan,nan,nan,nan,nan,nan,nan,0.05,0.12033333333333333,0.8,0.33240997229916897,38,43,0.12666666666666668,0.05955678670360111,-0.036410757634233674,-0.035655087718763114,0.000755669915470561,-0.12630273467392858,-0.12639664844252085,-9.391376859227418e-05,1.215387961790008,1.2104864177536105,1.4249805153598138,1.4380651931681614
real_digits_aligned,box,6000,0.05,2.0,estimated_residual_lowp_supported,cui_selective_ml,estimated,xgboost,xgboost,if_residual,1.0,0.0|0.25|0.5|1.0,aipw_variance,-1.0,1.0,obsval,4.0,0.1,30,0.1,crossfit_rank_empty_standdown,1.0,4,50,1,1308.3644950734451,-0.14551016037225956,-0.14551016037225956,-0.14551016037225956,0.0,0.00013135667947524452,-3.945075325141102e-05,0.0,nan,0.0,reference,nan,nan,nan,nan,nan,gradient_boosting,gradient_boosting,0.0019360422049049895,nan,nan,nan,nan,nan,nan,nan,0.1,0.12733333333333333,0.7566666666666667,0.5942408376963351,65,29,0.10833333333333334,0.03795811518324607,-0.059971277893033734,-0.059971277893033734,0.0,-0.11336522615437104,-0.11336522615437104,0.0,1.2919591092482736,1.2919591092482736,1.5202785752336072,1.5202785752336072
real_digits_aligned,box,6000,0.05,2.0,estimated_residual_lowp_supported,cui_selective_ml,estimated,xgboost,xgboost,if_residual,1.0,0.0|0.25|0.5|1.0,aipw_variance,-1.0,1.0,obsval,4.0,0.1,30,0.1,crossfit_rank_empty_standdown,1.0,4,50,2,2625.4009893583134,-0.1592602644865922,-0.1592602644865922,-0.1592602644865922,0.0,4.5714876831341776e-05,-3.995376613172622e-05,0.0,nan,0.0,reference,nan,nan,nan,nan,nan,gradient_boosting,lasso,0.0004098311269282975,nan,nan,nan,nan,nan,nan,nan,0.1,0.13116666666666665,0.7266666666666667,0.554002541296061,77,40,0.12833333333333333,0.05082592121982211,-0.06652153488851127,-0.06652153488851127,0.0,-0.12551230776324107,-0.12551230776324107,0.0,1.230818987733368,1.230818987733368,1.4646056812305372,1.4646056812305372
real_digits_aligned,box,6000,0.05,2.0,estimated_residual_lowp_supported,cui_selective_ml,estimated,xgboost,xgboost,if_residual,1.0,0.0|0.25|0.5|1.0,aipw_variance,-1.0,1.0,obsval,4.0,0.1,30,0.1,crossfit_rank_empty_standdown,1.0,4,50,3,3924.1724460544065,-0.11498294645026602,-0.11498294645026602,-0.11498294645026602,0.0,8.521226210884145e-05,-4.483405794952224e-05,0.0,nan,0.0,reference,nan,nan,nan,nan,nan,gradient_boosting,random_forest,172952.5116960415,nan,nan,nan,nan,nan,nan,nan,0.1,0.12816666666666668,0.695,0.5422626788036411,97,36,0.16166666666666665,0.04681404421326398,-0.06384775851689217,-0.06384775851689217,0.0,-0.1260765724235686,-0.1260765724235686,0.0,1.1802279218768992,1.1802279218768992,1.437851274493584,1.437851274493584
real_digits_aligned,box,6000,0.05,2.0,estimated_residual_lowp_supported,cui_selective_ml,estimated,xgboost,xgboost,if_residual,1.0,0.0|0.25|0.5|1.0,aipw_variance,-1.0,1.0,obsval,4.0,0.1,30,0.1,crossfit_rank_empty_standdown,1.0,4,50,4,5210.38513487298,-0.13916967566846555,-0.13916967566846555,-0.13916967566846555,0.0,0.00011928163790311298,-0.00011342277323112026,0.0,nan,0.0,reference,nan,nan,nan,nan,nan,logistic_l1,random_forest,4.2288108965325524e-05,nan,nan,nan,nan,nan,nan,nan,0.1,0.132,0.6966666666666667,0.5277777777777778,83,48,0.13833333333333334,0.06060606060606061,0.05977325985613031,0.05977325985613031,0.0,-2.995475432334061,-2.995475432334061,0.0,1.1760532363286207,1.1760532363286207,1.4209339494314668,1.4209339494314668
real_digits_aligned,box,6000,0.05,2.0,estimated_residual_lowp_supported,cui_selective_ml,estimated,xgboost,xgboost,if_residual,1.0,0.0|0.25|0.5|1.0,aipw_variance,-1.0,1.0,obsval,4.0,0.1,30,0.1,crossfit_rank_empty_standdown,1.0,4,50,1,1325.024328570813,-0.07437147982093711,-0.07437147982093711,-0.07437147982093711,0.0,0.00018987972134438592,-0.00013211923493855536,0.0,nan,0.0,reference,nan,nan,nan,nan,nan,gradient_boosting,lasso,0.00014945938162137966,nan,nan,nan,nan,nan,nan,nan,0.05,0.13016666666666668,0.8166666666666667,0.31370038412291934,30,39,0.1,0.0499359795134443,-0.03214644255480927,-0.03214644255480927,0.0,-0.11009980111789114,-0.11009980111789114,0.0,1.1464910992853004,1.1464910992853004,1.3213376056553112,1.3213376056553112
real_digits_aligned,box,6000,0.05,2.0,estimated_residual_lowp_supported,cui_selective_ml,estimated,xgboost,xgboost,if_residual,1.0,0.0|0.25|0.5|1.0,aipw_variance,-1.0,1.0,obsval,4.0,0.1,30,0.1,crossfit_rank_empty_standdown,1.0,4,50,2,2625.9384069861844,-0.14584907263693542,-0.14584907263693542,-0.14584907263693542,0.0,6.50705110013264e-05,-7.874320921522375e-05,0.0,nan,0.0,reference,nan,nan,nan,nan,nan,gradient_boosting,lasso,0.008434324649271359,nan,nan,nan,nan,nan,nan,nan,0.1,0.1305,0.7083333333333334,0.5427841634738186,73,42,0.12166666666666667,0.05363984674329502,-0.0644682331467954,-0.0644682331467954,0.0,-0.12769935144966257,-0.12769935144966257,0.0,1.2894767262394362,1.2894767262394362,1.552069660173975,1.552069660173975
real_digits_aligned,box,6000,0.05,2.0,estimated_residual_lowp_supported,cui_selective_ml,estimated,xgboost,xgboost,if_residual,1.0,0.0|0.25|0.5|1.0,aipw_variance,-1.0,1.0,obsval,4.0,0.1,30,0.1,crossfit_rank_empty_standdown,1.0,4,50,3,3913.6506581930444,-0.12182409783593146,-0.12182409783593146,-0.12182409783593146,0.0,0.00013151443473585257,-0.0001244907977367633,0.0,nan,0.0,reference,nan,nan,nan,nan,nan,random_forest,random_forest,0.02548082046358135,nan,nan,nan,nan,nan,nan,nan,0.0,0.1305,nan,0.0,0,39,nan,0.04980842911877394,0.0,0.0,0.0,-0.1374797176185735,-0.1374797176185735,0.0,nan,nan,1.4194665842289405,1.4194665842289405
real_digits_aligned,box,6000,0.05,2.0,estimated_residual_lowp_supported,cui_selective_ml,estimated,xgboost,xgboost,if_residual,1.0,0.0|0.25|0.5|1.0,aipw_variance,-1.0,1.0,obsval,4.0,0.1,30,0.1,crossfit_rank_empty_standdown,1.0,4,50,4,5217.752304203808,-0.133489024516926,-0.133489024516926,-0.133489024516926,0.0,0.00018351077848755763,-8.399633518426936e-05,0.0,nan,0.0,reference,nan,nan,nan,nan,nan,gradient_boosting,random_forest,0.0014910492758588106,nan,nan,nan,nan,nan,nan,nan,0.0,0.1345,nan,0.0,0,37,nan,0.04584882280049566,0.0,0.0,0.0,-0.12500358500352404,-0.12500358500352404,0.0,nan,nan,1.4405243885978452,1.4405243885978452
real_digits_aligned,box,6000,0.05,2.0,estimated_residual_lowp_supported,cui_selective_ml,estimated,xgboost,xgboost,if_residual,1.0,0.0|0.25|0.5|1.0,aipw_variance,-1.0,1.0,obsval,4.0,0.1,30,0.1,crossfit_rank_empty_standdown,1.0,4,50,1,1325.1831141868606,0.8181298197170823,0.8181298197170823,0.8181298197170823,0.0,0.00013777967337841833,-9.327940596915276e-05,0.0,nan,0.0,reference,nan,nan,nan,nan,nan,logistic_l1,lasso,1.6974737457702158,nan,nan,nan,nan,nan,nan,nan,0.05,0.12783333333333333,0.83,0.3246414602346806,39,45,0.13,0.05867014341590613,-12.516213583479274,-12.516213583479274,0.0,-12.708649797031187,-12.708649797031187,0.0,1.2349821889846422,1.2349821889846422,1.399615338552683,1.399615338552683
real_digits_aligned,box,6000,0.05,2.0,estimated_residual_lowp_supported,cui_selective_ml,estimated,xgboost,xgboost,if_residual,1.0,0.0|0.25|0.5|1.0,aipw_variance,-1.0,1.0,obsval,4.0,0.1,30,0.1,crossfit_rank_empty_standdown,1.0,4,50,2,2641.192388419062,-0.11765107148564141,-0.11765107148564141,-0.11765107148564141,0.0,0.00012009895818425613,-9.828267555227812e-05,0.0,nan,0.0,reference,nan,nan,nan,nan,nan,gradient_boosting,random_forest,0.8610348948738317,nan,nan,nan,nan,nan,nan,nan,0.0,0.11866666666666667,nan,0.0,0,32,nan,0.0449438202247191,0.0,0.0,0.0,-0.11325626993134244,-0.11325626993134244,0.0,nan,nan,1.4727680075535337,1.4727680075535337
real_digits_aligned,box,6000,0.05,2.0,estimated_residual_lowp_supported,cui_selective_ml,estimated,xgboost,xgboost,if_residual,1.0,0.0|0.25|0.5|1.0,aipw_variance,-1.0,1.0,obsval,4.0,0.1,30,0.1,crossfit_rank_empty_standdown,1.0,4,50,3,3935.075868686661,-0.14234111930796323,-0.14234111930796323,-0.14234111930796323,0.0,0.00018057999319388526,-0.00020131297294837344,0.0,nan,0.0,reference,nan,nan,nan,nan,nan,random_forest,random_forest,255.78382388589802,nan,nan,nan,nan,nan,nan,nan,0.075,0.13016666666666668,0.7911111111111111,0.4558258642765685,52,33,0.11555555555555555,0.04225352112676056,-0.05243867077187347,-0.05243867077187347,0.0,-0.13085319296105832,-0.13085319296105832,0.0,1.2173827407573532,1.2173827407573532,1.4193436224909537,1.4193436224909537
real_digits_aligned,box,6000,0.05,2.0,estimated_residual_lowp_supported,cui_selective_ml,estimated,xgboost,xgboost,if_residual,1.0,0.0|0.25|0.5|1.0,aipw_variance,-1.0,1.0,obsval,4.0,0.1,30,0.1,crossfit_rank_empty_standdown,1.0,4,50,4,5201.120103763416,-0.11730262761130422,-0.11730262761130422,-0.11730262761130422,0.0,0.00012016208748832479,-7.980519887078883e-05,0.0,nan,0.0,reference,nan,nan,nan,nan,nan,gradient_boosting,lasso,2930.76422586596,nan,nan,nan,nan,nan,nan,nan,0.0,0.13066666666666665,nan,0.0,0,36,nan,0.04591836734693878,0.0,0.0,0.0,-0.1187153738946275,-0.1187153738946275,0.0,nan,nan,1.5100512853933985,1.5100512853933985
real_digits_aligned,box,6000,0.05,2.0,estimated_residual_lowp_supported,cui_selective_ml,estimated,xgboost,xgboost,if_residual,1.0,0.0|0.25|0.5|1.0,aipw_variance,-1.0,1.0,obsval,4.0,0.1,30,0.1,crossfit_rank_empty_standdown,1.0,4,50,1,1289.77633579541,-0.1797758294133751,-0.1797758294133751,-0.1797758294133751,0.0,0.00012018783273430545,-0.00010026398452752294,0.0,nan,0.0,reference,nan,nan,nan,nan,nan,gradient_boosting,lasso,0.6389257989279137,nan,nan,nan,nan,nan,nan,nan,0.0,0.125,nan,0.0,0,33,nan,0.044,0.0,0.0,0.0,-0.13270735559635102,-0.13270735559635102,0.0,nan,nan,1.6296343927360504,1.6296343927360504
real_digits_aligned,box,6000,0.05,2.0,estimated_residual_lowp_supported,cui_selective_ml,estimated,xgboost,xgboost,if_residual,1.0,0.0|0.25|0.5|1.0,aipw_variance,-1.0,1.0,obsval,4.0,0.1,30,0.1,crossfit_rank_empty_standdown,1.0,4,50,2,2564.369068592787,-0.08430999159153285,-0.07862147878984455,-0.08430999159153285,0.005688512801688306,0.0001695061575479578,-0.00019804125122350818,0.0,nan,0.25,if_residual,nan,nan,nan,nan,nan,gradient_boosting,lasso,16.8390049585913,nan,nan,nan,nan,nan,nan,nan,0.1,0.1285,0.6866666666666666,0.5343709468223087,94,45,0.15666666666666668,0.058365758754863814,-0.058437846006886826,-0.05546619458689951,0.0029716514199873145,-0.11588873676567774,-0.11087020558959557,0.005018531176082169,1.1585711884483287,1.0958645908334461,1.4210826468576803,1.366626504962597
real_digits_aligned,box,6000,0.05,2.0,estimated_residual_lowp_supported,cui_selective_ml,estimated,xgboost,xgboost,if_residual,1.0,0.0|0.25|0.5|1.0,aipw_variance,-1.0,1.0,obsval,4.0,0.1,30,0.1,crossfit_rank_empty_standdown,1.0,4,50,3,3837.956803944893,-0.12664749744510884,-0.12664749744510884,-0.12664749744510884,0.0,0.00020978867856219984,-0.00015460708291433687,0.0,nan,0.0,reference,nan,nan,nan,nan,nan,gradient_boosting,random_forest,0.0012546377851555132,nan,nan,nan,nan,nan,nan,nan,0.0,0.12316666666666666,nan,0.0,0,28,nan,0.037889039242219216,0.0,0.0,0.0,-0.10343432377738485,-0.10343432377738485,0.0,nan,nan,1.4762708593008012,1.4762708593008012
real_digits_aligned,box,6000,0.05,2.0,estimated_residual_lowp_supported,cui_selective_ml,estimated,xgboost,xgboost,if_residual,1.0,0.0|0.25|0.5|1.0,aipw_variance,-1.0,1.0,obsval,4.0,0.1,30,0.1,crossfit_rank_empty_standdown,1.0,4,50,4,5097.31932084728,-0.13390674386531792,-0.13390674386531792,-0.13390674386531792,0.0,0.00013057365686652736,-7.864011021837012e-05,0.0,nan,0.0,reference,nan,nan,nan,nan,nan,random_forest,lasso,0.10939841646411985,nan,nan,nan,nan,nan,nan,nan,0.0,0.1265,nan,0.0,0,46,nan,0.06060606060606061,0.0,0.0,0.0,-0.1377689167970484,-0.1377689167970484,0.0,nan,nan,1.5004462440204878,1.5004462440204878
real_digits_aligned,box,6000,0.05,2.0,estimated_residual_lowp_supported,cui_selective_ml,estimated,xgboost,xgboost,if_residual,1.0,0.0|0.25|0.5|1.0,aipw_variance,-1.0,1.0,obsval,4.0,0.1,30,0.1,crossfit_rank_empty_standdown,1.0,4,50,1,1263.3122307024896,-0.09456963108031352,-0.09456963108031352,-0.09456963108031352,0.0,0.00010596278365053197,-8.290005192253719e-05,0.0,nan,0.0,reference,nan,nan,nan,nan,nan,random_forest,random_forest,289312.73657921946,nan,nan,nan,nan,nan,nan,nan,0.05,0.1285,0.7566666666666667,0.29442282749675747,42,38,0.14,0.04928664072632944,-0.03462164751629737,-0.03462164751629737,0.0,-0.13112879913234451,-0.13112879913234451,0.0,1.1643171573629199,1.1643171573629199,1.398994237505053,1.398994237505053
real_digits_aligned,box,6000,0.05,2.0,estimated_residual_lowp_supported,cui_selective_ml,estimated,xgboost,xgboost,if_residual,1.0,0.0|0.25|0.5|1.0,aipw_variance,-1.0,1.0,obsval,4.0,0.1,30,0.1,crossfit_rank_empty_standdown,1.0,4,50,2,2549.6751421187073,-0.09748174878672217,-0.09748174878672217,-0.09748174878672217,0.0,0.00017334107535219977,-6.453714371885434e-05,0.0,nan,0.0,reference,nan,nan,nan,nan,nan,gradient_boosting,lasso,0.0032320602919684856,nan,nan,nan,nan,nan,nan,nan,0.1,0.12416666666666666,0.705,0.5677852348993289,83,42,0.13833333333333334,0.056375838926174496,-0.061152477824345214,-0.061152477824345214,0.0,-0.11373789919444059,-0.11373789919444059,0.0,1.2175542372785944,1.2175542372785944,1.4492352510354094,1.4492352510354094
real_digits_aligned,box,6000,0.05,2.0,estimated_residual_lowp_supported,cui_selective_ml,estimated,xgboost,xgboost,if_residual,1.0,0.0|0.25|0.5|1.0,aipw_variance,-1.0,1.0,obsval,4.0,0.1,30,0.1,crossfit_rank_empty_standdown,1.0,4,50,3,3858.6206076359376,-0.110615086461754,-0.110615086461754,-0.110615086461754,0.0,0.00013774936121283715,-5.5480360937297524e-05,0.0,nan,0.0,reference,nan,nan,nan,nan,nan,gradient_boosting,random_forest,2.4049754380564767,nan,nan,nan,nan,nan,nan,nan,0.075,0.12883333333333333,0.7844444444444445,0.45666235446313064,50,33,0.1111111111111111,0.042690815006468305,-0.04424932711178843,-0.04424932711178843,0.0,-0.1111073060061874,-0.1111073060061874,0.0,1.1784503129157091,1.1784503129157091,1.3806794452422892,1.3806794452422892
real_digits_aligned,box,6000,0.05,2.0,estimated_residual_lowp_supported,cui_selective_ml,estimated,xgboost,xgboost,if_residual,1.0,0.0|0.25|0.5|1.0,aipw_variance,-1.0,1.0,obsval,4.0,0.1,30,0.1,crossfit_rank_empty_standdown,1.0,4,50,4,5119.388212989084,-0.1464413302732263,-0.1464413302732263,-0.1464413302732263,0.0,0.00012613406927733015,-0.00016127797927755502,0.0,nan,0.0,reference,nan,nan,nan,nan,nan,gradient_boosting,random_forest,0.26341082865850585,nan,nan,nan,nan,nan,nan,nan,0.075,0.13033333333333333,0.7444444444444445,0.42838874680306904,63,33,0.14,0.04219948849104859,-0.04896802760016954,-0.04896802760016954,0.0,-0.12191460877167246,-0.12191460877167246,0.0,1.269011233976586,1.269011233976586,1.4890690201570247,1.4890690201570247
real_digits_aligned,box,6000,0.05,2.0,estimated_residual_lowp_supported,cui_selective_ml,estimated,xgboost,xgboost,if_residual,1.0,0.0|0.25|0.5|1.0,aipw_variance,-1.0,1.0,obsval,4.0,0.1,30,0.1,crossfit_rank_empty_standdown,1.0,4,50,1,1328.5046129366383,-0.09300169225422222,-0.09300169225422222,-0.09300169225422222,0.0,0.0001543415714384338,-0.00011416235807604886,0.0,nan,0.0,reference,nan,nan,nan,nan,nan,gradient_boosting,lasso,0.00026104584163236786,nan,nan,nan,nan,nan,nan,nan,0.1,0.11516666666666667,0.7266666666666667,0.6309696092619392,69,27,0.115,0.03907380607814761,-0.06334545805269096,-0.06334545805269096,0.0,-0.10510042306103323,-0.10510042306103323,0.0,1.2106140646703394,1.2106140646703394,1.429927178810409,1.429927178810409
real_digits_aligned,box,6000,0.05,2.0,estimated_residual_lowp_supported,cui_selective_ml,estimated,xgboost,xgboost,if_residual,1.0,0.0|0.25|0.5|1.0,aipw_variance,-1.0,1.0,obsval,4.0,0.1,30,0.1,crossfit_rank_empty_standdown,1.0,4,50,2,2600.0994807472453,-0.14885317314421298,-0.14885317314421298,-0.14885317314421298,0.0,0.00015271829919180982,-3.6114348873921465e-05,0.0,nan,0.0,reference,nan,nan,nan,nan,nan,gradient_boosting,lasso,0.17736053069220467,nan,nan,nan,nan,nan,nan,nan,0.075,0.1295,0.7911111111111111,0.45817245817245816,54,30,0.12,0.03861003861003861,-0.04947214564497731,-0.04947214564497731,0.0,-0.12309728500835794,-0.12309728500835794,0.0,1.3150095509634299,1.3150095509634299,1.5184731487863454,1.5184731487863454
real_digits_aligned,box,6000,0.05,2.0,estimated_residual_lowp_supported,cui_selective_ml,estimated,xgboost,xgboost,if_residual,1.0,0.0|0.25|0.5|1.0,aipw_variance,-1.0,1.0,obsval,4.0,0.1,30,0.1,crossfit_rank_empty_standdown,1.0,4,50,3,3877.8678616052493,-0.11921921121207851,-0.11921921121207851,-0.11921921121207851,0.0,0.00012955009834708132,-7.207624859446665e-05,0.0,nan,0.0,reference,nan,nan,nan,nan,nan,logistic_l1,lasso,0.0007881580442642777,nan,nan,nan,nan,nan,nan,nan,0.05,0.118,0.6966666666666667,0.2951977401129944,51,32,0.17,0.04519774011299435,-3.2139568943117944,-3.2139568943117944,0.0,-131.86194609498614,-131.86194609498614,0.0,1.2901135566790525,1.2901135566790525,1.5649601199178607,1.5649601199178607
real_digits_aligned,box,6000,0.05,2.0,estimated_residual_lowp_supported,cui_selective_ml,estimated,xgboost,xgboost,if_residual,1.0,0.0|0.25|0.5|1.0,aipw_variance,-1.0,1.0,obsval,4.0,0.1,30,0.1,crossfit_rank_empty_standdown,1.0,4,50,4,5165.195571922697,-0.09800539188266144,-0.09800539188266144,-0.09800539188266144,0.0,0.00012543549182888005,-0.00016698636830389502,0.0,nan,0.0,reference,nan,nan,nan,nan,nan,gradient_boosting,lasso,0.0001484247474753901,nan,nan,nan,nan,nan,nan,nan,0.05,0.1325,0.8166666666666667,0.3081761006289308,35,42,0.11666666666666667,0.052830188679245285,-0.03543618989289835,-0.03543618989289835,0.0,-0.12008848309067581,-0.12008848309067581,0.0,1.2761882799652637,1.2761882799652637,1.5138650344851767,1.5138650344851767
real_digits_aligned,box,6000,0.05,2.0,estimated_residual_lowp_supported,cui_selective_ml,estimated,xgboost,xgboost,if_residual,1.0,0.0|0.25|0.5|1.0,aipw_variance,-1.0,1.0,obsval,4.0,0.1,30,0.1,crossfit_rank_empty_standdown,1.0,4,50,1,1302.0471621118486,-0.10058188133978557,-0.10058188133978557,-0.10058188133978557,0.0,8.702090304869999e-05,-8.967372064287227e-05,0.0,nan,0.0,reference,nan,nan,nan,nan,nan,random_forest,random_forest,0.0011433449060830965,nan,nan,nan,nan,nan,nan,nan,0.1,0.12666666666666668,0.7166666666666667,0.5657894736842105,75,30,0.125,0.039473684210526314,-0.06867022807897515,-0.06867022807897515,0.0,-0.1315318457140077,-0.1315318457140077,0.0,1.2242268795401678,1.2242268795401678,1.4672757676022719,1.4672757676022719
real_digits_aligned,box,6000,0.05,2.0,estimated_residual_lowp_supported,cui_selective_ml,estimated,xgboost,xgboost,if_residual,1.0,0.0|0.25|0.5|1.0,aipw_variance,-1.0,1.0,obsval,4.0,0.1,30,0.1,crossfit_rank_empty_standdown,1.0,4,50,2,2596.526607045904,-0.1496927419278799,-0.1496927419278799,-0.1496927419278799,0.0,0.00024413911296414432,-0.00019511813570055473,0.0,nan,0.0,reference,nan,nan,nan,nan,nan,gradient_boosting,lasso,0.0007552128400902966,nan,nan,nan,nan,nan,nan,nan,0.1,0.12366666666666666,0.6866666666666666,0.555256064690027,92,41,0.15333333333333332,0.05525606469002695,-0.06572771866177927,-0.06572771866177927,0.0,-0.12200900826078004,-0.12200900826078004,0.0,1.2195115762077906,1.2195115762077906,1.495071593897716,1.495071593897716
real_digits_aligned,box,6000,0.05,2.0,estimated_residual_lowp_supported,cui_selective_ml,estimated,xgboost,xgboost,if_residual,1.0,0.0|0.25|0.5|1.0,aipw_variance,-1.0,1.0,obsval,4.0,0.1,30,0.1,crossfit_rank_empty_standdown,1.0,4,50,3,3866.657467053272,-0.1308461726888408,-0.1308461726888408,-0.1308461726888408,0.0,0.00015137789618472122,-0.0001182865241113961,0.0,nan,0.0,reference,nan,nan,nan,nan,nan,gradient_boosting,random_forest,3.603631999802981,nan,nan,nan,nan,nan,nan,nan,0.1,0.12583333333333332,0.7266666666666667,0.5774834437086093,96,37,0.16,0.04900662251655629,-0.06545576427081332,-0.06545576427081332,0.0,-0.12055809170684523,-0.12055809170684523,0.0,1.2123463815491367,1.2123463815491367,1.452916791819606,1.452916791819606
real_digits_aligned,box,6000,0.05,2.0,estimated_residual_lowp_supported,cui_selective_ml,estimated,xgboost,xgboost,if_residual,1.0,0.0|0.25|0.5|1.0,aipw_variance,-1.0,1.0,obsval,4.0,0.1,30,0.1,crossfit_rank_empty_standdown,1.0,4,50,4,5150.41863651108,-0.12254364581376781,-0.12254364581376781,-0.12254364581376781,0.0,0.00014515858746115356,-0.00011586816048940999,0.0,nan,0.0,reference,nan,nan,nan,nan,nan,random_forest,lasso,0.003848019632792511,nan,nan,nan,nan,nan,nan,nan,0.05,0.1295,0.8,0.3088803088803089,42,49,0.14,0.06306306306306306,-0.034351720392433206,-0.034351720392433206,0.0,-0.1315304546549257,-0.1315304546549257,0.0,1.2290143480274704,1.2290143480274704,1.440496996092755,1.440496996092755
real_digits_aligned,box,6000,0.05,2.0,estimated_residual_lowp_supported,cui_selective_ml,estimated,xgboost,xgboost,if_residual,1.0,0.0|0.25|0.5|1.0,aipw_variance,-1.0,1.0,obsval,4.0,0.1,30,0.1,crossfit_rank_empty_standdown,1.0,4,50,1,1316.0827700924128,-0.11719573257804017,-0.11719573257804017,-0.11719573257804017,0.0,0.00010030115235100281,-7.885999404005244e-05,0.0,nan,0.0,reference,nan,nan,nan,nan,nan,random_forest,lasso,468.51915796411623,nan,nan,nan,nan,nan,nan,nan,0.1,0.12066666666666667,0.735,0.6091160220994475,82,38,0.13666666666666666,0.052486187845303865,-0.06960658689939304,-0.06960658689939304,0.0,-0.12133904157221738,-0.12133904157221738,0.0,1.1857730747633166,1.1857730747633166,1.4006162223218162,1.4006162223218162
real_digits_aligned,box,6000,0.05,2.0,estimated_residual_lowp_supported,cui_selective_ml,estimated,xgboost,xgboost,if_residual,1.0,0.0|0.25|0.5|1.0,aipw_variance,-1.0,1.0,obsval,4.0,0.1,30,0.1,crossfit_rank_empty_standdown,1.0,4,50,2,2591.4665196370333,-0.11239162196184355,-0.11239162196184355,-0.11239162196184355,0.0,0.00016692647204831262,-2.9683209853976827e-05,0.0,nan,0.0,reference,nan,nan,nan,nan,nan,gradient_boosting,random_forest,0.034818998626515774,nan,nan,nan,nan,nan,nan,nan,0.1,0.13483333333333333,0.7383333333333333,0.5475896168108776,70,42,0.11666666666666667,0.0519159456118665,-0.06198556802637527,-0.06198556802637527,0.0,-0.11937506713335642,-0.11937506713335642,0.0,1.1881900144670199,1.1881900144670199,1.404549301471793,1.404549301471793
real_digits_aligned,box,6000,0.05,2.0,estimated_residual_lowp_supported,cui_selective_ml,estimated,xgboost,xgboost,if_residual,1.0,0.0|0.25|0.5|1.0,aipw_variance,-1.0,1.0,obsval,4.0,0.1,30,0.1,crossfit_rank_empty_standdown,1.0,4,50,3,3867.656342764385,-0.11886795105685727,-0.11886795105685727,-0.11886795105685727,0.0,0.00010796406150323859,-1.7316645733352987e-05,0.0,nan,0.0,reference,nan,nan,nan,nan,nan,gradient_boosting,random_forest,67110.25647682806,nan,nan,nan,nan,nan,nan,nan,0.1,0.13033333333333333,0.7216666666666667,0.5537084398976982,61,39,0.10166666666666667,0.049872122762148335,-0.05958138105906669,-0.05958138105906669,0.0,-0.11319264826130765,-0.11319264826130765,0.0,1.1887110601345519,1.1887110601345519,1.4200033188523995,1.4200033188523995
real_digits_aligned,box,6000,0.05,2.0,estimated_residual_lowp_supported,cui_selective_ml,estimated,xgboost,xgboost,if_residual,1.0,0.0|0.25|0.5|1.0,aipw_variance,-1.0,1.0,obsval,4.0,0.1,30,0.1,crossfit_rank_empty_standdown,1.0,4,50,4,5134.440400062129,-0.12530361419742253,-0.12530361419742253,-0.12530361419742253,0.0,0.0013644840322297848,-0.0011180046798103178,0.0,nan,0.0,reference,nan,nan,nan,nan,nan,gradient_boosting,lasso,0.004377073840926478,nan,nan,nan,nan,nan,nan,nan,0.1,0.12766666666666668,0.7183333333333334,0.5626631853785901,91,45,0.15166666666666667,0.0587467362924282,-0.064094985199037,-0.064094985199037,0.0,-0.12300257464604947,-0.12300257464604947,0.0,1.2838057218352097,1.2838057218352097,1.5179804211708292,1.5179804211708292
real_digits_aligned,box,6000,0.05,2.0,estimated_residual_lowp_supported,cui_selective_ml,estimated,xgboost,xgboost,if_residual,1.0,0.0|0.25|0.5|1.0,aipw_variance,-1.0,1.0,obsval,4.0,0.1,30,0.1,crossfit_rank_empty_standdown,1.0,4,50,1,1290.397656681016,-0.09649164686990869,-0.09649164686990869,-0.09649164686990869,0.0,0.0001071336133861621,-3.8392239855786865e-05,0.0,nan,0.0,reference,nan,nan,nan,nan,nan,gradient_boosting,random_forest,0.006584887843906101,nan,nan,nan,nan,nan,nan,nan,0.075,0.13033333333333333,0.7422222222222222,0.42710997442455245,68,43,0.1511111111111111,0.054987212276214836,-0.04809461166979391,-0.04809461166979391,0.0,-0.12207763690897419,-0.12207763690897419,0.0,1.2057036099763272,1.2057036099763272,1.4305043596761817,1.4305043596761817
real_digits_aligned,box,6000,0.05,2.0,estimated_residual_lowp_supported,cui_selective_ml,estimated,xgboost,xgboost,if_residual,1.0,0.0|0.25|0.5|1.0,aipw_variance,-1.0,1.0,obsval,4.0,0.1,30,0.1,crossfit_rank_empty_standdown,1.0,4,50,2,2601.088805535808,-0.1377760979611392,-0.1377760979611392,-0.1377760979611392,0.0,0.00013991420108611964,-8.14258500222274e-05,0.0,nan,0.0,reference,nan,nan,nan,nan,nan,gradient_boosting,gradient_boosting,4769.878361905568,nan,nan,nan,nan,nan,nan,nan,0.05,0.11866666666666667,0.7333333333333333,0.3089887640449438,43,36,0.14333333333333334,0.05056179775280899,-0.03129297128503852,-0.03129297128503852,0.0,-0.11214209217445985,-0.11214209217445985,0.0,1.2172815198420537,1.2172815198420537,1.4996340477615309,1.4996340477615309
real_digits_aligned,box,6000,0.05,2.0,estimated_residual_lowp_supported,cui_selective_ml,estimated,xgboost,xgboost,if_residual,1.0,0.0|0.25|0.5|1.0,aipw_variance,-1.0,1.0,obsval,4.0,0.1,30,0.1,crossfit_rank_empty_standdown,1.0,4,50,3,3864.768075659871,-0.12989444567319258,-0.12989444567319258,-0.12989444567319258,0.0,0.00010888477231826713,-6.750133351866806e-05,0.0,nan,0.0,reference,nan,nan,nan,nan,nan,logistic_l1,lasso,0.0001303967810058208,nan,nan,nan,nan,nan,nan,nan,0.1,0.12933333333333333,0.77,0.595360824742268,75,36,0.125,0.04639175257731959,0.17055982482946555,0.17055982482946555,0.0,0.13867202629126,0.13867202629126,0.0,1.2645986842881214,1.2645986842881214,1.4497408870442523,1.4497408870442523
real_digits_aligned,box,6000,0.05,2.0,estimated_residual_lowp_supported,cui_selective_ml,estimated,xgboost,xgboost,if_residual,1.0,0.0|0.25|0.5|1.0,aipw_variance,-1.0,1.0,obsval,4.0,0.1,30,0.1,crossfit_rank_empty_standdown,1.0,4,50,4,5136.2932595340535,-0.11503680127700128,-0.11503680127700128,-0.11503680127700128,0.0,0.00014300627757773336,-7.600234439631088e-05,0.0,nan,0.0,reference,nan,nan,nan,nan,nan,gradient_boosting,random_forest,0.00039918410445610047,nan,nan,nan,nan,nan,nan,nan,0.1,0.127,0.7183333333333334,0.5656167979002624,81,31,0.135,0.04068241469816273,-0.05426619938596487,-0.05426619938596487,0.0,-0.10563483506507788,-0.10563483506507788,0.0,1.2273931432203196,1.2273931432203196,1.448697324130743,1.448697324130743
real_digits_aligned,box,6000,0.05,2.0,estimated_residual_lowp_supported,cui_selective_ml,estimated,xgboost,xgboost,if_residual,1.0,0.0|0.25|0.5|1.0,aipw_variance,-1.0,1.0,obsval,4.0,0.1,30,0.1,crossfit_rank_empty_standdown,1.0,4,50,1,1299.0354348588735,-0.11177745072388745,-0.11177745072388745,-0.11177745072388745,0.0,0.000438272836737477,-0.00047640619205207473,0.0,nan,0.0,reference,nan,nan,nan,nan,nan,gradient_boosting,random_forest,0.0009897399624398209,nan,nan,nan,nan,nan,nan,nan,0.0,0.12866666666666668,nan,0.0,0,46,nan,0.05958549222797927,0.0,0.0,0.0,-0.12131230347585673,-0.12131230347585673,0.0,nan,nan,1.4345797349853928,1.4345797349853928
real_digits_aligned,box,6000,0.05,2.0,estimated_residual_lowp_supported,cui_selective_ml,estimated,xgboost,xgboost,if_residual,1.0,0.0|0.25|0.5|1.0,aipw_variance,-1.0,1.0,obsval,4.0,0.1,30,0.1,crossfit_rank_empty_standdown,1.0,4,50,2,2575.9881304576993,-0.08460733438178192,-0.08762576681187473,-0.08460733438178192,-0.00301843243009281,0.0002615854343659079,-8.152109684029135e-05,0.0,nan,0.25,if_residual,nan,nan,nan,nan,nan,logistic_l1,lasso,0.0009885950542981494,nan,nan,nan,nan,nan,nan,nan,0.1,0.12783333333333333,0.6883333333333334,0.5384615384615384,98,51,0.16333333333333333,0.06649282920469361,3.929996888915797,5.863695311831438,-1.9336984229156409,4.205851369704671,6.180666357170558,-1.9748149874658862,1.1860100728495666,1.1765397185139057,1.5110741147810196,1.5088327780615434
real_digits_aligned,box,6000,0.05,2.0,estimated_residual_lowp_supported,cui_selective_ml,estimated,xgboost,xgboost,if_residual,1.0,0.0|0.25|0.5|1.0,aipw_variance,-1.0,1.0,obsval,4.0,0.1,30,0.1,crossfit_rank_empty_standdown,1.0,4,50,3,3850.6209565224126,-0.08935108963695121,-0.08935108963695121,-0.08935108963695121,0.0,0.0002067282556334519,-4.4799302586469325e-05,0.0,nan,0.0,reference,nan,nan,nan,nan,nan,logistic_l1,lasso,0.0002068574003038823,nan,nan,nan,nan,nan,nan,nan,0.075,0.1315,0.7422222222222222,0.4233206590621039,50,35,0.1111111111111111,0.044359949302915085,0.6479180113262354,0.6479180113262354,0.0,-4.1114809765004905,-4.1114809765004905,0.0,1.1507732733259495,1.1507732733259495,1.3829198908230949,1.3829198908230949
real_digits_aligned,box,6000,0.05,2.0,estimated_residual_lowp_supported,cui_selective_ml,estimated,xgboost,xgboost,if_residual,1.0,0.0|0.25|0.5|1.0,aipw_variance,-1.0,1.0,obsval,4.0,0.1,30,0.1,crossfit_rank_empty_standdown,1.0,4,50,4,5120.948068893515,-0.10783763009304631,-0.10783763009304631,-0.10783763009304631,0.0,0.00011234310047559181,-7.966170388757981e-05,0.0,nan,0.0,reference,nan,nan,nan,nan,nan,gradient_boosting,gradient_boosting,0.2882134644346198,nan,nan,nan,nan,nan,nan,nan,0.075,0.1205,0.68,0.42323651452282157,73,39,0.1622222222222222,0.05394190871369295,-0.04368489368216072,-0.04368489368216072,0.0,-0.11090090570725485,-0.11090090570725485,0.0,1.1937751425321697,1.1937751425321697,1.4701622972923407,1.4701622972923407
real_digits_aligned,box,6000,0.05,2.0,estimated_residual_lowp_supported,cui_selective_ml,estimated,xgboost,xgboost,if_residual,1.0,0.0|0.25|0.5|1.0,aipw_variance,-1.0,1.0,obsval,4.0,0.1,30,0.1,crossfit_rank_empty_standdown,1.0,4,50,1,1302.4586308505386,-0.18589344264296065,-0.18589344264296065,-0.18589344264296065,0.0,0.00012697390813681602,-0.00013470579305708912,0.0,nan,0.0,reference,nan,nan,nan,nan,nan,gradient_boosting,random_forest,0.0018707900296262383,nan,nan,nan,nan,nan,nan,nan,0.05,0.12716666666666668,0.83,0.32634338138925295,36,29,0.12,0.03800786369593709,-0.03216319725273552,-0.03216319725273552,0.0,-0.12103594283074377,-0.12103594283074377,0.0,1.312109449234304,1.312109449234304,1.511283336820311,1.511283336820311
real_digits_aligned,box,6000,0.05,2.0,estimated_residual_lowp_supported,cui_selective_ml,estimated,xgboost,xgboost,if_residual,1.0,0.0|0.25|0.5|1.0,aipw_variance,-1.0,1.0,obsval,4.0,0.1,30,0.1,crossfit_rank_empty_standdown,1.0,4,50,2,2591.491764620878,-0.11417067404369186,-0.11417067404369186,-0.11417067404369186,0.0,7.41172602697147e-05,-6.914540939857879e-05,0.0,nan,0.0,reference,nan,nan,nan,nan,nan,random_forest,gradient_boosting,0.6912412604838855,nan,nan,nan,nan,nan,nan,nan,0.05,0.13166666666666665,0.83,0.31518987341772153,31,46,0.10333333333333333,0.05822784810126582,-0.03720984600324771,-0.03720984600324771,0.0,-0.1389075177517963,-0.1389075177517963,0.0,1.1945837560428905,1.1945837560428905,1.4121422354646138,1.4121422354646138
real_digits_aligned,box,6000,0.05,2.0,estimated_residual_lowp_supported,cui_selective_ml,estimated,xgboost,xgboost,if_residual,1.0,0.0|0.25|0.5|1.0,aipw_variance,-1.0,1.0,obsval,4.0,0.1,30,0.1,crossfit_rank_empty_standdown,1.0,4,50,3,3874.1346201142296,-0.12657955772514834,-0.12657955772514834,-0.12657955772514834,0.0,8.07364093966304e-05,-3.940298174100426e-05,0.0,nan,0.0,reference,nan,nan,nan,nan,nan,gradient_boosting,gradient_boosting,94.99779730097262,nan,nan,nan,nan,nan,nan,nan,0.1,0.12633333333333333,0.71,0.5620052770448549,76,37,0.12666666666666668,0.048812664907651716,-0.0642468627747744,-0.0642468627747744,0.0,-0.12204064802559814,-0.12204064802559814,0.0,1.2580750074880667,1.2580750074880667,1.518459917987894,1.518459917987894
real_digits_aligned,box,6000,0.05,2.0,estimated_residual_lowp_supported,cui_selective_ml,estimated,xgboost,xgboost,if_residual,1.0,0.0|0.25|0.5|1.0,aipw_variance,-1.0,1.0,obsval,4.0,0.1,30,0.1,crossfit_rank_empty_standdown,1.0,4,50,4,5125.994883165695,-0.13565457929999086,-0.13565457929999086,-0.13565457929999086,0.0,0.0001354021257098844,-6.68986182018291e-05,0.0,nan,0.0,reference,nan,nan,nan,nan,nan,random_forest,gradient_boosting,0.037850494719914245,nan,nan,nan,nan,nan,nan,nan,0.1,0.12333333333333334,0.73,0.5918918918918918,80,35,0.13333333333333333,0.0472972972972973,-0.07558167253894682,-0.07558167253894682,0.0,-0.13619045810799316,-0.13619045810799316,0.0,1.3263968873261114,1.3263968873261114,1.555045728516256,1.555045728516256
real_digits_aligned,box,6000,0.05,2.0,estimated_residual_lowp_supported,cui_selective_ml,estimated,xgboost,xgboost,if_residual,1.0,0.0|0.25|0.5|1.0,aipw_variance,-1.0,1.0,obsval,4.0,0.1,30,0.1,crossfit_rank_empty_standdown,1.0,4,50,1,1279.0910427998751,-0.11723805930295883,-0.11723805930295883,-0.11723805930295883,0.0,0.00011159591856526208,-4.5792542359919465e-05,0.0,nan,0.0,reference,nan,nan,nan,nan,nan,gradient_boosting,lasso,0.0046004121455846805,nan,nan,nan,nan,nan,nan,nan,0.1,0.1295,0.7216666666666667,0.5572715572715573,104,42,0.17333333333333334,0.05405405405405406,-0.06132487145513799,-0.06132487145513799,0.0,-0.11640352817956114,-0.11640352817956114,0.0,1.1991307307670966,1.1991307307670966,1.4690036018220052,1.4690036018220052
real_digits_aligned,box,6000,0.05,2.0,estimated_residual_lowp_supported,cui_selective_ml,estimated,xgboost,xgboost,if_residual,1.0,0.0|0.25|0.5|1.0,aipw_variance,-1.0,1.0,obsval,4.0,0.1,30,0.1,crossfit_rank_empty_standdown,1.0,4,50,2,2560.9489746419713,-0.1328236743757074,-0.1328236743757074,-0.1328236743757074,0.0,0.0002253723224343114,-0.00015806177128292439,0.0,nan,0.0,reference,nan,nan,nan,nan,nan,gradient_boosting,gradient_boosting,0.0021038245118160065,nan,nan,nan,nan,nan,nan,nan,0.1,0.12933333333333333,0.7,0.5412371134020618,93,46,0.155,0.059278350515463915,-0.061688934150921054,-0.061688934150921054,0.0,-0.11803561848269137,-0.11803561848269137,0.0,1.1921832533434114,1.1921832533434114,1.4347905628276647,1.4347905628276647
real_digits_aligned,box,6000,0.05,2.0,estimated_residual_lowp_supported,cui_selective_ml,estimated,xgboost,xgboost,if_residual,1.0,0.0|0.25|0.5|1.0,aipw_variance,-1.0,1.0,obsval,4.0,0.1,30,0.1,crossfit_rank_empty_standdown,1.0,4,50,3,3853.751820012927,-0.11374763107074526,-0.11374763107074526,-0.11374763107074526,0.0,0.00011199076277734537,-0.00010879494964297347,0.0,nan,0.0,reference,nan,nan,nan,nan,nan,gradient_boosting,lasso,0.30690331207525773,nan,nan,nan,nan,nan,nan,nan,0.1,0.12433333333333334,0.7283333333333334,0.5857908847184986,69,34,0.115,0.045576407506702415,-0.05911410384788665,-0.05911410384788665,0.0,-0.10536003092547966,-0.10536003092547966,0.0,1.1741651105051725,1.1741651105051725,1.3940781944892884,1.3940781944892884
real_digits_aligned,box,6000,0.05,2.0,estimated_residual_lowp_supported,cui_selective_ml,estimated,xgboost,xgboost,if_residual,1.0,0.0|0.25|0.5|1.0,aipw_variance,-1.0,1.0,obsval,4.0,0.1,30,0.1,crossfit_rank_empty_standdown,1.0,4,50,4,5162.915223207325,-0.1640124930370142,-0.1640124930370142,-0.1640124930370142,0.0,0.00012189276059816395,-0.00011151933567706424,0.0,nan,0.0,reference,nan,nan,nan,nan,nan,logistic_l1,random_forest,4.8818286595121e-05,nan,nan,nan,nan,nan,nan,nan,0.0,0.1225,nan,0.0,0,23,nan,0.031292517006802724,0.0,0.0,0.0,-74.71967150886881,-74.71967150886881,0.0,nan,nan,1.5438325968403326,1.5438325968403326
real_digits_aligned,box,6000,0.05,2.0,estimated_residual_lowp_supported,cui_selective_ml,estimated,xgboost,xgboost,if_residual,1.0,0.0|0.25|0.5|1.0,aipw_variance,-1.0,1.0,obsval,4.0,0.1,30,0.1,crossfit_rank_empty_standdown,1.0,4,50,1,1291.2002724325284,-0.08308205028608162,-0.08308205028608162,-0.08308205028608162,0.0,0.00015716585226733019,-2.4877067661288328e-05,0.0,nan,0.0,reference,nan,nan,nan,nan,nan,gradient_boosting,gradient_boosting,0.013793141774190179,nan,nan,nan,nan,nan,nan,nan,0.1,0.12516666666666668,0.7166666666666667,0.5725699067909454,70,42,0.11666666666666667,0.0559254327563249,-0.06127157671613036,-0.06127157671613036,0.0,-0.11169748945192347,-0.11169748945192347,0.0,1.188902705015121,1.188902705015121,1.4356175876163366,1.4356175876163366
real_digits_aligned,box,6000,0.05,2.0,estimated_residual_lowp_supported,cui_selective_ml,estimated,xgboost,xgboost,if_residual,1.0,0.0|0.25|0.5|1.0,aipw_variance,-1.0,1.0,obsval,4.0,0.1,30,0.1,crossfit_rank_empty_standdown,1.0,4,50,2,2574.7706905305386,-0.0949226954812375,-0.0949226954812375,-0.0949226954812375,0.0,0.00013134030555623198,-0.00010846098243256141,0.0,nan,0.0,reference,nan,nan,nan,nan,nan,logistic_l1,random_forest,0.0009126553511152945,nan,nan,nan,nan,nan,nan,nan,0.1,0.1245,0.6983333333333334,0.5609103078982597,77,48,0.12833333333333333,0.0642570281124498,-0.057770281426209324,-0.057770281426209324,0.0,0.06075489107911967,0.06075489107911967,0.0,1.1248608746554345,1.1248608746554345,1.3592955101388204,1.3592955101388204
real_digits_aligned,box,6000,0.05,2.0,estimated_residual_lowp_supported,cui_selective_ml,estimated,xgboost,xgboost,if_residual,1.0,0.0|0.25|0.5|1.0,aipw_variance,-1.0,1.0,obsval,4.0,0.1,30,0.1,crossfit_rank_empty_standdown,1.0,4,50,3,3833.519136547111,-0.11826305716464708,-0.11826305716464708,-0.11826305716464708,0.0,0.00012570125257758578,-0.00013316228606074316,0.0,nan,0.0,reference,nan,nan,nan,nan,nan,gradient_boosting,lasso,0.00047169230476617997,nan,nan,nan,nan,nan,nan,nan,0.1,0.12833333333333333,0.6816666666666666,0.5311688311688312,93,36,0.155,0.046753246753246755,-0.05895100215201495,-0.05895100215201495,0.0,-0.11412987530646418,-0.11412987530646418,0.0,1.1811201920468615,1.1811201920468615,1.451209364621875,1.451209364621875
real_digits_aligned,box,6000,0.05,2.0,estimated_residual_lowp_supported,cui_selective_ml,estimated,xgboost,xgboost,if_residual,1.0,0.0|0.25|0.5|1.0,aipw_variance,-1.0,1.0,obsval,4.0,0.1,30,0.1,crossfit_rank_empty_standdown,1.0,4,50,4,5095.200533746742,-0.12057320757485007,-0.12023385483306637,-0.12057320757485007,0.000339352741783705,8.990348129326231e-05,-9.934610212085913e-05,0.0,nan,0.25,if_residual,nan,nan,nan,nan,nan,gradient_boosting,lasso,30438.0648359979,nan,nan,nan,nan,nan,nan,nan,0.05,0.12716666666666668,0.7166666666666667,0.2817824377457405,52,43,0.17333333333333334,0.0563564875491481,-0.031094891439751488,-0.0309025397899566,0.00019235164979488836,-0.12359928683985269,-0.12241834461742705,0.0011809422224256377,1.2039082900673383,1.1929957687112147,1.4607555376446129,1.4508670726429056
real_digits_aligned,box,6000,0.05,2.0,estimated_residual_lowp_supported,cui_selective_ml,estimated,xgboost,xgboost,if_residual,1.0,0.0|0.25|0.5|1.0,aipw_variance,-1.0,1.0,obsval,4.0,0.1,30,0.1,crossfit_rank_empty_standdown,1.0,4,50,1,1313.2823258666322,-0.13660775924585133,-0.13660775924585133,-0.13660775924585133,0.0,0.00017402697922636328,-8.877483388291575e-05,0.0,nan,0.0,reference,nan,nan,nan,nan,nan,gradient_boosting,lasso,0.00020868637593409524,nan,nan,nan,nan,nan,nan,nan,0.1,0.1255,0.7266666666666667,0.5790172642762285,66,26,0.11,0.034528552456839307,-0.06647212221100898,-0.06647212221100898,0.0,-0.12053055797795283,-0.12053055797795283,0.0,1.3557097862040226,1.3557097862040226,1.5868385591343814,1.5868385591343814
real_digits_aligned,box,6000,0.05,2.0,estimated_residual_lowp_supported,cui_selective_ml,estimated,xgboost,xgboost,if_residual,1.0,0.0|0.25|0.5|1.0,aipw_variance,-1.0,1.0,obsval,4.0,0.1,30,0.1,crossfit_rank_empty_standdown,1.0,4,50,2,2574.7388901636004,-0.12724907796694662,-0.12724907796694662,-0.12724907796694662,0.0,0.0001001056626269434,-2.0256884933003033e-05,0.0,nan,0.0,reference,nan,nan,nan,nan,nan,random_forest,gradient_boosting,0.13443668090769695,nan,nan,nan,nan,nan,nan,nan,0.05,0.1295,0.7666666666666667,0.296010296010296,31,41,0.10333333333333333,0.05276705276705277,-0.03477934939957193,-0.03477934939957193,0.0,-0.1373658199740949,-0.1373658199740949,0.0,1.2233691329201788,1.2233691329201788,1.4872571509855534,1.4872571509855534
real_digits_aligned,box,6000,0.05,2.0,estimated_residual_lowp_supported,cui_selective_ml,estimated,xgboost,xgboost,if_residual,1.0,0.0|0.25|0.5|1.0,aipw_variance,-1.0,1.0,obsval,4.0,0.1,30,0.1,crossfit_rank_empty_standdown,1.0,4,50,3,3860.789970400743,-0.11463671730435848,-0.11463671730435848,-0.11463671730435848,0.0,8.556962263200961e-05,-8.658214089438799e-05,0.0,nan,0.0,reference,nan,nan,nan,nan,nan,random_forest,random_forest,0.0008726812015364665,nan,nan,nan,nan,nan,nan,nan,0.05,0.13183333333333333,0.81,0.30720606826801516,37,44,0.12333333333333334,0.05562579013906448,-0.03646460538932276,-0.03646460538932276,0.0,-0.13570105316922057,-0.13570105316922057,0.0,1.172067798976162,1.172067798976162,1.392065916874407,1.392065916874407
real_digits_aligned,box,6000,0.05,2.0,estimated_residual_lowp_supported,cui_selective_ml,estimated,xgboost,xgboost,if_residual,1.0,0.0|0.25|0.5|1.0,aipw_variance,-1.0,1.0,obsval,4.0,0.1,30,0.1,crossfit_rank_empty_standdown,1.0,4,50,4,5150.324406794272,-0.13195729869129202,-0.13195729869129202,-0.13195729869129202,0.0,0.00021511662473473812,-0.00017614736222659993,0.0,nan,0.0,reference,nan,nan,nan,nan,nan,gradient_boosting,lasso,0.0024524299971225424,nan,nan,nan,nan,nan,nan,nan,0.075,0.123,0.68,0.4146341463414634,67,50,0.14888888888888888,0.06775067750677506,-0.04619651765509968,-0.04619651765509968,0.0,-0.11544203166076443,-0.11544203166076443,0.0,1.1636428162877446,1.1636428162877446,1.4434920916093352,1.4434920916093352
real_digits_aligned,box,6000,0.05,2.0,estimated_residual_lowp_supported,cui_selective_ml,estimated,xgboost,xgboost,if_residual,1.0,0.0|0.25|0.5|1.0,aipw_variance,-1.0,1.0,obsval,4.0,0.1,30,0.1,crossfit_rank_empty_standdown,1.0,4,50,1,1287.480615784414,-0.11762104206714269,-0.11825604922106459,-0.11762104206714269,-0.000635007153921896,0.00023212169831931,-0.0003022286594029506,0.0,nan,0.25,if_residual,nan,nan,nan,nan,nan,random_forest,lasso,0.0012570814561070707,nan,nan,nan,nan,nan,nan,nan,0.075,0.1225,0.7044444444444444,0.4312925170068027,62,41,0.13777777777777778,0.055782312925170066,-0.04784613226973958,-0.04613359451911112,0.0017125377506284553,-0.12331984554063918,-0.12186756176661713,0.0014522837740220534,1.1420834802746862,1.1167846067202958,1.407084753868472,1.404902907019353
real_digits_aligned,box,6000,0.05,2.0,estimated_residual_lowp_supported,cui_selective_ml,estimated,xgboost,xgboost,if_residual,1.0,0.0|0.25|0.5|1.0,aipw_variance,-1.0,1.0,obsval,4.0,0.1,30,0.1,crossfit_rank_empty_standdown,1.0,4,50,2,2527.656183543615,-0.24738266863900224,-0.24738266863900224,-0.24738266863900224,0.0,9.060296169611029e-05,-7.783020008159634e-05,0.0,nan,0.0,reference,nan,nan,nan,nan,nan,logistic_l1,gradient_boosting,0.010043864406873439,nan,nan,nan,nan,nan,nan,nan,0.1,0.12533333333333332,0.72,0.574468085106383,75,23,0.125,0.030585106382978722,-0.004125215996970501,-0.004125215996970501,0.0,-0.06385492493476727,-0.06385492493476727,0.0,1.369110117749047,1.369110117749047,1.6301835304367986,1.6301835304367986
real_digits_aligned,box,6000,0.05,2.0,estimated_residual_lowp_supported,cui_selective_ml,estimated,xgboost,xgboost,if_residual,1.0,0.0|0.25|0.5|1.0,aipw_variance,-1.0,1.0,obsval,4.0,0.1,30,0.1,crossfit_rank_empty_standdown,1.0,4,50,3,3796.016173773445,-0.10096828686885156,-0.10096828686885156,-0.10096828686885156,0.0,0.00015487833417329906,-0.00012061497268883313,0.0,nan,0.0,reference,nan,nan,nan,nan,nan,gradient_boosting,gradient_boosting,0.007161092809044286,nan,nan,nan,nan,nan,nan,nan,0.1,0.12316666666666666,0.6833333333333333,0.5548037889039242,104,43,0.17333333333333334,0.058186738836265225,-0.059541303297353285,-0.059541303297353285,0.0,-0.11336060962133827,-0.11336060962133827,0.0,1.1623104968782283,1.1623104968782283,1.422444816076622,1.422444816076622
real_digits_aligned,box,6000,0.05,2.0,estimated_residual_lowp_supported,cui_selective_ml,estimated,xgboost,xgboost,if_residual,1.0,0.0|0.25|0.5|1.0,aipw_variance,-1.0,1.0,obsval,4.0,0.1,30,0.1,crossfit_rank_empty_standdown,1.0,4,50,4,5063.513474179432,-0.10817403387002089,-0.10817403387002089,-0.10817403387002089,0.0,0.00027227678677300754,-0.00011430144581494863,0.0,nan,0.0,reference,nan,nan,nan,nan,nan,gradient_boosting,random_forest,94390.7721657144,nan,nan,nan,nan,nan,nan,nan,0.1,0.12666666666666668,0.6933333333333334,0.5473684210526316,82,41,0.13666666666666666,0.05394736842105263,-0.0626587300701774,-0.0626587300701774,0.0,-0.11790738366797134,-0.11790738366797134,0.0,1.1915487007568006,1.1915487007568006,1.428402573229685,1.428402573229685
real_digits_aligned,box,6000,0.05,2.0,estimated_residual_lowp_supported,cui_selective_ml,estimated,xgboost,xgboost,if_residual,1.0,0.0|0.25|0.5|1.0,aipw_variance,-1.0,1.0,obsval,4.0,0.1,30,0.1,crossfit_rank_empty_standdown,1.0,4,50,1,1273.5960665633902,-0.1495120050402406,-0.1495120050402406,-0.1495120050402406,0.0,0.00012508702832445808,-3.0946446754445624e-05,0.0,nan,0.0,reference,nan,nan,nan,nan,nan,gradient_boosting,lasso,0.025446436089340958,nan,nan,nan,nan,nan,nan,nan,0.05,0.13066666666666665,0.8066666666666666,0.3086734693877551,35,48,0.11666666666666667,0.061224489795918366,-0.03551354112907931,-0.03551354112907931,0.0,-0.1265752248708272,-0.1265752248708272,0.0,1.235061370638784,1.235061370638784,1.4428451884907547,1.4428451884907547
real_digits_aligned,box,6000,0.05,2.0,estimated_residual_lowp_supported,cui_selective_ml,estimated,xgboost,xgboost,if_residual,1.0,0.0|0.25|0.5|1.0,aipw_variance,-1.0,1.0,obsval,4.0,0.1,30,0.1,crossfit_rank_empty_standdown,1.0,4,50,2,2567.953195267357,-0.11303454945954061,-0.11303454945954061,-0.11303454945954061,0.0,0.0002023208349648494,-0.0002358622947491102,0.0,nan,0.0,reference,nan,nan,nan,nan,nan,random_forest,lasso,30935.754507545527,nan,nan,nan,nan,nan,nan,nan,0.1,0.119,0.68,0.5714285714285714,94,35,0.15666666666666668,0.049019607843137254,-0.06751909481388968,-0.06751909481388968,0.0,-0.12342510138369357,-0.12342510138369357,0.0,1.2208285384859414,1.2208285384859414,1.473522742420037,1.473522742420037
real_digits_aligned,box,6000,0.05,2.0,estimated_residual_lowp_supported,cui_selective_ml,estimated,xgboost,xgboost,if_residual,1.0,0.0|0.25|0.5|1.0,aipw_variance,-1.0,1.0,obsval,4.0,0.1,30,0.1,crossfit_rank_empty_standdown,1.0,4,50,3,3831.1521129067987,-0.14420952589864805,-0.14420952589864805,-0.14420952589864805,0.0,7.929245201906184e-05,-6.017717808096579e-05,0.0,nan,0.0,reference,nan,nan,nan,nan,nan,gradient_boosting,lasso,0.014106753135634384,nan,nan,nan,nan,nan,nan,nan,0.05,0.1255,0.7966666666666666,0.31739707835325365,32,33,0.10666666666666667,0.043824701195219126,-0.03276286503309327,-0.03276286503309327,0.0,-0.11798254367827506,-0.11798254367827506,0.0,1.2536173361188594,1.2536173361188594,1.4648004517445126,1.4648004517445126
real_digits_aligned,box,6000,0.05,2.0,estimated_residual_lowp_supported,cui_selective_ml,estimated,xgboost,xgboost,if_residual,1.0,0.0|0.25|0.5|1.0,aipw_variance,-1.0,1.0,obsval,4.0,0.1,30,0.1,crossfit_rank_empty_standdown,1.0,4,50,4,5111.659722609445,-0.06777671497876608,-0.0652493731754557,-0.06777671497876608,0.002527341803310379,0.00016331692009424097,-7.832215607065892e-05,0.0,nan,0.25,if_residual,nan,nan,nan,nan,nan,gradient_boosting,random_forest,0.7145377599620396,nan,nan,nan,nan,nan,nan,nan,0.05,0.12333333333333334,0.81,0.32837837837837835,34,42,0.11333333333333333,0.05675675675675676,-0.029663556298622613,-0.028047281356876175,0.0016162749417464387,-0.10759444192255894,-0.10509203077047997,0.0025024111520789705,1.1666095666814578,1.0990448149485226,1.3644113005607332,1.3363453777910228
real_digits_aligned,box,6000,0.05,2.0,estimated_residual_lowp_supported,cui_selective_ml,estimated,xgboost,xgboost,if_residual,1.0,0.0|0.25|0.5|1.0,aipw_variance,-1.0,1.0,obsval,4.0,0.1,30,0.1,crossfit_rank_empty_standdown,1.0,4,50,1,1274.8444125792012,-0.13009074252253727,-0.13009074252253727,-0.13009074252253727,0.0,0.00017031518832994743,-0.00015954906332302102,0.0,nan,0.0,reference,nan,nan,nan,nan,nan,gradient_boosting,random_forest,0.02363825344922831,nan,nan,nan,nan,nan,nan,nan,0.05,0.13333333333333333,0.82,0.3075,31,33,0.10333333333333333,0.04125,-0.029926728182319978,-0.029926728182319978,0.0,-0.11615840863693998,-0.11615840863693998,0.0,1.2451673312216955,1.2451673312216955,1.4347308056968295,1.4347308056968295
real_digits_aligned,box,6000,0.05,2.0,estimated_residual_lowp_supported,cui_selective_ml,estimated,xgboost,xgboost,if_residual,1.0,0.0|0.25|0.5|1.0,aipw_variance,-1.0,1.0,obsval,4.0,0.1,30,0.1,crossfit_rank_empty_standdown,1.0,4,50,2,2538.835379347205,-0.15512760984732354,-0.15512760984732354,-0.15512760984732354,0.0,0.0001263473788557332,-7.154785014764015e-05,0.0,nan,0.0,reference,nan,nan,nan,nan,nan,gradient_boosting,gradient_boosting,0.003959817919234779,nan,nan,nan,nan,nan,nan,nan,0.1,0.12483333333333334,0.7416666666666667,0.5941255006675568,73,31,0.12166666666666667,0.04138851802403204,-0.06500512885055205,-0.06500512885055205,0.0,-0.1206094456396525,-0.1206094456396525,0.0,1.3249720119296267,1.3249720119296267,1.5607617774621576,1.5607617774621576
real_digits_aligned,box,6000,0.05,2.0,estimated_residual_lowp_supported,cui_selective_ml,estimated,xgboost,xgboost,if_residual,1.0,0.0|0.25|0.5|1.0,aipw_variance,-1.0,1.0,obsval,4.0,0.1,30,0.1,crossfit_rank_empty_standdown,1.0,4,50,3,3831.4797705421224,-0.11304771408428088,-0.11304771408428088,-0.11304771408428088,0.0,0.00022251574904097677,-0.00015009730361238173,0.0,nan,0.0,reference,nan,nan,nan,nan,nan,gradient_boosting,random_forest,0.00187931372175201,nan,nan,nan,nan,nan,nan,nan,0.05,0.12533333333333332,0.7333333333333333,0.2925531914893617,43,37,0.14333333333333334,0.04920212765957447,-0.03108257331612298,-0.03108257331612298,0.0,-0.10902556184978626,-0.10902556184978626,0.0,1.2065405882228086,1.2065405882228086,1.434859362343401,1.434859362343401
real_digits_aligned,box,6000,0.05,2.0,estimated_residual_lowp_supported,cui_selective_ml,estimated,xgboost,xgboost,if_residual,1.0,0.0|0.25|0.5|1.0,aipw_variance,-1.0,1.0,obsval,4.0,0.1,30,0.1,crossfit_rank_empty_standdown,1.0,4,50,4,5117.580685839988,-0.13938234083276207,-0.13938234083276207,-0.13938234083276207,0.0,0.00011543025121536624,-7.940642038748721e-05,0.0,nan,0.0,reference,nan,nan,nan,nan,nan,gradient_boosting,lasso,38424.893425346214,nan,nan,nan,nan,nan,nan,nan,0.0,0.12216666666666667,nan,0.0,0,40,nan,0.054570259208731244,0.0,0.0,0.0,-0.11331496767585263,-0.11331496767585263,0.0,nan,nan,1.4236885761826807,1.4236885761826807
real_digits_aligned,box,6000,0.05,2.0,estimated_residual_lowp_supported,cui_selective_ml,estimated,xgboost,xgboost,if_residual,1.0,0.0|0.25|0.5|1.0,aipw_variance,-1.0,1.0,obsval,4.0,0.1,30,0.1,crossfit_rank_empty_standdown,1.0,4,50,1,1313.5376987289637,-0.09458223836135038,-0.09458223836135038,-0.09458223836135038,0.0,0.0002953467023933049,-0.00040580026866865123,0.0,nan,0.0,reference,nan,nan,nan,nan,nan,gradient_boosting,lasso,0.0019687171252175794,nan,nan,nan,nan,nan,nan,nan,0.075,0.1315,0.7533333333333333,0.4296577946768061,58,41,0.1288888888888889,0.051964512040557666,-0.04361908389253394,-0.04361908389253394,0.0,-0.11415992823506028,-0.11415992823506028,0.0,1.172090595232467,1.172090595232467,1.3886624966747616,1.3886624966747616
real_digits_aligned,box,6000,0.05,2.0,estimated_residual_lowp_supported,cui_selective_ml,estimated,xgboost,xgboost,if_residual,1.0,0.0|0.25|0.5|1.0,aipw_variance,-1.0,1.0,obsval,4.0,0.1,30,0.1,crossfit_rank_empty_standdown,1.0,4,50,2,2569.1513454802334,-0.1636144973082697,-0.1636144973082697,-0.1636144973082697,0.0,0.00037938006496945876,-0.0003850387824416889,0.0,nan,0.0,reference,nan,nan,nan,nan,nan,gradient_boosting,lasso,0.006042549800250771,nan,nan,nan,nan,nan,nan,nan,0.0,0.12333333333333334,nan,0.0,0,25,nan,0.033783783783783786,0.0,0.0,0.0,-0.12211365496095683,-0.12211365496095683,0.0,nan,nan,1.5817928852975718,1.5817928852975718
real_digits_aligned,box,6000,0.05,2.0,estimated_residual_lowp_supported,cui_selective_ml,estimated,xgboost,xgboost,if_residual,1.0,0.0|0.25|0.5|1.0,aipw_variance,-1.0,1.0,obsval,4.0,0.1,30,0.1,crossfit_rank_empty_standdown,1.0,4,50,3,3858.2601162428036,-0.0802145038103475,-0.0802145038103475,-0.0802145038103475,0.0,0.0002016558346025529,-0.000274938374419878,0.0,nan,0.0,reference,nan,nan,nan,nan,nan,random_forest,gradient_boosting,0.0007031871408691279,nan,nan,nan,nan,nan,nan,nan,0.1,0.12716666666666668,0.72,0.5661861074705111,83,49,0.13833333333333334,0.06422018348623854,-0.07020343800503048,-0.07020343800503048,0.0,-0.13248462518253803,-0.13248462518253803,0.0,1.1836103582642872,1.1836103582642872,1.4226519734382839,1.4226519734382839
real_digits_aligned,box,6000,0.05,2.0,estimated_residual_lowp_supported,cui_selective_ml,estimated,xgboost,xgboost,if_residual,1.0,0.0|0.25|0.5|1.0,aipw_variance,-1.0,1.0,obsval,4.0,0.1,30,0.1,crossfit_rank_empty_standdown,1.0,4,50,4,5131.365538470447,-0.11773076013306982,-0.11773076013306982,-0.11773076013306982,0.0,0.00017690418320525758,-8.547310309874777e-05,0.0,nan,0.0,reference,nan,nan,nan,nan,nan,random_forest,gradient_boosting,110.2059896441164,nan,nan,nan,nan,nan,nan,nan,0.05,0.12866666666666668,0.8333333333333334,0.3238341968911917,30,41,0.1,0.05310880829015544,-0.03615520634828395,-0.03615520634828395,0.0,-0.131839211176659,-0.131839211176659,0.0,1.2390912490535966,1.2390912490535966,1.4483879159445732,1.4483879159445732
real_digits_aligned,box,6000,0.05,2.0,estimated_residual_lowp_supported,cui_selective_ml,estimated,xgboost,xgboost,if_residual,1.0,0.0|0.25|0.5|1.0,aipw_variance,-1.0,1.0,obsval,4.0,0.1,30,0.1,crossfit_rank_empty_standdown,1.0,4,50,1,1313.128344017081,-0.15974750708951901,-0.15974750708951901,-0.15974750708951901,0.0,0.00012509373210107134,-9.82596955302835e-05,0.0,nan,0.0,reference,nan,nan,nan,nan,nan,random_forest,lasso,0.01629410706874847,nan,nan,nan,nan,nan,nan,nan,0.0,0.12533333333333332,nan,0.0,0,29,nan,0.03856382978723404,0.0,0.0,0.0,-0.13636151634259389,-0.13636151634259389,0.0,nan,nan,1.6452888609088,1.6452888609088
real_digits_aligned,box,6000,0.05,2.0,estimated_residual_lowp_supported,cui_selective_ml,estimated,xgboost,xgboost,if_residual,1.0,0.0|0.25|0.5|1.0,aipw_variance,-1.0,1.0,obsval,4.0,0.1,30,0.1,crossfit_rank_empty_standdown,1.0,4,50,2,2572.89067377802,-0.11440970615480528,-0.11440970615480528,-0.11440970615480528,0.0,0.00016803053551953215,-8.518120348896031e-05,0.0,nan,0.0,reference,nan,nan,nan,nan,nan,logistic_l1,random_forest,0.0007770858102957782,nan,nan,nan,nan,nan,nan,nan,0.1,0.12683333333333333,0.7033333333333334,0.5545335085413929,80,43,0.13333333333333333,0.056504599211563734,-25.62776308500887,-25.62776308500887,0.0,-25.53207162474224,-25.53207162474224,0.0,1.2159372384980176,1.2159372384980176,1.4763131219769683,1.4763131219769683
real_digits_aligned,box,6000,0.05,2.0,estimated_residual_lowp_supported,cui_selective_ml,estimated,xgboost,xgboost,if_residual,1.0,0.0|0.25|0.5|1.0,aipw_variance,-1.0,1.0,obsval,4.0,0.1,30,0.1,crossfit_rank_empty_standdown,1.0,4,50,3,3837.613955816254,-0.14317240005916598,-0.14317240005916598,-0.14317240005916598,0.0,0.0001367942077500166,-0.00012176246992026056,0.0,nan,0.0,reference,nan,nan,nan,nan,nan,gradient_boosting,random_forest,1.762982733724523,nan,nan,nan,nan,nan,nan,nan,0.1,0.13283333333333333,0.735,0.5533249686323714,76,39,0.12666666666666668,0.04893350062735257,-0.06563983983244631,-0.06563983983244631,0.0,-0.125086494437587,-0.125086494437587,0.0,1.211906598746409,1.211906598746409,1.4338681199773307,1.4338681199773307
real_digits_aligned,box,6000,0.05,2.0,estimated_residual_lowp_supported,cui_selective_ml,estimated,xgboost,xgboost,if_residual,1.0,0.0|0.25|0.5|1.0,aipw_variance,-1.0,1.0,obsval,4.0,0.1,30,0.1,crossfit_rank_empty_standdown,1.0,4,50,4,5137.307045632973,-0.15813880299340716,-0.15813880299340716,-0.15813880299340716,0.0,0.00014683161587267127,-0.00014139636690033565,0.0,nan,0.0,reference,nan,nan,nan,nan,nan,gradient_boosting,gradient_boosting,39283.055478394155,nan,nan,nan,nan,nan,nan,nan,0.05,0.13133333333333333,0.81,0.3083756345177665,32,37,0.10666666666666667,0.046954314720812185,-0.03577055880269639,-0.03577055880269639,0.0,-0.13048701398799448,-0.13048701398799448,0.0,1.3373378594635212,1.3373378594635212,1.5615333414406845,1.5615333414406845
