strength	region	chunk	seed	out	rep_out	command
0	true	0	2026081700	/tmp/dml_low_high_response_ablation_20260830_b50/raw/ctmle_s0_true_chunk00.csv	/tmp/dml_low_high_response_ablation_20260830_b50/raw/ctmle_s0_true_chunk00.reps.csv	/tmp/dml_ablation_env/bin/python /tmp/ney_region_targeting_3e131a9/replication/hidden_bias_regional_repair/scripts/validated_reference_transfer.py --reps 4 --bootstraps 50 --n 3000 --epsilon 0.05 --strength 0 --design regional_shift --mar-design box --analysis-region true --reference-method ctmle --propensity-mode estimated --learner xgboost --propensity-learner xgboost --repair-mode targeting --c 2 --folds 3 --region-damp-grid 0 0.25 0.5 1 --validation-loss-se 1 --region-selector-ablation legacy --region-detector-c 4 --seed 2026081700 --progress-every 4 --out /tmp/dml_low_high_response_ablation_20260830_b50/raw/ctmle_s0_true_chunk00.csv --rep-out /tmp/dml_low_high_response_ablation_20260830_b50/raw/ctmle_s0_true_chunk00.reps.csv
0	true	1	2026082700	/tmp/dml_low_high_response_ablation_20260830_b50/raw/ctmle_s0_true_chunk01.csv	/tmp/dml_low_high_response_ablation_20260830_b50/raw/ctmle_s0_true_chunk01.reps.csv	/tmp/dml_ablation_env/bin/python /tmp/ney_region_targeting_3e131a9/replication/hidden_bias_regional_repair/scripts/validated_reference_transfer.py --reps 4 --bootstraps 50 --n 3000 --epsilon 0.05 --strength 0 --design regional_shift --mar-design box --analysis-region true --reference-method ctmle --propensity-mode estimated --learner xgboost --propensity-learner xgboost --repair-mode targeting --c 2 --folds 3 --region-damp-grid 0 0.25 0.5 1 --validation-loss-se 1 --region-selector-ablation legacy --region-detector-c 4 --seed 2026082700 --progress-every 4 --out /tmp/dml_low_high_response_ablation_20260830_b50/raw/ctmle_s0_true_chunk01.csv --rep-out /tmp/dml_low_high_response_ablation_20260830_b50/raw/ctmle_s0_true_chunk01.reps.csv
0	true	2	2026083700	/tmp/dml_low_high_response_ablation_20260830_b50/raw/ctmle_s0_true_chunk02.csv	/tmp/dml_low_high_response_ablation_20260830_b50/raw/ctmle_s0_true_chunk02.reps.csv	/tmp/dml_ablation_env/bin/python /tmp/ney_region_targeting_3e131a9/replication/hidden_bias_regional_repair/scripts/validated_reference_transfer.py --reps 4 --bootstraps 50 --n 3000 --epsilon 0.05 --strength 0 --design regional_shift --mar-design box --analysis-region true --reference-method ctmle --propensity-mode estimated --learner xgboost --propensity-learner xgboost --repair-mode targeting --c 2 --folds 3 --region-damp-grid 0 0.25 0.5 1 --validation-loss-se 1 --region-selector-ablation legacy --region-detector-c 4 --seed 2026083700 --progress-every 4 --out /tmp/dml_low_high_response_ablation_20260830_b50/raw/ctmle_s0_true_chunk02.csv --rep-out /tmp/dml_low_high_response_ablation_20260830_b50/raw/ctmle_s0_true_chunk02.reps.csv
0	true	3	2026084700	/tmp/dml_low_high_response_ablation_20260830_b50/raw/ctmle_s0_true_chunk03.csv	/tmp/dml_low_high_response_ablation_20260830_b50/raw/ctmle_s0_true_chunk03.reps.csv	/tmp/dml_ablation_env/bin/python /tmp/ney_region_targeting_3e131a9/replication/hidden_bias_regional_repair/scripts/validated_reference_transfer.py --reps 4 --bootstraps 50 --n 3000 --epsilon 0.05 --strength 0 --design regional_shift --mar-design box --analysis-region true --reference-method ctmle --propensity-mode estimated --learner xgboost --propensity-learner xgboost --repair-mode targeting --c 2 --folds 3 --region-damp-grid 0 0.25 0.5 1 --validation-loss-se 1 --region-selector-ablation legacy --region-detector-c 4 --seed 2026084700 --progress-every 4 --out /tmp/dml_low_high_response_ablation_20260830_b50/raw/ctmle_s0_true_chunk03.csv --rep-out /tmp/dml_low_high_response_ablation_20260830_b50/raw/ctmle_s0_true_chunk03.reps.csv
0	true	4	2026085700	/tmp/dml_low_high_response_ablation_20260830_b50/raw/ctmle_s0_true_chunk04.csv	/tmp/dml_low_high_response_ablation_20260830_b50/raw/ctmle_s0_true_chunk04.reps.csv	/tmp/dml_ablation_env/bin/python /tmp/ney_region_targeting_3e131a9/replication/hidden_bias_regional_repair/scripts/validated_reference_transfer.py --reps 4 --bootstraps 50 --n 3000 --epsilon 0.05 --strength 0 --design regional_shift --mar-design box --analysis-region true --reference-method ctmle --propensity-mode estimated --learner xgboost --propensity-learner xgboost --repair-mode targeting --c 2 --folds 3 --region-damp-grid 0 0.25 0.5 1 --validation-loss-se 1 --region-selector-ablation legacy --region-detector-c 4 --seed 2026085700 --progress-every 4 --out /tmp/dml_low_high_response_ablation_20260830_b50/raw/ctmle_s0_true_chunk04.csv --rep-out /tmp/dml_low_high_response_ablation_20260830_b50/raw/ctmle_s0_true_chunk04.reps.csv
0	true	5	2026086700	/tmp/dml_low_high_response_ablation_20260830_b50/raw/ctmle_s0_true_chunk05.csv	/tmp/dml_low_high_response_ablation_20260830_b50/raw/ctmle_s0_true_chunk05.reps.csv	/tmp/dml_ablation_env/bin/python /tmp/ney_region_targeting_3e131a9/replication/hidden_bias_regional_repair/scripts/validated_reference_transfer.py --reps 4 --bootstraps 50 --n 3000 --epsilon 0.05 --strength 0 --design regional_shift --mar-design box --analysis-region true --reference-method ctmle --propensity-mode estimated --learner xgboost --propensity-learner xgboost --repair-mode targeting --c 2 --folds 3 --region-damp-grid 0 0.25 0.5 1 --validation-loss-se 1 --region-selector-ablation legacy --region-detector-c 4 --seed 2026086700 --progress-every 4 --out /tmp/dml_low_high_response_ablation_20260830_b50/raw/ctmle_s0_true_chunk05.csv --rep-out /tmp/dml_low_high_response_ablation_20260830_b50/raw/ctmle_s0_true_chunk05.reps.csv
0	true	6	2026087700	/tmp/dml_low_high_response_ablation_20260830_b50/raw/ctmle_s0_true_chunk06.csv	/tmp/dml_low_high_response_ablation_20260830_b50/raw/ctmle_s0_true_chunk06.reps.csv	/tmp/dml_ablation_env/bin/python /tmp/ney_region_targeting_3e131a9/replication/hidden_bias_regional_repair/scripts/validated_reference_transfer.py --reps 4 --bootstraps 50 --n 3000 --epsilon 0.05 --strength 0 --design regional_shift --mar-design box --analysis-region true --reference-method ctmle --propensity-mode estimated --learner xgboost --propensity-learner xgboost --repair-mode targeting --c 2 --folds 3 --region-damp-grid 0 0.25 0.5 1 --validation-loss-se 1 --region-selector-ablation legacy --region-detector-c 4 --seed 2026087700 --progress-every 4 --out /tmp/dml_low_high_response_ablation_20260830_b50/raw/ctmle_s0_true_chunk06.csv --rep-out /tmp/dml_low_high_response_ablation_20260830_b50/raw/ctmle_s0_true_chunk06.reps.csv
0	true	7	2026088700	/tmp/dml_low_high_response_ablation_20260830_b50/raw/ctmle_s0_true_chunk07.csv	/tmp/dml_low_high_response_ablation_20260830_b50/raw/ctmle_s0_true_chunk07.reps.csv	/tmp/dml_ablation_env/bin/python /tmp/ney_region_targeting_3e131a9/replication/hidden_bias_regional_repair/scripts/validated_reference_transfer.py --reps 4 --bootstraps 50 --n 3000 --epsilon 0.05 --strength 0 --design regional_shift --mar-design box --analysis-region true --reference-method ctmle --propensity-mode estimated --learner xgboost --propensity-learner xgboost --repair-mode targeting --c 2 --folds 3 --region-damp-grid 0 0.25 0.5 1 --validation-loss-se 1 --region-selector-ablation legacy --region-detector-c 4 --seed 2026088700 --progress-every 4 --out /tmp/dml_low_high_response_ablation_20260830_b50/raw/ctmle_s0_true_chunk07.csv --rep-out /tmp/dml_low_high_response_ablation_20260830_b50/raw/ctmle_s0_true_chunk07.reps.csv
0	true	8	2026089700	/tmp/dml_low_high_response_ablation_20260830_b50/raw/ctmle_s0_true_chunk08.csv	/tmp/dml_low_high_response_ablation_20260830_b50/raw/ctmle_s0_true_chunk08.reps.csv	/tmp/dml_ablation_env/bin/python /tmp/ney_region_targeting_3e131a9/replication/hidden_bias_regional_repair/scripts/validated_reference_transfer.py --reps 4 --bootstraps 50 --n 3000 --epsilon 0.05 --strength 0 --design regional_shift --mar-design box --analysis-region true --reference-method ctmle --propensity-mode estimated --learner xgboost --propensity-learner xgboost --repair-mode targeting --c 2 --folds 3 --region-damp-grid 0 0.25 0.5 1 --validation-loss-se 1 --region-selector-ablation legacy --region-detector-c 4 --seed 2026089700 --progress-every 4 --out /tmp/dml_low_high_response_ablation_20260830_b50/raw/ctmle_s0_true_chunk08.csv --rep-out /tmp/dml_low_high_response_ablation_20260830_b50/raw/ctmle_s0_true_chunk08.reps.csv
0	true	9	2026090700	/tmp/dml_low_high_response_ablation_20260830_b50/raw/ctmle_s0_true_chunk09.csv	/tmp/dml_low_high_response_ablation_20260830_b50/raw/ctmle_s0_true_chunk09.reps.csv	/tmp/dml_ablation_env/bin/python /tmp/ney_region_targeting_3e131a9/replication/hidden_bias_regional_repair/scripts/validated_reference_transfer.py --reps 4 --bootstraps 50 --n 3000 --epsilon 0.05 --strength 0 --design regional_shift --mar-design box --analysis-region true --reference-method ctmle --propensity-mode estimated --learner xgboost --propensity-learner xgboost --repair-mode targeting --c 2 --folds 3 --region-damp-grid 0 0.25 0.5 1 --validation-loss-se 1 --region-selector-ablation legacy --region-detector-c 4 --seed 2026090700 --progress-every 4 --out /tmp/dml_low_high_response_ablation_20260830_b50/raw/ctmle_s0_true_chunk09.csv --rep-out /tmp/dml_low_high_response_ablation_20260830_b50/raw/ctmle_s0_true_chunk09.reps.csv
0	true	10	2026091700	/tmp/dml_low_high_response_ablation_20260830_b50/raw/ctmle_s0_true_chunk10.csv	/tmp/dml_low_high_response_ablation_20260830_b50/raw/ctmle_s0_true_chunk10.reps.csv	/tmp/dml_ablation_env/bin/python /tmp/ney_region_targeting_3e131a9/replication/hidden_bias_regional_repair/scripts/validated_reference_transfer.py --reps 4 --bootstraps 50 --n 3000 --epsilon 0.05 --strength 0 --design regional_shift --mar-design box --analysis-region true --reference-method ctmle --propensity-mode estimated --learner xgboost --propensity-learner xgboost --repair-mode targeting --c 2 --folds 3 --region-damp-grid 0 0.25 0.5 1 --validation-loss-se 1 --region-selector-ablation legacy --region-detector-c 4 --seed 2026091700 --progress-every 4 --out /tmp/dml_low_high_response_ablation_20260830_b50/raw/ctmle_s0_true_chunk10.csv --rep-out /tmp/dml_low_high_response_ablation_20260830_b50/raw/ctmle_s0_true_chunk10.reps.csv
0	true	11	2026092700	/tmp/dml_low_high_response_ablation_20260830_b50/raw/ctmle_s0_true_chunk11.csv	/tmp/dml_low_high_response_ablation_20260830_b50/raw/ctmle_s0_true_chunk11.reps.csv	/tmp/dml_ablation_env/bin/python /tmp/ney_region_targeting_3e131a9/replication/hidden_bias_regional_repair/scripts/validated_reference_transfer.py --reps 4 --bootstraps 50 --n 3000 --epsilon 0.05 --strength 0 --design regional_shift --mar-design box --analysis-region true --reference-method ctmle --propensity-mode estimated --learner xgboost --propensity-learner xgboost --repair-mode targeting --c 2 --folds 3 --region-damp-grid 0 0.25 0.5 1 --validation-loss-se 1 --region-selector-ablation legacy --region-detector-c 4 --seed 2026092700 --progress-every 4 --out /tmp/dml_low_high_response_ablation_20260830_b50/raw/ctmle_s0_true_chunk11.csv --rep-out /tmp/dml_low_high_response_ablation_20260830_b50/raw/ctmle_s0_true_chunk11.reps.csv
0	true	12	2026093700	/tmp/dml_low_high_response_ablation_20260830_b50/raw/ctmle_s0_true_chunk12.csv	/tmp/dml_low_high_response_ablation_20260830_b50/raw/ctmle_s0_true_chunk12.reps.csv	/tmp/dml_ablation_env/bin/python /tmp/ney_region_targeting_3e131a9/replication/hidden_bias_regional_repair/scripts/validated_reference_transfer.py --reps 4 --bootstraps 50 --n 3000 --epsilon 0.05 --strength 0 --design regional_shift --mar-design box --analysis-region true --reference-method ctmle --propensity-mode estimated --learner xgboost --propensity-learner xgboost --repair-mode targeting --c 2 --folds 3 --region-damp-grid 0 0.25 0.5 1 --validation-loss-se 1 --region-selector-ablation legacy --region-detector-c 4 --seed 2026093700 --progress-every 4 --out /tmp/dml_low_high_response_ablation_20260830_b50/raw/ctmle_s0_true_chunk12.csv --rep-out /tmp/dml_low_high_response_ablation_20260830_b50/raw/ctmle_s0_true_chunk12.reps.csv
0	true	13	2026094700	/tmp/dml_low_high_response_ablation_20260830_b50/raw/ctmle_s0_true_chunk13.csv	/tmp/dml_low_high_response_ablation_20260830_b50/raw/ctmle_s0_true_chunk13.reps.csv	/tmp/dml_ablation_env/bin/python /tmp/ney_region_targeting_3e131a9/replication/hidden_bias_regional_repair/scripts/validated_reference_transfer.py --reps 4 --bootstraps 50 --n 3000 --epsilon 0.05 --strength 0 --design regional_shift --mar-design box --analysis-region true --reference-method ctmle --propensity-mode estimated --learner xgboost --propensity-learner xgboost --repair-mode targeting --c 2 --folds 3 --region-damp-grid 0 0.25 0.5 1 --validation-loss-se 1 --region-selector-ablation legacy --region-detector-c 4 --seed 2026094700 --progress-every 4 --out /tmp/dml_low_high_response_ablation_20260830_b50/raw/ctmle_s0_true_chunk13.csv --rep-out /tmp/dml_low_high_response_ablation_20260830_b50/raw/ctmle_s0_true_chunk13.reps.csv
0	true	14	2026095700	/tmp/dml_low_high_response_ablation_20260830_b50/raw/ctmle_s0_true_chunk14.csv	/tmp/dml_low_high_response_ablation_20260830_b50/raw/ctmle_s0_true_chunk14.reps.csv	/tmp/dml_ablation_env/bin/python /tmp/ney_region_targeting_3e131a9/replication/hidden_bias_regional_repair/scripts/validated_reference_transfer.py --reps 4 --bootstraps 50 --n 3000 --epsilon 0.05 --strength 0 --design regional_shift --mar-design box --analysis-region true --reference-method ctmle --propensity-mode estimated --learner xgboost --propensity-learner xgboost --repair-mode targeting --c 2 --folds 3 --region-damp-grid 0 0.25 0.5 1 --validation-loss-se 1 --region-selector-ablation legacy --region-detector-c 4 --seed 2026095700 --progress-every 4 --out /tmp/dml_low_high_response_ablation_20260830_b50/raw/ctmle_s0_true_chunk14.csv --rep-out /tmp/dml_low_high_response_ablation_20260830_b50/raw/ctmle_s0_true_chunk14.reps.csv
0	true	15	2026096700	/tmp/dml_low_high_response_ablation_20260830_b50/raw/ctmle_s0_true_chunk15.csv	/tmp/dml_low_high_response_ablation_20260830_b50/raw/ctmle_s0_true_chunk15.reps.csv	/tmp/dml_ablation_env/bin/python /tmp/ney_region_targeting_3e131a9/replication/hidden_bias_regional_repair/scripts/validated_reference_transfer.py --reps 4 --bootstraps 50 --n 3000 --epsilon 0.05 --strength 0 --design regional_shift --mar-design box --analysis-region true --reference-method ctmle --propensity-mode estimated --learner xgboost --propensity-learner xgboost --repair-mode targeting --c 2 --folds 3 --region-damp-grid 0 0.25 0.5 1 --validation-loss-se 1 --region-selector-ablation legacy --region-detector-c 4 --seed 2026096700 --progress-every 4 --out /tmp/dml_low_high_response_ablation_20260830_b50/raw/ctmle_s0_true_chunk15.csv --rep-out /tmp/dml_low_high_response_ablation_20260830_b50/raw/ctmle_s0_true_chunk15.reps.csv
0	true	16	2026097700	/tmp/dml_low_high_response_ablation_20260830_b50/raw/ctmle_s0_true_chunk16.csv	/tmp/dml_low_high_response_ablation_20260830_b50/raw/ctmle_s0_true_chunk16.reps.csv	/tmp/dml_ablation_env/bin/python /tmp/ney_region_targeting_3e131a9/replication/hidden_bias_regional_repair/scripts/validated_reference_transfer.py --reps 4 --bootstraps 50 --n 3000 --epsilon 0.05 --strength 0 --design regional_shift --mar-design box --analysis-region true --reference-method ctmle --propensity-mode estimated --learner xgboost --propensity-learner xgboost --repair-mode targeting --c 2 --folds 3 --region-damp-grid 0 0.25 0.5 1 --validation-loss-se 1 --region-selector-ablation legacy --region-detector-c 4 --seed 2026097700 --progress-every 4 --out /tmp/dml_low_high_response_ablation_20260830_b50/raw/ctmle_s0_true_chunk16.csv --rep-out /tmp/dml_low_high_response_ablation_20260830_b50/raw/ctmle_s0_true_chunk16.reps.csv
0	true	17	2026098700	/tmp/dml_low_high_response_ablation_20260830_b50/raw/ctmle_s0_true_chunk17.csv	/tmp/dml_low_high_response_ablation_20260830_b50/raw/ctmle_s0_true_chunk17.reps.csv	/tmp/dml_ablation_env/bin/python /tmp/ney_region_targeting_3e131a9/replication/hidden_bias_regional_repair/scripts/validated_reference_transfer.py --reps 4 --bootstraps 50 --n 3000 --epsilon 0.05 --strength 0 --design regional_shift --mar-design box --analysis-region true --reference-method ctmle --propensity-mode estimated --learner xgboost --propensity-learner xgboost --repair-mode targeting --c 2 --folds 3 --region-damp-grid 0 0.25 0.5 1 --validation-loss-se 1 --region-selector-ablation legacy --region-detector-c 4 --seed 2026098700 --progress-every 4 --out /tmp/dml_low_high_response_ablation_20260830_b50/raw/ctmle_s0_true_chunk17.csv --rep-out /tmp/dml_low_high_response_ablation_20260830_b50/raw/ctmle_s0_true_chunk17.reps.csv
0	true	18	2026099700	/tmp/dml_low_high_response_ablation_20260830_b50/raw/ctmle_s0_true_chunk18.csv	/tmp/dml_low_high_response_ablation_20260830_b50/raw/ctmle_s0_true_chunk18.reps.csv	/tmp/dml_ablation_env/bin/python /tmp/ney_region_targeting_3e131a9/replication/hidden_bias_regional_repair/scripts/validated_reference_transfer.py --reps 4 --bootstraps 50 --n 3000 --epsilon 0.05 --strength 0 --design regional_shift --mar-design box --analysis-region true --reference-method ctmle --propensity-mode estimated --learner xgboost --propensity-learner xgboost --repair-mode targeting --c 2 --folds 3 --region-damp-grid 0 0.25 0.5 1 --validation-loss-se 1 --region-selector-ablation legacy --region-detector-c 4 --seed 2026099700 --progress-every 4 --out /tmp/dml_low_high_response_ablation_20260830_b50/raw/ctmle_s0_true_chunk18.csv --rep-out /tmp/dml_low_high_response_ablation_20260830_b50/raw/ctmle_s0_true_chunk18.reps.csv
0	true	19	2026100700	/tmp/dml_low_high_response_ablation_20260830_b50/raw/ctmle_s0_true_chunk19.csv	/tmp/dml_low_high_response_ablation_20260830_b50/raw/ctmle_s0_true_chunk19.reps.csv	/tmp/dml_ablation_env/bin/python /tmp/ney_region_targeting_3e131a9/replication/hidden_bias_regional_repair/scripts/validated_reference_transfer.py --reps 4 --bootstraps 50 --n 3000 --epsilon 0.05 --strength 0 --design regional_shift --mar-design box --analysis-region true --reference-method ctmle --propensity-mode estimated --learner xgboost --propensity-learner xgboost --repair-mode targeting --c 2 --folds 3 --region-damp-grid 0 0.25 0.5 1 --validation-loss-se 1 --region-selector-ablation legacy --region-detector-c 4 --seed 2026100700 --progress-every 4 --out /tmp/dml_low_high_response_ablation_20260830_b50/raw/ctmle_s0_true_chunk19.csv --rep-out /tmp/dml_low_high_response_ablation_20260830_b50/raw/ctmle_s0_true_chunk19.reps.csv
0	true	20	2026101700	/tmp/dml_low_high_response_ablation_20260830_b50/raw/ctmle_s0_true_chunk20.csv	/tmp/dml_low_high_response_ablation_20260830_b50/raw/ctmle_s0_true_chunk20.reps.csv	/tmp/dml_ablation_env/bin/python /tmp/ney_region_targeting_3e131a9/replication/hidden_bias_regional_repair/scripts/validated_reference_transfer.py --reps 4 --bootstraps 50 --n 3000 --epsilon 0.05 --strength 0 --design regional_shift --mar-design box --analysis-region true --reference-method ctmle --propensity-mode estimated --learner xgboost --propensity-learner xgboost --repair-mode targeting --c 2 --folds 3 --region-damp-grid 0 0.25 0.5 1 --validation-loss-se 1 --region-selector-ablation legacy --region-detector-c 4 --seed 2026101700 --progress-every 4 --out /tmp/dml_low_high_response_ablation_20260830_b50/raw/ctmle_s0_true_chunk20.csv --rep-out /tmp/dml_low_high_response_ablation_20260830_b50/raw/ctmle_s0_true_chunk20.reps.csv
0	true	21	2026102700	/tmp/dml_low_high_response_ablation_20260830_b50/raw/ctmle_s0_true_chunk21.csv	/tmp/dml_low_high_response_ablation_20260830_b50/raw/ctmle_s0_true_chunk21.reps.csv	/tmp/dml_ablation_env/bin/python /tmp/ney_region_targeting_3e131a9/replication/hidden_bias_regional_repair/scripts/validated_reference_transfer.py --reps 4 --bootstraps 50 --n 3000 --epsilon 0.05 --strength 0 --design regional_shift --mar-design box --analysis-region true --reference-method ctmle --propensity-mode estimated --learner xgboost --propensity-learner xgboost --repair-mode targeting --c 2 --folds 3 --region-damp-grid 0 0.25 0.5 1 --validation-loss-se 1 --region-selector-ablation legacy --region-detector-c 4 --seed 2026102700 --progress-every 4 --out /tmp/dml_low_high_response_ablation_20260830_b50/raw/ctmle_s0_true_chunk21.csv --rep-out /tmp/dml_low_high_response_ablation_20260830_b50/raw/ctmle_s0_true_chunk21.reps.csv
0	true	22	2026103700	/tmp/dml_low_high_response_ablation_20260830_b50/raw/ctmle_s0_true_chunk22.csv	/tmp/dml_low_high_response_ablation_20260830_b50/raw/ctmle_s0_true_chunk22.reps.csv	/tmp/dml_ablation_env/bin/python /tmp/ney_region_targeting_3e131a9/replication/hidden_bias_regional_repair/scripts/validated_reference_transfer.py --reps 4 --bootstraps 50 --n 3000 --epsilon 0.05 --strength 0 --design regional_shift --mar-design box --analysis-region true --reference-method ctmle --propensity-mode estimated --learner xgboost --propensity-learner xgboost --repair-mode targeting --c 2 --folds 3 --region-damp-grid 0 0.25 0.5 1 --validation-loss-se 1 --region-selector-ablation legacy --region-detector-c 4 --seed 2026103700 --progress-every 4 --out /tmp/dml_low_high_response_ablation_20260830_b50/raw/ctmle_s0_true_chunk22.csv --rep-out /tmp/dml_low_high_response_ablation_20260830_b50/raw/ctmle_s0_true_chunk22.reps.csv
0	true	23	2026104700	/tmp/dml_low_high_response_ablation_20260830_b50/raw/ctmle_s0_true_chunk23.csv	/tmp/dml_low_high_response_ablation_20260830_b50/raw/ctmle_s0_true_chunk23.reps.csv	/tmp/dml_ablation_env/bin/python /tmp/ney_region_targeting_3e131a9/replication/hidden_bias_regional_repair/scripts/validated_reference_transfer.py --reps 4 --bootstraps 50 --n 3000 --epsilon 0.05 --strength 0 --design regional_shift --mar-design box --analysis-region true --reference-method ctmle --propensity-mode estimated --learner xgboost --propensity-learner xgboost --repair-mode targeting --c 2 --folds 3 --region-damp-grid 0 0.25 0.5 1 --validation-loss-se 1 --region-selector-ablation legacy --region-detector-c 4 --seed 2026104700 --progress-every 4 --out /tmp/dml_low_high_response_ablation_20260830_b50/raw/ctmle_s0_true_chunk23.csv --rep-out /tmp/dml_low_high_response_ablation_20260830_b50/raw/ctmle_s0_true_chunk23.reps.csv
0	wrong	0	2026081700	/tmp/dml_low_high_response_ablation_20260830_b50/raw/ctmle_s0_wrong_chunk00.csv	/tmp/dml_low_high_response_ablation_20260830_b50/raw/ctmle_s0_wrong_chunk00.reps.csv	/tmp/dml_ablation_env/bin/python /tmp/ney_region_targeting_3e131a9/replication/hidden_bias_regional_repair/scripts/validated_reference_transfer.py --reps 4 --bootstraps 50 --n 3000 --epsilon 0.05 --strength 0 --design regional_shift --mar-design box --analysis-region wrong --reference-method ctmle --propensity-mode estimated --learner xgboost --propensity-learner xgboost --repair-mode targeting --c 2 --folds 3 --region-damp-grid 0 0.25 0.5 1 --validation-loss-se 1 --region-selector-ablation legacy --region-detector-c 4 --seed 2026081700 --progress-every 4 --out /tmp/dml_low_high_response_ablation_20260830_b50/raw/ctmle_s0_wrong_chunk00.csv --rep-out /tmp/dml_low_high_response_ablation_20260830_b50/raw/ctmle_s0_wrong_chunk00.reps.csv
0	wrong	1	2026082700	/tmp/dml_low_high_response_ablation_20260830_b50/raw/ctmle_s0_wrong_chunk01.csv	/tmp/dml_low_high_response_ablation_20260830_b50/raw/ctmle_s0_wrong_chunk01.reps.csv	/tmp/dml_ablation_env/bin/python /tmp/ney_region_targeting_3e131a9/replication/hidden_bias_regional_repair/scripts/validated_reference_transfer.py --reps 4 --bootstraps 50 --n 3000 --epsilon 0.05 --strength 0 --design regional_shift --mar-design box --analysis-region wrong --reference-method ctmle --propensity-mode estimated --learner xgboost --propensity-learner xgboost --repair-mode targeting --c 2 --folds 3 --region-damp-grid 0 0.25 0.5 1 --validation-loss-se 1 --region-selector-ablation legacy --region-detector-c 4 --seed 2026082700 --progress-every 4 --out /tmp/dml_low_high_response_ablation_20260830_b50/raw/ctmle_s0_wrong_chunk01.csv --rep-out /tmp/dml_low_high_response_ablation_20260830_b50/raw/ctmle_s0_wrong_chunk01.reps.csv
0	wrong	2	2026083700	/tmp/dml_low_high_response_ablation_20260830_b50/raw/ctmle_s0_wrong_chunk02.csv	/tmp/dml_low_high_response_ablation_20260830_b50/raw/ctmle_s0_wrong_chunk02.reps.csv	/tmp/dml_ablation_env/bin/python /tmp/ney_region_targeting_3e131a9/replication/hidden_bias_regional_repair/scripts/validated_reference_transfer.py --reps 4 --bootstraps 50 --n 3000 --epsilon 0.05 --strength 0 --design regional_shift --mar-design box --analysis-region wrong --reference-method ctmle --propensity-mode estimated --learner xgboost --propensity-learner xgboost --repair-mode targeting --c 2 --folds 3 --region-damp-grid 0 0.25 0.5 1 --validation-loss-se 1 --region-selector-ablation legacy --region-detector-c 4 --seed 2026083700 --progress-every 4 --out /tmp/dml_low_high_response_ablation_20260830_b50/raw/ctmle_s0_wrong_chunk02.csv --rep-out /tmp/dml_low_high_response_ablation_20260830_b50/raw/ctmle_s0_wrong_chunk02.reps.csv
0	wrong	3	2026084700	/tmp/dml_low_high_response_ablation_20260830_b50/raw/ctmle_s0_wrong_chunk03.csv	/tmp/dml_low_high_response_ablation_20260830_b50/raw/ctmle_s0_wrong_chunk03.reps.csv	/tmp/dml_ablation_env/bin/python /tmp/ney_region_targeting_3e131a9/replication/hidden_bias_regional_repair/scripts/validated_reference_transfer.py --reps 4 --bootstraps 50 --n 3000 --epsilon 0.05 --strength 0 --design regional_shift --mar-design box --analysis-region wrong --reference-method ctmle --propensity-mode estimated --learner xgboost --propensity-learner xgboost --repair-mode targeting --c 2 --folds 3 --region-damp-grid 0 0.25 0.5 1 --validation-loss-se 1 --region-selector-ablation legacy --region-detector-c 4 --seed 2026084700 --progress-every 4 --out /tmp/dml_low_high_response_ablation_20260830_b50/raw/ctmle_s0_wrong_chunk03.csv --rep-out /tmp/dml_low_high_response_ablation_20260830_b50/raw/ctmle_s0_wrong_chunk03.reps.csv
0	wrong	4	2026085700	/tmp/dml_low_high_response_ablation_20260830_b50/raw/ctmle_s0_wrong_chunk04.csv	/tmp/dml_low_high_response_ablation_20260830_b50/raw/ctmle_s0_wrong_chunk04.reps.csv	/tmp/dml_ablation_env/bin/python /tmp/ney_region_targeting_3e131a9/replication/hidden_bias_regional_repair/scripts/validated_reference_transfer.py --reps 4 --bootstraps 50 --n 3000 --epsilon 0.05 --strength 0 --design regional_shift --mar-design box --analysis-region wrong --reference-method ctmle --propensity-mode estimated --learner xgboost --propensity-learner xgboost --repair-mode targeting --c 2 --folds 3 --region-damp-grid 0 0.25 0.5 1 --validation-loss-se 1 --region-selector-ablation legacy --region-detector-c 4 --seed 2026085700 --progress-every 4 --out /tmp/dml_low_high_response_ablation_20260830_b50/raw/ctmle_s0_wrong_chunk04.csv --rep-out /tmp/dml_low_high_response_ablation_20260830_b50/raw/ctmle_s0_wrong_chunk04.reps.csv
0	wrong	5	2026086700	/tmp/dml_low_high_response_ablation_20260830_b50/raw/ctmle_s0_wrong_chunk05.csv	/tmp/dml_low_high_response_ablation_20260830_b50/raw/ctmle_s0_wrong_chunk05.reps.csv	/tmp/dml_ablation_env/bin/python /tmp/ney_region_targeting_3e131a9/replication/hidden_bias_regional_repair/scripts/validated_reference_transfer.py --reps 4 --bootstraps 50 --n 3000 --epsilon 0.05 --strength 0 --design regional_shift --mar-design box --analysis-region wrong --reference-method ctmle --propensity-mode estimated --learner xgboost --propensity-learner xgboost --repair-mode targeting --c 2 --folds 3 --region-damp-grid 0 0.25 0.5 1 --validation-loss-se 1 --region-selector-ablation legacy --region-detector-c 4 --seed 2026086700 --progress-every 4 --out /tmp/dml_low_high_response_ablation_20260830_b50/raw/ctmle_s0_wrong_chunk05.csv --rep-out /tmp/dml_low_high_response_ablation_20260830_b50/raw/ctmle_s0_wrong_chunk05.reps.csv
0	wrong	6	2026087700	/tmp/dml_low_high_response_ablation_20260830_b50/raw/ctmle_s0_wrong_chunk06.csv	/tmp/dml_low_high_response_ablation_20260830_b50/raw/ctmle_s0_wrong_chunk06.reps.csv	/tmp/dml_ablation_env/bin/python /tmp/ney_region_targeting_3e131a9/replication/hidden_bias_regional_repair/scripts/validated_reference_transfer.py --reps 4 --bootstraps 50 --n 3000 --epsilon 0.05 --strength 0 --design regional_shift --mar-design box --analysis-region wrong --reference-method ctmle --propensity-mode estimated --learner xgboost --propensity-learner xgboost --repair-mode targeting --c 2 --folds 3 --region-damp-grid 0 0.25 0.5 1 --validation-loss-se 1 --region-selector-ablation legacy --region-detector-c 4 --seed 2026087700 --progress-every 4 --out /tmp/dml_low_high_response_ablation_20260830_b50/raw/ctmle_s0_wrong_chunk06.csv --rep-out /tmp/dml_low_high_response_ablation_20260830_b50/raw/ctmle_s0_wrong_chunk06.reps.csv
0	wrong	7	2026088700	/tmp/dml_low_high_response_ablation_20260830_b50/raw/ctmle_s0_wrong_chunk07.csv	/tmp/dml_low_high_response_ablation_20260830_b50/raw/ctmle_s0_wrong_chunk07.reps.csv	/tmp/dml_ablation_env/bin/python /tmp/ney_region_targeting_3e131a9/replication/hidden_bias_regional_repair/scripts/validated_reference_transfer.py --reps 4 --bootstraps 50 --n 3000 --epsilon 0.05 --strength 0 --design regional_shift --mar-design box --analysis-region wrong --reference-method ctmle --propensity-mode estimated --learner xgboost --propensity-learner xgboost --repair-mode targeting --c 2 --folds 3 --region-damp-grid 0 0.25 0.5 1 --validation-loss-se 1 --region-selector-ablation legacy --region-detector-c 4 --seed 2026088700 --progress-every 4 --out /tmp/dml_low_high_response_ablation_20260830_b50/raw/ctmle_s0_wrong_chunk07.csv --rep-out /tmp/dml_low_high_response_ablation_20260830_b50/raw/ctmle_s0_wrong_chunk07.reps.csv
0	wrong	8	2026089700	/tmp/dml_low_high_response_ablation_20260830_b50/raw/ctmle_s0_wrong_chunk08.csv	/tmp/dml_low_high_response_ablation_20260830_b50/raw/ctmle_s0_wrong_chunk08.reps.csv	/tmp/dml_ablation_env/bin/python /tmp/ney_region_targeting_3e131a9/replication/hidden_bias_regional_repair/scripts/validated_reference_transfer.py --reps 4 --bootstraps 50 --n 3000 --epsilon 0.05 --strength 0 --design regional_shift --mar-design box --analysis-region wrong --reference-method ctmle --propensity-mode estimated --learner xgboost --propensity-learner xgboost --repair-mode targeting --c 2 --folds 3 --region-damp-grid 0 0.25 0.5 1 --validation-loss-se 1 --region-selector-ablation legacy --region-detector-c 4 --seed 2026089700 --progress-every 4 --out /tmp/dml_low_high_response_ablation_20260830_b50/raw/ctmle_s0_wrong_chunk08.csv --rep-out /tmp/dml_low_high_response_ablation_20260830_b50/raw/ctmle_s0_wrong_chunk08.reps.csv
0	wrong	9	2026090700	/tmp/dml_low_high_response_ablation_20260830_b50/raw/ctmle_s0_wrong_chunk09.csv	/tmp/dml_low_high_response_ablation_20260830_b50/raw/ctmle_s0_wrong_chunk09.reps.csv	/tmp/dml_ablation_env/bin/python /tmp/ney_region_targeting_3e131a9/replication/hidden_bias_regional_repair/scripts/validated_reference_transfer.py --reps 4 --bootstraps 50 --n 3000 --epsilon 0.05 --strength 0 --design regional_shift --mar-design box --analysis-region wrong --reference-method ctmle --propensity-mode estimated --learner xgboost --propensity-learner xgboost --repair-mode targeting --c 2 --folds 3 --region-damp-grid 0 0.25 0.5 1 --validation-loss-se 1 --region-selector-ablation legacy --region-detector-c 4 --seed 2026090700 --progress-every 4 --out /tmp/dml_low_high_response_ablation_20260830_b50/raw/ctmle_s0_wrong_chunk09.csv --rep-out /tmp/dml_low_high_response_ablation_20260830_b50/raw/ctmle_s0_wrong_chunk09.reps.csv
0	wrong	10	2026091700	/tmp/dml_low_high_response_ablation_20260830_b50/raw/ctmle_s0_wrong_chunk10.csv	/tmp/dml_low_high_response_ablation_20260830_b50/raw/ctmle_s0_wrong_chunk10.reps.csv	/tmp/dml_ablation_env/bin/python /tmp/ney_region_targeting_3e131a9/replication/hidden_bias_regional_repair/scripts/validated_reference_transfer.py --reps 4 --bootstraps 50 --n 3000 --epsilon 0.05 --strength 0 --design regional_shift --mar-design box --analysis-region wrong --reference-method ctmle --propensity-mode estimated --learner xgboost --propensity-learner xgboost --repair-mode targeting --c 2 --folds 3 --region-damp-grid 0 0.25 0.5 1 --validation-loss-se 1 --region-selector-ablation legacy --region-detector-c 4 --seed 2026091700 --progress-every 4 --out /tmp/dml_low_high_response_ablation_20260830_b50/raw/ctmle_s0_wrong_chunk10.csv --rep-out /tmp/dml_low_high_response_ablation_20260830_b50/raw/ctmle_s0_wrong_chunk10.reps.csv
0	wrong	11	2026092700	/tmp/dml_low_high_response_ablation_20260830_b50/raw/ctmle_s0_wrong_chunk11.csv	/tmp/dml_low_high_response_ablation_20260830_b50/raw/ctmle_s0_wrong_chunk11.reps.csv	/tmp/dml_ablation_env/bin/python /tmp/ney_region_targeting_3e131a9/replication/hidden_bias_regional_repair/scripts/validated_reference_transfer.py --reps 4 --bootstraps 50 --n 3000 --epsilon 0.05 --strength 0 --design regional_shift --mar-design box --analysis-region wrong --reference-method ctmle --propensity-mode estimated --learner xgboost --propensity-learner xgboost --repair-mode targeting --c 2 --folds 3 --region-damp-grid 0 0.25 0.5 1 --validation-loss-se 1 --region-selector-ablation legacy --region-detector-c 4 --seed 2026092700 --progress-every 4 --out /tmp/dml_low_high_response_ablation_20260830_b50/raw/ctmle_s0_wrong_chunk11.csv --rep-out /tmp/dml_low_high_response_ablation_20260830_b50/raw/ctmle_s0_wrong_chunk11.reps.csv
0	wrong	12	2026093700	/tmp/dml_low_high_response_ablation_20260830_b50/raw/ctmle_s0_wrong_chunk12.csv	/tmp/dml_low_high_response_ablation_20260830_b50/raw/ctmle_s0_wrong_chunk12.reps.csv	/tmp/dml_ablation_env/bin/python /tmp/ney_region_targeting_3e131a9/replication/hidden_bias_regional_repair/scripts/validated_reference_transfer.py --reps 4 --bootstraps 50 --n 3000 --epsilon 0.05 --strength 0 --design regional_shift --mar-design box --analysis-region wrong --reference-method ctmle --propensity-mode estimated --learner xgboost --propensity-learner xgboost --repair-mode targeting --c 2 --folds 3 --region-damp-grid 0 0.25 0.5 1 --validation-loss-se 1 --region-selector-ablation legacy --region-detector-c 4 --seed 2026093700 --progress-every 4 --out /tmp/dml_low_high_response_ablation_20260830_b50/raw/ctmle_s0_wrong_chunk12.csv --rep-out /tmp/dml_low_high_response_ablation_20260830_b50/raw/ctmle_s0_wrong_chunk12.reps.csv
0	wrong	13	2026094700	/tmp/dml_low_high_response_ablation_20260830_b50/raw/ctmle_s0_wrong_chunk13.csv	/tmp/dml_low_high_response_ablation_20260830_b50/raw/ctmle_s0_wrong_chunk13.reps.csv	/tmp/dml_ablation_env/bin/python /tmp/ney_region_targeting_3e131a9/replication/hidden_bias_regional_repair/scripts/validated_reference_transfer.py --reps 4 --bootstraps 50 --n 3000 --epsilon 0.05 --strength 0 --design regional_shift --mar-design box --analysis-region wrong --reference-method ctmle --propensity-mode estimated --learner xgboost --propensity-learner xgboost --repair-mode targeting --c 2 --folds 3 --region-damp-grid 0 0.25 0.5 1 --validation-loss-se 1 --region-selector-ablation legacy --region-detector-c 4 --seed 2026094700 --progress-every 4 --out /tmp/dml_low_high_response_ablation_20260830_b50/raw/ctmle_s0_wrong_chunk13.csv --rep-out /tmp/dml_low_high_response_ablation_20260830_b50/raw/ctmle_s0_wrong_chunk13.reps.csv
0	wrong	14	2026095700	/tmp/dml_low_high_response_ablation_20260830_b50/raw/ctmle_s0_wrong_chunk14.csv	/tmp/dml_low_high_response_ablation_20260830_b50/raw/ctmle_s0_wrong_chunk14.reps.csv	/tmp/dml_ablation_env/bin/python /tmp/ney_region_targeting_3e131a9/replication/hidden_bias_regional_repair/scripts/validated_reference_transfer.py --reps 4 --bootstraps 50 --n 3000 --epsilon 0.05 --strength 0 --design regional_shift --mar-design box --analysis-region wrong --reference-method ctmle --propensity-mode estimated --learner xgboost --propensity-learner xgboost --repair-mode targeting --c 2 --folds 3 --region-damp-grid 0 0.25 0.5 1 --validation-loss-se 1 --region-selector-ablation legacy --region-detector-c 4 --seed 2026095700 --progress-every 4 --out /tmp/dml_low_high_response_ablation_20260830_b50/raw/ctmle_s0_wrong_chunk14.csv --rep-out /tmp/dml_low_high_response_ablation_20260830_b50/raw/ctmle_s0_wrong_chunk14.reps.csv
0	wrong	15	2026096700	/tmp/dml_low_high_response_ablation_20260830_b50/raw/ctmle_s0_wrong_chunk15.csv	/tmp/dml_low_high_response_ablation_20260830_b50/raw/ctmle_s0_wrong_chunk15.reps.csv	/tmp/dml_ablation_env/bin/python /tmp/ney_region_targeting_3e131a9/replication/hidden_bias_regional_repair/scripts/validated_reference_transfer.py --reps 4 --bootstraps 50 --n 3000 --epsilon 0.05 --strength 0 --design regional_shift --mar-design box --analysis-region wrong --reference-method ctmle --propensity-mode estimated --learner xgboost --propensity-learner xgboost --repair-mode targeting --c 2 --folds 3 --region-damp-grid 0 0.25 0.5 1 --validation-loss-se 1 --region-selector-ablation legacy --region-detector-c 4 --seed 2026096700 --progress-every 4 --out /tmp/dml_low_high_response_ablation_20260830_b50/raw/ctmle_s0_wrong_chunk15.csv --rep-out /tmp/dml_low_high_response_ablation_20260830_b50/raw/ctmle_s0_wrong_chunk15.reps.csv
0	wrong	16	2026097700	/tmp/dml_low_high_response_ablation_20260830_b50/raw/ctmle_s0_wrong_chunk16.csv	/tmp/dml_low_high_response_ablation_20260830_b50/raw/ctmle_s0_wrong_chunk16.reps.csv	/tmp/dml_ablation_env/bin/python /tmp/ney_region_targeting_3e131a9/replication/hidden_bias_regional_repair/scripts/validated_reference_transfer.py --reps 4 --bootstraps 50 --n 3000 --epsilon 0.05 --strength 0 --design regional_shift --mar-design box --analysis-region wrong --reference-method ctmle --propensity-mode estimated --learner xgboost --propensity-learner xgboost --repair-mode targeting --c 2 --folds 3 --region-damp-grid 0 0.25 0.5 1 --validation-loss-se 1 --region-selector-ablation legacy --region-detector-c 4 --seed 2026097700 --progress-every 4 --out /tmp/dml_low_high_response_ablation_20260830_b50/raw/ctmle_s0_wrong_chunk16.csv --rep-out /tmp/dml_low_high_response_ablation_20260830_b50/raw/ctmle_s0_wrong_chunk16.reps.csv
0	wrong	17	2026098700	/tmp/dml_low_high_response_ablation_20260830_b50/raw/ctmle_s0_wrong_chunk17.csv	/tmp/dml_low_high_response_ablation_20260830_b50/raw/ctmle_s0_wrong_chunk17.reps.csv	/tmp/dml_ablation_env/bin/python /tmp/ney_region_targeting_3e131a9/replication/hidden_bias_regional_repair/scripts/validated_reference_transfer.py --reps 4 --bootstraps 50 --n 3000 --epsilon 0.05 --strength 0 --design regional_shift --mar-design box --analysis-region wrong --reference-method ctmle --propensity-mode estimated --learner xgboost --propensity-learner xgboost --repair-mode targeting --c 2 --folds 3 --region-damp-grid 0 0.25 0.5 1 --validation-loss-se 1 --region-selector-ablation legacy --region-detector-c 4 --seed 2026098700 --progress-every 4 --out /tmp/dml_low_high_response_ablation_20260830_b50/raw/ctmle_s0_wrong_chunk17.csv --rep-out /tmp/dml_low_high_response_ablation_20260830_b50/raw/ctmle_s0_wrong_chunk17.reps.csv
0	wrong	18	2026099700	/tmp/dml_low_high_response_ablation_20260830_b50/raw/ctmle_s0_wrong_chunk18.csv	/tmp/dml_low_high_response_ablation_20260830_b50/raw/ctmle_s0_wrong_chunk18.reps.csv	/tmp/dml_ablation_env/bin/python /tmp/ney_region_targeting_3e131a9/replication/hidden_bias_regional_repair/scripts/validated_reference_transfer.py --reps 4 --bootstraps 50 --n 3000 --epsilon 0.05 --strength 0 --design regional_shift --mar-design box --analysis-region wrong --reference-method ctmle --propensity-mode estimated --learner xgboost --propensity-learner xgboost --repair-mode targeting --c 2 --folds 3 --region-damp-grid 0 0.25 0.5 1 --validation-loss-se 1 --region-selector-ablation legacy --region-detector-c 4 --seed 2026099700 --progress-every 4 --out /tmp/dml_low_high_response_ablation_20260830_b50/raw/ctmle_s0_wrong_chunk18.csv --rep-out /tmp/dml_low_high_response_ablation_20260830_b50/raw/ctmle_s0_wrong_chunk18.reps.csv
0	wrong	19	2026100700	/tmp/dml_low_high_response_ablation_20260830_b50/raw/ctmle_s0_wrong_chunk19.csv	/tmp/dml_low_high_response_ablation_20260830_b50/raw/ctmle_s0_wrong_chunk19.reps.csv	/tmp/dml_ablation_env/bin/python /tmp/ney_region_targeting_3e131a9/replication/hidden_bias_regional_repair/scripts/validated_reference_transfer.py --reps 4 --bootstraps 50 --n 3000 --epsilon 0.05 --strength 0 --design regional_shift --mar-design box --analysis-region wrong --reference-method ctmle --propensity-mode estimated --learner xgboost --propensity-learner xgboost --repair-mode targeting --c 2 --folds 3 --region-damp-grid 0 0.25 0.5 1 --validation-loss-se 1 --region-selector-ablation legacy --region-detector-c 4 --seed 2026100700 --progress-every 4 --out /tmp/dml_low_high_response_ablation_20260830_b50/raw/ctmle_s0_wrong_chunk19.csv --rep-out /tmp/dml_low_high_response_ablation_20260830_b50/raw/ctmle_s0_wrong_chunk19.reps.csv
0	wrong	20	2026101700	/tmp/dml_low_high_response_ablation_20260830_b50/raw/ctmle_s0_wrong_chunk20.csv	/tmp/dml_low_high_response_ablation_20260830_b50/raw/ctmle_s0_wrong_chunk20.reps.csv	/tmp/dml_ablation_env/bin/python /tmp/ney_region_targeting_3e131a9/replication/hidden_bias_regional_repair/scripts/validated_reference_transfer.py --reps 4 --bootstraps 50 --n 3000 --epsilon 0.05 --strength 0 --design regional_shift --mar-design box --analysis-region wrong --reference-method ctmle --propensity-mode estimated --learner xgboost --propensity-learner xgboost --repair-mode targeting --c 2 --folds 3 --region-damp-grid 0 0.25 0.5 1 --validation-loss-se 1 --region-selector-ablation legacy --region-detector-c 4 --seed 2026101700 --progress-every 4 --out /tmp/dml_low_high_response_ablation_20260830_b50/raw/ctmle_s0_wrong_chunk20.csv --rep-out /tmp/dml_low_high_response_ablation_20260830_b50/raw/ctmle_s0_wrong_chunk20.reps.csv
0	wrong	21	2026102700	/tmp/dml_low_high_response_ablation_20260830_b50/raw/ctmle_s0_wrong_chunk21.csv	/tmp/dml_low_high_response_ablation_20260830_b50/raw/ctmle_s0_wrong_chunk21.reps.csv	/tmp/dml_ablation_env/bin/python /tmp/ney_region_targeting_3e131a9/replication/hidden_bias_regional_repair/scripts/validated_reference_transfer.py --reps 4 --bootstraps 50 --n 3000 --epsilon 0.05 --strength 0 --design regional_shift --mar-design box --analysis-region wrong --reference-method ctmle --propensity-mode estimated --learner xgboost --propensity-learner xgboost --repair-mode targeting --c 2 --folds 3 --region-damp-grid 0 0.25 0.5 1 --validation-loss-se 1 --region-selector-ablation legacy --region-detector-c 4 --seed 2026102700 --progress-every 4 --out /tmp/dml_low_high_response_ablation_20260830_b50/raw/ctmle_s0_wrong_chunk21.csv --rep-out /tmp/dml_low_high_response_ablation_20260830_b50/raw/ctmle_s0_wrong_chunk21.reps.csv
0	wrong	22	2026103700	/tmp/dml_low_high_response_ablation_20260830_b50/raw/ctmle_s0_wrong_chunk22.csv	/tmp/dml_low_high_response_ablation_20260830_b50/raw/ctmle_s0_wrong_chunk22.reps.csv	/tmp/dml_ablation_env/bin/python /tmp/ney_region_targeting_3e131a9/replication/hidden_bias_regional_repair/scripts/validated_reference_transfer.py --reps 4 --bootstraps 50 --n 3000 --epsilon 0.05 --strength 0 --design regional_shift --mar-design box --analysis-region wrong --reference-method ctmle --propensity-mode estimated --learner xgboost --propensity-learner xgboost --repair-mode targeting --c 2 --folds 3 --region-damp-grid 0 0.25 0.5 1 --validation-loss-se 1 --region-selector-ablation legacy --region-detector-c 4 --seed 2026103700 --progress-every 4 --out /tmp/dml_low_high_response_ablation_20260830_b50/raw/ctmle_s0_wrong_chunk22.csv --rep-out /tmp/dml_low_high_response_ablation_20260830_b50/raw/ctmle_s0_wrong_chunk22.reps.csv
0	wrong	23	2026104700	/tmp/dml_low_high_response_ablation_20260830_b50/raw/ctmle_s0_wrong_chunk23.csv	/tmp/dml_low_high_response_ablation_20260830_b50/raw/ctmle_s0_wrong_chunk23.reps.csv	/tmp/dml_ablation_env/bin/python /tmp/ney_region_targeting_3e131a9/replication/hidden_bias_regional_repair/scripts/validated_reference_transfer.py --reps 4 --bootstraps 50 --n 3000 --epsilon 0.05 --strength 0 --design regional_shift --mar-design box --analysis-region wrong --reference-method ctmle --propensity-mode estimated --learner xgboost --propensity-learner xgboost --repair-mode targeting --c 2 --folds 3 --region-damp-grid 0 0.25 0.5 1 --validation-loss-se 1 --region-selector-ablation legacy --region-detector-c 4 --seed 2026104700 --progress-every 4 --out /tmp/dml_low_high_response_ablation_20260830_b50/raw/ctmle_s0_wrong_chunk23.csv --rep-out /tmp/dml_low_high_response_ablation_20260830_b50/raw/ctmle_s0_wrong_chunk23.reps.csv
3	true	0	2026381700	/tmp/dml_low_high_response_ablation_20260830_b50/raw/ctmle_s3_true_chunk00.csv	/tmp/dml_low_high_response_ablation_20260830_b50/raw/ctmle_s3_true_chunk00.reps.csv	/tmp/dml_ablation_env/bin/python /tmp/ney_region_targeting_3e131a9/replication/hidden_bias_regional_repair/scripts/validated_reference_transfer.py --reps 4 --bootstraps 50 --n 3000 --epsilon 0.05 --strength 3 --design regional_shift --mar-design box --analysis-region true --reference-method ctmle --propensity-mode estimated --learner xgboost --propensity-learner xgboost --repair-mode targeting --c 2 --folds 3 --region-damp-grid 0 0.25 0.5 1 --validation-loss-se 1 --region-selector-ablation legacy --region-detector-c 4 --seed 2026381700 --progress-every 4 --out /tmp/dml_low_high_response_ablation_20260830_b50/raw/ctmle_s3_true_chunk00.csv --rep-out /tmp/dml_low_high_response_ablation_20260830_b50/raw/ctmle_s3_true_chunk00.reps.csv
3	true	1	2026382700	/tmp/dml_low_high_response_ablation_20260830_b50/raw/ctmle_s3_true_chunk01.csv	/tmp/dml_low_high_response_ablation_20260830_b50/raw/ctmle_s3_true_chunk01.reps.csv	/tmp/dml_ablation_env/bin/python /tmp/ney_region_targeting_3e131a9/replication/hidden_bias_regional_repair/scripts/validated_reference_transfer.py --reps 4 --bootstraps 50 --n 3000 --epsilon 0.05 --strength 3 --design regional_shift --mar-design box --analysis-region true --reference-method ctmle --propensity-mode estimated --learner xgboost --propensity-learner xgboost --repair-mode targeting --c 2 --folds 3 --region-damp-grid 0 0.25 0.5 1 --validation-loss-se 1 --region-selector-ablation legacy --region-detector-c 4 --seed 2026382700 --progress-every 4 --out /tmp/dml_low_high_response_ablation_20260830_b50/raw/ctmle_s3_true_chunk01.csv --rep-out /tmp/dml_low_high_response_ablation_20260830_b50/raw/ctmle_s3_true_chunk01.reps.csv
3	true	2	2026383700	/tmp/dml_low_high_response_ablation_20260830_b50/raw/ctmle_s3_true_chunk02.csv	/tmp/dml_low_high_response_ablation_20260830_b50/raw/ctmle_s3_true_chunk02.reps.csv	/tmp/dml_ablation_env/bin/python /tmp/ney_region_targeting_3e131a9/replication/hidden_bias_regional_repair/scripts/validated_reference_transfer.py --reps 4 --bootstraps 50 --n 3000 --epsilon 0.05 --strength 3 --design regional_shift --mar-design box --analysis-region true --reference-method ctmle --propensity-mode estimated --learner xgboost --propensity-learner xgboost --repair-mode targeting --c 2 --folds 3 --region-damp-grid 0 0.25 0.5 1 --validation-loss-se 1 --region-selector-ablation legacy --region-detector-c 4 --seed 2026383700 --progress-every 4 --out /tmp/dml_low_high_response_ablation_20260830_b50/raw/ctmle_s3_true_chunk02.csv --rep-out /tmp/dml_low_high_response_ablation_20260830_b50/raw/ctmle_s3_true_chunk02.reps.csv
3	true	3	2026384700	/tmp/dml_low_high_response_ablation_20260830_b50/raw/ctmle_s3_true_chunk03.csv	/tmp/dml_low_high_response_ablation_20260830_b50/raw/ctmle_s3_true_chunk03.reps.csv	/tmp/dml_ablation_env/bin/python /tmp/ney_region_targeting_3e131a9/replication/hidden_bias_regional_repair/scripts/validated_reference_transfer.py --reps 4 --bootstraps 50 --n 3000 --epsilon 0.05 --strength 3 --design regional_shift --mar-design box --analysis-region true --reference-method ctmle --propensity-mode estimated --learner xgboost --propensity-learner xgboost --repair-mode targeting --c 2 --folds 3 --region-damp-grid 0 0.25 0.5 1 --validation-loss-se 1 --region-selector-ablation legacy --region-detector-c 4 --seed 2026384700 --progress-every 4 --out /tmp/dml_low_high_response_ablation_20260830_b50/raw/ctmle_s3_true_chunk03.csv --rep-out /tmp/dml_low_high_response_ablation_20260830_b50/raw/ctmle_s3_true_chunk03.reps.csv
3	true	4	2026385700	/tmp/dml_low_high_response_ablation_20260830_b50/raw/ctmle_s3_true_chunk04.csv	/tmp/dml_low_high_response_ablation_20260830_b50/raw/ctmle_s3_true_chunk04.reps.csv	/tmp/dml_ablation_env/bin/python /tmp/ney_region_targeting_3e131a9/replication/hidden_bias_regional_repair/scripts/validated_reference_transfer.py --reps 4 --bootstraps 50 --n 3000 --epsilon 0.05 --strength 3 --design regional_shift --mar-design box --analysis-region true --reference-method ctmle --propensity-mode estimated --learner xgboost --propensity-learner xgboost --repair-mode targeting --c 2 --folds 3 --region-damp-grid 0 0.25 0.5 1 --validation-loss-se 1 --region-selector-ablation legacy --region-detector-c 4 --seed 2026385700 --progress-every 4 --out /tmp/dml_low_high_response_ablation_20260830_b50/raw/ctmle_s3_true_chunk04.csv --rep-out /tmp/dml_low_high_response_ablation_20260830_b50/raw/ctmle_s3_true_chunk04.reps.csv
3	true	5	2026386700	/tmp/dml_low_high_response_ablation_20260830_b50/raw/ctmle_s3_true_chunk05.csv	/tmp/dml_low_high_response_ablation_20260830_b50/raw/ctmle_s3_true_chunk05.reps.csv	/tmp/dml_ablation_env/bin/python /tmp/ney_region_targeting_3e131a9/replication/hidden_bias_regional_repair/scripts/validated_reference_transfer.py --reps 4 --bootstraps 50 --n 3000 --epsilon 0.05 --strength 3 --design regional_shift --mar-design box --analysis-region true --reference-method ctmle --propensity-mode estimated --learner xgboost --propensity-learner xgboost --repair-mode targeting --c 2 --folds 3 --region-damp-grid 0 0.25 0.5 1 --validation-loss-se 1 --region-selector-ablation legacy --region-detector-c 4 --seed 2026386700 --progress-every 4 --out /tmp/dml_low_high_response_ablation_20260830_b50/raw/ctmle_s3_true_chunk05.csv --rep-out /tmp/dml_low_high_response_ablation_20260830_b50/raw/ctmle_s3_true_chunk05.reps.csv
3	true	6	2026387700	/tmp/dml_low_high_response_ablation_20260830_b50/raw/ctmle_s3_true_chunk06.csv	/tmp/dml_low_high_response_ablation_20260830_b50/raw/ctmle_s3_true_chunk06.reps.csv	/tmp/dml_ablation_env/bin/python /tmp/ney_region_targeting_3e131a9/replication/hidden_bias_regional_repair/scripts/validated_reference_transfer.py --reps 4 --bootstraps 50 --n 3000 --epsilon 0.05 --strength 3 --design regional_shift --mar-design box --analysis-region true --reference-method ctmle --propensity-mode estimated --learner xgboost --propensity-learner xgboost --repair-mode targeting --c 2 --folds 3 --region-damp-grid 0 0.25 0.5 1 --validation-loss-se 1 --region-selector-ablation legacy --region-detector-c 4 --seed 2026387700 --progress-every 4 --out /tmp/dml_low_high_response_ablation_20260830_b50/raw/ctmle_s3_true_chunk06.csv --rep-out /tmp/dml_low_high_response_ablation_20260830_b50/raw/ctmle_s3_true_chunk06.reps.csv
3	true	7	2026388700	/tmp/dml_low_high_response_ablation_20260830_b50/raw/ctmle_s3_true_chunk07.csv	/tmp/dml_low_high_response_ablation_20260830_b50/raw/ctmle_s3_true_chunk07.reps.csv	/tmp/dml_ablation_env/bin/python /tmp/ney_region_targeting_3e131a9/replication/hidden_bias_regional_repair/scripts/validated_reference_transfer.py --reps 4 --bootstraps 50 --n 3000 --epsilon 0.05 --strength 3 --design regional_shift --mar-design box --analysis-region true --reference-method ctmle --propensity-mode estimated --learner xgboost --propensity-learner xgboost --repair-mode targeting --c 2 --folds 3 --region-damp-grid 0 0.25 0.5 1 --validation-loss-se 1 --region-selector-ablation legacy --region-detector-c 4 --seed 2026388700 --progress-every 4 --out /tmp/dml_low_high_response_ablation_20260830_b50/raw/ctmle_s3_true_chunk07.csv --rep-out /tmp/dml_low_high_response_ablation_20260830_b50/raw/ctmle_s3_true_chunk07.reps.csv
3	true	8	2026389700	/tmp/dml_low_high_response_ablation_20260830_b50/raw/ctmle_s3_true_chunk08.csv	/tmp/dml_low_high_response_ablation_20260830_b50/raw/ctmle_s3_true_chunk08.reps.csv	/tmp/dml_ablation_env/bin/python /tmp/ney_region_targeting_3e131a9/replication/hidden_bias_regional_repair/scripts/validated_reference_transfer.py --reps 4 --bootstraps 50 --n 3000 --epsilon 0.05 --strength 3 --design regional_shift --mar-design box --analysis-region true --reference-method ctmle --propensity-mode estimated --learner xgboost --propensity-learner xgboost --repair-mode targeting --c 2 --folds 3 --region-damp-grid 0 0.25 0.5 1 --validation-loss-se 1 --region-selector-ablation legacy --region-detector-c 4 --seed 2026389700 --progress-every 4 --out /tmp/dml_low_high_response_ablation_20260830_b50/raw/ctmle_s3_true_chunk08.csv --rep-out /tmp/dml_low_high_response_ablation_20260830_b50/raw/ctmle_s3_true_chunk08.reps.csv
3	true	9	2026390700	/tmp/dml_low_high_response_ablation_20260830_b50/raw/ctmle_s3_true_chunk09.csv	/tmp/dml_low_high_response_ablation_20260830_b50/raw/ctmle_s3_true_chunk09.reps.csv	/tmp/dml_ablation_env/bin/python /tmp/ney_region_targeting_3e131a9/replication/hidden_bias_regional_repair/scripts/validated_reference_transfer.py --reps 4 --bootstraps 50 --n 3000 --epsilon 0.05 --strength 3 --design regional_shift --mar-design box --analysis-region true --reference-method ctmle --propensity-mode estimated --learner xgboost --propensity-learner xgboost --repair-mode targeting --c 2 --folds 3 --region-damp-grid 0 0.25 0.5 1 --validation-loss-se 1 --region-selector-ablation legacy --region-detector-c 4 --seed 2026390700 --progress-every 4 --out /tmp/dml_low_high_response_ablation_20260830_b50/raw/ctmle_s3_true_chunk09.csv --rep-out /tmp/dml_low_high_response_ablation_20260830_b50/raw/ctmle_s3_true_chunk09.reps.csv
3	true	10	2026391700	/tmp/dml_low_high_response_ablation_20260830_b50/raw/ctmle_s3_true_chunk10.csv	/tmp/dml_low_high_response_ablation_20260830_b50/raw/ctmle_s3_true_chunk10.reps.csv	/tmp/dml_ablation_env/bin/python /tmp/ney_region_targeting_3e131a9/replication/hidden_bias_regional_repair/scripts/validated_reference_transfer.py --reps 4 --bootstraps 50 --n 3000 --epsilon 0.05 --strength 3 --design regional_shift --mar-design box --analysis-region true --reference-method ctmle --propensity-mode estimated --learner xgboost --propensity-learner xgboost --repair-mode targeting --c 2 --folds 3 --region-damp-grid 0 0.25 0.5 1 --validation-loss-se 1 --region-selector-ablation legacy --region-detector-c 4 --seed 2026391700 --progress-every 4 --out /tmp/dml_low_high_response_ablation_20260830_b50/raw/ctmle_s3_true_chunk10.csv --rep-out /tmp/dml_low_high_response_ablation_20260830_b50/raw/ctmle_s3_true_chunk10.reps.csv
3	true	11	2026392700	/tmp/dml_low_high_response_ablation_20260830_b50/raw/ctmle_s3_true_chunk11.csv	/tmp/dml_low_high_response_ablation_20260830_b50/raw/ctmle_s3_true_chunk11.reps.csv	/tmp/dml_ablation_env/bin/python /tmp/ney_region_targeting_3e131a9/replication/hidden_bias_regional_repair/scripts/validated_reference_transfer.py --reps 4 --bootstraps 50 --n 3000 --epsilon 0.05 --strength 3 --design regional_shift --mar-design box --analysis-region true --reference-method ctmle --propensity-mode estimated --learner xgboost --propensity-learner xgboost --repair-mode targeting --c 2 --folds 3 --region-damp-grid 0 0.25 0.5 1 --validation-loss-se 1 --region-selector-ablation legacy --region-detector-c 4 --seed 2026392700 --progress-every 4 --out /tmp/dml_low_high_response_ablation_20260830_b50/raw/ctmle_s3_true_chunk11.csv --rep-out /tmp/dml_low_high_response_ablation_20260830_b50/raw/ctmle_s3_true_chunk11.reps.csv
3	true	12	2026393700	/tmp/dml_low_high_response_ablation_20260830_b50/raw/ctmle_s3_true_chunk12.csv	/tmp/dml_low_high_response_ablation_20260830_b50/raw/ctmle_s3_true_chunk12.reps.csv	/tmp/dml_ablation_env/bin/python /tmp/ney_region_targeting_3e131a9/replication/hidden_bias_regional_repair/scripts/validated_reference_transfer.py --reps 4 --bootstraps 50 --n 3000 --epsilon 0.05 --strength 3 --design regional_shift --mar-design box --analysis-region true --reference-method ctmle --propensity-mode estimated --learner xgboost --propensity-learner xgboost --repair-mode targeting --c 2 --folds 3 --region-damp-grid 0 0.25 0.5 1 --validation-loss-se 1 --region-selector-ablation legacy --region-detector-c 4 --seed 2026393700 --progress-every 4 --out /tmp/dml_low_high_response_ablation_20260830_b50/raw/ctmle_s3_true_chunk12.csv --rep-out /tmp/dml_low_high_response_ablation_20260830_b50/raw/ctmle_s3_true_chunk12.reps.csv
3	true	13	2026394700	/tmp/dml_low_high_response_ablation_20260830_b50/raw/ctmle_s3_true_chunk13.csv	/tmp/dml_low_high_response_ablation_20260830_b50/raw/ctmle_s3_true_chunk13.reps.csv	/tmp/dml_ablation_env/bin/python /tmp/ney_region_targeting_3e131a9/replication/hidden_bias_regional_repair/scripts/validated_reference_transfer.py --reps 4 --bootstraps 50 --n 3000 --epsilon 0.05 --strength 3 --design regional_shift --mar-design box --analysis-region true --reference-method ctmle --propensity-mode estimated --learner xgboost --propensity-learner xgboost --repair-mode targeting --c 2 --folds 3 --region-damp-grid 0 0.25 0.5 1 --validation-loss-se 1 --region-selector-ablation legacy --region-detector-c 4 --seed 2026394700 --progress-every 4 --out /tmp/dml_low_high_response_ablation_20260830_b50/raw/ctmle_s3_true_chunk13.csv --rep-out /tmp/dml_low_high_response_ablation_20260830_b50/raw/ctmle_s3_true_chunk13.reps.csv
3	true	14	2026395700	/tmp/dml_low_high_response_ablation_20260830_b50/raw/ctmle_s3_true_chunk14.csv	/tmp/dml_low_high_response_ablation_20260830_b50/raw/ctmle_s3_true_chunk14.reps.csv	/tmp/dml_ablation_env/bin/python /tmp/ney_region_targeting_3e131a9/replication/hidden_bias_regional_repair/scripts/validated_reference_transfer.py --reps 4 --bootstraps 50 --n 3000 --epsilon 0.05 --strength 3 --design regional_shift --mar-design box --analysis-region true --reference-method ctmle --propensity-mode estimated --learner xgboost --propensity-learner xgboost --repair-mode targeting --c 2 --folds 3 --region-damp-grid 0 0.25 0.5 1 --validation-loss-se 1 --region-selector-ablation legacy --region-detector-c 4 --seed 2026395700 --progress-every 4 --out /tmp/dml_low_high_response_ablation_20260830_b50/raw/ctmle_s3_true_chunk14.csv --rep-out /tmp/dml_low_high_response_ablation_20260830_b50/raw/ctmle_s3_true_chunk14.reps.csv
3	true	15	2026396700	/tmp/dml_low_high_response_ablation_20260830_b50/raw/ctmle_s3_true_chunk15.csv	/tmp/dml_low_high_response_ablation_20260830_b50/raw/ctmle_s3_true_chunk15.reps.csv	/tmp/dml_ablation_env/bin/python /tmp/ney_region_targeting_3e131a9/replication/hidden_bias_regional_repair/scripts/validated_reference_transfer.py --reps 4 --bootstraps 50 --n 3000 --epsilon 0.05 --strength 3 --design regional_shift --mar-design box --analysis-region true --reference-method ctmle --propensity-mode estimated --learner xgboost --propensity-learner xgboost --repair-mode targeting --c 2 --folds 3 --region-damp-grid 0 0.25 0.5 1 --validation-loss-se 1 --region-selector-ablation legacy --region-detector-c 4 --seed 2026396700 --progress-every 4 --out /tmp/dml_low_high_response_ablation_20260830_b50/raw/ctmle_s3_true_chunk15.csv --rep-out /tmp/dml_low_high_response_ablation_20260830_b50/raw/ctmle_s3_true_chunk15.reps.csv
3	true	16	2026397700	/tmp/dml_low_high_response_ablation_20260830_b50/raw/ctmle_s3_true_chunk16.csv	/tmp/dml_low_high_response_ablation_20260830_b50/raw/ctmle_s3_true_chunk16.reps.csv	/tmp/dml_ablation_env/bin/python /tmp/ney_region_targeting_3e131a9/replication/hidden_bias_regional_repair/scripts/validated_reference_transfer.py --reps 4 --bootstraps 50 --n 3000 --epsilon 0.05 --strength 3 --design regional_shift --mar-design box --analysis-region true --reference-method ctmle --propensity-mode estimated --learner xgboost --propensity-learner xgboost --repair-mode targeting --c 2 --folds 3 --region-damp-grid 0 0.25 0.5 1 --validation-loss-se 1 --region-selector-ablation legacy --region-detector-c 4 --seed 2026397700 --progress-every 4 --out /tmp/dml_low_high_response_ablation_20260830_b50/raw/ctmle_s3_true_chunk16.csv --rep-out /tmp/dml_low_high_response_ablation_20260830_b50/raw/ctmle_s3_true_chunk16.reps.csv
3	true	17	2026398700	/tmp/dml_low_high_response_ablation_20260830_b50/raw/ctmle_s3_true_chunk17.csv	/tmp/dml_low_high_response_ablation_20260830_b50/raw/ctmle_s3_true_chunk17.reps.csv	/tmp/dml_ablation_env/bin/python /tmp/ney_region_targeting_3e131a9/replication/hidden_bias_regional_repair/scripts/validated_reference_transfer.py --reps 4 --bootstraps 50 --n 3000 --epsilon 0.05 --strength 3 --design regional_shift --mar-design box --analysis-region true --reference-method ctmle --propensity-mode estimated --learner xgboost --propensity-learner xgboost --repair-mode targeting --c 2 --folds 3 --region-damp-grid 0 0.25 0.5 1 --validation-loss-se 1 --region-selector-ablation legacy --region-detector-c 4 --seed 2026398700 --progress-every 4 --out /tmp/dml_low_high_response_ablation_20260830_b50/raw/ctmle_s3_true_chunk17.csv --rep-out /tmp/dml_low_high_response_ablation_20260830_b50/raw/ctmle_s3_true_chunk17.reps.csv
3	true	18	2026399700	/tmp/dml_low_high_response_ablation_20260830_b50/raw/ctmle_s3_true_chunk18.csv	/tmp/dml_low_high_response_ablation_20260830_b50/raw/ctmle_s3_true_chunk18.reps.csv	/tmp/dml_ablation_env/bin/python /tmp/ney_region_targeting_3e131a9/replication/hidden_bias_regional_repair/scripts/validated_reference_transfer.py --reps 4 --bootstraps 50 --n 3000 --epsilon 0.05 --strength 3 --design regional_shift --mar-design box --analysis-region true --reference-method ctmle --propensity-mode estimated --learner xgboost --propensity-learner xgboost --repair-mode targeting --c 2 --folds 3 --region-damp-grid 0 0.25 0.5 1 --validation-loss-se 1 --region-selector-ablation legacy --region-detector-c 4 --seed 2026399700 --progress-every 4 --out /tmp/dml_low_high_response_ablation_20260830_b50/raw/ctmle_s3_true_chunk18.csv --rep-out /tmp/dml_low_high_response_ablation_20260830_b50/raw/ctmle_s3_true_chunk18.reps.csv
3	true	19	2026400700	/tmp/dml_low_high_response_ablation_20260830_b50/raw/ctmle_s3_true_chunk19.csv	/tmp/dml_low_high_response_ablation_20260830_b50/raw/ctmle_s3_true_chunk19.reps.csv	/tmp/dml_ablation_env/bin/python /tmp/ney_region_targeting_3e131a9/replication/hidden_bias_regional_repair/scripts/validated_reference_transfer.py --reps 4 --bootstraps 50 --n 3000 --epsilon 0.05 --strength 3 --design regional_shift --mar-design box --analysis-region true --reference-method ctmle --propensity-mode estimated --learner xgboost --propensity-learner xgboost --repair-mode targeting --c 2 --folds 3 --region-damp-grid 0 0.25 0.5 1 --validation-loss-se 1 --region-selector-ablation legacy --region-detector-c 4 --seed 2026400700 --progress-every 4 --out /tmp/dml_low_high_response_ablation_20260830_b50/raw/ctmle_s3_true_chunk19.csv --rep-out /tmp/dml_low_high_response_ablation_20260830_b50/raw/ctmle_s3_true_chunk19.reps.csv
3	true	20	2026401700	/tmp/dml_low_high_response_ablation_20260830_b50/raw/ctmle_s3_true_chunk20.csv	/tmp/dml_low_high_response_ablation_20260830_b50/raw/ctmle_s3_true_chunk20.reps.csv	/tmp/dml_ablation_env/bin/python /tmp/ney_region_targeting_3e131a9/replication/hidden_bias_regional_repair/scripts/validated_reference_transfer.py --reps 4 --bootstraps 50 --n 3000 --epsilon 0.05 --strength 3 --design regional_shift --mar-design box --analysis-region true --reference-method ctmle --propensity-mode estimated --learner xgboost --propensity-learner xgboost --repair-mode targeting --c 2 --folds 3 --region-damp-grid 0 0.25 0.5 1 --validation-loss-se 1 --region-selector-ablation legacy --region-detector-c 4 --seed 2026401700 --progress-every 4 --out /tmp/dml_low_high_response_ablation_20260830_b50/raw/ctmle_s3_true_chunk20.csv --rep-out /tmp/dml_low_high_response_ablation_20260830_b50/raw/ctmle_s3_true_chunk20.reps.csv
3	true	21	2026402700	/tmp/dml_low_high_response_ablation_20260830_b50/raw/ctmle_s3_true_chunk21.csv	/tmp/dml_low_high_response_ablation_20260830_b50/raw/ctmle_s3_true_chunk21.reps.csv	/tmp/dml_ablation_env/bin/python /tmp/ney_region_targeting_3e131a9/replication/hidden_bias_regional_repair/scripts/validated_reference_transfer.py --reps 4 --bootstraps 50 --n 3000 --epsilon 0.05 --strength 3 --design regional_shift --mar-design box --analysis-region true --reference-method ctmle --propensity-mode estimated --learner xgboost --propensity-learner xgboost --repair-mode targeting --c 2 --folds 3 --region-damp-grid 0 0.25 0.5 1 --validation-loss-se 1 --region-selector-ablation legacy --region-detector-c 4 --seed 2026402700 --progress-every 4 --out /tmp/dml_low_high_response_ablation_20260830_b50/raw/ctmle_s3_true_chunk21.csv --rep-out /tmp/dml_low_high_response_ablation_20260830_b50/raw/ctmle_s3_true_chunk21.reps.csv
3	true	22	2026403700	/tmp/dml_low_high_response_ablation_20260830_b50/raw/ctmle_s3_true_chunk22.csv	/tmp/dml_low_high_response_ablation_20260830_b50/raw/ctmle_s3_true_chunk22.reps.csv	/tmp/dml_ablation_env/bin/python /tmp/ney_region_targeting_3e131a9/replication/hidden_bias_regional_repair/scripts/validated_reference_transfer.py --reps 4 --bootstraps 50 --n 3000 --epsilon 0.05 --strength 3 --design regional_shift --mar-design box --analysis-region true --reference-method ctmle --propensity-mode estimated --learner xgboost --propensity-learner xgboost --repair-mode targeting --c 2 --folds 3 --region-damp-grid 0 0.25 0.5 1 --validation-loss-se 1 --region-selector-ablation legacy --region-detector-c 4 --seed 2026403700 --progress-every 4 --out /tmp/dml_low_high_response_ablation_20260830_b50/raw/ctmle_s3_true_chunk22.csv --rep-out /tmp/dml_low_high_response_ablation_20260830_b50/raw/ctmle_s3_true_chunk22.reps.csv
3	true	23	2026404700	/tmp/dml_low_high_response_ablation_20260830_b50/raw/ctmle_s3_true_chunk23.csv	/tmp/dml_low_high_response_ablation_20260830_b50/raw/ctmle_s3_true_chunk23.reps.csv	/tmp/dml_ablation_env/bin/python /tmp/ney_region_targeting_3e131a9/replication/hidden_bias_regional_repair/scripts/validated_reference_transfer.py --reps 4 --bootstraps 50 --n 3000 --epsilon 0.05 --strength 3 --design regional_shift --mar-design box --analysis-region true --reference-method ctmle --propensity-mode estimated --learner xgboost --propensity-learner xgboost --repair-mode targeting --c 2 --folds 3 --region-damp-grid 0 0.25 0.5 1 --validation-loss-se 1 --region-selector-ablation legacy --region-detector-c 4 --seed 2026404700 --progress-every 4 --out /tmp/dml_low_high_response_ablation_20260830_b50/raw/ctmle_s3_true_chunk23.csv --rep-out /tmp/dml_low_high_response_ablation_20260830_b50/raw/ctmle_s3_true_chunk23.reps.csv
3	wrong	0	2026381700	/tmp/dml_low_high_response_ablation_20260830_b50/raw/ctmle_s3_wrong_chunk00.csv	/tmp/dml_low_high_response_ablation_20260830_b50/raw/ctmle_s3_wrong_chunk00.reps.csv	/tmp/dml_ablation_env/bin/python /tmp/ney_region_targeting_3e131a9/replication/hidden_bias_regional_repair/scripts/validated_reference_transfer.py --reps 4 --bootstraps 50 --n 3000 --epsilon 0.05 --strength 3 --design regional_shift --mar-design box --analysis-region wrong --reference-method ctmle --propensity-mode estimated --learner xgboost --propensity-learner xgboost --repair-mode targeting --c 2 --folds 3 --region-damp-grid 0 0.25 0.5 1 --validation-loss-se 1 --region-selector-ablation legacy --region-detector-c 4 --seed 2026381700 --progress-every 4 --out /tmp/dml_low_high_response_ablation_20260830_b50/raw/ctmle_s3_wrong_chunk00.csv --rep-out /tmp/dml_low_high_response_ablation_20260830_b50/raw/ctmle_s3_wrong_chunk00.reps.csv
3	wrong	1	2026382700	/tmp/dml_low_high_response_ablation_20260830_b50/raw/ctmle_s3_wrong_chunk01.csv	/tmp/dml_low_high_response_ablation_20260830_b50/raw/ctmle_s3_wrong_chunk01.reps.csv	/tmp/dml_ablation_env/bin/python /tmp/ney_region_targeting_3e131a9/replication/hidden_bias_regional_repair/scripts/validated_reference_transfer.py --reps 4 --bootstraps 50 --n 3000 --epsilon 0.05 --strength 3 --design regional_shift --mar-design box --analysis-region wrong --reference-method ctmle --propensity-mode estimated --learner xgboost --propensity-learner xgboost --repair-mode targeting --c 2 --folds 3 --region-damp-grid 0 0.25 0.5 1 --validation-loss-se 1 --region-selector-ablation legacy --region-detector-c 4 --seed 2026382700 --progress-every 4 --out /tmp/dml_low_high_response_ablation_20260830_b50/raw/ctmle_s3_wrong_chunk01.csv --rep-out /tmp/dml_low_high_response_ablation_20260830_b50/raw/ctmle_s3_wrong_chunk01.reps.csv
3	wrong	2	2026383700	/tmp/dml_low_high_response_ablation_20260830_b50/raw/ctmle_s3_wrong_chunk02.csv	/tmp/dml_low_high_response_ablation_20260830_b50/raw/ctmle_s3_wrong_chunk02.reps.csv	/tmp/dml_ablation_env/bin/python /tmp/ney_region_targeting_3e131a9/replication/hidden_bias_regional_repair/scripts/validated_reference_transfer.py --reps 4 --bootstraps 50 --n 3000 --epsilon 0.05 --strength 3 --design regional_shift --mar-design box --analysis-region wrong --reference-method ctmle --propensity-mode estimated --learner xgboost --propensity-learner xgboost --repair-mode targeting --c 2 --folds 3 --region-damp-grid 0 0.25 0.5 1 --validation-loss-se 1 --region-selector-ablation legacy --region-detector-c 4 --seed 2026383700 --progress-every 4 --out /tmp/dml_low_high_response_ablation_20260830_b50/raw/ctmle_s3_wrong_chunk02.csv --rep-out /tmp/dml_low_high_response_ablation_20260830_b50/raw/ctmle_s3_wrong_chunk02.reps.csv
3	wrong	3	2026384700	/tmp/dml_low_high_response_ablation_20260830_b50/raw/ctmle_s3_wrong_chunk03.csv	/tmp/dml_low_high_response_ablation_20260830_b50/raw/ctmle_s3_wrong_chunk03.reps.csv	/tmp/dml_ablation_env/bin/python /tmp/ney_region_targeting_3e131a9/replication/hidden_bias_regional_repair/scripts/validated_reference_transfer.py --reps 4 --bootstraps 50 --n 3000 --epsilon 0.05 --strength 3 --design regional_shift --mar-design box --analysis-region wrong --reference-method ctmle --propensity-mode estimated --learner xgboost --propensity-learner xgboost --repair-mode targeting --c 2 --folds 3 --region-damp-grid 0 0.25 0.5 1 --validation-loss-se 1 --region-selector-ablation legacy --region-detector-c 4 --seed 2026384700 --progress-every 4 --out /tmp/dml_low_high_response_ablation_20260830_b50/raw/ctmle_s3_wrong_chunk03.csv --rep-out /tmp/dml_low_high_response_ablation_20260830_b50/raw/ctmle_s3_wrong_chunk03.reps.csv
3	wrong	4	2026385700	/tmp/dml_low_high_response_ablation_20260830_b50/raw/ctmle_s3_wrong_chunk04.csv	/tmp/dml_low_high_response_ablation_20260830_b50/raw/ctmle_s3_wrong_chunk04.reps.csv	/tmp/dml_ablation_env/bin/python /tmp/ney_region_targeting_3e131a9/replication/hidden_bias_regional_repair/scripts/validated_reference_transfer.py --reps 4 --bootstraps 50 --n 3000 --epsilon 0.05 --strength 3 --design regional_shift --mar-design box --analysis-region wrong --reference-method ctmle --propensity-mode estimated --learner xgboost --propensity-learner xgboost --repair-mode targeting --c 2 --folds 3 --region-damp-grid 0 0.25 0.5 1 --validation-loss-se 1 --region-selector-ablation legacy --region-detector-c 4 --seed 2026385700 --progress-every 4 --out /tmp/dml_low_high_response_ablation_20260830_b50/raw/ctmle_s3_wrong_chunk04.csv --rep-out /tmp/dml_low_high_response_ablation_20260830_b50/raw/ctmle_s3_wrong_chunk04.reps.csv
3	wrong	5	2026386700	/tmp/dml_low_high_response_ablation_20260830_b50/raw/ctmle_s3_wrong_chunk05.csv	/tmp/dml_low_high_response_ablation_20260830_b50/raw/ctmle_s3_wrong_chunk05.reps.csv	/tmp/dml_ablation_env/bin/python /tmp/ney_region_targeting_3e131a9/replication/hidden_bias_regional_repair/scripts/validated_reference_transfer.py --reps 4 --bootstraps 50 --n 3000 --epsilon 0.05 --strength 3 --design regional_shift --mar-design box --analysis-region wrong --reference-method ctmle --propensity-mode estimated --learner xgboost --propensity-learner xgboost --repair-mode targeting --c 2 --folds 3 --region-damp-grid 0 0.25 0.5 1 --validation-loss-se 1 --region-selector-ablation legacy --region-detector-c 4 --seed 2026386700 --progress-every 4 --out /tmp/dml_low_high_response_ablation_20260830_b50/raw/ctmle_s3_wrong_chunk05.csv --rep-out /tmp/dml_low_high_response_ablation_20260830_b50/raw/ctmle_s3_wrong_chunk05.reps.csv
3	wrong	6	2026387700	/tmp/dml_low_high_response_ablation_20260830_b50/raw/ctmle_s3_wrong_chunk06.csv	/tmp/dml_low_high_response_ablation_20260830_b50/raw/ctmle_s3_wrong_chunk06.reps.csv	/tmp/dml_ablation_env/bin/python /tmp/ney_region_targeting_3e131a9/replication/hidden_bias_regional_repair/scripts/validated_reference_transfer.py --reps 4 --bootstraps 50 --n 3000 --epsilon 0.05 --strength 3 --design regional_shift --mar-design box --analysis-region wrong --reference-method ctmle --propensity-mode estimated --learner xgboost --propensity-learner xgboost --repair-mode targeting --c 2 --folds 3 --region-damp-grid 0 0.25 0.5 1 --validation-loss-se 1 --region-selector-ablation legacy --region-detector-c 4 --seed 2026387700 --progress-every 4 --out /tmp/dml_low_high_response_ablation_20260830_b50/raw/ctmle_s3_wrong_chunk06.csv --rep-out /tmp/dml_low_high_response_ablation_20260830_b50/raw/ctmle_s3_wrong_chunk06.reps.csv
3	wrong	7	2026388700	/tmp/dml_low_high_response_ablation_20260830_b50/raw/ctmle_s3_wrong_chunk07.csv	/tmp/dml_low_high_response_ablation_20260830_b50/raw/ctmle_s3_wrong_chunk07.reps.csv	/tmp/dml_ablation_env/bin/python /tmp/ney_region_targeting_3e131a9/replication/hidden_bias_regional_repair/scripts/validated_reference_transfer.py --reps 4 --bootstraps 50 --n 3000 --epsilon 0.05 --strength 3 --design regional_shift --mar-design box --analysis-region wrong --reference-method ctmle --propensity-mode estimated --learner xgboost --propensity-learner xgboost --repair-mode targeting --c 2 --folds 3 --region-damp-grid 0 0.25 0.5 1 --validation-loss-se 1 --region-selector-ablation legacy --region-detector-c 4 --seed 2026388700 --progress-every 4 --out /tmp/dml_low_high_response_ablation_20260830_b50/raw/ctmle_s3_wrong_chunk07.csv --rep-out /tmp/dml_low_high_response_ablation_20260830_b50/raw/ctmle_s3_wrong_chunk07.reps.csv
3	wrong	8	2026389700	/tmp/dml_low_high_response_ablation_20260830_b50/raw/ctmle_s3_wrong_chunk08.csv	/tmp/dml_low_high_response_ablation_20260830_b50/raw/ctmle_s3_wrong_chunk08.reps.csv	/tmp/dml_ablation_env/bin/python /tmp/ney_region_targeting_3e131a9/replication/hidden_bias_regional_repair/scripts/validated_reference_transfer.py --reps 4 --bootstraps 50 --n 3000 --epsilon 0.05 --strength 3 --design regional_shift --mar-design box --analysis-region wrong --reference-method ctmle --propensity-mode estimated --learner xgboost --propensity-learner xgboost --repair-mode targeting --c 2 --folds 3 --region-damp-grid 0 0.25 0.5 1 --validation-loss-se 1 --region-selector-ablation legacy --region-detector-c 4 --seed 2026389700 --progress-every 4 --out /tmp/dml_low_high_response_ablation_20260830_b50/raw/ctmle_s3_wrong_chunk08.csv --rep-out /tmp/dml_low_high_response_ablation_20260830_b50/raw/ctmle_s3_wrong_chunk08.reps.csv
3	wrong	9	2026390700	/tmp/dml_low_high_response_ablation_20260830_b50/raw/ctmle_s3_wrong_chunk09.csv	/tmp/dml_low_high_response_ablation_20260830_b50/raw/ctmle_s3_wrong_chunk09.reps.csv	/tmp/dml_ablation_env/bin/python /tmp/ney_region_targeting_3e131a9/replication/hidden_bias_regional_repair/scripts/validated_reference_transfer.py --reps 4 --bootstraps 50 --n 3000 --epsilon 0.05 --strength 3 --design regional_shift --mar-design box --analysis-region wrong --reference-method ctmle --propensity-mode estimated --learner xgboost --propensity-learner xgboost --repair-mode targeting --c 2 --folds 3 --region-damp-grid 0 0.25 0.5 1 --validation-loss-se 1 --region-selector-ablation legacy --region-detector-c 4 --seed 2026390700 --progress-every 4 --out /tmp/dml_low_high_response_ablation_20260830_b50/raw/ctmle_s3_wrong_chunk09.csv --rep-out /tmp/dml_low_high_response_ablation_20260830_b50/raw/ctmle_s3_wrong_chunk09.reps.csv
3	wrong	10	2026391700	/tmp/dml_low_high_response_ablation_20260830_b50/raw/ctmle_s3_wrong_chunk10.csv	/tmp/dml_low_high_response_ablation_20260830_b50/raw/ctmle_s3_wrong_chunk10.reps.csv	/tmp/dml_ablation_env/bin/python /tmp/ney_region_targeting_3e131a9/replication/hidden_bias_regional_repair/scripts/validated_reference_transfer.py --reps 4 --bootstraps 50 --n 3000 --epsilon 0.05 --strength 3 --design regional_shift --mar-design box --analysis-region wrong --reference-method ctmle --propensity-mode estimated --learner xgboost --propensity-learner xgboost --repair-mode targeting --c 2 --folds 3 --region-damp-grid 0 0.25 0.5 1 --validation-loss-se 1 --region-selector-ablation legacy --region-detector-c 4 --seed 2026391700 --progress-every 4 --out /tmp/dml_low_high_response_ablation_20260830_b50/raw/ctmle_s3_wrong_chunk10.csv --rep-out /tmp/dml_low_high_response_ablation_20260830_b50/raw/ctmle_s3_wrong_chunk10.reps.csv
3	wrong	11	2026392700	/tmp/dml_low_high_response_ablation_20260830_b50/raw/ctmle_s3_wrong_chunk11.csv	/tmp/dml_low_high_response_ablation_20260830_b50/raw/ctmle_s3_wrong_chunk11.reps.csv	/tmp/dml_ablation_env/bin/python /tmp/ney_region_targeting_3e131a9/replication/hidden_bias_regional_repair/scripts/validated_reference_transfer.py --reps 4 --bootstraps 50 --n 3000 --epsilon 0.05 --strength 3 --design regional_shift --mar-design box --analysis-region wrong --reference-method ctmle --propensity-mode estimated --learner xgboost --propensity-learner xgboost --repair-mode targeting --c 2 --folds 3 --region-damp-grid 0 0.25 0.5 1 --validation-loss-se 1 --region-selector-ablation legacy --region-detector-c 4 --seed 2026392700 --progress-every 4 --out /tmp/dml_low_high_response_ablation_20260830_b50/raw/ctmle_s3_wrong_chunk11.csv --rep-out /tmp/dml_low_high_response_ablation_20260830_b50/raw/ctmle_s3_wrong_chunk11.reps.csv
3	wrong	12	2026393700	/tmp/dml_low_high_response_ablation_20260830_b50/raw/ctmle_s3_wrong_chunk12.csv	/tmp/dml_low_high_response_ablation_20260830_b50/raw/ctmle_s3_wrong_chunk12.reps.csv	/tmp/dml_ablation_env/bin/python /tmp/ney_region_targeting_3e131a9/replication/hidden_bias_regional_repair/scripts/validated_reference_transfer.py --reps 4 --bootstraps 50 --n 3000 --epsilon 0.05 --strength 3 --design regional_shift --mar-design box --analysis-region wrong --reference-method ctmle --propensity-mode estimated --learner xgboost --propensity-learner xgboost --repair-mode targeting --c 2 --folds 3 --region-damp-grid 0 0.25 0.5 1 --validation-loss-se 1 --region-selector-ablation legacy --region-detector-c 4 --seed 2026393700 --progress-every 4 --out /tmp/dml_low_high_response_ablation_20260830_b50/raw/ctmle_s3_wrong_chunk12.csv --rep-out /tmp/dml_low_high_response_ablation_20260830_b50/raw/ctmle_s3_wrong_chunk12.reps.csv
3	wrong	13	2026394700	/tmp/dml_low_high_response_ablation_20260830_b50/raw/ctmle_s3_wrong_chunk13.csv	/tmp/dml_low_high_response_ablation_20260830_b50/raw/ctmle_s3_wrong_chunk13.reps.csv	/tmp/dml_ablation_env/bin/python /tmp/ney_region_targeting_3e131a9/replication/hidden_bias_regional_repair/scripts/validated_reference_transfer.py --reps 4 --bootstraps 50 --n 3000 --epsilon 0.05 --strength 3 --design regional_shift --mar-design box --analysis-region wrong --reference-method ctmle --propensity-mode estimated --learner xgboost --propensity-learner xgboost --repair-mode targeting --c 2 --folds 3 --region-damp-grid 0 0.25 0.5 1 --validation-loss-se 1 --region-selector-ablation legacy --region-detector-c 4 --seed 2026394700 --progress-every 4 --out /tmp/dml_low_high_response_ablation_20260830_b50/raw/ctmle_s3_wrong_chunk13.csv --rep-out /tmp/dml_low_high_response_ablation_20260830_b50/raw/ctmle_s3_wrong_chunk13.reps.csv
3	wrong	14	2026395700	/tmp/dml_low_high_response_ablation_20260830_b50/raw/ctmle_s3_wrong_chunk14.csv	/tmp/dml_low_high_response_ablation_20260830_b50/raw/ctmle_s3_wrong_chunk14.reps.csv	/tmp/dml_ablation_env/bin/python /tmp/ney_region_targeting_3e131a9/replication/hidden_bias_regional_repair/scripts/validated_reference_transfer.py --reps 4 --bootstraps 50 --n 3000 --epsilon 0.05 --strength 3 --design regional_shift --mar-design box --analysis-region wrong --reference-method ctmle --propensity-mode estimated --learner xgboost --propensity-learner xgboost --repair-mode targeting --c 2 --folds 3 --region-damp-grid 0 0.25 0.5 1 --validation-loss-se 1 --region-selector-ablation legacy --region-detector-c 4 --seed 2026395700 --progress-every 4 --out /tmp/dml_low_high_response_ablation_20260830_b50/raw/ctmle_s3_wrong_chunk14.csv --rep-out /tmp/dml_low_high_response_ablation_20260830_b50/raw/ctmle_s3_wrong_chunk14.reps.csv
3	wrong	15	2026396700	/tmp/dml_low_high_response_ablation_20260830_b50/raw/ctmle_s3_wrong_chunk15.csv	/tmp/dml_low_high_response_ablation_20260830_b50/raw/ctmle_s3_wrong_chunk15.reps.csv	/tmp/dml_ablation_env/bin/python /tmp/ney_region_targeting_3e131a9/replication/hidden_bias_regional_repair/scripts/validated_reference_transfer.py --reps 4 --bootstraps 50 --n 3000 --epsilon 0.05 --strength 3 --design regional_shift --mar-design box --analysis-region wrong --reference-method ctmle --propensity-mode estimated --learner xgboost --propensity-learner xgboost --repair-mode targeting --c 2 --folds 3 --region-damp-grid 0 0.25 0.5 1 --validation-loss-se 1 --region-selector-ablation legacy --region-detector-c 4 --seed 2026396700 --progress-every 4 --out /tmp/dml_low_high_response_ablation_20260830_b50/raw/ctmle_s3_wrong_chunk15.csv --rep-out /tmp/dml_low_high_response_ablation_20260830_b50/raw/ctmle_s3_wrong_chunk15.reps.csv
3	wrong	16	2026397700	/tmp/dml_low_high_response_ablation_20260830_b50/raw/ctmle_s3_wrong_chunk16.csv	/tmp/dml_low_high_response_ablation_20260830_b50/raw/ctmle_s3_wrong_chunk16.reps.csv	/tmp/dml_ablation_env/bin/python /tmp/ney_region_targeting_3e131a9/replication/hidden_bias_regional_repair/scripts/validated_reference_transfer.py --reps 4 --bootstraps 50 --n 3000 --epsilon 0.05 --strength 3 --design regional_shift --mar-design box --analysis-region wrong --reference-method ctmle --propensity-mode estimated --learner xgboost --propensity-learner xgboost --repair-mode targeting --c 2 --folds 3 --region-damp-grid 0 0.25 0.5 1 --validation-loss-se 1 --region-selector-ablation legacy --region-detector-c 4 --seed 2026397700 --progress-every 4 --out /tmp/dml_low_high_response_ablation_20260830_b50/raw/ctmle_s3_wrong_chunk16.csv --rep-out /tmp/dml_low_high_response_ablation_20260830_b50/raw/ctmle_s3_wrong_chunk16.reps.csv
3	wrong	17	2026398700	/tmp/dml_low_high_response_ablation_20260830_b50/raw/ctmle_s3_wrong_chunk17.csv	/tmp/dml_low_high_response_ablation_20260830_b50/raw/ctmle_s3_wrong_chunk17.reps.csv	/tmp/dml_ablation_env/bin/python /tmp/ney_region_targeting_3e131a9/replication/hidden_bias_regional_repair/scripts/validated_reference_transfer.py --reps 4 --bootstraps 50 --n 3000 --epsilon 0.05 --strength 3 --design regional_shift --mar-design box --analysis-region wrong --reference-method ctmle --propensity-mode estimated --learner xgboost --propensity-learner xgboost --repair-mode targeting --c 2 --folds 3 --region-damp-grid 0 0.25 0.5 1 --validation-loss-se 1 --region-selector-ablation legacy --region-detector-c 4 --seed 2026398700 --progress-every 4 --out /tmp/dml_low_high_response_ablation_20260830_b50/raw/ctmle_s3_wrong_chunk17.csv --rep-out /tmp/dml_low_high_response_ablation_20260830_b50/raw/ctmle_s3_wrong_chunk17.reps.csv
3	wrong	18	2026399700	/tmp/dml_low_high_response_ablation_20260830_b50/raw/ctmle_s3_wrong_chunk18.csv	/tmp/dml_low_high_response_ablation_20260830_b50/raw/ctmle_s3_wrong_chunk18.reps.csv	/tmp/dml_ablation_env/bin/python /tmp/ney_region_targeting_3e131a9/replication/hidden_bias_regional_repair/scripts/validated_reference_transfer.py --reps 4 --bootstraps 50 --n 3000 --epsilon 0.05 --strength 3 --design regional_shift --mar-design box --analysis-region wrong --reference-method ctmle --propensity-mode estimated --learner xgboost --propensity-learner xgboost --repair-mode targeting --c 2 --folds 3 --region-damp-grid 0 0.25 0.5 1 --validation-loss-se 1 --region-selector-ablation legacy --region-detector-c 4 --seed 2026399700 --progress-every 4 --out /tmp/dml_low_high_response_ablation_20260830_b50/raw/ctmle_s3_wrong_chunk18.csv --rep-out /tmp/dml_low_high_response_ablation_20260830_b50/raw/ctmle_s3_wrong_chunk18.reps.csv
3	wrong	19	2026400700	/tmp/dml_low_high_response_ablation_20260830_b50/raw/ctmle_s3_wrong_chunk19.csv	/tmp/dml_low_high_response_ablation_20260830_b50/raw/ctmle_s3_wrong_chunk19.reps.csv	/tmp/dml_ablation_env/bin/python /tmp/ney_region_targeting_3e131a9/replication/hidden_bias_regional_repair/scripts/validated_reference_transfer.py --reps 4 --bootstraps 50 --n 3000 --epsilon 0.05 --strength 3 --design regional_shift --mar-design box --analysis-region wrong --reference-method ctmle --propensity-mode estimated --learner xgboost --propensity-learner xgboost --repair-mode targeting --c 2 --folds 3 --region-damp-grid 0 0.25 0.5 1 --validation-loss-se 1 --region-selector-ablation legacy --region-detector-c 4 --seed 2026400700 --progress-every 4 --out /tmp/dml_low_high_response_ablation_20260830_b50/raw/ctmle_s3_wrong_chunk19.csv --rep-out /tmp/dml_low_high_response_ablation_20260830_b50/raw/ctmle_s3_wrong_chunk19.reps.csv
3	wrong	20	2026401700	/tmp/dml_low_high_response_ablation_20260830_b50/raw/ctmle_s3_wrong_chunk20.csv	/tmp/dml_low_high_response_ablation_20260830_b50/raw/ctmle_s3_wrong_chunk20.reps.csv	/tmp/dml_ablation_env/bin/python /tmp/ney_region_targeting_3e131a9/replication/hidden_bias_regional_repair/scripts/validated_reference_transfer.py --reps 4 --bootstraps 50 --n 3000 --epsilon 0.05 --strength 3 --design regional_shift --mar-design box --analysis-region wrong --reference-method ctmle --propensity-mode estimated --learner xgboost --propensity-learner xgboost --repair-mode targeting --c 2 --folds 3 --region-damp-grid 0 0.25 0.5 1 --validation-loss-se 1 --region-selector-ablation legacy --region-detector-c 4 --seed 2026401700 --progress-every 4 --out /tmp/dml_low_high_response_ablation_20260830_b50/raw/ctmle_s3_wrong_chunk20.csv --rep-out /tmp/dml_low_high_response_ablation_20260830_b50/raw/ctmle_s3_wrong_chunk20.reps.csv
3	wrong	21	2026402700	/tmp/dml_low_high_response_ablation_20260830_b50/raw/ctmle_s3_wrong_chunk21.csv	/tmp/dml_low_high_response_ablation_20260830_b50/raw/ctmle_s3_wrong_chunk21.reps.csv	/tmp/dml_ablation_env/bin/python /tmp/ney_region_targeting_3e131a9/replication/hidden_bias_regional_repair/scripts/validated_reference_transfer.py --reps 4 --bootstraps 50 --n 3000 --epsilon 0.05 --strength 3 --design regional_shift --mar-design box --analysis-region wrong --reference-method ctmle --propensity-mode estimated --learner xgboost --propensity-learner xgboost --repair-mode targeting --c 2 --folds 3 --region-damp-grid 0 0.25 0.5 1 --validation-loss-se 1 --region-selector-ablation legacy --region-detector-c 4 --seed 2026402700 --progress-every 4 --out /tmp/dml_low_high_response_ablation_20260830_b50/raw/ctmle_s3_wrong_chunk21.csv --rep-out /tmp/dml_low_high_response_ablation_20260830_b50/raw/ctmle_s3_wrong_chunk21.reps.csv
3	wrong	22	2026403700	/tmp/dml_low_high_response_ablation_20260830_b50/raw/ctmle_s3_wrong_chunk22.csv	/tmp/dml_low_high_response_ablation_20260830_b50/raw/ctmle_s3_wrong_chunk22.reps.csv	/tmp/dml_ablation_env/bin/python /tmp/ney_region_targeting_3e131a9/replication/hidden_bias_regional_repair/scripts/validated_reference_transfer.py --reps 4 --bootstraps 50 --n 3000 --epsilon 0.05 --strength 3 --design regional_shift --mar-design box --analysis-region wrong --reference-method ctmle --propensity-mode estimated --learner xgboost --propensity-learner xgboost --repair-mode targeting --c 2 --folds 3 --region-damp-grid 0 0.25 0.5 1 --validation-loss-se 1 --region-selector-ablation legacy --region-detector-c 4 --seed 2026403700 --progress-every 4 --out /tmp/dml_low_high_response_ablation_20260830_b50/raw/ctmle_s3_wrong_chunk22.csv --rep-out /tmp/dml_low_high_response_ablation_20260830_b50/raw/ctmle_s3_wrong_chunk22.reps.csv
3	wrong	23	2026404700	/tmp/dml_low_high_response_ablation_20260830_b50/raw/ctmle_s3_wrong_chunk23.csv	/tmp/dml_low_high_response_ablation_20260830_b50/raw/ctmle_s3_wrong_chunk23.reps.csv	/tmp/dml_ablation_env/bin/python /tmp/ney_region_targeting_3e131a9/replication/hidden_bias_regional_repair/scripts/validated_reference_transfer.py --reps 4 --bootstraps 50 --n 3000 --epsilon 0.05 --strength 3 --design regional_shift --mar-design box --analysis-region wrong --reference-method ctmle --propensity-mode estimated --learner xgboost --propensity-learner xgboost --repair-mode targeting --c 2 --folds 3 --region-damp-grid 0 0.25 0.5 1 --validation-loss-se 1 --region-selector-ablation legacy --region-detector-c 4 --seed 2026404700 --progress-every 4 --out /tmp/dml_low_high_response_ablation_20260830_b50/raw/ctmle_s3_wrong_chunk23.csv --rep-out /tmp/dml_low_high_response_ablation_20260830_b50/raw/ctmle_s3_wrong_chunk23.reps.csv
5	true	0	2026581700	/tmp/dml_low_high_response_ablation_20260830_b50/raw/ctmle_s5_true_chunk00.csv	/tmp/dml_low_high_response_ablation_20260830_b50/raw/ctmle_s5_true_chunk00.reps.csv	/tmp/dml_ablation_env/bin/python /tmp/ney_region_targeting_3e131a9/replication/hidden_bias_regional_repair/scripts/validated_reference_transfer.py --reps 4 --bootstraps 50 --n 3000 --epsilon 0.05 --strength 5 --design regional_shift --mar-design box --analysis-region true --reference-method ctmle --propensity-mode estimated --learner xgboost --propensity-learner xgboost --repair-mode targeting --c 2 --folds 3 --region-damp-grid 0 0.25 0.5 1 --validation-loss-se 1 --region-selector-ablation legacy --region-detector-c 4 --seed 2026581700 --progress-every 4 --out /tmp/dml_low_high_response_ablation_20260830_b50/raw/ctmle_s5_true_chunk00.csv --rep-out /tmp/dml_low_high_response_ablation_20260830_b50/raw/ctmle_s5_true_chunk00.reps.csv
5	true	1	2026582700	/tmp/dml_low_high_response_ablation_20260830_b50/raw/ctmle_s5_true_chunk01.csv	/tmp/dml_low_high_response_ablation_20260830_b50/raw/ctmle_s5_true_chunk01.reps.csv	/tmp/dml_ablation_env/bin/python /tmp/ney_region_targeting_3e131a9/replication/hidden_bias_regional_repair/scripts/validated_reference_transfer.py --reps 4 --bootstraps 50 --n 3000 --epsilon 0.05 --strength 5 --design regional_shift --mar-design box --analysis-region true --reference-method ctmle --propensity-mode estimated --learner xgboost --propensity-learner xgboost --repair-mode targeting --c 2 --folds 3 --region-damp-grid 0 0.25 0.5 1 --validation-loss-se 1 --region-selector-ablation legacy --region-detector-c 4 --seed 2026582700 --progress-every 4 --out /tmp/dml_low_high_response_ablation_20260830_b50/raw/ctmle_s5_true_chunk01.csv --rep-out /tmp/dml_low_high_response_ablation_20260830_b50/raw/ctmle_s5_true_chunk01.reps.csv
5	true	2	2026583700	/tmp/dml_low_high_response_ablation_20260830_b50/raw/ctmle_s5_true_chunk02.csv	/tmp/dml_low_high_response_ablation_20260830_b50/raw/ctmle_s5_true_chunk02.reps.csv	/tmp/dml_ablation_env/bin/python /tmp/ney_region_targeting_3e131a9/replication/hidden_bias_regional_repair/scripts/validated_reference_transfer.py --reps 4 --bootstraps 50 --n 3000 --epsilon 0.05 --strength 5 --design regional_shift --mar-design box --analysis-region true --reference-method ctmle --propensity-mode estimated --learner xgboost --propensity-learner xgboost --repair-mode targeting --c 2 --folds 3 --region-damp-grid 0 0.25 0.5 1 --validation-loss-se 1 --region-selector-ablation legacy --region-detector-c 4 --seed 2026583700 --progress-every 4 --out /tmp/dml_low_high_response_ablation_20260830_b50/raw/ctmle_s5_true_chunk02.csv --rep-out /tmp/dml_low_high_response_ablation_20260830_b50/raw/ctmle_s5_true_chunk02.reps.csv
5	true	3	2026584700	/tmp/dml_low_high_response_ablation_20260830_b50/raw/ctmle_s5_true_chunk03.csv	/tmp/dml_low_high_response_ablation_20260830_b50/raw/ctmle_s5_true_chunk03.reps.csv	/tmp/dml_ablation_env/bin/python /tmp/ney_region_targeting_3e131a9/replication/hidden_bias_regional_repair/scripts/validated_reference_transfer.py --reps 4 --bootstraps 50 --n 3000 --epsilon 0.05 --strength 5 --design regional_shift --mar-design box --analysis-region true --reference-method ctmle --propensity-mode estimated --learner xgboost --propensity-learner xgboost --repair-mode targeting --c 2 --folds 3 --region-damp-grid 0 0.25 0.5 1 --validation-loss-se 1 --region-selector-ablation legacy --region-detector-c 4 --seed 2026584700 --progress-every 4 --out /tmp/dml_low_high_response_ablation_20260830_b50/raw/ctmle_s5_true_chunk03.csv --rep-out /tmp/dml_low_high_response_ablation_20260830_b50/raw/ctmle_s5_true_chunk03.reps.csv
5	true	4	2026585700	/tmp/dml_low_high_response_ablation_20260830_b50/raw/ctmle_s5_true_chunk04.csv	/tmp/dml_low_high_response_ablation_20260830_b50/raw/ctmle_s5_true_chunk04.reps.csv	/tmp/dml_ablation_env/bin/python /tmp/ney_region_targeting_3e131a9/replication/hidden_bias_regional_repair/scripts/validated_reference_transfer.py --reps 4 --bootstraps 50 --n 3000 --epsilon 0.05 --strength 5 --design regional_shift --mar-design box --analysis-region true --reference-method ctmle --propensity-mode estimated --learner xgboost --propensity-learner xgboost --repair-mode targeting --c 2 --folds 3 --region-damp-grid 0 0.25 0.5 1 --validation-loss-se 1 --region-selector-ablation legacy --region-detector-c 4 --seed 2026585700 --progress-every 4 --out /tmp/dml_low_high_response_ablation_20260830_b50/raw/ctmle_s5_true_chunk04.csv --rep-out /tmp/dml_low_high_response_ablation_20260830_b50/raw/ctmle_s5_true_chunk04.reps.csv
5	true	5	2026586700	/tmp/dml_low_high_response_ablation_20260830_b50/raw/ctmle_s5_true_chunk05.csv	/tmp/dml_low_high_response_ablation_20260830_b50/raw/ctmle_s5_true_chunk05.reps.csv	/tmp/dml_ablation_env/bin/python /tmp/ney_region_targeting_3e131a9/replication/hidden_bias_regional_repair/scripts/validated_reference_transfer.py --reps 4 --bootstraps 50 --n 3000 --epsilon 0.05 --strength 5 --design regional_shift --mar-design box --analysis-region true --reference-method ctmle --propensity-mode estimated --learner xgboost --propensity-learner xgboost --repair-mode targeting --c 2 --folds 3 --region-damp-grid 0 0.25 0.5 1 --validation-loss-se 1 --region-selector-ablation legacy --region-detector-c 4 --seed 2026586700 --progress-every 4 --out /tmp/dml_low_high_response_ablation_20260830_b50/raw/ctmle_s5_true_chunk05.csv --rep-out /tmp/dml_low_high_response_ablation_20260830_b50/raw/ctmle_s5_true_chunk05.reps.csv
5	true	6	2026587700	/tmp/dml_low_high_response_ablation_20260830_b50/raw/ctmle_s5_true_chunk06.csv	/tmp/dml_low_high_response_ablation_20260830_b50/raw/ctmle_s5_true_chunk06.reps.csv	/tmp/dml_ablation_env/bin/python /tmp/ney_region_targeting_3e131a9/replication/hidden_bias_regional_repair/scripts/validated_reference_transfer.py --reps 4 --bootstraps 50 --n 3000 --epsilon 0.05 --strength 5 --design regional_shift --mar-design box --analysis-region true --reference-method ctmle --propensity-mode estimated --learner xgboost --propensity-learner xgboost --repair-mode targeting --c 2 --folds 3 --region-damp-grid 0 0.25 0.5 1 --validation-loss-se 1 --region-selector-ablation legacy --region-detector-c 4 --seed 2026587700 --progress-every 4 --out /tmp/dml_low_high_response_ablation_20260830_b50/raw/ctmle_s5_true_chunk06.csv --rep-out /tmp/dml_low_high_response_ablation_20260830_b50/raw/ctmle_s5_true_chunk06.reps.csv
5	true	7	2026588700	/tmp/dml_low_high_response_ablation_20260830_b50/raw/ctmle_s5_true_chunk07.csv	/tmp/dml_low_high_response_ablation_20260830_b50/raw/ctmle_s5_true_chunk07.reps.csv	/tmp/dml_ablation_env/bin/python /tmp/ney_region_targeting_3e131a9/replication/hidden_bias_regional_repair/scripts/validated_reference_transfer.py --reps 4 --bootstraps 50 --n 3000 --epsilon 0.05 --strength 5 --design regional_shift --mar-design box --analysis-region true --reference-method ctmle --propensity-mode estimated --learner xgboost --propensity-learner xgboost --repair-mode targeting --c 2 --folds 3 --region-damp-grid 0 0.25 0.5 1 --validation-loss-se 1 --region-selector-ablation legacy --region-detector-c 4 --seed 2026588700 --progress-every 4 --out /tmp/dml_low_high_response_ablation_20260830_b50/raw/ctmle_s5_true_chunk07.csv --rep-out /tmp/dml_low_high_response_ablation_20260830_b50/raw/ctmle_s5_true_chunk07.reps.csv
5	true	8	2026589700	/tmp/dml_low_high_response_ablation_20260830_b50/raw/ctmle_s5_true_chunk08.csv	/tmp/dml_low_high_response_ablation_20260830_b50/raw/ctmle_s5_true_chunk08.reps.csv	/tmp/dml_ablation_env/bin/python /tmp/ney_region_targeting_3e131a9/replication/hidden_bias_regional_repair/scripts/validated_reference_transfer.py --reps 4 --bootstraps 50 --n 3000 --epsilon 0.05 --strength 5 --design regional_shift --mar-design box --analysis-region true --reference-method ctmle --propensity-mode estimated --learner xgboost --propensity-learner xgboost --repair-mode targeting --c 2 --folds 3 --region-damp-grid 0 0.25 0.5 1 --validation-loss-se 1 --region-selector-ablation legacy --region-detector-c 4 --seed 2026589700 --progress-every 4 --out /tmp/dml_low_high_response_ablation_20260830_b50/raw/ctmle_s5_true_chunk08.csv --rep-out /tmp/dml_low_high_response_ablation_20260830_b50/raw/ctmle_s5_true_chunk08.reps.csv
5	true	9	2026590700	/tmp/dml_low_high_response_ablation_20260830_b50/raw/ctmle_s5_true_chunk09.csv	/tmp/dml_low_high_response_ablation_20260830_b50/raw/ctmle_s5_true_chunk09.reps.csv	/tmp/dml_ablation_env/bin/python /tmp/ney_region_targeting_3e131a9/replication/hidden_bias_regional_repair/scripts/validated_reference_transfer.py --reps 4 --bootstraps 50 --n 3000 --epsilon 0.05 --strength 5 --design regional_shift --mar-design box --analysis-region true --reference-method ctmle --propensity-mode estimated --learner xgboost --propensity-learner xgboost --repair-mode targeting --c 2 --folds 3 --region-damp-grid 0 0.25 0.5 1 --validation-loss-se 1 --region-selector-ablation legacy --region-detector-c 4 --seed 2026590700 --progress-every 4 --out /tmp/dml_low_high_response_ablation_20260830_b50/raw/ctmle_s5_true_chunk09.csv --rep-out /tmp/dml_low_high_response_ablation_20260830_b50/raw/ctmle_s5_true_chunk09.reps.csv
5	true	10	2026591700	/tmp/dml_low_high_response_ablation_20260830_b50/raw/ctmle_s5_true_chunk10.csv	/tmp/dml_low_high_response_ablation_20260830_b50/raw/ctmle_s5_true_chunk10.reps.csv	/tmp/dml_ablation_env/bin/python /tmp/ney_region_targeting_3e131a9/replication/hidden_bias_regional_repair/scripts/validated_reference_transfer.py --reps 4 --bootstraps 50 --n 3000 --epsilon 0.05 --strength 5 --design regional_shift --mar-design box --analysis-region true --reference-method ctmle --propensity-mode estimated --learner xgboost --propensity-learner xgboost --repair-mode targeting --c 2 --folds 3 --region-damp-grid 0 0.25 0.5 1 --validation-loss-se 1 --region-selector-ablation legacy --region-detector-c 4 --seed 2026591700 --progress-every 4 --out /tmp/dml_low_high_response_ablation_20260830_b50/raw/ctmle_s5_true_chunk10.csv --rep-out /tmp/dml_low_high_response_ablation_20260830_b50/raw/ctmle_s5_true_chunk10.reps.csv
5	true	11	2026592700	/tmp/dml_low_high_response_ablation_20260830_b50/raw/ctmle_s5_true_chunk11.csv	/tmp/dml_low_high_response_ablation_20260830_b50/raw/ctmle_s5_true_chunk11.reps.csv	/tmp/dml_ablation_env/bin/python /tmp/ney_region_targeting_3e131a9/replication/hidden_bias_regional_repair/scripts/validated_reference_transfer.py --reps 4 --bootstraps 50 --n 3000 --epsilon 0.05 --strength 5 --design regional_shift --mar-design box --analysis-region true --reference-method ctmle --propensity-mode estimated --learner xgboost --propensity-learner xgboost --repair-mode targeting --c 2 --folds 3 --region-damp-grid 0 0.25 0.5 1 --validation-loss-se 1 --region-selector-ablation legacy --region-detector-c 4 --seed 2026592700 --progress-every 4 --out /tmp/dml_low_high_response_ablation_20260830_b50/raw/ctmle_s5_true_chunk11.csv --rep-out /tmp/dml_low_high_response_ablation_20260830_b50/raw/ctmle_s5_true_chunk11.reps.csv
5	true	12	2026593700	/tmp/dml_low_high_response_ablation_20260830_b50/raw/ctmle_s5_true_chunk12.csv	/tmp/dml_low_high_response_ablation_20260830_b50/raw/ctmle_s5_true_chunk12.reps.csv	/tmp/dml_ablation_env/bin/python /tmp/ney_region_targeting_3e131a9/replication/hidden_bias_regional_repair/scripts/validated_reference_transfer.py --reps 4 --bootstraps 50 --n 3000 --epsilon 0.05 --strength 5 --design regional_shift --mar-design box --analysis-region true --reference-method ctmle --propensity-mode estimated --learner xgboost --propensity-learner xgboost --repair-mode targeting --c 2 --folds 3 --region-damp-grid 0 0.25 0.5 1 --validation-loss-se 1 --region-selector-ablation legacy --region-detector-c 4 --seed 2026593700 --progress-every 4 --out /tmp/dml_low_high_response_ablation_20260830_b50/raw/ctmle_s5_true_chunk12.csv --rep-out /tmp/dml_low_high_response_ablation_20260830_b50/raw/ctmle_s5_true_chunk12.reps.csv
5	true	13	2026594700	/tmp/dml_low_high_response_ablation_20260830_b50/raw/ctmle_s5_true_chunk13.csv	/tmp/dml_low_high_response_ablation_20260830_b50/raw/ctmle_s5_true_chunk13.reps.csv	/tmp/dml_ablation_env/bin/python /tmp/ney_region_targeting_3e131a9/replication/hidden_bias_regional_repair/scripts/validated_reference_transfer.py --reps 4 --bootstraps 50 --n 3000 --epsilon 0.05 --strength 5 --design regional_shift --mar-design box --analysis-region true --reference-method ctmle --propensity-mode estimated --learner xgboost --propensity-learner xgboost --repair-mode targeting --c 2 --folds 3 --region-damp-grid 0 0.25 0.5 1 --validation-loss-se 1 --region-selector-ablation legacy --region-detector-c 4 --seed 2026594700 --progress-every 4 --out /tmp/dml_low_high_response_ablation_20260830_b50/raw/ctmle_s5_true_chunk13.csv --rep-out /tmp/dml_low_high_response_ablation_20260830_b50/raw/ctmle_s5_true_chunk13.reps.csv
5	true	14	2026595700	/tmp/dml_low_high_response_ablation_20260830_b50/raw/ctmle_s5_true_chunk14.csv	/tmp/dml_low_high_response_ablation_20260830_b50/raw/ctmle_s5_true_chunk14.reps.csv	/tmp/dml_ablation_env/bin/python /tmp/ney_region_targeting_3e131a9/replication/hidden_bias_regional_repair/scripts/validated_reference_transfer.py --reps 4 --bootstraps 50 --n 3000 --epsilon 0.05 --strength 5 --design regional_shift --mar-design box --analysis-region true --reference-method ctmle --propensity-mode estimated --learner xgboost --propensity-learner xgboost --repair-mode targeting --c 2 --folds 3 --region-damp-grid 0 0.25 0.5 1 --validation-loss-se 1 --region-selector-ablation legacy --region-detector-c 4 --seed 2026595700 --progress-every 4 --out /tmp/dml_low_high_response_ablation_20260830_b50/raw/ctmle_s5_true_chunk14.csv --rep-out /tmp/dml_low_high_response_ablation_20260830_b50/raw/ctmle_s5_true_chunk14.reps.csv
5	true	15	2026596700	/tmp/dml_low_high_response_ablation_20260830_b50/raw/ctmle_s5_true_chunk15.csv	/tmp/dml_low_high_response_ablation_20260830_b50/raw/ctmle_s5_true_chunk15.reps.csv	/tmp/dml_ablation_env/bin/python /tmp/ney_region_targeting_3e131a9/replication/hidden_bias_regional_repair/scripts/validated_reference_transfer.py --reps 4 --bootstraps 50 --n 3000 --epsilon 0.05 --strength 5 --design regional_shift --mar-design box --analysis-region true --reference-method ctmle --propensity-mode estimated --learner xgboost --propensity-learner xgboost --repair-mode targeting --c 2 --folds 3 --region-damp-grid 0 0.25 0.5 1 --validation-loss-se 1 --region-selector-ablation legacy --region-detector-c 4 --seed 2026596700 --progress-every 4 --out /tmp/dml_low_high_response_ablation_20260830_b50/raw/ctmle_s5_true_chunk15.csv --rep-out /tmp/dml_low_high_response_ablation_20260830_b50/raw/ctmle_s5_true_chunk15.reps.csv
5	true	16	2026597700	/tmp/dml_low_high_response_ablation_20260830_b50/raw/ctmle_s5_true_chunk16.csv	/tmp/dml_low_high_response_ablation_20260830_b50/raw/ctmle_s5_true_chunk16.reps.csv	/tmp/dml_ablation_env/bin/python /tmp/ney_region_targeting_3e131a9/replication/hidden_bias_regional_repair/scripts/validated_reference_transfer.py --reps 4 --bootstraps 50 --n 3000 --epsilon 0.05 --strength 5 --design regional_shift --mar-design box --analysis-region true --reference-method ctmle --propensity-mode estimated --learner xgboost --propensity-learner xgboost --repair-mode targeting --c 2 --folds 3 --region-damp-grid 0 0.25 0.5 1 --validation-loss-se 1 --region-selector-ablation legacy --region-detector-c 4 --seed 2026597700 --progress-every 4 --out /tmp/dml_low_high_response_ablation_20260830_b50/raw/ctmle_s5_true_chunk16.csv --rep-out /tmp/dml_low_high_response_ablation_20260830_b50/raw/ctmle_s5_true_chunk16.reps.csv
5	true	17	2026598700	/tmp/dml_low_high_response_ablation_20260830_b50/raw/ctmle_s5_true_chunk17.csv	/tmp/dml_low_high_response_ablation_20260830_b50/raw/ctmle_s5_true_chunk17.reps.csv	/tmp/dml_ablation_env/bin/python /tmp/ney_region_targeting_3e131a9/replication/hidden_bias_regional_repair/scripts/validated_reference_transfer.py --reps 4 --bootstraps 50 --n 3000 --epsilon 0.05 --strength 5 --design regional_shift --mar-design box --analysis-region true --reference-method ctmle --propensity-mode estimated --learner xgboost --propensity-learner xgboost --repair-mode targeting --c 2 --folds 3 --region-damp-grid 0 0.25 0.5 1 --validation-loss-se 1 --region-selector-ablation legacy --region-detector-c 4 --seed 2026598700 --progress-every 4 --out /tmp/dml_low_high_response_ablation_20260830_b50/raw/ctmle_s5_true_chunk17.csv --rep-out /tmp/dml_low_high_response_ablation_20260830_b50/raw/ctmle_s5_true_chunk17.reps.csv
5	true	18	2026599700	/tmp/dml_low_high_response_ablation_20260830_b50/raw/ctmle_s5_true_chunk18.csv	/tmp/dml_low_high_response_ablation_20260830_b50/raw/ctmle_s5_true_chunk18.reps.csv	/tmp/dml_ablation_env/bin/python /tmp/ney_region_targeting_3e131a9/replication/hidden_bias_regional_repair/scripts/validated_reference_transfer.py --reps 4 --bootstraps 50 --n 3000 --epsilon 0.05 --strength 5 --design regional_shift --mar-design box --analysis-region true --reference-method ctmle --propensity-mode estimated --learner xgboost --propensity-learner xgboost --repair-mode targeting --c 2 --folds 3 --region-damp-grid 0 0.25 0.5 1 --validation-loss-se 1 --region-selector-ablation legacy --region-detector-c 4 --seed 2026599700 --progress-every 4 --out /tmp/dml_low_high_response_ablation_20260830_b50/raw/ctmle_s5_true_chunk18.csv --rep-out /tmp/dml_low_high_response_ablation_20260830_b50/raw/ctmle_s5_true_chunk18.reps.csv
5	true	19	2026600700	/tmp/dml_low_high_response_ablation_20260830_b50/raw/ctmle_s5_true_chunk19.csv	/tmp/dml_low_high_response_ablation_20260830_b50/raw/ctmle_s5_true_chunk19.reps.csv	/tmp/dml_ablation_env/bin/python /tmp/ney_region_targeting_3e131a9/replication/hidden_bias_regional_repair/scripts/validated_reference_transfer.py --reps 4 --bootstraps 50 --n 3000 --epsilon 0.05 --strength 5 --design regional_shift --mar-design box --analysis-region true --reference-method ctmle --propensity-mode estimated --learner xgboost --propensity-learner xgboost --repair-mode targeting --c 2 --folds 3 --region-damp-grid 0 0.25 0.5 1 --validation-loss-se 1 --region-selector-ablation legacy --region-detector-c 4 --seed 2026600700 --progress-every 4 --out /tmp/dml_low_high_response_ablation_20260830_b50/raw/ctmle_s5_true_chunk19.csv --rep-out /tmp/dml_low_high_response_ablation_20260830_b50/raw/ctmle_s5_true_chunk19.reps.csv
5	true	20	2026601700	/tmp/dml_low_high_response_ablation_20260830_b50/raw/ctmle_s5_true_chunk20.csv	/tmp/dml_low_high_response_ablation_20260830_b50/raw/ctmle_s5_true_chunk20.reps.csv	/tmp/dml_ablation_env/bin/python /tmp/ney_region_targeting_3e131a9/replication/hidden_bias_regional_repair/scripts/validated_reference_transfer.py --reps 4 --bootstraps 50 --n 3000 --epsilon 0.05 --strength 5 --design regional_shift --mar-design box --analysis-region true --reference-method ctmle --propensity-mode estimated --learner xgboost --propensity-learner xgboost --repair-mode targeting --c 2 --folds 3 --region-damp-grid 0 0.25 0.5 1 --validation-loss-se 1 --region-selector-ablation legacy --region-detector-c 4 --seed 2026601700 --progress-every 4 --out /tmp/dml_low_high_response_ablation_20260830_b50/raw/ctmle_s5_true_chunk20.csv --rep-out /tmp/dml_low_high_response_ablation_20260830_b50/raw/ctmle_s5_true_chunk20.reps.csv
5	true	21	2026602700	/tmp/dml_low_high_response_ablation_20260830_b50/raw/ctmle_s5_true_chunk21.csv	/tmp/dml_low_high_response_ablation_20260830_b50/raw/ctmle_s5_true_chunk21.reps.csv	/tmp/dml_ablation_env/bin/python /tmp/ney_region_targeting_3e131a9/replication/hidden_bias_regional_repair/scripts/validated_reference_transfer.py --reps 4 --bootstraps 50 --n 3000 --epsilon 0.05 --strength 5 --design regional_shift --mar-design box --analysis-region true --reference-method ctmle --propensity-mode estimated --learner xgboost --propensity-learner xgboost --repair-mode targeting --c 2 --folds 3 --region-damp-grid 0 0.25 0.5 1 --validation-loss-se 1 --region-selector-ablation legacy --region-detector-c 4 --seed 2026602700 --progress-every 4 --out /tmp/dml_low_high_response_ablation_20260830_b50/raw/ctmle_s5_true_chunk21.csv --rep-out /tmp/dml_low_high_response_ablation_20260830_b50/raw/ctmle_s5_true_chunk21.reps.csv
5	true	22	2026603700	/tmp/dml_low_high_response_ablation_20260830_b50/raw/ctmle_s5_true_chunk22.csv	/tmp/dml_low_high_response_ablation_20260830_b50/raw/ctmle_s5_true_chunk22.reps.csv	/tmp/dml_ablation_env/bin/python /tmp/ney_region_targeting_3e131a9/replication/hidden_bias_regional_repair/scripts/validated_reference_transfer.py --reps 4 --bootstraps 50 --n 3000 --epsilon 0.05 --strength 5 --design regional_shift --mar-design box --analysis-region true --reference-method ctmle --propensity-mode estimated --learner xgboost --propensity-learner xgboost --repair-mode targeting --c 2 --folds 3 --region-damp-grid 0 0.25 0.5 1 --validation-loss-se 1 --region-selector-ablation legacy --region-detector-c 4 --seed 2026603700 --progress-every 4 --out /tmp/dml_low_high_response_ablation_20260830_b50/raw/ctmle_s5_true_chunk22.csv --rep-out /tmp/dml_low_high_response_ablation_20260830_b50/raw/ctmle_s5_true_chunk22.reps.csv
5	true	23	2026604700	/tmp/dml_low_high_response_ablation_20260830_b50/raw/ctmle_s5_true_chunk23.csv	/tmp/dml_low_high_response_ablation_20260830_b50/raw/ctmle_s5_true_chunk23.reps.csv	/tmp/dml_ablation_env/bin/python /tmp/ney_region_targeting_3e131a9/replication/hidden_bias_regional_repair/scripts/validated_reference_transfer.py --reps 4 --bootstraps 50 --n 3000 --epsilon 0.05 --strength 5 --design regional_shift --mar-design box --analysis-region true --reference-method ctmle --propensity-mode estimated --learner xgboost --propensity-learner xgboost --repair-mode targeting --c 2 --folds 3 --region-damp-grid 0 0.25 0.5 1 --validation-loss-se 1 --region-selector-ablation legacy --region-detector-c 4 --seed 2026604700 --progress-every 4 --out /tmp/dml_low_high_response_ablation_20260830_b50/raw/ctmle_s5_true_chunk23.csv --rep-out /tmp/dml_low_high_response_ablation_20260830_b50/raw/ctmle_s5_true_chunk23.reps.csv
5	wrong	0	2026581700	/tmp/dml_low_high_response_ablation_20260830_b50/raw/ctmle_s5_wrong_chunk00.csv	/tmp/dml_low_high_response_ablation_20260830_b50/raw/ctmle_s5_wrong_chunk00.reps.csv	/tmp/dml_ablation_env/bin/python /tmp/ney_region_targeting_3e131a9/replication/hidden_bias_regional_repair/scripts/validated_reference_transfer.py --reps 4 --bootstraps 50 --n 3000 --epsilon 0.05 --strength 5 --design regional_shift --mar-design box --analysis-region wrong --reference-method ctmle --propensity-mode estimated --learner xgboost --propensity-learner xgboost --repair-mode targeting --c 2 --folds 3 --region-damp-grid 0 0.25 0.5 1 --validation-loss-se 1 --region-selector-ablation legacy --region-detector-c 4 --seed 2026581700 --progress-every 4 --out /tmp/dml_low_high_response_ablation_20260830_b50/raw/ctmle_s5_wrong_chunk00.csv --rep-out /tmp/dml_low_high_response_ablation_20260830_b50/raw/ctmle_s5_wrong_chunk00.reps.csv
5	wrong	1	2026582700	/tmp/dml_low_high_response_ablation_20260830_b50/raw/ctmle_s5_wrong_chunk01.csv	/tmp/dml_low_high_response_ablation_20260830_b50/raw/ctmle_s5_wrong_chunk01.reps.csv	/tmp/dml_ablation_env/bin/python /tmp/ney_region_targeting_3e131a9/replication/hidden_bias_regional_repair/scripts/validated_reference_transfer.py --reps 4 --bootstraps 50 --n 3000 --epsilon 0.05 --strength 5 --design regional_shift --mar-design box --analysis-region wrong --reference-method ctmle --propensity-mode estimated --learner xgboost --propensity-learner xgboost --repair-mode targeting --c 2 --folds 3 --region-damp-grid 0 0.25 0.5 1 --validation-loss-se 1 --region-selector-ablation legacy --region-detector-c 4 --seed 2026582700 --progress-every 4 --out /tmp/dml_low_high_response_ablation_20260830_b50/raw/ctmle_s5_wrong_chunk01.csv --rep-out /tmp/dml_low_high_response_ablation_20260830_b50/raw/ctmle_s5_wrong_chunk01.reps.csv
5	wrong	2	2026583700	/tmp/dml_low_high_response_ablation_20260830_b50/raw/ctmle_s5_wrong_chunk02.csv	/tmp/dml_low_high_response_ablation_20260830_b50/raw/ctmle_s5_wrong_chunk02.reps.csv	/tmp/dml_ablation_env/bin/python /tmp/ney_region_targeting_3e131a9/replication/hidden_bias_regional_repair/scripts/validated_reference_transfer.py --reps 4 --bootstraps 50 --n 3000 --epsilon 0.05 --strength 5 --design regional_shift --mar-design box --analysis-region wrong --reference-method ctmle --propensity-mode estimated --learner xgboost --propensity-learner xgboost --repair-mode targeting --c 2 --folds 3 --region-damp-grid 0 0.25 0.5 1 --validation-loss-se 1 --region-selector-ablation legacy --region-detector-c 4 --seed 2026583700 --progress-every 4 --out /tmp/dml_low_high_response_ablation_20260830_b50/raw/ctmle_s5_wrong_chunk02.csv --rep-out /tmp/dml_low_high_response_ablation_20260830_b50/raw/ctmle_s5_wrong_chunk02.reps.csv
5	wrong	3	2026584700	/tmp/dml_low_high_response_ablation_20260830_b50/raw/ctmle_s5_wrong_chunk03.csv	/tmp/dml_low_high_response_ablation_20260830_b50/raw/ctmle_s5_wrong_chunk03.reps.csv	/tmp/dml_ablation_env/bin/python /tmp/ney_region_targeting_3e131a9/replication/hidden_bias_regional_repair/scripts/validated_reference_transfer.py --reps 4 --bootstraps 50 --n 3000 --epsilon 0.05 --strength 5 --design regional_shift --mar-design box --analysis-region wrong --reference-method ctmle --propensity-mode estimated --learner xgboost --propensity-learner xgboost --repair-mode targeting --c 2 --folds 3 --region-damp-grid 0 0.25 0.5 1 --validation-loss-se 1 --region-selector-ablation legacy --region-detector-c 4 --seed 2026584700 --progress-every 4 --out /tmp/dml_low_high_response_ablation_20260830_b50/raw/ctmle_s5_wrong_chunk03.csv --rep-out /tmp/dml_low_high_response_ablation_20260830_b50/raw/ctmle_s5_wrong_chunk03.reps.csv
5	wrong	4	2026585700	/tmp/dml_low_high_response_ablation_20260830_b50/raw/ctmle_s5_wrong_chunk04.csv	/tmp/dml_low_high_response_ablation_20260830_b50/raw/ctmle_s5_wrong_chunk04.reps.csv	/tmp/dml_ablation_env/bin/python /tmp/ney_region_targeting_3e131a9/replication/hidden_bias_regional_repair/scripts/validated_reference_transfer.py --reps 4 --bootstraps 50 --n 3000 --epsilon 0.05 --strength 5 --design regional_shift --mar-design box --analysis-region wrong --reference-method ctmle --propensity-mode estimated --learner xgboost --propensity-learner xgboost --repair-mode targeting --c 2 --folds 3 --region-damp-grid 0 0.25 0.5 1 --validation-loss-se 1 --region-selector-ablation legacy --region-detector-c 4 --seed 2026585700 --progress-every 4 --out /tmp/dml_low_high_response_ablation_20260830_b50/raw/ctmle_s5_wrong_chunk04.csv --rep-out /tmp/dml_low_high_response_ablation_20260830_b50/raw/ctmle_s5_wrong_chunk04.reps.csv
5	wrong	5	2026586700	/tmp/dml_low_high_response_ablation_20260830_b50/raw/ctmle_s5_wrong_chunk05.csv	/tmp/dml_low_high_response_ablation_20260830_b50/raw/ctmle_s5_wrong_chunk05.reps.csv	/tmp/dml_ablation_env/bin/python /tmp/ney_region_targeting_3e131a9/replication/hidden_bias_regional_repair/scripts/validated_reference_transfer.py --reps 4 --bootstraps 50 --n 3000 --epsilon 0.05 --strength 5 --design regional_shift --mar-design box --analysis-region wrong --reference-method ctmle --propensity-mode estimated --learner xgboost --propensity-learner xgboost --repair-mode targeting --c 2 --folds 3 --region-damp-grid 0 0.25 0.5 1 --validation-loss-se 1 --region-selector-ablation legacy --region-detector-c 4 --seed 2026586700 --progress-every 4 --out /tmp/dml_low_high_response_ablation_20260830_b50/raw/ctmle_s5_wrong_chunk05.csv --rep-out /tmp/dml_low_high_response_ablation_20260830_b50/raw/ctmle_s5_wrong_chunk05.reps.csv
5	wrong	6	2026587700	/tmp/dml_low_high_response_ablation_20260830_b50/raw/ctmle_s5_wrong_chunk06.csv	/tmp/dml_low_high_response_ablation_20260830_b50/raw/ctmle_s5_wrong_chunk06.reps.csv	/tmp/dml_ablation_env/bin/python /tmp/ney_region_targeting_3e131a9/replication/hidden_bias_regional_repair/scripts/validated_reference_transfer.py --reps 4 --bootstraps 50 --n 3000 --epsilon 0.05 --strength 5 --design regional_shift --mar-design box --analysis-region wrong --reference-method ctmle --propensity-mode estimated --learner xgboost --propensity-learner xgboost --repair-mode targeting --c 2 --folds 3 --region-damp-grid 0 0.25 0.5 1 --validation-loss-se 1 --region-selector-ablation legacy --region-detector-c 4 --seed 2026587700 --progress-every 4 --out /tmp/dml_low_high_response_ablation_20260830_b50/raw/ctmle_s5_wrong_chunk06.csv --rep-out /tmp/dml_low_high_response_ablation_20260830_b50/raw/ctmle_s5_wrong_chunk06.reps.csv
5	wrong	7	2026588700	/tmp/dml_low_high_response_ablation_20260830_b50/raw/ctmle_s5_wrong_chunk07.csv	/tmp/dml_low_high_response_ablation_20260830_b50/raw/ctmle_s5_wrong_chunk07.reps.csv	/tmp/dml_ablation_env/bin/python /tmp/ney_region_targeting_3e131a9/replication/hidden_bias_regional_repair/scripts/validated_reference_transfer.py --reps 4 --bootstraps 50 --n 3000 --epsilon 0.05 --strength 5 --design regional_shift --mar-design box --analysis-region wrong --reference-method ctmle --propensity-mode estimated --learner xgboost --propensity-learner xgboost --repair-mode targeting --c 2 --folds 3 --region-damp-grid 0 0.25 0.5 1 --validation-loss-se 1 --region-selector-ablation legacy --region-detector-c 4 --seed 2026588700 --progress-every 4 --out /tmp/dml_low_high_response_ablation_20260830_b50/raw/ctmle_s5_wrong_chunk07.csv --rep-out /tmp/dml_low_high_response_ablation_20260830_b50/raw/ctmle_s5_wrong_chunk07.reps.csv
5	wrong	8	2026589700	/tmp/dml_low_high_response_ablation_20260830_b50/raw/ctmle_s5_wrong_chunk08.csv	/tmp/dml_low_high_response_ablation_20260830_b50/raw/ctmle_s5_wrong_chunk08.reps.csv	/tmp/dml_ablation_env/bin/python /tmp/ney_region_targeting_3e131a9/replication/hidden_bias_regional_repair/scripts/validated_reference_transfer.py --reps 4 --bootstraps 50 --n 3000 --epsilon 0.05 --strength 5 --design regional_shift --mar-design box --analysis-region wrong --reference-method ctmle --propensity-mode estimated --learner xgboost --propensity-learner xgboost --repair-mode targeting --c 2 --folds 3 --region-damp-grid 0 0.25 0.5 1 --validation-loss-se 1 --region-selector-ablation legacy --region-detector-c 4 --seed 2026589700 --progress-every 4 --out /tmp/dml_low_high_response_ablation_20260830_b50/raw/ctmle_s5_wrong_chunk08.csv --rep-out /tmp/dml_low_high_response_ablation_20260830_b50/raw/ctmle_s5_wrong_chunk08.reps.csv
5	wrong	9	2026590700	/tmp/dml_low_high_response_ablation_20260830_b50/raw/ctmle_s5_wrong_chunk09.csv	/tmp/dml_low_high_response_ablation_20260830_b50/raw/ctmle_s5_wrong_chunk09.reps.csv	/tmp/dml_ablation_env/bin/python /tmp/ney_region_targeting_3e131a9/replication/hidden_bias_regional_repair/scripts/validated_reference_transfer.py --reps 4 --bootstraps 50 --n 3000 --epsilon 0.05 --strength 5 --design regional_shift --mar-design box --analysis-region wrong --reference-method ctmle --propensity-mode estimated --learner xgboost --propensity-learner xgboost --repair-mode targeting --c 2 --folds 3 --region-damp-grid 0 0.25 0.5 1 --validation-loss-se 1 --region-selector-ablation legacy --region-detector-c 4 --seed 2026590700 --progress-every 4 --out /tmp/dml_low_high_response_ablation_20260830_b50/raw/ctmle_s5_wrong_chunk09.csv --rep-out /tmp/dml_low_high_response_ablation_20260830_b50/raw/ctmle_s5_wrong_chunk09.reps.csv
5	wrong	10	2026591700	/tmp/dml_low_high_response_ablation_20260830_b50/raw/ctmle_s5_wrong_chunk10.csv	/tmp/dml_low_high_response_ablation_20260830_b50/raw/ctmle_s5_wrong_chunk10.reps.csv	/tmp/dml_ablation_env/bin/python /tmp/ney_region_targeting_3e131a9/replication/hidden_bias_regional_repair/scripts/validated_reference_transfer.py --reps 4 --bootstraps 50 --n 3000 --epsilon 0.05 --strength 5 --design regional_shift --mar-design box --analysis-region wrong --reference-method ctmle --propensity-mode estimated --learner xgboost --propensity-learner xgboost --repair-mode targeting --c 2 --folds 3 --region-damp-grid 0 0.25 0.5 1 --validation-loss-se 1 --region-selector-ablation legacy --region-detector-c 4 --seed 2026591700 --progress-every 4 --out /tmp/dml_low_high_response_ablation_20260830_b50/raw/ctmle_s5_wrong_chunk10.csv --rep-out /tmp/dml_low_high_response_ablation_20260830_b50/raw/ctmle_s5_wrong_chunk10.reps.csv
5	wrong	11	2026592700	/tmp/dml_low_high_response_ablation_20260830_b50/raw/ctmle_s5_wrong_chunk11.csv	/tmp/dml_low_high_response_ablation_20260830_b50/raw/ctmle_s5_wrong_chunk11.reps.csv	/tmp/dml_ablation_env/bin/python /tmp/ney_region_targeting_3e131a9/replication/hidden_bias_regional_repair/scripts/validated_reference_transfer.py --reps 4 --bootstraps 50 --n 3000 --epsilon 0.05 --strength 5 --design regional_shift --mar-design box --analysis-region wrong --reference-method ctmle --propensity-mode estimated --learner xgboost --propensity-learner xgboost --repair-mode targeting --c 2 --folds 3 --region-damp-grid 0 0.25 0.5 1 --validation-loss-se 1 --region-selector-ablation legacy --region-detector-c 4 --seed 2026592700 --progress-every 4 --out /tmp/dml_low_high_response_ablation_20260830_b50/raw/ctmle_s5_wrong_chunk11.csv --rep-out /tmp/dml_low_high_response_ablation_20260830_b50/raw/ctmle_s5_wrong_chunk11.reps.csv
5	wrong	12	2026593700	/tmp/dml_low_high_response_ablation_20260830_b50/raw/ctmle_s5_wrong_chunk12.csv	/tmp/dml_low_high_response_ablation_20260830_b50/raw/ctmle_s5_wrong_chunk12.reps.csv	/tmp/dml_ablation_env/bin/python /tmp/ney_region_targeting_3e131a9/replication/hidden_bias_regional_repair/scripts/validated_reference_transfer.py --reps 4 --bootstraps 50 --n 3000 --epsilon 0.05 --strength 5 --design regional_shift --mar-design box --analysis-region wrong --reference-method ctmle --propensity-mode estimated --learner xgboost --propensity-learner xgboost --repair-mode targeting --c 2 --folds 3 --region-damp-grid 0 0.25 0.5 1 --validation-loss-se 1 --region-selector-ablation legacy --region-detector-c 4 --seed 2026593700 --progress-every 4 --out /tmp/dml_low_high_response_ablation_20260830_b50/raw/ctmle_s5_wrong_chunk12.csv --rep-out /tmp/dml_low_high_response_ablation_20260830_b50/raw/ctmle_s5_wrong_chunk12.reps.csv
5	wrong	13	2026594700	/tmp/dml_low_high_response_ablation_20260830_b50/raw/ctmle_s5_wrong_chunk13.csv	/tmp/dml_low_high_response_ablation_20260830_b50/raw/ctmle_s5_wrong_chunk13.reps.csv	/tmp/dml_ablation_env/bin/python /tmp/ney_region_targeting_3e131a9/replication/hidden_bias_regional_repair/scripts/validated_reference_transfer.py --reps 4 --bootstraps 50 --n 3000 --epsilon 0.05 --strength 5 --design regional_shift --mar-design box --analysis-region wrong --reference-method ctmle --propensity-mode estimated --learner xgboost --propensity-learner xgboost --repair-mode targeting --c 2 --folds 3 --region-damp-grid 0 0.25 0.5 1 --validation-loss-se 1 --region-selector-ablation legacy --region-detector-c 4 --seed 2026594700 --progress-every 4 --out /tmp/dml_low_high_response_ablation_20260830_b50/raw/ctmle_s5_wrong_chunk13.csv --rep-out /tmp/dml_low_high_response_ablation_20260830_b50/raw/ctmle_s5_wrong_chunk13.reps.csv
5	wrong	14	2026595700	/tmp/dml_low_high_response_ablation_20260830_b50/raw/ctmle_s5_wrong_chunk14.csv	/tmp/dml_low_high_response_ablation_20260830_b50/raw/ctmle_s5_wrong_chunk14.reps.csv	/tmp/dml_ablation_env/bin/python /tmp/ney_region_targeting_3e131a9/replication/hidden_bias_regional_repair/scripts/validated_reference_transfer.py --reps 4 --bootstraps 50 --n 3000 --epsilon 0.05 --strength 5 --design regional_shift --mar-design box --analysis-region wrong --reference-method ctmle --propensity-mode estimated --learner xgboost --propensity-learner xgboost --repair-mode targeting --c 2 --folds 3 --region-damp-grid 0 0.25 0.5 1 --validation-loss-se 1 --region-selector-ablation legacy --region-detector-c 4 --seed 2026595700 --progress-every 4 --out /tmp/dml_low_high_response_ablation_20260830_b50/raw/ctmle_s5_wrong_chunk14.csv --rep-out /tmp/dml_low_high_response_ablation_20260830_b50/raw/ctmle_s5_wrong_chunk14.reps.csv
5	wrong	15	2026596700	/tmp/dml_low_high_response_ablation_20260830_b50/raw/ctmle_s5_wrong_chunk15.csv	/tmp/dml_low_high_response_ablation_20260830_b50/raw/ctmle_s5_wrong_chunk15.reps.csv	/tmp/dml_ablation_env/bin/python /tmp/ney_region_targeting_3e131a9/replication/hidden_bias_regional_repair/scripts/validated_reference_transfer.py --reps 4 --bootstraps 50 --n 3000 --epsilon 0.05 --strength 5 --design regional_shift --mar-design box --analysis-region wrong --reference-method ctmle --propensity-mode estimated --learner xgboost --propensity-learner xgboost --repair-mode targeting --c 2 --folds 3 --region-damp-grid 0 0.25 0.5 1 --validation-loss-se 1 --region-selector-ablation legacy --region-detector-c 4 --seed 2026596700 --progress-every 4 --out /tmp/dml_low_high_response_ablation_20260830_b50/raw/ctmle_s5_wrong_chunk15.csv --rep-out /tmp/dml_low_high_response_ablation_20260830_b50/raw/ctmle_s5_wrong_chunk15.reps.csv
5	wrong	16	2026597700	/tmp/dml_low_high_response_ablation_20260830_b50/raw/ctmle_s5_wrong_chunk16.csv	/tmp/dml_low_high_response_ablation_20260830_b50/raw/ctmle_s5_wrong_chunk16.reps.csv	/tmp/dml_ablation_env/bin/python /tmp/ney_region_targeting_3e131a9/replication/hidden_bias_regional_repair/scripts/validated_reference_transfer.py --reps 4 --bootstraps 50 --n 3000 --epsilon 0.05 --strength 5 --design regional_shift --mar-design box --analysis-region wrong --reference-method ctmle --propensity-mode estimated --learner xgboost --propensity-learner xgboost --repair-mode targeting --c 2 --folds 3 --region-damp-grid 0 0.25 0.5 1 --validation-loss-se 1 --region-selector-ablation legacy --region-detector-c 4 --seed 2026597700 --progress-every 4 --out /tmp/dml_low_high_response_ablation_20260830_b50/raw/ctmle_s5_wrong_chunk16.csv --rep-out /tmp/dml_low_high_response_ablation_20260830_b50/raw/ctmle_s5_wrong_chunk16.reps.csv
5	wrong	17	2026598700	/tmp/dml_low_high_response_ablation_20260830_b50/raw/ctmle_s5_wrong_chunk17.csv	/tmp/dml_low_high_response_ablation_20260830_b50/raw/ctmle_s5_wrong_chunk17.reps.csv	/tmp/dml_ablation_env/bin/python /tmp/ney_region_targeting_3e131a9/replication/hidden_bias_regional_repair/scripts/validated_reference_transfer.py --reps 4 --bootstraps 50 --n 3000 --epsilon 0.05 --strength 5 --design regional_shift --mar-design box --analysis-region wrong --reference-method ctmle --propensity-mode estimated --learner xgboost --propensity-learner xgboost --repair-mode targeting --c 2 --folds 3 --region-damp-grid 0 0.25 0.5 1 --validation-loss-se 1 --region-selector-ablation legacy --region-detector-c 4 --seed 2026598700 --progress-every 4 --out /tmp/dml_low_high_response_ablation_20260830_b50/raw/ctmle_s5_wrong_chunk17.csv --rep-out /tmp/dml_low_high_response_ablation_20260830_b50/raw/ctmle_s5_wrong_chunk17.reps.csv
5	wrong	18	2026599700	/tmp/dml_low_high_response_ablation_20260830_b50/raw/ctmle_s5_wrong_chunk18.csv	/tmp/dml_low_high_response_ablation_20260830_b50/raw/ctmle_s5_wrong_chunk18.reps.csv	/tmp/dml_ablation_env/bin/python /tmp/ney_region_targeting_3e131a9/replication/hidden_bias_regional_repair/scripts/validated_reference_transfer.py --reps 4 --bootstraps 50 --n 3000 --epsilon 0.05 --strength 5 --design regional_shift --mar-design box --analysis-region wrong --reference-method ctmle --propensity-mode estimated --learner xgboost --propensity-learner xgboost --repair-mode targeting --c 2 --folds 3 --region-damp-grid 0 0.25 0.5 1 --validation-loss-se 1 --region-selector-ablation legacy --region-detector-c 4 --seed 2026599700 --progress-every 4 --out /tmp/dml_low_high_response_ablation_20260830_b50/raw/ctmle_s5_wrong_chunk18.csv --rep-out /tmp/dml_low_high_response_ablation_20260830_b50/raw/ctmle_s5_wrong_chunk18.reps.csv
5	wrong	19	2026600700	/tmp/dml_low_high_response_ablation_20260830_b50/raw/ctmle_s5_wrong_chunk19.csv	/tmp/dml_low_high_response_ablation_20260830_b50/raw/ctmle_s5_wrong_chunk19.reps.csv	/tmp/dml_ablation_env/bin/python /tmp/ney_region_targeting_3e131a9/replication/hidden_bias_regional_repair/scripts/validated_reference_transfer.py --reps 4 --bootstraps 50 --n 3000 --epsilon 0.05 --strength 5 --design regional_shift --mar-design box --analysis-region wrong --reference-method ctmle --propensity-mode estimated --learner xgboost --propensity-learner xgboost --repair-mode targeting --c 2 --folds 3 --region-damp-grid 0 0.25 0.5 1 --validation-loss-se 1 --region-selector-ablation legacy --region-detector-c 4 --seed 2026600700 --progress-every 4 --out /tmp/dml_low_high_response_ablation_20260830_b50/raw/ctmle_s5_wrong_chunk19.csv --rep-out /tmp/dml_low_high_response_ablation_20260830_b50/raw/ctmle_s5_wrong_chunk19.reps.csv
5	wrong	20	2026601700	/tmp/dml_low_high_response_ablation_20260830_b50/raw/ctmle_s5_wrong_chunk20.csv	/tmp/dml_low_high_response_ablation_20260830_b50/raw/ctmle_s5_wrong_chunk20.reps.csv	/tmp/dml_ablation_env/bin/python /tmp/ney_region_targeting_3e131a9/replication/hidden_bias_regional_repair/scripts/validated_reference_transfer.py --reps 4 --bootstraps 50 --n 3000 --epsilon 0.05 --strength 5 --design regional_shift --mar-design box --analysis-region wrong --reference-method ctmle --propensity-mode estimated --learner xgboost --propensity-learner xgboost --repair-mode targeting --c 2 --folds 3 --region-damp-grid 0 0.25 0.5 1 --validation-loss-se 1 --region-selector-ablation legacy --region-detector-c 4 --seed 2026601700 --progress-every 4 --out /tmp/dml_low_high_response_ablation_20260830_b50/raw/ctmle_s5_wrong_chunk20.csv --rep-out /tmp/dml_low_high_response_ablation_20260830_b50/raw/ctmle_s5_wrong_chunk20.reps.csv
5	wrong	21	2026602700	/tmp/dml_low_high_response_ablation_20260830_b50/raw/ctmle_s5_wrong_chunk21.csv	/tmp/dml_low_high_response_ablation_20260830_b50/raw/ctmle_s5_wrong_chunk21.reps.csv	/tmp/dml_ablation_env/bin/python /tmp/ney_region_targeting_3e131a9/replication/hidden_bias_regional_repair/scripts/validated_reference_transfer.py --reps 4 --bootstraps 50 --n 3000 --epsilon 0.05 --strength 5 --design regional_shift --mar-design box --analysis-region wrong --reference-method ctmle --propensity-mode estimated --learner xgboost --propensity-learner xgboost --repair-mode targeting --c 2 --folds 3 --region-damp-grid 0 0.25 0.5 1 --validation-loss-se 1 --region-selector-ablation legacy --region-detector-c 4 --seed 2026602700 --progress-every 4 --out /tmp/dml_low_high_response_ablation_20260830_b50/raw/ctmle_s5_wrong_chunk21.csv --rep-out /tmp/dml_low_high_response_ablation_20260830_b50/raw/ctmle_s5_wrong_chunk21.reps.csv
5	wrong	22	2026603700	/tmp/dml_low_high_response_ablation_20260830_b50/raw/ctmle_s5_wrong_chunk22.csv	/tmp/dml_low_high_response_ablation_20260830_b50/raw/ctmle_s5_wrong_chunk22.reps.csv	/tmp/dml_ablation_env/bin/python /tmp/ney_region_targeting_3e131a9/replication/hidden_bias_regional_repair/scripts/validated_reference_transfer.py --reps 4 --bootstraps 50 --n 3000 --epsilon 0.05 --strength 5 --design regional_shift --mar-design box --analysis-region wrong --reference-method ctmle --propensity-mode estimated --learner xgboost --propensity-learner xgboost --repair-mode targeting --c 2 --folds 3 --region-damp-grid 0 0.25 0.5 1 --validation-loss-se 1 --region-selector-ablation legacy --region-detector-c 4 --seed 2026603700 --progress-every 4 --out /tmp/dml_low_high_response_ablation_20260830_b50/raw/ctmle_s5_wrong_chunk22.csv --rep-out /tmp/dml_low_high_response_ablation_20260830_b50/raw/ctmle_s5_wrong_chunk22.reps.csv
5	wrong	23	2026604700	/tmp/dml_low_high_response_ablation_20260830_b50/raw/ctmle_s5_wrong_chunk23.csv	/tmp/dml_low_high_response_ablation_20260830_b50/raw/ctmle_s5_wrong_chunk23.reps.csv	/tmp/dml_ablation_env/bin/python /tmp/ney_region_targeting_3e131a9/replication/hidden_bias_regional_repair/scripts/validated_reference_transfer.py --reps 4 --bootstraps 50 --n 3000 --epsilon 0.05 --strength 5 --design regional_shift --mar-design box --analysis-region wrong --reference-method ctmle --propensity-mode estimated --learner xgboost --propensity-learner xgboost --repair-mode targeting --c 2 --folds 3 --region-damp-grid 0 0.25 0.5 1 --validation-loss-se 1 --region-selector-ablation legacy --region-detector-c 4 --seed 2026604700 --progress-every 4 --out /tmp/dml_low_high_response_ablation_20260830_b50/raw/ctmle_s5_wrong_chunk23.csv --rep-out /tmp/dml_low_high_response_ablation_20260830_b50/raw/ctmle_s5_wrong_chunk23.reps.csv
8	true	0	2026881700	/tmp/dml_low_high_response_ablation_20260830_b50/raw/ctmle_s8_true_chunk00.csv	/tmp/dml_low_high_response_ablation_20260830_b50/raw/ctmle_s8_true_chunk00.reps.csv	/tmp/dml_ablation_env/bin/python /tmp/ney_region_targeting_3e131a9/replication/hidden_bias_regional_repair/scripts/validated_reference_transfer.py --reps 4 --bootstraps 50 --n 3000 --epsilon 0.05 --strength 8 --design regional_shift --mar-design box --analysis-region true --reference-method ctmle --propensity-mode estimated --learner xgboost --propensity-learner xgboost --repair-mode targeting --c 2 --folds 3 --region-damp-grid 0 0.25 0.5 1 --validation-loss-se 1 --region-selector-ablation legacy --region-detector-c 4 --seed 2026881700 --progress-every 4 --out /tmp/dml_low_high_response_ablation_20260830_b50/raw/ctmle_s8_true_chunk00.csv --rep-out /tmp/dml_low_high_response_ablation_20260830_b50/raw/ctmle_s8_true_chunk00.reps.csv
8	true	1	2026882700	/tmp/dml_low_high_response_ablation_20260830_b50/raw/ctmle_s8_true_chunk01.csv	/tmp/dml_low_high_response_ablation_20260830_b50/raw/ctmle_s8_true_chunk01.reps.csv	/tmp/dml_ablation_env/bin/python /tmp/ney_region_targeting_3e131a9/replication/hidden_bias_regional_repair/scripts/validated_reference_transfer.py --reps 4 --bootstraps 50 --n 3000 --epsilon 0.05 --strength 8 --design regional_shift --mar-design box --analysis-region true --reference-method ctmle --propensity-mode estimated --learner xgboost --propensity-learner xgboost --repair-mode targeting --c 2 --folds 3 --region-damp-grid 0 0.25 0.5 1 --validation-loss-se 1 --region-selector-ablation legacy --region-detector-c 4 --seed 2026882700 --progress-every 4 --out /tmp/dml_low_high_response_ablation_20260830_b50/raw/ctmle_s8_true_chunk01.csv --rep-out /tmp/dml_low_high_response_ablation_20260830_b50/raw/ctmle_s8_true_chunk01.reps.csv
8	true	2	2026883700	/tmp/dml_low_high_response_ablation_20260830_b50/raw/ctmle_s8_true_chunk02.csv	/tmp/dml_low_high_response_ablation_20260830_b50/raw/ctmle_s8_true_chunk02.reps.csv	/tmp/dml_ablation_env/bin/python /tmp/ney_region_targeting_3e131a9/replication/hidden_bias_regional_repair/scripts/validated_reference_transfer.py --reps 4 --bootstraps 50 --n 3000 --epsilon 0.05 --strength 8 --design regional_shift --mar-design box --analysis-region true --reference-method ctmle --propensity-mode estimated --learner xgboost --propensity-learner xgboost --repair-mode targeting --c 2 --folds 3 --region-damp-grid 0 0.25 0.5 1 --validation-loss-se 1 --region-selector-ablation legacy --region-detector-c 4 --seed 2026883700 --progress-every 4 --out /tmp/dml_low_high_response_ablation_20260830_b50/raw/ctmle_s8_true_chunk02.csv --rep-out /tmp/dml_low_high_response_ablation_20260830_b50/raw/ctmle_s8_true_chunk02.reps.csv
8	true	3	2026884700	/tmp/dml_low_high_response_ablation_20260830_b50/raw/ctmle_s8_true_chunk03.csv	/tmp/dml_low_high_response_ablation_20260830_b50/raw/ctmle_s8_true_chunk03.reps.csv	/tmp/dml_ablation_env/bin/python /tmp/ney_region_targeting_3e131a9/replication/hidden_bias_regional_repair/scripts/validated_reference_transfer.py --reps 4 --bootstraps 50 --n 3000 --epsilon 0.05 --strength 8 --design regional_shift --mar-design box --analysis-region true --reference-method ctmle --propensity-mode estimated --learner xgboost --propensity-learner xgboost --repair-mode targeting --c 2 --folds 3 --region-damp-grid 0 0.25 0.5 1 --validation-loss-se 1 --region-selector-ablation legacy --region-detector-c 4 --seed 2026884700 --progress-every 4 --out /tmp/dml_low_high_response_ablation_20260830_b50/raw/ctmle_s8_true_chunk03.csv --rep-out /tmp/dml_low_high_response_ablation_20260830_b50/raw/ctmle_s8_true_chunk03.reps.csv
8	true	4	2026885700	/tmp/dml_low_high_response_ablation_20260830_b50/raw/ctmle_s8_true_chunk04.csv	/tmp/dml_low_high_response_ablation_20260830_b50/raw/ctmle_s8_true_chunk04.reps.csv	/tmp/dml_ablation_env/bin/python /tmp/ney_region_targeting_3e131a9/replication/hidden_bias_regional_repair/scripts/validated_reference_transfer.py --reps 4 --bootstraps 50 --n 3000 --epsilon 0.05 --strength 8 --design regional_shift --mar-design box --analysis-region true --reference-method ctmle --propensity-mode estimated --learner xgboost --propensity-learner xgboost --repair-mode targeting --c 2 --folds 3 --region-damp-grid 0 0.25 0.5 1 --validation-loss-se 1 --region-selector-ablation legacy --region-detector-c 4 --seed 2026885700 --progress-every 4 --out /tmp/dml_low_high_response_ablation_20260830_b50/raw/ctmle_s8_true_chunk04.csv --rep-out /tmp/dml_low_high_response_ablation_20260830_b50/raw/ctmle_s8_true_chunk04.reps.csv
8	true	5	2026886700	/tmp/dml_low_high_response_ablation_20260830_b50/raw/ctmle_s8_true_chunk05.csv	/tmp/dml_low_high_response_ablation_20260830_b50/raw/ctmle_s8_true_chunk05.reps.csv	/tmp/dml_ablation_env/bin/python /tmp/ney_region_targeting_3e131a9/replication/hidden_bias_regional_repair/scripts/validated_reference_transfer.py --reps 4 --bootstraps 50 --n 3000 --epsilon 0.05 --strength 8 --design regional_shift --mar-design box --analysis-region true --reference-method ctmle --propensity-mode estimated --learner xgboost --propensity-learner xgboost --repair-mode targeting --c 2 --folds 3 --region-damp-grid 0 0.25 0.5 1 --validation-loss-se 1 --region-selector-ablation legacy --region-detector-c 4 --seed 2026886700 --progress-every 4 --out /tmp/dml_low_high_response_ablation_20260830_b50/raw/ctmle_s8_true_chunk05.csv --rep-out /tmp/dml_low_high_response_ablation_20260830_b50/raw/ctmle_s8_true_chunk05.reps.csv
8	true	6	2026887700	/tmp/dml_low_high_response_ablation_20260830_b50/raw/ctmle_s8_true_chunk06.csv	/tmp/dml_low_high_response_ablation_20260830_b50/raw/ctmle_s8_true_chunk06.reps.csv	/tmp/dml_ablation_env/bin/python /tmp/ney_region_targeting_3e131a9/replication/hidden_bias_regional_repair/scripts/validated_reference_transfer.py --reps 4 --bootstraps 50 --n 3000 --epsilon 0.05 --strength 8 --design regional_shift --mar-design box --analysis-region true --reference-method ctmle --propensity-mode estimated --learner xgboost --propensity-learner xgboost --repair-mode targeting --c 2 --folds 3 --region-damp-grid 0 0.25 0.5 1 --validation-loss-se 1 --region-selector-ablation legacy --region-detector-c 4 --seed 2026887700 --progress-every 4 --out /tmp/dml_low_high_response_ablation_20260830_b50/raw/ctmle_s8_true_chunk06.csv --rep-out /tmp/dml_low_high_response_ablation_20260830_b50/raw/ctmle_s8_true_chunk06.reps.csv
8	true	7	2026888700	/tmp/dml_low_high_response_ablation_20260830_b50/raw/ctmle_s8_true_chunk07.csv	/tmp/dml_low_high_response_ablation_20260830_b50/raw/ctmle_s8_true_chunk07.reps.csv	/tmp/dml_ablation_env/bin/python /tmp/ney_region_targeting_3e131a9/replication/hidden_bias_regional_repair/scripts/validated_reference_transfer.py --reps 4 --bootstraps 50 --n 3000 --epsilon 0.05 --strength 8 --design regional_shift --mar-design box --analysis-region true --reference-method ctmle --propensity-mode estimated --learner xgboost --propensity-learner xgboost --repair-mode targeting --c 2 --folds 3 --region-damp-grid 0 0.25 0.5 1 --validation-loss-se 1 --region-selector-ablation legacy --region-detector-c 4 --seed 2026888700 --progress-every 4 --out /tmp/dml_low_high_response_ablation_20260830_b50/raw/ctmle_s8_true_chunk07.csv --rep-out /tmp/dml_low_high_response_ablation_20260830_b50/raw/ctmle_s8_true_chunk07.reps.csv
8	true	8	2026889700	/tmp/dml_low_high_response_ablation_20260830_b50/raw/ctmle_s8_true_chunk08.csv	/tmp/dml_low_high_response_ablation_20260830_b50/raw/ctmle_s8_true_chunk08.reps.csv	/tmp/dml_ablation_env/bin/python /tmp/ney_region_targeting_3e131a9/replication/hidden_bias_regional_repair/scripts/validated_reference_transfer.py --reps 4 --bootstraps 50 --n 3000 --epsilon 0.05 --strength 8 --design regional_shift --mar-design box --analysis-region true --reference-method ctmle --propensity-mode estimated --learner xgboost --propensity-learner xgboost --repair-mode targeting --c 2 --folds 3 --region-damp-grid 0 0.25 0.5 1 --validation-loss-se 1 --region-selector-ablation legacy --region-detector-c 4 --seed 2026889700 --progress-every 4 --out /tmp/dml_low_high_response_ablation_20260830_b50/raw/ctmle_s8_true_chunk08.csv --rep-out /tmp/dml_low_high_response_ablation_20260830_b50/raw/ctmle_s8_true_chunk08.reps.csv
8	true	9	2026890700	/tmp/dml_low_high_response_ablation_20260830_b50/raw/ctmle_s8_true_chunk09.csv	/tmp/dml_low_high_response_ablation_20260830_b50/raw/ctmle_s8_true_chunk09.reps.csv	/tmp/dml_ablation_env/bin/python /tmp/ney_region_targeting_3e131a9/replication/hidden_bias_regional_repair/scripts/validated_reference_transfer.py --reps 4 --bootstraps 50 --n 3000 --epsilon 0.05 --strength 8 --design regional_shift --mar-design box --analysis-region true --reference-method ctmle --propensity-mode estimated --learner xgboost --propensity-learner xgboost --repair-mode targeting --c 2 --folds 3 --region-damp-grid 0 0.25 0.5 1 --validation-loss-se 1 --region-selector-ablation legacy --region-detector-c 4 --seed 2026890700 --progress-every 4 --out /tmp/dml_low_high_response_ablation_20260830_b50/raw/ctmle_s8_true_chunk09.csv --rep-out /tmp/dml_low_high_response_ablation_20260830_b50/raw/ctmle_s8_true_chunk09.reps.csv
8	true	10	2026891700	/tmp/dml_low_high_response_ablation_20260830_b50/raw/ctmle_s8_true_chunk10.csv	/tmp/dml_low_high_response_ablation_20260830_b50/raw/ctmle_s8_true_chunk10.reps.csv	/tmp/dml_ablation_env/bin/python /tmp/ney_region_targeting_3e131a9/replication/hidden_bias_regional_repair/scripts/validated_reference_transfer.py --reps 4 --bootstraps 50 --n 3000 --epsilon 0.05 --strength 8 --design regional_shift --mar-design box --analysis-region true --reference-method ctmle --propensity-mode estimated --learner xgboost --propensity-learner xgboost --repair-mode targeting --c 2 --folds 3 --region-damp-grid 0 0.25 0.5 1 --validation-loss-se 1 --region-selector-ablation legacy --region-detector-c 4 --seed 2026891700 --progress-every 4 --out /tmp/dml_low_high_response_ablation_20260830_b50/raw/ctmle_s8_true_chunk10.csv --rep-out /tmp/dml_low_high_response_ablation_20260830_b50/raw/ctmle_s8_true_chunk10.reps.csv
8	true	11	2026892700	/tmp/dml_low_high_response_ablation_20260830_b50/raw/ctmle_s8_true_chunk11.csv	/tmp/dml_low_high_response_ablation_20260830_b50/raw/ctmle_s8_true_chunk11.reps.csv	/tmp/dml_ablation_env/bin/python /tmp/ney_region_targeting_3e131a9/replication/hidden_bias_regional_repair/scripts/validated_reference_transfer.py --reps 4 --bootstraps 50 --n 3000 --epsilon 0.05 --strength 8 --design regional_shift --mar-design box --analysis-region true --reference-method ctmle --propensity-mode estimated --learner xgboost --propensity-learner xgboost --repair-mode targeting --c 2 --folds 3 --region-damp-grid 0 0.25 0.5 1 --validation-loss-se 1 --region-selector-ablation legacy --region-detector-c 4 --seed 2026892700 --progress-every 4 --out /tmp/dml_low_high_response_ablation_20260830_b50/raw/ctmle_s8_true_chunk11.csv --rep-out /tmp/dml_low_high_response_ablation_20260830_b50/raw/ctmle_s8_true_chunk11.reps.csv
8	true	12	2026893700	/tmp/dml_low_high_response_ablation_20260830_b50/raw/ctmle_s8_true_chunk12.csv	/tmp/dml_low_high_response_ablation_20260830_b50/raw/ctmle_s8_true_chunk12.reps.csv	/tmp/dml_ablation_env/bin/python /tmp/ney_region_targeting_3e131a9/replication/hidden_bias_regional_repair/scripts/validated_reference_transfer.py --reps 4 --bootstraps 50 --n 3000 --epsilon 0.05 --strength 8 --design regional_shift --mar-design box --analysis-region true --reference-method ctmle --propensity-mode estimated --learner xgboost --propensity-learner xgboost --repair-mode targeting --c 2 --folds 3 --region-damp-grid 0 0.25 0.5 1 --validation-loss-se 1 --region-selector-ablation legacy --region-detector-c 4 --seed 2026893700 --progress-every 4 --out /tmp/dml_low_high_response_ablation_20260830_b50/raw/ctmle_s8_true_chunk12.csv --rep-out /tmp/dml_low_high_response_ablation_20260830_b50/raw/ctmle_s8_true_chunk12.reps.csv
8	true	13	2026894700	/tmp/dml_low_high_response_ablation_20260830_b50/raw/ctmle_s8_true_chunk13.csv	/tmp/dml_low_high_response_ablation_20260830_b50/raw/ctmle_s8_true_chunk13.reps.csv	/tmp/dml_ablation_env/bin/python /tmp/ney_region_targeting_3e131a9/replication/hidden_bias_regional_repair/scripts/validated_reference_transfer.py --reps 4 --bootstraps 50 --n 3000 --epsilon 0.05 --strength 8 --design regional_shift --mar-design box --analysis-region true --reference-method ctmle --propensity-mode estimated --learner xgboost --propensity-learner xgboost --repair-mode targeting --c 2 --folds 3 --region-damp-grid 0 0.25 0.5 1 --validation-loss-se 1 --region-selector-ablation legacy --region-detector-c 4 --seed 2026894700 --progress-every 4 --out /tmp/dml_low_high_response_ablation_20260830_b50/raw/ctmle_s8_true_chunk13.csv --rep-out /tmp/dml_low_high_response_ablation_20260830_b50/raw/ctmle_s8_true_chunk13.reps.csv
8	true	14	2026895700	/tmp/dml_low_high_response_ablation_20260830_b50/raw/ctmle_s8_true_chunk14.csv	/tmp/dml_low_high_response_ablation_20260830_b50/raw/ctmle_s8_true_chunk14.reps.csv	/tmp/dml_ablation_env/bin/python /tmp/ney_region_targeting_3e131a9/replication/hidden_bias_regional_repair/scripts/validated_reference_transfer.py --reps 4 --bootstraps 50 --n 3000 --epsilon 0.05 --strength 8 --design regional_shift --mar-design box --analysis-region true --reference-method ctmle --propensity-mode estimated --learner xgboost --propensity-learner xgboost --repair-mode targeting --c 2 --folds 3 --region-damp-grid 0 0.25 0.5 1 --validation-loss-se 1 --region-selector-ablation legacy --region-detector-c 4 --seed 2026895700 --progress-every 4 --out /tmp/dml_low_high_response_ablation_20260830_b50/raw/ctmle_s8_true_chunk14.csv --rep-out /tmp/dml_low_high_response_ablation_20260830_b50/raw/ctmle_s8_true_chunk14.reps.csv
8	true	15	2026896700	/tmp/dml_low_high_response_ablation_20260830_b50/raw/ctmle_s8_true_chunk15.csv	/tmp/dml_low_high_response_ablation_20260830_b50/raw/ctmle_s8_true_chunk15.reps.csv	/tmp/dml_ablation_env/bin/python /tmp/ney_region_targeting_3e131a9/replication/hidden_bias_regional_repair/scripts/validated_reference_transfer.py --reps 4 --bootstraps 50 --n 3000 --epsilon 0.05 --strength 8 --design regional_shift --mar-design box --analysis-region true --reference-method ctmle --propensity-mode estimated --learner xgboost --propensity-learner xgboost --repair-mode targeting --c 2 --folds 3 --region-damp-grid 0 0.25 0.5 1 --validation-loss-se 1 --region-selector-ablation legacy --region-detector-c 4 --seed 2026896700 --progress-every 4 --out /tmp/dml_low_high_response_ablation_20260830_b50/raw/ctmle_s8_true_chunk15.csv --rep-out /tmp/dml_low_high_response_ablation_20260830_b50/raw/ctmle_s8_true_chunk15.reps.csv
8	true	16	2026897700	/tmp/dml_low_high_response_ablation_20260830_b50/raw/ctmle_s8_true_chunk16.csv	/tmp/dml_low_high_response_ablation_20260830_b50/raw/ctmle_s8_true_chunk16.reps.csv	/tmp/dml_ablation_env/bin/python /tmp/ney_region_targeting_3e131a9/replication/hidden_bias_regional_repair/scripts/validated_reference_transfer.py --reps 4 --bootstraps 50 --n 3000 --epsilon 0.05 --strength 8 --design regional_shift --mar-design box --analysis-region true --reference-method ctmle --propensity-mode estimated --learner xgboost --propensity-learner xgboost --repair-mode targeting --c 2 --folds 3 --region-damp-grid 0 0.25 0.5 1 --validation-loss-se 1 --region-selector-ablation legacy --region-detector-c 4 --seed 2026897700 --progress-every 4 --out /tmp/dml_low_high_response_ablation_20260830_b50/raw/ctmle_s8_true_chunk16.csv --rep-out /tmp/dml_low_high_response_ablation_20260830_b50/raw/ctmle_s8_true_chunk16.reps.csv
8	true	17	2026898700	/tmp/dml_low_high_response_ablation_20260830_b50/raw/ctmle_s8_true_chunk17.csv	/tmp/dml_low_high_response_ablation_20260830_b50/raw/ctmle_s8_true_chunk17.reps.csv	/tmp/dml_ablation_env/bin/python /tmp/ney_region_targeting_3e131a9/replication/hidden_bias_regional_repair/scripts/validated_reference_transfer.py --reps 4 --bootstraps 50 --n 3000 --epsilon 0.05 --strength 8 --design regional_shift --mar-design box --analysis-region true --reference-method ctmle --propensity-mode estimated --learner xgboost --propensity-learner xgboost --repair-mode targeting --c 2 --folds 3 --region-damp-grid 0 0.25 0.5 1 --validation-loss-se 1 --region-selector-ablation legacy --region-detector-c 4 --seed 2026898700 --progress-every 4 --out /tmp/dml_low_high_response_ablation_20260830_b50/raw/ctmle_s8_true_chunk17.csv --rep-out /tmp/dml_low_high_response_ablation_20260830_b50/raw/ctmle_s8_true_chunk17.reps.csv
8	true	18	2026899700	/tmp/dml_low_high_response_ablation_20260830_b50/raw/ctmle_s8_true_chunk18.csv	/tmp/dml_low_high_response_ablation_20260830_b50/raw/ctmle_s8_true_chunk18.reps.csv	/tmp/dml_ablation_env/bin/python /tmp/ney_region_targeting_3e131a9/replication/hidden_bias_regional_repair/scripts/validated_reference_transfer.py --reps 4 --bootstraps 50 --n 3000 --epsilon 0.05 --strength 8 --design regional_shift --mar-design box --analysis-region true --reference-method ctmle --propensity-mode estimated --learner xgboost --propensity-learner xgboost --repair-mode targeting --c 2 --folds 3 --region-damp-grid 0 0.25 0.5 1 --validation-loss-se 1 --region-selector-ablation legacy --region-detector-c 4 --seed 2026899700 --progress-every 4 --out /tmp/dml_low_high_response_ablation_20260830_b50/raw/ctmle_s8_true_chunk18.csv --rep-out /tmp/dml_low_high_response_ablation_20260830_b50/raw/ctmle_s8_true_chunk18.reps.csv
8	true	19	2026900700	/tmp/dml_low_high_response_ablation_20260830_b50/raw/ctmle_s8_true_chunk19.csv	/tmp/dml_low_high_response_ablation_20260830_b50/raw/ctmle_s8_true_chunk19.reps.csv	/tmp/dml_ablation_env/bin/python /tmp/ney_region_targeting_3e131a9/replication/hidden_bias_regional_repair/scripts/validated_reference_transfer.py --reps 4 --bootstraps 50 --n 3000 --epsilon 0.05 --strength 8 --design regional_shift --mar-design box --analysis-region true --reference-method ctmle --propensity-mode estimated --learner xgboost --propensity-learner xgboost --repair-mode targeting --c 2 --folds 3 --region-damp-grid 0 0.25 0.5 1 --validation-loss-se 1 --region-selector-ablation legacy --region-detector-c 4 --seed 2026900700 --progress-every 4 --out /tmp/dml_low_high_response_ablation_20260830_b50/raw/ctmle_s8_true_chunk19.csv --rep-out /tmp/dml_low_high_response_ablation_20260830_b50/raw/ctmle_s8_true_chunk19.reps.csv
8	true	20	2026901700	/tmp/dml_low_high_response_ablation_20260830_b50/raw/ctmle_s8_true_chunk20.csv	/tmp/dml_low_high_response_ablation_20260830_b50/raw/ctmle_s8_true_chunk20.reps.csv	/tmp/dml_ablation_env/bin/python /tmp/ney_region_targeting_3e131a9/replication/hidden_bias_regional_repair/scripts/validated_reference_transfer.py --reps 4 --bootstraps 50 --n 3000 --epsilon 0.05 --strength 8 --design regional_shift --mar-design box --analysis-region true --reference-method ctmle --propensity-mode estimated --learner xgboost --propensity-learner xgboost --repair-mode targeting --c 2 --folds 3 --region-damp-grid 0 0.25 0.5 1 --validation-loss-se 1 --region-selector-ablation legacy --region-detector-c 4 --seed 2026901700 --progress-every 4 --out /tmp/dml_low_high_response_ablation_20260830_b50/raw/ctmle_s8_true_chunk20.csv --rep-out /tmp/dml_low_high_response_ablation_20260830_b50/raw/ctmle_s8_true_chunk20.reps.csv
8	true	21	2026902700	/tmp/dml_low_high_response_ablation_20260830_b50/raw/ctmle_s8_true_chunk21.csv	/tmp/dml_low_high_response_ablation_20260830_b50/raw/ctmle_s8_true_chunk21.reps.csv	/tmp/dml_ablation_env/bin/python /tmp/ney_region_targeting_3e131a9/replication/hidden_bias_regional_repair/scripts/validated_reference_transfer.py --reps 4 --bootstraps 50 --n 3000 --epsilon 0.05 --strength 8 --design regional_shift --mar-design box --analysis-region true --reference-method ctmle --propensity-mode estimated --learner xgboost --propensity-learner xgboost --repair-mode targeting --c 2 --folds 3 --region-damp-grid 0 0.25 0.5 1 --validation-loss-se 1 --region-selector-ablation legacy --region-detector-c 4 --seed 2026902700 --progress-every 4 --out /tmp/dml_low_high_response_ablation_20260830_b50/raw/ctmle_s8_true_chunk21.csv --rep-out /tmp/dml_low_high_response_ablation_20260830_b50/raw/ctmle_s8_true_chunk21.reps.csv
8	true	22	2026903700	/tmp/dml_low_high_response_ablation_20260830_b50/raw/ctmle_s8_true_chunk22.csv	/tmp/dml_low_high_response_ablation_20260830_b50/raw/ctmle_s8_true_chunk22.reps.csv	/tmp/dml_ablation_env/bin/python /tmp/ney_region_targeting_3e131a9/replication/hidden_bias_regional_repair/scripts/validated_reference_transfer.py --reps 4 --bootstraps 50 --n 3000 --epsilon 0.05 --strength 8 --design regional_shift --mar-design box --analysis-region true --reference-method ctmle --propensity-mode estimated --learner xgboost --propensity-learner xgboost --repair-mode targeting --c 2 --folds 3 --region-damp-grid 0 0.25 0.5 1 --validation-loss-se 1 --region-selector-ablation legacy --region-detector-c 4 --seed 2026903700 --progress-every 4 --out /tmp/dml_low_high_response_ablation_20260830_b50/raw/ctmle_s8_true_chunk22.csv --rep-out /tmp/dml_low_high_response_ablation_20260830_b50/raw/ctmle_s8_true_chunk22.reps.csv
8	true	23	2026904700	/tmp/dml_low_high_response_ablation_20260830_b50/raw/ctmle_s8_true_chunk23.csv	/tmp/dml_low_high_response_ablation_20260830_b50/raw/ctmle_s8_true_chunk23.reps.csv	/tmp/dml_ablation_env/bin/python /tmp/ney_region_targeting_3e131a9/replication/hidden_bias_regional_repair/scripts/validated_reference_transfer.py --reps 4 --bootstraps 50 --n 3000 --epsilon 0.05 --strength 8 --design regional_shift --mar-design box --analysis-region true --reference-method ctmle --propensity-mode estimated --learner xgboost --propensity-learner xgboost --repair-mode targeting --c 2 --folds 3 --region-damp-grid 0 0.25 0.5 1 --validation-loss-se 1 --region-selector-ablation legacy --region-detector-c 4 --seed 2026904700 --progress-every 4 --out /tmp/dml_low_high_response_ablation_20260830_b50/raw/ctmle_s8_true_chunk23.csv --rep-out /tmp/dml_low_high_response_ablation_20260830_b50/raw/ctmle_s8_true_chunk23.reps.csv
8	wrong	0	2026881700	/tmp/dml_low_high_response_ablation_20260830_b50/raw/ctmle_s8_wrong_chunk00.csv	/tmp/dml_low_high_response_ablation_20260830_b50/raw/ctmle_s8_wrong_chunk00.reps.csv	/tmp/dml_ablation_env/bin/python /tmp/ney_region_targeting_3e131a9/replication/hidden_bias_regional_repair/scripts/validated_reference_transfer.py --reps 4 --bootstraps 50 --n 3000 --epsilon 0.05 --strength 8 --design regional_shift --mar-design box --analysis-region wrong --reference-method ctmle --propensity-mode estimated --learner xgboost --propensity-learner xgboost --repair-mode targeting --c 2 --folds 3 --region-damp-grid 0 0.25 0.5 1 --validation-loss-se 1 --region-selector-ablation legacy --region-detector-c 4 --seed 2026881700 --progress-every 4 --out /tmp/dml_low_high_response_ablation_20260830_b50/raw/ctmle_s8_wrong_chunk00.csv --rep-out /tmp/dml_low_high_response_ablation_20260830_b50/raw/ctmle_s8_wrong_chunk00.reps.csv
8	wrong	1	2026882700	/tmp/dml_low_high_response_ablation_20260830_b50/raw/ctmle_s8_wrong_chunk01.csv	/tmp/dml_low_high_response_ablation_20260830_b50/raw/ctmle_s8_wrong_chunk01.reps.csv	/tmp/dml_ablation_env/bin/python /tmp/ney_region_targeting_3e131a9/replication/hidden_bias_regional_repair/scripts/validated_reference_transfer.py --reps 4 --bootstraps 50 --n 3000 --epsilon 0.05 --strength 8 --design regional_shift --mar-design box --analysis-region wrong --reference-method ctmle --propensity-mode estimated --learner xgboost --propensity-learner xgboost --repair-mode targeting --c 2 --folds 3 --region-damp-grid 0 0.25 0.5 1 --validation-loss-se 1 --region-selector-ablation legacy --region-detector-c 4 --seed 2026882700 --progress-every 4 --out /tmp/dml_low_high_response_ablation_20260830_b50/raw/ctmle_s8_wrong_chunk01.csv --rep-out /tmp/dml_low_high_response_ablation_20260830_b50/raw/ctmle_s8_wrong_chunk01.reps.csv
8	wrong	2	2026883700	/tmp/dml_low_high_response_ablation_20260830_b50/raw/ctmle_s8_wrong_chunk02.csv	/tmp/dml_low_high_response_ablation_20260830_b50/raw/ctmle_s8_wrong_chunk02.reps.csv	/tmp/dml_ablation_env/bin/python /tmp/ney_region_targeting_3e131a9/replication/hidden_bias_regional_repair/scripts/validated_reference_transfer.py --reps 4 --bootstraps 50 --n 3000 --epsilon 0.05 --strength 8 --design regional_shift --mar-design box --analysis-region wrong --reference-method ctmle --propensity-mode estimated --learner xgboost --propensity-learner xgboost --repair-mode targeting --c 2 --folds 3 --region-damp-grid 0 0.25 0.5 1 --validation-loss-se 1 --region-selector-ablation legacy --region-detector-c 4 --seed 2026883700 --progress-every 4 --out /tmp/dml_low_high_response_ablation_20260830_b50/raw/ctmle_s8_wrong_chunk02.csv --rep-out /tmp/dml_low_high_response_ablation_20260830_b50/raw/ctmle_s8_wrong_chunk02.reps.csv
8	wrong	3	2026884700	/tmp/dml_low_high_response_ablation_20260830_b50/raw/ctmle_s8_wrong_chunk03.csv	/tmp/dml_low_high_response_ablation_20260830_b50/raw/ctmle_s8_wrong_chunk03.reps.csv	/tmp/dml_ablation_env/bin/python /tmp/ney_region_targeting_3e131a9/replication/hidden_bias_regional_repair/scripts/validated_reference_transfer.py --reps 4 --bootstraps 50 --n 3000 --epsilon 0.05 --strength 8 --design regional_shift --mar-design box --analysis-region wrong --reference-method ctmle --propensity-mode estimated --learner xgboost --propensity-learner xgboost --repair-mode targeting --c 2 --folds 3 --region-damp-grid 0 0.25 0.5 1 --validation-loss-se 1 --region-selector-ablation legacy --region-detector-c 4 --seed 2026884700 --progress-every 4 --out /tmp/dml_low_high_response_ablation_20260830_b50/raw/ctmle_s8_wrong_chunk03.csv --rep-out /tmp/dml_low_high_response_ablation_20260830_b50/raw/ctmle_s8_wrong_chunk03.reps.csv
8	wrong	4	2026885700	/tmp/dml_low_high_response_ablation_20260830_b50/raw/ctmle_s8_wrong_chunk04.csv	/tmp/dml_low_high_response_ablation_20260830_b50/raw/ctmle_s8_wrong_chunk04.reps.csv	/tmp/dml_ablation_env/bin/python /tmp/ney_region_targeting_3e131a9/replication/hidden_bias_regional_repair/scripts/validated_reference_transfer.py --reps 4 --bootstraps 50 --n 3000 --epsilon 0.05 --strength 8 --design regional_shift --mar-design box --analysis-region wrong --reference-method ctmle --propensity-mode estimated --learner xgboost --propensity-learner xgboost --repair-mode targeting --c 2 --folds 3 --region-damp-grid 0 0.25 0.5 1 --validation-loss-se 1 --region-selector-ablation legacy --region-detector-c 4 --seed 2026885700 --progress-every 4 --out /tmp/dml_low_high_response_ablation_20260830_b50/raw/ctmle_s8_wrong_chunk04.csv --rep-out /tmp/dml_low_high_response_ablation_20260830_b50/raw/ctmle_s8_wrong_chunk04.reps.csv
8	wrong	5	2026886700	/tmp/dml_low_high_response_ablation_20260830_b50/raw/ctmle_s8_wrong_chunk05.csv	/tmp/dml_low_high_response_ablation_20260830_b50/raw/ctmle_s8_wrong_chunk05.reps.csv	/tmp/dml_ablation_env/bin/python /tmp/ney_region_targeting_3e131a9/replication/hidden_bias_regional_repair/scripts/validated_reference_transfer.py --reps 4 --bootstraps 50 --n 3000 --epsilon 0.05 --strength 8 --design regional_shift --mar-design box --analysis-region wrong --reference-method ctmle --propensity-mode estimated --learner xgboost --propensity-learner xgboost --repair-mode targeting --c 2 --folds 3 --region-damp-grid 0 0.25 0.5 1 --validation-loss-se 1 --region-selector-ablation legacy --region-detector-c 4 --seed 2026886700 --progress-every 4 --out /tmp/dml_low_high_response_ablation_20260830_b50/raw/ctmle_s8_wrong_chunk05.csv --rep-out /tmp/dml_low_high_response_ablation_20260830_b50/raw/ctmle_s8_wrong_chunk05.reps.csv
8	wrong	6	2026887700	/tmp/dml_low_high_response_ablation_20260830_b50/raw/ctmle_s8_wrong_chunk06.csv	/tmp/dml_low_high_response_ablation_20260830_b50/raw/ctmle_s8_wrong_chunk06.reps.csv	/tmp/dml_ablation_env/bin/python /tmp/ney_region_targeting_3e131a9/replication/hidden_bias_regional_repair/scripts/validated_reference_transfer.py --reps 4 --bootstraps 50 --n 3000 --epsilon 0.05 --strength 8 --design regional_shift --mar-design box --analysis-region wrong --reference-method ctmle --propensity-mode estimated --learner xgboost --propensity-learner xgboost --repair-mode targeting --c 2 --folds 3 --region-damp-grid 0 0.25 0.5 1 --validation-loss-se 1 --region-selector-ablation legacy --region-detector-c 4 --seed 2026887700 --progress-every 4 --out /tmp/dml_low_high_response_ablation_20260830_b50/raw/ctmle_s8_wrong_chunk06.csv --rep-out /tmp/dml_low_high_response_ablation_20260830_b50/raw/ctmle_s8_wrong_chunk06.reps.csv
8	wrong	7	2026888700	/tmp/dml_low_high_response_ablation_20260830_b50/raw/ctmle_s8_wrong_chunk07.csv	/tmp/dml_low_high_response_ablation_20260830_b50/raw/ctmle_s8_wrong_chunk07.reps.csv	/tmp/dml_ablation_env/bin/python /tmp/ney_region_targeting_3e131a9/replication/hidden_bias_regional_repair/scripts/validated_reference_transfer.py --reps 4 --bootstraps 50 --n 3000 --epsilon 0.05 --strength 8 --design regional_shift --mar-design box --analysis-region wrong --reference-method ctmle --propensity-mode estimated --learner xgboost --propensity-learner xgboost --repair-mode targeting --c 2 --folds 3 --region-damp-grid 0 0.25 0.5 1 --validation-loss-se 1 --region-selector-ablation legacy --region-detector-c 4 --seed 2026888700 --progress-every 4 --out /tmp/dml_low_high_response_ablation_20260830_b50/raw/ctmle_s8_wrong_chunk07.csv --rep-out /tmp/dml_low_high_response_ablation_20260830_b50/raw/ctmle_s8_wrong_chunk07.reps.csv
8	wrong	8	2026889700	/tmp/dml_low_high_response_ablation_20260830_b50/raw/ctmle_s8_wrong_chunk08.csv	/tmp/dml_low_high_response_ablation_20260830_b50/raw/ctmle_s8_wrong_chunk08.reps.csv	/tmp/dml_ablation_env/bin/python /tmp/ney_region_targeting_3e131a9/replication/hidden_bias_regional_repair/scripts/validated_reference_transfer.py --reps 4 --bootstraps 50 --n 3000 --epsilon 0.05 --strength 8 --design regional_shift --mar-design box --analysis-region wrong --reference-method ctmle --propensity-mode estimated --learner xgboost --propensity-learner xgboost --repair-mode targeting --c 2 --folds 3 --region-damp-grid 0 0.25 0.5 1 --validation-loss-se 1 --region-selector-ablation legacy --region-detector-c 4 --seed 2026889700 --progress-every 4 --out /tmp/dml_low_high_response_ablation_20260830_b50/raw/ctmle_s8_wrong_chunk08.csv --rep-out /tmp/dml_low_high_response_ablation_20260830_b50/raw/ctmle_s8_wrong_chunk08.reps.csv
8	wrong	9	2026890700	/tmp/dml_low_high_response_ablation_20260830_b50/raw/ctmle_s8_wrong_chunk09.csv	/tmp/dml_low_high_response_ablation_20260830_b50/raw/ctmle_s8_wrong_chunk09.reps.csv	/tmp/dml_ablation_env/bin/python /tmp/ney_region_targeting_3e131a9/replication/hidden_bias_regional_repair/scripts/validated_reference_transfer.py --reps 4 --bootstraps 50 --n 3000 --epsilon 0.05 --strength 8 --design regional_shift --mar-design box --analysis-region wrong --reference-method ctmle --propensity-mode estimated --learner xgboost --propensity-learner xgboost --repair-mode targeting --c 2 --folds 3 --region-damp-grid 0 0.25 0.5 1 --validation-loss-se 1 --region-selector-ablation legacy --region-detector-c 4 --seed 2026890700 --progress-every 4 --out /tmp/dml_low_high_response_ablation_20260830_b50/raw/ctmle_s8_wrong_chunk09.csv --rep-out /tmp/dml_low_high_response_ablation_20260830_b50/raw/ctmle_s8_wrong_chunk09.reps.csv
8	wrong	10	2026891700	/tmp/dml_low_high_response_ablation_20260830_b50/raw/ctmle_s8_wrong_chunk10.csv	/tmp/dml_low_high_response_ablation_20260830_b50/raw/ctmle_s8_wrong_chunk10.reps.csv	/tmp/dml_ablation_env/bin/python /tmp/ney_region_targeting_3e131a9/replication/hidden_bias_regional_repair/scripts/validated_reference_transfer.py --reps 4 --bootstraps 50 --n 3000 --epsilon 0.05 --strength 8 --design regional_shift --mar-design box --analysis-region wrong --reference-method ctmle --propensity-mode estimated --learner xgboost --propensity-learner xgboost --repair-mode targeting --c 2 --folds 3 --region-damp-grid 0 0.25 0.5 1 --validation-loss-se 1 --region-selector-ablation legacy --region-detector-c 4 --seed 2026891700 --progress-every 4 --out /tmp/dml_low_high_response_ablation_20260830_b50/raw/ctmle_s8_wrong_chunk10.csv --rep-out /tmp/dml_low_high_response_ablation_20260830_b50/raw/ctmle_s8_wrong_chunk10.reps.csv
8	wrong	11	2026892700	/tmp/dml_low_high_response_ablation_20260830_b50/raw/ctmle_s8_wrong_chunk11.csv	/tmp/dml_low_high_response_ablation_20260830_b50/raw/ctmle_s8_wrong_chunk11.reps.csv	/tmp/dml_ablation_env/bin/python /tmp/ney_region_targeting_3e131a9/replication/hidden_bias_regional_repair/scripts/validated_reference_transfer.py --reps 4 --bootstraps 50 --n 3000 --epsilon 0.05 --strength 8 --design regional_shift --mar-design box --analysis-region wrong --reference-method ctmle --propensity-mode estimated --learner xgboost --propensity-learner xgboost --repair-mode targeting --c 2 --folds 3 --region-damp-grid 0 0.25 0.5 1 --validation-loss-se 1 --region-selector-ablation legacy --region-detector-c 4 --seed 2026892700 --progress-every 4 --out /tmp/dml_low_high_response_ablation_20260830_b50/raw/ctmle_s8_wrong_chunk11.csv --rep-out /tmp/dml_low_high_response_ablation_20260830_b50/raw/ctmle_s8_wrong_chunk11.reps.csv
8	wrong	12	2026893700	/tmp/dml_low_high_response_ablation_20260830_b50/raw/ctmle_s8_wrong_chunk12.csv	/tmp/dml_low_high_response_ablation_20260830_b50/raw/ctmle_s8_wrong_chunk12.reps.csv	/tmp/dml_ablation_env/bin/python /tmp/ney_region_targeting_3e131a9/replication/hidden_bias_regional_repair/scripts/validated_reference_transfer.py --reps 4 --bootstraps 50 --n 3000 --epsilon 0.05 --strength 8 --design regional_shift --mar-design box --analysis-region wrong --reference-method ctmle --propensity-mode estimated --learner xgboost --propensity-learner xgboost --repair-mode targeting --c 2 --folds 3 --region-damp-grid 0 0.25 0.5 1 --validation-loss-se 1 --region-selector-ablation legacy --region-detector-c 4 --seed 2026893700 --progress-every 4 --out /tmp/dml_low_high_response_ablation_20260830_b50/raw/ctmle_s8_wrong_chunk12.csv --rep-out /tmp/dml_low_high_response_ablation_20260830_b50/raw/ctmle_s8_wrong_chunk12.reps.csv
8	wrong	13	2026894700	/tmp/dml_low_high_response_ablation_20260830_b50/raw/ctmle_s8_wrong_chunk13.csv	/tmp/dml_low_high_response_ablation_20260830_b50/raw/ctmle_s8_wrong_chunk13.reps.csv	/tmp/dml_ablation_env/bin/python /tmp/ney_region_targeting_3e131a9/replication/hidden_bias_regional_repair/scripts/validated_reference_transfer.py --reps 4 --bootstraps 50 --n 3000 --epsilon 0.05 --strength 8 --design regional_shift --mar-design box --analysis-region wrong --reference-method ctmle --propensity-mode estimated --learner xgboost --propensity-learner xgboost --repair-mode targeting --c 2 --folds 3 --region-damp-grid 0 0.25 0.5 1 --validation-loss-se 1 --region-selector-ablation legacy --region-detector-c 4 --seed 2026894700 --progress-every 4 --out /tmp/dml_low_high_response_ablation_20260830_b50/raw/ctmle_s8_wrong_chunk13.csv --rep-out /tmp/dml_low_high_response_ablation_20260830_b50/raw/ctmle_s8_wrong_chunk13.reps.csv
8	wrong	14	2026895700	/tmp/dml_low_high_response_ablation_20260830_b50/raw/ctmle_s8_wrong_chunk14.csv	/tmp/dml_low_high_response_ablation_20260830_b50/raw/ctmle_s8_wrong_chunk14.reps.csv	/tmp/dml_ablation_env/bin/python /tmp/ney_region_targeting_3e131a9/replication/hidden_bias_regional_repair/scripts/validated_reference_transfer.py --reps 4 --bootstraps 50 --n 3000 --epsilon 0.05 --strength 8 --design regional_shift --mar-design box --analysis-region wrong --reference-method ctmle --propensity-mode estimated --learner xgboost --propensity-learner xgboost --repair-mode targeting --c 2 --folds 3 --region-damp-grid 0 0.25 0.5 1 --validation-loss-se 1 --region-selector-ablation legacy --region-detector-c 4 --seed 2026895700 --progress-every 4 --out /tmp/dml_low_high_response_ablation_20260830_b50/raw/ctmle_s8_wrong_chunk14.csv --rep-out /tmp/dml_low_high_response_ablation_20260830_b50/raw/ctmle_s8_wrong_chunk14.reps.csv
8	wrong	15	2026896700	/tmp/dml_low_high_response_ablation_20260830_b50/raw/ctmle_s8_wrong_chunk15.csv	/tmp/dml_low_high_response_ablation_20260830_b50/raw/ctmle_s8_wrong_chunk15.reps.csv	/tmp/dml_ablation_env/bin/python /tmp/ney_region_targeting_3e131a9/replication/hidden_bias_regional_repair/scripts/validated_reference_transfer.py --reps 4 --bootstraps 50 --n 3000 --epsilon 0.05 --strength 8 --design regional_shift --mar-design box --analysis-region wrong --reference-method ctmle --propensity-mode estimated --learner xgboost --propensity-learner xgboost --repair-mode targeting --c 2 --folds 3 --region-damp-grid 0 0.25 0.5 1 --validation-loss-se 1 --region-selector-ablation legacy --region-detector-c 4 --seed 2026896700 --progress-every 4 --out /tmp/dml_low_high_response_ablation_20260830_b50/raw/ctmle_s8_wrong_chunk15.csv --rep-out /tmp/dml_low_high_response_ablation_20260830_b50/raw/ctmle_s8_wrong_chunk15.reps.csv
8	wrong	16	2026897700	/tmp/dml_low_high_response_ablation_20260830_b50/raw/ctmle_s8_wrong_chunk16.csv	/tmp/dml_low_high_response_ablation_20260830_b50/raw/ctmle_s8_wrong_chunk16.reps.csv	/tmp/dml_ablation_env/bin/python /tmp/ney_region_targeting_3e131a9/replication/hidden_bias_regional_repair/scripts/validated_reference_transfer.py --reps 4 --bootstraps 50 --n 3000 --epsilon 0.05 --strength 8 --design regional_shift --mar-design box --analysis-region wrong --reference-method ctmle --propensity-mode estimated --learner xgboost --propensity-learner xgboost --repair-mode targeting --c 2 --folds 3 --region-damp-grid 0 0.25 0.5 1 --validation-loss-se 1 --region-selector-ablation legacy --region-detector-c 4 --seed 2026897700 --progress-every 4 --out /tmp/dml_low_high_response_ablation_20260830_b50/raw/ctmle_s8_wrong_chunk16.csv --rep-out /tmp/dml_low_high_response_ablation_20260830_b50/raw/ctmle_s8_wrong_chunk16.reps.csv
8	wrong	17	2026898700	/tmp/dml_low_high_response_ablation_20260830_b50/raw/ctmle_s8_wrong_chunk17.csv	/tmp/dml_low_high_response_ablation_20260830_b50/raw/ctmle_s8_wrong_chunk17.reps.csv	/tmp/dml_ablation_env/bin/python /tmp/ney_region_targeting_3e131a9/replication/hidden_bias_regional_repair/scripts/validated_reference_transfer.py --reps 4 --bootstraps 50 --n 3000 --epsilon 0.05 --strength 8 --design regional_shift --mar-design box --analysis-region wrong --reference-method ctmle --propensity-mode estimated --learner xgboost --propensity-learner xgboost --repair-mode targeting --c 2 --folds 3 --region-damp-grid 0 0.25 0.5 1 --validation-loss-se 1 --region-selector-ablation legacy --region-detector-c 4 --seed 2026898700 --progress-every 4 --out /tmp/dml_low_high_response_ablation_20260830_b50/raw/ctmle_s8_wrong_chunk17.csv --rep-out /tmp/dml_low_high_response_ablation_20260830_b50/raw/ctmle_s8_wrong_chunk17.reps.csv
8	wrong	18	2026899700	/tmp/dml_low_high_response_ablation_20260830_b50/raw/ctmle_s8_wrong_chunk18.csv	/tmp/dml_low_high_response_ablation_20260830_b50/raw/ctmle_s8_wrong_chunk18.reps.csv	/tmp/dml_ablation_env/bin/python /tmp/ney_region_targeting_3e131a9/replication/hidden_bias_regional_repair/scripts/validated_reference_transfer.py --reps 4 --bootstraps 50 --n 3000 --epsilon 0.05 --strength 8 --design regional_shift --mar-design box --analysis-region wrong --reference-method ctmle --propensity-mode estimated --learner xgboost --propensity-learner xgboost --repair-mode targeting --c 2 --folds 3 --region-damp-grid 0 0.25 0.5 1 --validation-loss-se 1 --region-selector-ablation legacy --region-detector-c 4 --seed 2026899700 --progress-every 4 --out /tmp/dml_low_high_response_ablation_20260830_b50/raw/ctmle_s8_wrong_chunk18.csv --rep-out /tmp/dml_low_high_response_ablation_20260830_b50/raw/ctmle_s8_wrong_chunk18.reps.csv
8	wrong	19	2026900700	/tmp/dml_low_high_response_ablation_20260830_b50/raw/ctmle_s8_wrong_chunk19.csv	/tmp/dml_low_high_response_ablation_20260830_b50/raw/ctmle_s8_wrong_chunk19.reps.csv	/tmp/dml_ablation_env/bin/python /tmp/ney_region_targeting_3e131a9/replication/hidden_bias_regional_repair/scripts/validated_reference_transfer.py --reps 4 --bootstraps 50 --n 3000 --epsilon 0.05 --strength 8 --design regional_shift --mar-design box --analysis-region wrong --reference-method ctmle --propensity-mode estimated --learner xgboost --propensity-learner xgboost --repair-mode targeting --c 2 --folds 3 --region-damp-grid 0 0.25 0.5 1 --validation-loss-se 1 --region-selector-ablation legacy --region-detector-c 4 --seed 2026900700 --progress-every 4 --out /tmp/dml_low_high_response_ablation_20260830_b50/raw/ctmle_s8_wrong_chunk19.csv --rep-out /tmp/dml_low_high_response_ablation_20260830_b50/raw/ctmle_s8_wrong_chunk19.reps.csv
8	wrong	20	2026901700	/tmp/dml_low_high_response_ablation_20260830_b50/raw/ctmle_s8_wrong_chunk20.csv	/tmp/dml_low_high_response_ablation_20260830_b50/raw/ctmle_s8_wrong_chunk20.reps.csv	/tmp/dml_ablation_env/bin/python /tmp/ney_region_targeting_3e131a9/replication/hidden_bias_regional_repair/scripts/validated_reference_transfer.py --reps 4 --bootstraps 50 --n 3000 --epsilon 0.05 --strength 8 --design regional_shift --mar-design box --analysis-region wrong --reference-method ctmle --propensity-mode estimated --learner xgboost --propensity-learner xgboost --repair-mode targeting --c 2 --folds 3 --region-damp-grid 0 0.25 0.5 1 --validation-loss-se 1 --region-selector-ablation legacy --region-detector-c 4 --seed 2026901700 --progress-every 4 --out /tmp/dml_low_high_response_ablation_20260830_b50/raw/ctmle_s8_wrong_chunk20.csv --rep-out /tmp/dml_low_high_response_ablation_20260830_b50/raw/ctmle_s8_wrong_chunk20.reps.csv
8	wrong	21	2026902700	/tmp/dml_low_high_response_ablation_20260830_b50/raw/ctmle_s8_wrong_chunk21.csv	/tmp/dml_low_high_response_ablation_20260830_b50/raw/ctmle_s8_wrong_chunk21.reps.csv	/tmp/dml_ablation_env/bin/python /tmp/ney_region_targeting_3e131a9/replication/hidden_bias_regional_repair/scripts/validated_reference_transfer.py --reps 4 --bootstraps 50 --n 3000 --epsilon 0.05 --strength 8 --design regional_shift --mar-design box --analysis-region wrong --reference-method ctmle --propensity-mode estimated --learner xgboost --propensity-learner xgboost --repair-mode targeting --c 2 --folds 3 --region-damp-grid 0 0.25 0.5 1 --validation-loss-se 1 --region-selector-ablation legacy --region-detector-c 4 --seed 2026902700 --progress-every 4 --out /tmp/dml_low_high_response_ablation_20260830_b50/raw/ctmle_s8_wrong_chunk21.csv --rep-out /tmp/dml_low_high_response_ablation_20260830_b50/raw/ctmle_s8_wrong_chunk21.reps.csv
8	wrong	22	2026903700	/tmp/dml_low_high_response_ablation_20260830_b50/raw/ctmle_s8_wrong_chunk22.csv	/tmp/dml_low_high_response_ablation_20260830_b50/raw/ctmle_s8_wrong_chunk22.reps.csv	/tmp/dml_ablation_env/bin/python /tmp/ney_region_targeting_3e131a9/replication/hidden_bias_regional_repair/scripts/validated_reference_transfer.py --reps 4 --bootstraps 50 --n 3000 --epsilon 0.05 --strength 8 --design regional_shift --mar-design box --analysis-region wrong --reference-method ctmle --propensity-mode estimated --learner xgboost --propensity-learner xgboost --repair-mode targeting --c 2 --folds 3 --region-damp-grid 0 0.25 0.5 1 --validation-loss-se 1 --region-selector-ablation legacy --region-detector-c 4 --seed 2026903700 --progress-every 4 --out /tmp/dml_low_high_response_ablation_20260830_b50/raw/ctmle_s8_wrong_chunk22.csv --rep-out /tmp/dml_low_high_response_ablation_20260830_b50/raw/ctmle_s8_wrong_chunk22.reps.csv
8	wrong	23	2026904700	/tmp/dml_low_high_response_ablation_20260830_b50/raw/ctmle_s8_wrong_chunk23.csv	/tmp/dml_low_high_response_ablation_20260830_b50/raw/ctmle_s8_wrong_chunk23.reps.csv	/tmp/dml_ablation_env/bin/python /tmp/ney_region_targeting_3e131a9/replication/hidden_bias_regional_repair/scripts/validated_reference_transfer.py --reps 4 --bootstraps 50 --n 3000 --epsilon 0.05 --strength 8 --design regional_shift --mar-design box --analysis-region wrong --reference-method ctmle --propensity-mode estimated --learner xgboost --propensity-learner xgboost --repair-mode targeting --c 2 --folds 3 --region-damp-grid 0 0.25 0.5 1 --validation-loss-se 1 --region-selector-ablation legacy --region-detector-c 4 --seed 2026904700 --progress-every 4 --out /tmp/dml_low_high_response_ablation_20260830_b50/raw/ctmle_s8_wrong_chunk23.csv --rep-out /tmp/dml_low_high_response_ablation_20260830_b50/raw/ctmle_s8_wrong_chunk23.reps.csv
