paired_id,chunk,repair_region_label,design,mar_design,n,epsilon,strength,analysis_region,reference_method,propensity_mode,learner,propensity_learner,repair_mode,region_damp,region_damp_grid,validation_region_weight,validation_loss_se,selector,lepski_c,region_quantile,region_min_observed,region_kappa_floor,region_selector_ablation,region_detector_c,reps,bootstraps,rep,elapsed_s,ref_error,rt_error,shrink_error,delta,vd,gamma,weight,selected_tau,selected_region_damp,gl_original_bias_proxy,gl_selected_bias_proxy,gl_selected_variance_proxy,gl_selected_risk_proxy,global_dr_selected_bias_proxy,global_dr_selected_variance_proxy,global_dr_selected_risk_proxy,analysis_region_mass,true_region_mass,region_overlap_precision,region_overlap_recall,analysis_observed,true_region_observed,analysis_response_rate,true_region_response_rate,analysis_bias_ref,analysis_bias_repair,analysis_abs_bias_reduction,true_region_bias_ref,true_region_bias_repair,true_region_abs_bias_reduction,analysis_underfit_rmse_ref,analysis_underfit_rmse_repair,true_region_underfit_rmse_ref,true_region_underfit_rmse_repair
s0_chunk00_rep01,0,low_response,regional_shift,box,3000,0.05,0.0,true,ctmle,estimated,xgboost,xgboost,targeting,1.0,0.0|0.25|0.5|1.0,-1.0,1.0,obsval,4.0,0.1,0,0.1,legacy,4.0,4,50,1,16.950060906005092,-0.023011731531957846,-0.023011731531957846,-0.023011731531957846,0.0,2.5129778217130097e-06,-4.403177732474075e-06,0.0,0.05,0.0,nan,nan,nan,nan,nan,nan,nan,0.098,0.098,1.0,1.0,14,14,0.047619047619047616,0.047619047619047616,-0.002994151370032211,-0.002994151370032211,0.0,-0.002994151370032211,-0.002994151370032211,0.0,0.6626294942739621,0.6626294942739621,0.6626294942739621,0.6626294942739621
s0_chunk00_rep02,0,low_response,regional_shift,box,3000,0.05,0.0,true,ctmle,estimated,xgboost,xgboost,targeting,1.0,0.0|0.25|0.5|1.0,-1.0,1.0,obsval,4.0,0.1,0,0.1,legacy,4.0,4,50,2,34.103372020996176,-0.024944069347744735,-0.024944069347744735,-0.024944069347744735,0.0,0.0001105398449423806,3.1246772179344736e-06,0.0,0.05,0.0,nan,nan,nan,nan,nan,nan,nan,0.101,0.101,1.0,1.0,12,12,0.039603960396039604,0.039603960396039604,-0.0006080334320799591,-0.0006080334320799591,0.0,-0.0006080334320799591,-0.0006080334320799591,0.0,0.5789707592828904,0.5789707592828904,0.5789707592828904,0.5789707592828904
s0_chunk00_rep03,0,low_response,regional_shift,box,3000,0.05,0.0,true,ctmle,estimated,xgboost,xgboost,targeting,1.0,0.0|0.25|0.5|1.0,-1.0,1.0,obsval,4.0,0.1,0,0.1,legacy,4.0,4,50,3,50.95710130198859,-0.026718283228154727,-0.026718283228154727,-0.026718283228154727,0.0,2.6208295794317646e-05,3.398966530039648e-05,0.0,0.5,0.0,nan,nan,nan,nan,nan,nan,nan,0.097,0.097,1.0,1.0,7,7,0.024054982817869417,0.024054982817869417,-0.020883837974525685,-0.020883837974525685,0.0,-0.020883837974525685,-0.020883837974525685,0.0,0.7140775202390685,0.7140775202390685,0.7140775202390685,0.7140775202390685
s0_chunk00_rep04,0,low_response,regional_shift,box,3000,0.05,0.0,true,ctmle,estimated,xgboost,xgboost,targeting,1.0,0.0|0.25|0.5|1.0,-1.0,1.0,obsval,4.0,0.1,0,0.1,legacy,4.0,4,50,4,67.92623398601427,0.020572536367136796,0.020572536367136796,0.020572536367136796,0.0,2.0368802596167253e-05,4.3978278606786585e-05,0.0,0.1,0.0,nan,nan,nan,nan,nan,nan,nan,0.11,0.11,1.0,1.0,17,17,0.051515151515151514,0.051515151515151514,0.008718381701468025,0.008718381701468025,0.0,0.008718381701468025,0.008718381701468025,0.0,0.6286738747731837,0.6286738747731837,0.6286738747731837,0.6286738747731837
s0_chunk01_rep01,1,low_response,regional_shift,box,3000,0.05,0.0,true,ctmle,estimated,xgboost,xgboost,targeting,1.0,0.0|0.25|0.5|1.0,-1.0,1.0,obsval,4.0,0.1,0,0.1,legacy,4.0,4,50,1,17.164707460004138,-0.002053198719918492,-0.002053198719918492,-0.002053198719918492,0.0,0.00015850427512004725,-4.8883770024896276e-05,0.0,0.5,0.0,nan,nan,nan,nan,nan,nan,nan,0.09566666666666666,0.09566666666666666,1.0,1.0,11,11,0.03832752613240418,0.03832752613240418,-0.013296749320872837,-0.013296749320872837,0.0,-0.013296749320872837,-0.013296749320872837,0.0,0.5969743970683307,0.5969743970683307,0.5969743970683307,0.5969743970683307
s0_chunk01_rep02,1,low_response,regional_shift,box,3000,0.05,0.0,true,ctmle,estimated,xgboost,xgboost,targeting,1.0,0.0|0.25|0.5|1.0,-1.0,1.0,obsval,4.0,0.1,0,0.1,legacy,4.0,4,50,2,34.10396856701118,-0.0028093785415758132,0.019137123187538074,-0.0028093785415758132,0.021946501729113888,0.0002869300470759854,0.00011277931582414377,0.0,0.05,0.5,nan,nan,nan,nan,nan,nan,nan,0.10366666666666667,0.10366666666666667,1.0,1.0,17,17,0.05466237942122187,0.05466237942122187,0.0023940432768421085,0.0035612706603745754,-0.001167227383532467,0.0023940432768421085,0.0035612706603745754,-0.001167227383532467,0.5509098985714096,0.6536600863714934,0.5509098985714096,0.6536600863714934
s0_chunk01_rep03,1,low_response,regional_shift,box,3000,0.05,0.0,true,ctmle,estimated,xgboost,xgboost,targeting,1.0,0.0|0.25|0.5|1.0,-1.0,1.0,obsval,4.0,0.1,0,0.1,legacy,4.0,4,50,3,51.39180289601791,0.0034908802576248954,0.0034908802576248954,0.0034908802576248954,0.0,1.2290323024913546e-06,4.8817934136480235e-06,0.0,0.05,0.0,nan,nan,nan,nan,nan,nan,nan,0.098,0.098,1.0,1.0,25,25,0.08503401360544217,0.08503401360544217,0.0006778897055724154,0.0006778897055724154,0.0,0.0006778897055724154,0.0006778897055724154,0.0,0.5809060967598376,0.5809060967598376,0.5809060967598376,0.5809060967598376
s0_chunk01_rep04,1,low_response,regional_shift,box,3000,0.05,0.0,true,ctmle,estimated,xgboost,xgboost,targeting,1.0,0.0|0.25|0.5|1.0,-1.0,1.0,obsval,4.0,0.1,0,0.1,legacy,4.0,4,50,4,68.620094050013,0.023246505129104533,0.023246505129104533,0.023246505129104533,0.0,7.699723699281609e-05,-2.577258962719838e-05,0.0,0.05,0.0,nan,nan,nan,nan,nan,nan,nan,0.09566666666666666,0.09566666666666666,1.0,1.0,10,10,0.03484320557491289,0.03484320557491289,0.003340387456693539,0.003340387456693539,0.0,0.003340387456693539,0.003340387456693539,0.0,0.639207327329944,0.639207327329944,0.639207327329944,0.639207327329944
s0_chunk02_rep01,2,low_response,regional_shift,box,3000,0.05,0.0,true,ctmle,estimated,xgboost,xgboost,targeting,1.0,0.0|0.25|0.5|1.0,-1.0,1.0,obsval,4.0,0.1,0,0.1,legacy,4.0,4,50,1,17.030811542004813,-0.046156861404160865,-0.046156861404160865,-0.046156861404160865,0.0,1.8141790910310932e-05,-1.785702294892675e-05,0.0,0.05,0.0,nan,nan,nan,nan,nan,nan,nan,0.10266666666666667,0.10266666666666667,1.0,1.0,23,23,0.07467532467532467,0.07467532467532467,-0.000704213598810811,-0.000704213598810811,0.0,-0.000704213598810811,-0.000704213598810811,0.0,0.57092580477056,0.57092580477056,0.57092580477056,0.57092580477056
s0_chunk02_rep02,2,low_response,regional_shift,box,3000,0.05,0.0,true,ctmle,estimated,xgboost,xgboost,targeting,1.0,0.0|0.25|0.5|1.0,-1.0,1.0,obsval,4.0,0.1,0,0.1,legacy,4.0,4,50,2,34.033761575003155,0.015471024329737793,0.015471024329737793,0.015471024329737793,0.0,3.574348364483661e-05,1.0015016555318143e-05,0.0,0.05,0.0,nan,nan,nan,nan,nan,nan,nan,0.103,0.103,1.0,1.0,18,18,0.05825242718446602,0.05825242718446602,7.170601536733723e-05,7.170601536733723e-05,0.0,7.170601536733723e-05,7.170601536733723e-05,0.0,0.5219261469119766,0.5219261469119766,0.5219261469119766,0.5219261469119766
s0_chunk02_rep03,2,low_response,regional_shift,box,3000,0.05,0.0,true,ctmle,estimated,xgboost,xgboost,targeting,1.0,0.0|0.25|0.5|1.0,-1.0,1.0,obsval,4.0,0.1,0,0.1,legacy,4.0,4,50,3,51.02145570400171,0.0014336082399797334,0.0014336082399797334,0.0014336082399797334,0.0,7.500143140232846e-05,-2.5810262292762622e-05,0.0,0.5,0.0,nan,nan,nan,nan,nan,nan,nan,0.1,0.1,1.0,1.0,12,12,0.04,0.04,0.016564442471283625,0.016564442471283625,0.0,0.016564442471283625,0.016564442471283625,0.0,0.6000281898359555,0.6000281898359555,0.6000281898359555,0.6000281898359555
s0_chunk02_rep04,2,low_response,regional_shift,box,3000,0.05,0.0,true,ctmle,estimated,xgboost,xgboost,targeting,1.0,0.0|0.25|0.5|1.0,-1.0,1.0,obsval,4.0,0.1,0,0.1,legacy,4.0,4,50,4,67.90537014801521,0.0018413450923540076,0.0018413450923540076,0.0018413450923540076,0.0,6.259000604127876e-05,-2.762613710713261e-05,0.0,0.05,0.0,nan,nan,nan,nan,nan,nan,nan,0.10466666666666667,0.10466666666666667,1.0,1.0,14,14,0.044585987261146494,0.044585987261146494,0.0005447124154759679,0.0005447124154759679,0.0,0.0005447124154759679,0.0005447124154759679,0.0,0.6258384608306518,0.6258384608306518,0.6258384608306518,0.6258384608306518
s0_chunk03_rep01,3,low_response,regional_shift,box,3000,0.05,0.0,true,ctmle,estimated,xgboost,xgboost,targeting,1.0,0.0|0.25|0.5|1.0,-1.0,1.0,obsval,4.0,0.1,0,0.1,legacy,4.0,4,50,1,17.165365626016865,-0.01995733470704064,-0.01995733470704064,-0.01995733470704064,0.0,2.956417587905301e-05,-7.25729758261674e-06,0.0,0.5,0.0,nan,nan,nan,nan,nan,nan,nan,0.099,0.099,1.0,1.0,10,10,0.03367003367003367,0.03367003367003367,-0.005519707165214746,-0.005519707165214746,0.0,-0.005519707165214746,-0.005519707165214746,0.0,0.6120230066559541,0.6120230066559541,0.6120230066559541,0.6120230066559541
s0_chunk03_rep02,3,low_response,regional_shift,box,3000,0.05,0.0,true,ctmle,estimated,xgboost,xgboost,targeting,1.0,0.0|0.25|0.5|1.0,-1.0,1.0,obsval,4.0,0.1,0,0.1,legacy,4.0,4,50,2,34.30077617900679,0.0178401423147328,0.0178401423147328,0.0178401423147328,0.0,9.075342576119654e-05,8.021925176484191e-05,0.0,0.1,0.0,nan,nan,nan,nan,nan,nan,nan,0.101,0.101,1.0,1.0,9,9,0.0297029702970297,0.0297029702970297,0.003050947362489098,0.003050947362489098,0.0,0.003050947362489098,0.003050947362489098,0.0,0.5548984463984362,0.5548984463984362,0.5548984463984362,0.5548984463984362
s0_chunk03_rep03,3,low_response,regional_shift,box,3000,0.05,0.0,true,ctmle,estimated,xgboost,xgboost,targeting,1.0,0.0|0.25|0.5|1.0,-1.0,1.0,obsval,4.0,0.1,0,0.1,legacy,4.0,4,50,3,51.53021981701022,-0.01079621413347609,-0.01079621413347609,-0.01079621413347609,0.0,4.440528876381968e-05,-3.8314603667121186e-05,0.0,0.1,0.0,nan,nan,nan,nan,nan,nan,nan,0.104,0.104,1.0,1.0,13,13,0.041666666666666664,0.041666666666666664,-0.001422807365471592,-0.001422807365471592,0.0,-0.001422807365471592,-0.001422807365471592,0.0,0.48772237204992125,0.48772237204992125,0.48772237204992125,0.48772237204992125
s0_chunk03_rep04,3,low_response,regional_shift,box,3000,0.05,0.0,true,ctmle,estimated,xgboost,xgboost,targeting,1.0,0.0|0.25|0.5|1.0,-1.0,1.0,obsval,4.0,0.1,0,0.1,legacy,4.0,4,50,4,68.65381621901179,-0.05287109827618927,-0.05287109827618927,-0.05287109827618927,0.0,0.00011818400247962774,-4.039542282815447e-05,0.0,0.5,0.0,nan,nan,nan,nan,nan,nan,nan,0.096,0.096,1.0,1.0,11,11,0.03819444444444445,0.03819444444444445,-0.029157154780487346,-0.029157154780487346,0.0,-0.029157154780487346,-0.029157154780487346,0.0,0.6780544546391373,0.6780544546391373,0.6780544546391373,0.6780544546391373
s0_chunk04_rep01,4,low_response,regional_shift,box,3000,0.05,0.0,true,ctmle,estimated,xgboost,xgboost,targeting,1.0,0.0|0.25|0.5|1.0,-1.0,1.0,obsval,4.0,0.1,0,0.1,legacy,4.0,4,50,1,17.072348276997218,0.010036478545567218,0.010036478545567218,0.010036478545567218,0.0,3.639695423709229e-05,-2.187854198627869e-05,0.0,0.05,0.0,nan,nan,nan,nan,nan,nan,nan,0.099,0.099,1.0,1.0,18,18,0.06060606060606061,0.06060606060606061,-0.00023118757955882467,-0.00023118757955882467,0.0,-0.00023118757955882467,-0.00023118757955882467,0.0,0.5701919293665426,0.5701919293665426,0.5701919293665426,0.5701919293665426
s0_chunk04_rep02,4,low_response,regional_shift,box,3000,0.05,0.0,true,ctmle,estimated,xgboost,xgboost,targeting,1.0,0.0|0.25|0.5|1.0,-1.0,1.0,obsval,4.0,0.1,0,0.1,legacy,4.0,4,50,2,34.21618930099066,-0.028789024134224628,-0.028789024134224628,-0.028789024134224628,0.0,0.00010274980546241558,2.7876308722684924e-05,0.0,0.5,0.0,nan,nan,nan,nan,nan,nan,nan,0.09466666666666666,0.09466666666666666,1.0,1.0,13,13,0.045774647887323945,0.045774647887323945,-0.01932990060793713,-0.01932990060793713,0.0,-0.01932990060793713,-0.01932990060793713,0.0,0.662132427066627,0.662132427066627,0.662132427066627,0.662132427066627
s0_chunk04_rep03,4,low_response,regional_shift,box,3000,0.05,0.0,true,ctmle,estimated,xgboost,xgboost,targeting,1.0,0.0|0.25|0.5|1.0,-1.0,1.0,obsval,4.0,0.1,0,0.1,legacy,4.0,4,50,3,51.427183354011504,-0.012016773180969442,-0.012016773180969442,-0.012016773180969442,0.0,0.00014023540292872126,-5.263037371683419e-05,0.0,0.05,0.0,nan,nan,nan,nan,nan,nan,nan,0.09666666666666666,0.09666666666666666,1.0,1.0,15,15,0.05172413793103448,0.05172413793103448,-0.001005120958237837,-0.001005120958237837,0.0,-0.001005120958237837,-0.001005120958237837,0.0,0.5356679509737788,0.5356679509737788,0.5356679509737788,0.5356679509737788
s0_chunk04_rep04,4,low_response,regional_shift,box,3000,0.05,0.0,true,ctmle,estimated,xgboost,xgboost,targeting,1.0,0.0|0.25|0.5|1.0,-1.0,1.0,obsval,4.0,0.1,0,0.1,legacy,4.0,4,50,4,68.63255685800686,-0.026158908013263205,-0.026158908013263205,-0.026158908013263205,0.0,0.00023130388668306462,8.136522341316689e-05,0.0,0.25,0.0,nan,nan,nan,nan,nan,nan,nan,0.10166666666666667,0.10166666666666667,1.0,1.0,17,17,0.05573770491803279,0.05573770491803279,0.004207592202671475,0.004207592202671475,0.0,0.004207592202671475,0.004207592202671475,0.0,0.5818246325859894,0.5818246325859894,0.5818246325859894,0.5818246325859894
s0_chunk05_rep01,5,low_response,regional_shift,box,3000,0.05,0.0,true,ctmle,estimated,xgboost,xgboost,targeting,1.0,0.0|0.25|0.5|1.0,-1.0,1.0,obsval,4.0,0.1,0,0.1,legacy,4.0,4,50,1,17.239850602985825,0.013287874482526718,0.013287874482526718,0.013287874482526718,0.0,9.295058529435948e-06,9.620711833892293e-07,0.0,0.5,0.0,nan,nan,nan,nan,nan,nan,nan,0.09433333333333334,0.09433333333333334,1.0,1.0,16,16,0.05653710247349823,0.05653710247349823,0.02240405827664302,0.02240405827664302,0.0,0.02240405827664302,0.02240405827664302,0.0,0.656869344946225,0.656869344946225,0.656869344946225,0.656869344946225
s0_chunk05_rep02,5,low_response,regional_shift,box,3000,0.05,0.0,true,ctmle,estimated,xgboost,xgboost,targeting,1.0,0.0|0.25|0.5|1.0,-1.0,1.0,obsval,4.0,0.1,0,0.1,legacy,4.0,4,50,2,34.33539736899547,-0.022515305455328205,-0.022515305455328205,-0.022515305455328205,0.0,1.708813493549611e-05,-4.564832078124154e-06,0.0,0.05,0.0,nan,nan,nan,nan,nan,nan,nan,0.09166666666666666,0.09166666666666666,1.0,1.0,13,13,0.04727272727272727,0.04727272727272727,3.876253226180741e-05,3.876253226180741e-05,0.0,3.876253226180741e-05,3.876253226180741e-05,0.0,0.5399003481328318,0.5399003481328318,0.5399003481328318,0.5399003481328318
s0_chunk05_rep03,5,low_response,regional_shift,box,3000,0.05,0.0,true,ctmle,estimated,xgboost,xgboost,targeting,1.0,0.0|0.25|0.5|1.0,-1.0,1.0,obsval,4.0,0.1,0,0.1,legacy,4.0,4,50,3,51.606375847011805,-0.05874443475454369,-0.06042189385374516,-0.05874443475454369,-0.0016774590992014726,5.0007050041492133e-05,-3.008026262098305e-05,0.0,0.05,0.25,nan,nan,nan,nan,nan,nan,nan,0.10733333333333334,0.10733333333333334,1.0,1.0,12,12,0.037267080745341616,0.037267080745341616,-0.0012170763432611195,-0.0012491530419465838,-3.2076698685464325e-05,-0.0012170763432611195,-0.0012491530419465838,-3.2076698685464325e-05,0.5715745808549162,0.5765887482035018,0.5715745808549162,0.5765887482035018
s0_chunk05_rep04,5,low_response,regional_shift,box,3000,0.05,0.0,true,ctmle,estimated,xgboost,xgboost,targeting,1.0,0.0|0.25|0.5|1.0,-1.0,1.0,obsval,4.0,0.1,0,0.1,legacy,4.0,4,50,4,68.71721305098617,-0.04271651218219541,-0.04271651218219541,-0.04271651218219541,0.0,6.2264517279831625e-06,-2.845801067788401e-06,0.0,0.05,0.0,nan,nan,nan,nan,nan,nan,nan,0.09433333333333334,0.09433333333333334,1.0,1.0,11,11,0.038869257950530034,0.038869257950530034,0.0015395300411581924,0.0015395300411581924,0.0,0.0015395300411581924,0.0015395300411581924,0.0,0.501179481244702,0.501179481244702,0.501179481244702,0.501179481244702
s0_chunk06_rep01,6,low_response,regional_shift,box,3000,0.05,0.0,true,ctmle,estimated,xgboost,xgboost,targeting,1.0,0.0|0.25|0.5|1.0,-1.0,1.0,obsval,4.0,0.1,0,0.1,legacy,4.0,4,50,1,17.240495918988017,-0.007208333300974146,-0.007208333300974146,-0.007208333300974146,0.0,9.53202914960572e-05,8.638545118555812e-06,0.0,0.25,0.0,nan,nan,nan,nan,nan,nan,nan,0.102,0.102,1.0,1.0,8,8,0.026143790849673203,0.026143790849673203,0.0027870434780304775,0.0027870434780304775,0.0,0.0027870434780304775,0.0027870434780304775,0.0,0.508139086702733,0.508139086702733,0.508139086702733,0.508139086702733
s0_chunk06_rep02,6,low_response,regional_shift,box,3000,0.05,0.0,true,ctmle,estimated,xgboost,xgboost,targeting,1.0,0.0|0.25|0.5|1.0,-1.0,1.0,obsval,4.0,0.1,0,0.1,legacy,4.0,4,50,2,34.32076107600005,0.01235162935511458,0.01235162935511458,0.01235162935511458,0.0,1.893629526969866e-05,1.7330102700199444e-05,0.0,0.05,0.0,nan,nan,nan,nan,nan,nan,nan,0.08966666666666667,0.08966666666666667,1.0,1.0,11,11,0.040892193308550186,0.040892193308550186,0.0017076480143574798,0.0017076480143574798,0.0,0.0017076480143574798,0.0017076480143574798,0.0,0.6206986563520446,0.6206986563520446,0.6206986563520446,0.6206986563520446
s0_chunk06_rep03,6,low_response,regional_shift,box,3000,0.05,0.0,true,ctmle,estimated,xgboost,xgboost,targeting,1.0,0.0|0.25|0.5|1.0,-1.0,1.0,obsval,4.0,0.1,0,0.1,legacy,4.0,4,50,3,51.420699056005105,0.020563531030168225,0.020563531030168225,0.020563531030168225,0.0,6.209763695134854e-05,5.7121290993529116e-05,0.0,0.05,0.0,nan,nan,nan,nan,nan,nan,nan,0.10533333333333333,0.10533333333333333,1.0,1.0,13,13,0.04113924050632911,0.04113924050632911,0.0009085045814035674,0.0009085045814035674,0.0,0.0009085045814035674,0.0009085045814035674,0.0,0.5054606254484563,0.5054606254484563,0.5054606254484563,0.5054606254484563
s0_chunk06_rep04,6,low_response,regional_shift,box,3000,0.05,0.0,true,ctmle,estimated,xgboost,xgboost,targeting,1.0,0.0|0.25|0.5|1.0,-1.0,1.0,obsval,4.0,0.1,0,0.1,legacy,4.0,4,50,4,68.34148612900754,-0.03138063389843987,-0.03138063389843987,-0.03138063389843987,0.0,0.00010536164844364621,5.4263430271359156e-05,0.0,0.5,0.0,nan,nan,nan,nan,nan,nan,nan,0.10166666666666667,0.10166666666666667,1.0,1.0,14,14,0.04590163934426229,0.04590163934426229,-0.007662697868254747,-0.007662697868254747,0.0,-0.007662697868254747,-0.007662697868254747,0.0,0.6662307462569157,0.6662307462569157,0.6662307462569157,0.6662307462569157
s0_chunk07_rep01,7,low_response,regional_shift,box,3000,0.05,0.0,true,ctmle,estimated,xgboost,xgboost,targeting,1.0,0.0|0.25|0.5|1.0,-1.0,1.0,obsval,4.0,0.1,0,0.1,legacy,4.0,4,50,1,16.921902959991712,-0.011340624748208905,-0.011340624748208905,-0.011340624748208905,0.0,1.5926312266813843e-05,5.940548398796928e-06,0.0,0.05,0.0,nan,nan,nan,nan,nan,nan,nan,0.10266666666666667,0.10266666666666667,1.0,1.0,18,18,0.05844155844155844,0.05844155844155844,2.9365526060484295e-05,2.9365526060484295e-05,0.0,2.9365526060484295e-05,2.9365526060484295e-05,0.0,0.540048855694307,0.540048855694307,0.540048855694307,0.540048855694307
s0_chunk07_rep02,7,low_response,regional_shift,box,3000,0.05,0.0,true,ctmle,estimated,xgboost,xgboost,targeting,1.0,0.0|0.25|0.5|1.0,-1.0,1.0,obsval,4.0,0.1,0,0.1,legacy,4.0,4,50,2,34.158697973005474,0.0027857216812938734,0.0027857216812938734,0.0027857216812938734,0.0,7.562779136408623e-07,3.8008019638274696e-06,0.0,0.05,0.0,nan,nan,nan,nan,nan,nan,nan,0.098,0.098,1.0,1.0,26,26,0.08843537414965986,0.08843537414965986,0.00023496293492974245,0.00023496293492974245,0.0,0.00023496293492974245,0.00023496293492974245,0.0,0.5556720072652697,0.5556720072652697,0.5556720072652697,0.5556720072652697
s0_chunk07_rep03,7,low_response,regional_shift,box,3000,0.05,0.0,true,ctmle,estimated,xgboost,xgboost,targeting,1.0,0.0|0.25|0.5|1.0,-1.0,1.0,obsval,4.0,0.1,0,0.1,legacy,4.0,4,50,3,51.14481749699917,0.034882937263735925,0.034882937263735925,0.034882937263735925,0.0,9.643392805074513e-05,-3.425660878724943e-06,0.0,0.5,0.0,nan,nan,nan,nan,nan,nan,nan,0.093,0.093,1.0,1.0,11,11,0.03942652329749104,0.03942652329749104,0.011806045423197915,0.011806045423197915,0.0,0.011806045423197915,0.011806045423197915,0.0,0.5723974088887391,0.5723974088887391,0.5723974088887391,0.5723974088887391
s0_chunk07_rep04,7,low_response,regional_shift,box,3000,0.05,0.0,true,ctmle,estimated,xgboost,xgboost,targeting,1.0,0.0|0.25|0.5|1.0,-1.0,1.0,obsval,4.0,0.1,0,0.1,legacy,4.0,4,50,4,68.37996987899533,0.012816880213252613,0.012816880213252613,0.012816880213252613,0.0,0.00012500618727078394,-7.093987820799299e-05,0.0,0.5,0.0,nan,nan,nan,nan,nan,nan,nan,0.103,0.103,1.0,1.0,15,15,0.04854368932038835,0.04854368932038835,0.005387750679480449,0.005387750679480449,0.0,0.005387750679480449,0.005387750679480449,0.0,0.6626398175923512,0.6626398175923512,0.6626398175923512,0.6626398175923512
s0_chunk08_rep01,8,low_response,regional_shift,box,3000,0.05,0.0,true,ctmle,estimated,xgboost,xgboost,targeting,1.0,0.0|0.25|0.5|1.0,-1.0,1.0,obsval,4.0,0.1,0,0.1,legacy,4.0,4,50,1,16.99721501901513,0.012210249591888767,0.012210249591888767,0.012210249591888767,0.0,1.2089533860022879e-05,4.06320218644641e-06,0.0,0.05,0.0,nan,nan,nan,nan,nan,nan,nan,0.10066666666666667,0.10066666666666667,1.0,1.0,9,9,0.029801324503311258,0.029801324503311258,0.0013665689215492352,0.0013665689215492352,0.0,0.0013665689215492352,0.0013665689215492352,0.0,0.6253193249393124,0.6253193249393124,0.6253193249393124,0.6253193249393124
s0_chunk08_rep02,8,low_response,regional_shift,box,3000,0.05,0.0,true,ctmle,estimated,xgboost,xgboost,targeting,1.0,0.0|0.25|0.5|1.0,-1.0,1.0,obsval,4.0,0.1,0,0.1,legacy,4.0,4,50,2,34.056945588003146,0.011087791001929692,0.011087791001929692,0.011087791001929692,0.0,3.6385788074865455e-05,6.511189142674348e-06,0.0,0.05,0.0,nan,nan,nan,nan,nan,nan,nan,0.10133333333333333,0.10133333333333333,1.0,1.0,18,18,0.05921052631578947,0.05921052631578947,0.002223212413121883,0.002223212413121883,0.0,0.002223212413121883,0.002223212413121883,0.0,0.5677991505565941,0.5677991505565941,0.5677991505565941,0.5677991505565941
s0_chunk08_rep03,8,low_response,regional_shift,box,3000,0.05,0.0,true,ctmle,estimated,xgboost,xgboost,targeting,1.0,0.0|0.25|0.5|1.0,-1.0,1.0,obsval,4.0,0.1,0,0.1,legacy,4.0,4,50,3,51.16618320901762,-0.0049779125902288945,-0.0049779125902288945,-0.0049779125902288945,0.0,3.3763966453248615e-05,1.7111200333722477e-05,0.0,0.5,0.0,nan,nan,nan,nan,nan,nan,nan,0.10366666666666667,0.10366666666666667,1.0,1.0,18,18,0.05787781350482315,0.05787781350482315,-0.010043095953215975,-0.010043095953215975,0.0,-0.010043095953215975,-0.010043095953215975,0.0,0.5888481467520941,0.5888481467520941,0.5888481467520941,0.5888481467520941
s0_chunk08_rep04,8,low_response,regional_shift,box,3000,0.05,0.0,true,ctmle,estimated,xgboost,xgboost,targeting,1.0,0.0|0.25|0.5|1.0,-1.0,1.0,obsval,4.0,0.1,0,0.1,legacy,4.0,4,50,4,68.30737836900516,0.01128308475437556,0.01128308475437556,0.01128308475437556,0.0,5.844990687357615e-05,6.836469331329275e-05,0.0,0.05,0.0,nan,nan,nan,nan,nan,nan,nan,0.09333333333333334,0.09333333333333334,1.0,1.0,11,11,0.039285714285714285,0.039285714285714285,-0.0004547106370958745,-0.0004547106370958745,0.0,-0.0004547106370958745,-0.0004547106370958745,0.0,0.5716392898039799,0.5716392898039799,0.5716392898039799,0.5716392898039799
s0_chunk09_rep01,9,low_response,regional_shift,box,3000,0.05,0.0,true,ctmle,estimated,xgboost,xgboost,targeting,1.0,0.0|0.25|0.5|1.0,-1.0,1.0,obsval,4.0,0.1,0,0.1,legacy,4.0,4,50,1,17.176689642015845,0.014121514276803804,0.014121514276803804,0.014121514276803804,0.0,2.883216939489038e-05,-5.5875243315317916e-06,0.0,0.05,0.0,nan,nan,nan,nan,nan,nan,nan,0.106,0.106,1.0,1.0,16,16,0.050314465408805034,0.050314465408805034,0.003156407086005729,0.003156407086005729,0.0,0.003156407086005729,0.003156407086005729,0.0,0.6083921958407876,0.6083921958407876,0.6083921958407876,0.6083921958407876
s0_chunk09_rep02,9,low_response,regional_shift,box,3000,0.05,0.0,true,ctmle,estimated,xgboost,xgboost,targeting,1.0,0.0|0.25|0.5|1.0,-1.0,1.0,obsval,4.0,0.1,0,0.1,legacy,4.0,4,50,2,34.33197861001827,-0.0032396514690757883,-0.0032396514690757883,-0.0032396514690757883,0.0,3.516764157082751e-05,-2.0228287988998165e-05,0.0,0.05,0.0,nan,nan,nan,nan,nan,nan,nan,0.095,0.095,1.0,1.0,12,12,0.042105263157894736,0.042105263157894736,0.004515234723610706,0.004515234723610706,0.0,0.004515234723610706,0.004515234723610706,0.0,0.6450502129139851,0.6450502129139851,0.6450502129139851,0.6450502129139851
s0_chunk09_rep03,9,low_response,regional_shift,box,3000,0.05,0.0,true,ctmle,estimated,xgboost,xgboost,targeting,1.0,0.0|0.25|0.5|1.0,-1.0,1.0,obsval,4.0,0.1,0,0.1,legacy,4.0,4,50,3,51.54625511399354,-0.013269879197775725,-0.013269879197775725,-0.013269879197775725,0.0,3.5453801168018606e-05,-7.718287135477758e-05,0.0,0.5,0.0,nan,nan,nan,nan,nan,nan,nan,0.097,0.097,1.0,1.0,13,13,0.044673539518900345,0.044673539518900345,-0.0049603913014521425,-0.0049603913014521425,0.0,-0.0049603913014521425,-0.0049603913014521425,0.0,0.5275312602063964,0.5275312602063964,0.5275312602063964,0.5275312602063964
s0_chunk09_rep04,9,low_response,regional_shift,box,3000,0.05,0.0,true,ctmle,estimated,xgboost,xgboost,targeting,1.0,0.0|0.25|0.5|1.0,-1.0,1.0,obsval,4.0,0.1,0,0.1,legacy,4.0,4,50,4,68.72882104400196,0.016550819386744575,0.016550819386744575,0.016550819386744575,0.0,3.7213678297724545e-05,2.0826617192931792e-05,0.0,0.05,0.0,nan,nan,nan,nan,nan,nan,nan,0.103,0.103,1.0,1.0,16,16,0.05177993527508091,0.05177993527508091,0.0007957721462424925,0.0007957721462424925,0.0,0.0007957721462424925,0.0007957721462424925,0.0,0.5181375287341258,0.5181375287341258,0.5181375287341258,0.5181375287341258
s0_chunk10_rep01,10,low_response,regional_shift,box,3000,0.05,0.0,true,ctmle,estimated,xgboost,xgboost,targeting,1.0,0.0|0.25|0.5|1.0,-1.0,1.0,obsval,4.0,0.1,0,0.1,legacy,4.0,4,50,1,17.25557213902357,0.023084806604247055,0.023084806604247055,0.023084806604247055,0.0,8.282036998478039e-05,-3.835426007505892e-05,0.0,0.5,0.0,nan,nan,nan,nan,nan,nan,nan,0.09433333333333334,0.09433333333333334,1.0,1.0,13,13,0.045936395759717315,0.045936395759717315,-0.0008630322145383286,-0.0008630322145383286,0.0,-0.0008630322145383286,-0.0008630322145383286,0.0,0.5360176423028169,0.5360176423028169,0.5360176423028169,0.5360176423028169
s0_chunk10_rep02,10,low_response,regional_shift,box,3000,0.05,0.0,true,ctmle,estimated,xgboost,xgboost,targeting,1.0,0.0|0.25|0.5|1.0,-1.0,1.0,obsval,4.0,0.1,0,0.1,legacy,4.0,4,50,2,34.58389756100951,0.061902176134077835,0.061902176134077835,0.061902176134077835,0.0,6.639502770002404e-06,7.122278665131366e-06,0.0,0.05,0.0,nan,nan,nan,nan,nan,nan,nan,0.091,0.091,1.0,1.0,17,17,0.06227106227106227,0.06227106227106227,-0.0007206166779752508,-0.0007206166779752508,0.0,-0.0007206166779752508,-0.0007206166779752508,0.0,0.5664168907760506,0.5664168907760506,0.5664168907760506,0.5664168907760506
s0_chunk10_rep03,10,low_response,regional_shift,box,3000,0.05,0.0,true,ctmle,estimated,xgboost,xgboost,targeting,1.0,0.0|0.25|0.5|1.0,-1.0,1.0,obsval,4.0,0.1,0,0.1,legacy,4.0,4,50,3,51.855797684023855,0.036574410132472146,0.036574410132472146,0.036574410132472146,0.0,3.170381069105368e-05,2.3724509001224123e-08,0.0,0.05,0.0,nan,nan,nan,nan,nan,nan,nan,0.098,0.098,1.0,1.0,13,13,0.04421768707482993,0.04421768707482993,0.0005007206540620192,0.0005007206540620192,0.0,0.0005007206540620192,0.0005007206540620192,0.0,0.6394713955187161,0.6394713955187161,0.6394713955187161,0.6394713955187161
s0_chunk10_rep04,10,low_response,regional_shift,box,3000,0.05,0.0,true,ctmle,estimated,xgboost,xgboost,targeting,1.0,0.0|0.25|0.5|1.0,-1.0,1.0,obsval,4.0,0.1,0,0.1,legacy,4.0,4,50,4,69.38403068800108,-0.0748494782239654,-0.0748494782239654,-0.0748494782239654,0.0,1.0819184744013943e-05,1.618335433733629e-05,0.0,0.5,0.0,nan,nan,nan,nan,nan,nan,nan,0.10233333333333333,0.10233333333333333,1.0,1.0,18,18,0.05863192182410423,0.05863192182410423,-0.0007945154825827724,-0.0007945154825827724,0.0,-0.0007945154825827724,-0.0007945154825827724,0.0,0.5679400483109251,0.5679400483109251,0.5679400483109251,0.5679400483109251
s0_chunk11_rep01,11,low_response,regional_shift,box,3000,0.05,0.0,true,ctmle,estimated,xgboost,xgboost,targeting,1.0,0.0|0.25|0.5|1.0,-1.0,1.0,obsval,4.0,0.1,0,0.1,legacy,4.0,4,50,1,17.003413936006837,-0.0015652733362646054,-0.0015652733362646054,-0.0015652733362646054,0.0,1.8047088903011673e-05,-2.0743127505617868e-05,0.0,0.5,0.0,nan,nan,nan,nan,nan,nan,nan,0.1,0.1,1.0,1.0,10,10,0.03333333333333333,0.03333333333333333,-0.0065742565533867935,-0.0065742565533867935,0.0,-0.0065742565533867935,-0.0065742565533867935,0.0,0.5599813728775841,0.5599813728775841,0.5599813728775841,0.5599813728775841
s0_chunk11_rep02,11,low_response,regional_shift,box,3000,0.05,0.0,true,ctmle,estimated,xgboost,xgboost,targeting,1.0,0.0|0.25|0.5|1.0,-1.0,1.0,obsval,4.0,0.1,0,0.1,legacy,4.0,4,50,2,33.943457301007584,-0.031008892219984097,-0.031008892219984097,-0.031008892219984097,0.0,1.729418617181077e-06,-9.245755587981787e-06,0.0,0.25,0.0,nan,nan,nan,nan,nan,nan,nan,0.102,0.102,1.0,1.0,17,17,0.05555555555555555,0.05555555555555555,-0.011394242217082014,-0.011394242217082014,0.0,-0.011394242217082014,-0.011394242217082014,0.0,0.6222804212924646,0.6222804212924646,0.6222804212924646,0.6222804212924646
s0_chunk11_rep03,11,low_response,regional_shift,box,3000,0.05,0.0,true,ctmle,estimated,xgboost,xgboost,targeting,1.0,0.0|0.25|0.5|1.0,-1.0,1.0,obsval,4.0,0.1,0,0.1,legacy,4.0,4,50,3,51.01534706202801,0.032687497120396536,0.032687497120396536,0.032687497120396536,0.0,1.768254543071902e-05,-5.309076034825137e-06,0.0,0.25,0.0,nan,nan,nan,nan,nan,nan,nan,0.112,0.112,1.0,1.0,20,20,0.05952380952380952,0.05952380952380952,0.009792804563959413,0.009792804563959413,0.0,0.009792804563959413,0.009792804563959413,0.0,0.6458726918048541,0.6458726918048541,0.6458726918048541,0.6458726918048541
s0_chunk11_rep04,11,low_response,regional_shift,box,3000,0.05,0.0,true,ctmle,estimated,xgboost,xgboost,targeting,1.0,0.0|0.25|0.5|1.0,-1.0,1.0,obsval,4.0,0.1,0,0.1,legacy,4.0,4,50,4,67.98703603702597,0.013844253262373984,0.013844253262373984,0.013844253262373984,0.0,1.0186959944319916e-05,2.218683171226611e-05,0.0,0.5,0.0,nan,nan,nan,nan,nan,nan,nan,0.10666666666666667,0.10666666666666667,1.0,1.0,10,10,0.03125,0.03125,0.0400869985759205,0.0400869985759205,0.0,0.0400869985759205,0.0400869985759205,0.0,0.8429920530592264,0.8429920530592264,0.8429920530592264,0.8429920530592264
s0_chunk12_rep01,12,low_response,regional_shift,box,3000,0.05,0.0,true,ctmle,estimated,xgboost,xgboost,targeting,1.0,0.0|0.25|0.5|1.0,-1.0,1.0,obsval,4.0,0.1,0,0.1,legacy,4.0,4,50,1,16.97920261201216,0.014391291513561832,0.014391291513561832,0.014391291513561832,0.0,0.00034982955448805623,-2.4597114102770318e-05,0.0,0.05,0.0,nan,nan,nan,nan,nan,nan,nan,0.099,0.099,1.0,1.0,7,7,0.02356902356902357,0.02356902356902357,-0.00084429462316791,-0.00084429462316791,0.0,-0.00084429462316791,-0.00084429462316791,0.0,0.6460487327146064,0.6460487327146064,0.6460487327146064,0.6460487327146064
s0_chunk12_rep02,12,low_response,regional_shift,box,3000,0.05,0.0,true,ctmle,estimated,xgboost,xgboost,targeting,1.0,0.0|0.25|0.5|1.0,-1.0,1.0,obsval,4.0,0.1,0,0.1,legacy,4.0,4,50,2,34.41662449599244,0.021504995622850298,0.021504995622850298,0.021504995622850298,0.0,2.1302755982826856e-05,-1.7623624503225205e-05,0.0,0.5,0.0,nan,nan,nan,nan,nan,nan,nan,0.103,0.103,1.0,1.0,16,16,0.05177993527508091,0.05177993527508091,0.004027586914524775,0.004027586914524775,0.0,0.004027586914524775,0.004027586914524775,0.0,0.567574194361055,0.567574194361055,0.567574194361055,0.567574194361055
s0_chunk12_rep03,12,low_response,regional_shift,box,3000,0.05,0.0,true,ctmle,estimated,xgboost,xgboost,targeting,1.0,0.0|0.25|0.5|1.0,-1.0,1.0,obsval,4.0,0.1,0,0.1,legacy,4.0,4,50,3,51.71407971199369,-0.0007270244543398641,-0.0007270244543398641,-0.0007270244543398641,0.0,2.8290726526572453e-05,-2.2775930793464925e-05,0.0,0.5,0.0,nan,nan,nan,nan,nan,nan,nan,0.09466666666666666,0.09466666666666666,1.0,1.0,14,14,0.04929577464788732,0.04929577464788732,0.01110807192976281,0.01110807192976281,0.0,0.01110807192976281,0.01110807192976281,0.0,0.63498066713829,0.63498066713829,0.63498066713829,0.63498066713829
s0_chunk12_rep04,12,low_response,regional_shift,box,3000,0.05,0.0,true,ctmle,estimated,xgboost,xgboost,targeting,1.0,0.0|0.25|0.5|1.0,-1.0,1.0,obsval,4.0,0.1,0,0.1,legacy,4.0,4,50,4,69.07022027499625,0.02113904877538675,0.02113904877538675,0.02113904877538675,0.0,2.484154937029085e-05,2.936878505019856e-06,0.0,0.5,0.0,nan,nan,nan,nan,nan,nan,nan,0.10333333333333333,0.10333333333333333,1.0,1.0,22,22,0.07096774193548387,0.07096774193548387,0.009814093385105324,0.009814093385105324,0.0,0.009814093385105324,0.009814093385105324,0.0,0.6414113862162022,0.6414113862162022,0.6414113862162022,0.6414113862162022
s0_chunk13_rep01,13,low_response,regional_shift,box,3000,0.05,0.0,true,ctmle,estimated,xgboost,xgboost,targeting,1.0,0.0|0.25|0.5|1.0,-1.0,1.0,obsval,4.0,0.1,0,0.1,legacy,4.0,4,50,1,17.064832676987862,0.0045402451705258695,0.0045402451705258695,0.0045402451705258695,0.0,0.00011428163418920911,-6.748088256719898e-05,0.0,0.5,0.0,nan,nan,nan,nan,nan,nan,nan,0.10933333333333334,0.10933333333333334,1.0,1.0,16,16,0.04878048780487805,0.04878048780487805,-0.01132152601470131,-0.01132152601470131,0.0,-0.01132152601470131,-0.01132152601470131,0.0,0.5625418621206668,0.5625418621206668,0.5625418621206668,0.5625418621206668
s0_chunk13_rep02,13,low_response,regional_shift,box,3000,0.05,0.0,true,ctmle,estimated,xgboost,xgboost,targeting,1.0,0.0|0.25|0.5|1.0,-1.0,1.0,obsval,4.0,0.1,0,0.1,legacy,4.0,4,50,2,34.26963343299576,-0.029664011723132266,-0.029664011723132266,-0.029664011723132266,0.0,2.3756107847057667e-05,-9.814276976066131e-06,0.0,0.5,0.0,nan,nan,nan,nan,nan,nan,nan,0.09233333333333334,0.09233333333333334,1.0,1.0,12,12,0.04332129963898917,0.04332129963898917,-0.018945550522285484,-0.018945550522285484,0.0,-0.018945550522285484,-0.018945550522285484,0.0,0.6520964932542073,0.6520964932542073,0.6520964932542073,0.6520964932542073
s0_chunk13_rep03,13,low_response,regional_shift,box,3000,0.05,0.0,true,ctmle,estimated,xgboost,xgboost,targeting,1.0,0.0|0.25|0.5|1.0,-1.0,1.0,obsval,4.0,0.1,0,0.1,legacy,4.0,4,50,3,51.48428935999982,0.020011006233778106,0.020011006233778106,0.020011006233778106,0.0,3.2944761026475807e-06,-1.1511368579767691e-05,0.0,0.05,0.0,nan,nan,nan,nan,nan,nan,nan,0.08633333333333333,0.08633333333333333,1.0,1.0,14,14,0.05405405405405406,0.05405405405405406,4.346578310301904e-06,4.346578310301904e-06,0.0,4.346578310301904e-06,4.346578310301904e-06,0.0,0.758868128015885,0.758868128015885,0.758868128015885,0.758868128015885
s0_chunk13_rep04,13,low_response,regional_shift,box,3000,0.05,0.0,true,ctmle,estimated,xgboost,xgboost,targeting,1.0,0.0|0.25|0.5|1.0,-1.0,1.0,obsval,4.0,0.1,0,0.1,legacy,4.0,4,50,4,68.78056860598736,0.007672059194588077,0.007672059194588077,0.007672059194588077,0.0,4.071478432029043e-06,1.857737101326241e-05,0.0,0.5,0.0,nan,nan,nan,nan,nan,nan,nan,0.09966666666666667,0.09966666666666667,1.0,1.0,26,26,0.08695652173913043,0.08695652173913043,0.008585450883340083,0.008585450883340083,0.0,0.008585450883340083,0.008585450883340083,0.0,0.5465127532807883,0.5465127532807883,0.5465127532807883,0.5465127532807883
s0_chunk14_rep01,14,low_response,regional_shift,box,3000,0.05,0.0,true,ctmle,estimated,xgboost,xgboost,targeting,1.0,0.0|0.25|0.5|1.0,-1.0,1.0,obsval,4.0,0.1,0,0.1,legacy,4.0,4,50,1,17.190330015990185,-0.02215001228245872,-0.02215001228245872,-0.02215001228245872,0.0,1.3317751797696682e-05,4.565583330320673e-06,0.0,0.5,0.0,nan,nan,nan,nan,nan,nan,nan,0.10833333333333334,0.10833333333333334,1.0,1.0,17,17,0.052307692307692305,0.052307692307692305,-0.009270347602860792,-0.009270347602860792,0.0,-0.009270347602860792,-0.009270347602860792,0.0,0.698161553960951,0.698161553960951,0.698161553960951,0.698161553960951
s0_chunk14_rep02,14,low_response,regional_shift,box,3000,0.05,0.0,true,ctmle,estimated,xgboost,xgboost,targeting,1.0,0.0|0.25|0.5|1.0,-1.0,1.0,obsval,4.0,0.1,0,0.1,legacy,4.0,4,50,2,34.18444101099158,-0.024323512615696097,-0.024323512615696097,-0.024323512615696097,0.0,1.8386245883727885e-05,-2.7095923260006625e-05,0.0,0.05,0.0,nan,nan,nan,nan,nan,nan,nan,0.09633333333333334,0.09633333333333334,1.0,1.0,12,12,0.04152249134948097,0.04152249134948097,-0.00017320596725057708,-0.00017320596725057708,0.0,-0.00017320596725057708,-0.00017320596725057708,0.0,0.5720659138008538,0.5720659138008538,0.5720659138008538,0.5720659138008538
s0_chunk14_rep03,14,low_response,regional_shift,box,3000,0.05,0.0,true,ctmle,estimated,xgboost,xgboost,targeting,1.0,0.0|0.25|0.5|1.0,-1.0,1.0,obsval,4.0,0.1,0,0.1,legacy,4.0,4,50,3,51.191611299000215,-0.02011737804754321,-0.02011737804754321,-0.02011737804754321,0.0,1.3441779859728765e-06,2.7095670342961896e-06,0.0,0.25,0.0,nan,nan,nan,nan,nan,nan,nan,0.101,0.101,1.0,1.0,13,13,0.0429042904290429,0.0429042904290429,0.007458528411777041,0.007458528411777041,0.0,0.007458528411777041,0.007458528411777041,0.0,0.5803440214501782,0.5803440214501782,0.5803440214501782,0.5803440214501782
s0_chunk14_rep04,14,low_response,regional_shift,box,3000,0.05,0.0,true,ctmle,estimated,xgboost,xgboost,targeting,1.0,0.0|0.25|0.5|1.0,-1.0,1.0,obsval,4.0,0.1,0,0.1,legacy,4.0,4,50,4,68.38044890400488,-0.005027439763147568,-0.005027439763147568,-0.005027439763147568,0.0,2.4169610231583247e-05,3.4194469958353894e-05,0.0,0.05,0.0,nan,nan,nan,nan,nan,nan,nan,0.10266666666666667,0.10266666666666667,1.0,1.0,12,12,0.03896103896103896,0.03896103896103896,-0.003314207796902295,-0.003314207796902295,0.0,-0.003314207796902295,-0.003314207796902295,0.0,0.5995211636034831,0.5995211636034831,0.5995211636034831,0.5995211636034831
s0_chunk15_rep01,15,low_response,regional_shift,box,3000,0.05,0.0,true,ctmle,estimated,xgboost,xgboost,targeting,1.0,0.0|0.25|0.5|1.0,-1.0,1.0,obsval,4.0,0.1,0,0.1,legacy,4.0,4,50,1,17.07095351399039,-0.002783904972593676,-0.002783904972593676,-0.002783904972593676,0.0,4.0496653706258504e-05,-1.7402891245716463e-05,0.0,0.5,0.0,nan,nan,nan,nan,nan,nan,nan,0.094,0.094,1.0,1.0,20,20,0.07092198581560284,0.07092198581560284,0.0017736858575075625,0.0017736858575075625,0.0,0.0017736858575075625,0.0017736858575075625,0.0,0.6073412639812592,0.6073412639812592,0.6073412639812592,0.6073412639812592
s0_chunk15_rep02,15,low_response,regional_shift,box,3000,0.05,0.0,true,ctmle,estimated,xgboost,xgboost,targeting,1.0,0.0|0.25|0.5|1.0,-1.0,1.0,obsval,4.0,0.1,0,0.1,legacy,4.0,4,50,2,34.20051149299252,0.021024986292545345,0.021024986292545345,0.021024986292545345,0.0,1.3317534809320197e-05,2.107634946481524e-05,0.0,0.25,0.0,nan,nan,nan,nan,nan,nan,nan,0.10666666666666667,0.10666666666666667,1.0,1.0,14,14,0.04375,0.04375,0.012479035051056256,0.012479035051056256,0.0,0.012479035051056256,0.012479035051056256,0.0,0.5740232929324333,0.5740232929324333,0.5740232929324333,0.5740232929324333
s0_chunk15_rep03,15,low_response,regional_shift,box,3000,0.05,0.0,true,ctmle,estimated,xgboost,xgboost,targeting,1.0,0.0|0.25|0.5|1.0,-1.0,1.0,obsval,4.0,0.1,0,0.1,legacy,4.0,4,50,3,51.172654084977694,-0.02842963505336088,-0.02842963505336088,-0.02842963505336088,0.0,0.00012348691508729252,6.35329167945546e-05,0.0,0.25,0.0,nan,nan,nan,nan,nan,nan,nan,0.097,0.097,1.0,1.0,12,12,0.041237113402061855,0.041237113402061855,-0.0023759211616085772,-0.0023759211616085772,0.0,-0.0023759211616085772,-0.0023759211616085772,0.0,0.5771104321176476,0.5771104321176476,0.5771104321176476,0.5771104321176476
s0_chunk15_rep04,15,low_response,regional_shift,box,3000,0.05,0.0,true,ctmle,estimated,xgboost,xgboost,targeting,1.0,0.0|0.25|0.5|1.0,-1.0,1.0,obsval,4.0,0.1,0,0.1,legacy,4.0,4,50,4,68.38538183298078,0.008471026906005152,0.008471026906005152,0.008471026906005152,0.0,4.3891075419224363e-05,4.253464376690447e-05,0.0,0.5,0.0,nan,nan,nan,nan,nan,nan,nan,0.109,0.109,1.0,1.0,15,15,0.045871559633027525,0.045871559633027525,-0.006063175324213375,-0.006063175324213375,0.0,-0.006063175324213375,-0.006063175324213375,0.0,0.6579381213238896,0.6579381213238896,0.6579381213238896,0.6579381213238896
s0_chunk16_rep01,16,low_response,regional_shift,box,3000,0.05,0.0,true,ctmle,estimated,xgboost,xgboost,targeting,1.0,0.0|0.25|0.5|1.0,-1.0,1.0,obsval,4.0,0.1,0,0.1,legacy,4.0,4,50,1,17.114875558007043,0.052837139138690536,0.052837139138690536,0.052837139138690536,0.0,3.138977135537036e-05,7.802207239206594e-06,0.0,0.05,0.0,nan,nan,nan,nan,nan,nan,nan,0.08733333333333333,0.08733333333333333,1.0,1.0,13,13,0.04961832061068702,0.04961832061068702,0.0009293565202505256,0.0009293565202505256,0.0,0.0009293565202505256,0.0009293565202505256,0.0,0.505006257904341,0.505006257904341,0.505006257904341,0.505006257904341
s0_chunk16_rep02,16,low_response,regional_shift,box,3000,0.05,0.0,true,ctmle,estimated,xgboost,xgboost,targeting,1.0,0.0|0.25|0.5|1.0,-1.0,1.0,obsval,4.0,0.1,0,0.1,legacy,4.0,4,50,2,34.279945308022434,0.0037958890655300226,0.0037958890655300226,0.0037958890655300226,0.0,2.177002543998839e-05,2.7500008141445706e-05,0.0,0.25,0.0,nan,nan,nan,nan,nan,nan,nan,0.09666666666666666,0.09666666666666666,1.0,1.0,17,17,0.05862068965517241,0.05862068965517241,0.009795173174965128,0.009795173174965128,0.0,0.009795173174965128,0.009795173174965128,0.0,0.6103470370579833,0.6103470370579833,0.6103470370579833,0.6103470370579833
s0_chunk16_rep03,16,low_response,regional_shift,box,3000,0.05,0.0,true,ctmle,estimated,xgboost,xgboost,targeting,1.0,0.0|0.25|0.5|1.0,-1.0,1.0,obsval,4.0,0.1,0,0.1,legacy,4.0,4,50,3,51.294542761024786,0.004758666064717421,0.004758666064717421,0.004758666064717421,0.0,1.957484753534037e-05,7.756854901696131e-06,0.0,0.05,0.0,nan,nan,nan,nan,nan,nan,nan,0.09966666666666667,0.09966666666666667,1.0,1.0,15,15,0.05016722408026756,0.05016722408026756,0.00024833439650973527,0.00024833439650973527,0.0,0.00024833439650973527,0.00024833439650973527,0.0,0.6684286715816655,0.6684286715816655,0.6684286715816655,0.6684286715816655
s0_chunk16_rep04,16,low_response,regional_shift,box,3000,0.05,0.0,true,ctmle,estimated,xgboost,xgboost,targeting,1.0,0.0|0.25|0.5|1.0,-1.0,1.0,obsval,4.0,0.1,0,0.1,legacy,4.0,4,50,4,68.35847966102301,0.003423500676980662,0.003423500676980662,0.003423500676980662,0.0,0.0001251051569873601,-5.276063462479293e-05,0.0,0.25,0.0,nan,nan,nan,nan,nan,nan,nan,0.10666666666666667,0.10666666666666667,1.0,1.0,14,14,0.04375,0.04375,-0.005490283310523782,-0.005490283310523782,0.0,-0.005490283310523782,-0.005490283310523782,0.0,0.589916643644732,0.589916643644732,0.589916643644732,0.589916643644732
s0_chunk17_rep01,17,low_response,regional_shift,box,3000,0.05,0.0,true,ctmle,estimated,xgboost,xgboost,targeting,1.0,0.0|0.25|0.5|1.0,-1.0,1.0,obsval,4.0,0.1,0,0.1,legacy,4.0,4,50,1,17.171851135994075,0.010740027392609985,0.010740027392609985,0.010740027392609985,0.0,4.8944257890937105e-05,1.8310777117953436e-05,0.0,0.25,0.0,nan,nan,nan,nan,nan,nan,nan,0.092,0.092,1.0,1.0,14,14,0.050724637681159424,0.050724637681159424,0.010096396857320306,0.010096396857320306,0.0,0.010096396857320306,0.010096396857320306,0.0,0.5777838697191354,0.5777838697191354,0.5777838697191354,0.5777838697191354
s0_chunk17_rep02,17,low_response,regional_shift,box,3000,0.05,0.0,true,ctmle,estimated,xgboost,xgboost,targeting,1.0,0.0|0.25|0.5|1.0,-1.0,1.0,obsval,4.0,0.1,0,0.1,legacy,4.0,4,50,2,34.24201612599427,-0.009976819059857867,-0.009976819059857867,-0.009976819059857867,0.0,2.9833435743974917e-05,-2.1892479946365663e-05,0.0,0.05,0.0,nan,nan,nan,nan,nan,nan,nan,0.09733333333333333,0.09733333333333333,1.0,1.0,16,16,0.0547945205479452,0.0547945205479452,0.0003015383955866506,0.0003015383955866506,0.0,0.0003015383955866506,0.0003015383955866506,0.0,0.5275329373969598,0.5275329373969598,0.5275329373969598,0.5275329373969598
s0_chunk17_rep03,17,low_response,regional_shift,box,3000,0.05,0.0,true,ctmle,estimated,xgboost,xgboost,targeting,1.0,0.0|0.25|0.5|1.0,-1.0,1.0,obsval,4.0,0.1,0,0.1,legacy,4.0,4,50,3,51.30187189698336,-0.005476675488191973,-0.005476675488191973,-0.005476675488191973,0.0,6.715374062504515e-06,-2.228609857372996e-06,0.0,0.25,0.0,nan,nan,nan,nan,nan,nan,nan,0.107,0.107,1.0,1.0,19,19,0.059190031152647975,0.059190031152647975,0.002034899809250455,0.002034899809250455,0.0,0.002034899809250455,0.002034899809250455,0.0,0.5537072414461656,0.5537072414461656,0.5537072414461656,0.5537072414461656
s0_chunk17_rep04,17,low_response,regional_shift,box,3000,0.05,0.0,true,ctmle,estimated,xgboost,xgboost,targeting,1.0,0.0|0.25|0.5|1.0,-1.0,1.0,obsval,4.0,0.1,0,0.1,legacy,4.0,4,50,4,68.33739539500675,-0.002791835333957493,0.018938045600548903,-0.002791835333957493,0.021729880934506396,0.00024963547192104543,6.133896626927008e-05,0.0,0.1,1.0,nan,nan,nan,nan,nan,nan,nan,0.10433333333333333,0.10433333333333333,1.0,1.0,14,14,0.04472843450479233,0.04472843450479233,0.013017604748591136,0.024195667543239457,-0.011178062794648322,0.013017604748591136,0.024195667543239457,-0.011178062794648322,0.5987649603793335,0.7164421908464391,0.5987649603793335,0.7164421908464391
s0_chunk18_rep01,18,low_response,regional_shift,box,3000,0.05,0.0,true,ctmle,estimated,xgboost,xgboost,targeting,1.0,0.0|0.25|0.5|1.0,-1.0,1.0,obsval,4.0,0.1,0,0.1,legacy,4.0,4,50,1,17.126269939995836,0.00563045152588143,0.005736502492149909,0.00563045152588143,0.00010605096626847832,1.198839509756024e-05,1.3069973967521102e-05,0.0,0.5,1.0,nan,nan,nan,nan,nan,nan,nan,0.101,0.101,1.0,1.0,29,29,0.09570957095709572,0.09570957095709572,0.0026765221612418313,0.0027717429714705847,-9.522081022875347e-05,0.0026765221612418313,0.0027717429714705847,-9.522081022875347e-05,0.6647465449919382,0.6641466444742127,0.6647465449919382,0.6641466444742127
s0_chunk18_rep02,18,low_response,regional_shift,box,3000,0.05,0.0,true,ctmle,estimated,xgboost,xgboost,targeting,1.0,0.0|0.25|0.5|1.0,-1.0,1.0,obsval,4.0,0.1,0,0.1,legacy,4.0,4,50,2,34.405701867013704,0.020857940588225876,0.020857940588225876,0.020857940588225876,0.0,1.5106771216813041e-05,-7.408462781446933e-06,0.0,0.5,0.0,nan,nan,nan,nan,nan,nan,nan,0.09733333333333333,0.09733333333333333,1.0,1.0,23,23,0.07876712328767123,0.07876712328767123,0.008940202942086972,0.008940202942086972,0.0,0.008940202942086972,0.008940202942086972,0.0,0.6215571058967212,0.6215571058967212,0.6215571058967212,0.6215571058967212
s0_chunk18_rep03,18,low_response,regional_shift,box,3000,0.05,0.0,true,ctmle,estimated,xgboost,xgboost,targeting,1.0,0.0|0.25|0.5|1.0,-1.0,1.0,obsval,4.0,0.1,0,0.1,legacy,4.0,4,50,3,51.42364227300277,-0.033694490448014536,-0.03953718184762944,-0.033694490448014536,-0.005842691399614908,0.00043969420112885036,-0.00014904962534980325,0.0,0.5,1.0,nan,nan,nan,nan,nan,nan,nan,0.09666666666666666,0.09666666666666666,1.0,1.0,7,7,0.02413793103448276,0.02413793103448276,-0.028522491812051375,-0.03378176287846087,-0.005259271066409499,-0.028522491812051375,-0.03378176287846087,-0.005259271066409499,0.6839388871039269,0.7149338275911483,0.6839388871039269,0.7149338275911483
s0_chunk18_rep04,18,low_response,regional_shift,box,3000,0.05,0.0,true,ctmle,estimated,xgboost,xgboost,targeting,1.0,0.0|0.25|0.5|1.0,-1.0,1.0,obsval,4.0,0.1,0,0.1,legacy,4.0,4,50,4,68.58902497400413,-0.0338787455126881,-0.0338787455126881,-0.0338787455126881,0.0,4.4464460275935556e-05,2.229257069249536e-06,0.0,0.05,0.0,nan,nan,nan,nan,nan,nan,nan,0.10166666666666667,0.10166666666666667,1.0,1.0,16,16,0.05245901639344262,0.05245901639344262,-0.0035425433550170726,-0.0035425433550170726,0.0,-0.0035425433550170726,-0.0035425433550170726,0.0,0.6005989102934348,0.6005989102934348,0.6005989102934348,0.6005989102934348
s0_chunk19_rep01,19,low_response,regional_shift,box,3000,0.05,0.0,true,ctmle,estimated,xgboost,xgboost,targeting,1.0,0.0|0.25|0.5|1.0,-1.0,1.0,obsval,4.0,0.1,0,0.1,legacy,4.0,4,50,1,17.214394331997028,-0.026320504907145215,-0.026320504907145215,-0.026320504907145215,0.0,1.5801274023151358e-05,-1.2939040441246928e-05,0.0,0.5,0.0,nan,nan,nan,nan,nan,nan,nan,0.088,0.088,1.0,1.0,15,15,0.056818181818181816,0.056818181818181816,0.011446952289125165,0.011446952289125165,0.0,0.011446952289125165,0.011446952289125165,0.0,0.6880096248972138,0.6880096248972138,0.6880096248972138,0.6880096248972138
s0_chunk19_rep02,19,low_response,regional_shift,box,3000,0.05,0.0,true,ctmle,estimated,xgboost,xgboost,targeting,1.0,0.0|0.25|0.5|1.0,-1.0,1.0,obsval,4.0,0.1,0,0.1,legacy,4.0,4,50,2,34.56083689202205,-0.02558451765950709,-0.02558451765950709,-0.02558451765950709,0.0,8.943677667686478e-06,1.5088915558600195e-05,0.0,0.5,0.0,nan,nan,nan,nan,nan,nan,nan,0.10433333333333333,0.10433333333333333,1.0,1.0,20,20,0.06389776357827476,0.06389776357827476,-0.001010362193633943,-0.001010362193633943,0.0,-0.001010362193633943,-0.001010362193633943,0.0,0.5069030374641448,0.5069030374641448,0.5069030374641448,0.5069030374641448
s0_chunk19_rep03,19,low_response,regional_shift,box,3000,0.05,0.0,true,ctmle,estimated,xgboost,xgboost,targeting,1.0,0.0|0.25|0.5|1.0,-1.0,1.0,obsval,4.0,0.1,0,0.1,legacy,4.0,4,50,3,51.86595027401927,0.0053936008703464045,0.003388330779374338,0.0053936008703464045,-0.0020052700909720667,5.276966304918916e-06,1.1586389457346642e-06,0.0,0.5,1.0,nan,nan,nan,nan,nan,nan,nan,0.093,0.093,1.0,1.0,14,14,0.05017921146953405,0.05017921146953405,0.0012646955349028509,-0.0005403229807905504,0.0007243725541123005,0.0012646955349028509,-0.0005403229807905504,0.0007243725541123005,0.5598626087761955,0.554258027144394,0.5598626087761955,0.554258027144394
s0_chunk19_rep04,19,low_response,regional_shift,box,3000,0.05,0.0,true,ctmle,estimated,xgboost,xgboost,targeting,1.0,0.0|0.25|0.5|1.0,-1.0,1.0,obsval,4.0,0.1,0,0.1,legacy,4.0,4,50,4,69.07212469002116,-0.02940339225800148,-0.03106092837015867,-0.02940339225800148,-0.0016575361121571874,3.233605394001478e-05,-4.147513737731137e-05,0.0,0.5,1.0,nan,nan,nan,nan,nan,nan,nan,0.08533333333333333,0.08533333333333333,1.0,1.0,17,17,0.06640625,0.06640625,0.017042799699404608,0.015549974958480945,0.001492824740923663,0.017042799699404608,0.015549974958480945,0.001492824740923663,0.6779587097976447,0.6682978981993646,0.6779587097976447,0.6682978981993646
s0_chunk20_rep01,20,low_response,regional_shift,box,3000,0.05,0.0,true,ctmle,estimated,xgboost,xgboost,targeting,1.0,0.0|0.25|0.5|1.0,-1.0,1.0,obsval,4.0,0.1,0,0.1,legacy,4.0,4,50,1,16.874075875995914,-0.03619865701655317,-0.03619865701655317,-0.03619865701655317,0.0,0.000254821584422944,3.726436248775321e-05,0.0,0.05,0.0,nan,nan,nan,nan,nan,nan,nan,0.10333333333333333,0.10333333333333333,1.0,1.0,15,15,0.04838709677419355,0.04838709677419355,0.0007505712827455538,0.0007505712827455538,0.0,0.0007505712827455538,0.0007505712827455538,0.0,0.8043870175819167,0.8043870175819167,0.8043870175819167,0.8043870175819167
s0_chunk20_rep02,20,low_response,regional_shift,box,3000,0.05,0.0,true,ctmle,estimated,xgboost,xgboost,targeting,1.0,0.0|0.25|0.5|1.0,-1.0,1.0,obsval,4.0,0.1,0,0.1,legacy,4.0,4,50,2,33.8052296260139,0.02048290968841554,0.02048290968841554,0.02048290968841554,0.0,7.878653204024299e-06,4.345819484809438e-06,0.0,0.5,0.0,nan,nan,nan,nan,nan,nan,nan,0.08733333333333333,0.08733333333333333,1.0,1.0,12,12,0.04580152671755725,0.04580152671755725,-0.005064855655522639,-0.005064855655522639,0.0,-0.005064855655522639,-0.005064855655522639,0.0,0.5471714526031136,0.5471714526031136,0.5471714526031136,0.5471714526031136
s0_chunk20_rep03,20,low_response,regional_shift,box,3000,0.05,0.0,true,ctmle,estimated,xgboost,xgboost,targeting,1.0,0.0|0.25|0.5|1.0,-1.0,1.0,obsval,4.0,0.1,0,0.1,legacy,4.0,4,50,3,50.766764927015174,-0.026836813024401496,-0.026836813024401496,-0.026836813024401496,0.0,1.2229187117280974e-05,2.7969877534856605e-05,0.0,0.05,0.0,nan,nan,nan,nan,nan,nan,nan,0.11133333333333334,0.11133333333333334,1.0,1.0,22,22,0.0658682634730539,0.0658682634730539,-0.0025006314304356495,-0.0025006314304356495,0.0,-0.0025006314304356495,-0.0025006314304356495,0.0,0.6038611767403228,0.6038611767403228,0.6038611767403228,0.6038611767403228
s0_chunk20_rep04,20,low_response,regional_shift,box,3000,0.05,0.0,true,ctmle,estimated,xgboost,xgboost,targeting,1.0,0.0|0.25|0.5|1.0,-1.0,1.0,obsval,4.0,0.1,0,0.1,legacy,4.0,4,50,4,67.78318358800607,0.02263360477527465,0.02263360477527465,0.02263360477527465,0.0,0.00017577891456883833,-2.3422080113930403e-05,0.0,0.5,0.0,nan,nan,nan,nan,nan,nan,nan,0.10766666666666666,0.10766666666666666,1.0,1.0,12,12,0.03715170278637771,0.03715170278637771,0.016717306610337455,0.016717306610337455,0.0,0.016717306610337455,0.016717306610337455,0.0,0.6093347533843255,0.6093347533843255,0.6093347533843255,0.6093347533843255
s0_chunk21_rep01,21,low_response,regional_shift,box,3000,0.05,0.0,true,ctmle,estimated,xgboost,xgboost,targeting,1.0,0.0|0.25|0.5|1.0,-1.0,1.0,obsval,4.0,0.1,0,0.1,legacy,4.0,4,50,1,16.949425775994314,0.038510883967775356,0.038510883967775356,0.038510883967775356,0.0,1.9497452557366846e-06,1.7682352113357336e-06,0.0,0.05,0.0,nan,nan,nan,nan,nan,nan,nan,0.09466666666666666,0.09466666666666666,1.0,1.0,15,15,0.0528169014084507,0.0528169014084507,0.003885192049195,0.003885192049195,0.0,0.003885192049195,0.003885192049195,0.0,0.6703045422024334,0.6703045422024334,0.6703045422024334,0.6703045422024334
s0_chunk21_rep02,21,low_response,regional_shift,box,3000,0.05,0.0,true,ctmle,estimated,xgboost,xgboost,targeting,1.0,0.0|0.25|0.5|1.0,-1.0,1.0,obsval,4.0,0.1,0,0.1,legacy,4.0,4,50,2,33.8549448819831,0.060423476018570954,0.060423476018570954,0.060423476018570954,0.0,5.667566452997224e-05,-4.180438595788663e-05,0.0,0.5,0.0,nan,nan,nan,nan,nan,nan,nan,0.11066666666666666,0.11066666666666666,1.0,1.0,17,17,0.05120481927710843,0.05120481927710843,0.029120056276252703,0.029120056276252703,0.0,0.029120056276252703,0.029120056276252703,0.0,0.7018137938658887,0.7018137938658887,0.7018137938658887,0.7018137938658887
s0_chunk21_rep03,21,low_response,regional_shift,box,3000,0.05,0.0,true,ctmle,estimated,xgboost,xgboost,targeting,1.0,0.0|0.25|0.5|1.0,-1.0,1.0,obsval,4.0,0.1,0,0.1,legacy,4.0,4,50,3,50.81529879398295,0.000233662722317729,0.000233662722317729,0.000233662722317729,0.0,7.881818833958072e-05,6.541122123115701e-06,0.0,0.5,0.0,nan,nan,nan,nan,nan,nan,nan,0.09366666666666666,0.09366666666666666,1.0,1.0,10,10,0.03558718861209965,0.03558718861209965,-0.016610777918334315,-0.016610777918334315,0.0,-0.016610777918334315,-0.016610777918334315,0.0,0.6886337901744412,0.6886337901744412,0.6886337901744412,0.6886337901744412
s0_chunk21_rep04,21,low_response,regional_shift,box,3000,0.05,0.0,true,ctmle,estimated,xgboost,xgboost,targeting,1.0,0.0|0.25|0.5|1.0,-1.0,1.0,obsval,4.0,0.1,0,0.1,legacy,4.0,4,50,4,67.97200184399844,-0.009776686680383728,-0.009776686680383728,-0.009776686680383728,0.0,8.275432758941131e-05,-1.04050213897667e-06,0.0,0.05,0.0,nan,nan,nan,nan,nan,nan,nan,0.09833333333333333,0.09833333333333333,1.0,1.0,10,10,0.03389830508474576,0.03389830508474576,0.0009960761376172664,0.0009960761376172664,0.0,0.0009960761376172664,0.0009960761376172664,0.0,0.5459970118284831,0.5459970118284831,0.5459970118284831,0.5459970118284831
s0_chunk22_rep01,22,low_response,regional_shift,box,3000,0.05,0.0,true,ctmle,estimated,xgboost,xgboost,targeting,1.0,0.0|0.25|0.5|1.0,-1.0,1.0,obsval,4.0,0.1,0,0.1,legacy,4.0,4,50,1,17.037459579994902,0.02311298623161151,0.02311298623161151,0.02311298623161151,0.0,1.2123821023079552e-05,2.967291368854725e-05,0.0,0.5,0.0,nan,nan,nan,nan,nan,nan,nan,0.10233333333333333,0.10233333333333333,1.0,1.0,17,17,0.05537459283387622,0.05537459283387622,-0.001130534450036244,-0.001130534450036244,0.0,-0.001130534450036244,-0.001130534450036244,0.0,0.6559411302947942,0.6559411302947942,0.6559411302947942,0.6559411302947942
s0_chunk22_rep02,22,low_response,regional_shift,box,3000,0.05,0.0,true,ctmle,estimated,xgboost,xgboost,targeting,1.0,0.0|0.25|0.5|1.0,-1.0,1.0,obsval,4.0,0.1,0,0.1,legacy,4.0,4,50,2,34.2420745450072,-0.024927781408403904,-0.024927781408403904,-0.024927781408403904,0.0,4.960480876321847e-05,2.3733795654578963e-05,0.0,0.05,0.0,nan,nan,nan,nan,nan,nan,nan,0.103,0.103,1.0,1.0,15,15,0.04854368932038835,0.04854368932038835,-0.000539317525850924,-0.000539317525850924,0.0,-0.000539317525850924,-0.000539317525850924,0.0,0.5460653861425355,0.5460653861425355,0.5460653861425355,0.5460653861425355
s0_chunk22_rep03,22,low_response,regional_shift,box,3000,0.05,0.0,true,ctmle,estimated,xgboost,xgboost,targeting,1.0,0.0|0.25|0.5|1.0,-1.0,1.0,obsval,4.0,0.1,0,0.1,legacy,4.0,4,50,3,51.61344545902102,0.0029368126996734967,0.0029368126996734967,0.0029368126996734967,0.0,6.742642864026021e-06,-5.02581425345153e-06,0.0,0.25,0.0,nan,nan,nan,nan,nan,nan,nan,0.111,0.111,1.0,1.0,25,25,0.07507507507507508,0.07507507507507508,0.0208675095383353,0.0208675095383353,0.0,0.0208675095383353,0.0208675095383353,0.0,0.5931128748744782,0.5931128748744782,0.5931128748744782,0.5931128748744782
s0_chunk22_rep04,22,low_response,regional_shift,box,3000,0.05,0.0,true,ctmle,estimated,xgboost,xgboost,targeting,1.0,0.0|0.25|0.5|1.0,-1.0,1.0,obsval,4.0,0.1,0,0.1,legacy,4.0,4,50,4,69.04792654901394,-0.007092322191250944,-0.007092322191250944,-0.007092322191250944,0.0,1.896042612722329e-05,-5.05829946269667e-06,0.0,0.25,0.0,nan,nan,nan,nan,nan,nan,nan,0.10533333333333333,0.10533333333333333,1.0,1.0,14,14,0.04430379746835443,0.04430379746835443,-0.005408757069606819,-0.005408757069606819,0.0,-0.005408757069606819,-0.005408757069606819,0.0,0.651619469432768,0.651619469432768,0.651619469432768,0.651619469432768
s0_chunk23_rep01,23,low_response,regional_shift,box,3000,0.05,0.0,true,ctmle,estimated,xgboost,xgboost,targeting,1.0,0.0|0.25|0.5|1.0,-1.0,1.0,obsval,4.0,0.1,0,0.1,legacy,4.0,4,50,1,17.136511477001477,-0.0025530685468003744,-0.0025530685468003744,-0.0025530685468003744,0.0,9.993838123354163e-06,-9.771509982004867e-06,0.0,0.5,0.0,nan,nan,nan,nan,nan,nan,nan,0.091,0.091,1.0,1.0,11,11,0.040293040293040296,0.040293040293040296,-0.01665834851326912,-0.01665834851326912,0.0,-0.01665834851326912,-0.01665834851326912,0.0,0.6598994451619777,0.6598994451619777,0.6598994451619777,0.6598994451619777
s0_chunk23_rep02,23,low_response,regional_shift,box,3000,0.05,0.0,true,ctmle,estimated,xgboost,xgboost,targeting,1.0,0.0|0.25|0.5|1.0,-1.0,1.0,obsval,4.0,0.1,0,0.1,legacy,4.0,4,50,2,33.90554177100421,-0.01102997608019951,-0.01102997608019951,-0.01102997608019951,0.0,4.8126386108423994e-05,-1.094085927050108e-05,0.0,0.5,0.0,nan,nan,nan,nan,nan,nan,nan,0.104,0.104,1.0,1.0,17,17,0.05448717948717949,0.05448717948717949,0.03005596425027942,0.03005596425027942,0.0,0.03005596425027942,0.03005596425027942,0.0,0.6318718688170453,0.6318718688170453,0.6318718688170453,0.6318718688170453
s0_chunk23_rep03,23,low_response,regional_shift,box,3000,0.05,0.0,true,ctmle,estimated,xgboost,xgboost,targeting,1.0,0.0|0.25|0.5|1.0,-1.0,1.0,obsval,4.0,0.1,0,0.1,legacy,4.0,4,50,3,50.866892422985984,0.03123943739076812,0.03123943739076812,0.03123943739076812,0.0,2.5638463386084198e-05,3.225806564585384e-05,0.0,0.5,0.0,nan,nan,nan,nan,nan,nan,nan,0.098,0.098,1.0,1.0,12,12,0.04081632653061224,0.04081632653061224,0.0005568920621987568,0.0005568920621987568,0.0,0.0005568920621987568,0.0005568920621987568,0.0,0.5004602951052526,0.5004602951052526,0.5004602951052526,0.5004602951052526
s0_chunk23_rep04,23,low_response,regional_shift,box,3000,0.05,0.0,true,ctmle,estimated,xgboost,xgboost,targeting,1.0,0.0|0.25|0.5|1.0,-1.0,1.0,obsval,4.0,0.1,0,0.1,legacy,4.0,4,50,4,67.7741834000044,0.006223540253662674,0.006223540253662674,0.006223540253662674,0.0,1.3641366158607775e-07,4.11596839217771e-07,0.0,0.5,0.0,nan,nan,nan,nan,nan,nan,nan,0.10433333333333333,0.10433333333333333,1.0,1.0,18,18,0.05750798722044728,0.05750798722044728,0.010029098135343681,0.010029098135343681,0.0,0.010029098135343681,0.010029098135343681,0.0,0.5353425554904845,0.5353425554904845,0.5353425554904845,0.5353425554904845
s0_chunk00_rep01,0,high_response_placebo,regional_shift,box,3000,0.05,0.0,wrong,ctmle,estimated,xgboost,xgboost,targeting,1.0,0.0|0.25|0.5|1.0,-1.0,1.0,obsval,4.0,0.1,0,0.1,legacy,4.0,4,50,1,17.103709330025595,-0.023011731531957846,-0.023011731531957846,-0.023011731531957846,0.0,2.7995295685161528e-08,-2.2206818156957422e-07,0.0,0.05,0.0,nan,nan,nan,nan,nan,nan,nan,0.14633333333333334,0.098,0.0,0.0,359,14,0.8177676537585421,0.047619047619047616,0.0001937523147638985,0.0001937523147638985,0.0,-0.002994151370032211,-0.002994151370032211,0.0,0.5312070980776249,0.5312070980776249,0.6626294942739621,0.6626294942739621
s0_chunk00_rep02,0,high_response_placebo,regional_shift,box,3000,0.05,0.0,wrong,ctmle,estimated,xgboost,xgboost,targeting,1.0,0.0|0.25|0.5|1.0,-1.0,1.0,obsval,4.0,0.1,0,0.1,legacy,4.0,4,50,2,34.4877371120092,-0.024944069347744735,-0.024944069347744735,-0.024944069347744735,0.0,6.095220667122828e-08,-1.115048659389552e-06,0.0,0.05,0.0,nan,nan,nan,nan,nan,nan,nan,0.14966666666666667,0.101,0.0,0.0,368,12,0.8195991091314031,0.039603960396039604,-0.00017025105435651433,-0.00017025105435651433,0.0,-0.0006080334320799591,-0.0006080334320799591,0.0,0.5142989793448255,0.5142989793448255,0.5789707592828904,0.5789707592828904
s0_chunk00_rep03,0,high_response_placebo,regional_shift,box,3000,0.05,0.0,wrong,ctmle,estimated,xgboost,xgboost,targeting,1.0,0.0|0.25|0.5|1.0,-1.0,1.0,obsval,4.0,0.1,0,0.1,legacy,4.0,4,50,3,51.753049279010156,-0.026718283228154727,-0.026718283228154727,-0.026718283228154727,0.0,2.9876768539629367e-09,2.278008344099589e-07,0.0,0.5,0.0,nan,nan,nan,nan,nan,nan,nan,0.145,0.097,0.0,0.0,364,7,0.8367816091954023,0.024054982817869417,0.0003739141605935903,0.0003739141605935903,0.0,-0.020883837974525685,-0.020883837974525685,0.0,0.5195343552217411,0.5195343552217411,0.7140775202390685,0.7140775202390685
s0_chunk00_rep04,0,high_response_placebo,regional_shift,box,3000,0.05,0.0,wrong,ctmle,estimated,xgboost,xgboost,targeting,1.0,0.0|0.25|0.5|1.0,-1.0,1.0,obsval,4.0,0.1,0,0.1,legacy,4.0,4,50,4,69.18275242100935,0.020572536367136796,0.020572536367136796,0.020572536367136796,0.0,1.2193318977031173e-07,-1.1127019156219244e-06,0.0,0.1,0.0,nan,nan,nan,nan,nan,nan,nan,0.155,0.11,0.0,0.0,374,17,0.8043010752688172,0.051515151515151514,-0.0011518196733313606,-0.0011518196733313606,0.0,0.008718381701468025,0.008718381701468025,0.0,0.5156539842952604,0.5156539842952604,0.6286738747731837,0.6286738747731837
s0_chunk01_rep01,1,high_response_placebo,regional_shift,box,3000,0.05,0.0,wrong,ctmle,estimated,xgboost,xgboost,targeting,1.0,0.0|0.25|0.5|1.0,-1.0,1.0,obsval,4.0,0.1,0,0.1,legacy,4.0,4,50,1,17.02771959200618,-0.002053198719918492,-0.002053198719918492,-0.002053198719918492,0.0,3.506996119461564e-08,1.6107797144600776e-06,0.0,0.5,0.0,nan,nan,nan,nan,nan,nan,nan,0.15166666666666667,0.09566666666666666,0.0,0.0,358,11,0.7868131868131868,0.03832752613240418,0.00028320070963646444,0.00028320070963646444,0.0,-0.013296749320872837,-0.013296749320872837,0.0,0.5566402191374027,0.5566402191374027,0.5969743970683307,0.5969743970683307
s0_chunk01_rep02,1,high_response_placebo,regional_shift,box,3000,0.05,0.0,wrong,ctmle,estimated,xgboost,xgboost,targeting,1.0,0.0|0.25|0.5|1.0,-1.0,1.0,obsval,4.0,0.1,0,0.1,legacy,4.0,4,50,2,34.085730852006236,-0.0028093785415758132,-0.002679277949578285,-0.0028093785415758132,0.00013010059199752844,7.255725396958061e-08,-1.920475329465548e-06,0.0,0.05,1.0,nan,nan,nan,nan,nan,nan,nan,0.15166666666666667,0.10366666666666667,0.0,0.0,369,17,0.810989010989011,0.05466237942122187,0.00021524856251047304,0.00015425769083837645,6.099087167209659e-05,0.0023940432768421085,0.0023940432768421085,0.0,0.48983596336775725,0.4896734016957309,0.5509098985714096,0.5509098985714096
s0_chunk01_rep03,1,high_response_placebo,regional_shift,box,3000,0.05,0.0,wrong,ctmle,estimated,xgboost,xgboost,targeting,1.0,0.0|0.25|0.5|1.0,-1.0,1.0,obsval,4.0,0.1,0,0.1,legacy,4.0,4,50,3,51.34985198499635,0.0034908802576248954,0.0034908802576248954,0.0034908802576248954,0.0,1.0810569443125452e-07,-1.6054245488981078e-06,0.0,0.05,0.0,nan,nan,nan,nan,nan,nan,nan,0.145,0.098,0.0,0.0,356,25,0.8183908045977012,0.08503401360544217,-0.0007624503427580208,-0.0007624503427580208,0.0,0.0006778897055724154,0.0006778897055724154,0.0,0.524843378757507,0.524843378757507,0.5809060967598376,0.5809060967598376
s0_chunk01_rep04,1,high_response_placebo,regional_shift,box,3000,0.05,0.0,wrong,ctmle,estimated,xgboost,xgboost,targeting,1.0,0.0|0.25|0.5|1.0,-1.0,1.0,obsval,4.0,0.1,0,0.1,legacy,4.0,4,50,4,68.4966998930031,0.023246505129104533,0.023473271551096464,0.023246505129104533,0.00022676642199193076,3.393776951588108e-08,3.406696445871094e-08,0.0,0.05,1.0,nan,nan,nan,nan,nan,nan,nan,0.15133333333333332,0.09566666666666666,0.0,0.0,376,10,0.8281938325991189,0.03484320557491289,0.0014224103112230452,0.0013761044670976249,4.6305844125420345e-05,0.003340387456693539,0.003340387456693539,0.0,0.5517960490417309,0.5516891597468999,0.639207327329944,0.639207327329944
s0_chunk02_rep01,2,high_response_placebo,regional_shift,box,3000,0.05,0.0,wrong,ctmle,estimated,xgboost,xgboost,targeting,1.0,0.0|0.25|0.5|1.0,-1.0,1.0,obsval,4.0,0.1,0,0.1,legacy,4.0,4,50,1,17.08750907200738,-0.046156861404160865,-0.046156861404160865,-0.046156861404160865,0.0,5.859334660561835e-08,6.962020291094873e-07,0.0,0.05,0.0,nan,nan,nan,nan,nan,nan,nan,0.15433333333333332,0.10266666666666667,0.0,0.0,379,23,0.8185745140388769,0.07467532467532467,0.002013180611932137,0.002013180611932137,0.0,-0.000704213598810811,-0.000704213598810811,0.0,0.5448981332204074,0.5448981332204074,0.57092580477056,0.57092580477056
s0_chunk02_rep02,2,high_response_placebo,regional_shift,box,3000,0.05,0.0,wrong,ctmle,estimated,xgboost,xgboost,targeting,1.0,0.0|0.25|0.5|1.0,-1.0,1.0,obsval,4.0,0.1,0,0.1,legacy,4.0,4,50,2,34.40942124801222,0.015471024329737793,0.015471024329737793,0.015471024329737793,0.0,3.4448607329337286e-08,7.00188984393852e-07,0.0,0.05,0.0,nan,nan,nan,nan,nan,nan,nan,0.15,0.103,0.0,0.0,351,18,0.78,0.05825242718446602,-0.008829574325395734,-0.008829574325395734,0.0,7.170601536733723e-05,7.170601536733723e-05,0.0,0.5321709126822658,0.5321709126822658,0.5219261469119766,0.5219261469119766
s0_chunk02_rep03,2,high_response_placebo,regional_shift,box,3000,0.05,0.0,wrong,ctmle,estimated,xgboost,xgboost,targeting,1.0,0.0|0.25|0.5|1.0,-1.0,1.0,obsval,4.0,0.1,0,0.1,legacy,4.0,4,50,3,51.65200287802145,0.0014336082399797334,0.0014336082399797334,0.0014336082399797334,0.0,7.074385578471204e-08,-2.1907311132544688e-06,0.0,0.5,0.0,nan,nan,nan,nan,nan,nan,nan,0.148,0.1,0.0,0.0,356,12,0.8018018018018018,0.04,-0.0021432138853703384,-0.0021432138853703384,0.0,0.016564442471283625,0.016564442471283625,0.0,0.5621446737164775,0.5621446737164775,0.6000281898359555,0.6000281898359555
s0_chunk02_rep04,2,high_response_placebo,regional_shift,box,3000,0.05,0.0,wrong,ctmle,estimated,xgboost,xgboost,targeting,1.0,0.0|0.25|0.5|1.0,-1.0,1.0,obsval,4.0,0.1,0,0.1,legacy,4.0,4,50,4,68.62466408900218,0.0018413450923540076,0.0018413450923540076,0.0018413450923540076,0.0,2.053694132483387e-08,-5.872454511434864e-07,0.0,0.05,0.0,nan,nan,nan,nan,nan,nan,nan,0.15,0.10466666666666667,0.0,0.0,358,14,0.7955555555555556,0.044585987261146494,-0.0032177008548702293,-0.0032177008548702293,0.0,0.0005447124154759679,0.0005447124154759679,0.0,0.5081868499107982,0.5081868499107982,0.6258384608306518,0.6258384608306518
s0_chunk03_rep01,3,high_response_placebo,regional_shift,box,3000,0.05,0.0,wrong,ctmle,estimated,xgboost,xgboost,targeting,1.0,0.0|0.25|0.5|1.0,-1.0,1.0,obsval,4.0,0.1,0,0.1,legacy,4.0,4,50,1,17.040023221983574,-0.01995733470704064,-0.01995733470704064,-0.01995733470704064,0.0,1.7718637784422397e-08,-6.028926872351592e-07,0.0,0.5,0.0,nan,nan,nan,nan,nan,nan,nan,0.15,0.099,0.0,0.0,391,10,0.8688888888888889,0.03367003367003367,-0.0015385698725169077,-0.0015385698725169077,0.0,-0.005519707165214746,-0.005519707165214746,0.0,0.5232776809516142,0.5232776809516142,0.6120230066559541,0.6120230066559541
s0_chunk03_rep02,3,high_response_placebo,regional_shift,box,3000,0.05,0.0,wrong,ctmle,estimated,xgboost,xgboost,targeting,1.0,0.0|0.25|0.5|1.0,-1.0,1.0,obsval,4.0,0.1,0,0.1,legacy,4.0,4,50,2,34.18367790899356,0.0178401423147328,0.0178401423147328,0.0178401423147328,0.0,1.2712054539868942e-07,-7.738699519211842e-07,0.0,0.1,0.0,nan,nan,nan,nan,nan,nan,nan,0.15433333333333332,0.101,0.0,0.0,383,9,0.8272138228941684,0.0297029702970297,0.0004333625436411439,0.0004333625436411439,0.0,0.003050947362489098,0.003050947362489098,0.0,0.5579070877283558,0.5579070877283558,0.5548984463984362,0.5548984463984362
s0_chunk03_rep03,3,high_response_placebo,regional_shift,box,3000,0.05,0.0,wrong,ctmle,estimated,xgboost,xgboost,targeting,1.0,0.0|0.25|0.5|1.0,-1.0,1.0,obsval,4.0,0.1,0,0.1,legacy,4.0,4,50,3,51.457765401981305,-0.01079621413347609,-0.01079621413347609,-0.01079621413347609,0.0,4.4574822093395444e-08,-5.0661839992301e-07,0.0,0.1,0.0,nan,nan,nan,nan,nan,nan,nan,0.151,0.104,0.0,0.0,375,13,0.8278145695364238,0.041666666666666664,0.004678937574928076,0.004678937574928076,0.0,-0.001422807365471592,-0.001422807365471592,0.0,0.5345782553702588,0.5345782553702588,0.48772237204992125,0.48772237204992125
s0_chunk03_rep04,3,high_response_placebo,regional_shift,box,3000,0.05,0.0,wrong,ctmle,estimated,xgboost,xgboost,targeting,1.0,0.0|0.25|0.5|1.0,-1.0,1.0,obsval,4.0,0.1,0,0.1,legacy,4.0,4,50,4,68.61725760597619,-0.05287109827618927,-0.05287109827618927,-0.05287109827618927,0.0,3.7526024339578495e-08,1.0929266352135026e-06,0.0,0.5,0.0,nan,nan,nan,nan,nan,nan,nan,0.153,0.096,0.0,0.0,377,11,0.8213507625272332,0.03819444444444445,0.0006379319640149882,0.0006379319640149882,0.0,-0.029157154780487346,-0.029157154780487346,0.0,0.5168408902602615,0.5168408902602615,0.6780544546391373,0.6780544546391373
s0_chunk04_rep01,4,high_response_placebo,regional_shift,box,3000,0.05,0.0,wrong,ctmle,estimated,xgboost,xgboost,targeting,1.0,0.0|0.25|0.5|1.0,-1.0,1.0,obsval,4.0,0.1,0,0.1,legacy,4.0,4,50,1,17.290567146992544,0.010036478545567218,0.010036478545567218,0.010036478545567218,0.0,2.5849784370760714e-08,-5.625311437129545e-07,0.0,0.05,0.0,nan,nan,nan,nan,nan,nan,nan,0.151,0.099,0.0,0.0,374,18,0.82560706401766,0.06060606060606061,-0.0012782264442538671,-0.0012782264442538671,0.0,-0.00023118757955882467,-0.00023118757955882467,0.0,0.5495899877629956,0.5495899877629956,0.5701919293665426,0.5701919293665426
s0_chunk04_rep02,4,high_response_placebo,regional_shift,box,3000,0.05,0.0,wrong,ctmle,estimated,xgboost,xgboost,targeting,1.0,0.0|0.25|0.5|1.0,-1.0,1.0,obsval,4.0,0.1,0,0.1,legacy,4.0,4,50,2,34.33344489100273,-0.028789024134224628,-0.028789024134224628,-0.028789024134224628,0.0,5.0973663533182556e-08,-1.3227118544295677e-06,0.0,0.5,0.0,nan,nan,nan,nan,nan,nan,nan,0.15666666666666668,0.09466666666666666,0.0,0.0,380,13,0.8085106382978723,0.045774647887323945,-0.0004745226913395209,-0.0004745226913395209,0.0,-0.01932990060793713,-0.01932990060793713,0.0,0.5029509281935678,0.5029509281935678,0.662132427066627,0.662132427066627
s0_chunk04_rep03,4,high_response_placebo,regional_shift,box,3000,0.05,0.0,wrong,ctmle,estimated,xgboost,xgboost,targeting,1.0,0.0|0.25|0.5|1.0,-1.0,1.0,obsval,4.0,0.1,0,0.1,legacy,4.0,4,50,3,51.523856339015765,-0.012016773180969442,-0.012016773180969442,-0.012016773180969442,0.0,4.8675569187719286e-08,-6.367611347203941e-07,0.0,0.05,0.0,nan,nan,nan,nan,nan,nan,nan,0.14633333333333334,0.09666666666666666,0.0,0.0,352,15,0.8018223234624146,0.05172413793103448,-0.0017142902709158848,-0.0017142902709158848,0.0,-0.001005120958237837,-0.001005120958237837,0.0,0.49382367274883143,0.49382367274883143,0.5356679509737788,0.5356679509737788
s0_chunk04_rep04,4,high_response_placebo,regional_shift,box,3000,0.05,0.0,wrong,ctmle,estimated,xgboost,xgboost,targeting,1.0,0.0|0.25|0.5|1.0,-1.0,1.0,obsval,4.0,0.1,0,0.1,legacy,4.0,4,50,4,68.72903162200237,-0.026158908013263205,-0.026158908013263205,-0.026158908013263205,0.0,3.134095071530632e-08,-4.3746165150255773e-07,0.0,0.25,0.0,nan,nan,nan,nan,nan,nan,nan,0.14466666666666667,0.10166666666666667,0.0,0.0,359,17,0.8271889400921659,0.05573770491803279,-0.0021143824394388327,-0.0021143824394388327,0.0,0.004207592202671475,0.004207592202671475,0.0,0.5714087900636342,0.5714087900636342,0.5818246325859894,0.5818246325859894
s0_chunk05_rep01,5,high_response_placebo,regional_shift,box,3000,0.05,0.0,wrong,ctmle,estimated,xgboost,xgboost,targeting,1.0,0.0|0.25|0.5|1.0,-1.0,1.0,obsval,4.0,0.1,0,0.1,legacy,4.0,4,50,1,17.08021585800452,0.013287874482526718,0.013287874482526718,0.013287874482526718,0.0,4.539056666012613e-08,-1.7541299419601567e-06,0.0,0.5,0.0,nan,nan,nan,nan,nan,nan,nan,0.15166666666666667,0.09433333333333334,0.0,0.0,358,16,0.7868131868131868,0.05653710247349823,0.001193657794337339,0.001193657794337339,0.0,0.02240405827664302,0.02240405827664302,0.0,0.5142032412446598,0.5142032412446598,0.656869344946225,0.656869344946225
s0_chunk05_rep02,5,high_response_placebo,regional_shift,box,3000,0.05,0.0,wrong,ctmle,estimated,xgboost,xgboost,targeting,1.0,0.0|0.25|0.5|1.0,-1.0,1.0,obsval,4.0,0.1,0,0.1,legacy,4.0,4,50,2,34.3411580400134,-0.022515305455328205,-0.022428956302729286,-0.022515305455328205,8.634915259891907e-05,7.25400073849948e-08,5.979823291219844e-07,0.0,0.05,1.0,nan,nan,nan,nan,nan,nan,nan,0.15,0.09166666666666666,0.0,0.0,366,13,0.8133333333333334,0.04727272727272727,-0.0015153894504468894,-0.0015585338488088448,-4.314439836195535e-05,3.876253226180741e-05,3.876253226180741e-05,0.0,0.5459533027285626,0.5457810408722681,0.5399003481328318,0.5399003481328318
s0_chunk05_rep03,5,high_response_placebo,regional_shift,box,3000,0.05,0.0,wrong,ctmle,estimated,xgboost,xgboost,targeting,1.0,0.0|0.25|0.5|1.0,-1.0,1.0,obsval,4.0,0.1,0,0.1,legacy,4.0,4,50,3,51.847859706002055,-0.05874443475454369,-0.05874443475454369,-0.05874443475454369,0.0,3.090749383163893e-08,-1.0146516805310726e-06,0.0,0.05,0.0,nan,nan,nan,nan,nan,nan,nan,0.14733333333333334,0.10733333333333334,0.0,0.0,336,12,0.7601809954751131,0.037267080745341616,0.007021741856850347,0.007021741856850347,0.0,-0.0012170763432611195,-0.0012170763432611195,0.0,0.5459997465433192,0.5459997465433192,0.5715745808549162,0.5715745808549162
s0_chunk05_rep04,5,high_response_placebo,regional_shift,box,3000,0.05,0.0,wrong,ctmle,estimated,xgboost,xgboost,targeting,1.0,0.0|0.25|0.5|1.0,-1.0,1.0,obsval,4.0,0.1,0,0.1,legacy,4.0,4,50,4,69.0078755330178,-0.04271651218219541,-0.04271651218219541,-0.04271651218219541,0.0,1.8978920042966516e-08,8.129384649474547e-08,0.0,0.05,0.0,nan,nan,nan,nan,nan,nan,nan,0.15,0.09433333333333334,0.0,0.0,346,11,0.7688888888888888,0.038869257950530034,-0.0017743896285328097,-0.0017743896285328097,0.0,0.0015395300411581924,0.0015395300411581924,0.0,0.5087018378205811,0.5087018378205811,0.501179481244702,0.501179481244702
s0_chunk06_rep01,6,high_response_placebo,regional_shift,box,3000,0.05,0.0,wrong,ctmle,estimated,xgboost,xgboost,targeting,1.0,0.0|0.25|0.5|1.0,-1.0,1.0,obsval,4.0,0.1,0,0.1,legacy,4.0,4,50,1,17.13132732801023,-0.007208333300974146,-0.007208333300974146,-0.007208333300974146,0.0,1.4001675157845894e-08,2.306553978562555e-07,0.0,0.25,0.0,nan,nan,nan,nan,nan,nan,nan,0.15166666666666667,0.102,0.0,0.0,374,8,0.8219780219780219,0.026143790849673203,0.001934432192503178,0.001934432192503178,0.0,0.0027870434780304775,0.0027870434780304775,0.0,0.5032213652615011,0.5032213652615011,0.508139086702733,0.508139086702733
s0_chunk06_rep02,6,high_response_placebo,regional_shift,box,3000,0.05,0.0,wrong,ctmle,estimated,xgboost,xgboost,targeting,1.0,0.0|0.25|0.5|1.0,-1.0,1.0,obsval,4.0,0.1,0,0.1,legacy,4.0,4,50,2,34.26630760799162,0.01235162935511458,0.01235162935511458,0.01235162935511458,0.0,2.1814589860631034e-08,-5.277763688002523e-07,0.0,0.05,0.0,nan,nan,nan,nan,nan,nan,nan,0.14933333333333335,0.08966666666666667,0.0,0.0,368,11,0.8214285714285714,0.040892193308550186,0.0030943605720407325,0.0030943605720407325,0.0,0.0017076480143574798,0.0017076480143574798,0.0,0.5241263110424902,0.5241263110424902,0.6206986563520446,0.6206986563520446
s0_chunk06_rep03,6,high_response_placebo,regional_shift,box,3000,0.05,0.0,wrong,ctmle,estimated,xgboost,xgboost,targeting,1.0,0.0|0.25|0.5|1.0,-1.0,1.0,obsval,4.0,0.1,0,0.1,legacy,4.0,4,50,3,51.43190394400153,0.020563531030168225,0.020563531030168225,0.020563531030168225,0.0,3.8215464792006396e-08,-2.3133630505931587e-06,0.0,0.05,0.0,nan,nan,nan,nan,nan,nan,nan,0.15533333333333332,0.10533333333333333,0.0,0.0,389,13,0.8347639484978541,0.04113924050632911,-0.0012606227324939254,-0.0012606227324939254,0.0,0.0009085045814035674,0.0009085045814035674,0.0,0.5344562514475982,0.5344562514475982,0.5054606254484563,0.5054606254484563
s0_chunk06_rep04,6,high_response_placebo,regional_shift,box,3000,0.05,0.0,wrong,ctmle,estimated,xgboost,xgboost,targeting,1.0,0.0|0.25|0.5|1.0,-1.0,1.0,obsval,4.0,0.1,0,0.1,legacy,4.0,4,50,4,68.32484414899955,-0.03138063389843987,-0.03138063389843987,-0.03138063389843987,0.0,6.156968679728661e-08,-1.1855402887417073e-06,0.0,0.5,0.0,nan,nan,nan,nan,nan,nan,nan,0.16066666666666668,0.10166666666666667,0.0,0.0,377,14,0.7821576763485477,0.04590163934426229,0.0005905501855522507,0.0005905501855522507,0.0,-0.007662697868254747,-0.007662697868254747,0.0,0.5304080425448661,0.5304080425448661,0.6662307462569157,0.6662307462569157
s0_chunk07_rep01,7,high_response_placebo,regional_shift,box,3000,0.05,0.0,wrong,ctmle,estimated,xgboost,xgboost,targeting,1.0,0.0|0.25|0.5|1.0,-1.0,1.0,obsval,4.0,0.1,0,0.1,legacy,4.0,4,50,1,17.060736874991562,-0.011340624748208905,-0.011340624748208905,-0.011340624748208905,0.0,8.859518395602436e-09,4.893479633365314e-08,0.0,0.05,0.0,nan,nan,nan,nan,nan,nan,nan,0.15766666666666668,0.10266666666666667,0.0,0.0,394,18,0.8329809725158562,0.05844155844155844,0.0006323979932871425,0.0006323979932871425,0.0,2.9365526060484295e-05,2.9365526060484295e-05,0.0,0.5654057533301806,0.5654057533301806,0.540048855694307,0.540048855694307
s0_chunk07_rep02,7,high_response_placebo,regional_shift,box,3000,0.05,0.0,wrong,ctmle,estimated,xgboost,xgboost,targeting,1.0,0.0|0.25|0.5|1.0,-1.0,1.0,obsval,4.0,0.1,0,0.1,legacy,4.0,4,50,2,34.14467465900816,0.0027857216812938734,0.0027857216812938734,0.0027857216812938734,0.0,1.4637303783534422e-08,3.6166921545447393e-07,0.0,0.05,0.0,nan,nan,nan,nan,nan,nan,nan,0.149,0.098,0.0,0.0,353,26,0.7897091722595079,0.08843537414965986,-0.010673067040322552,-0.010673067040322552,0.0,0.00023496293492974245,0.00023496293492974245,0.0,0.5360666360599078,0.5360666360599078,0.5556720072652697,0.5556720072652697
s0_chunk07_rep03,7,high_response_placebo,regional_shift,box,3000,0.05,0.0,wrong,ctmle,estimated,xgboost,xgboost,targeting,1.0,0.0|0.25|0.5|1.0,-1.0,1.0,obsval,4.0,0.1,0,0.1,legacy,4.0,4,50,3,51.33231531298952,0.034882937263735925,0.034882937263735925,0.034882937263735925,0.0,6.813278604169727e-08,-4.8900524698318806e-08,0.0,0.5,0.0,nan,nan,nan,nan,nan,nan,nan,0.15,0.093,0.0,0.0,369,11,0.82,0.03942652329749104,0.0009165503765636428,0.0009165503765636428,0.0,0.011806045423197915,0.011806045423197915,0.0,0.5270522330538459,0.5270522330538459,0.5723974088887391,0.5723974088887391
s0_chunk07_rep04,7,high_response_placebo,regional_shift,box,3000,0.05,0.0,wrong,ctmle,estimated,xgboost,xgboost,targeting,1.0,0.0|0.25|0.5|1.0,-1.0,1.0,obsval,4.0,0.1,0,0.1,legacy,4.0,4,50,4,68.69167632001336,0.012816880213252613,0.012816880213252613,0.012816880213252613,0.0,3.362506766904291e-08,-5.103912867315385e-07,0.0,0.5,0.0,nan,nan,nan,nan,nan,nan,nan,0.14833333333333334,0.103,0.0,0.0,364,15,0.8179775280898877,0.04854368932038835,0.0004158959162738495,0.0004158959162738495,0.0,0.005387750679480449,0.005387750679480449,0.0,0.5466718946814498,0.5466718946814498,0.6626398175923512,0.6626398175923512
s0_chunk08_rep01,8,high_response_placebo,regional_shift,box,3000,0.05,0.0,wrong,ctmle,estimated,xgboost,xgboost,targeting,1.0,0.0|0.25|0.5|1.0,-1.0,1.0,obsval,4.0,0.1,0,0.1,legacy,4.0,4,50,1,17.169801531999838,0.012210249591888767,0.012210249591888767,0.012210249591888767,0.0,5.904814185200315e-08,-1.6917674013020717e-06,0.0,0.05,0.0,nan,nan,nan,nan,nan,nan,nan,0.156,0.10066666666666667,0.0,0.0,382,9,0.8162393162393162,0.029801324503311258,0.0058561402037752945,0.0058561402037752945,0.0,0.0013665689215492352,0.0013665689215492352,0.0,0.5755696853310998,0.5755696853310998,0.6253193249393124,0.6253193249393124
s0_chunk08_rep02,8,high_response_placebo,regional_shift,box,3000,0.05,0.0,wrong,ctmle,estimated,xgboost,xgboost,targeting,1.0,0.0|0.25|0.5|1.0,-1.0,1.0,obsval,4.0,0.1,0,0.1,legacy,4.0,4,50,2,34.35219450201839,0.011087791001929692,0.011087791001929692,0.011087791001929692,0.0,3.2568619239004004e-08,-1.3163503764129e-06,0.0,0.05,0.0,nan,nan,nan,nan,nan,nan,nan,0.14066666666666666,0.10133333333333333,0.0,0.0,344,18,0.8151658767772512,0.05921052631578947,-0.0023090256440462895,-0.0023090256440462895,0.0,0.002223212413121883,0.002223212413121883,0.0,0.5685517676877205,0.5685517676877205,0.5677991505565941,0.5677991505565941
s0_chunk08_rep03,8,high_response_placebo,regional_shift,box,3000,0.05,0.0,wrong,ctmle,estimated,xgboost,xgboost,targeting,1.0,0.0|0.25|0.5|1.0,-1.0,1.0,obsval,4.0,0.1,0,0.1,legacy,4.0,4,50,3,51.70598155801417,-0.0049779125902288945,-0.0049779125902288945,-0.0049779125902288945,0.0,2.6014582472791772e-08,-4.5906505079934545e-07,0.0,0.5,0.0,nan,nan,nan,nan,nan,nan,nan,0.152,0.10366666666666667,0.0,0.0,375,18,0.8223684210526315,0.05787781350482315,0.0005744334983928029,0.0005744334983928029,0.0,-0.010043095953215975,-0.010043095953215975,0.0,0.549433362519342,0.549433362519342,0.5888481467520941,0.5888481467520941
s0_chunk08_rep04,8,high_response_placebo,regional_shift,box,3000,0.05,0.0,wrong,ctmle,estimated,xgboost,xgboost,targeting,1.0,0.0|0.25|0.5|1.0,-1.0,1.0,obsval,4.0,0.1,0,0.1,legacy,4.0,4,50,4,68.91033546801191,0.01128308475437556,0.01128308475437556,0.01128308475437556,0.0,6.025214208007883e-08,-2.504244628133683e-06,0.0,0.05,0.0,nan,nan,nan,nan,nan,nan,nan,0.15133333333333332,0.09333333333333334,0.0,0.0,379,11,0.8348017621145375,0.039285714285714285,0.0007015546594600773,0.0007015546594600773,0.0,-0.0004547106370958745,-0.0004547106370958745,0.0,0.5075366030174553,0.5075366030174553,0.5716392898039799,0.5716392898039799
s0_chunk09_rep01,9,high_response_placebo,regional_shift,box,3000,0.05,0.0,wrong,ctmle,estimated,xgboost,xgboost,targeting,1.0,0.0|0.25|0.5|1.0,-1.0,1.0,obsval,4.0,0.1,0,0.1,legacy,4.0,4,50,1,17.31315321600414,0.014121514276803804,0.014121514276803804,0.014121514276803804,0.0,7.894094194993428e-08,-1.2239258093743252e-06,0.0,0.05,0.0,nan,nan,nan,nan,nan,nan,nan,0.13766666666666666,0.106,0.0,0.0,325,16,0.7869249394673123,0.050314465408805034,-0.000805729831854466,-0.000805729831854466,0.0,0.003156407086005729,0.003156407086005729,0.0,0.4454774043023017,0.4454774043023017,0.6083921958407876,0.6083921958407876
s0_chunk09_rep02,9,high_response_placebo,regional_shift,box,3000,0.05,0.0,wrong,ctmle,estimated,xgboost,xgboost,targeting,1.0,0.0|0.25|0.5|1.0,-1.0,1.0,obsval,4.0,0.1,0,0.1,legacy,4.0,4,50,2,34.358808386023156,-0.0032396514690757883,-0.0032396514690757883,-0.0032396514690757883,0.0,4.379153421092338e-08,-2.7338682194824084e-07,0.0,0.05,0.0,nan,nan,nan,nan,nan,nan,nan,0.149,0.095,0.0,0.0,362,12,0.8098434004474273,0.042105263157894736,0.0018368370904094397,0.0018368370904094397,0.0,0.004515234723610706,0.004515234723610706,0.0,0.5430168691291867,0.5430168691291867,0.6450502129139851,0.6450502129139851
s0_chunk09_rep03,9,high_response_placebo,regional_shift,box,3000,0.05,0.0,wrong,ctmle,estimated,xgboost,xgboost,targeting,1.0,0.0|0.25|0.5|1.0,-1.0,1.0,obsval,4.0,0.1,0,0.1,legacy,4.0,4,50,3,51.48829932502122,-0.013269879197775725,-0.013269879197775725,-0.013269879197775725,0.0,2.1746983052892133e-08,5.54450128674726e-07,0.0,0.5,0.0,nan,nan,nan,nan,nan,nan,nan,0.14866666666666667,0.097,0.0,0.0,367,13,0.8228699551569507,0.044673539518900345,-0.0005169138678607939,-0.0005169138678607939,0.0,-0.0049603913014521425,-0.0049603913014521425,0.0,0.5100084196257836,0.5100084196257836,0.5275312602063964,0.5275312602063964
s0_chunk09_rep04,9,high_response_placebo,regional_shift,box,3000,0.05,0.0,wrong,ctmle,estimated,xgboost,xgboost,targeting,1.0,0.0|0.25|0.5|1.0,-1.0,1.0,obsval,4.0,0.1,0,0.1,legacy,4.0,4,50,4,68.611054745008,0.016550819386744575,0.016550819386744575,0.016550819386744575,0.0,2.7589738729304897e-08,-1.0442536143301243e-06,0.0,0.05,0.0,nan,nan,nan,nan,nan,nan,nan,0.15133333333333332,0.103,0.0,0.0,362,16,0.7973568281938326,0.05177993527508091,-0.0014150482037344591,-0.0014150482037344591,0.0,0.0007957721462424925,0.0007957721462424925,0.0,0.5053477088959217,0.5053477088959217,0.5181375287341258,0.5181375287341258
s0_chunk10_rep01,10,high_response_placebo,regional_shift,box,3000,0.05,0.0,wrong,ctmle,estimated,xgboost,xgboost,targeting,1.0,0.0|0.25|0.5|1.0,-1.0,1.0,obsval,4.0,0.1,0,0.1,legacy,4.0,4,50,1,17.27527580401511,0.023084806604247055,0.023084806604247055,0.023084806604247055,0.0,1.6293989415962912e-08,4.1455232341293044e-07,0.0,0.5,0.0,nan,nan,nan,nan,nan,nan,nan,0.147,0.09433333333333334,0.0,0.0,352,13,0.7981859410430839,0.045936395759717315,-0.0008351558263605924,-0.0008351558263605924,0.0,-0.0008630322145383286,-0.0008630322145383286,0.0,0.5173318799502242,0.5173318799502242,0.5360176423028169,0.5360176423028169
s0_chunk10_rep02,10,high_response_placebo,regional_shift,box,3000,0.05,0.0,wrong,ctmle,estimated,xgboost,xgboost,targeting,1.0,0.0|0.25|0.5|1.0,-1.0,1.0,obsval,4.0,0.1,0,0.1,legacy,4.0,4,50,2,34.522111074009445,0.061902176134077835,0.061902176134077835,0.061902176134077835,0.0,2.6871374896476202e-08,1.6797700246452656e-07,0.0,0.05,0.0,nan,nan,nan,nan,nan,nan,nan,0.149,0.091,0.0,0.0,355,17,0.7941834451901566,0.06227106227106227,0.00182306373551353,0.00182306373551353,0.0,-0.0007206166779752508,-0.0007206166779752508,0.0,0.5713492208544959,0.5713492208544959,0.5664168907760506,0.5664168907760506
s0_chunk10_rep03,10,high_response_placebo,regional_shift,box,3000,0.05,0.0,wrong,ctmle,estimated,xgboost,xgboost,targeting,1.0,0.0|0.25|0.5|1.0,-1.0,1.0,obsval,4.0,0.1,0,0.1,legacy,4.0,4,50,3,51.73940550599946,0.036574410132472146,0.036574410132472146,0.036574410132472146,0.0,3.650782468456355e-08,5.478211786877048e-07,0.0,0.05,0.0,nan,nan,nan,nan,nan,nan,nan,0.14933333333333335,0.098,0.0,0.0,360,13,0.8035714285714286,0.04421768707482993,-0.003927048860235113,-0.003927048860235113,0.0,0.0005007206540620192,0.0005007206540620192,0.0,0.5249691586308988,0.5249691586308988,0.6394713955187161,0.6394713955187161
s0_chunk10_rep04,10,high_response_placebo,regional_shift,box,3000,0.05,0.0,wrong,ctmle,estimated,xgboost,xgboost,targeting,1.0,0.0|0.25|0.5|1.0,-1.0,1.0,obsval,4.0,0.1,0,0.1,legacy,4.0,4,50,4,68.94801193400053,-0.0748494782239654,-0.0748494782239654,-0.0748494782239654,0.0,5.1308224569826186e-08,-1.9695885230265305e-06,0.0,0.5,0.0,nan,nan,nan,nan,nan,nan,nan,0.15133333333333332,0.10233333333333333,0.0,0.0,359,18,0.7907488986784141,0.05863192182410423,-0.00013951245197274645,-0.00013951245197274645,0.0,-0.0007945154825827724,-0.0007945154825827724,0.0,0.5575887356252717,0.5575887356252717,0.5679400483109251,0.5679400483109251
s0_chunk11_rep01,11,high_response_placebo,regional_shift,box,3000,0.05,0.0,wrong,ctmle,estimated,xgboost,xgboost,targeting,1.0,0.0|0.25|0.5|1.0,-1.0,1.0,obsval,4.0,0.1,0,0.1,legacy,4.0,4,50,1,17.228986898000585,-0.0015652733362646054,-0.0011789195995515755,-0.0015652733362646054,0.00038635373671302986,1.1131163575638439e-07,-3.23040476018241e-06,0.0,0.5,1.0,nan,nan,nan,nan,nan,nan,nan,0.14966666666666667,0.1,0.0,0.0,347,10,0.7728285077951003,0.03333333333333333,0.0018347485375422151,0.0018024365167844305,3.231202075778465e-05,-0.0065742565533867935,-0.0065742565533867935,0.0,0.5400421630655005,0.5393410405252224,0.5599813728775841,0.5599813728775841
s0_chunk11_rep02,11,high_response_placebo,regional_shift,box,3000,0.05,0.0,wrong,ctmle,estimated,xgboost,xgboost,targeting,1.0,0.0|0.25|0.5|1.0,-1.0,1.0,obsval,4.0,0.1,0,0.1,legacy,4.0,4,50,2,34.36968380998587,-0.031008892219984097,-0.031151067286473766,-0.031008892219984097,-0.00014217506648966927,3.659459450896206e-08,-1.0321290068232222e-07,0.0,0.25,1.0,nan,nan,nan,nan,nan,nan,nan,0.147,0.102,0.0,0.0,357,17,0.8095238095238095,0.05555555555555555,2.7213223501207547e-05,8.151638256160388e-05,-5.4303159060396336e-05,-0.011394242217082014,-0.011394242217082014,0.0,0.5493532731789227,0.5489704982426401,0.6222804212924646,0.6222804212924646
s0_chunk11_rep03,11,high_response_placebo,regional_shift,box,3000,0.05,0.0,wrong,ctmle,estimated,xgboost,xgboost,targeting,1.0,0.0|0.25|0.5|1.0,-1.0,1.0,obsval,4.0,0.1,0,0.1,legacy,4.0,4,50,3,51.585299781989306,0.032687497120396536,0.032687497120396536,0.032687497120396536,0.0,2.1223529278859357e-08,3.7991412661739655e-07,0.0,0.25,0.0,nan,nan,nan,nan,nan,nan,nan,0.152,0.112,0.0,0.0,363,20,0.7960526315789473,0.05952380952380952,-0.000494241501193311,-0.000494241501193311,0.0,0.009792804563959413,0.009792804563959413,0.0,0.5304613950655042,0.5304613950655042,0.6458726918048541,0.6458726918048541
s0_chunk11_rep04,11,high_response_placebo,regional_shift,box,3000,0.05,0.0,wrong,ctmle,estimated,xgboost,xgboost,targeting,1.0,0.0|0.25|0.5|1.0,-1.0,1.0,obsval,4.0,0.1,0,0.1,legacy,4.0,4,50,4,68.61685757897794,0.013844253262373984,0.013844253262373984,0.013844253262373984,0.0,3.249678640895523e-08,-8.11540229312107e-07,0.0,0.5,0.0,nan,nan,nan,nan,nan,nan,nan,0.14233333333333334,0.10666666666666667,0.0,0.0,342,10,0.8009367681498829,0.03125,0.00019474637235461706,0.00019474637235461706,0.0,0.0400869985759205,0.0400869985759205,0.0,0.5152455797142714,0.5152455797142714,0.8429920530592264,0.8429920530592264
s0_chunk12_rep01,12,high_response_placebo,regional_shift,box,3000,0.05,0.0,wrong,ctmle,estimated,xgboost,xgboost,targeting,1.0,0.0|0.25|0.5|1.0,-1.0,1.0,obsval,4.0,0.1,0,0.1,legacy,4.0,4,50,1,17.278659267001785,0.014391291513561832,0.014391291513561832,0.014391291513561832,0.0,1.0404097987282666e-07,-7.492419341825155e-07,0.0,0.05,0.0,nan,nan,nan,nan,nan,nan,nan,0.15166666666666667,0.099,0.0,0.0,379,7,0.832967032967033,0.02356902356902357,-0.0018200893697286095,-0.0018200893697286095,0.0,-0.00084429462316791,-0.00084429462316791,0.0,0.5463245641944446,0.5463245641944446,0.6460487327146064,0.6460487327146064
s0_chunk12_rep02,12,high_response_placebo,regional_shift,box,3000,0.05,0.0,wrong,ctmle,estimated,xgboost,xgboost,targeting,1.0,0.0|0.25|0.5|1.0,-1.0,1.0,obsval,4.0,0.1,0,0.1,legacy,4.0,4,50,2,34.4473666830163,0.021504995622850298,0.021504995622850298,0.021504995622850298,0.0,3.7793293471317935e-08,-1.0511143801358565e-06,0.0,0.5,0.0,nan,nan,nan,nan,nan,nan,nan,0.15366666666666667,0.103,0.0,0.0,386,16,0.8373101952277657,0.05177993527508091,-0.000190937458588521,-0.000190937458588521,0.0,0.004027586914524775,0.004027586914524775,0.0,0.5128157647775786,0.5128157647775786,0.567574194361055,0.567574194361055
s0_chunk12_rep03,12,high_response_placebo,regional_shift,box,3000,0.05,0.0,wrong,ctmle,estimated,xgboost,xgboost,targeting,1.0,0.0|0.25|0.5|1.0,-1.0,1.0,obsval,4.0,0.1,0,0.1,legacy,4.0,4,50,3,51.76776607701322,-0.0007270244543398641,-0.0007270244543398641,-0.0007270244543398641,0.0,1.7724330662665863e-08,-1.4691454674337079e-08,0.0,0.5,0.0,nan,nan,nan,nan,nan,nan,nan,0.15166666666666667,0.09466666666666666,0.0,0.0,377,14,0.8285714285714286,0.04929577464788732,0.0006451742673295699,0.0006451742673295699,0.0,0.01110807192976281,0.01110807192976281,0.0,0.5537974156820566,0.5537974156820566,0.63498066713829,0.63498066713829
s0_chunk12_rep04,12,high_response_placebo,regional_shift,box,3000,0.05,0.0,wrong,ctmle,estimated,xgboost,xgboost,targeting,1.0,0.0|0.25|0.5|1.0,-1.0,1.0,obsval,4.0,0.1,0,0.1,legacy,4.0,4,50,4,69.0843429939996,0.02113904877538675,0.02113904877538675,0.02113904877538675,0.0,3.0661800242900994e-08,-6.826245444336437e-09,0.0,0.5,0.0,nan,nan,nan,nan,nan,nan,nan,0.14066666666666666,0.10333333333333333,0.0,0.0,335,22,0.7938388625592417,0.07096774193548387,-0.0011110602832347302,-0.0011110602832347302,0.0,0.009814093385105324,0.009814093385105324,0.0,0.5284567580617682,0.5284567580617682,0.6414113862162022,0.6414113862162022
s0_chunk13_rep01,13,high_response_placebo,regional_shift,box,3000,0.05,0.0,wrong,ctmle,estimated,xgboost,xgboost,targeting,1.0,0.0|0.25|0.5|1.0,-1.0,1.0,obsval,4.0,0.1,0,0.1,legacy,4.0,4,50,1,17.08280492099584,0.0045402451705258695,0.0045402451705258695,0.0045402451705258695,0.0,1.2151816407290905e-08,7.827968856435798e-07,0.0,0.5,0.0,nan,nan,nan,nan,nan,nan,nan,0.15033333333333335,0.10933333333333334,0.0,0.0,365,16,0.8093126385809313,0.04878048780487805,0.0003804217186142966,0.0003804217186142966,0.0,-0.01132152601470131,-0.01132152601470131,0.0,0.5167469191680298,0.5167469191680298,0.5625418621206668,0.5625418621206668
s0_chunk13_rep02,13,high_response_placebo,regional_shift,box,3000,0.05,0.0,wrong,ctmle,estimated,xgboost,xgboost,targeting,1.0,0.0|0.25|0.5|1.0,-1.0,1.0,obsval,4.0,0.1,0,0.1,legacy,4.0,4,50,2,34.5308199400024,-0.029664011723132266,-0.029664011723132266,-0.029664011723132266,0.0,5.7349016614142295e-08,-7.17096829393909e-07,0.0,0.5,0.0,nan,nan,nan,nan,nan,nan,nan,0.15166666666666667,0.09233333333333334,0.0,0.0,372,12,0.8175824175824176,0.04332129963898917,0.0007068518839301353,0.0007068518839301353,0.0,-0.018945550522285484,-0.018945550522285484,0.0,0.5291211270294185,0.5291211270294185,0.6520964932542073,0.6520964932542073
s0_chunk13_rep03,13,high_response_placebo,regional_shift,box,3000,0.05,0.0,wrong,ctmle,estimated,xgboost,xgboost,targeting,1.0,0.0|0.25|0.5|1.0,-1.0,1.0,obsval,4.0,0.1,0,0.1,legacy,4.0,4,50,3,51.92579154399573,0.020011006233778106,0.020011006233778106,0.020011006233778106,0.0,1.2907854066417784e-08,4.932132309598634e-07,0.0,0.05,0.0,nan,nan,nan,nan,nan,nan,nan,0.156,0.08633333333333333,0.0,0.0,383,14,0.8183760683760684,0.05405405405405406,-0.008327311597832471,-0.008327311597832471,0.0,4.346578310301904e-06,4.346578310301904e-06,0.0,0.5629105814888952,0.5629105814888952,0.758868128015885,0.758868128015885
s0_chunk13_rep04,13,high_response_placebo,regional_shift,box,3000,0.05,0.0,wrong,ctmle,estimated,xgboost,xgboost,targeting,1.0,0.0|0.25|0.5|1.0,-1.0,1.0,obsval,4.0,0.1,0,0.1,legacy,4.0,4,50,4,69.318777263019,0.007672059194588077,0.007672059194588077,0.007672059194588077,0.0,9.923405630595308e-08,4.73231149844891e-07,0.0,0.5,0.0,nan,nan,nan,nan,nan,nan,nan,0.14533333333333334,0.09966666666666667,0.0,0.0,344,26,0.7889908256880734,0.08695652173913043,-0.0003717592366363996,-0.0003717592366363996,0.0,0.008585450883340083,0.008585450883340083,0.0,0.5777566717769443,0.5777566717769443,0.5465127532807883,0.5465127532807883
s0_chunk14_rep01,14,high_response_placebo,regional_shift,box,3000,0.05,0.0,wrong,ctmle,estimated,xgboost,xgboost,targeting,1.0,0.0|0.25|0.5|1.0,-1.0,1.0,obsval,4.0,0.1,0,0.1,legacy,4.0,4,50,1,17.154706228000578,-0.02215001228245872,-0.02215001228245872,-0.02215001228245872,0.0,1.0633627460423373e-07,-2.2313812245500827e-06,0.0,0.5,0.0,nan,nan,nan,nan,nan,nan,nan,0.15333333333333332,0.10833333333333334,0.0,0.0,350,17,0.7608695652173914,0.052307692307692305,-0.0006835485026934162,-0.0006835485026934162,0.0,-0.009270347602860792,-0.009270347602860792,0.0,0.5220527735183121,0.5220527735183121,0.698161553960951,0.698161553960951
s0_chunk14_rep02,14,high_response_placebo,regional_shift,box,3000,0.05,0.0,wrong,ctmle,estimated,xgboost,xgboost,targeting,1.0,0.0|0.25|0.5|1.0,-1.0,1.0,obsval,4.0,0.1,0,0.1,legacy,4.0,4,50,2,34.2186236109992,-0.024323512615696097,-0.023759147659451862,-0.023896301827669292,0.0005643649562442343,3.870250307237179e-08,2.157200666590576e-06,0.7569761079246138,0.05,1.0,nan,nan,nan,nan,nan,nan,nan,0.15266666666666667,0.09633333333333334,0.0,0.0,382,12,0.834061135371179,0.04152249134948097,0.006646304553762338,0.006282088068295318,0.00036421648546701955,-0.00017320596725057708,-0.00017320596725057708,0.0,0.5775597835660417,0.5773616596727055,0.5720659138008538,0.5720659138008538
s0_chunk14_rep03,14,high_response_placebo,regional_shift,box,3000,0.05,0.0,wrong,ctmle,estimated,xgboost,xgboost,targeting,1.0,0.0|0.25|0.5|1.0,-1.0,1.0,obsval,4.0,0.1,0,0.1,legacy,4.0,4,50,3,51.25473420199705,-0.02011737804754321,-0.02011737804754321,-0.02011737804754321,0.0,3.1313016388145876e-08,7.199220562564791e-07,0.0,0.25,0.0,nan,nan,nan,nan,nan,nan,nan,0.15066666666666667,0.101,0.0,0.0,362,13,0.8008849557522124,0.0429042904290429,0.000998594601859682,0.000998594601859682,0.0,0.007458528411777041,0.007458528411777041,0.0,0.5459896348995417,0.5459896348995417,0.5803440214501782,0.5803440214501782
s0_chunk14_rep04,14,high_response_placebo,regional_shift,box,3000,0.05,0.0,wrong,ctmle,estimated,xgboost,xgboost,targeting,1.0,0.0|0.25|0.5|1.0,-1.0,1.0,obsval,4.0,0.1,0,0.1,legacy,4.0,4,50,4,68.35035247399355,-0.005027439763147568,-0.005027439763147568,-0.005027439763147568,0.0,1.7729154963997545e-08,1.0774990420454704e-07,0.0,0.05,0.0,nan,nan,nan,nan,nan,nan,nan,0.15033333333333335,0.10266666666666667,0.0,0.0,377,12,0.835920177383592,0.03896103896103896,-0.00612277464302978,-0.00612277464302978,0.0,-0.003314207796902295,-0.003314207796902295,0.0,0.5340896935842638,0.5340896935842638,0.5995211636034831,0.5995211636034831
s0_chunk15_rep01,15,high_response_placebo,regional_shift,box,3000,0.05,0.0,wrong,ctmle,estimated,xgboost,xgboost,targeting,1.0,0.0|0.25|0.5|1.0,-1.0,1.0,obsval,4.0,0.1,0,0.1,legacy,4.0,4,50,1,17.063227959006326,-0.002783904972593676,-0.002783904972593676,-0.002783904972593676,0.0,4.089035392836754e-08,-5.055602348006446e-07,0.0,0.5,0.0,nan,nan,nan,nan,nan,nan,nan,0.15133333333333332,0.094,0.0,0.0,380,20,0.8370044052863436,0.07092198581560284,-2.370687953827577e-05,-2.370687953827577e-05,0.0,0.0017736858575075625,0.0017736858575075625,0.0,0.525392848726036,0.525392848726036,0.6073412639812592,0.6073412639812592
s0_chunk15_rep02,15,high_response_placebo,regional_shift,box,3000,0.05,0.0,wrong,ctmle,estimated,xgboost,xgboost,targeting,1.0,0.0|0.25|0.5|1.0,-1.0,1.0,obsval,4.0,0.1,0,0.1,legacy,4.0,4,50,2,34.35099302200251,0.021024986292545345,0.021024986292545345,0.021024986292545345,0.0,8.708867389782896e-08,-1.659049002056311e-06,0.0,0.25,0.0,nan,nan,nan,nan,nan,nan,nan,0.15133333333333332,0.10666666666666667,0.0,0.0,364,14,0.801762114537445,0.04375,-0.0001978976584419047,-0.0001978976584419047,0.0,0.012479035051056256,0.012479035051056256,0.0,0.604129980595894,0.604129980595894,0.5740232929324333,0.5740232929324333
s0_chunk15_rep03,15,high_response_placebo,regional_shift,box,3000,0.05,0.0,wrong,ctmle,estimated,xgboost,xgboost,targeting,1.0,0.0|0.25|0.5|1.0,-1.0,1.0,obsval,4.0,0.1,0,0.1,legacy,4.0,4,50,3,51.507350078987656,-0.02842963505336088,-0.02842963505336088,-0.02842963505336088,0.0,5.881596715153099e-08,-1.56779527857049e-07,0.0,0.25,0.0,nan,nan,nan,nan,nan,nan,nan,0.15166666666666667,0.097,0.0,0.0,373,12,0.8197802197802198,0.041237113402061855,-0.00010803718861355301,-0.00010803718861355301,0.0,-0.0023759211616085772,-0.0023759211616085772,0.0,0.5462366417531768,0.5462366417531768,0.5771104321176476,0.5771104321176476
s0_chunk15_rep04,15,high_response_placebo,regional_shift,box,3000,0.05,0.0,wrong,ctmle,estimated,xgboost,xgboost,targeting,1.0,0.0|0.25|0.5|1.0,-1.0,1.0,obsval,4.0,0.1,0,0.1,legacy,4.0,4,50,4,68.51036616100464,0.008471026906005152,0.008471026906005152,0.008471026906005152,0.0,4.390854352071677e-08,-1.8810369422234954e-06,0.0,0.5,0.0,nan,nan,nan,nan,nan,nan,nan,0.156,0.109,0.0,0.0,374,15,0.7991452991452992,0.045871559633027525,-0.00010770249394294036,-0.00010770249394294036,0.0,-0.006063175324213375,-0.006063175324213375,0.0,0.4937044009511794,0.4937044009511794,0.6579381213238896,0.6579381213238896
s0_chunk16_rep01,16,high_response_placebo,regional_shift,box,3000,0.05,0.0,wrong,ctmle,estimated,xgboost,xgboost,targeting,1.0,0.0|0.25|0.5|1.0,-1.0,1.0,obsval,4.0,0.1,0,0.1,legacy,4.0,4,50,1,16.998104395985138,0.052837139138690536,0.052837139138690536,0.052837139138690536,0.0,4.145367245040471e-08,-5.1702107007668176e-08,0.0,0.05,0.0,nan,nan,nan,nan,nan,nan,nan,0.15066666666666667,0.08733333333333333,0.0,0.0,356,13,0.7876106194690266,0.04961832061068702,0.004820196737949645,0.004820196737949645,0.0,0.0009293565202505256,0.0009293565202505256,0.0,0.5505248666475869,0.5505248666475869,0.505006257904341,0.505006257904341
s0_chunk16_rep02,16,high_response_placebo,regional_shift,box,3000,0.05,0.0,wrong,ctmle,estimated,xgboost,xgboost,targeting,1.0,0.0|0.25|0.5|1.0,-1.0,1.0,obsval,4.0,0.1,0,0.1,legacy,4.0,4,50,2,34.33426824898925,0.0037958890655300226,0.0037958890655300226,0.0037958890655300226,0.0,5.018030058102571e-08,8.290895862151162e-07,0.0,0.25,0.0,nan,nan,nan,nan,nan,nan,nan,0.145,0.09666666666666666,0.0,0.0,358,17,0.8229885057471265,0.05862068965517241,-4.387370188887692e-05,-4.387370188887692e-05,0.0,0.009795173174965128,0.009795173174965128,0.0,0.5592700672385644,0.5592700672385644,0.6103470370579833,0.6103470370579833
s0_chunk16_rep03,16,high_response_placebo,regional_shift,box,3000,0.05,0.0,wrong,ctmle,estimated,xgboost,xgboost,targeting,1.0,0.0|0.25|0.5|1.0,-1.0,1.0,obsval,4.0,0.1,0,0.1,legacy,4.0,4,50,3,51.56949229899328,0.004758666064717421,0.004758666064717421,0.004758666064717421,0.0,6.075367190599458e-08,-7.920603426793144e-08,0.0,0.05,0.0,nan,nan,nan,nan,nan,nan,nan,0.15366666666666667,0.09966666666666667,0.0,0.0,397,15,0.8611713665943601,0.05016722408026756,-0.00533540638645562,-0.00533540638645562,0.0,0.00024833439650973527,0.00024833439650973527,0.0,0.5363215180799346,0.5363215180799346,0.6684286715816655,0.6684286715816655
s0_chunk16_rep04,16,high_response_placebo,regional_shift,box,3000,0.05,0.0,wrong,ctmle,estimated,xgboost,xgboost,targeting,1.0,0.0|0.25|0.5|1.0,-1.0,1.0,obsval,4.0,0.1,0,0.1,legacy,4.0,4,50,4,68.85651896399213,0.003423500676980662,0.003423500676980662,0.003423500676980662,0.0,2.6761565820581507e-08,-4.828324350874408e-07,0.0,0.25,0.0,nan,nan,nan,nan,nan,nan,nan,0.145,0.10666666666666667,0.0,0.0,359,14,0.825287356321839,0.04375,7.575090649725366e-05,7.575090649725366e-05,0.0,-0.005490283310523782,-0.005490283310523782,0.0,0.4979143190085602,0.4979143190085602,0.589916643644732,0.589916643644732
s0_chunk17_rep01,17,high_response_placebo,regional_shift,box,3000,0.05,0.0,wrong,ctmle,estimated,xgboost,xgboost,targeting,1.0,0.0|0.25|0.5|1.0,-1.0,1.0,obsval,4.0,0.1,0,0.1,legacy,4.0,4,50,1,16.975990663981065,0.010740027392609985,0.010740027392609985,0.010740027392609985,0.0,9.458260880274363e-08,8.403468463399509e-07,0.0,0.25,0.0,nan,nan,nan,nan,nan,nan,nan,0.14433333333333334,0.092,0.0,0.0,334,14,0.7713625866050808,0.050724637681159424,-0.0010175121052920326,-0.0010175121052920326,0.0,0.010096396857320306,0.010096396857320306,0.0,0.5109821008253015,0.5109821008253015,0.5777838697191354,0.5777838697191354
s0_chunk17_rep02,17,high_response_placebo,regional_shift,box,3000,0.05,0.0,wrong,ctmle,estimated,xgboost,xgboost,targeting,1.0,0.0|0.25|0.5|1.0,-1.0,1.0,obsval,4.0,0.1,0,0.1,legacy,4.0,4,50,2,34.271696739975596,-0.009976819059857867,-0.009976819059857867,-0.009976819059857867,0.0,5.741026486518787e-08,-1.891868938648099e-06,0.0,0.05,0.0,nan,nan,nan,nan,nan,nan,nan,0.149,0.09733333333333333,0.0,0.0,358,16,0.8008948545861297,0.0547945205479452,0.0013528067145905803,0.0013528067145905803,0.0,0.0003015383955866506,0.0003015383955866506,0.0,0.5085730302223223,0.5085730302223223,0.5275329373969598,0.5275329373969598
s0_chunk17_rep03,17,high_response_placebo,regional_shift,box,3000,0.05,0.0,wrong,ctmle,estimated,xgboost,xgboost,targeting,1.0,0.0|0.25|0.5|1.0,-1.0,1.0,obsval,4.0,0.1,0,0.1,legacy,4.0,4,50,3,51.555206297984114,-0.005476675488191973,-0.005476675488191973,-0.005476675488191973,0.0,1.8461445028955525e-08,-4.198550987136087e-07,0.0,0.25,0.0,nan,nan,nan,nan,nan,nan,nan,0.14366666666666666,0.107,0.0,0.0,344,19,0.7981438515081206,0.059190031152647975,0.00035142042465118023,0.00035142042465118023,0.0,0.002034899809250455,0.002034899809250455,0.0,0.5408220779219366,0.5408220779219366,0.5537072414461656,0.5537072414461656
s0_chunk17_rep04,17,high_response_placebo,regional_shift,box,3000,0.05,0.0,wrong,ctmle,estimated,xgboost,xgboost,targeting,1.0,0.0|0.25|0.5|1.0,-1.0,1.0,obsval,4.0,0.1,0,0.1,legacy,4.0,4,50,4,68.65908678999403,-0.002791835333957493,-0.002791835333957493,-0.002791835333957493,0.0,4.521214450915745e-08,-3.591950658517239e-07,0.0,0.1,0.0,nan,nan,nan,nan,nan,nan,nan,0.149,0.10433333333333333,0.0,0.0,367,14,0.8210290827740492,0.04472843450479233,-0.0006774635470498894,-0.0006774635470498894,0.0,0.013017604748591136,0.013017604748591136,0.0,0.5077348181572856,0.5077348181572856,0.5987649603793335,0.5987649603793335
s0_chunk18_rep01,18,high_response_placebo,regional_shift,box,3000,0.05,0.0,wrong,ctmle,estimated,xgboost,xgboost,targeting,1.0,0.0|0.25|0.5|1.0,-1.0,1.0,obsval,4.0,0.1,0,0.1,legacy,4.0,4,50,1,17.07338731098571,0.00563045152588143,0.00563045152588143,0.00563045152588143,0.0,2.6629654056300675e-08,3.5538202034076857e-07,0.0,0.5,0.0,nan,nan,nan,nan,nan,nan,nan,0.142,0.101,0.0,0.0,339,29,0.795774647887324,0.09570957095709572,0.0011619570848751986,0.0011619570848751986,0.0,0.0026765221612418313,0.0026765221612418313,0.0,0.5061272427195741,0.5061272427195741,0.6647465449919382,0.6647465449919382
s0_chunk18_rep02,18,high_response_placebo,regional_shift,box,3000,0.05,0.0,wrong,ctmle,estimated,xgboost,xgboost,targeting,1.0,0.0|0.25|0.5|1.0,-1.0,1.0,obsval,4.0,0.1,0,0.1,legacy,4.0,4,50,2,34.31976877499255,0.020857940588225876,0.020857940588225876,0.020857940588225876,0.0,1.831520146720715e-08,4.963371475946764e-07,0.0,0.5,0.0,nan,nan,nan,nan,nan,nan,nan,0.15566666666666668,0.09733333333333333,0.0,0.0,364,23,0.7794432548179872,0.07876712328767123,0.0016433096487776847,0.0016433096487776847,0.0,0.008940202942086972,0.008940202942086972,0.0,0.5426382878474061,0.5426382878474061,0.6215571058967212,0.6215571058967212
s0_chunk18_rep03,18,high_response_placebo,regional_shift,box,3000,0.05,0.0,wrong,ctmle,estimated,xgboost,xgboost,targeting,1.0,0.0|0.25|0.5|1.0,-1.0,1.0,obsval,4.0,0.1,0,0.1,legacy,4.0,4,50,3,51.326064812979894,-0.033694490448014536,-0.033694490448014536,-0.033694490448014536,0.0,5.683827180506633e-08,-1.1526315021639618e-06,0.0,0.5,0.0,nan,nan,nan,nan,nan,nan,nan,0.14433333333333334,0.09666666666666666,0.0,0.0,357,7,0.8244803695150116,0.02413793103448276,0.0014402698161618147,0.0014402698161618147,0.0,-0.028522491812051375,-0.028522491812051375,0.0,0.5300709400363474,0.5300709400363474,0.6839388871039269,0.6839388871039269
s0_chunk18_rep04,18,high_response_placebo,regional_shift,box,3000,0.05,0.0,wrong,ctmle,estimated,xgboost,xgboost,targeting,1.0,0.0|0.25|0.5|1.0,-1.0,1.0,obsval,4.0,0.1,0,0.1,legacy,4.0,4,50,4,68.31914285797393,-0.0338787455126881,-0.0338787455126881,-0.0338787455126881,0.0,1.6478389787888056e-08,-8.352179105235299e-07,0.0,0.05,0.0,nan,nan,nan,nan,nan,nan,nan,0.15566666666666668,0.10166666666666667,0.0,0.0,389,16,0.8329764453961456,0.05245901639344262,-0.006319504976344271,-0.006319504976344271,0.0,-0.0035425433550170726,-0.0035425433550170726,0.0,0.5255964802002369,0.5255964802002369,0.6005989102934348,0.6005989102934348
s0_chunk19_rep01,19,high_response_placebo,regional_shift,box,3000,0.05,0.0,wrong,ctmle,estimated,xgboost,xgboost,targeting,1.0,0.0|0.25|0.5|1.0,-1.0,1.0,obsval,4.0,0.1,0,0.1,legacy,4.0,4,50,1,17.41292486700695,-0.026320504907145215,-0.026320504907145215,-0.026320504907145215,0.0,5.7271289084868254e-08,-7.277754793193853e-07,0.0,0.5,0.0,nan,nan,nan,nan,nan,nan,nan,0.15133333333333332,0.088,0.0,0.0,353,15,0.7775330396475771,0.056818181818181816,-0.00035679048939198457,-0.00035679048939198457,0.0,0.011446952289125165,0.011446952289125165,0.0,0.5267921308648802,0.5267921308648802,0.6880096248972138,0.6880096248972138
s0_chunk19_rep02,19,high_response_placebo,regional_shift,box,3000,0.05,0.0,wrong,ctmle,estimated,xgboost,xgboost,targeting,1.0,0.0|0.25|0.5|1.0,-1.0,1.0,obsval,4.0,0.1,0,0.1,legacy,4.0,4,50,2,34.6383647530165,-0.02558451765950709,-0.02558451765950709,-0.02558451765950709,0.0,2.4621228883817126e-08,6.598555274175402e-07,0.0,0.5,0.0,nan,nan,nan,nan,nan,nan,nan,0.147,0.10433333333333333,0.0,0.0,342,20,0.7755102040816326,0.06389776357827476,4.95998810592402e-05,4.95998810592402e-05,0.0,-0.001010362193633943,-0.001010362193633943,0.0,0.5239669245461639,0.5239669245461639,0.5069030374641448,0.5069030374641448
s0_chunk19_rep03,19,high_response_placebo,regional_shift,box,3000,0.05,0.0,wrong,ctmle,estimated,xgboost,xgboost,targeting,1.0,0.0|0.25|0.5|1.0,-1.0,1.0,obsval,4.0,0.1,0,0.1,legacy,4.0,4,50,3,51.88961339602247,0.0053936008703464045,0.0053936008703464045,0.0053936008703464045,0.0,4.649653043251219e-08,7.322339020059783e-07,0.0,0.5,0.0,nan,nan,nan,nan,nan,nan,nan,0.14933333333333335,0.093,0.0,0.0,375,14,0.8370535714285714,0.05017921146953405,0.0016487719264597154,0.0016487719264597154,0.0,0.0012646955349028509,0.0012646955349028509,0.0,0.5146949396376101,0.5146949396376101,0.5598626087761955,0.5598626087761955
s0_chunk19_rep04,19,high_response_placebo,regional_shift,box,3000,0.05,0.0,wrong,ctmle,estimated,xgboost,xgboost,targeting,1.0,0.0|0.25|0.5|1.0,-1.0,1.0,obsval,4.0,0.1,0,0.1,legacy,4.0,4,50,4,69.08262960001593,-0.02940339225800148,-0.02940339225800148,-0.02940339225800148,0.0,7.976677782704777e-09,2.9148276040362117e-07,0.0,0.5,0.0,nan,nan,nan,nan,nan,nan,nan,0.146,0.08533333333333333,0.0,0.0,363,17,0.8287671232876712,0.06640625,0.001212744798829849,0.001212744798829849,0.0,0.017042799699404608,0.017042799699404608,0.0,0.5159647209273578,0.5159647209273578,0.6779587097976447,0.6779587097976447
s0_chunk20_rep01,20,high_response_placebo,regional_shift,box,3000,0.05,0.0,wrong,ctmle,estimated,xgboost,xgboost,targeting,1.0,0.0|0.25|0.5|1.0,-1.0,1.0,obsval,4.0,0.1,0,0.1,legacy,4.0,4,50,1,17.267214196006535,-0.03619865701655317,-0.03619865701655317,-0.03619865701655317,0.0,2.6947037676120292e-08,1.3177688638508697e-07,0.0,0.05,0.0,nan,nan,nan,nan,nan,nan,nan,0.15233333333333332,0.10333333333333333,0.0,0.0,377,15,0.824945295404814,0.04838709677419355,0.0014372212601873927,0.0014372212601873927,0.0,0.0007505712827455538,0.0007505712827455538,0.0,0.5149140163074098,0.5149140163074098,0.8043870175819167,0.8043870175819167
s0_chunk20_rep02,20,high_response_placebo,regional_shift,box,3000,0.05,0.0,wrong,ctmle,estimated,xgboost,xgboost,targeting,1.0,0.0|0.25|0.5|1.0,-1.0,1.0,obsval,4.0,0.1,0,0.1,legacy,4.0,4,50,2,34.371682377008256,0.02048290968841554,0.02048290968841554,0.02048290968841554,0.0,2.0115768797944814e-07,-3.074211953514247e-06,0.0,0.5,0.0,nan,nan,nan,nan,nan,nan,nan,0.137,0.08733333333333333,0.0,0.0,319,12,0.7761557177615572,0.04580152671755725,-0.0005596362832762816,-0.0005596362832762816,0.0,-0.005064855655522639,-0.005064855655522639,0.0,0.5582582354949978,0.5582582354949978,0.5471714526031136,0.5471714526031136
s0_chunk20_rep03,20,high_response_placebo,regional_shift,box,3000,0.05,0.0,wrong,ctmle,estimated,xgboost,xgboost,targeting,1.0,0.0|0.25|0.5|1.0,-1.0,1.0,obsval,4.0,0.1,0,0.1,legacy,4.0,4,50,3,51.409204445022624,-0.026836813024401496,-0.026836813024401496,-0.026836813024401496,0.0,6.793611740459234e-08,3.723553516812427e-08,0.0,0.05,0.0,nan,nan,nan,nan,nan,nan,nan,0.15866666666666668,0.11133333333333334,0.0,0.0,378,22,0.7941176470588235,0.0658682634730539,-0.0007073802308401251,-0.0007073802308401251,0.0,-0.0025006314304356495,-0.0025006314304356495,0.0,0.5227549720192333,0.5227549720192333,0.6038611767403228,0.6038611767403228
s0_chunk20_rep04,20,high_response_placebo,regional_shift,box,3000,0.05,0.0,wrong,ctmle,estimated,xgboost,xgboost,targeting,1.0,0.0|0.25|0.5|1.0,-1.0,1.0,obsval,4.0,0.1,0,0.1,legacy,4.0,4,50,4,68.65660823701182,0.02263360477527465,0.02263360477527465,0.02263360477527465,0.0,1.405369893202335e-08,-1.537781694298506e-07,0.0,0.5,0.0,nan,nan,nan,nan,nan,nan,nan,0.15233333333333332,0.10766666666666666,0.0,0.0,359,12,0.7855579868708972,0.03715170278637771,-0.0006602684155121442,-0.0006602684155121442,0.0,0.016717306610337455,0.016717306610337455,0.0,0.534622591367856,0.534622591367856,0.6093347533843255,0.6093347533843255
s0_chunk21_rep01,21,high_response_placebo,regional_shift,box,3000,0.05,0.0,wrong,ctmle,estimated,xgboost,xgboost,targeting,1.0,0.0|0.25|0.5|1.0,-1.0,1.0,obsval,4.0,0.1,0,0.1,legacy,4.0,4,50,1,17.244012376992032,0.038510883967775356,0.03813043557474727,0.038411798515510145,-0.00038044839302808775,5.352203933544665e-08,-6.212136324370643e-07,0.26044387118201406,0.05,1.0,nan,nan,nan,nan,nan,nan,nan,0.149,0.09466666666666666,0.0,0.0,368,15,0.8232662192393736,0.0528169014084507,-0.00031845423837258705,-0.00021981787272006508,9.863636565252197e-05,0.003885192049195,0.003885192049195,0.0,0.530590898765513,0.5300131298936703,0.6703045422024334,0.6703045422024334
s0_chunk21_rep02,21,high_response_placebo,regional_shift,box,3000,0.05,0.0,wrong,ctmle,estimated,xgboost,xgboost,targeting,1.0,0.0|0.25|0.5|1.0,-1.0,1.0,obsval,4.0,0.1,0,0.1,legacy,4.0,4,50,2,34.166569745983,0.060423476018570954,0.060423476018570954,0.060423476018570954,0.0,4.2064115650733425e-08,6.038556168251738e-07,0.0,0.5,0.0,nan,nan,nan,nan,nan,nan,nan,0.15233333333333332,0.11066666666666666,0.0,0.0,366,17,0.8008752735229759,0.05120481927710843,0.0005460000856590181,0.0005460000856590181,0.0,0.029120056276252703,0.029120056276252703,0.0,0.4911093275018292,0.4911093275018292,0.7018137938658887,0.7018137938658887
s0_chunk21_rep03,21,high_response_placebo,regional_shift,box,3000,0.05,0.0,wrong,ctmle,estimated,xgboost,xgboost,targeting,1.0,0.0|0.25|0.5|1.0,-1.0,1.0,obsval,4.0,0.1,0,0.1,legacy,4.0,4,50,3,51.106432997999946,0.000233662722317729,0.000233662722317729,0.000233662722317729,0.0,6.99812843545566e-08,1.2761493590586286e-06,0.0,0.5,0.0,nan,nan,nan,nan,nan,nan,nan,0.13866666666666666,0.09366666666666666,0.0,0.0,330,10,0.7932692307692307,0.03558718861209965,0.0009449656173723249,0.0009449656173723249,0.0,-0.016610777918334315,-0.016610777918334315,0.0,0.5434914982068788,0.5434914982068788,0.6886337901744412,0.6886337901744412
s0_chunk21_rep04,21,high_response_placebo,regional_shift,box,3000,0.05,0.0,wrong,ctmle,estimated,xgboost,xgboost,targeting,1.0,0.0|0.25|0.5|1.0,-1.0,1.0,obsval,4.0,0.1,0,0.1,legacy,4.0,4,50,4,68.1307721149933,-0.009776686680383728,-0.009078050840031826,-0.009101678615885933,0.0006986358403519022,8.253605519739984e-09,-3.628498575287053e-07,0.9661801263413496,0.05,1.0,nan,nan,nan,nan,nan,nan,nan,0.14766666666666667,0.09833333333333333,0.0,0.0,354,10,0.7990970654627539,0.03389830508474576,-0.00022352923899424581,-0.0011126924406444098,-0.000889163201650164,0.0009960761376172664,0.0009960761376172664,0.0,0.489448405027564,0.48940807054972346,0.5459970118284831,0.5459970118284831
s0_chunk22_rep01,22,high_response_placebo,regional_shift,box,3000,0.05,0.0,wrong,ctmle,estimated,xgboost,xgboost,targeting,1.0,0.0|0.25|0.5|1.0,-1.0,1.0,obsval,4.0,0.1,0,0.1,legacy,4.0,4,50,1,17.168362955009798,0.02311298623161151,0.02311298623161151,0.02311298623161151,0.0,2.6970728793981186e-08,-1.3278366699451e-06,0.0,0.5,0.0,nan,nan,nan,nan,nan,nan,nan,0.15566666666666668,0.10233333333333333,0.0,0.0,372,17,0.7965738758029979,0.05537459283387622,-0.0008245533766114225,-0.0008245533766114225,0.0,-0.001130534450036244,-0.001130534450036244,0.0,0.5858190391592969,0.5858190391592969,0.6559411302947942,0.6559411302947942
s0_chunk22_rep02,22,high_response_placebo,regional_shift,box,3000,0.05,0.0,wrong,ctmle,estimated,xgboost,xgboost,targeting,1.0,0.0|0.25|0.5|1.0,-1.0,1.0,obsval,4.0,0.1,0,0.1,legacy,4.0,4,50,2,34.35586020202027,-0.024927781408403904,-0.024927781408403904,-0.024927781408403904,0.0,3.173718210220007e-08,4.975799454176632e-07,0.0,0.05,0.0,nan,nan,nan,nan,nan,nan,nan,0.14866666666666667,0.103,0.0,0.0,362,15,0.8116591928251121,0.04854368932038835,0.0035146140767012037,0.0035146140767012037,0.0,-0.000539317525850924,-0.000539317525850924,0.0,0.5545970171784534,0.5545970171784534,0.5460653861425355,0.5460653861425355
s0_chunk22_rep03,22,high_response_placebo,regional_shift,box,3000,0.05,0.0,wrong,ctmle,estimated,xgboost,xgboost,targeting,1.0,0.0|0.25|0.5|1.0,-1.0,1.0,obsval,4.0,0.1,0,0.1,legacy,4.0,4,50,3,51.56972094500088,0.0029368126996734967,0.0029368126996734967,0.0029368126996734967,0.0,5.4885144334980776e-08,7.31934637046485e-08,0.0,0.25,0.0,nan,nan,nan,nan,nan,nan,nan,0.156,0.111,0.0,0.0,384,25,0.8205128205128205,0.07507507507507508,0.0026551973068935793,0.0026551973068935793,0.0,0.0208675095383353,0.0208675095383353,0.0,0.5178654097074464,0.5178654097074464,0.5931128748744782,0.5931128748744782
s0_chunk22_rep04,22,high_response_placebo,regional_shift,box,3000,0.05,0.0,wrong,ctmle,estimated,xgboost,xgboost,targeting,1.0,0.0|0.25|0.5|1.0,-1.0,1.0,obsval,4.0,0.1,0,0.1,legacy,4.0,4,50,4,68.74426957601099,-0.007092322191250944,-0.007092322191250944,-0.007092322191250944,0.0,1.5608382034505014e-07,-2.7532662511387364e-06,0.0,0.25,0.0,nan,nan,nan,nan,nan,nan,nan,0.153,0.10533333333333333,0.0,0.0,358,14,0.7799564270152506,0.04430379746835443,-0.0012796844437170166,-0.0012796844437170166,0.0,-0.005408757069606819,-0.005408757069606819,0.0,0.5664495075856736,0.5664495075856736,0.651619469432768,0.651619469432768
s0_chunk23_rep01,23,high_response_placebo,regional_shift,box,3000,0.05,0.0,wrong,ctmle,estimated,xgboost,xgboost,targeting,1.0,0.0|0.25|0.5|1.0,-1.0,1.0,obsval,4.0,0.1,0,0.1,legacy,4.0,4,50,1,17.04188415198587,-0.0025530685468003744,-0.0025530685468003744,-0.0025530685468003744,0.0,9.129159564175322e-08,-2.0744678595681658e-06,0.0,0.5,0.0,nan,nan,nan,nan,nan,nan,nan,0.15533333333333332,0.091,0.0,0.0,380,11,0.8154506437768241,0.040293040293040296,0.0007734971096649308,0.0007734971096649308,0.0,-0.01665834851326912,-0.01665834851326912,0.0,0.5422900059016156,0.5422900059016156,0.6598994451619777,0.6598994451619777
s0_chunk23_rep02,23,high_response_placebo,regional_shift,box,3000,0.05,0.0,wrong,ctmle,estimated,xgboost,xgboost,targeting,1.0,0.0|0.25|0.5|1.0,-1.0,1.0,obsval,4.0,0.1,0,0.1,legacy,4.0,4,50,2,34.17347177499323,-0.01102997608019951,-0.01102997608019951,-0.01102997608019951,0.0,4.6561798316057876e-08,-4.978170541807339e-10,0.0,0.5,0.0,nan,nan,nan,nan,nan,nan,nan,0.16166666666666665,0.104,0.0,0.0,393,17,0.8103092783505155,0.05448717948717949,0.00065739602493994,0.00065739602493994,0.0,0.03005596425027942,0.03005596425027942,0.0,0.5581142172509391,0.5581142172509391,0.6318718688170453,0.6318718688170453
s0_chunk23_rep03,23,high_response_placebo,regional_shift,box,3000,0.05,0.0,wrong,ctmle,estimated,xgboost,xgboost,targeting,1.0,0.0|0.25|0.5|1.0,-1.0,1.0,obsval,4.0,0.1,0,0.1,legacy,4.0,4,50,3,51.20982834798633,0.03123943739076812,0.03123943739076812,0.03123943739076812,0.0,1.9833931184714756e-08,3.8810162401024285e-07,0.0,0.5,0.0,nan,nan,nan,nan,nan,nan,nan,0.14833333333333334,0.098,0.0,0.0,342,12,0.7685393258426966,0.04081632653061224,-0.00037791641940420386,-0.00037791641940420386,0.0,0.0005568920621987568,0.0005568920621987568,0.0,0.5336440455584736,0.5336440455584736,0.5004602951052526,0.5004602951052526
s0_chunk23_rep04,23,high_response_placebo,regional_shift,box,3000,0.05,0.0,wrong,ctmle,estimated,xgboost,xgboost,targeting,1.0,0.0|0.25|0.5|1.0,-1.0,1.0,obsval,4.0,0.1,0,0.1,legacy,4.0,4,50,4,68.2979705100006,0.006223540253662674,0.006223540253662674,0.006223540253662674,0.0,1.9966891679542437e-08,-9.641075929575464e-07,0.0,0.5,0.0,nan,nan,nan,nan,nan,nan,nan,0.155,0.10433333333333333,0.0,0.0,379,18,0.8150537634408602,0.05750798722044728,0.00013594825544513317,0.00013594825544513317,0.0,0.010029098135343681,0.010029098135343681,0.0,0.547521813885377,0.547521813885377,0.5353425554904845,0.5353425554904845
s3_chunk00_rep01,0,low_response,regional_shift,box,3000,0.05,3.0,true,ctmle,estimated,xgboost,xgboost,targeting,1.0,0.0|0.25|0.5|1.0,-1.0,1.0,obsval,4.0,0.1,0,0.1,legacy,4.0,4,50,1,16.924304539017612,-0.12608740994126533,-0.10394482726150711,-0.12608740994126533,0.022142582679758216,0.0013561785632436206,-8.032634432753602e-05,0.0,0.25,1.0,nan,nan,nan,nan,nan,nan,nan,0.106,0.106,1.0,1.0,12,12,0.03773584905660377,0.03773584905660377,-0.09126375358481016,-0.07349951502953339,0.01776423855527677,-0.09126375358481016,-0.07349951502953339,0.01776423855527677,1.614416415578473,1.4827690720456697,1.614416415578473,1.4827690720456697
s3_chunk00_rep02,0,low_response,regional_shift,box,3000,0.05,3.0,true,ctmle,estimated,xgboost,xgboost,targeting,1.0,0.0|0.25|0.5|1.0,-1.0,1.0,obsval,4.0,0.1,0,0.1,legacy,4.0,4,50,2,34.12732500000857,-0.1523164142000396,-0.1523164142000396,-0.1523164142000396,0.0,0.00017649859325652743,-0.00015274628046964256,0.0,0.05,0.0,nan,nan,nan,nan,nan,nan,nan,0.101,0.101,1.0,1.0,15,15,0.04950495049504951,0.04950495049504951,-0.02377372591383989,-0.02377372591383989,0.0,-0.02377372591383989,-0.02377372591383989,0.0,1.824557144205545,1.824557144205545,1.824557144205545,1.824557144205545
s3_chunk00_rep03,0,low_response,regional_shift,box,3000,0.05,3.0,true,ctmle,estimated,xgboost,xgboost,targeting,1.0,0.0|0.25|0.5|1.0,-1.0,1.0,obsval,4.0,0.1,0,0.1,legacy,4.0,4,50,3,51.433322682016296,-0.07059800757817947,-0.07059800757817947,-0.07059800757817947,0.0,9.999399893390135e-05,-0.00012106965550827929,0.0,0.5,0.0,nan,nan,nan,nan,nan,nan,nan,0.10633333333333334,0.10633333333333334,1.0,1.0,19,19,0.05956112852664577,0.05956112852664577,-0.06358095796060206,-0.06358095796060206,0.0,-0.06358095796060206,-0.06358095796060206,0.0,1.2187824596511199,1.2187824596511199,1.2187824596511199,1.2187824596511199
s3_chunk00_rep04,0,low_response,regional_shift,box,3000,0.05,3.0,true,ctmle,estimated,xgboost,xgboost,targeting,1.0,0.0|0.25|0.5|1.0,-1.0,1.0,obsval,4.0,0.1,0,0.1,legacy,4.0,4,50,4,68.81357460099389,-0.037159430082359224,0.013825894365059654,0.0033601887025325045,0.05098532444741888,0.0002667986993875678,-5.854422376406609e-05,0.7947310176809717,0.05,1.0,nan,nan,nan,nan,nan,nan,nan,0.10933333333333334,0.10933333333333334,1.0,1.0,23,23,0.0701219512195122,0.0701219512195122,-0.01355772635258979,-0.010475660965783598,0.0030820653868061914,-0.01355772635258979,-0.010475660965783598,0.0030820653868061914,1.2341826849307058,1.0882640393168406,1.2341826849307058,1.0882640393168406
s3_chunk01_rep01,1,low_response,regional_shift,box,3000,0.05,3.0,true,ctmle,estimated,xgboost,xgboost,targeting,1.0,0.0|0.25|0.5|1.0,-1.0,1.0,obsval,4.0,0.1,0,0.1,legacy,4.0,4,50,1,17.189409237995278,-0.04618574677933285,-0.017899679220483966,-0.033635296649322466,0.028286067558848882,0.00022254936883616284,-8.333192530382951e-05,0.44369724083771267,0.05,1.0,nan,nan,nan,nan,nan,nan,nan,0.10466666666666667,0.10466666666666667,1.0,1.0,20,20,0.06369426751592357,0.06369426751592357,-0.017689115949008703,-0.01606148514767186,0.001627630801336842,-0.017689115949008703,-0.01606148514767186,0.001627630801336842,1.1661659112853344,1.1379567596631186,1.1661659112853344,1.1379567596631186
s3_chunk01_rep02,1,low_response,regional_shift,box,3000,0.05,3.0,true,ctmle,estimated,xgboost,xgboost,targeting,1.0,0.0|0.25|0.5|1.0,-1.0,1.0,obsval,4.0,0.1,0,0.1,legacy,4.0,4,50,2,34.29993553398526,-0.10452871166619537,-0.047108318970765395,-0.061658849672886734,0.05742039269542998,0.00041774859342135883,-0.00022230421959174886,0.7465964613077368,0.05,1.0,nan,nan,nan,nan,nan,nan,nan,0.099,0.099,1.0,1.0,10,10,0.03367003367003367,0.03367003367003367,-0.005082964980250292,-0.0033923972170808734,0.0016905677631694187,-0.005082964980250292,-0.0033923972170808734,0.0016905677631694187,1.7338026074866846,1.5797561632711512,1.7338026074866846,1.5797561632711512
s3_chunk01_rep03,1,low_response,regional_shift,box,3000,0.05,3.0,true,ctmle,estimated,xgboost,xgboost,targeting,1.0,0.0|0.25|0.5|1.0,-1.0,1.0,obsval,4.0,0.1,0,0.1,legacy,4.0,4,50,3,51.387537859991426,-0.14756359033912608,-0.1049230953862132,-0.13424705934374992,0.04264049495291289,0.0006251941685653721,-0.0005223858387677456,0.31229775850588415,0.05,1.0,nan,nan,nan,nan,nan,nan,nan,0.09033333333333333,0.09033333333333333,1.0,1.0,9,9,0.033210332103321034,0.033210332103321034,-0.014043235410381097,-0.01259539190770945,0.0014478435026716464,-0.014043235410381097,-0.01259539190770945,0.0014478435026716464,1.706356603679572,1.39173028091578,1.706356603679572,1.39173028091578
s3_chunk01_rep04,1,low_response,regional_shift,box,3000,0.05,3.0,true,ctmle,estimated,xgboost,xgboost,targeting,1.0,0.0|0.25|0.5|1.0,-1.0,1.0,obsval,4.0,0.1,0,0.1,legacy,4.0,4,50,4,68.73895101499511,-0.03815167617955739,-0.023350084944354643,-0.03815167617955739,0.014801591235202749,0.00022648192789873588,-2.9589049791055397e-05,0.0,0.05,0.5,nan,nan,nan,nan,nan,nan,nan,0.10066666666666667,0.10066666666666667,1.0,1.0,21,21,0.0695364238410596,0.0695364238410596,-0.007896965914679881,-0.007023607227394527,0.0008733586872853539,-0.007896965914679881,-0.007023607227394527,0.0008733586872853539,0.8677354813740044,0.8256985450570183,0.8677354813740044,0.8256985450570183
s3_chunk02_rep01,2,low_response,regional_shift,box,3000,0.05,3.0,true,ctmle,estimated,xgboost,xgboost,targeting,1.0,0.0|0.25|0.5|1.0,-1.0,1.0,obsval,4.0,0.1,0,0.1,legacy,4.0,4,50,1,17.056681203015614,-0.13435051124809166,-0.11543352609433222,-0.13435051124809166,0.018916985153759447,0.0011908246136340928,-0.0006834518849488768,0.0,0.25,1.0,nan,nan,nan,nan,nan,nan,nan,0.09866666666666667,0.09866666666666667,1.0,1.0,11,11,0.037162162162162164,0.037162162162162164,-0.1274816450482243,-0.11232441665682749,0.015157228391396799,-0.1274816450482243,-0.11232441665682749,0.015157228391396799,1.880532726770426,1.7295875258382074,1.880532726770426,1.7295875258382074
s3_chunk02_rep02,2,low_response,regional_shift,box,3000,0.05,3.0,true,ctmle,estimated,xgboost,xgboost,targeting,1.0,0.0|0.25|0.5|1.0,-1.0,1.0,obsval,4.0,0.1,0,0.1,legacy,4.0,4,50,2,33.974266283999896,-0.1122718387340465,-0.09429957598698036,-0.1122718387340465,0.017972262747066148,0.0016514524691433633,-0.0004871237588955622,0.0,0.25,1.0,nan,nan,nan,nan,nan,nan,nan,0.1,0.1,1.0,1.0,8,8,0.02666666666666667,0.02666666666666667,-0.10600307281344415,-0.09160975134523247,0.014393321468211678,-0.10600307281344415,-0.09160975134523247,0.014393321468211678,1.7808707299701576,1.6651696367058064,1.7808707299701576,1.6651696367058064
s3_chunk02_rep03,2,low_response,regional_shift,box,3000,0.05,3.0,true,ctmle,estimated,xgboost,xgboost,targeting,1.0,0.0|0.25|0.5|1.0,-1.0,1.0,obsval,4.0,0.1,0,0.1,legacy,4.0,4,50,3,51.231010349991266,-0.04541211870862316,-0.04541211870862316,-0.04541211870862316,0.0,0.00025228593793377805,-1.6082929937549003e-05,0.0,0.05,0.0,nan,nan,nan,nan,nan,nan,nan,0.1,0.1,1.0,1.0,23,23,0.07666666666666666,0.07666666666666666,-0.006088853739367748,-0.006088853739367748,0.0,-0.006088853739367748,-0.006088853739367748,0.0,1.0287134917792315,1.0287134917792315,1.0287134917792315,1.0287134917792315
s3_chunk02_rep04,2,low_response,regional_shift,box,3000,0.05,3.0,true,ctmle,estimated,xgboost,xgboost,targeting,1.0,0.0|0.25|0.5|1.0,-1.0,1.0,obsval,4.0,0.1,0,0.1,legacy,4.0,4,50,4,68.29511211300269,-0.09379230359994473,-0.08912483111965663,-0.09379230359994473,0.004667472480288093,0.00027895268696552684,-9.422255003901296e-05,0.0,0.05,0.25,nan,nan,nan,nan,nan,nan,nan,0.10033333333333333,0.10033333333333333,1.0,1.0,21,21,0.06976744186046512,0.06976744186046512,-0.02690055510288333,-0.026576411764183523,0.00032414333869980674,-0.02690055510288333,-0.026576411764183523,0.00032414333869980674,1.564498001107988,1.528830529487962,1.564498001107988,1.528830529487962
s3_chunk03_rep01,3,low_response,regional_shift,box,3000,0.05,3.0,true,ctmle,estimated,xgboost,xgboost,targeting,1.0,0.0|0.25|0.5|1.0,-1.0,1.0,obsval,4.0,0.1,0,0.1,legacy,4.0,4,50,1,17.212522123998497,-0.12095952199900922,-0.06598642859597992,-0.1189919329358979,0.054973093403029305,0.0014569382704764933,-0.00023881774016091357,0.03579185636664395,0.05,0.5,nan,nan,nan,nan,nan,nan,nan,0.09966666666666667,0.09966666666666667,1.0,1.0,11,11,0.03678929765886288,0.03678929765886288,-0.01047499851381648,-0.00896363518622422,0.0015113633275922606,-0.01047499851381648,-0.00896363518622422,0.0015113633275922606,1.3212685204082342,0.9839733247833268,1.3212685204082342,0.9839733247833268
s3_chunk03_rep02,3,low_response,regional_shift,box,3000,0.05,3.0,true,ctmle,estimated,xgboost,xgboost,targeting,1.0,0.0|0.25|0.5|1.0,-1.0,1.0,obsval,4.0,0.1,0,0.1,legacy,4.0,4,50,2,34.410241168981884,-0.1067450525116711,-0.10200643089343142,-0.1067450525116711,0.00473862161823968,0.0003375859811987291,-0.0001318629231697988,0.0,0.5,1.0,nan,nan,nan,nan,nan,nan,nan,0.10366666666666667,0.10366666666666667,1.0,1.0,19,19,0.06109324758842444,0.06109324758842444,-0.08641622987287739,-0.08215012975897591,0.00426610011390148,-0.08641622987287739,-0.08215012975897591,0.00426610011390148,1.5967223212068675,1.5722806885414673,1.5967223212068675,1.5722806885414673
s3_chunk03_rep03,3,low_response,regional_shift,box,3000,0.05,3.0,true,ctmle,estimated,xgboost,xgboost,targeting,1.0,0.0|0.25|0.5|1.0,-1.0,1.0,obsval,4.0,0.1,0,0.1,legacy,4.0,4,50,3,51.706709851976484,-0.1350412329553004,-0.12839561515368575,-0.1350412329553004,0.006645617801614656,0.0003623666241229376,-0.0001516026021598743,0.0,0.5,1.0,nan,nan,nan,nan,nan,nan,nan,0.11,0.11,1.0,1.0,19,19,0.05757575757575758,0.05757575757575758,-0.11169997092288131,-0.10571706842468519,0.0059829024981961215,-0.11169997092288131,-0.10571706842468519,0.0059829024981961215,1.5120505203232333,1.4681755628745148,1.5120505203232333,1.4681755628745148
s3_chunk03_rep04,3,low_response,regional_shift,box,3000,0.05,3.0,true,ctmle,estimated,xgboost,xgboost,targeting,1.0,0.0|0.25|0.5|1.0,-1.0,1.0,obsval,4.0,0.1,0,0.1,legacy,4.0,4,50,4,69.01615953998407,-0.06710604826477551,-0.05042755149558209,-0.06710604826477551,0.01667849676919342,0.0004179548641951355,-0.00019826276744490433,0.0,0.05,0.25,nan,nan,nan,nan,nan,nan,nan,0.10133333333333333,0.10133333333333333,1.0,1.0,19,19,0.0625,0.0625,-0.010661770954875848,-0.009770434238519478,0.0008913367163563696,-0.010661770954875848,-0.009770434238519478,0.0008913367163563696,1.4910513537493708,1.4077465291121094,1.4910513537493708,1.4077465291121094
s3_chunk04_rep01,4,low_response,regional_shift,box,3000,0.05,3.0,true,ctmle,estimated,xgboost,xgboost,targeting,1.0,0.0|0.25|0.5|1.0,-1.0,1.0,obsval,4.0,0.1,0,0.1,legacy,4.0,4,50,1,17.1918064999918,-0.07352343833694741,-0.0373408866615228,-0.052153309366986825,0.03618255167542461,0.00026797562498934255,-6.451376156528413e-05,0.5906197318989885,0.05,1.0,nan,nan,nan,nan,nan,nan,nan,0.1,0.1,1.0,1.0,19,19,0.06333333333333334,0.06333333333333334,-0.0160242721445958,-0.014212026715703766,0.0018122454288920335,-0.0160242721445958,-0.014212026715703766,0.0018122454288920335,1.3902275952784457,1.247004851866341,1.3902275952784457,1.247004851866341
s3_chunk04_rep02,4,low_response,regional_shift,box,3000,0.05,3.0,true,ctmle,estimated,xgboost,xgboost,targeting,1.0,0.0|0.25|0.5|1.0,-1.0,1.0,obsval,4.0,0.1,0,0.1,legacy,4.0,4,50,2,34.48365630899207,-0.0391247904188029,-0.0391247904188029,-0.0391247904188029,0.0,0.00021876823246299313,-0.0001429599742850333,0.0,0.05,0.0,nan,nan,nan,nan,nan,nan,nan,0.101,0.101,1.0,1.0,18,18,0.0594059405940594,0.0594059405940594,-0.013574832913924197,-0.013574832913924197,0.0,-0.013574832913924197,-0.013574832913924197,0.0,1.3879013608250603,1.3879013608250603,1.3879013608250603,1.3879013608250603
s3_chunk04_rep03,4,low_response,regional_shift,box,3000,0.05,3.0,true,ctmle,estimated,xgboost,xgboost,targeting,1.0,0.0|0.25|0.5|1.0,-1.0,1.0,obsval,4.0,0.1,0,0.1,legacy,4.0,4,50,3,51.74579967997852,-0.059941800524964894,-0.016431719485338614,-0.026868804823468935,0.04351008103962628,0.00022705921443977274,-7.543483975205379e-05,0.7601225948390014,0.05,1.0,nan,nan,nan,nan,nan,nan,nan,0.095,0.095,1.0,1.0,13,13,0.0456140350877193,0.0456140350877193,-0.009653486468915732,-0.008118504226517267,0.0015349822423984649,-0.009653486468915732,-0.008118504226517267,0.0015349822423984649,1.3537751531804267,1.297373051291536,1.3537751531804267,1.297373051291536
s3_chunk04_rep04,4,low_response,regional_shift,box,3000,0.05,3.0,true,ctmle,estimated,xgboost,xgboost,targeting,1.0,0.0|0.25|0.5|1.0,-1.0,1.0,obsval,4.0,0.1,0,0.1,legacy,4.0,4,50,4,69.07858019298874,-0.12854004243981776,-0.12854004243981776,-0.12854004243981776,0.0,0.00036906102234271596,-0.00014607699601735613,0.0,0.05,0.0,nan,nan,nan,nan,nan,nan,nan,0.10433333333333333,0.10433333333333333,1.0,1.0,14,14,0.04472843450479233,0.04472843450479233,-0.016410928519529112,-0.016410928519529112,0.0,-0.016410928519529112,-0.016410928519529112,0.0,1.3311096579637698,1.3311096579637698,1.3311096579637698,1.3311096579637698
s3_chunk05_rep01,5,low_response,regional_shift,box,3000,0.05,3.0,true,ctmle,estimated,xgboost,xgboost,targeting,1.0,0.0|0.25|0.5|1.0,-1.0,1.0,obsval,4.0,0.1,0,0.1,legacy,4.0,4,50,1,17.029816377995303,-0.013188641748517416,0.010089926392711668,-0.013188641748517416,0.023278568141229083,0.00040524781950004515,-0.0002455592139631055,0.0,0.1,1.0,nan,nan,nan,nan,nan,nan,nan,0.10133333333333333,0.10133333333333333,1.0,1.0,20,20,0.06578947368421052,0.06578947368421052,-0.030599995034821206,-0.01851600939771264,0.012083985637108566,-0.030599995034821206,-0.01851600939771264,0.012083985637108566,1.1792796993262973,1.1183514942319948,1.1792796993262973,1.1183514942319948
s3_chunk05_rep02,5,low_response,regional_shift,box,3000,0.05,3.0,true,ctmle,estimated,xgboost,xgboost,targeting,1.0,0.0|0.25|0.5|1.0,-1.0,1.0,obsval,4.0,0.1,0,0.1,legacy,4.0,4,50,2,34.12379485799465,-0.12400636955929878,-0.12255405442411571,-0.12400636955929878,0.0014523151351830688,0.00018942675593994424,-0.00012668011785940984,0.0,0.5,1.0,nan,nan,nan,nan,nan,nan,nan,0.09666666666666666,0.09666666666666666,1.0,1.0,15,15,0.05172413793103448,0.05172413793103448,-0.09828222770275609,-0.09697505076201529,0.001307176940740798,-0.09828222770275609,-0.09697505076201529,0.001307176940740798,1.5198570069431903,1.5093097099717714,1.5198570069431903,1.5093097099717714
s3_chunk05_rep03,5,low_response,regional_shift,box,3000,0.05,3.0,true,ctmle,estimated,xgboost,xgboost,targeting,1.0,0.0|0.25|0.5|1.0,-1.0,1.0,obsval,4.0,0.1,0,0.1,legacy,4.0,4,50,3,51.29566462399089,-0.10542628691721595,-0.09148217072700654,-0.10542628691721595,0.01394411619020941,0.0008606277276778599,-0.000302793109215125,0.0,0.25,1.0,nan,nan,nan,nan,nan,nan,nan,0.097,0.097,1.0,1.0,14,14,0.048109965635738834,0.048109965635738834,-0.06761437779175432,-0.056439709310747606,0.011174668481006712,-0.06761437779175432,-0.056439709310747606,0.011174668481006712,1.4030878836097405,1.3130880496981232,1.4030878836097405,1.3130880496981232
s3_chunk05_rep04,5,low_response,regional_shift,box,3000,0.05,3.0,true,ctmle,estimated,xgboost,xgboost,targeting,1.0,0.0|0.25|0.5|1.0,-1.0,1.0,obsval,4.0,0.1,0,0.1,legacy,4.0,4,50,4,68.34693480998976,-0.029605642217935935,0.02196101245793014,0.0005608297081056354,0.051566654675866075,0.0005517679169303132,-0.00013097931126951714,0.584999591609341,0.05,1.0,nan,nan,nan,nan,nan,nan,nan,0.10033333333333333,0.10033333333333333,1.0,1.0,16,16,0.053156146179401995,0.053156146179401995,-0.013802957069567658,-0.011282273424327983,0.002520683645239675,-0.013802957069567658,-0.011282273424327983,0.002520683645239675,1.2163971591526335,1.0365642538944475,1.2163971591526335,1.0365642538944475
s3_chunk06_rep01,6,low_response,regional_shift,box,3000,0.05,3.0,true,ctmle,estimated,xgboost,xgboost,targeting,1.0,0.0|0.25|0.5|1.0,-1.0,1.0,obsval,4.0,0.1,0,0.1,legacy,4.0,4,50,1,17.060884499020176,-0.06871006463223128,-0.062065147263695164,-0.06871006463223128,0.0066449173685361185,0.00029012940514154366,-0.0003138031904688049,0.0,0.5,1.0,nan,nan,nan,nan,nan,nan,nan,0.10633333333333334,0.10633333333333334,1.0,1.0,22,22,0.06896551724137931,0.06896551724137931,-0.05247614645324315,-0.046494901343329634,0.005981245109913519,-0.05247614645324315,-0.046494901343329634,0.005981245109913519,1.2679061526539468,1.2390287822823223,1.2679061526539468,1.2390287822823223
s3_chunk06_rep02,6,low_response,regional_shift,box,3000,0.05,3.0,true,ctmle,estimated,xgboost,xgboost,targeting,1.0,0.0|0.25|0.5|1.0,-1.0,1.0,obsval,4.0,0.1,0,0.1,legacy,4.0,4,50,2,34.13026392302709,-0.10154774354826157,-0.10154774354826157,-0.10154774354826157,0.0,0.00023616756104653238,5.1354448937364914e-05,0.0,0.1,0.0,nan,nan,nan,nan,nan,nan,nan,0.09333333333333334,0.09333333333333334,1.0,1.0,17,17,0.060714285714285714,0.060714285714285714,-0.05240901263517631,-0.05240901263517631,0.0,-0.05240901263517631,-0.05240901263517631,0.0,1.40577182246401,1.40577182246401,1.40577182246401,1.40577182246401
s3_chunk06_rep03,6,low_response,regional_shift,box,3000,0.05,3.0,true,ctmle,estimated,xgboost,xgboost,targeting,1.0,0.0|0.25|0.5|1.0,-1.0,1.0,obsval,4.0,0.1,0,0.1,legacy,4.0,4,50,3,51.198776165023446,-0.06730074003189401,-0.055141974149388484,-0.06730074003189401,0.012158765882505529,0.000672151122770488,-2.868594995237921e-05,0.0,0.5,1.0,nan,nan,nan,nan,nan,nan,nan,0.10166666666666667,0.10166666666666667,1.0,1.0,14,14,0.04590163934426229,0.04590163934426229,-0.06730830268601949,-0.056362503537250065,0.010945799148769426,-0.06730830268601949,-0.056362503537250065,0.010945799148769426,1.3353672551079065,1.2673128394352098,1.3353672551079065,1.2673128394352098
s3_chunk06_rep04,6,low_response,regional_shift,box,3000,0.05,3.0,true,ctmle,estimated,xgboost,xgboost,targeting,1.0,0.0|0.25|0.5|1.0,-1.0,1.0,obsval,4.0,0.1,0,0.1,legacy,4.0,4,50,4,68.29268102301285,-0.0824663022534905,-0.07500807892492978,-0.0824663022534905,0.00745822332856072,0.00020003012931563017,-0.00019419801284458783,0.0,0.25,1.0,nan,nan,nan,nan,nan,nan,nan,0.09966666666666667,0.09966666666666667,1.0,1.0,17,17,0.056856187290969896,0.056856187290969896,-0.0604179342121879,-0.05443583254294078,0.00598210166924712,-0.0604179342121879,-0.05443583254294078,0.00598210166924712,1.3115496761745025,1.2706343502487631,1.3115496761745025,1.2706343502487631
s3_chunk07_rep01,7,low_response,regional_shift,box,3000,0.05,3.0,true,ctmle,estimated,xgboost,xgboost,targeting,1.0,0.0|0.25|0.5|1.0,-1.0,1.0,obsval,4.0,0.1,0,0.1,legacy,4.0,4,50,1,17.14864155300893,-0.06817315092492693,-0.06817315092492693,-0.06817315092492693,0.0,0.00022032852483835864,-1.4337556446036934e-05,0.0,0.5,0.0,nan,nan,nan,nan,nan,nan,nan,0.105,0.105,1.0,1.0,21,21,0.06666666666666667,0.06666666666666667,-0.036858169302907695,-0.036858169302907695,0.0,-0.036858169302907695,-0.036858169302907695,0.0,1.198215120919419,1.198215120919419,1.198215120919419,1.198215120919419
s3_chunk07_rep02,7,low_response,regional_shift,box,3000,0.05,3.0,true,ctmle,estimated,xgboost,xgboost,targeting,1.0,0.0|0.25|0.5|1.0,-1.0,1.0,obsval,4.0,0.1,0,0.1,legacy,4.0,4,50,2,34.390799654007424,-0.1231554498198526,-0.1017416121439853,-0.1231554498198526,0.021413837675867298,0.00033081529001500673,-3.774984986371684e-05,0.0,0.05,0.5,nan,nan,nan,nan,nan,nan,nan,0.09133333333333334,0.09133333333333334,1.0,1.0,14,14,0.051094890510948905,0.051094890510948905,-0.012635222450539794,-0.011627032244721482,0.0010081902058183129,-0.012635222450539794,-0.011627032244721482,0.0010081902058183129,1.769349699444295,1.5988445244709812,1.769349699444295,1.5988445244709812
s3_chunk07_rep03,7,low_response,regional_shift,box,3000,0.05,3.0,true,ctmle,estimated,xgboost,xgboost,targeting,1.0,0.0|0.25|0.5|1.0,-1.0,1.0,obsval,4.0,0.1,0,0.1,legacy,4.0,4,50,3,51.649501053005224,-0.10691949423968228,-0.10099457860064875,-0.10691949423968228,0.005924915639033523,0.00030148621707974015,-6.858357685059517e-05,0.0,0.25,1.0,nan,nan,nan,nan,nan,nan,nan,0.10833333333333334,0.10833333333333334,1.0,1.0,15,15,0.046153846153846156,0.046153846153846156,-0.09536572345506382,-0.09061230152290912,0.0047534219321546944,-0.09536572345506382,-0.09061230152290912,0.0047534219321546944,1.3867632773002214,1.344989121459786,1.3867632773002214,1.344989121459786
s3_chunk07_rep04,7,low_response,regional_shift,box,3000,0.05,3.0,true,ctmle,estimated,xgboost,xgboost,targeting,1.0,0.0|0.25|0.5|1.0,-1.0,1.0,obsval,4.0,0.1,0,0.1,legacy,4.0,4,50,4,68.78044385201065,-0.17186072267406227,-0.17186072267406227,-0.17186072267406227,0.0,0.0002628363984248953,-0.0001462572959049493,0.0,0.5,0.0,nan,nan,nan,nan,nan,nan,nan,0.1,0.1,1.0,1.0,10,10,0.03333333333333333,0.03333333333333333,-0.1386712623969166,-0.1386712623969166,0.0,-0.1386712623969166,-0.1386712623969166,0.0,2.0526847105080255,2.0526847105080255,2.0526847105080255,2.0526847105080255
s3_chunk08_rep01,8,low_response,regional_shift,box,3000,0.05,3.0,true,ctmle,estimated,xgboost,xgboost,targeting,1.0,0.0|0.25|0.5|1.0,-1.0,1.0,obsval,4.0,0.1,0,0.1,legacy,4.0,4,50,1,16.98338119199616,-0.07538642208624713,-0.07538642208624713,-0.07538642208624713,0.0,7.683705570551503e-05,-3.5474346788291625e-05,0.0,0.25,0.0,nan,nan,nan,nan,nan,nan,nan,0.102,0.102,1.0,1.0,17,17,0.05555555555555555,0.05555555555555555,-0.05064233174098842,-0.05064233174098842,0.0,-0.05064233174098842,-0.05064233174098842,0.0,1.1713714876127173,1.1713714876127173,1.1713714876127173,1.1713714876127173
s3_chunk08_rep02,8,low_response,regional_shift,box,3000,0.05,3.0,true,ctmle,estimated,xgboost,xgboost,targeting,1.0,0.0|0.25|0.5|1.0,-1.0,1.0,obsval,4.0,0.1,0,0.1,legacy,4.0,4,50,2,34.36328202098957,-0.17478278568600308,-0.17478278568600308,-0.17478278568600308,0.0,0.00022055134475009982,-6.977522848952461e-05,0.0,0.05,0.0,nan,nan,nan,nan,nan,nan,nan,0.103,0.103,1.0,1.0,21,21,0.06796116504854369,0.06796116504854369,-0.023206408706552432,-0.023206408706552432,0.0,-0.023206408706552432,-0.023206408706552432,0.0,2.032516313672013,2.032516313672013,2.032516313672013,2.032516313672013
s3_chunk08_rep03,8,low_response,regional_shift,box,3000,0.05,3.0,true,ctmle,estimated,xgboost,xgboost,targeting,1.0,0.0|0.25|0.5|1.0,-1.0,1.0,obsval,4.0,0.1,0,0.1,legacy,4.0,4,50,3,51.456227938004304,-0.1709228748553372,-0.15895930808435926,-0.1709228748553372,0.01196356677097793,0.0021908800211881043,-0.000324697306769929,0.0,0.5,1.0,nan,nan,nan,nan,nan,nan,nan,0.101,0.101,1.0,1.0,6,6,0.019801980198019802,0.019801980198019802,-0.15003581311241873,-0.13926510032452846,0.010770712787890269,-0.15003581311241873,-0.13926510032452846,0.010770712787890269,2.1639909014272236,2.0827100112551284,2.1639909014272236,2.0827100112551284
s3_chunk08_rep04,8,low_response,regional_shift,box,3000,0.05,3.0,true,ctmle,estimated,xgboost,xgboost,targeting,1.0,0.0|0.25|0.5|1.0,-1.0,1.0,obsval,4.0,0.1,0,0.1,legacy,4.0,4,50,4,68.5853703400062,-0.08895808126910598,-0.052174899862837965,-0.07235572804257712,0.03678318140626802,0.0003711575319320353,-0.00029470489057192135,0.45135718531675884,0.05,1.0,nan,nan,nan,nan,nan,nan,nan,0.10933333333333334,0.10933333333333334,1.0,1.0,16,16,0.04878048780487805,0.04878048780487805,-0.017621902125057085,-0.015826299403459768,0.001795602721597317,-0.017621902125057085,-0.015826299403459768,0.001795602721597317,1.4802479336371193,1.3543850911596396,1.4802479336371193,1.3543850911596396
s3_chunk09_rep01,9,low_response,regional_shift,box,3000,0.05,3.0,true,ctmle,estimated,xgboost,xgboost,targeting,1.0,0.0|0.25|0.5|1.0,-1.0,1.0,obsval,4.0,0.1,0,0.1,legacy,4.0,4,50,1,17.229592474002857,-0.12410499620333226,-0.09007135318093518,-0.12410499620333226,0.034033643022397086,0.0009835712559332936,-0.00044033232221174566,0.0,0.05,1.0,nan,nan,nan,nan,nan,nan,nan,0.09833333333333333,0.09833333333333333,1.0,1.0,11,11,0.03728813559322034,0.03728813559322034,-0.011509221073046617,-0.010187096652008506,0.0013221244210381115,-0.011509221073046617,-0.010187096652008506,0.0013221244210381115,1.6556903416799233,1.3910536877269035,1.6556903416799233,1.3910536877269035
s3_chunk09_rep02,9,low_response,regional_shift,box,3000,0.05,3.0,true,ctmle,estimated,xgboost,xgboost,targeting,1.0,0.0|0.25|0.5|1.0,-1.0,1.0,obsval,4.0,0.1,0,0.1,legacy,4.0,4,50,2,34.394416922994424,0.00613034444493854,0.05961947034790849,0.03765529479628402,0.05348912590296995,0.000587422275717888,-0.0003222681906087173,0.5893712005788279,0.05,1.0,nan,nan,nan,nan,nan,nan,nan,0.10033333333333333,0.10033333333333333,1.0,1.0,16,16,0.053156146179401995,0.053156146179401995,-0.009344835489909735,-0.006177364994264763,0.0031674704956449725,-0.009344835489909735,-0.006177364994264763,0.0031674704956449725,1.1973016679544335,1.130499684285236,1.1973016679544335,1.130499684285236
s3_chunk09_rep03,9,low_response,regional_shift,box,3000,0.05,3.0,true,ctmle,estimated,xgboost,xgboost,targeting,1.0,0.0|0.25|0.5|1.0,-1.0,1.0,obsval,4.0,0.1,0,0.1,legacy,4.0,4,50,3,51.71036427898798,-0.09815266934991274,-0.06229251027151206,-0.08531568383793153,0.03586015907840068,0.00041280733329071605,-7.15784249918903e-05,0.35797346810190755,0.05,1.0,nan,nan,nan,nan,nan,nan,nan,0.10433333333333333,0.10433333333333333,1.0,1.0,16,16,0.051118210862619806,0.051118210862619806,-0.018896882304811635,-0.017023007802838813,0.001873874501972822,-0.018896882304811635,-0.017023007802838813,0.001873874501972822,1.6232699387004002,1.4897321846494513,1.6232699387004002,1.4897321846494513
s3_chunk09_rep04,9,low_response,regional_shift,box,3000,0.05,3.0,true,ctmle,estimated,xgboost,xgboost,targeting,1.0,0.0|0.25|0.5|1.0,-1.0,1.0,obsval,4.0,0.1,0,0.1,legacy,4.0,4,50,4,68.9081369350024,-0.06048225959093101,-0.052050576747290744,-0.06048225959093101,0.008431682843640265,0.0020007720321355868,-0.0005039462211361607,0.0,0.5,1.0,nan,nan,nan,nan,nan,nan,nan,0.09466666666666666,0.09466666666666666,1.0,1.0,7,7,0.02464788732394366,0.02464788732394366,-0.0977743478182466,-0.09018583325897044,0.007588514559276172,-0.0977743478182466,-0.09018583325897044,0.007588514559276172,1.5695170115682247,1.5040310171250921,1.5695170115682247,1.5040310171250921
s3_chunk10_rep01,10,low_response,regional_shift,box,3000,0.05,3.0,true,ctmle,estimated,xgboost,xgboost,targeting,1.0,0.0|0.25|0.5|1.0,-1.0,1.0,obsval,4.0,0.1,0,0.1,legacy,4.0,4,50,1,17.054414325015387,-0.1499764065576174,-0.14750202353823572,-0.1499764065576174,0.0024743830193816874,0.00019758709599696292,-0.0001954830760230149,0.0,0.5,1.0,nan,nan,nan,nan,nan,nan,nan,0.09566666666666666,0.09566666666666666,1.0,1.0,8,8,0.027874564459930314,0.027874564459930314,-0.10849448031797948,-0.10626705795649859,0.0022274223614808936,-0.10849448031797948,-0.10626705795649859,0.0022274223614808936,1.5534474610975733,1.532848209785088,1.5534474610975733,1.532848209785088
s3_chunk10_rep02,10,low_response,regional_shift,box,3000,0.05,3.0,true,ctmle,estimated,xgboost,xgboost,targeting,1.0,0.0|0.25|0.5|1.0,-1.0,1.0,obsval,4.0,0.1,0,0.1,legacy,4.0,4,50,2,34.12467329201172,-0.09551654759886546,-0.03293201946018087,-0.053556288814033244,0.06258452813868459,0.0006453800828579923,-7.796984444602938e-05,0.6704573803264939,0.05,1.0,nan,nan,nan,nan,nan,nan,nan,0.09666666666666666,0.09666666666666666,1.0,1.0,13,13,0.04482758620689655,0.04482758620689655,-0.009747652480372494,-0.007437805440130411,0.0023098470402420834,-0.009747652480372494,-0.007437805440130411,0.0023098470402420834,1.2781995442686733,1.1985558912604934,1.2781995442686733,1.1985558912604934
s3_chunk10_rep03,10,low_response,regional_shift,box,3000,0.05,3.0,true,ctmle,estimated,xgboost,xgboost,targeting,1.0,0.0|0.25|0.5|1.0,-1.0,1.0,obsval,4.0,0.1,0,0.1,legacy,4.0,4,50,3,51.43327567601227,-0.04387722440266051,-0.021153468379359386,-0.04387722440266051,0.022723756023301123,0.0002983870941430291,1.5809364406905784e-05,0.0,0.05,1.0,nan,nan,nan,nan,nan,nan,nan,0.09066666666666667,0.09066666666666667,1.0,1.0,11,11,0.04044117647058824,0.04044117647058824,-0.008192708793544029,-0.007042366765439311,0.0011503420281047177,-0.008192708793544029,-0.007042366765439311,0.0011503420281047177,0.9763246615887868,0.9945440247994205,0.9763246615887868,0.9945440247994205
s3_chunk10_rep04,10,low_response,regional_shift,box,3000,0.05,3.0,true,ctmle,estimated,xgboost,xgboost,targeting,1.0,0.0|0.25|0.5|1.0,-1.0,1.0,obsval,4.0,0.1,0,0.1,legacy,4.0,4,50,4,68.67442284600111,-0.12004190831608214,-0.11251430567404958,-0.12004190831608214,0.00752760264203256,0.000665125037194487,-8.436298020365993e-05,0.0,0.5,1.0,nan,nan,nan,nan,nan,nan,nan,0.09333333333333334,0.09333333333333334,1.0,1.0,11,11,0.039285714285714285,0.039285714285714285,-0.1140820508210472,-0.1073059810742977,0.006776069746749505,-0.1140820508210472,-0.1073059810742977,0.006776069746749505,1.7511693973492146,1.69685099804544,1.7511693973492146,1.69685099804544
s3_chunk11_rep01,11,low_response,regional_shift,box,3000,0.05,3.0,true,ctmle,estimated,xgboost,xgboost,targeting,1.0,0.0|0.25|0.5|1.0,-1.0,1.0,obsval,4.0,0.1,0,0.1,legacy,4.0,4,50,1,17.266148846014403,-0.033693803901270525,-0.029028641249107867,-0.033693803901270525,0.004665162652162658,0.0002469820269665173,9.770828698011345e-06,0.0,0.5,1.0,nan,nan,nan,nan,nan,nan,nan,0.09333333333333334,0.09333333333333334,1.0,1.0,14,14,0.05,0.05,-0.03323103816287963,-0.02903063659949063,0.0042004015633890016,-0.03323103816287963,-0.02903063659949063,0.0042004015633890016,1.306283171562877,1.2985058322841616,1.306283171562877,1.2985058322841616
s3_chunk11_rep02,11,low_response,regional_shift,box,3000,0.05,3.0,true,ctmle,estimated,xgboost,xgboost,targeting,1.0,0.0|0.25|0.5|1.0,-1.0,1.0,obsval,4.0,0.1,0,0.1,legacy,4.0,4,50,2,34.52742693701293,-0.09354114161671712,-0.02854868344102468,-0.058582302868712424,0.06499245817569244,0.0009759793772593298,-0.0003359929631029405,0.5378906988484935,0.05,1.0,nan,nan,nan,nan,nan,nan,nan,0.10133333333333333,0.10133333333333333,1.0,1.0,10,10,0.03289473684210526,0.03289473684210526,-0.017559655728607203,-0.014959388854671428,0.002600266873935775,-0.017559655728607203,-0.014959388854671428,0.002600266873935775,1.4945975154569147,1.090766307054618,1.4945975154569147,1.090766307054618
s3_chunk11_rep03,11,low_response,regional_shift,box,3000,0.05,3.0,true,ctmle,estimated,xgboost,xgboost,targeting,1.0,0.0|0.25|0.5|1.0,-1.0,1.0,obsval,4.0,0.1,0,0.1,legacy,4.0,4,50,3,51.73665087201516,-0.08935448430676807,-0.08484251953295185,-0.08935448430676807,0.004511964773816213,0.0001961460895805859,1.000901897569499e-05,0.0,0.5,1.0,nan,nan,nan,nan,nan,nan,nan,0.098,0.098,1.0,1.0,16,16,0.05442176870748299,0.05442176870748299,-0.07982988118485851,-0.07576795463129969,0.004061926553558817,-0.07982988118485851,-0.07576795463129969,0.004061926553558817,1.7126249558845474,1.6913570528219566,1.7126249558845474,1.6913570528219566
s3_chunk11_rep04,11,low_response,regional_shift,box,3000,0.05,3.0,true,ctmle,estimated,xgboost,xgboost,targeting,1.0,0.0|0.25|0.5|1.0,-1.0,1.0,obsval,4.0,0.1,0,0.1,legacy,4.0,4,50,4,68.91753556701588,-0.1048040713209844,-0.1048040713209844,-0.1048040713209844,0.0,0.00043553152345981376,-0.0001250990547237359,0.0,0.25,0.0,nan,nan,nan,nan,nan,nan,nan,0.09466666666666666,0.09466666666666666,1.0,1.0,19,19,0.06690140845070422,0.06690140845070422,-0.05798193326685139,-0.05798193326685139,0.0,-0.05798193326685139,-0.05798193326685139,0.0,1.2263763512169625,1.2263763512169625,1.2263763512169625,1.2263763512169625
s3_chunk12_rep01,12,low_response,regional_shift,box,3000,0.05,3.0,true,ctmle,estimated,xgboost,xgboost,targeting,1.0,0.0|0.25|0.5|1.0,-1.0,1.0,obsval,4.0,0.1,0,0.1,legacy,4.0,4,50,1,17.058881439006655,-0.10925255405158318,-0.05156014294114353,-0.08198299463160073,0.057692411110439656,0.0008775838334388955,-3.005324643721454e-05,0.4726715159777388,0.05,1.0,nan,nan,nan,nan,nan,nan,nan,0.10166666666666667,0.10166666666666667,1.0,1.0,14,14,0.04590163934426229,0.04590163934426229,-0.010667265269843792,-0.008632704997483358,0.002034560272360434,-0.010667265269843792,-0.008632704997483358,0.002034560272360434,1.2050834173582805,0.9488204518837424,1.2050834173582805,0.9488204518837424
s3_chunk12_rep02,12,low_response,regional_shift,box,3000,0.05,3.0,true,ctmle,estimated,xgboost,xgboost,targeting,1.0,0.0|0.25|0.5|1.0,-1.0,1.0,obsval,4.0,0.1,0,0.1,legacy,4.0,4,50,2,34.047769621014595,-0.03242614762369844,-0.02513750869550513,-0.03242614762369844,0.007288638928193314,0.000318331894257506,-0.00016538082439418325,0.0,0.5,1.0,nan,nan,nan,nan,nan,nan,nan,0.08866666666666667,0.08866666666666667,1.0,1.0,22,22,0.08270676691729323,0.08270676691729323,-0.04534572172433381,-0.03878257093231561,0.006563150792018198,-0.04534572172433381,-0.03878257093231561,0.006563150792018198,1.2977194337430884,1.265339700380018,1.2977194337430884,1.265339700380018
s3_chunk12_rep03,12,low_response,regional_shift,box,3000,0.05,3.0,true,ctmle,estimated,xgboost,xgboost,targeting,1.0,0.0|0.25|0.5|1.0,-1.0,1.0,obsval,4.0,0.1,0,0.1,legacy,4.0,4,50,3,50.912892207998084,-0.07830572676796721,0.005768900203897087,-0.03834347615676838,0.0840746269718643,0.001854365793682717,-0.000556746339859155,0.4753187977220792,0.05,1.0,nan,nan,nan,nan,nan,nan,nan,0.11466666666666667,0.11466666666666667,1.0,1.0,13,13,0.0377906976744186,0.0377906976744186,-0.0077568831711408315,-0.004730840466542854,0.0030260427045979777,-0.0077568831711408315,-0.004730840466542854,0.0030260427045979777,1.4249393542188955,1.1453514343162425,1.4249393542188955,1.1453514343162425
s3_chunk12_rep04,12,low_response,regional_shift,box,3000,0.05,3.0,true,ctmle,estimated,xgboost,xgboost,targeting,1.0,0.0|0.25|0.5|1.0,-1.0,1.0,obsval,4.0,0.1,0,0.1,legacy,4.0,4,50,4,68.0354441620002,-0.12011482307267451,-0.11570540888574499,-0.12011482307267451,0.004409414186929528,0.0007545095276269599,-0.00018557815890018342,0.0,0.5,1.0,nan,nan,nan,nan,nan,nan,nan,0.11733333333333333,0.11733333333333333,1.0,1.0,16,16,0.045454545454545456,0.045454545454545456,-0.09033440386057348,-0.08636478850001254,0.003969615360560938,-0.09033440386057348,-0.08636478850001254,0.003969615360560938,1.6218143745139175,1.5929463441132294,1.6218143745139175,1.5929463441132294
s3_chunk13_rep01,13,low_response,regional_shift,box,3000,0.05,3.0,true,ctmle,estimated,xgboost,xgboost,targeting,1.0,0.0|0.25|0.5|1.0,-1.0,1.0,obsval,4.0,0.1,0,0.1,legacy,4.0,4,50,1,17.354317441990133,-0.11648143015760715,-0.11648143015760715,-0.11648143015760715,0.0,0.00017020570474602812,7.894740089811527e-06,0.0,0.05,0.0,nan,nan,nan,nan,nan,nan,nan,0.09733333333333333,0.09733333333333333,1.0,1.0,15,15,0.05136986301369863,0.05136986301369863,-0.01629531182746669,-0.01629531182746669,0.0,-0.01629531182746669,-0.01629531182746669,0.0,1.6591632832497007,1.6591632832497007,1.6591632832497007,1.6591632832497007
s3_chunk13_rep02,13,low_response,regional_shift,box,3000,0.05,3.0,true,ctmle,estimated,xgboost,xgboost,targeting,1.0,0.0|0.25|0.5|1.0,-1.0,1.0,obsval,4.0,0.1,0,0.1,legacy,4.0,4,50,2,34.710955829010345,-0.11183697807654036,-0.06476166514271464,-0.07901955624908247,0.04707531293382572,0.0003355973428043383,-0.00013382045221490397,0.6971259410126427,0.05,1.0,nan,nan,nan,nan,nan,nan,nan,0.10233333333333333,0.10233333333333333,1.0,1.0,14,14,0.04560260586319218,0.04560260586319218,-0.01153585729751834,-0.009820946361776849,0.0017149109357414913,-0.01153585729751834,-0.009820946361776849,0.0017149109357414913,1.7053097445869625,1.4438209491217717,1.7053097445869625,1.4438209491217717
s3_chunk13_rep03,13,low_response,regional_shift,box,3000,0.05,3.0,true,ctmle,estimated,xgboost,xgboost,targeting,1.0,0.0|0.25|0.5|1.0,-1.0,1.0,obsval,4.0,0.1,0,0.1,legacy,4.0,4,50,3,51.82800487001077,-0.1043711197328181,-0.025873206512180946,-0.05191650264086164,0.07849791322063715,0.0010221721997442663,-0.00046967738058572954,0.6682294463614621,0.05,1.0,nan,nan,nan,nan,nan,nan,nan,0.11033333333333334,0.11033333333333334,1.0,1.0,16,16,0.04833836858006042,0.04833836858006042,-0.015561095088362049,-0.01043500098249769,0.005126094105864358,-0.015561095088362049,-0.01043500098249769,0.005126094105864358,1.3917980464395092,1.2057873407233486,1.3917980464395092,1.2057873407233486
s3_chunk13_rep04,13,low_response,regional_shift,box,3000,0.05,3.0,true,ctmle,estimated,xgboost,xgboost,targeting,1.0,0.0|0.25|0.5|1.0,-1.0,1.0,obsval,4.0,0.1,0,0.1,legacy,4.0,4,50,4,68.88794013598817,-0.11065203051266082,-0.11065203051266082,-0.11065203051266082,0.0,0.002202150858980169,-0.00027713511332266676,0.0,0.05,0.0,nan,nan,nan,nan,nan,nan,nan,0.09966666666666667,0.09966666666666667,1.0,1.0,7,7,0.023411371237458192,0.023411371237458192,-0.012128077097514615,-0.012128077097514615,0.0,-0.012128077097514615,-0.012128077097514615,0.0,1.6862873243167287,1.6862873243167287,1.6862873243167287,1.6862873243167287
s3_chunk14_rep01,14,low_response,regional_shift,box,3000,0.05,3.0,true,ctmle,estimated,xgboost,xgboost,targeting,1.0,0.0|0.25|0.5|1.0,-1.0,1.0,obsval,4.0,0.1,0,0.1,legacy,4.0,4,50,1,16.940049525990617,-0.12675549331808966,-0.08214844237414398,-0.11130523621534681,0.04460705094394568,0.0006502992941183282,-0.00044622814619973863,0.3463635630644586,0.05,1.0,nan,nan,nan,nan,nan,nan,nan,0.10433333333333333,0.10433333333333333,1.0,1.0,13,13,0.04153354632587859,0.04153354632587859,-0.013380723685923551,-0.011530157677580498,0.0018505660083430533,-0.013380723685923551,-0.011530157677580498,0.0018505660083430533,1.4346040251476193,1.171307674641344,1.4346040251476193,1.171307674641344
s3_chunk14_rep02,14,low_response,regional_shift,box,3000,0.05,3.0,true,ctmle,estimated,xgboost,xgboost,targeting,1.0,0.0|0.25|0.5|1.0,-1.0,1.0,obsval,4.0,0.1,0,0.1,legacy,4.0,4,50,2,33.99664489299175,-0.08396030679179745,-0.010568834736255583,-0.01706119371076109,0.07339147205554186,0.00023824189112598348,7.282669136985569e-05,0.9115379649342343,0.05,1.0,nan,nan,nan,nan,nan,nan,nan,0.11033333333333334,0.11033333333333334,1.0,1.0,17,17,0.0513595166163142,0.0513595166163142,-0.010845543604457025,-0.00792577104840105,0.002919772556055975,-0.010845543604457025,-0.00792577104840105,0.002919772556055975,1.4319709319749474,1.1556089945801602,1.4319709319749474,1.1556089945801602
s3_chunk14_rep03,14,low_response,regional_shift,box,3000,0.05,3.0,true,ctmle,estimated,xgboost,xgboost,targeting,1.0,0.0|0.25|0.5|1.0,-1.0,1.0,obsval,4.0,0.1,0,0.1,legacy,4.0,4,50,3,51.14217330599786,-0.08018333062971006,-0.07540869373093217,-0.08018333062971006,0.004774636898777884,0.00031860432031348223,-0.0002651954598088369,0.0,0.5,1.0,nan,nan,nan,nan,nan,nan,nan,0.104,0.104,1.0,1.0,21,21,0.0673076923076923,0.0673076923076923,-0.06919041763661367,-0.06489215063373766,0.004298267002876013,-0.06919041763661367,-0.06489215063373766,0.004298267002876013,1.1644242741135908,1.1330786842506864,1.1644242741135908,1.1330786842506864
s3_chunk14_rep04,14,low_response,regional_shift,box,3000,0.05,3.0,true,ctmle,estimated,xgboost,xgboost,targeting,1.0,0.0|0.25|0.5|1.0,-1.0,1.0,obsval,4.0,0.1,0,0.1,legacy,4.0,4,50,4,68.23938950899174,-0.08419799021584251,-0.06959544010194252,-0.08419799021584251,0.014602550113899992,0.00028773191616094035,-8.344641182215021e-05,0.0,0.05,0.5,nan,nan,nan,nan,nan,nan,nan,0.09533333333333334,0.09533333333333334,1.0,1.0,15,15,0.05244755244755245,0.05244755244755245,-0.01658291890660876,-0.015726764863397462,0.000856154043211297,-0.01658291890660876,-0.015726764863397462,0.000856154043211297,1.6938008147195238,1.6014466121384985,1.6938008147195238,1.6014466121384985
s3_chunk15_rep01,15,low_response,regional_shift,box,3000,0.05,3.0,true,ctmle,estimated,xgboost,xgboost,targeting,1.0,0.0|0.25|0.5|1.0,-1.0,1.0,obsval,4.0,0.1,0,0.1,legacy,4.0,4,50,1,17.166061230993364,-0.12131294067455445,-0.1043966918266308,-0.12131294067455445,0.016916248847923643,0.00044977346746308527,-0.00031072393278615707,0.0,0.05,0.25,nan,nan,nan,nan,nan,nan,nan,0.09766666666666667,0.09766666666666667,1.0,1.0,14,14,0.04778156996587031,0.04778156996587031,-0.018653315601656704,-0.017892524276631135,0.0007607913250255692,-0.018653315601656704,-0.017892524276631135,0.0007607913250255692,1.7882508974838873,1.6658691940361712,1.7882508974838873,1.6658691940361712
s3_chunk15_rep02,15,low_response,regional_shift,box,3000,0.05,3.0,true,ctmle,estimated,xgboost,xgboost,targeting,1.0,0.0|0.25|0.5|1.0,-1.0,1.0,obsval,4.0,0.1,0,0.1,legacy,4.0,4,50,2,34.33556059899274,-0.05177275724185537,-0.04864156212855686,-0.05177275724185537,0.0031311951132985127,8.455120554660446e-05,-7.315809441135442e-05,0.0,0.5,1.0,nan,nan,nan,nan,nan,nan,nan,0.08933333333333333,0.08933333333333333,1.0,1.0,17,17,0.06343283582089553,0.06343283582089553,-0.06088937555995123,-0.058069707150466277,0.0028196684094849503,-0.06088937555995123,-0.058069707150466277,0.0028196684094849503,1.2505746523838712,1.2292981667577676,1.2505746523838712,1.2292981667577676
s3_chunk15_rep03,15,low_response,regional_shift,box,3000,0.05,3.0,true,ctmle,estimated,xgboost,xgboost,targeting,1.0,0.0|0.25|0.5|1.0,-1.0,1.0,obsval,4.0,0.1,0,0.1,legacy,4.0,4,50,3,51.55382564201136,-0.013403503282916063,0.029627807000954576,-0.012004570778528699,0.04303131028387064,0.000895747883042133,1.507623616036854e-05,0.032509642285090345,0.05,1.0,nan,nan,nan,nan,nan,nan,nan,0.10433333333333333,0.10433333333333333,1.0,1.0,11,11,0.03514376996805112,0.03514376996805112,-0.005271834844176316,-0.003384965900887195,0.0018868689432891212,-0.005271834844176316,-0.003384965900887195,0.0018868689432891212,1.3842555412020274,1.360834770879278,1.3842555412020274,1.360834770879278
s3_chunk15_rep04,15,low_response,regional_shift,box,3000,0.05,3.0,true,ctmle,estimated,xgboost,xgboost,targeting,1.0,0.0|0.25|0.5|1.0,-1.0,1.0,obsval,4.0,0.1,0,0.1,legacy,4.0,4,50,4,68.53426061500795,-0.1373513291764737,-0.07261584220346268,-0.10069968625093145,0.06473548697301101,0.0009090106602434936,-4.530880526278005e-05,0.5661754416217297,0.05,1.0,nan,nan,nan,nan,nan,nan,nan,0.08833333333333333,0.08833333333333333,1.0,1.0,5,5,0.018867924528301886,0.018867924528301886,-0.007580573586343838,-0.006189504235013212,0.001391069351330626,-0.007580573586343838,-0.006189504235013212,0.001391069351330626,1.8268542841218411,1.4244013491747152,1.8268542841218411,1.4244013491747152
s3_chunk16_rep01,16,low_response,regional_shift,box,3000,0.05,3.0,true,ctmle,estimated,xgboost,xgboost,targeting,1.0,0.0|0.25|0.5|1.0,-1.0,1.0,obsval,4.0,0.1,0,0.1,legacy,4.0,4,50,1,17.12668359899544,-0.0854483731386273,-0.04481894508199746,-0.07375161479951146,0.040629428056629835,0.000587758911386984,-0.00019850209307972983,0.2878888258730281,0.05,1.0,nan,nan,nan,nan,nan,nan,nan,0.11,0.11,1.0,1.0,13,13,0.03939393939393939,0.03939393939393939,-0.011481318987079004,-0.010503438050492598,0.000977880936586406,-0.011481318987079004,-0.010503438050492598,0.000977880936586406,1.3241620937370462,1.1111308734930674,1.3241620937370462,1.1111308734930674
s3_chunk16_rep02,16,low_response,regional_shift,box,3000,0.05,3.0,true,ctmle,estimated,xgboost,xgboost,targeting,1.0,0.0|0.25|0.5|1.0,-1.0,1.0,obsval,4.0,0.1,0,0.1,legacy,4.0,4,50,2,34.05551715201,-0.08940504826469997,-0.06927831086279096,-0.08940504826469997,0.02012673740190901,0.0008876132717851311,-0.0004737770870247458,0.0,0.25,1.0,nan,nan,nan,nan,nan,nan,nan,0.08633333333333333,0.08633333333333333,1.0,1.0,15,15,0.05791505791505792,0.05791505791505792,-0.08023145396879429,-0.06406240190656205,0.016169052062232236,-0.08023145396879429,-0.06406240190656205,0.016169052062232236,1.6693308034597736,1.5238073897100102,1.6693308034597736,1.5238073897100102
s3_chunk16_rep03,16,low_response,regional_shift,box,3000,0.05,3.0,true,ctmle,estimated,xgboost,xgboost,targeting,1.0,0.0|0.25|0.5|1.0,-1.0,1.0,obsval,4.0,0.1,0,0.1,legacy,4.0,4,50,3,51.28059605200542,-0.10344118373835842,-0.09789170249266477,-0.10344118373835842,0.005549481245693655,0.00024236897966918927,-0.00025455347542838874,0.0,0.5,1.0,nan,nan,nan,nan,nan,nan,nan,0.10666666666666667,0.10666666666666667,1.0,1.0,24,24,0.075,0.075,-0.11502065364648506,-0.11002412154201514,0.004996532104469917,-0.11502065364648506,-0.11002412154201514,0.004996532104469917,1.4543092803704938,1.4107229612410783,1.4543092803704938,1.4107229612410783
s3_chunk16_rep04,16,low_response,regional_shift,box,3000,0.05,3.0,true,ctmle,estimated,xgboost,xgboost,targeting,1.0,0.0|0.25|0.5|1.0,-1.0,1.0,obsval,4.0,0.1,0,0.1,legacy,4.0,4,50,4,68.48154899402289,-0.08162976502484032,-0.04230861416446319,-0.07140768592522115,0.03932115086037713,0.0005721044953008519,3.17496726800039e-05,0.25996388396453785,0.05,0.5,nan,nan,nan,nan,nan,nan,nan,0.10433333333333333,0.10433333333333333,1.0,1.0,18,18,0.05750798722044728,0.05750798722044728,-0.01174862483500612,-0.009539499701218881,0.0022091251337872393,-0.01174862483500612,-0.009539499701218881,0.0022091251337872393,1.2881835905799959,1.1341631511542956,1.2881835905799959,1.1341631511542956
s3_chunk17_rep01,17,low_response,regional_shift,box,3000,0.05,3.0,true,ctmle,estimated,xgboost,xgboost,targeting,1.0,0.0|0.25|0.5|1.0,-1.0,1.0,obsval,4.0,0.1,0,0.1,legacy,4.0,4,50,1,17.334670103999088,-0.06039817184062801,-0.056429997960709244,-0.06039817184062801,0.003968173879918768,0.0003918998281987403,-0.00023788086093145936,0.0,0.5,1.0,nan,nan,nan,nan,nan,nan,nan,0.09266666666666666,0.09266666666666666,1.0,1.0,12,12,0.04316546762589928,0.04316546762589928,-0.08009289105075967,-0.07652040802458598,0.0035724830261736895,-0.08009289105075967,-0.07652040802458598,0.0035724830261736895,1.441991881721134,1.4122285559118457,1.441991881721134,1.4122285559118457
s3_chunk17_rep02,17,low_response,regional_shift,box,3000,0.05,3.0,true,ctmle,estimated,xgboost,xgboost,targeting,1.0,0.0|0.25|0.5|1.0,-1.0,1.0,obsval,4.0,0.1,0,0.1,legacy,4.0,4,50,2,34.33041590900393,-0.07195813179362232,-0.04047566199010777,-0.05713359175030809,0.031482469803514546,0.0002622163853322865,-5.924445165692081e-05,0.47088237154949275,0.05,1.0,nan,nan,nan,nan,nan,nan,nan,0.09366666666666666,0.09366666666666666,1.0,1.0,18,18,0.06405693950177936,0.06405693950177936,-0.023044060232696652,-0.020344855594630326,0.0026992046380663257,-0.023044060232696652,-0.020344855594630326,0.0026992046380663257,1.5050838766392276,1.3105286176649342,1.5050838766392276,1.3105286176649342
s3_chunk17_rep03,17,low_response,regional_shift,box,3000,0.05,3.0,true,ctmle,estimated,xgboost,xgboost,targeting,1.0,0.0|0.25|0.5|1.0,-1.0,1.0,obsval,4.0,0.1,0,0.1,legacy,4.0,4,50,3,51.39734776801197,-0.07377065269034089,-0.06908659205216061,-0.07377065269034089,0.004684060638180276,0.0007409935214815026,-6.40072190060412e-05,0.0,0.5,1.0,nan,nan,nan,nan,nan,nan,nan,0.09933333333333333,0.09933333333333333,1.0,1.0,10,10,0.03355704697986577,0.03355704697986577,-0.07170590118955372,-0.06749024661519148,0.0042156545743622376,-0.07170590118955372,-0.06749024661519148,0.0042156545743622376,1.3663155279127357,1.3385364801417572,1.3663155279127357,1.3385364801417572
s3_chunk17_rep04,17,low_response,regional_shift,box,3000,0.05,3.0,true,ctmle,estimated,xgboost,xgboost,targeting,1.0,0.0|0.25|0.5|1.0,-1.0,1.0,obsval,4.0,0.1,0,0.1,legacy,4.0,4,50,4,68.45005566999316,-0.14176251215771007,-0.09697219865595019,-0.12701294481114206,0.04479031350175988,0.0006727672190589159,-0.0003836658523748368,0.32930261463761523,0.05,1.0,nan,nan,nan,nan,nan,nan,nan,0.099,0.099,1.0,1.0,11,11,0.037037037037037035,0.037037037037037035,-0.01261264395624368,-0.011232149363343434,0.0013804945929002457,-0.01261264395624368,-0.011232149363343434,0.0013804945929002457,1.4878332360935163,1.199134187477829,1.4878332360935163,1.199134187477829
s3_chunk18_rep01,18,low_response,regional_shift,box,3000,0.05,3.0,true,ctmle,estimated,xgboost,xgboost,targeting,1.0,0.0|0.25|0.5|1.0,-1.0,1.0,obsval,4.0,0.1,0,0.1,legacy,4.0,4,50,1,17.25856760700117,-0.07095767724917723,-0.07095767724917723,-0.07095767724917723,0.0,0.00027909827860282243,-7.65377924969975e-05,0.0,0.25,0.0,nan,nan,nan,nan,nan,nan,nan,0.10266666666666667,0.10266666666666667,1.0,1.0,19,19,0.06168831168831169,0.06168831168831169,-0.051301404603996854,-0.051301404603996854,0.0,-0.051301404603996854,-0.051301404603996854,0.0,1.1752693016076465,1.1752693016076465,1.1752693016076465,1.1752693016076465
s3_chunk18_rep02,18,low_response,regional_shift,box,3000,0.05,3.0,true,ctmle,estimated,xgboost,xgboost,targeting,1.0,0.0|0.25|0.5|1.0,-1.0,1.0,obsval,4.0,0.1,0,0.1,legacy,4.0,4,50,2,34.28527502101497,-0.15583540359180748,-0.12148249068730921,-0.14190891331031488,0.03435291290449827,0.00035085355865929367,-1.2871570450410236e-05,0.40539474251305807,0.05,1.0,nan,nan,nan,nan,nan,nan,nan,0.09833333333333333,0.09833333333333333,1.0,1.0,12,12,0.04067796610169491,0.04067796610169491,-0.013332140992942292,-0.012266161640889443,0.0010659793520528486,-0.013332140992942292,-0.012266161640889443,0.0010659793520528486,1.8645836320569489,1.600506909637685,1.8645836320569489,1.600506909637685
s3_chunk18_rep03,18,low_response,regional_shift,box,3000,0.05,3.0,true,ctmle,estimated,xgboost,xgboost,targeting,1.0,0.0|0.25|0.5|1.0,-1.0,1.0,obsval,4.0,0.1,0,0.1,legacy,4.0,4,50,3,51.741583910014015,-0.15285668190709167,-0.14728929877422575,-0.15285668190709167,0.005567383132865922,0.0003915052016736937,-0.0003299446496560442,0.0,0.25,1.0,nan,nan,nan,nan,nan,nan,nan,0.10166666666666667,0.10166666666666667,1.0,1.0,9,9,0.029508196721311476,0.029508196721311476,-0.11711177837408748,-0.11265095193779026,0.004460826436297222,-0.11711177837408748,-0.11265095193779026,0.004460826436297222,1.6421495100242602,1.5946453637041025,1.6421495100242602,1.5946453637041025
s3_chunk18_rep04,18,low_response,regional_shift,box,3000,0.05,3.0,true,ctmle,estimated,xgboost,xgboost,targeting,1.0,0.0|0.25|0.5|1.0,-1.0,1.0,obsval,4.0,0.1,0,0.1,legacy,4.0,4,50,4,69.27540883701295,-0.07329319757572528,-0.04635748456895172,-0.06316877469124585,0.026935713006773554,0.00022641204300386073,-0.00018144298761230788,0.3758735802513724,0.05,0.5,nan,nan,nan,nan,nan,nan,nan,0.09733333333333333,0.09733333333333333,1.0,1.0,20,20,0.0684931506849315,0.0684931506849315,-0.012062332840691229,-0.01026574372189208,0.0017965891187991488,-0.012062332840691229,-0.01026574372189208,0.0017965891187991488,1.0221056212068642,0.9531677250092657,1.0221056212068642,0.9531677250092657
s3_chunk19_rep01,19,low_response,regional_shift,box,3000,0.05,3.0,true,ctmle,estimated,xgboost,xgboost,targeting,1.0,0.0|0.25|0.5|1.0,-1.0,1.0,obsval,4.0,0.1,0,0.1,legacy,4.0,4,50,1,17.305078309000237,-0.041214350935124044,-0.028699374167819647,-0.041214350935124044,0.012514976767304398,0.00017494463542239071,-0.00013890228267372817,0.0,0.05,0.5,nan,nan,nan,nan,nan,nan,nan,0.10133333333333333,0.10133333333333333,1.0,1.0,26,26,0.08552631578947369,0.08552631578947369,-0.014279294881950979,-0.013283125290363178,0.0009961695915878012,-0.014279294881950979,-0.013283125290363178,0.0009961695915878012,1.0267987013732418,0.9963284305340941,1.0267987013732418,0.9963284305340941
s3_chunk19_rep02,19,low_response,regional_shift,box,3000,0.05,3.0,true,ctmle,estimated,xgboost,xgboost,targeting,1.0,0.0|0.25|0.5|1.0,-1.0,1.0,obsval,4.0,0.1,0,0.1,legacy,4.0,4,50,2,34.50078542702249,-0.11154680467823697,-0.051196001520962486,-0.059884073609000395,0.06035080315727448,0.00026216606420069325,-0.00012535997757079473,0.8560404893801206,0.05,1.0,nan,nan,nan,nan,nan,nan,nan,0.09966666666666667,0.09966666666666667,1.0,1.0,15,15,0.05016722408026756,0.05016722408026756,-0.02308137521202298,-0.01973453824265448,0.003346836969368501,-0.02308137521202298,-0.01973453824265448,0.003346836969368501,1.6549192709871008,1.3172935081464079,1.6549192709871008,1.3172935081464079
s3_chunk19_rep03,19,low_response,regional_shift,box,3000,0.05,3.0,true,ctmle,estimated,xgboost,xgboost,targeting,1.0,0.0|0.25|0.5|1.0,-1.0,1.0,obsval,4.0,0.1,0,0.1,legacy,4.0,4,50,3,51.90820073601208,-0.12066645047938707,-0.0827814162365832,-0.09502465480264033,0.03788503424280387,0.0002319177561589459,-5.876110457255109e-05,0.6768317935892403,0.05,1.0,nan,nan,nan,nan,nan,nan,nan,0.08233333333333333,0.08233333333333333,1.0,1.0,14,14,0.05668016194331984,0.05668016194331984,-0.018085475869656087,-0.015898652060295063,0.0021868238093610236,-0.018085475869656087,-0.015898652060295063,0.0021868238093610236,1.6543724045434514,1.3430472618706695,1.6543724045434514,1.3430472618706695
s3_chunk19_rep04,19,low_response,regional_shift,box,3000,0.05,3.0,true,ctmle,estimated,xgboost,xgboost,targeting,1.0,0.0|0.25|0.5|1.0,-1.0,1.0,obsval,4.0,0.1,0,0.1,legacy,4.0,4,50,4,69.07820345601067,-0.1088869010355058,-0.07602231883152777,-0.09822787439047471,0.03286458220397803,0.00036488815302600664,-0.00014886076065128567,0.3243317252254886,0.05,0.5,nan,nan,nan,nan,nan,nan,nan,0.103,0.103,1.0,1.0,19,19,0.061488673139158574,0.061488673139158574,-0.015386859935747461,-0.013330915703130908,0.0020559442326165533,-0.015386859935747461,-0.013330915703130908,0.0020559442326165533,1.4151014529067798,1.3002269319750306,1.4151014529067798,1.3002269319750306
s3_chunk20_rep01,20,low_response,regional_shift,box,3000,0.05,3.0,true,ctmle,estimated,xgboost,xgboost,targeting,1.0,0.0|0.25|0.5|1.0,-1.0,1.0,obsval,4.0,0.1,0,0.1,legacy,4.0,4,50,1,17.261615772004006,-0.08048016974732586,-0.022698435849206167,-0.04165842032358449,0.05778173389811969,0.0005477703888055047,0.00015109005163341325,0.671868890126966,0.05,1.0,nan,nan,nan,nan,nan,nan,nan,0.09166666666666666,0.09166666666666666,1.0,1.0,17,17,0.06181818181818182,0.06181818181818182,-0.0141176108511237,-0.01110027603662617,0.00301733481449753,-0.0141176108511237,-0.01110027603662617,0.00301733481449753,1.4797892926796337,1.3016842739689256,1.4797892926796337,1.3016842739689256
s3_chunk20_rep02,20,low_response,regional_shift,box,3000,0.05,3.0,true,ctmle,estimated,xgboost,xgboost,targeting,1.0,0.0|0.25|0.5|1.0,-1.0,1.0,obsval,4.0,0.1,0,0.1,legacy,4.0,4,50,2,34.597385361004854,-0.05918189196718582,-0.05918189196718582,-0.05918189196718582,0.0,0.0003756655056868169,-0.0001432234952596569,0.0,0.5,0.0,nan,nan,nan,nan,nan,nan,nan,0.1,0.1,1.0,1.0,14,14,0.04666666666666667,0.04666666666666667,-0.08103695270802176,-0.08103695270802176,0.0,-0.08103695270802176,-0.08103695270802176,0.0,1.1985869426833322,1.1985869426833322,1.1985869426833322,1.1985869426833322
s3_chunk20_rep03,20,low_response,regional_shift,box,3000,0.05,3.0,true,ctmle,estimated,xgboost,xgboost,targeting,1.0,0.0|0.25|0.5|1.0,-1.0,1.0,obsval,4.0,0.1,0,0.1,legacy,4.0,4,50,3,51.78627447699546,-0.10543757923339991,-0.10061798169990999,-0.10543757923339991,0.004819597533489928,0.0007757801799586897,-0.00026324714415600645,0.0,0.5,1.0,nan,nan,nan,nan,nan,nan,nan,0.10566666666666667,0.10566666666666667,1.0,1.0,16,16,0.050473186119873815,0.050473186119873815,-0.08655294196534127,-0.08221327123767708,0.004339670727664197,-0.08655294196534127,-0.08221327123767708,0.004339670727664197,1.48732245323018,1.4591081588113877,1.48732245323018,1.4591081588113877
s3_chunk20_rep04,20,low_response,regional_shift,box,3000,0.05,3.0,true,ctmle,estimated,xgboost,xgboost,targeting,1.0,0.0|0.25|0.5|1.0,-1.0,1.0,obsval,4.0,0.1,0,0.1,legacy,4.0,4,50,4,69.12278072000481,-0.03932989059843661,-0.030544227037440308,-0.03932989059843661,0.008785663560996304,0.0005699156451079066,-0.00026377379849943207,0.0,0.05,0.25,nan,nan,nan,nan,nan,nan,nan,0.094,0.094,1.0,1.0,16,16,0.05673758865248227,0.05673758865248227,-0.011199638753976506,-0.010631850570059087,0.0005677881839174191,-0.011199638753976506,-0.010631850570059087,0.0005677881839174191,1.2983714303709115,1.2463298531901772,1.2983714303709115,1.2463298531901772
s3_chunk21_rep01,21,low_response,regional_shift,box,3000,0.05,3.0,true,ctmle,estimated,xgboost,xgboost,targeting,1.0,0.0|0.25|0.5|1.0,-1.0,1.0,obsval,4.0,0.1,0,0.1,legacy,4.0,4,50,1,17.035484533989802,-0.08655494073593395,-0.054868961468237054,-0.08655494073593395,0.031685979267696895,0.0006390076155840755,1.611774652434143e-05,0.0,0.05,0.5,nan,nan,nan,nan,nan,nan,nan,0.09933333333333333,0.09933333333333333,1.0,1.0,19,19,0.06375838926174497,0.06375838926174497,-0.01893542321210184,-0.017442237776065187,0.0014931854360366523,-0.01893542321210184,-0.017442237776065187,0.0014931854360366523,1.3076276163827667,1.198597650932205,1.3076276163827667,1.198597650932205
s3_chunk21_rep02,21,low_response,regional_shift,box,3000,0.05,3.0,true,ctmle,estimated,xgboost,xgboost,targeting,1.0,0.0|0.25|0.5|1.0,-1.0,1.0,obsval,4.0,0.1,0,0.1,legacy,4.0,4,50,2,33.87238166399766,0.00041725536749603886,0.00041725536749603886,0.00041725536749603886,0.0,0.0005008768356578224,4.399256255757655e-05,0.0,0.05,0.0,nan,nan,nan,nan,nan,nan,nan,0.10333333333333333,0.10333333333333333,1.0,1.0,14,14,0.04516129032258064,0.04516129032258064,-0.002243874784780243,-0.002243874784780243,0.0,-0.002243874784780243,-0.002243874784780243,0.0,0.9045393215029744,0.9045393215029744,0.9045393215029744,0.9045393215029744
s3_chunk21_rep03,21,low_response,regional_shift,box,3000,0.05,3.0,true,ctmle,estimated,xgboost,xgboost,targeting,1.0,0.0|0.25|0.5|1.0,-1.0,1.0,obsval,4.0,0.1,0,0.1,legacy,4.0,4,50,3,51.1152741870028,-0.10953350274461748,-0.010283740563509225,-0.033484443765214256,0.09924976218110826,0.0011513321376018506,-0.0002271654883498008,0.7662392061013806,0.05,1.0,nan,nan,nan,nan,nan,nan,nan,0.104,0.104,1.0,1.0,14,14,0.04487179487179487,0.04487179487179487,-0.01472434816877806,-0.010285518507184883,0.004438829661593176,-0.01472434816877806,-0.010285518507184883,0.004438829661593176,1.5443093682333204,1.1010586841287064,1.5443093682333204,1.1010586841287064
s3_chunk21_rep04,21,low_response,regional_shift,box,3000,0.05,3.0,true,ctmle,estimated,xgboost,xgboost,targeting,1.0,0.0|0.25|0.5|1.0,-1.0,1.0,obsval,4.0,0.1,0,0.1,legacy,4.0,4,50,4,68.1159256999963,-0.09232627345016203,-0.05477172923882245,-0.09232627345016203,0.03755454421133958,0.000820850844933451,-0.0002825440201614938,0.0,0.05,0.5,nan,nan,nan,nan,nan,nan,nan,0.09766666666666667,0.09766666666666667,1.0,1.0,13,13,0.04436860068259386,0.04436860068259386,-0.016425344252270227,-0.015189964014093671,0.001235380238176556,-0.016425344252270227,-0.015189964014093671,0.001235380238176556,1.4325304352516,1.1681095650560316,1.4325304352516,1.1681095650560316
s3_chunk22_rep01,22,low_response,regional_shift,box,3000,0.05,3.0,true,ctmle,estimated,xgboost,xgboost,targeting,1.0,0.0|0.25|0.5|1.0,-1.0,1.0,obsval,4.0,0.1,0,0.1,legacy,4.0,4,50,1,17.010107729001902,-0.12035891536203525,-0.11489197221390551,-0.12035891536203525,0.005466943148129733,0.0009119744901903018,-2.5743114978904382e-05,0.0,0.5,1.0,nan,nan,nan,nan,nan,nan,nan,0.08966666666666667,0.08966666666666667,1.0,1.0,14,14,0.05204460966542751,0.05204460966542751,-0.07779111358870906,-0.0728704859788282,0.004920627609880865,-0.07779111358870906,-0.0728704859788282,0.004920627609880865,1.3305035909597522,1.2824863970756717,1.3305035909597522,1.2824863970756717
s3_chunk22_rep02,22,low_response,regional_shift,box,3000,0.05,3.0,true,ctmle,estimated,xgboost,xgboost,targeting,1.0,0.0|0.25|0.5|1.0,-1.0,1.0,obsval,4.0,0.1,0,0.1,legacy,4.0,4,50,2,34.169555939006386,-0.08595545109691682,-0.08595545109691682,-0.08595545109691682,0.0,0.000728440282685849,-0.0002707897016414468,0.0,0.5,0.0,nan,nan,nan,nan,nan,nan,nan,0.10366666666666667,0.10366666666666667,1.0,1.0,18,18,0.05787781350482315,0.05787781350482315,-0.07110568920988292,-0.07110568920988292,0.0,-0.07110568920988292,-0.07110568920988292,0.0,1.224812096981189,1.224812096981189,1.224812096981189,1.224812096981189
s3_chunk22_rep03,22,low_response,regional_shift,box,3000,0.05,3.0,true,ctmle,estimated,xgboost,xgboost,targeting,1.0,0.0|0.25|0.5|1.0,-1.0,1.0,obsval,4.0,0.1,0,0.1,legacy,4.0,4,50,3,51.43243372099823,-0.0583502095986238,-0.030254208779476044,-0.0583502095986238,0.02809600081914776,0.0006051873724909826,-0.00021208606086534684,0.0,0.1,1.0,nan,nan,nan,nan,nan,nan,nan,0.101,0.101,1.0,1.0,14,14,0.0462046204620462,0.0462046204620462,-0.028471932073979356,-0.014075948655082849,0.014395983418896507,-0.028471932073979356,-0.014075948655082849,0.014395983418896507,1.2088168618931554,1.1489890849978048,1.2088168618931554,1.1489890849978048
s3_chunk22_rep04,22,low_response,regional_shift,box,3000,0.05,3.0,true,ctmle,estimated,xgboost,xgboost,targeting,1.0,0.0|0.25|0.5|1.0,-1.0,1.0,obsval,4.0,0.1,0,0.1,legacy,4.0,4,50,4,68.6712438420218,-0.09587301835845807,-0.091081264934194,-0.09587301835845807,0.004791753424264078,0.0003736766219951818,-8.370264189039235e-05,0.0,0.5,1.0,nan,nan,nan,nan,nan,nan,nan,0.104,0.104,1.0,1.0,15,15,0.04807692307692308,0.04807692307692308,-0.08336932121104458,-0.0790558651073491,0.004313456103695476,-0.08336932121104458,-0.0790558651073491,0.004313456103695476,1.5517663419832508,1.523024283290634,1.5517663419832508,1.523024283290634
s3_chunk23_rep01,23,low_response,regional_shift,box,3000,0.05,3.0,true,ctmle,estimated,xgboost,xgboost,targeting,1.0,0.0|0.25|0.5|1.0,-1.0,1.0,obsval,4.0,0.1,0,0.1,legacy,4.0,4,50,1,17.18608787402627,-0.0883529146824844,-0.05562879672256438,-0.0883529146824844,0.03272411795992003,0.0005501103325314593,4.580124193423246e-05,0.0,0.05,1.0,nan,nan,nan,nan,nan,nan,nan,0.094,0.094,1.0,1.0,12,12,0.0425531914893617,0.0425531914893617,-0.010003908404272068,-0.008742173952572046,0.0012617344517000216,-0.010003908404272068,-0.008742173952572046,0.0012617344517000216,1.5132251994916803,1.2693586422871161,1.5132251994916803,1.2693586422871161
s3_chunk23_rep02,23,low_response,regional_shift,box,3000,0.05,3.0,true,ctmle,estimated,xgboost,xgboost,targeting,1.0,0.0|0.25|0.5|1.0,-1.0,1.0,obsval,4.0,0.1,0,0.1,legacy,4.0,4,50,2,34.1313305820222,-0.14310616606300558,-0.13889504393790214,-0.14310616606300558,0.004211122125103439,0.0002652348189999673,-4.592026934073252e-05,0.0,0.5,1.0,nan,nan,nan,nan,nan,nan,nan,0.09666666666666666,0.09666666666666666,1.0,1.0,12,12,0.041379310344827586,0.041379310344827586,-0.14443027092369695,-0.14063950219654275,0.003790768727154198,-0.14443027092369695,-0.14063950219654275,0.003790768727154198,1.9231365225161337,1.8875632396010007,1.9231365225161337,1.8875632396010007
s3_chunk23_rep03,23,low_response,regional_shift,box,3000,0.05,3.0,true,ctmle,estimated,xgboost,xgboost,targeting,1.0,0.0|0.25|0.5|1.0,-1.0,1.0,obsval,4.0,0.1,0,0.1,legacy,4.0,4,50,3,51.46267638300196,-0.05468315413280156,-0.009053245793878117,-0.05468315413280156,0.04562990833892344,0.0010784105856295719,-0.00038046027056992714,0.0,0.05,0.5,nan,nan,nan,nan,nan,nan,nan,0.09766666666666667,0.09766666666666667,1.0,1.0,12,12,0.040955631399317405,0.040955631399317405,-0.014371206696172516,-0.012769200465464786,0.0016020062307077303,-0.014371206696172516,-0.012769200465464786,0.0016020062307077303,1.3404469922705173,1.170176754279506,1.3404469922705173,1.170176754279506
s3_chunk23_rep04,23,low_response,regional_shift,box,3000,0.05,3.0,true,ctmle,estimated,xgboost,xgboost,targeting,1.0,0.0|0.25|0.5|1.0,-1.0,1.0,obsval,4.0,0.1,0,0.1,legacy,4.0,4,50,4,68.58503458200721,-0.09064374878563414,-0.021219950216284866,-0.04136872691666835,0.06942379856934927,0.0006994023075331103,-0.0001617450999333327,0.7097713303564579,0.05,1.0,nan,nan,nan,nan,nan,nan,nan,0.09133333333333334,0.09133333333333334,1.0,1.0,15,15,0.05474452554744526,0.05474452554744526,-0.015530768714042976,-0.011602772573816096,0.00392799614022688,-0.015530768714042976,-0.011602772573816096,0.00392799614022688,1.165355113600177,0.8671495901932267,1.165355113600177,0.8671495901932267
s3_chunk00_rep01,0,high_response_placebo,regional_shift,box,3000,0.05,3.0,wrong,ctmle,estimated,xgboost,xgboost,targeting,1.0,0.0|0.25|0.5|1.0,-1.0,1.0,obsval,4.0,0.1,0,0.1,legacy,4.0,4,50,1,17.046037274994887,-0.12608740994126533,-0.12608740994126533,-0.12608740994126533,0.0,6.271920614895482e-08,1.43158975127438e-06,0.0,0.25,0.0,nan,nan,nan,nan,nan,nan,nan,0.15566666666666668,0.106,0.0,0.0,371,12,0.7944325481798715,0.03773584905660377,0.0001638403694543733,0.0001638403694543733,0.0,-0.09126375358481016,-0.09126375358481016,0.0,0.5101076076789303,0.5101076076789303,1.614416415578473,1.614416415578473
s3_chunk00_rep02,0,high_response_placebo,regional_shift,box,3000,0.05,3.0,wrong,ctmle,estimated,xgboost,xgboost,targeting,1.0,0.0|0.25|0.5|1.0,-1.0,1.0,obsval,4.0,0.1,0,0.1,legacy,4.0,4,50,2,34.05477538600098,-0.1523164142000396,-0.1523164142000396,-0.1523164142000396,0.0,5.178327791219295e-08,1.2188711269690497e-06,0.0,0.05,0.0,nan,nan,nan,nan,nan,nan,nan,0.148,0.101,0.0,0.0,349,15,0.786036036036036,0.04950495049504951,0.0005932184427853346,0.0005932184427853346,0.0,-0.02377372591383989,-0.02377372591383989,0.0,0.5601985786865041,0.5601985786865041,1.824557144205545,1.824557144205545
s3_chunk00_rep03,0,high_response_placebo,regional_shift,box,3000,0.05,3.0,wrong,ctmle,estimated,xgboost,xgboost,targeting,1.0,0.0|0.25|0.5|1.0,-1.0,1.0,obsval,4.0,0.1,0,0.1,legacy,4.0,4,50,3,51.15754720597761,-0.07059800757817947,-0.07059800757817947,-0.07059800757817947,0.0,1.2171795763741416e-07,-9.716276337798022e-07,0.0,0.5,0.0,nan,nan,nan,nan,nan,nan,nan,0.15633333333333332,0.10633333333333334,0.0,0.0,366,19,0.7803837953091685,0.05956112852664577,0.0010916936061298324,0.0010916936061298324,0.0,-0.06358095796060206,-0.06358095796060206,0.0,0.516548119307986,0.516548119307986,1.2187824596511199,1.2187824596511199
s3_chunk00_rep04,0,high_response_placebo,regional_shift,box,3000,0.05,3.0,wrong,ctmle,estimated,xgboost,xgboost,targeting,1.0,0.0|0.25|0.5|1.0,-1.0,1.0,obsval,4.0,0.1,0,0.1,legacy,4.0,4,50,4,68.39507880198653,-0.037159430082359224,-0.037159430082359224,-0.037159430082359224,0.0,6.245034917581188e-09,3.1178246124837286e-08,0.0,0.05,0.0,nan,nan,nan,nan,nan,nan,nan,0.15433333333333332,0.10933333333333334,0.0,0.0,367,23,0.7926565874730022,0.0701219512195122,0.004717961801480677,0.004717961801480677,0.0,-0.01355772635258979,-0.01355772635258979,0.0,0.5709491556692462,0.5709491556692462,1.2341826849307058,1.2341826849307058
s3_chunk01_rep01,1,high_response_placebo,regional_shift,box,3000,0.05,3.0,wrong,ctmle,estimated,xgboost,xgboost,targeting,1.0,0.0|0.25|0.5|1.0,-1.0,1.0,obsval,4.0,0.1,0,0.1,legacy,4.0,4,50,1,17.17080679401988,-0.04618574677933285,-0.04618574677933285,-0.04618574677933285,0.0,5.999146559425642e-08,-1.0932811634345192e-06,0.0,0.05,0.0,nan,nan,nan,nan,nan,nan,nan,0.15133333333333332,0.10466666666666667,0.0,0.0,359,20,0.7907488986784141,0.06369426751592357,0.00013628526383879805,0.00013628526383879805,0.0,-0.017689115949008703,-0.017689115949008703,0.0,0.5183748434552999,0.5183748434552999,1.1661659112853344,1.1661659112853344
s3_chunk01_rep02,1,high_response_placebo,regional_shift,box,3000,0.05,3.0,wrong,ctmle,estimated,xgboost,xgboost,targeting,1.0,0.0|0.25|0.5|1.0,-1.0,1.0,obsval,4.0,0.1,0,0.1,legacy,4.0,4,50,2,34.17762355602463,-0.10452871166619537,-0.10469115051933592,-0.10452871166619537,-0.00016243885314054518,3.6284287135632254e-08,2.239192830506137e-06,0.0,0.05,1.0,nan,nan,nan,nan,nan,nan,nan,0.15,0.099,0.0,0.0,364,10,0.8088888888888889,0.03367003367003367,0.00438044776602341,0.003902564025843298,0.0004778837401801118,-0.005082964980250292,-0.005082964980250292,0.0,0.5190976493733565,0.5191180010669662,1.7338026074866846,1.7338026074866846
s3_chunk01_rep03,1,high_response_placebo,regional_shift,box,3000,0.05,3.0,wrong,ctmle,estimated,xgboost,xgboost,targeting,1.0,0.0|0.25|0.5|1.0,-1.0,1.0,obsval,4.0,0.1,0,0.1,legacy,4.0,4,50,3,51.248381562007125,-0.14756359033912608,-0.14756359033912608,-0.14756359033912608,0.0,2.3401439077329333e-08,-6.79235345255394e-07,0.0,0.05,0.0,nan,nan,nan,nan,nan,nan,nan,0.148,0.09033333333333333,0.0,0.0,364,9,0.8198198198198198,0.033210332103321034,-0.002223279366970987,-0.002223279366970987,0.0,-0.014043235410381097,-0.014043235410381097,0.0,0.537355201090389,0.537355201090389,1.706356603679572,1.706356603679572
s3_chunk01_rep04,1,high_response_placebo,regional_shift,box,3000,0.05,3.0,wrong,ctmle,estimated,xgboost,xgboost,targeting,1.0,0.0|0.25|0.5|1.0,-1.0,1.0,obsval,4.0,0.1,0,0.1,legacy,4.0,4,50,4,68.48647456802428,-0.03815167617955739,-0.03815167617955739,-0.03815167617955739,0.0,4.2927195375609684e-08,-2.6849289865189807e-07,0.0,0.05,0.0,nan,nan,nan,nan,nan,nan,nan,0.14733333333333334,0.10066666666666667,0.0,0.0,343,21,0.7760180995475113,0.0695364238410596,0.0013595050600585315,0.0013595050600585315,0.0,-0.007896965914679881,-0.007896965914679881,0.0,0.576491799259359,0.576491799259359,0.8677354813740044,0.8677354813740044
s3_chunk02_rep01,2,high_response_placebo,regional_shift,box,3000,0.05,3.0,wrong,ctmle,estimated,xgboost,xgboost,targeting,1.0,0.0|0.25|0.5|1.0,-1.0,1.0,obsval,4.0,0.1,0,0.1,legacy,4.0,4,50,1,16.92909012999735,-0.13435051124809166,-0.13435051124809166,-0.13435051124809166,0.0,2.863284810725869e-08,-1.0939724860710258e-06,0.0,0.25,0.0,nan,nan,nan,nan,nan,nan,nan,0.14866666666666667,0.09866666666666667,0.0,0.0,373,11,0.8363228699551569,0.037162162162162164,0.0012972758315703988,0.0012972758315703988,0.0,-0.1274816450482243,-0.1274816450482243,0.0,0.4932454232718416,0.4932454232718416,1.880532726770426,1.880532726770426
s3_chunk02_rep02,2,high_response_placebo,regional_shift,box,3000,0.05,3.0,wrong,ctmle,estimated,xgboost,xgboost,targeting,1.0,0.0|0.25|0.5|1.0,-1.0,1.0,obsval,4.0,0.1,0,0.1,legacy,4.0,4,50,2,33.859739553008694,-0.1122718387340465,-0.1122718387340465,-0.1122718387340465,0.0,5.33250265775595e-08,1.0258612113400734e-06,0.0,0.25,0.0,nan,nan,nan,nan,nan,nan,nan,0.14866666666666667,0.1,0.0,0.0,360,8,0.8071748878923767,0.02666666666666667,-0.00029168155786047826,-0.00029168155786047826,0.0,-0.10600307281344415,-0.10600307281344415,0.0,0.4798312862204833,0.4798312862204833,1.7808707299701576,1.7808707299701576
s3_chunk02_rep03,2,high_response_placebo,regional_shift,box,3000,0.05,3.0,wrong,ctmle,estimated,xgboost,xgboost,targeting,1.0,0.0|0.25|0.5|1.0,-1.0,1.0,obsval,4.0,0.1,0,0.1,legacy,4.0,4,50,3,50.87881017901236,-0.04541211870862316,-0.04541211870862316,-0.04541211870862316,0.0,1.9375750301073302e-08,3.5448148750366615e-07,0.0,0.05,0.0,nan,nan,nan,nan,nan,nan,nan,0.15633333333333332,0.1,0.0,0.0,390,23,0.8315565031982942,0.07666666666666666,0.0039069470313171685,0.0039069470313171685,0.0,-0.006088853739367748,-0.006088853739367748,0.0,0.5154685528237448,0.5154685528237448,1.0287134917792315,1.0287134917792315
s3_chunk02_rep04,2,high_response_placebo,regional_shift,box,3000,0.05,3.0,wrong,ctmle,estimated,xgboost,xgboost,targeting,1.0,0.0|0.25|0.5|1.0,-1.0,1.0,obsval,4.0,0.1,0,0.1,legacy,4.0,4,50,4,68.31375085801119,-0.09379230359994473,-0.09379230359994473,-0.09379230359994473,0.0,8.432708255637356e-09,-6.724908843546047e-07,0.0,0.05,0.0,nan,nan,nan,nan,nan,nan,nan,0.147,0.10033333333333333,0.0,0.0,371,21,0.8412698412698413,0.06976744186046512,0.0003433405019943785,0.0003433405019943785,0.0,-0.02690055510288333,-0.02690055510288333,0.0,0.5462353916713841,0.5462353916713841,1.564498001107988,1.564498001107988
s3_chunk03_rep01,3,high_response_placebo,regional_shift,box,3000,0.05,3.0,wrong,ctmle,estimated,xgboost,xgboost,targeting,1.0,0.0|0.25|0.5|1.0,-1.0,1.0,obsval,4.0,0.1,0,0.1,legacy,4.0,4,50,1,17.093250731006265,-0.12095952199900922,-0.12095952199900922,-0.12095952199900922,0.0,3.147970023889557e-08,-1.5736402083342017e-06,0.0,0.05,0.0,nan,nan,nan,nan,nan,nan,nan,0.152,0.09966666666666667,0.0,0.0,375,11,0.8223684210526315,0.03678929765886288,0.00023001686347282152,0.00023001686347282152,0.0,-0.01047499851381648,-0.01047499851381648,0.0,0.5391231569136318,0.5391231569136318,1.3212685204082342,1.3212685204082342
s3_chunk03_rep02,3,high_response_placebo,regional_shift,box,3000,0.05,3.0,wrong,ctmle,estimated,xgboost,xgboost,targeting,1.0,0.0|0.25|0.5|1.0,-1.0,1.0,obsval,4.0,0.1,0,0.1,legacy,4.0,4,50,2,34.330213324021315,-0.1067450525116711,-0.10660282551778866,-0.10674038334449204,0.00014222699388244386,9.782218088512373e-09,6.128595444129543e-07,0.03282898029130232,0.5,1.0,nan,nan,nan,nan,nan,nan,nan,0.15366666666666667,0.10366666666666667,0.0,0.0,377,19,0.8177874186550976,0.06109324758842444,0.000321929434776733,0.00032203882064459587,-1.0938586786287145e-07,-0.08641622987287739,-0.08641622987287739,0.0,0.5545076154867196,0.5543322483841471,1.5967223212068675,1.5967223212068675
s3_chunk03_rep03,3,high_response_placebo,regional_shift,box,3000,0.05,3.0,wrong,ctmle,estimated,xgboost,xgboost,targeting,1.0,0.0|0.25|0.5|1.0,-1.0,1.0,obsval,4.0,0.1,0,0.1,legacy,4.0,4,50,3,51.57715822200407,-0.1350412329553004,-0.13489665606148632,-0.1350412329553004,0.00014457689381408567,1.780931239113437e-08,1.0502464990042037e-07,0.0,0.5,1.0,nan,nan,nan,nan,nan,nan,nan,0.155,0.11,0.0,0.0,374,19,0.8043010752688172,0.05757575757575758,-0.0003098770038254322,-0.0003024874308485018,7.389572976930394e-06,-0.11169997092288131,-0.11169997092288131,0.0,0.5905052964754763,0.5902049737304476,1.5120505203232333,1.5120505203232333
s3_chunk03_rep04,3,high_response_placebo,regional_shift,box,3000,0.05,3.0,wrong,ctmle,estimated,xgboost,xgboost,targeting,1.0,0.0|0.25|0.5|1.0,-1.0,1.0,obsval,4.0,0.1,0,0.1,legacy,4.0,4,50,4,68.82915886500268,-0.06710604826477551,-0.06710604826477551,-0.06710604826477551,0.0,2.932675934042006e-08,9.224556194011371e-07,0.0,0.05,0.0,nan,nan,nan,nan,nan,nan,nan,0.15233333333333332,0.10133333333333333,0.0,0.0,392,19,0.8577680525164114,0.0625,0.0026870689032869517,0.0026870689032869517,0.0,-0.010661770954875848,-0.010661770954875848,0.0,0.5196699234927797,0.5196699234927797,1.4910513537493708,1.4910513537493708
s3_chunk04_rep01,4,high_response_placebo,regional_shift,box,3000,0.05,3.0,wrong,ctmle,estimated,xgboost,xgboost,targeting,1.0,0.0|0.25|0.5|1.0,-1.0,1.0,obsval,4.0,0.1,0,0.1,legacy,4.0,4,50,1,16.98448217700934,-0.07352343833694741,-0.07352343833694741,-0.07352343833694741,0.0,2.4024490665949805e-08,4.1590231266070733e-07,0.0,0.05,0.0,nan,nan,nan,nan,nan,nan,nan,0.14866666666666667,0.1,0.0,0.0,361,19,0.8094170403587444,0.06333333333333334,0.0023540501173960203,0.0023540501173960203,0.0,-0.0160242721445958,-0.0160242721445958,0.0,0.48785712818211363,0.48785712818211363,1.3902275952784457,1.3902275952784457
s3_chunk04_rep02,4,high_response_placebo,regional_shift,box,3000,0.05,3.0,wrong,ctmle,estimated,xgboost,xgboost,targeting,1.0,0.0|0.25|0.5|1.0,-1.0,1.0,obsval,4.0,0.1,0,0.1,legacy,4.0,4,50,2,34.189433221006766,-0.0391247904188029,-0.03868850121762746,-0.0388962997049747,0.0004362892011754438,4.5330118025096316e-08,1.1964909425873308e-06,0.5237138879729504,0.05,1.0,nan,nan,nan,nan,nan,nan,nan,0.14833333333333334,0.101,0.0,0.0,363,18,0.8157303370786517,0.0594059405940594,0.0023455167679099853,0.001984595909733641,0.0003609208581763445,-0.013574832913924197,-0.013574832913924197,0.0,0.5130846205557728,0.5129429588537014,1.3879013608250603,1.3879013608250603
s3_chunk04_rep03,4,high_response_placebo,regional_shift,box,3000,0.05,3.0,wrong,ctmle,estimated,xgboost,xgboost,targeting,1.0,0.0|0.25|0.5|1.0,-1.0,1.0,obsval,4.0,0.1,0,0.1,legacy,4.0,4,50,3,51.37209694800549,-0.059941800524964894,-0.059941800524964894,-0.059941800524964894,0.0,6.43840487313252e-08,-2.041787241204235e-06,0.0,0.05,0.0,nan,nan,nan,nan,nan,nan,nan,0.15466666666666667,0.095,0.0,0.0,378,13,0.8146551724137931,0.0456140350877193,0.003266824051119457,0.003266824051119457,0.0,-0.009653486468915732,-0.009653486468915732,0.0,0.5560553688993175,0.5560553688993175,1.3537751531804267,1.3537751531804267
s3_chunk04_rep04,4,high_response_placebo,regional_shift,box,3000,0.05,3.0,wrong,ctmle,estimated,xgboost,xgboost,targeting,1.0,0.0|0.25|0.5|1.0,-1.0,1.0,obsval,4.0,0.1,0,0.1,legacy,4.0,4,50,4,68.55229794600746,-0.12854004243981776,-0.12854004243981776,-0.12854004243981776,0.0,4.7526723478182736e-08,-1.8406152921862564e-06,0.0,0.05,0.0,nan,nan,nan,nan,nan,nan,nan,0.14933333333333335,0.10433333333333333,0.0,0.0,359,14,0.8013392857142857,0.04472843450479233,0.00014088698339061805,0.00014088698339061805,0.0,-0.016410928519529112,-0.016410928519529112,0.0,0.5221220311865415,0.5221220311865415,1.3311096579637698,1.3311096579637698
s3_chunk05_rep01,5,high_response_placebo,regional_shift,box,3000,0.05,3.0,wrong,ctmle,estimated,xgboost,xgboost,targeting,1.0,0.0|0.25|0.5|1.0,-1.0,1.0,obsval,4.0,0.1,0,0.1,legacy,4.0,4,50,1,17.06636813399382,-0.013188641748517416,-0.013188641748517416,-0.013188641748517416,0.0,5.066585858411882e-08,-1.9062891927321308e-06,0.0,0.1,0.0,nan,nan,nan,nan,nan,nan,nan,0.154,0.10133333333333333,0.0,0.0,357,20,0.7727272727272727,0.06578947368421052,-0.0019428761830043912,-0.0019428761830043912,0.0,-0.030599995034821206,-0.030599995034821206,0.0,0.5341799465897864,0.5341799465897864,1.1792796993262973,1.1792796993262973
s3_chunk05_rep02,5,high_response_placebo,regional_shift,box,3000,0.05,3.0,wrong,ctmle,estimated,xgboost,xgboost,targeting,1.0,0.0|0.25|0.5|1.0,-1.0,1.0,obsval,4.0,0.1,0,0.1,legacy,4.0,4,50,2,34.423696457000915,-0.12400636955929878,-0.12400636955929878,-0.12400636955929878,0.0,7.293098130446707e-08,3.0470192506723993e-06,0.0,0.5,0.0,nan,nan,nan,nan,nan,nan,nan,0.15233333333333332,0.09666666666666666,0.0,0.0,370,15,0.8096280087527352,0.05172413793103448,-0.0007152905875774355,-0.0007152905875774355,0.0,-0.09828222770275609,-0.09828222770275609,0.0,0.5846910407288037,0.5846910407288037,1.5198570069431903,1.5198570069431903
s3_chunk05_rep03,5,high_response_placebo,regional_shift,box,3000,0.05,3.0,wrong,ctmle,estimated,xgboost,xgboost,targeting,1.0,0.0|0.25|0.5|1.0,-1.0,1.0,obsval,4.0,0.1,0,0.1,legacy,4.0,4,50,3,51.76121506499476,-0.10542628691721595,-0.10542628691721595,-0.10542628691721595,0.0,2.637434133416494e-08,-4.807016446165078e-07,0.0,0.25,0.0,nan,nan,nan,nan,nan,nan,nan,0.15366666666666667,0.097,0.0,0.0,375,14,0.8134490238611713,0.048109965635738834,-0.0013491038510034285,-0.0013491038510034285,0.0,-0.06761437779175432,-0.06761437779175432,0.0,0.580843825345206,0.580843825345206,1.4030878836097405,1.4030878836097405
s3_chunk05_rep04,5,high_response_placebo,regional_shift,box,3000,0.05,3.0,wrong,ctmle,estimated,xgboost,xgboost,targeting,1.0,0.0|0.25|0.5|1.0,-1.0,1.0,obsval,4.0,0.1,0,0.1,legacy,4.0,4,50,4,68.97215440700529,-0.029605642217935935,-0.029605642217935935,-0.029605642217935935,0.0,1.5916345214028738e-08,-6.251008782174293e-07,0.0,0.05,0.0,nan,nan,nan,nan,nan,nan,nan,0.14866666666666667,0.10033333333333333,0.0,0.0,366,16,0.820627802690583,0.053156146179401995,-0.0029220668287650775,-0.0029220668287650775,0.0,-0.013802957069567658,-0.013802957069567658,0.0,0.5369202843772906,0.5369202843772906,1.2163971591526335,1.2163971591526335
s3_chunk06_rep01,6,high_response_placebo,regional_shift,box,3000,0.05,3.0,wrong,ctmle,estimated,xgboost,xgboost,targeting,1.0,0.0|0.25|0.5|1.0,-1.0,1.0,obsval,4.0,0.1,0,0.1,legacy,4.0,4,50,1,17.192279928014614,-0.06871006463223128,-0.06871006463223128,-0.06871006463223128,0.0,1.3146431081766108e-08,-4.397972015813059e-07,0.0,0.5,0.0,nan,nan,nan,nan,nan,nan,nan,0.151,0.10633333333333334,0.0,0.0,375,22,0.8278145695364238,0.06896551724137931,-0.00019771053075056955,-0.00019771053075056955,0.0,-0.05247614645324315,-0.05247614645324315,0.0,0.5459282026752035,0.5459282026752035,1.2679061526539468,1.2679061526539468
s3_chunk06_rep02,6,high_response_placebo,regional_shift,box,3000,0.05,3.0,wrong,ctmle,estimated,xgboost,xgboost,targeting,1.0,0.0|0.25|0.5|1.0,-1.0,1.0,obsval,4.0,0.1,0,0.1,legacy,4.0,4,50,2,34.29725099701318,-0.10154774354826157,-0.10154774354826157,-0.10154774354826157,0.0,1.414262330726515e-07,-2.912532654906824e-06,0.0,0.1,0.0,nan,nan,nan,nan,nan,nan,nan,0.14666666666666667,0.09333333333333334,0.0,0.0,351,17,0.7977272727272727,0.060714285714285714,0.0019153170820811422,0.0019153170820811422,0.0,-0.05240901263517631,-0.05240901263517631,0.0,0.5413207797296907,0.5413207797296907,1.40577182246401,1.40577182246401
s3_chunk06_rep03,6,high_response_placebo,regional_shift,box,3000,0.05,3.0,wrong,ctmle,estimated,xgboost,xgboost,targeting,1.0,0.0|0.25|0.5|1.0,-1.0,1.0,obsval,4.0,0.1,0,0.1,legacy,4.0,4,50,3,51.39937714100233,-0.06730074003189401,-0.06699925933083783,-0.0672518921891275,0.0003014807010561782,3.808196561349772e-08,-3.701736609573302e-07,0.16202643351757073,0.5,1.0,nan,nan,nan,nan,nan,nan,nan,0.151,0.10166666666666667,0.0,0.0,372,14,0.8211920529801324,0.04590163934426229,0.0031024271218799437,0.003071036774058557,3.1390347821386774e-05,-0.06730830268601949,-0.06730830268601949,0.0,0.5446860318345961,0.5444486809390113,1.3353672551079065,1.3353672551079065
s3_chunk06_rep04,6,high_response_placebo,regional_shift,box,3000,0.05,3.0,wrong,ctmle,estimated,xgboost,xgboost,targeting,1.0,0.0|0.25|0.5|1.0,-1.0,1.0,obsval,4.0,0.1,0,0.1,legacy,4.0,4,50,4,68.38341564300936,-0.0824663022534905,-0.08278582150477376,-0.08252988908807118,-0.0003195192512832623,4.088766708196245e-08,-7.426563675544656e-07,0.19900783544434653,0.25,1.0,nan,nan,nan,nan,nan,nan,nan,0.15366666666666667,0.09966666666666667,0.0,0.0,384,17,0.8329718004338394,0.056856187290969896,-0.002035077975106866,-0.0020089936036058777,2.6084371500988395e-05,-0.0604179342121879,-0.0604179342121879,0.0,0.5308914144936636,0.530475391591739,1.3115496761745025,1.3115496761745025
s3_chunk07_rep01,7,high_response_placebo,regional_shift,box,3000,0.05,3.0,wrong,ctmle,estimated,xgboost,xgboost,targeting,1.0,0.0|0.25|0.5|1.0,-1.0,1.0,obsval,4.0,0.1,0,0.1,legacy,4.0,4,50,1,17.309218392008916,-0.06817315092492693,-0.06817315092492693,-0.06817315092492693,0.0,7.406567889035875e-08,-8.771989624966909e-07,0.0,0.5,0.0,nan,nan,nan,nan,nan,nan,nan,0.15333333333333332,0.105,0.0,0.0,373,21,0.8108695652173913,0.06666666666666667,0.0013524799426393517,0.0013524799426393517,0.0,-0.036858169302907695,-0.036858169302907695,0.0,0.533529323098125,0.533529323098125,1.198215120919419,1.198215120919419
s3_chunk07_rep02,7,high_response_placebo,regional_shift,box,3000,0.05,3.0,wrong,ctmle,estimated,xgboost,xgboost,targeting,1.0,0.0|0.25|0.5|1.0,-1.0,1.0,obsval,4.0,0.1,0,0.1,legacy,4.0,4,50,2,34.595130722009344,-0.1231554498198526,-0.1231554498198526,-0.1231554498198526,0.0,4.57733552879612e-08,-9.86111837953307e-07,0.0,0.05,0.0,nan,nan,nan,nan,nan,nan,nan,0.14766666666666667,0.09133333333333334,0.0,0.0,374,14,0.8442437923250564,0.051094890510948905,0.0015915232539203807,0.0015915232539203807,0.0,-0.012635222450539794,-0.012635222450539794,0.0,0.5243275816470309,0.5243275816470309,1.769349699444295,1.769349699444295
s3_chunk07_rep03,7,high_response_placebo,regional_shift,box,3000,0.05,3.0,wrong,ctmle,estimated,xgboost,xgboost,targeting,1.0,0.0|0.25|0.5|1.0,-1.0,1.0,obsval,4.0,0.1,0,0.1,legacy,4.0,4,50,3,51.895020794996526,-0.10691949423968228,-0.10691949423968228,-0.10691949423968228,0.0,3.743301307335481e-08,-7.63186483919865e-07,0.0,0.25,0.0,nan,nan,nan,nan,nan,nan,nan,0.15533333333333332,0.10833333333333334,0.0,0.0,384,15,0.8240343347639485,0.046153846153846156,-0.001543757201665398,-0.001543757201665398,0.0,-0.09536572345506382,-0.09536572345506382,0.0,0.5344338500453705,0.5344338500453705,1.3867632773002214,1.3867632773002214
s3_chunk07_rep04,7,high_response_placebo,regional_shift,box,3000,0.05,3.0,wrong,ctmle,estimated,xgboost,xgboost,targeting,1.0,0.0|0.25|0.5|1.0,-1.0,1.0,obsval,4.0,0.1,0,0.1,legacy,4.0,4,50,4,69.09986519798986,-0.17186072267406227,-0.17209857561972203,-0.17186072267406227,-0.00023785294565975557,4.8217328248167934e-08,-6.157083436326982e-07,0.0,0.5,1.0,nan,nan,nan,nan,nan,nan,nan,0.14533333333333334,0.1,0.0,0.0,347,10,0.7958715596330275,0.03333333333333333,0.0012501561585137107,0.0012610144818636217,-1.0858323349910957e-05,-0.1386712623969166,-0.1386712623969166,0.0,0.5174720356294907,0.5171456342588527,2.0526847105080255,2.0526847105080255
s3_chunk08_rep01,8,high_response_placebo,regional_shift,box,3000,0.05,3.0,wrong,ctmle,estimated,xgboost,xgboost,targeting,1.0,0.0|0.25|0.5|1.0,-1.0,1.0,obsval,4.0,0.1,0,0.1,legacy,4.0,4,50,1,17.13491355298902,-0.07538642208624713,-0.07538642208624713,-0.07538642208624713,0.0,6.809816668462004e-09,-2.591105508007851e-07,0.0,0.25,0.0,nan,nan,nan,nan,nan,nan,nan,0.14633333333333334,0.102,0.0,0.0,357,17,0.8132118451025057,0.05555555555555555,0.0018805553022441612,0.0018805553022441612,0.0,-0.05064233174098842,-0.05064233174098842,0.0,0.48582658806854284,0.48582658806854284,1.1713714876127173,1.1713714876127173
s3_chunk08_rep02,8,high_response_placebo,regional_shift,box,3000,0.05,3.0,wrong,ctmle,estimated,xgboost,xgboost,targeting,1.0,0.0|0.25|0.5|1.0,-1.0,1.0,obsval,4.0,0.1,0,0.1,legacy,4.0,4,50,2,34.50720806600293,-0.17478278568600308,-0.17478278568600308,-0.17478278568600308,0.0,2.5019529689782743e-08,-2.88489342492506e-07,0.0,0.05,0.0,nan,nan,nan,nan,nan,nan,nan,0.14933333333333335,0.103,0.0,0.0,369,21,0.8236607142857143,0.06796116504854369,0.0037259798167506362,0.0037259798167506362,0.0,-0.023206408706552432,-0.023206408706552432,0.0,0.5541972591149488,0.5541972591149488,2.032516313672013,2.032516313672013
s3_chunk08_rep03,8,high_response_placebo,regional_shift,box,3000,0.05,3.0,wrong,ctmle,estimated,xgboost,xgboost,targeting,1.0,0.0|0.25|0.5|1.0,-1.0,1.0,obsval,4.0,0.1,0,0.1,legacy,4.0,4,50,3,51.67994555301266,-0.1709228748553372,-0.1709228748553372,-0.1709228748553372,0.0,5.602687179213223e-08,-2.785351726917497e-06,0.0,0.5,0.0,nan,nan,nan,nan,nan,nan,nan,0.154,0.101,0.0,0.0,371,6,0.803030303030303,0.019801980198019802,0.0002825668075052842,0.0002825668075052842,0.0,-0.15003581311241873,-0.15003581311241873,0.0,0.5868689461549521,0.5868689461549521,2.1639909014272236,2.1639909014272236
s3_chunk08_rep04,8,high_response_placebo,regional_shift,box,3000,0.05,3.0,wrong,ctmle,estimated,xgboost,xgboost,targeting,1.0,0.0|0.25|0.5|1.0,-1.0,1.0,obsval,4.0,0.1,0,0.1,legacy,4.0,4,50,4,69.0501923779957,-0.08895808126910598,-0.08937784231427404,-0.0890631268314282,-0.00041976104516805446,6.605265000497046e-08,-1.3083853719593821e-06,0.25025085946256265,0.05,1.0,nan,nan,nan,nan,nan,nan,nan,0.15066666666666667,0.10933333333333334,0.0,0.0,351,16,0.7765486725663717,0.04878048780487805,0.0029396252484901156,0.003691353167233818,-0.0007517279187437024,-0.017621902125057085,-0.017621902125057085,0.0,0.5231719502699164,0.5235295027076302,1.4802479336371193,1.4802479336371193
s3_chunk09_rep01,9,high_response_placebo,regional_shift,box,3000,0.05,3.0,wrong,ctmle,estimated,xgboost,xgboost,targeting,1.0,0.0|0.25|0.5|1.0,-1.0,1.0,obsval,4.0,0.1,0,0.1,legacy,4.0,4,50,1,17.084285134013044,-0.12410499620333226,-0.12410499620333226,-0.12410499620333226,0.0,5.664197798987969e-08,8.191021460255722e-08,0.0,0.05,0.0,nan,nan,nan,nan,nan,nan,nan,0.147,0.09833333333333333,0.0,0.0,362,11,0.8208616780045351,0.03728813559322034,0.007509331232875643,0.007509331232875643,0.0,-0.011509221073046617,-0.011509221073046617,0.0,0.5490780631472916,0.5490780631472916,1.6556903416799233,1.6556903416799233
s3_chunk09_rep02,9,high_response_placebo,regional_shift,box,3000,0.05,3.0,wrong,ctmle,estimated,xgboost,xgboost,targeting,1.0,0.0|0.25|0.5|1.0,-1.0,1.0,obsval,4.0,0.1,0,0.1,legacy,4.0,4,50,2,34.237197081994964,0.00613034444493854,0.00613034444493854,0.00613034444493854,0.0,6.566941934682546e-08,-3.4674260723289475e-07,0.0,0.05,0.0,nan,nan,nan,nan,nan,nan,nan,0.15066666666666667,0.10033333333333333,0.0,0.0,370,16,0.8185840707964602,0.053156146179401995,0.0003393824815088739,0.0003393824815088739,0.0,-0.009344835489909735,-0.009344835489909735,0.0,0.4985232092650719,0.4985232092650719,1.1973016679544335,1.1973016679544335
s3_chunk09_rep03,9,high_response_placebo,regional_shift,box,3000,0.05,3.0,wrong,ctmle,estimated,xgboost,xgboost,targeting,1.0,0.0|0.25|0.5|1.0,-1.0,1.0,obsval,4.0,0.1,0,0.1,legacy,4.0,4,50,3,51.36624366600881,-0.09815266934991274,-0.09815266934991274,-0.09815266934991274,0.0,7.737020575994749e-08,6.421742946949131e-07,0.0,0.05,0.0,nan,nan,nan,nan,nan,nan,nan,0.15466666666666667,0.10433333333333333,0.0,0.0,381,16,0.8211206896551724,0.051118210862619806,0.001624454988157126,0.001624454988157126,0.0,-0.018896882304811635,-0.018896882304811635,0.0,0.5910698795326271,0.5910698795326271,1.6232699387004002,1.6232699387004002
s3_chunk09_rep04,9,high_response_placebo,regional_shift,box,3000,0.05,3.0,wrong,ctmle,estimated,xgboost,xgboost,targeting,1.0,0.0|0.25|0.5|1.0,-1.0,1.0,obsval,4.0,0.1,0,0.1,legacy,4.0,4,50,4,68.42264101101318,-0.06048225959093101,-0.06048225959093101,-0.06048225959093101,0.0,6.632405469058841e-08,5.25813311087666e-07,0.0,0.5,0.0,nan,nan,nan,nan,nan,nan,nan,0.14766666666666667,0.09466666666666666,0.0,0.0,357,7,0.8058690744920993,0.02464788732394366,-0.00041826631413120394,-0.00041826631413120394,0.0,-0.0977743478182466,-0.0977743478182466,0.0,0.5804972209673878,0.5804972209673878,1.5695170115682247,1.5695170115682247
s3_chunk10_rep01,10,high_response_placebo,regional_shift,box,3000,0.05,3.0,wrong,ctmle,estimated,xgboost,xgboost,targeting,1.0,0.0|0.25|0.5|1.0,-1.0,1.0,obsval,4.0,0.1,0,0.1,legacy,4.0,4,50,1,16.99364666600013,-0.1499764065576174,-0.1499764065576174,-0.1499764065576174,0.0,1.9882227200555824e-08,1.0735109918953711e-06,0.0,0.5,0.0,nan,nan,nan,nan,nan,nan,nan,0.15466666666666667,0.09566666666666666,0.0,0.0,370,8,0.7974137931034483,0.027874564459930314,0.001248083826706599,0.001248083826706599,0.0,-0.10849448031797948,-0.10849448031797948,0.0,0.5352923428600774,0.5352923428600774,1.5534474610975733,1.5534474610975733
s3_chunk10_rep02,10,high_response_placebo,regional_shift,box,3000,0.05,3.0,wrong,ctmle,estimated,xgboost,xgboost,targeting,1.0,0.0|0.25|0.5|1.0,-1.0,1.0,obsval,4.0,0.1,0,0.1,legacy,4.0,4,50,2,34.13411034599994,-0.09551654759886546,-0.09551654759886546,-0.09551654759886546,0.0,3.0056025154823196e-08,9.273564901112613e-07,0.0,0.05,0.0,nan,nan,nan,nan,nan,nan,nan,0.14733333333333334,0.09666666666666666,0.0,0.0,355,13,0.8031674208144797,0.04482758620689655,-0.0010464313709381353,-0.0010464313709381353,0.0,-0.009747652480372494,-0.009747652480372494,0.0,0.5381380169087264,0.5381380169087264,1.2781995442686733,1.2781995442686733
s3_chunk10_rep03,10,high_response_placebo,regional_shift,box,3000,0.05,3.0,wrong,ctmle,estimated,xgboost,xgboost,targeting,1.0,0.0|0.25|0.5|1.0,-1.0,1.0,obsval,4.0,0.1,0,0.1,legacy,4.0,4,50,3,51.25059771400993,-0.04387722440266051,-0.04363415212849775,-0.04387722440266051,0.0002430722741627589,6.157008920282606e-08,-1.2378624016382359e-06,0.0,0.05,1.0,nan,nan,nan,nan,nan,nan,nan,0.14833333333333334,0.09066666666666667,0.0,0.0,348,11,0.7820224719101123,0.04044117647058824,0.002449276906200799,0.0022328631790124198,0.00021641372718837933,-0.008192708793544029,-0.008192708793544029,0.0,0.5494150059361532,0.5492065364177754,0.9763246615887868,0.9763246615887868
s3_chunk10_rep04,10,high_response_placebo,regional_shift,box,3000,0.05,3.0,wrong,ctmle,estimated,xgboost,xgboost,targeting,1.0,0.0|0.25|0.5|1.0,-1.0,1.0,obsval,4.0,0.1,0,0.1,legacy,4.0,4,50,4,68.77631612302503,-0.12004190831608214,-0.12004190831608214,-0.12004190831608214,0.0,2.489432741111658e-08,-4.83963384713057e-07,0.0,0.5,0.0,nan,nan,nan,nan,nan,nan,nan,0.14133333333333334,0.09333333333333334,0.0,0.0,348,11,0.8207547169811321,0.039285714285714285,0.0013375038490284143,0.0013375038490284143,0.0,-0.1140820508210472,-0.1140820508210472,0.0,0.5494948935805168,0.5494948935805168,1.7511693973492146,1.7511693973492146
s3_chunk11_rep01,11,high_response_placebo,regional_shift,box,3000,0.05,3.0,wrong,ctmle,estimated,xgboost,xgboost,targeting,1.0,0.0|0.25|0.5|1.0,-1.0,1.0,obsval,4.0,0.1,0,0.1,legacy,4.0,4,50,1,17.273275557003217,-0.033693803901270525,-0.03387053386798777,-0.033693803901270525,-0.0001767299667172484,4.474837893026634e-08,1.6610315255538924e-06,0.0,0.5,1.0,nan,nan,nan,nan,nan,nan,nan,0.149,0.09333333333333334,0.0,0.0,362,14,0.8098434004474273,0.05,0.0005405979478144396,0.0005318940696503532,8.703878164086467e-06,-0.03323103816287963,-0.03323103816287963,0.0,0.5576994218150555,0.5574101724257489,1.306283171562877,1.306283171562877
s3_chunk11_rep02,11,high_response_placebo,regional_shift,box,3000,0.05,3.0,wrong,ctmle,estimated,xgboost,xgboost,targeting,1.0,0.0|0.25|0.5|1.0,-1.0,1.0,obsval,4.0,0.1,0,0.1,legacy,4.0,4,50,2,34.43320363899693,-0.09354114161671712,-0.09354114161671712,-0.09354114161671712,0.0,4.764537857478157e-08,7.863699412239376e-07,0.0,0.05,0.0,nan,nan,nan,nan,nan,nan,nan,0.15433333333333332,0.10133333333333333,0.0,0.0,353,10,0.7624190064794817,0.03289473684210526,-0.00019954350315674684,-0.00019954350315674684,0.0,-0.017559655728607203,-0.017559655728607203,0.0,0.5013731675030451,0.5013731675030451,1.4945975154569147,1.4945975154569147
s3_chunk11_rep03,11,high_response_placebo,regional_shift,box,3000,0.05,3.0,wrong,ctmle,estimated,xgboost,xgboost,targeting,1.0,0.0|0.25|0.5|1.0,-1.0,1.0,obsval,4.0,0.1,0,0.1,legacy,4.0,4,50,3,51.66145208798116,-0.08935448430676807,-0.08935448430676807,-0.08935448430676807,0.0,2.1881202614182013e-07,-2.5924634057272484e-06,0.0,0.5,0.0,nan,nan,nan,nan,nan,nan,nan,0.15033333333333335,0.098,0.0,0.0,355,16,0.7871396895787139,0.05442176870748299,-0.0003485593297869623,-0.0003485593297869623,0.0,-0.07982988118485851,-0.07982988118485851,0.0,0.5302261817053309,0.5302261817053309,1.7126249558845474,1.7126249558845474
s3_chunk11_rep04,11,high_response_placebo,regional_shift,box,3000,0.05,3.0,wrong,ctmle,estimated,xgboost,xgboost,targeting,1.0,0.0|0.25|0.5|1.0,-1.0,1.0,obsval,4.0,0.1,0,0.1,legacy,4.0,4,50,4,68.50026555999648,-0.1048040713209844,-0.1048040713209844,-0.1048040713209844,0.0,2.5126014789166734e-08,-2.0829840952757937e-07,0.0,0.25,0.0,nan,nan,nan,nan,nan,nan,nan,0.14766666666666667,0.09466666666666666,0.0,0.0,354,19,0.7990970654627539,0.06690140845070422,-0.0007825764950629942,-0.0007825764950629942,0.0,-0.05798193326685139,-0.05798193326685139,0.0,0.47430874309525045,0.47430874309525045,1.2263763512169625,1.2263763512169625
s3_chunk12_rep01,12,high_response_placebo,regional_shift,box,3000,0.05,3.0,wrong,ctmle,estimated,xgboost,xgboost,targeting,1.0,0.0|0.25|0.5|1.0,-1.0,1.0,obsval,4.0,0.1,0,0.1,legacy,4.0,4,50,1,17.227055583003676,-0.10925255405158318,-0.10925255405158318,-0.10925255405158318,0.0,4.6694447821370166e-08,-3.371515175138069e-07,0.0,0.05,0.0,nan,nan,nan,nan,nan,nan,nan,0.14933333333333335,0.10166666666666667,0.0,0.0,358,14,0.7991071428571429,0.04590163934426229,0.004770781770920807,0.004770781770920807,0.0,-0.010667265269843792,-0.010667265269843792,0.0,0.5254460075198052,0.5254460075198052,1.2050834173582805,1.2050834173582805
s3_chunk12_rep02,12,high_response_placebo,regional_shift,box,3000,0.05,3.0,wrong,ctmle,estimated,xgboost,xgboost,targeting,1.0,0.0|0.25|0.5|1.0,-1.0,1.0,obsval,4.0,0.1,0,0.1,legacy,4.0,4,50,2,34.63858689699555,-0.03242614762369844,-0.03242614762369844,-0.03242614762369844,0.0,2.4942743574556114e-08,-4.934518146638717e-07,0.0,0.5,0.0,nan,nan,nan,nan,nan,nan,nan,0.14866666666666667,0.08866666666666667,0.0,0.0,355,22,0.7959641255605381,0.08270676691729323,-0.001620003771256482,-0.001620003771256482,0.0,-0.04534572172433381,-0.04534572172433381,0.0,0.5583500948896443,0.5583500948896443,1.2977194337430884,1.2977194337430884
s3_chunk12_rep03,12,high_response_placebo,regional_shift,box,3000,0.05,3.0,wrong,ctmle,estimated,xgboost,xgboost,targeting,1.0,0.0|0.25|0.5|1.0,-1.0,1.0,obsval,4.0,0.1,0,0.1,legacy,4.0,4,50,3,51.8593429409957,-0.07830572676796721,-0.07830572676796721,-0.07830572676796721,0.0,5.2195532444787585e-08,-2.659176981069898e-06,0.0,0.05,0.0,nan,nan,nan,nan,nan,nan,nan,0.15733333333333333,0.11466666666666667,0.0,0.0,384,13,0.8135593220338984,0.0377906976744186,0.0049390440223047,0.0049390440223047,0.0,-0.0077568831711408315,-0.0077568831711408315,0.0,0.5396625611206727,0.5396625611206727,1.4249393542188955,1.4249393542188955
s3_chunk12_rep04,12,high_response_placebo,regional_shift,box,3000,0.05,3.0,wrong,ctmle,estimated,xgboost,xgboost,targeting,1.0,0.0|0.25|0.5|1.0,-1.0,1.0,obsval,4.0,0.1,0,0.1,legacy,4.0,4,50,4,69.03446272600559,-0.12011482307267451,-0.12011482307267451,-0.12011482307267451,0.0,3.4127283277986253e-08,-1.865202300726284e-06,0.0,0.5,0.0,nan,nan,nan,nan,nan,nan,nan,0.158,0.11733333333333333,0.0,0.0,391,16,0.8248945147679325,0.045454545454545456,0.00011700168727145817,0.00011700168727145817,0.0,-0.09033440386057348,-0.09033440386057348,0.0,0.5083783432217467,0.5083783432217467,1.6218143745139175,1.6218143745139175
s3_chunk13_rep01,13,high_response_placebo,regional_shift,box,3000,0.05,3.0,wrong,ctmle,estimated,xgboost,xgboost,targeting,1.0,0.0|0.25|0.5|1.0,-1.0,1.0,obsval,4.0,0.1,0,0.1,legacy,4.0,4,50,1,17.41971968099824,-0.11648143015760715,-0.11648143015760715,-0.11648143015760715,0.0,4.5772084443854166e-08,5.163074338419404e-07,0.0,0.05,0.0,nan,nan,nan,nan,nan,nan,nan,0.145,0.09733333333333333,0.0,0.0,334,15,0.767816091954023,0.05136986301369863,-0.0033155397426240943,-0.0033155397426240943,0.0,-0.01629531182746669,-0.01629531182746669,0.0,0.5680528655855218,0.5680528655855218,1.6591632832497007,1.6591632832497007
s3_chunk13_rep02,13,high_response_placebo,regional_shift,box,3000,0.05,3.0,wrong,ctmle,estimated,xgboost,xgboost,targeting,1.0,0.0|0.25|0.5|1.0,-1.0,1.0,obsval,4.0,0.1,0,0.1,legacy,4.0,4,50,2,34.69125368000823,-0.11183697807654036,-0.11237391382490136,-0.11214247525004208,-0.0005369357483610004,6.213382219583813e-08,5.383683520032104e-07,0.5689641161614634,0.05,1.0,nan,nan,nan,nan,nan,nan,nan,0.14633333333333334,0.10233333333333333,0.0,0.0,353,14,0.8041002277904328,0.04560260586319218,-0.0024447057318937506,-0.0018926239225695077,0.0005520818093242429,-0.01153585729751834,-0.01153585729751834,0.0,0.5288450487880058,0.5282117466288578,1.7053097445869625,1.7053097445869625
s3_chunk13_rep03,13,high_response_placebo,regional_shift,box,3000,0.05,3.0,wrong,ctmle,estimated,xgboost,xgboost,targeting,1.0,0.0|0.25|0.5|1.0,-1.0,1.0,obsval,4.0,0.1,0,0.1,legacy,4.0,4,50,3,51.92810673700296,-0.1043711197328181,-0.1043711197328181,-0.1043711197328181,0.0,2.694644575876315e-08,-1.514762396539332e-06,0.0,0.05,0.0,nan,nan,nan,nan,nan,nan,nan,0.15233333333333332,0.11033333333333334,0.0,0.0,375,16,0.8205689277899344,0.04833836858006042,-0.0025701820964914336,-0.0025701820964914336,0.0,-0.015561095088362049,-0.015561095088362049,0.0,0.5892275170210639,0.5892275170210639,1.3917980464395092,1.3917980464395092
s3_chunk13_rep04,13,high_response_placebo,regional_shift,box,3000,0.05,3.0,wrong,ctmle,estimated,xgboost,xgboost,targeting,1.0,0.0|0.25|0.5|1.0,-1.0,1.0,obsval,4.0,0.1,0,0.1,legacy,4.0,4,50,4,68.78975705700577,-0.11065203051266082,-0.11065203051266082,-0.11065203051266082,0.0,1.1129021324288169e-07,-2.1456839558115295e-07,0.0,0.05,0.0,nan,nan,nan,nan,nan,nan,nan,0.14433333333333334,0.09966666666666667,0.0,0.0,343,7,0.792147806004619,0.023411371237458192,0.004249296438703564,0.004249296438703564,0.0,-0.012128077097514615,-0.012128077097514615,0.0,0.5446614737833774,0.5446614737833774,1.6862873243167287,1.6862873243167287
s3_chunk14_rep01,14,high_response_placebo,regional_shift,box,3000,0.05,3.0,wrong,ctmle,estimated,xgboost,xgboost,targeting,1.0,0.0|0.25|0.5|1.0,-1.0,1.0,obsval,4.0,0.1,0,0.1,legacy,4.0,4,50,1,17.044196389004355,-0.12675549331808966,-0.12675549331808966,-0.12675549331808966,0.0,4.097156673134317e-08,9.247258397327394e-07,0.0,0.05,0.0,nan,nan,nan,nan,nan,nan,nan,0.14333333333333334,0.10433333333333333,0.0,0.0,346,13,0.8046511627906977,0.04153354632587859,-0.0007874535470223905,-0.0007874535470223905,0.0,-0.013380723685923551,-0.013380723685923551,0.0,0.5123875384404794,0.5123875384404794,1.4346040251476193,1.4346040251476193
s3_chunk14_rep02,14,high_response_placebo,regional_shift,box,3000,0.05,3.0,wrong,ctmle,estimated,xgboost,xgboost,targeting,1.0,0.0|0.25|0.5|1.0,-1.0,1.0,obsval,4.0,0.1,0,0.1,legacy,4.0,4,50,2,34.059428792999825,-0.08396030679179745,-0.08411666041780863,-0.08396030679179745,-0.0001563536260111853,2.6031475468691473e-08,-1.6494280869047348e-07,0.0,0.05,1.0,nan,nan,nan,nan,nan,nan,nan,0.14966666666666667,0.11033333333333334,0.0,0.0,366,17,0.8151447661469933,0.0513595166163142,0.00021999473224703435,0.00046495468270341524,-0.0002449599504563809,-0.010845543604457025,-0.010845543604457025,0.0,0.5711335934233497,0.570764689552233,1.4319709319749474,1.4319709319749474
s3_chunk14_rep03,14,high_response_placebo,regional_shift,box,3000,0.05,3.0,wrong,ctmle,estimated,xgboost,xgboost,targeting,1.0,0.0|0.25|0.5|1.0,-1.0,1.0,obsval,4.0,0.1,0,0.1,legacy,4.0,4,50,3,51.3126688930206,-0.08018333062971006,-0.08018333062971006,-0.08018333062971006,0.0,1.0958184687610839e-07,-2.9564132336633558e-06,0.0,0.5,0.0,nan,nan,nan,nan,nan,nan,nan,0.154,0.104,0.0,0.0,357,21,0.7727272727272727,0.0673076923076923,0.0013413714054191948,0.0013413714054191948,0.0,-0.06919041763661367,-0.06919041763661367,0.0,0.5206418925503533,0.5206418925503533,1.1644242741135908,1.1644242741135908
s3_chunk14_rep04,14,high_response_placebo,regional_shift,box,3000,0.05,3.0,wrong,ctmle,estimated,xgboost,xgboost,targeting,1.0,0.0|0.25|0.5|1.0,-1.0,1.0,obsval,4.0,0.1,0,0.1,legacy,4.0,4,50,4,68.45736369100632,-0.08419799021584251,-0.08419799021584251,-0.08419799021584251,0.0,4.163276705977312e-08,-5.624329353103898e-07,0.0,0.05,0.0,nan,nan,nan,nan,nan,nan,nan,0.14933333333333335,0.09533333333333334,0.0,0.0,363,15,0.8102678571428571,0.05244755244755245,0.0010643246084109592,0.0010643246084109592,0.0,-0.01658291890660876,-0.01658291890660876,0.0,0.5264534601280444,0.5264534601280444,1.6938008147195238,1.6938008147195238
s3_chunk15_rep01,15,high_response_placebo,regional_shift,box,3000,0.05,3.0,wrong,ctmle,estimated,xgboost,xgboost,targeting,1.0,0.0|0.25|0.5|1.0,-1.0,1.0,obsval,4.0,0.1,0,0.1,legacy,4.0,4,50,1,17.178183002979495,-0.12131294067455445,-0.12131294067455445,-0.12131294067455445,0.0,6.414822580503438e-08,-1.4884823002143163e-06,0.0,0.05,0.0,nan,nan,nan,nan,nan,nan,nan,0.148,0.09766666666666667,0.0,0.0,361,14,0.8130630630630631,0.04778156996587031,0.0010276854080173068,0.0010276854080173068,0.0,-0.018653315601656704,-0.018653315601656704,0.0,0.4927883866964098,0.4927883866964098,1.7882508974838873,1.7882508974838873
s3_chunk15_rep02,15,high_response_placebo,regional_shift,box,3000,0.05,3.0,wrong,ctmle,estimated,xgboost,xgboost,targeting,1.0,0.0|0.25|0.5|1.0,-1.0,1.0,obsval,4.0,0.1,0,0.1,legacy,4.0,4,50,2,34.48798630599049,-0.05177275724185537,-0.05177275724185537,-0.05177275724185537,0.0,1.843571226364457e-08,-1.2381086944891501e-06,0.0,0.5,0.0,nan,nan,nan,nan,nan,nan,nan,0.14533333333333334,0.08933333333333333,0.0,0.0,366,17,0.8394495412844036,0.06343283582089553,-0.0005698446645347766,-0.0005698446645347766,0.0,-0.06088937555995123,-0.06088937555995123,0.0,0.5246493766459924,0.5246493766459924,1.2505746523838712,1.2505746523838712
s3_chunk15_rep03,15,high_response_placebo,regional_shift,box,3000,0.05,3.0,wrong,ctmle,estimated,xgboost,xgboost,targeting,1.0,0.0|0.25|0.5|1.0,-1.0,1.0,obsval,4.0,0.1,0,0.1,legacy,4.0,4,50,3,51.595985962980194,-0.013403503282916063,-0.013403503282916063,-0.013403503282916063,0.0,1.8295868201533005e-08,-5.584662108909684e-08,0.0,0.05,0.0,nan,nan,nan,nan,nan,nan,nan,0.156,0.10433333333333333,0.0,0.0,397,11,0.8482905982905983,0.03514376996805112,-0.0018664465870607445,-0.0018664465870607445,0.0,-0.005271834844176316,-0.005271834844176316,0.0,0.5644668620640554,0.5644668620640554,1.3842555412020274,1.3842555412020274
s3_chunk15_rep04,15,high_response_placebo,regional_shift,box,3000,0.05,3.0,wrong,ctmle,estimated,xgboost,xgboost,targeting,1.0,0.0|0.25|0.5|1.0,-1.0,1.0,obsval,4.0,0.1,0,0.1,legacy,4.0,4,50,4,68.60631630397984,-0.1373513291764737,-0.1373513291764737,-0.1373513291764737,0.0,2.090276031603555e-08,5.099846326715035e-07,0.0,0.05,0.0,nan,nan,nan,nan,nan,nan,nan,0.14866666666666667,0.08833333333333333,0.0,0.0,378,5,0.8475336322869955,0.018867924528301886,0.0009209516350499662,0.0009209516350499662,0.0,-0.007580573586343838,-0.007580573586343838,0.0,0.5599191941296784,0.5599191941296784,1.8268542841218411,1.8268542841218411
s3_chunk16_rep01,16,high_response_placebo,regional_shift,box,3000,0.05,3.0,wrong,ctmle,estimated,xgboost,xgboost,targeting,1.0,0.0|0.25|0.5|1.0,-1.0,1.0,obsval,4.0,0.1,0,0.1,legacy,4.0,4,50,1,17.341507487988565,-0.0854483731386273,-0.0854483731386273,-0.0854483731386273,0.0,4.4743093455083816e-08,1.0946140561927074e-06,0.0,0.05,0.0,nan,nan,nan,nan,nan,nan,nan,0.14733333333333334,0.11,0.0,0.0,367,13,0.830316742081448,0.03939393939393939,-0.0005696590888254407,-0.0005696590888254407,0.0,-0.011481318987079004,-0.011481318987079004,0.0,0.5105763527116836,0.5105763527116836,1.3241620937370462,1.3241620937370462
s3_chunk16_rep02,16,high_response_placebo,regional_shift,box,3000,0.05,3.0,wrong,ctmle,estimated,xgboost,xgboost,targeting,1.0,0.0|0.25|0.5|1.0,-1.0,1.0,obsval,4.0,0.1,0,0.1,legacy,4.0,4,50,2,34.4920945870108,-0.08940504826469997,-0.08940504826469997,-0.08940504826469997,0.0,1.972357672975697e-08,7.462004020823351e-07,0.0,0.25,0.0,nan,nan,nan,nan,nan,nan,nan,0.15033333333333335,0.08633333333333333,0.0,0.0,373,15,0.8270509977827051,0.05791505791505792,0.0016508454643834334,0.0016508454643834334,0.0,-0.08023145396879429,-0.08023145396879429,0.0,0.5451072807539097,0.5451072807539097,1.6693308034597736,1.6693308034597736
s3_chunk16_rep03,16,high_response_placebo,regional_shift,box,3000,0.05,3.0,wrong,ctmle,estimated,xgboost,xgboost,targeting,1.0,0.0|0.25|0.5|1.0,-1.0,1.0,obsval,4.0,0.1,0,0.1,legacy,4.0,4,50,3,51.57689244300127,-0.10344118373835842,-0.10344118373835842,-0.10344118373835842,0.0,4.047772525928722e-08,3.1019865475616706e-07,0.0,0.5,0.0,nan,nan,nan,nan,nan,nan,nan,0.14866666666666667,0.10666666666666667,0.0,0.0,342,24,0.7668161434977578,0.075,-0.0008392012401924282,-0.0008392012401924282,0.0,-0.11502065364648506,-0.11502065364648506,0.0,0.5365331219741633,0.5365331219741633,1.4543092803704938,1.4543092803704938
s3_chunk16_rep04,16,high_response_placebo,regional_shift,box,3000,0.05,3.0,wrong,ctmle,estimated,xgboost,xgboost,targeting,1.0,0.0|0.25|0.5|1.0,-1.0,1.0,obsval,4.0,0.1,0,0.1,legacy,4.0,4,50,4,68.7235876689956,-0.08162976502484032,-0.08162976502484032,-0.08162976502484032,0.0,6.096398237447065e-08,2.8949915697887643e-07,0.0,0.05,0.0,nan,nan,nan,nan,nan,nan,nan,0.15066666666666667,0.10433333333333333,0.0,0.0,358,18,0.7920353982300885,0.05750798722044728,-0.0007866056759154576,-0.0007866056759154576,0.0,-0.01174862483500612,-0.01174862483500612,0.0,0.498440599936071,0.498440599936071,1.2881835905799959,1.2881835905799959
s3_chunk17_rep01,17,high_response_placebo,regional_shift,box,3000,0.05,3.0,wrong,ctmle,estimated,xgboost,xgboost,targeting,1.0,0.0|0.25|0.5|1.0,-1.0,1.0,obsval,4.0,0.1,0,0.1,legacy,4.0,4,50,1,17.338038854999468,-0.06039817184062801,-0.060114205458536185,-0.06039817184062801,0.000283966382091827,8.600207191365727e-08,-2.818253586577002e-06,0.0,0.5,1.0,nan,nan,nan,nan,nan,nan,nan,0.15066666666666667,0.09266666666666666,0.0,0.0,364,12,0.8053097345132744,0.04316546762589928,0.0011462030754591874,0.001139976863858151,6.226211601036407e-06,-0.08009289105075967,-0.08009289105075967,0.0,0.4857215727635765,0.4858137636936999,1.441991881721134,1.441991881721134
s3_chunk17_rep02,17,high_response_placebo,regional_shift,box,3000,0.05,3.0,wrong,ctmle,estimated,xgboost,xgboost,targeting,1.0,0.0|0.25|0.5|1.0,-1.0,1.0,obsval,4.0,0.1,0,0.1,legacy,4.0,4,50,2,34.57235413001035,-0.07195813179362232,-0.07195813179362232,-0.07195813179362232,0.0,3.016615671884784e-08,-1.2028383190919398e-06,0.0,0.05,0.0,nan,nan,nan,nan,nan,nan,nan,0.15,0.09366666666666666,0.0,0.0,366,18,0.8133333333333334,0.06405693950177936,5.7318503177505124e-05,5.7318503177505124e-05,0.0,-0.023044060232696652,-0.023044060232696652,0.0,0.5242609826226247,0.5242609826226247,1.5050838766392276,1.5050838766392276
s3_chunk17_rep03,17,high_response_placebo,regional_shift,box,3000,0.05,3.0,wrong,ctmle,estimated,xgboost,xgboost,targeting,1.0,0.0|0.25|0.5|1.0,-1.0,1.0,obsval,4.0,0.1,0,0.1,legacy,4.0,4,50,3,52.03223585302476,-0.07377065269034089,-0.07377065269034089,-0.07377065269034089,0.0,1.4180583505617878e-07,3.0298263871434902e-06,0.0,0.5,0.0,nan,nan,nan,nan,nan,nan,nan,0.15266666666666667,0.09933333333333333,0.0,0.0,378,10,0.8253275109170306,0.03355704697986577,-0.0009310989227474392,-0.0009310989227474392,0.0,-0.07170590118955372,-0.07170590118955372,0.0,0.5221010438969409,0.5221010438969409,1.3663155279127357,1.3663155279127357
s3_chunk17_rep04,17,high_response_placebo,regional_shift,box,3000,0.05,3.0,wrong,ctmle,estimated,xgboost,xgboost,targeting,1.0,0.0|0.25|0.5|1.0,-1.0,1.0,obsval,4.0,0.1,0,0.1,legacy,4.0,4,50,4,69.51028720702743,-0.14176251215771007,-0.14176251215771007,-0.14176251215771007,0.0,3.57149239297444e-08,7.904507367401115e-08,0.0,0.05,0.0,nan,nan,nan,nan,nan,nan,nan,0.15166666666666667,0.099,0.0,0.0,353,11,0.7758241758241758,0.037037037037037035,0.0009132749795241312,0.0009132749795241312,0.0,-0.01261264395624368,-0.01261264395624368,0.0,0.5154354528053894,0.5154354528053894,1.4878332360935163,1.4878332360935163
s3_chunk18_rep01,18,high_response_placebo,regional_shift,box,3000,0.05,3.0,wrong,ctmle,estimated,xgboost,xgboost,targeting,1.0,0.0|0.25|0.5|1.0,-1.0,1.0,obsval,4.0,0.1,0,0.1,legacy,4.0,4,50,1,17.263719606999075,-0.07095767724917723,-0.07095767724917723,-0.07095767724917723,0.0,4.037461316620458e-08,-1.1499590072067481e-08,0.0,0.25,0.0,nan,nan,nan,nan,nan,nan,nan,0.15266666666666667,0.10266666666666667,0.0,0.0,388,19,0.8471615720524017,0.06168831168831169,0.001050059798745594,0.001050059798745594,0.0,-0.051301404603996854,-0.051301404603996854,0.0,0.5336031233496853,0.5336031233496853,1.1752693016076465,1.1752693016076465
s3_chunk18_rep02,18,high_response_placebo,regional_shift,box,3000,0.05,3.0,wrong,ctmle,estimated,xgboost,xgboost,targeting,1.0,0.0|0.25|0.5|1.0,-1.0,1.0,obsval,4.0,0.1,0,0.1,legacy,4.0,4,50,2,34.416879761003656,-0.15583540359180748,-0.15583540359180748,-0.15583540359180748,0.0,1.4540121899900282e-08,-8.236819481382066e-08,0.0,0.05,0.0,nan,nan,nan,nan,nan,nan,nan,0.15,0.09833333333333333,0.0,0.0,371,12,0.8244444444444444,0.04067796610169491,0.00023213790853395138,0.00023213790853395138,0.0,-0.013332140992942292,-0.013332140992942292,0.0,0.5407577037088642,0.5407577037088642,1.8645836320569489,1.8645836320569489
s3_chunk18_rep03,18,high_response_placebo,regional_shift,box,3000,0.05,3.0,wrong,ctmle,estimated,xgboost,xgboost,targeting,1.0,0.0|0.25|0.5|1.0,-1.0,1.0,obsval,4.0,0.1,0,0.1,legacy,4.0,4,50,3,51.64773301398964,-0.15285668190709167,-0.15285668190709167,-0.15285668190709167,0.0,2.2371039764580714e-08,1.7690518405158104e-07,0.0,0.25,0.0,nan,nan,nan,nan,nan,nan,nan,0.145,0.10166666666666667,0.0,0.0,347,9,0.7977011494252874,0.029508196721311476,-0.00153525431404676,-0.00153525431404676,0.0,-0.11711177837408748,-0.11711177837408748,0.0,0.509231674645603,0.509231674645603,1.6421495100242602,1.6421495100242602
s3_chunk18_rep04,18,high_response_placebo,regional_shift,box,3000,0.05,3.0,wrong,ctmle,estimated,xgboost,xgboost,targeting,1.0,0.0|0.25|0.5|1.0,-1.0,1.0,obsval,4.0,0.1,0,0.1,legacy,4.0,4,50,4,69.11572542699287,-0.07329319757572528,-0.07375629242736936,-0.07367726626982911,-0.0004630948516440858,1.829830335105427e-08,6.860258569309219e-07,0.8293521138062763,0.05,1.0,nan,nan,nan,nan,nan,nan,nan,0.15133333333333332,0.09733333333333333,0.0,0.0,368,20,0.8105726872246696,0.0684931506849315,-0.0003550572513006244,1.0977583678659641e-05,0.0003440796676219648,-0.012062332840691229,-0.012062332840691229,0.0,0.5686823157696121,0.5686701390695914,1.0221056212068642,1.0221056212068642
s3_chunk19_rep01,19,high_response_placebo,regional_shift,box,3000,0.05,3.0,wrong,ctmle,estimated,xgboost,xgboost,targeting,1.0,0.0|0.25|0.5|1.0,-1.0,1.0,obsval,4.0,0.1,0,0.1,legacy,4.0,4,50,1,17.16588332998799,-0.041214350935124044,-0.041214350935124044,-0.041214350935124044,0.0,2.3760953525488876e-08,-2.846706539678251e-07,0.0,0.05,0.0,nan,nan,nan,nan,nan,nan,nan,0.14733333333333334,0.10133333333333333,0.0,0.0,355,26,0.8031674208144797,0.08552631578947369,-0.00019790315396389958,-0.00019790315396389958,0.0,-0.014279294881950979,-0.014279294881950979,0.0,0.48517772197102454,0.48517772197102454,1.0267987013732418,1.0267987013732418
s3_chunk19_rep02,19,high_response_placebo,regional_shift,box,3000,0.05,3.0,wrong,ctmle,estimated,xgboost,xgboost,targeting,1.0,0.0|0.25|0.5|1.0,-1.0,1.0,obsval,4.0,0.1,0,0.1,legacy,4.0,4,50,2,34.28492708699196,-0.11154680467823697,-0.11154680467823697,-0.11154680467823697,0.0,1.0066117345133158e-07,-5.954506360188877e-07,0.0,0.05,0.0,nan,nan,nan,nan,nan,nan,nan,0.147,0.09966666666666667,0.0,0.0,357,15,0.8095238095238095,0.05016722408026756,-0.006028601502946155,-0.006028601502946155,0.0,-0.02308137521202298,-0.02308137521202298,0.0,0.5090123796807992,0.5090123796807992,1.6549192709871008,1.6549192709871008
s3_chunk19_rep03,19,high_response_placebo,regional_shift,box,3000,0.05,3.0,wrong,ctmle,estimated,xgboost,xgboost,targeting,1.0,0.0|0.25|0.5|1.0,-1.0,1.0,obsval,4.0,0.1,0,0.1,legacy,4.0,4,50,3,51.64270099598798,-0.12066645047938707,-0.12066645047938707,-0.12066645047938707,0.0,5.239160139492577e-08,-2.288825940009883e-06,0.0,0.05,0.0,nan,nan,nan,nan,nan,nan,nan,0.14466666666666667,0.08233333333333333,0.0,0.0,358,14,0.8248847926267281,0.05668016194331984,0.0014451917049923884,0.0014451917049923884,0.0,-0.018085475869656087,-0.018085475869656087,0.0,0.49907472024063987,0.49907472024063987,1.6543724045434514,1.6543724045434514
s3_chunk19_rep04,19,high_response_placebo,regional_shift,box,3000,0.05,3.0,wrong,ctmle,estimated,xgboost,xgboost,targeting,1.0,0.0|0.25|0.5|1.0,-1.0,1.0,obsval,4.0,0.1,0,0.1,legacy,4.0,4,50,4,68.61480797099648,-0.1088869010355058,-0.10853772830583747,-0.10875651091669856,0.00034917272966833446,3.8196460719168435e-08,7.625880541822436e-07,0.37342583692341147,0.05,1.0,nan,nan,nan,nan,nan,nan,nan,0.15133333333333332,0.103,0.0,0.0,370,19,0.8149779735682819,0.061488673139158574,0.001784908954051541,0.0014529961933209116,0.0003319127607306295,-0.015386859935747461,-0.015386859935747461,0.0,0.5039590112849219,0.5036922638238077,1.4151014529067798,1.4151014529067798
s3_chunk20_rep01,20,high_response_placebo,regional_shift,box,3000,0.05,3.0,wrong,ctmle,estimated,xgboost,xgboost,targeting,1.0,0.0|0.25|0.5|1.0,-1.0,1.0,obsval,4.0,0.1,0,0.1,legacy,4.0,4,50,1,17.26712815798237,-0.08048016974732586,-0.08048016974732586,-0.08048016974732586,0.0,4.129767391686939e-08,-2.8426435219131366e-07,0.0,0.05,0.0,nan,nan,nan,nan,nan,nan,nan,0.151,0.09166666666666666,0.0,0.0,372,17,0.8211920529801324,0.06181818181818182,4.7302103247394516e-05,4.7302103247394516e-05,0.0,-0.0141176108511237,-0.0141176108511237,0.0,0.5539979813337147,0.5539979813337147,1.4797892926796337,1.4797892926796337
s3_chunk20_rep02,20,high_response_placebo,regional_shift,box,3000,0.05,3.0,wrong,ctmle,estimated,xgboost,xgboost,targeting,1.0,0.0|0.25|0.5|1.0,-1.0,1.0,obsval,4.0,0.1,0,0.1,legacy,4.0,4,50,2,34.41545981197851,-0.05918189196718582,-0.05918189196718582,-0.05918189196718582,0.0,4.409096712992139e-08,1.322634874412372e-06,0.0,0.5,0.0,nan,nan,nan,nan,nan,nan,nan,0.149,0.1,0.0,0.0,373,14,0.8344519015659956,0.04666666666666667,0.00013586655794405072,0.00013586655794405072,0.0,-0.08103695270802176,-0.08103695270802176,0.0,0.51700889298077,0.51700889298077,1.1985869426833322,1.1985869426833322
s3_chunk20_rep03,20,high_response_placebo,regional_shift,box,3000,0.05,3.0,wrong,ctmle,estimated,xgboost,xgboost,targeting,1.0,0.0|0.25|0.5|1.0,-1.0,1.0,obsval,4.0,0.1,0,0.1,legacy,4.0,4,50,3,51.61777881998569,-0.10543757923339991,-0.1056360471356762,-0.10543757923339991,-0.0001984679022762892,6.613374578610248e-08,1.7007450338079634e-06,0.0,0.5,1.0,nan,nan,nan,nan,nan,nan,nan,0.147,0.10566666666666667,0.0,0.0,369,16,0.8367346938775511,0.050473186119873815,-3.488682992119982e-05,-3.1972768296848265e-05,2.9140616243515563e-06,-0.08655294196534127,-0.08655294196534127,0.0,0.5618645768542518,0.5619269697371123,1.48732245323018,1.48732245323018
s3_chunk20_rep04,20,high_response_placebo,regional_shift,box,3000,0.05,3.0,wrong,ctmle,estimated,xgboost,xgboost,targeting,1.0,0.0|0.25|0.5|1.0,-1.0,1.0,obsval,4.0,0.1,0,0.1,legacy,4.0,4,50,4,68.61544094898272,-0.03932989059843661,-0.03932989059843661,-0.03932989059843661,0.0,3.04644332724778e-08,1.3896535348506631e-06,0.0,0.05,0.0,nan,nan,nan,nan,nan,nan,nan,0.154,0.094,0.0,0.0,376,16,0.8138528138528138,0.05673758865248227,-0.00055140899780964,-0.00055140899780964,0.0,-0.011199638753976506,-0.011199638753976506,0.0,0.5361019737653712,0.5361019737653712,1.2983714303709115,1.2983714303709115
s3_chunk21_rep01,21,high_response_placebo,regional_shift,box,3000,0.05,3.0,wrong,ctmle,estimated,xgboost,xgboost,targeting,1.0,0.0|0.25|0.5|1.0,-1.0,1.0,obsval,4.0,0.1,0,0.1,legacy,4.0,4,50,1,17.06467329399311,-0.08655494073593395,-0.08578458639407827,-0.08583106689921044,0.0007703543418556835,1.790322947010925e-08,-5.773848490901821e-07,0.939663473538408,0.05,1.0,nan,nan,nan,nan,nan,nan,nan,0.158,0.09933333333333333,0.0,0.0,387,19,0.8164556962025317,0.06375838926174497,0.00024243775591781028,-0.00022803515336954845,1.440260254826183e-05,-0.01893542321210184,-0.01893542321210184,0.0,0.5264143883129487,0.5262725922687339,1.3076276163827667,1.3076276163827667
s3_chunk21_rep02,21,high_response_placebo,regional_shift,box,3000,0.05,3.0,wrong,ctmle,estimated,xgboost,xgboost,targeting,1.0,0.0|0.25|0.5|1.0,-1.0,1.0,obsval,4.0,0.1,0,0.1,legacy,4.0,4,50,2,34.15088537099655,0.00041725536749603886,-0.00024980980549893506,-4.3445140494524734e-05,-0.0006670651729949739,6.88293404806084e-08,-1.1587382167358058e-06,0.6906379266093612,0.05,1.0,nan,nan,nan,nan,nan,nan,nan,0.149,0.10333333333333333,0.0,0.0,366,14,0.8187919463087249,0.04516129032258064,-0.0022420411347043065,-0.0014338173506045387,0.0008082237840997678,-0.002243874784780243,-0.002243874784780243,0.0,0.5207134998336984,0.5202839187180232,0.9045393215029744,0.9045393215029744
s3_chunk21_rep03,21,high_response_placebo,regional_shift,box,3000,0.05,3.0,wrong,ctmle,estimated,xgboost,xgboost,targeting,1.0,0.0|0.25|0.5|1.0,-1.0,1.0,obsval,4.0,0.1,0,0.1,legacy,4.0,4,50,3,51.676888019021135,-0.10953350274461748,-0.10953350274461748,-0.10953350274461748,0.0,1.6211991238183898e-08,-1.3524291102395662e-06,0.0,0.05,0.0,nan,nan,nan,nan,nan,nan,nan,0.16,0.104,0.0,0.0,384,14,0.8,0.04487179487179487,-0.005745294839708302,-0.005745294839708302,0.0,-0.01472434816877806,-0.01472434816877806,0.0,0.6000047624962342,0.6000047624962342,1.5443093682333204,1.5443093682333204
s3_chunk21_rep04,21,high_response_placebo,regional_shift,box,3000,0.05,3.0,wrong,ctmle,estimated,xgboost,xgboost,targeting,1.0,0.0|0.25|0.5|1.0,-1.0,1.0,obsval,4.0,0.1,0,0.1,legacy,4.0,4,50,4,68.92709034899599,-0.09232627345016203,-0.09232627345016203,-0.09232627345016203,0.0,2.346335443428535e-08,4.6544937855265596e-07,0.0,0.05,0.0,nan,nan,nan,nan,nan,nan,nan,0.143,0.09766666666666667,0.0,0.0,352,13,0.8205128205128205,0.04436860068259386,-0.002969187358006662,-0.002969187358006662,0.0,-0.016425344252270227,-0.016425344252270227,0.0,0.4925970484233183,0.4925970484233183,1.4325304352516,1.4325304352516
s3_chunk22_rep01,22,high_response_placebo,regional_shift,box,3000,0.05,3.0,wrong,ctmle,estimated,xgboost,xgboost,targeting,1.0,0.0|0.25|0.5|1.0,-1.0,1.0,obsval,4.0,0.1,0,0.1,legacy,4.0,4,50,1,17.198433054989437,-0.12035891536203525,-0.12035891536203525,-0.12035891536203525,0.0,5.285740360162772e-08,1.5976191869609187e-06,0.0,0.5,0.0,nan,nan,nan,nan,nan,nan,nan,0.149,0.08966666666666667,0.0,0.0,353,14,0.7897091722595079,0.05204460966542751,0.0003299273524973045,0.0003299273524973045,0.0,-0.07779111358870906,-0.07779111358870906,0.0,0.5270315599472554,0.5270315599472554,1.3305035909597522,1.3305035909597522
s3_chunk22_rep02,22,high_response_placebo,regional_shift,box,3000,0.05,3.0,wrong,ctmle,estimated,xgboost,xgboost,targeting,1.0,0.0|0.25|0.5|1.0,-1.0,1.0,obsval,4.0,0.1,0,0.1,legacy,4.0,4,50,2,34.63798670799588,-0.08595545109691682,-0.08595545109691682,-0.08595545109691682,0.0,3.591598530042206e-08,-2.74969688846341e-07,0.0,0.5,0.0,nan,nan,nan,nan,nan,nan,nan,0.153,0.10366666666666667,0.0,0.0,365,18,0.7952069716775599,0.05787781350482315,-0.0005347274163785233,-0.0005347274163785233,0.0,-0.07110568920988292,-0.07110568920988292,0.0,0.557991480501538,0.557991480501538,1.224812096981189,1.224812096981189
s3_chunk22_rep03,22,high_response_placebo,regional_shift,box,3000,0.05,3.0,wrong,ctmle,estimated,xgboost,xgboost,targeting,1.0,0.0|0.25|0.5|1.0,-1.0,1.0,obsval,4.0,0.1,0,0.1,legacy,4.0,4,50,3,51.63361412700033,-0.0583502095986238,-0.0583502095986238,-0.0583502095986238,0.0,5.432063774485352e-08,-8.691434701113554e-08,0.0,0.1,0.0,nan,nan,nan,nan,nan,nan,nan,0.147,0.101,0.0,0.0,360,14,0.8163265306122449,0.0462046204620462,5.843231391945584e-05,5.843231391945584e-05,0.0,-0.028471932073979356,-0.028471932073979356,0.0,0.5154566813116701,0.5154566813116701,1.2088168618931554,1.2088168618931554
s3_chunk22_rep04,22,high_response_placebo,regional_shift,box,3000,0.05,3.0,wrong,ctmle,estimated,xgboost,xgboost,targeting,1.0,0.0|0.25|0.5|1.0,-1.0,1.0,obsval,4.0,0.1,0,0.1,legacy,4.0,4,50,4,69.02525166800478,-0.09587301835845807,-0.09587301835845807,-0.09587301835845807,0.0,3.7573182038331404e-08,4.062654464914977e-07,0.0,0.5,0.0,nan,nan,nan,nan,nan,nan,nan,0.145,0.104,0.0,0.0,368,15,0.8459770114942529,0.04807692307692308,-0.0005215719092233819,-0.0005215719092233819,0.0,-0.08336932121104458,-0.08336932121104458,0.0,0.5723958825408654,0.5723958825408654,1.5517663419832508,1.5517663419832508
s3_chunk23_rep01,23,high_response_placebo,regional_shift,box,3000,0.05,3.0,wrong,ctmle,estimated,xgboost,xgboost,targeting,1.0,0.0|0.25|0.5|1.0,-1.0,1.0,obsval,4.0,0.1,0,0.1,legacy,4.0,4,50,1,16.904307959979633,-0.0883529146824844,-0.0883529146824844,-0.0883529146824844,0.0,6.753178866374804e-08,-2.3519074337928665e-06,0.0,0.05,0.0,nan,nan,nan,nan,nan,nan,nan,0.15,0.094,0.0,0.0,368,12,0.8177777777777778,0.0425531914893617,0.0024561472616426265,0.0024561472616426265,0.0,-0.010003908404272068,-0.010003908404272068,0.0,0.5271252547291199,0.5271252547291199,1.5132251994916803,1.5132251994916803
s3_chunk23_rep02,23,high_response_placebo,regional_shift,box,3000,0.05,3.0,wrong,ctmle,estimated,xgboost,xgboost,targeting,1.0,0.0|0.25|0.5|1.0,-1.0,1.0,obsval,4.0,0.1,0,0.1,legacy,4.0,4,50,2,33.94161257398082,-0.14310616606300558,-0.14294877293601094,-0.14310616606300558,0.0001573931269946427,2.748493626528875e-08,9.307394669734459e-08,0.0,0.5,1.0,nan,nan,nan,nan,nan,nan,nan,0.15233333333333332,0.09666666666666666,0.0,0.0,361,12,0.7899343544857768,0.041379310344827586,2.4589401679642928e-05,1.1602060552829012e-05,1.2987341126813916e-05,-0.14443027092369695,-0.14443027092369695,0.0,0.5635084053134851,0.5632709569488632,1.9231365225161337,1.9231365225161337
s3_chunk23_rep03,23,high_response_placebo,regional_shift,box,3000,0.05,3.0,wrong,ctmle,estimated,xgboost,xgboost,targeting,1.0,0.0|0.25|0.5|1.0,-1.0,1.0,obsval,4.0,0.1,0,0.1,legacy,4.0,4,50,3,51.20081244799076,-0.05468315413280156,-0.05468315413280156,-0.05468315413280156,0.0,4.855619164427852e-08,4.419868462194384e-07,0.0,0.05,0.0,nan,nan,nan,nan,nan,nan,nan,0.15666666666666668,0.09766666666666667,0.0,0.0,381,12,0.8106382978723404,0.040955631399317405,-0.0030032027999089693,-0.0030032027999089693,0.0,-0.014371206696172516,-0.014371206696172516,0.0,0.5184104560775127,0.5184104560775127,1.3404469922705173,1.3404469922705173
s3_chunk23_rep04,23,high_response_placebo,regional_shift,box,3000,0.05,3.0,wrong,ctmle,estimated,xgboost,xgboost,targeting,1.0,0.0|0.25|0.5|1.0,-1.0,1.0,obsval,4.0,0.1,0,0.1,legacy,4.0,4,50,4,68.24297544799629,-0.09064374878563414,-0.09064374878563414,-0.09064374878563414,0.0,2.5536432312484036e-08,-4.1492409208704426e-07,0.0,0.05,0.0,nan,nan,nan,nan,nan,nan,nan,0.15033333333333335,0.09133333333333334,0.0,0.0,366,15,0.811529933481153,0.05474452554744526,0.006434465512376176,0.006434465512376176,0.0,-0.015530768714042976,-0.015530768714042976,0.0,0.5549515806901253,0.5549515806901253,1.165355113600177,1.165355113600177
s5_chunk00_rep01,0,low_response,regional_shift,box,3000,0.05,5.0,true,ctmle,estimated,xgboost,xgboost,targeting,1.0,0.0|0.25|0.5|1.0,-1.0,1.0,obsval,4.0,0.1,0,0.1,legacy,4.0,4,50,1,17.181243756000185,-0.06639931139112132,-0.013578415529254872,-0.032583522832328675,0.052820895861866446,0.0005019333968496295,-0.00018952577511750584,0.6401971796772503,0.05,1.0,nan,nan,nan,nan,nan,nan,nan,0.093,0.093,1.0,1.0,22,22,0.07885304659498207,0.07885304659498207,-0.016361735700088663,-0.013076897969300722,0.003284837730787941,-0.016361735700088663,-0.013076897969300722,0.003284837730787941,1.4535414755626146,1.4579694128423146,1.4535414755626146,1.4579694128423146
s5_chunk00_rep02,0,low_response,regional_shift,box,3000,0.05,5.0,true,ctmle,estimated,xgboost,xgboost,targeting,1.0,0.0|0.25|0.5|1.0,-1.0,1.0,obsval,4.0,0.1,0,0.1,legacy,4.0,4,50,2,34.27728790801484,-0.14057216813239348,-0.13113973005611856,-0.14057216813239348,0.009432438076274918,0.0013123453804083467,-0.0006010420197642306,0.0,0.5,1.0,nan,nan,nan,nan,nan,nan,nan,0.09333333333333334,0.09333333333333334,1.0,1.0,10,10,0.03571428571428571,0.03571428571428571,-0.09664815436660235,-0.08815802651063402,0.008490127855968324,-0.09664815436660235,-0.08815802651063402,0.008490127855968324,2.0395296941951075,1.9875116730429445,2.0395296941951075,1.9875116730429445
s5_chunk00_rep03,0,low_response,regional_shift,box,3000,0.05,5.0,true,ctmle,estimated,xgboost,xgboost,targeting,1.0,0.0|0.25|0.5|1.0,-1.0,1.0,obsval,4.0,0.1,0,0.1,legacy,4.0,4,50,3,51.44957306899596,-0.13022074016762564,-0.12180565536398025,-0.13022074016762564,0.00841508480364539,0.00043862695975002523,-0.0001680363571895248,0.0,0.5,1.0,nan,nan,nan,nan,nan,nan,nan,0.098,0.098,1.0,1.0,16,16,0.05442176870748299,0.05442176870748299,-0.12947425935956897,-0.12189976487404075,0.007574494485528216,-0.12947425935956897,-0.12189976487404075,0.007574494485528216,1.997356921968955,1.9329436204499497,1.997356921968955,1.9329436204499497
s5_chunk00_rep04,0,low_response,regional_shift,box,3000,0.05,5.0,true,ctmle,estimated,xgboost,xgboost,targeting,1.0,0.0|0.25|0.5|1.0,-1.0,1.0,obsval,4.0,0.1,0,0.1,legacy,4.0,4,50,4,68.35284539900022,-0.16339886856335883,-0.1571153441315326,-0.16339886856335883,0.006283524431826226,0.002380923091837593,-0.0003317652853576554,0.0,0.5,1.0,nan,nan,nan,nan,nan,nan,nan,0.09766666666666667,0.09766666666666667,1.0,1.0,8,8,0.027303754266211604,0.027303754266211604,-0.11989877958232993,-0.11424203234709736,0.005656747235232573,-0.11989877958232993,-0.11424203234709736,0.005656747235232573,1.8681127085824685,1.8192387219216273,1.8681127085824685,1.8192387219216273
s5_chunk01_rep01,1,low_response,regional_shift,box,3000,0.05,5.0,true,ctmle,estimated,xgboost,xgboost,targeting,1.0,0.0|0.25|0.5|1.0,-1.0,1.0,obsval,4.0,0.1,0,0.1,legacy,4.0,4,50,1,16.939274331001798,-0.1330423012517179,-0.12339741841186058,-0.1330423012517179,0.009644882839857316,0.000755536640845024,-0.0009292709271961968,0.0,0.5,1.0,nan,nan,nan,nan,nan,nan,nan,0.10833333333333334,0.10833333333333334,1.0,1.0,15,15,0.046153846153846156,0.046153846153846156,-0.11411951419810419,-0.10543707312427572,0.00868244107382847,-0.11411951419810419,-0.10543707312427572,0.00868244107382847,1.7054575266189544,1.6424889951277082,1.7054575266189544,1.6424889951277082
s5_chunk01_rep02,1,low_response,regional_shift,box,3000,0.05,5.0,true,ctmle,estimated,xgboost,xgboost,targeting,1.0,0.0|0.25|0.5|1.0,-1.0,1.0,obsval,4.0,0.1,0,0.1,legacy,4.0,4,50,2,33.87655439399532,-0.13091703976198754,-0.0864083673751983,-0.10312268972399302,0.04450867238678924,0.0003719661487948467,-5.586697733673488e-05,0.624470435704217,0.05,1.0,nan,nan,nan,nan,nan,nan,nan,0.10433333333333333,0.10433333333333333,1.0,1.0,18,18,0.05750798722044728,0.05750798722044728,-0.01358984918525673,-0.011865963636073543,0.0017238855491831864,-0.01358984918525673,-0.011865963636073543,0.0017238855491831864,1.7780178081898785,1.5968949717608518,1.7780178081898785,1.5968949717608518
s5_chunk01_rep03,1,low_response,regional_shift,box,3000,0.05,5.0,true,ctmle,estimated,xgboost,xgboost,targeting,1.0,0.0|0.25|0.5|1.0,-1.0,1.0,obsval,4.0,0.1,0,0.1,legacy,4.0,4,50,3,50.913010751013644,-0.1659418007301462,-0.13459470984372546,-0.15758782725217838,0.031347090886420736,0.0003603836705824582,-0.00019940424576022275,0.2664991628166262,0.05,1.0,nan,nan,nan,nan,nan,nan,nan,0.10666666666666667,0.10666666666666667,1.0,1.0,18,18,0.05625,0.05625,-0.02651294035941328,-0.02428596208531381,0.00222697827409947,-0.02651294035941328,-0.02428596208531381,0.00222697827409947,2.260403989444545,2.078950283757823,2.260403989444545,2.078950283757823
s5_chunk01_rep04,1,low_response,regional_shift,box,3000,0.05,5.0,true,ctmle,estimated,xgboost,xgboost,targeting,1.0,0.0|0.25|0.5|1.0,-1.0,1.0,obsval,4.0,0.1,0,0.1,legacy,4.0,4,50,4,67.81033035900327,-0.15392457308789864,-0.14952894150062312,-0.15392457308789864,0.004395631587275517,0.000513195806062198,-4.786083683556291e-07,0.0,0.5,1.0,nan,nan,nan,nan,nan,nan,nan,0.096,0.096,1.0,1.0,17,17,0.059027777777777776,0.059027777777777776,-0.13836431724179613,-0.1344075056165037,0.0039568116252924335,-0.13836431724179613,-0.1344075056165037,0.0039568116252924335,2.336049379668699,2.307345962428133,2.336049379668699,2.307345962428133
s5_chunk02_rep01,2,low_response,regional_shift,box,3000,0.05,5.0,true,ctmle,estimated,xgboost,xgboost,targeting,1.0,0.0|0.25|0.5|1.0,-1.0,1.0,obsval,4.0,0.1,0,0.1,legacy,4.0,4,50,1,16.934050131007098,-0.2202551908495134,-0.1913048276251541,-0.2202551908495134,0.028950363224359288,0.0007531029285714093,-0.00036544411698148736,0.0,0.1,1.0,nan,nan,nan,nan,nan,nan,nan,0.09266666666666666,0.09266666666666666,1.0,1.0,10,10,0.03597122302158273,0.03597122302158273,-0.11836370768541353,-0.10363086170732871,0.014732845978084816,-0.11836370768541353,-0.10363086170732871,0.014732845978084816,3.493027747586736,3.2918694913295554,3.493027747586736,3.2918694913295554
s5_chunk02_rep02,2,low_response,regional_shift,box,3000,0.05,5.0,true,ctmle,estimated,xgboost,xgboost,targeting,1.0,0.0|0.25|0.5|1.0,-1.0,1.0,obsval,4.0,0.1,0,0.1,legacy,4.0,4,50,2,33.78387255099369,-0.10455692912101289,-0.043010817641617516,-0.07384624935438854,0.06154611147939537,0.000948900458854744,-0.00036699911426852977,0.4989865164252625,0.05,1.0,nan,nan,nan,nan,nan,nan,nan,0.09,0.09,1.0,1.0,12,12,0.044444444444444446,0.044444444444444446,-0.025105282193275173,-0.021738208069480312,0.003367074123794861,-0.025105282193275173,-0.021738208069480312,0.003367074123794861,2.051922585995314,1.6765141428584105,2.051922585995314,1.6765141428584105
s5_chunk02_rep03,2,low_response,regional_shift,box,3000,0.05,5.0,true,ctmle,estimated,xgboost,xgboost,targeting,1.0,0.0|0.25|0.5|1.0,-1.0,1.0,obsval,4.0,0.1,0,0.1,legacy,4.0,4,50,3,50.53326542698778,-0.038495026069107596,-0.019933178724506173,-0.038495026069107596,0.018561847344601423,0.0012323396627837331,0.00011191473357783765,0.0,0.25,1.0,nan,nan,nan,nan,nan,nan,nan,0.108,0.108,1.0,1.0,10,10,0.030864197530864196,0.030864197530864196,-0.04320120950834943,-0.028337710797626873,0.014863498710722556,-0.04320120950834943,-0.028337710797626873,0.014863498710722556,1.6435207921527228,1.6078595775833502,1.6435207921527228,1.6078595775833502
s5_chunk02_rep04,2,low_response,regional_shift,box,3000,0.05,5.0,true,ctmle,estimated,xgboost,xgboost,targeting,1.0,0.0|0.25|0.5|1.0,-1.0,1.0,obsval,4.0,0.1,0,0.1,legacy,4.0,4,50,4,67.62430302798748,-0.053603059642901796,-0.048065389781418943,-0.053603059642901796,0.005537669861482852,0.0003965972152327247,-0.00022783355155034097,0.0,0.5,1.0,nan,nan,nan,nan,nan,nan,nan,0.098,0.098,1.0,1.0,22,22,0.07482993197278912,0.07482993197278912,-0.030390240807822124,-0.025403003781470698,0.0049872370263514265,-0.030390240807822124,-0.025403003781470698,0.0049872370263514265,0.9905645764350892,0.9749584357664832,0.9905645764350892,0.9749584357664832
s5_chunk03_rep01,3,low_response,regional_shift,box,3000,0.05,5.0,true,ctmle,estimated,xgboost,xgboost,targeting,1.0,0.0|0.25|0.5|1.0,-1.0,1.0,obsval,4.0,0.1,0,0.1,legacy,4.0,4,50,1,17.06265507597709,-0.13400890638617957,-0.12877355941354207,-0.13400890638617957,0.0052353469726375,0.0006620303792158706,-0.00020949936902016613,0.0,0.5,1.0,nan,nan,nan,nan,nan,nan,nan,0.08633333333333333,0.08633333333333333,1.0,1.0,14,14,0.05405405405405406,0.05405405405405406,-0.10358570892155664,-0.09887236358403471,0.004713345337521921,-0.10358570892155664,-0.09887236358403471,0.004713345337521921,2.1814983679342603,2.1480708618186384,2.1814983679342603,2.1480708618186384
s5_chunk03_rep02,3,low_response,regional_shift,box,3000,0.05,5.0,true,ctmle,estimated,xgboost,xgboost,targeting,1.0,0.0|0.25|0.5|1.0,-1.0,1.0,obsval,4.0,0.1,0,0.1,legacy,4.0,4,50,2,34.314520652987994,-0.12198679531962142,-0.03213876091329726,-0.04094750360252833,0.08984803440632416,0.0003957241081092447,0.00026719205185615205,0.9019595392661028,0.05,1.0,nan,nan,nan,nan,nan,nan,nan,0.104,0.104,1.0,1.0,16,16,0.05128205128205128,0.05128205128205128,-0.02263926303743197,-0.018627230906774383,0.004012032130657588,-0.02263926303743197,-0.018627230906774383,0.004012032130657588,2.3513992738965936,2.044067985756107,2.3513992738965936,2.044067985756107
s5_chunk03_rep03,3,low_response,regional_shift,box,3000,0.05,5.0,true,ctmle,estimated,xgboost,xgboost,targeting,1.0,0.0|0.25|0.5|1.0,-1.0,1.0,obsval,4.0,0.1,0,0.1,legacy,4.0,4,50,3,51.55444970499957,-0.09197118448315333,-0.04637492367756013,-0.06541503820934333,0.0455962608055932,0.0004340790139797761,-5.338489676859348e-05,0.582419387129929,0.05,1.0,nan,nan,nan,nan,nan,nan,nan,0.095,0.095,1.0,1.0,18,18,0.06315789473684211,0.06315789473684211,-0.023255862219096868,-0.020742463581112217,0.0025133986379846512,-0.023255862219096868,-0.020742463581112217,0.0025133986379846512,2.096680881026068,1.9560527386372335,2.096680881026068,1.9560527386372335
s5_chunk03_rep04,3,low_response,regional_shift,box,3000,0.05,5.0,true,ctmle,estimated,xgboost,xgboost,targeting,1.0,0.0|0.25|0.5|1.0,-1.0,1.0,obsval,4.0,0.1,0,0.1,legacy,4.0,4,50,4,68.8689378319832,-0.12829513520875147,-0.05973571683322065,-0.09403191193808531,0.06855941837553081,0.001175663594441624,-0.0003895465908085841,0.49975953825907693,0.05,1.0,nan,nan,nan,nan,nan,nan,nan,0.09833333333333333,0.09833333333333333,1.0,1.0,11,11,0.03728813559322034,0.03728813559322034,-0.01784941553162476,-0.014592415105195792,0.0032570004264289663,-0.01784941553162476,-0.014592415105195792,0.0032570004264289663,2.1191756740649708,1.7282196937582104,2.1191756740649708,1.7282196937582104
s5_chunk04_rep01,4,low_response,regional_shift,box,3000,0.05,5.0,true,ctmle,estimated,xgboost,xgboost,targeting,1.0,0.0|0.25|0.5|1.0,-1.0,1.0,obsval,4.0,0.1,0,0.1,legacy,4.0,4,50,1,16.92548408100265,-0.1127613775267291,-0.07042903233640874,-0.10401444554967028,0.042332345190320364,0.0007108746527516672,-8.030611117191633e-05,0.206625263441792,0.05,1.0,nan,nan,nan,nan,nan,nan,nan,0.09933333333333333,0.09933333333333333,1.0,1.0,15,15,0.050335570469798654,0.050335570469798654,-0.02893212643628396,-0.026630902831064323,0.0023012236052196364,-0.02893212643628396,-0.026630902831064323,0.0023012236052196364,2.0683749290953464,1.9445593789786229,2.0683749290953464,1.9445593789786229
s5_chunk04_rep02,4,low_response,regional_shift,box,3000,0.05,5.0,true,ctmle,estimated,xgboost,xgboost,targeting,1.0,0.0|0.25|0.5|1.0,-1.0,1.0,obsval,4.0,0.1,0,0.1,legacy,4.0,4,50,2,33.98729216502397,-0.11901053053572919,-0.11418388195057161,-0.11901053053572919,0.004826648585157578,0.0005285825270878288,8.144548414453466e-06,0.0,0.5,1.0,nan,nan,nan,nan,nan,nan,nan,0.10166666666666667,0.10166666666666667,1.0,1.0,17,17,0.05573770491803279,0.05573770491803279,-0.10558362008503411,-0.10123770222144056,0.004345917863593549,-0.10558362008503411,-0.10123770222144056,0.004345917863593549,1.959153089593051,1.9372165783917434,1.959153089593051,1.9372165783917434
s5_chunk04_rep03,4,low_response,regional_shift,box,3000,0.05,5.0,true,ctmle,estimated,xgboost,xgboost,targeting,1.0,0.0|0.25|0.5|1.0,-1.0,1.0,obsval,4.0,0.1,0,0.1,legacy,4.0,4,50,3,51.30507984702126,-0.08325184442374667,-0.07925696702460061,-0.08325184442374667,0.003994877399146057,0.0005859842642824461,-3.6596016631298186e-05,0.0,0.5,1.0,nan,nan,nan,nan,nan,nan,nan,0.098,0.098,1.0,1.0,19,19,0.06462585034013606,0.06462585034013606,-0.0675980719194094,-0.0640011362127547,0.0035969357066547025,-0.0675980719194094,-0.0640011362127547,0.0035969357066547025,1.4972798926489213,1.4796683042117182,1.4972798926489213,1.4796683042117182
s5_chunk04_rep04,4,low_response,regional_shift,box,3000,0.05,5.0,true,ctmle,estimated,xgboost,xgboost,targeting,1.0,0.0|0.25|0.5|1.0,-1.0,1.0,obsval,4.0,0.1,0,0.1,legacy,4.0,4,50,4,68.43461851400207,-0.17199944607820516,-0.09340453184937958,-0.10994177981906535,0.07859491422882559,0.0006498717928791363,-9.834739257008271e-06,0.7895888285908894,0.05,1.0,nan,nan,nan,nan,nan,nan,nan,0.093,0.093,1.0,1.0,11,11,0.03942652329749104,0.03942652329749104,-0.022720460328336273,-0.019178439249301935,0.0035420210790343375,-0.022720460328336273,-0.019178439249301935,0.0035420210790343375,2.567542275319017,2.0104291526772315,2.567542275319017,2.0104291526772315
s5_chunk05_rep01,5,low_response,regional_shift,box,3000,0.05,5.0,true,ctmle,estimated,xgboost,xgboost,targeting,1.0,0.0|0.25|0.5|1.0,-1.0,1.0,obsval,4.0,0.1,0,0.1,legacy,4.0,4,50,1,17.124673951999284,-0.08238188082493225,-0.003997541675002547,-0.02276379448615924,0.0783843391499297,0.000735490162461514,-9.474263911702133e-05,0.7605867062901235,0.05,1.0,nan,nan,nan,nan,nan,nan,nan,0.099,0.099,1.0,1.0,17,17,0.05723905723905724,0.05723905723905724,-0.024224796839866863,-0.01987323541249045,0.004351561427376412,-0.024224796839866863,-0.01987323541249045,0.004351561427376412,1.9460882609071524,1.6758116134074503,1.9460882609071524,1.6758116134074503
s5_chunk05_rep02,5,low_response,regional_shift,box,3000,0.05,5.0,true,ctmle,estimated,xgboost,xgboost,targeting,1.0,0.0|0.25|0.5|1.0,-1.0,1.0,obsval,4.0,0.1,0,0.1,legacy,4.0,4,50,2,34.028991664003115,-0.16729683741767665,-0.06870523473072543,-0.0961941832624682,0.09859160268695122,0.001355089745961817,0.0005645095080604105,0.7211836730251168,0.05,1.0,nan,nan,nan,nan,nan,nan,nan,0.10933333333333334,0.10933333333333334,1.0,1.0,8,8,0.024390243902439025,0.024390243902439025,-0.01866841411582469,-0.016618767597897394,0.002049646517927297,-0.01866841411582469,-0.016618767597897394,0.002049646517927297,2.341332654824983,1.8988235552103585,2.341332654824983,1.8988235552103585
s5_chunk05_rep03,5,low_response,regional_shift,box,3000,0.05,5.0,true,ctmle,estimated,xgboost,xgboost,targeting,1.0,0.0|0.25|0.5|1.0,-1.0,1.0,obsval,4.0,0.1,0,0.1,legacy,4.0,4,50,3,51.14242112002103,-0.03332519943270407,0.01207795415950752,-0.030844808405537785,0.04540315359221159,0.0009744143906713909,-0.00021183146683166707,0.05463036883833916,0.05,0.5,nan,nan,nan,nan,nan,nan,nan,0.096,0.096,1.0,1.0,17,17,0.059027777777777776,0.059027777777777776,-0.0231924861411932,-0.020704004134930225,0.0024884820062629764,-0.0231924861411932,-0.020704004134930225,0.0024884820062629764,1.5747620011660548,1.506821993100851,1.5747620011660548,1.506821993100851
s5_chunk05_rep04,5,low_response,regional_shift,box,3000,0.05,5.0,true,ctmle,estimated,xgboost,xgboost,targeting,1.0,0.0|0.25|0.5|1.0,-1.0,1.0,obsval,4.0,0.1,0,0.1,legacy,4.0,4,50,4,68.25790783102275,-0.14638669847050945,-0.13680258220387853,-0.14638669847050945,0.009584116266630915,0.0008411028745052267,4.0477658961438935e-06,0.0,0.5,1.0,nan,nan,nan,nan,nan,nan,nan,0.09766666666666667,0.09766666666666667,1.0,1.0,15,15,0.051194539249146756,0.051194539249146756,-0.1051532283640251,-0.09652401830687837,0.00862921005714673,-0.1051532283640251,-0.09652401830687837,0.00862921005714673,2.0016345713651105,1.943792777207976,2.0016345713651105,1.943792777207976
s5_chunk06_rep01,6,low_response,regional_shift,box,3000,0.05,5.0,true,ctmle,estimated,xgboost,xgboost,targeting,1.0,0.0|0.25|0.5|1.0,-1.0,1.0,obsval,4.0,0.1,0,0.1,legacy,4.0,4,50,1,17.195993339002598,-0.05455835231968975,-0.0517001140504838,-0.05455835231968975,0.0028582382692059483,0.0005311337463146529,-0.00014273967537792916,0.0,0.5,1.0,nan,nan,nan,nan,nan,nan,nan,0.09633333333333334,0.09633333333333334,1.0,1.0,16,16,0.05536332179930796,0.05536332179930796,-0.06629809288948621,-0.06372516464834979,0.0025729282411364185,-0.06629809288948621,-0.06372516464834979,0.0025729282411364185,1.5179318425512727,1.5047657555079168,1.5179318425512727,1.5047657555079168
s5_chunk06_rep02,6,low_response,regional_shift,box,3000,0.05,5.0,true,ctmle,estimated,xgboost,xgboost,targeting,1.0,0.0|0.25|0.5|1.0,-1.0,1.0,obsval,4.0,0.1,0,0.1,legacy,4.0,4,50,2,34.33299862098647,-0.09814205256887754,-0.04892554604130539,-0.07812899547513733,0.049216506527572146,0.0007186458798439065,-0.0005082351881095411,0.4066330283424009,0.05,0.5,nan,nan,nan,nan,nan,nan,nan,0.09966666666666667,0.09966666666666667,1.0,1.0,12,12,0.04013377926421405,0.04013377926421405,-0.03418125634644566,-0.031913499285329945,0.002267757061115712,-0.03418125634644566,-0.031913499285329945,0.002267757061115712,2.0644466586624017,1.8221264107820319,2.0644466586624017,1.8221264107820319
s5_chunk06_rep03,6,low_response,regional_shift,box,3000,0.05,5.0,true,ctmle,estimated,xgboost,xgboost,targeting,1.0,0.0|0.25|0.5|1.0,-1.0,1.0,obsval,4.0,0.1,0,0.1,legacy,4.0,4,50,3,51.21098130999599,-0.13203784091003234,-0.09234308462539731,-0.13203784091003234,0.039694756284635035,0.0011386106234956839,-0.00048126590226824474,0.0,0.05,0.5,nan,nan,nan,nan,nan,nan,nan,0.096,0.096,1.0,1.0,11,11,0.03819444444444445,0.03819444444444445,-0.0150100720128217,-0.01342929885494453,0.0015807731578771703,-0.0150100720128217,-0.01342929885494453,0.0015807731578771703,2.5238066810241855,2.3066922119983775,2.5238066810241855,2.3066922119983775
s5_chunk06_rep04,6,low_response,regional_shift,box,3000,0.05,5.0,true,ctmle,estimated,xgboost,xgboost,targeting,1.0,0.0|0.25|0.5|1.0,-1.0,1.0,obsval,4.0,0.1,0,0.1,legacy,4.0,4,50,4,68.14778466999996,-0.08909208407938152,-0.05189058880933839,-0.07573224414186555,0.03720149527004313,0.0004434726140415037,-5.925589095542253e-06,0.35912104716592175,0.05,0.5,nan,nan,nan,nan,nan,nan,nan,0.099,0.099,1.0,1.0,16,16,0.05387205387205387,0.05387205387205387,-0.023502824727647365,-0.021491282549586647,0.002011542178060717,-0.023502824727647365,-0.021491282549586647,0.002011542178060717,1.7463651368123423,1.5839657638512152,1.7463651368123423,1.5839657638512152
s5_chunk07_rep01,7,low_response,regional_shift,box,3000,0.05,5.0,true,ctmle,estimated,xgboost,xgboost,targeting,1.0,0.0|0.25|0.5|1.0,-1.0,1.0,obsval,4.0,0.1,0,0.1,legacy,4.0,4,50,1,17.010825539997313,-0.15915938154190157,-0.15197090026458382,-0.15915938154190157,0.007188481277317749,0.0005958543922952196,-2.453323445256823e-05,0.0,0.5,1.0,nan,nan,nan,nan,nan,nan,nan,0.10166666666666667,0.10166666666666667,1.0,1.0,19,19,0.06229508196721312,0.06229508196721312,-0.14238608011739778,-0.1359133813405796,0.006472698776818192,-0.14238608011739778,-0.1359133813405796,0.006472698776818192,2.223390202223517,2.173525653216857,2.223390202223517,2.173525653216857
s5_chunk07_rep02,7,low_response,regional_shift,box,3000,0.05,5.0,true,ctmle,estimated,xgboost,xgboost,targeting,1.0,0.0|0.25|0.5|1.0,-1.0,1.0,obsval,4.0,0.1,0,0.1,legacy,4.0,4,50,2,34.052593831002014,-0.15614156122874678,-0.12373116972994314,-0.15614156122874678,0.03241039149880365,0.0007054364608078427,-0.00028680888287647933,0.0,0.05,0.5,nan,nan,nan,nan,nan,nan,nan,0.10266666666666667,0.10266666666666667,1.0,1.0,13,13,0.04220779220779221,0.04220779220779221,-0.014105668560209233,-0.013030594496299225,0.001075074063910008,-0.014105668560209233,-0.013030594496299225,0.001075074063910008,2.307426819189178,2.1417879050018365,2.307426819189178,2.1417879050018365
s5_chunk07_rep03,7,low_response,regional_shift,box,3000,0.05,5.0,true,ctmle,estimated,xgboost,xgboost,targeting,1.0,0.0|0.25|0.5|1.0,-1.0,1.0,obsval,4.0,0.1,0,0.1,legacy,4.0,4,50,3,51.21983205000288,-0.1344988197149608,-0.09134163017303609,-0.13010023943021232,0.04315718954192471,0.0008363563230466761,-0.00011691127455674705,0.10191998903161936,0.05,0.5,nan,nan,nan,nan,nan,nan,nan,0.10366666666666667,0.10366666666666667,1.0,1.0,15,15,0.04823151125401929,0.04823151125401929,-0.021405157917020336,-0.019399244728225597,0.0020059131887947383,-0.021405157917020336,-0.019399244728225597,0.0020059131887947383,2.143896923277495,1.9643031246190479,2.143896923277495,1.9643031246190479
s5_chunk07_rep04,7,low_response,regional_shift,box,3000,0.05,5.0,true,ctmle,estimated,xgboost,xgboost,targeting,1.0,0.0|0.25|0.5|1.0,-1.0,1.0,obsval,4.0,0.1,0,0.1,legacy,4.0,4,50,4,68.3148749069951,-0.07326694226953567,-0.03235839900583548,-0.05433274281981792,0.04090854326370019,0.00044946919730286163,-0.0003775005677832985,0.46284218256480514,0.05,0.5,nan,nan,nan,nan,nan,nan,nan,0.10133333333333333,0.10133333333333333,1.0,1.0,20,20,0.06578947368421052,0.06578947368421052,-0.023386525667577,-0.020500229950676158,0.0028862957169008413,-0.023386525667577,-0.020500229950676158,0.0028862957169008413,1.3484495316874507,1.229414511044445,1.3484495316874507,1.229414511044445
s5_chunk08_rep01,8,low_response,regional_shift,box,3000,0.05,5.0,true,ctmle,estimated,xgboost,xgboost,targeting,1.0,0.0|0.25|0.5|1.0,-1.0,1.0,obsval,4.0,0.1,0,0.1,legacy,4.0,4,50,1,17.225498693995178,-0.15633377904126322,-0.15633377904126322,-0.15633377904126322,0.0,0.0002858387533201702,-4.982552501855281e-05,0.0,0.05,0.0,nan,nan,nan,nan,nan,nan,nan,0.10233333333333333,0.10233333333333333,1.0,1.0,18,18,0.05863192182410423,0.05863192182410423,-0.01828625611046612,-0.01828625611046612,0.0,-0.01828625611046612,-0.01828625611046612,0.0,1.3855890857421973,1.3855890857421973,1.3855890857421973,1.3855890857421973
s5_chunk08_rep02,8,low_response,regional_shift,box,3000,0.05,5.0,true,ctmle,estimated,xgboost,xgboost,targeting,1.0,0.0|0.25|0.5|1.0,-1.0,1.0,obsval,4.0,0.1,0,0.1,legacy,4.0,4,50,2,34.29043475497747,-0.2480821327273034,-0.21549991872128493,-0.2480821327273034,0.03258221400601846,0.001694879112231879,-0.001383720087695189,0.0,0.05,0.5,nan,nan,nan,nan,nan,nan,nan,0.109,0.109,1.0,1.0,11,11,0.03363914373088685,0.03363914373088685,-0.015749348416550926,-0.014549326731337117,0.0012000216852138083,-0.015749348416550926,-0.014549326731337117,0.0012000216852138083,2.9829467985554827,2.756214201834084,2.9829467985554827,2.756214201834084
s5_chunk08_rep03,8,low_response,regional_shift,box,3000,0.05,5.0,true,ctmle,estimated,xgboost,xgboost,targeting,1.0,0.0|0.25|0.5|1.0,-1.0,1.0,obsval,4.0,0.1,0,0.1,legacy,4.0,4,50,3,51.3613796029822,-0.08136276263553699,-0.05005072565924962,-0.07956517746961198,0.03131203697628737,0.00046207880321045896,-0.0002906452970156568,0.05740875840451798,0.05,1.0,nan,nan,nan,nan,nan,nan,nan,0.09366666666666666,0.09366666666666666,1.0,1.0,17,17,0.060498220640569395,0.060498220640569395,-0.020997300388041314,-0.019055745286527093,0.0019415551015142217,-0.020997300388041314,-0.019055745286527093,0.0019415551015142217,2.006623377041588,1.837771959909098,2.006623377041588,1.837771959909098
s5_chunk08_rep04,8,low_response,regional_shift,box,3000,0.05,5.0,true,ctmle,estimated,xgboost,xgboost,targeting,1.0,0.0|0.25|0.5|1.0,-1.0,1.0,obsval,4.0,0.1,0,0.1,legacy,4.0,4,50,4,68.3988921699929,-0.1610208669651948,-0.1390660675173141,-0.1610208669651948,0.021954799447880702,0.00035964587495420156,-3.9077654309373384e-05,0.0,0.05,0.5,nan,nan,nan,nan,nan,nan,nan,0.09466666666666666,0.09466666666666666,1.0,1.0,22,22,0.07746478873239436,0.07746478873239436,-0.03958751774356232,-0.03755303540392174,0.0020344823396405767,-0.03958751774356232,-0.03755303540392174,0.0020344823396405767,2.054330461525356,1.9228912988633822,2.054330461525356,1.9228912988633822
s5_chunk09_rep01,9,low_response,regional_shift,box,3000,0.05,5.0,true,ctmle,estimated,xgboost,xgboost,targeting,1.0,0.0|0.25|0.5|1.0,-1.0,1.0,obsval,4.0,0.1,0,0.1,legacy,4.0,4,50,1,16.790760422009043,-0.11561522575311411,-0.09415321893520234,-0.11561522575311411,0.021462006817911772,0.002270797193298287,-0.000876279214017661,0.0,0.5,1.0,nan,nan,nan,nan,nan,nan,nan,0.1,0.1,1.0,1.0,8,8,0.02666666666666667,0.02666666666666667,-0.14054366104721097,-0.12122338634607073,0.01932027470114024,-0.14054366104721097,-0.12122338634607073,0.01932027470114024,2.0738574096448543,1.9167116548725431,2.0738574096448543,1.9167116548725431
s5_chunk09_rep02,9,low_response,regional_shift,box,3000,0.05,5.0,true,ctmle,estimated,xgboost,xgboost,targeting,1.0,0.0|0.25|0.5|1.0,-1.0,1.0,obsval,4.0,0.1,0,0.1,legacy,4.0,4,50,2,33.83928092601127,-0.13777224947417444,-0.1315569341365297,-0.13777224947417444,0.0062153153376447445,0.00044859786789807655,-0.00034364337028030406,0.0,0.5,1.0,nan,nan,nan,nan,nan,nan,nan,0.10266666666666667,0.10266666666666667,1.0,1.0,19,19,0.06168831168831169,0.06168831168831169,-0.1297267402690986,-0.12413159061928172,0.0055951496498168884,-0.1297267402690986,-0.12413159061928172,0.0055951496498168884,2.4012059986770278,2.3640269067404303,2.4012059986770278,2.3640269067404303
s5_chunk09_rep03,9,low_response,regional_shift,box,3000,0.05,5.0,true,ctmle,estimated,xgboost,xgboost,targeting,1.0,0.0|0.25|0.5|1.0,-1.0,1.0,obsval,4.0,0.1,0,0.1,legacy,4.0,4,50,3,50.92500870898948,-0.053266643859315455,0.020483823284062952,0.004839506607107268,0.0737504671433784,0.0005768878315322136,-8.332551158377055e-05,0.7878750158078112,0.05,1.0,nan,nan,nan,nan,nan,nan,nan,0.08933333333333333,0.08933333333333333,1.0,1.0,15,15,0.055970149253731345,0.055970149253731345,-0.013625904288283808,-0.01042018878148254,0.0032057155068012672,-0.013625904288283808,-0.01042018878148254,0.0032057155068012672,1.4222734989757153,1.4128457759873765,1.4222734989757153,1.4128457759873765
s5_chunk09_rep04,9,low_response,regional_shift,box,3000,0.05,5.0,true,ctmle,estimated,xgboost,xgboost,targeting,1.0,0.0|0.25|0.5|1.0,-1.0,1.0,obsval,4.0,0.1,0,0.1,legacy,4.0,4,50,4,67.96493790400564,-0.11456727648200049,-0.11456727648200049,-0.11456727648200049,0.0,0.0004442443370727368,-0.00015574276556448198,0.0,0.05,0.0,nan,nan,nan,nan,nan,nan,nan,0.09633333333333334,0.09633333333333334,1.0,1.0,15,15,0.05190311418685121,0.05190311418685121,-0.019765084368593085,-0.019765084368593085,0.0,-0.019765084368593085,-0.019765084368593085,0.0,2.012325632429132,2.012325632429132,2.012325632429132,2.012325632429132
s5_chunk10_rep01,10,low_response,regional_shift,box,3000,0.05,5.0,true,ctmle,estimated,xgboost,xgboost,targeting,1.0,0.0|0.25|0.5|1.0,-1.0,1.0,obsval,4.0,0.1,0,0.1,legacy,4.0,4,50,1,17.26537083601579,-0.103660233231741,-0.0964132332204033,-0.103660233231741,0.007247000011337712,0.0005759105567948505,8.513958950357109e-05,0.0,0.5,1.0,nan,nan,nan,nan,nan,nan,nan,0.10033333333333333,0.10033333333333333,1.0,1.0,21,21,0.06976744186046512,0.06976744186046512,-0.0865300648833631,-0.08000436972566416,0.006525695157698935,-0.0865300648833631,-0.08000436972566416,0.006525695157698935,2.0758228221444126,2.0450245426459213,2.0758228221444126,2.0450245426459213
s5_chunk10_rep02,10,low_response,regional_shift,box,3000,0.05,5.0,true,ctmle,estimated,xgboost,xgboost,targeting,1.0,0.0|0.25|0.5|1.0,-1.0,1.0,obsval,4.0,0.1,0,0.1,legacy,4.0,4,50,2,34.29913960502017,-0.168767126840341,-0.1619823719723531,-0.168767126840341,0.006784754867987908,0.00044225105825775827,-0.0002214316138820986,0.0,0.5,1.0,nan,nan,nan,nan,nan,nan,nan,0.099,0.099,1.0,1.0,14,14,0.04713804713804714,0.04713804713804714,-0.15747563512708027,-0.15136490419033047,0.0061107309367497975,-0.15747563512708027,-0.15136490419033047,0.0061107309367497975,2.7232406359578625,2.678305693062587,2.7232406359578625,2.678305693062587
s5_chunk10_rep03,10,low_response,regional_shift,box,3000,0.05,5.0,true,ctmle,estimated,xgboost,xgboost,targeting,1.0,0.0|0.25|0.5|1.0,-1.0,1.0,obsval,4.0,0.1,0,0.1,legacy,4.0,4,50,3,51.535409207019256,-0.22751090108842165,-0.2221163030753046,-0.22751090108842165,0.005394598013117036,0.0004530572922872636,-0.0003494726737822383,0.0,0.5,1.0,nan,nan,nan,nan,nan,nan,nan,0.10733333333333334,0.10733333333333334,1.0,1.0,17,17,0.052795031055900624,0.052795031055900624,-0.16721234876419028,-0.16235562014229893,0.004856728621891349,-0.16721234876419028,-0.16235562014229893,0.004856728621891349,2.565259836408533,2.5273792303392266,2.565259836408533,2.5273792303392266
s5_chunk10_rep04,10,low_response,regional_shift,box,3000,0.05,5.0,true,ctmle,estimated,xgboost,xgboost,targeting,1.0,0.0|0.25|0.5|1.0,-1.0,1.0,obsval,4.0,0.1,0,0.1,legacy,4.0,4,50,4,68.75599418100319,-0.19745071415170912,-0.19093293927552468,-0.19745071415170912,0.0065177748761844345,0.0006398251867522579,-1.3280379907996184e-05,0.0,0.5,1.0,nan,nan,nan,nan,nan,nan,nan,0.099,0.099,1.0,1.0,14,14,0.04713804713804714,0.04713804713804714,-0.18879780656460812,-0.18293139565122601,0.0058664109133821085,-0.18879780656460812,-0.18293139565122601,0.0058664109133821085,2.8924509420745284,2.8443263922047506,2.8924509420745284,2.8443263922047506
s5_chunk11_rep01,11,low_response,regional_shift,box,3000,0.05,5.0,true,ctmle,estimated,xgboost,xgboost,targeting,1.0,0.0|0.25|0.5|1.0,-1.0,1.0,obsval,4.0,0.1,0,0.1,legacy,4.0,4,50,1,17.11303265602328,-0.07816144089117483,-0.04967974541406239,-0.07816144089117483,0.028481695477112434,0.0006764938200809877,-0.000429611583626548,0.0,0.1,1.0,nan,nan,nan,nan,nan,nan,nan,0.10166666666666667,0.10166666666666667,1.0,1.0,17,17,0.05573770491803279,0.05573770491803279,-0.05502267441809506,-0.040323388875914204,0.014699285542180855,-0.05502267441809506,-0.040323388875914204,0.014699285542180855,1.60139344201868,1.4599734423557427,1.60139344201868,1.4599734423557427
s5_chunk11_rep02,11,low_response,regional_shift,box,3000,0.05,5.0,true,ctmle,estimated,xgboost,xgboost,targeting,1.0,0.0|0.25|0.5|1.0,-1.0,1.0,obsval,4.0,0.1,0,0.1,legacy,4.0,4,50,2,34.06561164199957,-0.09301514086451335,-0.046096678790120915,-0.07059319150053928,0.04691846207439243,0.000574669351279318,-0.00040306785863412214,0.4778918228057547,0.05,1.0,nan,nan,nan,nan,nan,nan,nan,0.104,0.104,1.0,1.0,15,15,0.04807692307692308,0.04807692307692308,-0.013276180700194436,-0.01174637128226616,0.0015298094179282754,-0.013276180700194436,-0.01174637128226616,0.0015298094179282754,1.4640813433950837,1.2479245703155646,1.4640813433950837,1.2479245703155646
s5_chunk11_rep03,11,low_response,regional_shift,box,3000,0.05,5.0,true,ctmle,estimated,xgboost,xgboost,targeting,1.0,0.0|0.25|0.5|1.0,-1.0,1.0,obsval,4.0,0.1,0,0.1,legacy,4.0,4,50,3,51.2988283020095,-0.049802496712470945,0.025102182492900416,0.010895174578110338,0.07490467920537136,0.0005320856851627614,-0.00031953193680729283,0.8103321706266475,0.05,1.0,nan,nan,nan,nan,nan,nan,nan,0.092,0.092,1.0,1.0,16,16,0.057971014492753624,0.057971014492753624,-0.016188512035340837,-0.011463599047525986,0.00472491298781485,-0.016188512035340837,-0.011463599047525986,0.00472491298781485,1.7124247757993982,1.6107532808131777,1.7124247757993982,1.6107532808131777
s5_chunk11_rep04,11,low_response,regional_shift,box,3000,0.05,5.0,true,ctmle,estimated,xgboost,xgboost,targeting,1.0,0.0|0.25|0.5|1.0,-1.0,1.0,obsval,4.0,0.1,0,0.1,legacy,4.0,4,50,4,68.35153111899854,-0.11115625019649,-0.08856592017238529,-0.11115625019649,0.02259033002410471,0.0006013765235283915,-0.00033603423305816806,0.0,0.05,1.0,nan,nan,nan,nan,nan,nan,nan,0.09866666666666667,0.09866666666666667,1.0,1.0,13,13,0.04391891891891892,0.04391891891891892,-0.020860097756157287,-0.01980292792877889,0.0010571698273783986,-0.020860097756157287,-0.01980292792877889,0.0010571698273783986,2.022016052242416,1.9018853931437711,2.022016052242416,1.9018853931437711
s5_chunk12_rep01,12,low_response,regional_shift,box,3000,0.05,5.0,true,ctmle,estimated,xgboost,xgboost,targeting,1.0,0.0|0.25|0.5|1.0,-1.0,1.0,obsval,4.0,0.1,0,0.1,legacy,4.0,4,50,1,17.196455919009168,-0.07389220706200961,0.00034645874997984993,-0.02108979970824571,0.07423866581198946,0.0007956996139698198,-0.000864220654962276,0.7112521053043543,0.05,1.0,nan,nan,nan,nan,nan,nan,nan,0.098,0.098,1.0,1.0,13,13,0.04421768707482993,0.04421768707482993,-0.017056353402092824,-0.014240634981084256,0.0028157184210085683,-0.017056353402092824,-0.014240634981084256,0.0028157184210085683,1.6115663702312557,1.5157543136143297,1.6115663702312557,1.5157543136143297
s5_chunk12_rep02,12,low_response,regional_shift,box,3000,0.05,5.0,true,ctmle,estimated,xgboost,xgboost,targeting,1.0,0.0|0.25|0.5|1.0,-1.0,1.0,obsval,4.0,0.1,0,0.1,legacy,4.0,4,50,2,37.30952679400798,-0.06713792247348793,-0.04091266700333318,-0.06713792247348793,0.02622525547015475,0.0004371615163636343,0.00017511335943979885,0.0,0.05,0.5,nan,nan,nan,nan,nan,nan,nan,0.101,0.101,1.0,1.0,13,13,0.0429042904290429,0.0429042904290429,-0.015633633713428585,-0.014928590139994237,0.0007050435734343476,-0.015633633713428585,-0.014928590139994237,0.0007050435734343476,1.8101679928204553,1.6553037899603065,1.8101679928204553,1.6553037899603065
s5_chunk12_rep03,12,low_response,regional_shift,box,3000,0.05,5.0,true,ctmle,estimated,xgboost,xgboost,targeting,1.0,0.0|0.25|0.5|1.0,-1.0,1.0,obsval,4.0,0.1,0,0.1,legacy,4.0,4,50,3,57.44375448199571,-0.12978315516897443,-0.09157012449123103,-0.11129032897899743,0.0382130306777434,0.0003767843895311953,1.988690106517841e-05,0.483940317268472,0.05,1.0,nan,nan,nan,nan,nan,nan,nan,0.10133333333333333,0.10133333333333333,1.0,1.0,21,21,0.06907894736842106,0.06907894736842106,-0.023140734819096356,-0.020726718110912087,0.0024140167081842696,-0.023140734819096356,-0.020726718110912087,0.0024140167081842696,1.8379080846144162,1.6370572758394686,1.8379080846144162,1.6370572758394686
s5_chunk12_rep04,12,low_response,regional_shift,box,3000,0.05,5.0,true,ctmle,estimated,xgboost,xgboost,targeting,1.0,0.0|0.25|0.5|1.0,-1.0,1.0,obsval,4.0,0.1,0,0.1,legacy,4.0,4,50,4,77.01642394601367,-0.17006628285530168,-0.12718512450757136,-0.16501248326521062,0.04288115834773032,0.0008110404803813665,-0.0004981954932739034,0.11785594850561076,0.05,1.0,nan,nan,nan,nan,nan,nan,nan,0.09633333333333334,0.09633333333333334,1.0,1.0,12,12,0.04152249134948097,0.04152249134948097,-0.023545979726020714,-0.021761584536795622,0.0017843951892250916,-0.023545979726020714,-0.021761584536795622,0.0017843951892250916,2.31917847446256,2.145850967775049,2.31917847446256,2.145850967775049
s5_chunk13_rep01,13,low_response,regional_shift,box,3000,0.05,5.0,true,ctmle,estimated,xgboost,xgboost,targeting,1.0,0.0|0.25|0.5|1.0,-1.0,1.0,obsval,4.0,0.1,0,0.1,legacy,4.0,4,50,1,16.909475631982787,-0.11262564321480073,-0.10233667372236732,-0.11262564321480073,0.010288969492433409,0.0003161685433430983,-0.00018902587196934243,0.0,0.5,1.0,nan,nan,nan,nan,nan,nan,nan,0.102,0.102,1.0,1.0,19,19,0.06209150326797386,0.06209150326797386,-0.10051465730046444,-0.09125309103438042,0.009261566266084015,-0.10051465730046444,-0.09125309103438042,0.009261566266084015,1.750881652283469,1.683317420969892,1.750881652283469,1.683317420969892
s5_chunk13_rep02,13,low_response,regional_shift,box,3000,0.05,5.0,true,ctmle,estimated,xgboost,xgboost,targeting,1.0,0.0|0.25|0.5|1.0,-1.0,1.0,obsval,4.0,0.1,0,0.1,legacy,4.0,4,50,2,33.972617474995786,-0.19958606212955665,-0.14924436387476148,-0.19958606212955665,0.050341698254795175,0.0017101893300740696,-0.00027551573698461704,0.0,0.05,0.5,nan,nan,nan,nan,nan,nan,nan,0.11366666666666667,0.11366666666666667,1.0,1.0,15,15,0.04398826979472141,0.04398826979472141,-0.030926488402226938,-0.028858971503062474,0.0020675168991644635,-0.030926488402226938,-0.028858971503062474,0.0020675168991644635,2.824242157250235,2.552107891393259,2.824242157250235,2.552107891393259
s5_chunk13_rep03,13,low_response,regional_shift,box,3000,0.05,5.0,true,ctmle,estimated,xgboost,xgboost,targeting,1.0,0.0|0.25|0.5|1.0,-1.0,1.0,obsval,4.0,0.1,0,0.1,legacy,4.0,4,50,3,50.88872433899087,-0.09684075003114201,-0.06426501735538792,-0.09684075003114201,0.03257573267575409,0.0011862909723574459,4.5531554268316704e-05,0.0,0.05,0.5,nan,nan,nan,nan,nan,nan,nan,0.102,0.102,1.0,1.0,15,15,0.049019607843137254,0.049019607843137254,-0.01871264412985102,-0.017330067980121214,0.0013825761497298049,-0.01871264412985102,-0.017330067980121214,0.0013825761497298049,1.5686493301878521,1.3886923550257992,1.5686493301878521,1.3886923550257992
s5_chunk13_rep04,13,low_response,regional_shift,box,3000,0.05,5.0,true,ctmle,estimated,xgboost,xgboost,targeting,1.0,0.0|0.25|0.5|1.0,-1.0,1.0,obsval,4.0,0.1,0,0.1,legacy,4.0,4,50,4,67.74784374498995,-0.15611438298743463,-0.11521720993871831,-0.15611438298743463,0.04089717304871632,0.0008375771051239199,-0.0007524699011201776,0.0,0.05,1.0,nan,nan,nan,nan,nan,nan,nan,0.09833333333333333,0.09833333333333333,1.0,1.0,13,13,0.04406779661016949,0.04406779661016949,-0.021951900062609796,-0.02052680897113978,0.0014250910914700154,-0.021951900062609796,-0.02052680897113978,0.0014250910914700154,1.7837577970965028,1.5346328462621845,1.7837577970965028,1.5346328462621845
s5_chunk14_rep01,14,low_response,regional_shift,box,3000,0.05,5.0,true,ctmle,estimated,xgboost,xgboost,targeting,1.0,0.0|0.25|0.5|1.0,-1.0,1.0,obsval,4.0,0.1,0,0.1,legacy,4.0,4,50,1,17.139115197001956,-0.04079015245686868,-0.03520682309103951,-0.04079015245686868,0.0055833293658291705,0.00036600573276118417,3.138152001869957e-05,0.0,0.5,1.0,nan,nan,nan,nan,nan,nan,nan,0.10866666666666666,0.10866666666666666,1.0,1.0,20,20,0.06134969325153374,0.06134969325153374,-0.10291693760873837,-0.09789171491316373,0.005025222695574635,-0.10291693760873837,-0.09789171491316373,0.005025222695574635,1.7615564858183739,1.7333573275682117,1.7615564858183739,1.7333573275682117
s5_chunk14_rep02,14,low_response,regional_shift,box,3000,0.05,5.0,true,ctmle,estimated,xgboost,xgboost,targeting,1.0,0.0|0.25|0.5|1.0,-1.0,1.0,obsval,4.0,0.1,0,0.1,legacy,4.0,4,50,2,34.25982819101773,-0.09464905575043636,-0.04667834894897083,-0.06334061601335475,0.047970706801465535,0.0003996503639966385,-9.46593625530596e-05,0.6526574617017133,0.05,1.0,nan,nan,nan,nan,nan,nan,nan,0.09533333333333334,0.09533333333333334,1.0,1.0,14,14,0.04895104895104895,0.04895104895104895,-0.029055989965942663,-0.025614704842214644,0.0034412851237280197,-0.029055989965942663,-0.025614704842214644,0.0034412851237280197,2.3998849621645455,2.253001993053088,2.3998849621645455,2.253001993053088
s5_chunk14_rep03,14,low_response,regional_shift,box,3000,0.05,5.0,true,ctmle,estimated,xgboost,xgboost,targeting,1.0,0.0|0.25|0.5|1.0,-1.0,1.0,obsval,4.0,0.1,0,0.1,legacy,4.0,4,50,3,51.4537540099991,-0.1104593299946921,-0.10433449992925126,-0.1104593299946921,0.006124830065440845,0.0006073859343292869,-0.0002628892738543087,0.0,0.25,1.0,nan,nan,nan,nan,nan,nan,nan,0.10166666666666667,0.10166666666666667,1.0,1.0,13,13,0.04262295081967213,0.04262295081967213,-0.09704775391593747,-0.09212764318885168,0.004920110727085786,-0.09704775391593747,-0.09212764318885168,0.004920110727085786,2.1103892345333084,2.0686373995985328,2.1103892345333084,2.0686373995985328
s5_chunk14_rep04,14,low_response,regional_shift,box,3000,0.05,5.0,true,ctmle,estimated,xgboost,xgboost,targeting,1.0,0.0|0.25|0.5|1.0,-1.0,1.0,obsval,4.0,0.1,0,0.1,legacy,4.0,4,50,4,68.87938306701835,-0.15008475463219828,-0.13719534889479235,-0.15008475463219828,0.012889405737405935,0.0005901136641844502,-6.522388672887966e-05,0.0,0.25,1.0,nan,nan,nan,nan,nan,nan,nan,0.08633333333333333,0.08633333333333333,1.0,1.0,7,7,0.02702702702702703,0.02702702702702703,-0.13700585103906412,-0.12669067142610632,0.010315179612957803,-0.13700585103906412,-0.12669067142610632,0.010315179612957803,2.9389333894463228,2.825097300917876,2.9389333894463228,2.825097300917876
s5_chunk15_rep01,15,low_response,regional_shift,box,3000,0.05,5.0,true,ctmle,estimated,xgboost,xgboost,targeting,1.0,0.0|0.25|0.5|1.0,-1.0,1.0,obsval,4.0,0.1,0,0.1,legacy,4.0,4,50,1,16.982655937987147,-0.042855317534714166,-0.03636055852622977,-0.042855317534714166,0.0064947590084843965,0.0004413240479991449,-0.0001678766825820115,0.0,0.5,1.0,nan,nan,nan,nan,nan,nan,nan,0.09933333333333333,0.09933333333333333,1.0,1.0,16,16,0.053691275167785234,0.053691275167785234,-0.09621443363080884,-0.09036611927456603,0.005848314356242806,-0.09621443363080884,-0.09036611927456603,0.005848314356242806,1.8937320656846601,1.8584977225957617,1.8937320656846601,1.8584977225957617
s5_chunk15_rep02,15,low_response,regional_shift,box,3000,0.05,5.0,true,ctmle,estimated,xgboost,xgboost,targeting,1.0,0.0|0.25|0.5|1.0,-1.0,1.0,obsval,4.0,0.1,0,0.1,legacy,4.0,4,50,2,34.11689831700642,-0.10799842099914725,-0.0385260458941058,-0.05378737428816456,0.06947237510504145,0.0005301203653966351,0.00012292125221697605,0.780325224652478,0.05,1.0,nan,nan,nan,nan,nan,nan,nan,0.09966666666666667,0.09966666666666667,1.0,1.0,21,21,0.07023411371237458,0.07023411371237458,-0.02523768693233674,-0.019593600098043663,0.005644086834293079,-0.02523768693233674,-0.019593600098043663,0.005644086834293079,1.7460653468703968,1.554482793116598,1.7460653468703968,1.554482793116598
s5_chunk15_rep03,15,low_response,regional_shift,box,3000,0.05,5.0,true,ctmle,estimated,xgboost,xgboost,targeting,1.0,0.0|0.25|0.5|1.0,-1.0,1.0,obsval,4.0,0.1,0,0.1,legacy,4.0,4,50,3,51.30811780699878,-0.16188795831248026,-0.12721427864996326,-0.16188795831248026,0.034673679662517,0.0016382175272061338,-0.00035597017185054307,0.0,0.1,1.0,nan,nan,nan,nan,nan,nan,nan,0.10166666666666667,0.10166666666666667,1.0,1.0,11,11,0.036065573770491806,0.036065573770491806,-0.09655577802580327,-0.07872977301881116,0.017826005006992107,-0.09655577802580327,-0.07872977301881116,0.017826005006992107,2.1584709266030715,1.9036148455242619,2.1584709266030715,1.9036148455242619
s5_chunk15_rep04,15,low_response,regional_shift,box,3000,0.05,5.0,true,ctmle,estimated,xgboost,xgboost,targeting,1.0,0.0|0.25|0.5|1.0,-1.0,1.0,obsval,4.0,0.1,0,0.1,legacy,4.0,4,50,4,68.37171241600299,-0.11304790504898965,-0.04912667424319017,-0.05729104125671867,0.06392123080579948,0.00026093819412750536,-0.00013047235275710084,0.8722745649511531,0.05,1.0,nan,nan,nan,nan,nan,nan,nan,0.12066666666666667,0.12066666666666667,1.0,1.0,27,27,0.07458563535911603,0.07458563535911603,-0.024238230860030883,-0.0188132248928221,0.005425005967208782,-0.024238230860030883,-0.0188132248928221,0.005425005967208782,2.0310367906081583,1.8941180955306514,2.0310367906081583,1.8941180955306514
s5_chunk16_rep01,16,low_response,regional_shift,box,3000,0.05,5.0,true,ctmle,estimated,xgboost,xgboost,targeting,1.0,0.0|0.25|0.5|1.0,-1.0,1.0,obsval,4.0,0.1,0,0.1,legacy,4.0,4,50,1,16.800406197988195,-0.15381852710995614,-0.10432780226124261,-0.12261886425141173,0.04949072484871353,0.0004526189580731114,-2.0711614059338614e-05,0.630414344383065,0.05,1.0,nan,nan,nan,nan,nan,nan,nan,0.099,0.099,1.0,1.0,11,11,0.037037037037037035,0.037037037037037035,-0.019018707820103127,-0.017836488361436826,0.001182219458666301,-0.019018707820103127,-0.017836488361436826,0.001182219458666301,2.4489627964580634,2.180800984243707,2.4489627964580634,2.180800984243707
s5_chunk16_rep02,16,low_response,regional_shift,box,3000,0.05,5.0,true,ctmle,estimated,xgboost,xgboost,targeting,1.0,0.0|0.25|0.5|1.0,-1.0,1.0,obsval,4.0,0.1,0,0.1,legacy,4.0,4,50,2,34.13719224499073,-0.08478498095145492,-0.07342193541991182,-0.08478498095145492,0.011363045531543103,0.0005718736974627079,-0.0002495540768296762,0.0,0.25,1.0,nan,nan,nan,nan,nan,nan,nan,0.101,0.101,1.0,1.0,18,18,0.0594059405940594,0.0594059405940594,-0.05863558083860031,-0.04951084130392379,0.009124739534676518,-0.05863558083860031,-0.04951084130392379,0.009124739534676518,1.7461722412032654,1.7039405203361406,1.7461722412032654,1.7039405203361406
s5_chunk16_rep03,16,low_response,regional_shift,box,3000,0.05,5.0,true,ctmle,estimated,xgboost,xgboost,targeting,1.0,0.0|0.25|0.5|1.0,-1.0,1.0,obsval,4.0,0.1,0,0.1,legacy,4.0,4,50,3,51.55546871997649,-0.0610008383435825,-0.04742364490661721,-0.0610008383435825,0.013577193436965285,0.0003959910064664819,-9.804988752290956e-05,0.0,0.05,0.25,nan,nan,nan,nan,nan,nan,nan,0.09933333333333333,0.09933333333333333,1.0,1.0,18,18,0.06040268456375839,0.06040268456375839,-0.020755960903398745,-0.019772286503891963,0.0009836743995067822,-0.020755960903398745,-0.019772286503891963,0.0009836743995067822,1.2534082036426972,1.2204635590039505,1.2534082036426972,1.2204635590039505
s5_chunk16_rep04,16,low_response,regional_shift,box,3000,0.05,5.0,true,ctmle,estimated,xgboost,xgboost,targeting,1.0,0.0|0.25|0.5|1.0,-1.0,1.0,obsval,4.0,0.1,0,0.1,legacy,4.0,4,50,4,68.68979738099733,-0.09522409929867848,-0.09522409929867848,-0.09522409929867848,0.0,0.0007191069960513522,-0.00015310554675891696,0.0,0.05,0.0,nan,nan,nan,nan,nan,nan,nan,0.10766666666666666,0.10766666666666666,1.0,1.0,13,13,0.04024767801857585,0.04024767801857585,-0.008572181904016995,-0.008572181904016995,0.0,-0.008572181904016995,-0.008572181904016995,0.0,1.5469698185646603,1.5469698185646603,1.5469698185646603,1.5469698185646603
s5_chunk17_rep01,17,low_response,regional_shift,box,3000,0.05,5.0,true,ctmle,estimated,xgboost,xgboost,targeting,1.0,0.0|0.25|0.5|1.0,-1.0,1.0,obsval,4.0,0.1,0,0.1,legacy,4.0,4,50,1,17.042088835005416,-0.1342032475406022,-0.1342032475406022,-0.1342032475406022,0.0,0.0006195739599889208,0.0001543878725218913,0.0,0.05,0.0,nan,nan,nan,nan,nan,nan,nan,0.10333333333333333,0.10333333333333333,1.0,1.0,12,12,0.03870967741935484,0.03870967741935484,-0.020405411930400363,-0.020405411930400363,0.0,-0.020405411930400363,-0.020405411930400363,0.0,1.9386679345978257,1.9386679345978257,1.9386679345978257,1.9386679345978257
s5_chunk17_rep02,17,low_response,regional_shift,box,3000,0.05,5.0,true,ctmle,estimated,xgboost,xgboost,targeting,1.0,0.0|0.25|0.5|1.0,-1.0,1.0,obsval,4.0,0.1,0,0.1,legacy,4.0,4,50,2,34.22918014600873,-0.21158923934636564,-0.21158923934636564,-0.21158923934636564,0.0,0.001251165516708841,-0.0006867057936376353,0.0,0.05,0.0,nan,nan,nan,nan,nan,nan,nan,0.104,0.104,1.0,1.0,13,13,0.041666666666666664,0.041666666666666664,-0.03179528106660008,-0.03179528106660008,0.0,-0.03179528106660008,-0.03179528106660008,0.0,2.4898575843695294,2.4898575843695294,2.4898575843695294,2.4898575843695294
s5_chunk17_rep03,17,low_response,regional_shift,box,3000,0.05,5.0,true,ctmle,estimated,xgboost,xgboost,targeting,1.0,0.0|0.25|0.5|1.0,-1.0,1.0,obsval,4.0,0.1,0,0.1,legacy,4.0,4,50,3,51.31322270599776,-0.18167906391029043,-0.14369140980859962,-0.1767807781460929,0.037987654101690804,0.000628493739424067,-0.00017076095508468262,0.1289441498831463,0.1,1.0,nan,nan,nan,nan,nan,nan,nan,0.109,0.109,1.0,1.0,18,18,0.05504587155963303,0.05504587155963303,-0.10352925570286511,-0.08388718562130262,0.01964207008156249,-0.10352925570286511,-0.08388718562130262,0.01964207008156249,2.291894169741358,2.0605748714346617,2.291894169741358,2.0605748714346617
s5_chunk17_rep04,17,low_response,regional_shift,box,3000,0.05,5.0,true,ctmle,estimated,xgboost,xgboost,targeting,1.0,0.0|0.25|0.5|1.0,-1.0,1.0,obsval,4.0,0.1,0,0.1,legacy,4.0,4,50,4,68.55326042399975,-0.023859256286614228,0.02179676498275096,-0.01059561383868869,0.04565602126936519,0.0007394535682184915,-0.00032435153392025096,0.2905124467520198,0.05,1.0,nan,nan,nan,nan,nan,nan,nan,0.09933333333333333,0.09933333333333333,1.0,1.0,13,13,0.0436241610738255,0.0436241610738255,-0.01886251896063683,-0.016449207186423655,0.002413311774213174,-0.01886251896063683,-0.016449207186423655,0.002413311774213174,1.8531726096318475,1.7621990442597857,1.8531726096318475,1.7621990442597857
s5_chunk18_rep01,18,low_response,regional_shift,box,3000,0.05,5.0,true,ctmle,estimated,xgboost,xgboost,targeting,1.0,0.0|0.25|0.5|1.0,-1.0,1.0,obsval,4.0,0.1,0,0.1,legacy,4.0,4,50,1,17.047032400994794,-0.11665009593380882,-0.04748838813227674,-0.0679931378255135,0.06916170780153208,0.0007090717534135975,-0.0004144349856310455,0.7035245319262846,0.05,1.0,nan,nan,nan,nan,nan,nan,nan,0.10133333333333333,0.10133333333333333,1.0,1.0,9,9,0.029605263157894735,0.029605263157894735,-0.022243139212471893,-0.019839563469429868,0.0024035757430420253,-0.022243139212471893,-0.019839563469429868,0.0024035757430420253,2.0013240015837024,1.768306080450975,2.0013240015837024,1.768306080450975
s5_chunk18_rep02,18,low_response,regional_shift,box,3000,0.05,5.0,true,ctmle,estimated,xgboost,xgboost,targeting,1.0,0.0|0.25|0.5|1.0,-1.0,1.0,obsval,4.0,0.1,0,0.1,legacy,4.0,4,50,2,34.00197135101189,-0.06862065483412916,-0.06862065483412916,-0.06862065483412916,0.0,0.00026269384119219363,-4.000070942129005e-05,0.0,0.05,0.0,nan,nan,nan,nan,nan,nan,nan,0.09266666666666666,0.09266666666666666,1.0,1.0,22,22,0.07913669064748201,0.07913669064748201,-0.012107303641627718,-0.012107303641627718,0.0,-0.012107303641627718,-0.012107303641627718,0.0,1.625646290755337,1.625646290755337,1.625646290755337,1.625646290755337
s5_chunk18_rep03,18,low_response,regional_shift,box,3000,0.05,5.0,true,ctmle,estimated,xgboost,xgboost,targeting,1.0,0.0|0.25|0.5|1.0,-1.0,1.0,obsval,4.0,0.1,0,0.1,legacy,4.0,4,50,3,51.23996784799965,-0.09798295545358415,-0.035749348054601504,-0.0523345922749692,0.06223360739898265,0.0005160797887133048,-4.407294806337437e-06,0.7335001952556133,0.05,1.0,nan,nan,nan,nan,nan,nan,nan,0.10333333333333333,0.10333333333333333,1.0,1.0,14,14,0.04516129032258064,0.04516129032258064,-0.01993830498217777,-0.01660936467730289,0.0033289403048748813,-0.01993830498217777,-0.01660936467730289,0.0033289403048748813,1.8326496167484925,1.5240889903027972,1.8326496167484925,1.5240889903027972
s5_chunk18_rep04,18,low_response,regional_shift,box,3000,0.05,5.0,true,ctmle,estimated,xgboost,xgboost,targeting,1.0,0.0|0.25|0.5|1.0,-1.0,1.0,obsval,4.0,0.1,0,0.1,legacy,4.0,4,50,4,68.3257692810148,-0.2033919101417997,-0.20022868618001743,-0.2033919101417997,0.0031632239617822577,0.0008899075018958015,-0.0011090028212613874,0.0,0.5,1.0,nan,nan,nan,nan,nan,nan,nan,0.10133333333333333,0.10133333333333333,1.0,1.0,7,7,0.023026315789473683,0.023026315789473683,-0.18418810458852058,-0.18134148481469997,0.0028466197738206134,-0.18418810458852058,-0.18134148481469997,0.0028466197738206134,2.6990417269963904,2.6666913869461997,2.6990417269963904,2.6666913869461997
s5_chunk19_rep01,19,low_response,regional_shift,box,3000,0.05,5.0,true,ctmle,estimated,xgboost,xgboost,targeting,1.0,0.0|0.25|0.5|1.0,-1.0,1.0,obsval,4.0,0.1,0,0.1,legacy,4.0,4,50,1,17.14819988401723,-0.1551421059267053,-0.08556419916158908,-0.10916870617531398,0.06957790676511622,0.0008211760941187413,-0.0002960023752713579,0.660747094714851,0.05,1.0,nan,nan,nan,nan,nan,nan,nan,0.10566666666666667,0.10566666666666667,1.0,1.0,11,11,0.03470031545741325,0.03470031545741325,-0.011693872304419015,-0.00967771356833261,0.002016158736086406,-0.011693872304419015,-0.00967771356833261,0.002016158736086406,2.1895749843953864,1.7895347834187054,2.1895749843953864,1.7895347834187054
s5_chunk19_rep02,19,low_response,regional_shift,box,3000,0.05,5.0,true,ctmle,estimated,xgboost,xgboost,targeting,1.0,0.0|0.25|0.5|1.0,-1.0,1.0,obsval,4.0,0.1,0,0.1,legacy,4.0,4,50,2,34.04620088302181,-0.15042332665449254,-0.15042332665449254,-0.15042332665449254,0.0,0.000802607662561473,-0.00010180281732581316,0.0,0.05,0.0,nan,nan,nan,nan,nan,nan,nan,0.09566666666666666,0.09566666666666666,1.0,1.0,12,12,0.041811846689895474,0.041811846689895474,-0.03333315800027581,-0.03333315800027581,0.0,-0.03333315800027581,-0.03333315800027581,0.0,2.3430963896083017,2.3430963896083017,2.3430963896083017,2.3430963896083017
s5_chunk19_rep03,19,low_response,regional_shift,box,3000,0.05,5.0,true,ctmle,estimated,xgboost,xgboost,targeting,1.0,0.0|0.25|0.5|1.0,-1.0,1.0,obsval,4.0,0.1,0,0.1,legacy,4.0,4,50,3,51.42024770702119,-0.09070905806178686,-0.09070905806178686,-0.09070905806178686,0.0,0.00024808728067236916,-4.254623310975987e-05,0.0,0.05,0.0,nan,nan,nan,nan,nan,nan,nan,0.101,0.101,1.0,1.0,23,23,0.07590759075907591,0.07590759075907591,-0.03157931482388915,-0.03157931482388915,0.0,-0.03157931482388915,-0.03157931482388915,0.0,1.9998747773784387,1.9998747773784387,1.9998747773784387,1.9998747773784387
s5_chunk19_rep04,19,low_response,regional_shift,box,3000,0.05,5.0,true,ctmle,estimated,xgboost,xgboost,targeting,1.0,0.0|0.25|0.5|1.0,-1.0,1.0,obsval,4.0,0.1,0,0.1,legacy,4.0,4,50,4,68.6966270210105,-0.22998164805827825,-0.13260104594980637,-0.1470709412233252,0.09738060210847188,0.0007045435570908979,-0.0005577000944375519,0.8514088539173246,0.05,1.0,nan,nan,nan,nan,nan,nan,nan,0.10566666666666667,0.10566666666666667,1.0,1.0,13,13,0.04100946372239748,0.04100946372239748,-0.028902281281130666,-0.02490661280088143,0.003995668480249237,-0.028902281281130666,-0.02490661280088143,0.003995668480249237,2.971078118567736,2.3810376364551256,2.971078118567736,2.3810376364551256
s5_chunk20_rep01,20,low_response,regional_shift,box,3000,0.05,5.0,true,ctmle,estimated,xgboost,xgboost,targeting,1.0,0.0|0.25|0.5|1.0,-1.0,1.0,obsval,4.0,0.1,0,0.1,legacy,4.0,4,50,1,17.30678337800782,-0.1402299949120055,-0.10104400669276736,-0.11980218396139597,0.03918598821923813,0.00036752885673143037,-0.0002049445844114939,0.5213039629451177,0.05,1.0,nan,nan,nan,nan,nan,nan,nan,0.09266666666666666,0.09266666666666666,1.0,1.0,15,15,0.0539568345323741,0.0539568345323741,-0.02572352237819847,-0.02340556386467343,0.0023179585135250404,-0.02572352237819847,-0.02340556386467343,0.0023179585135250404,2.3993306954924964,2.173776219300161,2.3993306954924964,2.173776219300161
s5_chunk20_rep02,20,low_response,regional_shift,box,3000,0.05,5.0,true,ctmle,estimated,xgboost,xgboost,targeting,1.0,0.0|0.25|0.5|1.0,-1.0,1.0,obsval,4.0,0.1,0,0.1,legacy,4.0,4,50,2,34.417853922990616,-0.19353339168675265,-0.11890903937824837,-0.15422948224608607,0.07462435230850428,0.0013178825861309591,-0.0001387332510859457,0.526690124936434,0.05,1.0,nan,nan,nan,nan,nan,nan,nan,0.09666666666666666,0.09666666666666666,1.0,1.0,8,8,0.027586206896551724,0.027586206896551724,-0.02100584915398123,-0.018154337247530426,0.0028515119064508043,-0.02100584915398123,-0.018154337247530426,0.0028515119064508043,3.1225508662353922,2.585530760558381,3.1225508662353922,2.585530760558381
s5_chunk20_rep03,20,low_response,regional_shift,box,3000,0.05,5.0,true,ctmle,estimated,xgboost,xgboost,targeting,1.0,0.0|0.25|0.5|1.0,-1.0,1.0,obsval,4.0,0.1,0,0.1,legacy,4.0,4,50,3,51.99728768199566,-0.09904137457638651,-0.01882637041740909,-0.03713614060019388,0.08021500415897742,0.0007343591456810015,0.00014966305437822715,0.7717413297579987,0.05,1.0,nan,nan,nan,nan,nan,nan,nan,0.09333333333333334,0.09333333333333334,1.0,1.0,19,19,0.06785714285714285,0.06785714285714285,-0.01741510386259727,-0.011135459229982323,0.006279644632614946,-0.01741510386259727,-0.011135459229982323,0.006279644632614946,2.155126774883102,1.8260184976553233,2.155126774883102,1.8260184976553233
s5_chunk20_rep04,20,low_response,regional_shift,box,3000,0.05,5.0,true,ctmle,estimated,xgboost,xgboost,targeting,1.0,0.0|0.25|0.5|1.0,-1.0,1.0,obsval,4.0,0.1,0,0.1,legacy,4.0,4,50,4,68.8478244820144,-0.1530839640823527,-0.09983246621116693,-0.14176991644829762,0.05325149787118577,0.0011166160210127618,-4.1270471866463806e-05,0.21246440168544234,0.05,1.0,nan,nan,nan,nan,nan,nan,nan,0.093,0.093,1.0,1.0,8,8,0.02867383512544803,0.02867383512544803,-0.02029293507975243,-0.018350180991090627,0.0019427540886618015,-0.02029293507975243,-0.018350180991090627,0.0019427540886618015,2.548635563466208,2.24323013476045,2.548635563466208,2.24323013476045
s5_chunk21_rep01,21,low_response,regional_shift,box,3000,0.05,5.0,true,ctmle,estimated,xgboost,xgboost,targeting,1.0,0.0|0.25|0.5|1.0,-1.0,1.0,obsval,4.0,0.1,0,0.1,legacy,4.0,4,50,1,16.909753583022393,-0.16292888852895093,-0.1381068111503716,-0.16292888852895093,0.024822077378579332,0.0006513534388066788,-0.00044384986200804964,0.0,0.05,0.5,nan,nan,nan,nan,nan,nan,nan,0.10133333333333333,0.10133333333333333,1.0,1.0,14,14,0.046052631578947366,0.046052631578947366,-0.02187009060369658,-0.0205021452472091,0.0013679453564874808,-0.02187009060369658,-0.0205021452472091,0.0013679453564874808,1.9987555593577204,1.8559937824209913,1.9987555593577204,1.8559937824209913
s5_chunk21_rep02,21,low_response,regional_shift,box,3000,0.05,5.0,true,ctmle,estimated,xgboost,xgboost,targeting,1.0,0.0|0.25|0.5|1.0,-1.0,1.0,obsval,4.0,0.1,0,0.1,legacy,4.0,4,50,2,34.02163930202369,-0.17106611853254505,-0.08981357881220609,-0.10676571836626139,0.08125253972033897,0.0006887021962303039,5.8733119612026496e-05,0.7913648039507142,0.05,1.0,nan,nan,nan,nan,nan,nan,nan,0.10933333333333334,0.10933333333333334,1.0,1.0,17,17,0.051829268292682924,0.051829268292682924,-0.029495299381092337,-0.025470120134346134,0.004025179246746204,-0.029495299381092337,-0.025470120134346134,0.004025179246746204,2.213786905449073,1.8707273885235811,2.213786905449073,1.8707273885235811
s5_chunk21_rep03,21,low_response,regional_shift,box,3000,0.05,5.0,true,ctmle,estimated,xgboost,xgboost,targeting,1.0,0.0|0.25|0.5|1.0,-1.0,1.0,obsval,4.0,0.1,0,0.1,legacy,4.0,4,50,3,51.14373156402144,-0.14179993687345194,-0.1362848170682266,-0.14179993687345194,0.005515119805225344,0.0009200060069942404,-0.0007559641629357925,0.0,0.5,1.0,nan,nan,nan,nan,nan,nan,nan,0.107,0.107,1.0,1.0,11,11,0.03426791277258567,0.03426791277258567,-0.1636505533198469,-0.15868683158802668,0.00496372173182022,-0.1636505533198469,-0.15868683158802668,0.00496372173182022,2.4422302288329196,2.400385519886548,2.4422302288329196,2.400385519886548
s5_chunk21_rep04,21,low_response,regional_shift,box,3000,0.05,5.0,true,ctmle,estimated,xgboost,xgboost,targeting,1.0,0.0|0.25|0.5|1.0,-1.0,1.0,obsval,4.0,0.1,0,0.1,legacy,4.0,4,50,4,68.24359028201434,-0.13909689641992307,-0.13261380159909975,-0.13909689641992307,0.006483094820823321,0.0006268348040431417,-0.00020879668567626384,0.0,0.5,1.0,nan,nan,nan,nan,nan,nan,nan,0.097,0.097,1.0,1.0,17,17,0.058419243986254296,0.058419243986254296,-0.1208460996294336,-0.11500521826600182,0.005840881363431777,-0.1208460996294336,-0.11500521826600182,0.005840881363431777,2.3435148258183776,2.303046334959097,2.3435148258183776,2.303046334959097
s5_chunk22_rep01,22,low_response,regional_shift,box,3000,0.05,5.0,true,ctmle,estimated,xgboost,xgboost,targeting,1.0,0.0|0.25|0.5|1.0,-1.0,1.0,obsval,4.0,0.1,0,0.1,legacy,4.0,4,50,1,17.008432517002802,-0.022356638573114318,-0.008575630459937256,-0.022356638573114318,0.013781008113177062,0.0005225248981042489,-0.0002588351544312757,0.0,0.05,0.25,nan,nan,nan,nan,nan,nan,nan,0.09433333333333334,0.09433333333333334,1.0,1.0,16,16,0.05653710247349823,0.05653710247349823,-0.016567166748919653,-0.0158962166035825,0.000670950145337152,-0.016567166748919653,-0.0158962166035825,0.000670950145337152,1.6408482255965873,1.5991338601986402,1.6408482255965873,1.5991338601986402
s5_chunk22_rep02,22,low_response,regional_shift,box,3000,0.05,5.0,true,ctmle,estimated,xgboost,xgboost,targeting,1.0,0.0|0.25|0.5|1.0,-1.0,1.0,obsval,4.0,0.1,0,0.1,legacy,4.0,4,50,2,33.95932034202269,-0.0996378423081925,-0.07666910131720439,-0.0996378423081925,0.022968740990988112,0.000521830371154869,0.00019287594794933438,0.0,0.05,0.5,nan,nan,nan,nan,nan,nan,nan,0.09866666666666667,0.09866666666666667,1.0,1.0,19,19,0.06418918918918919,0.06418918918918919,-0.01765511027599057,-0.016004614235097612,0.001650496040892957,-0.01765511027599057,-0.016004614235097612,0.001650496040892957,1.585612201860057,1.4493783554002877,1.585612201860057,1.4493783554002877
s5_chunk22_rep03,22,low_response,regional_shift,box,3000,0.05,5.0,true,ctmle,estimated,xgboost,xgboost,targeting,1.0,0.0|0.25|0.5|1.0,-1.0,1.0,obsval,4.0,0.1,0,0.1,legacy,4.0,4,50,3,50.914970167999854,-0.09933356700029539,-0.09531960266445683,-0.09933356700029539,0.00401396433583856,0.0005290912566780527,-0.00027081699047727973,0.0,0.5,1.0,nan,nan,nan,nan,nan,nan,nan,0.10133333333333333,0.10133333333333333,1.0,1.0,19,19,0.0625,0.0625,-0.07627840617038871,-0.07266390201989632,0.003614504150492387,-0.07627840617038871,-0.07266390201989632,0.003614504150492387,1.402307199414876,1.3772085324462575,1.402307199414876,1.3772085324462575
s5_chunk22_rep04,22,low_response,regional_shift,box,3000,0.05,5.0,true,ctmle,estimated,xgboost,xgboost,targeting,1.0,0.0|0.25|0.5|1.0,-1.0,1.0,obsval,4.0,0.1,0,0.1,legacy,4.0,4,50,4,68.02841092000017,-0.08605092398832648,-0.06604475617126504,-0.08605092398832648,0.020006167817061438,0.001150413243667026,-0.0004661095677701041,0.0,0.05,0.25,nan,nan,nan,nan,nan,nan,nan,0.10166666666666667,0.10166666666666667,1.0,1.0,14,14,0.04590163934426229,0.04590163934426229,-0.01779063817366127,-0.016980862017961115,0.0008097761557001558,-0.01779063817366127,-0.016980862017961115,0.0008097761557001558,1.7029963358405207,1.6443803475424756,1.7029963358405207,1.6443803475424756
s5_chunk23_rep01,23,low_response,regional_shift,box,3000,0.05,5.0,true,ctmle,estimated,xgboost,xgboost,targeting,1.0,0.0|0.25|0.5|1.0,-1.0,1.0,obsval,4.0,0.1,0,0.1,legacy,4.0,4,50,1,16.865294285991695,-0.1275173984349982,-0.1275173984349982,-0.1275173984349982,0.0,0.00034899775778370664,0.00011519457582085313,0.0,0.05,0.0,nan,nan,nan,nan,nan,nan,nan,0.104,0.104,1.0,1.0,14,14,0.04487179487179487,0.04487179487179487,-0.031546575115449886,-0.031546575115449886,0.0,-0.031546575115449886,-0.031546575115449886,0.0,2.122413687065223,2.122413687065223,2.122413687065223,2.122413687065223
s5_chunk23_rep02,23,low_response,regional_shift,box,3000,0.05,5.0,true,ctmle,estimated,xgboost,xgboost,targeting,1.0,0.0|0.25|0.5|1.0,-1.0,1.0,obsval,4.0,0.1,0,0.1,legacy,4.0,4,50,2,33.82536303298548,-0.24687162473453794,-0.24687162473453794,-0.24687162473453794,0.0,0.0010561407792582436,-9.335946251538005e-05,0.0,0.05,0.0,nan,nan,nan,nan,nan,nan,nan,0.09133333333333334,0.09133333333333334,1.0,1.0,7,7,0.025547445255474453,0.025547445255474453,-0.024024583515287478,-0.024024583515287478,0.0,-0.024024583515287478,-0.024024583515287478,0.0,3.257985631065738,3.257985631065738,3.257985631065738,3.257985631065738
s5_chunk23_rep03,23,low_response,regional_shift,box,3000,0.05,5.0,true,ctmle,estimated,xgboost,xgboost,targeting,1.0,0.0|0.25|0.5|1.0,-1.0,1.0,obsval,4.0,0.1,0,0.1,legacy,4.0,4,50,3,51.0025319189881,-0.0735510513519877,-0.0640306794464437,-0.0735510513519877,0.009520371905544,0.0007216057119150254,-0.0003027042247355956,0.0,0.5,1.0,nan,nan,nan,nan,nan,nan,nan,0.10033333333333333,0.10033333333333333,1.0,1.0,15,15,0.04983388704318937,0.04983388704318937,-0.07585374459534093,-0.06728329476855116,0.00857044982678977,-0.07585374459534093,-0.06728329476855116,0.00857044982678977,1.3715509007972657,1.316419271135939,1.3715509007972657,1.316419271135939
s5_chunk23_rep04,23,low_response,regional_shift,box,3000,0.05,5.0,true,ctmle,estimated,xgboost,xgboost,targeting,1.0,0.0|0.25|0.5|1.0,-1.0,1.0,obsval,4.0,0.1,0,0.1,legacy,4.0,4,50,4,68.1644872080069,-0.13457496929405866,-0.13457496929405866,-0.13457496929405866,0.0,0.0004738817590144882,-0.00031042845153022615,0.0,0.05,0.0,nan,nan,nan,nan,nan,nan,nan,0.10033333333333333,0.10033333333333333,1.0,1.0,21,21,0.06976744186046512,0.06976744186046512,-0.017154180448879074,-0.017154180448879074,0.0,-0.017154180448879074,-0.017154180448879074,0.0,1.5561649589795252,1.5561649589795252,1.5561649589795252,1.5561649589795252
s5_chunk00_rep01,0,high_response_placebo,regional_shift,box,3000,0.05,5.0,wrong,ctmle,estimated,xgboost,xgboost,targeting,1.0,0.0|0.25|0.5|1.0,-1.0,1.0,obsval,4.0,0.1,0,0.1,legacy,4.0,4,50,1,17.17716019100044,-0.06639931139112132,-0.06639931139112132,-0.06639931139112132,0.0,3.521565610647981e-08,-8.154090820086494e-07,0.0,0.05,0.0,nan,nan,nan,nan,nan,nan,nan,0.14733333333333334,0.093,0.0,0.0,348,22,0.7873303167420814,0.07885304659498207,0.004835713229384348,0.004835713229384348,0.0,-0.016361735700088663,-0.016361735700088663,0.0,0.5198388239801108,0.5198388239801108,1.4535414755626146,1.4535414755626146
s5_chunk00_rep02,0,high_response_placebo,regional_shift,box,3000,0.05,5.0,wrong,ctmle,estimated,xgboost,xgboost,targeting,1.0,0.0|0.25|0.5|1.0,-1.0,1.0,obsval,4.0,0.1,0,0.1,legacy,4.0,4,50,2,34.24289782598498,-0.14057216813239348,-0.14057216813239348,-0.14057216813239348,0.0,1.564641617483875e-08,-9.863630232205545e-08,0.0,0.5,0.0,nan,nan,nan,nan,nan,nan,nan,0.14833333333333334,0.09333333333333334,0.0,0.0,361,10,0.8112359550561797,0.03571428571428571,-0.0006296657921837168,-0.0006296657921837168,0.0,-0.09664815436660235,-0.09664815436660235,0.0,0.5366329000114411,0.5366329000114411,2.0395296941951075,2.0395296941951075
s5_chunk00_rep03,0,high_response_placebo,regional_shift,box,3000,0.05,5.0,wrong,ctmle,estimated,xgboost,xgboost,targeting,1.0,0.0|0.25|0.5|1.0,-1.0,1.0,obsval,4.0,0.1,0,0.1,legacy,4.0,4,50,3,51.353767535998486,-0.13022074016762564,-0.13022074016762564,-0.13022074016762564,0.0,9.404871829238326e-09,-4.080305910515291e-07,0.0,0.5,0.0,nan,nan,nan,nan,nan,nan,nan,0.14833333333333334,0.098,0.0,0.0,365,16,0.8202247191011236,0.05442176870748299,0.00012954268227491654,0.00012954268227491654,0.0,-0.12947425935956897,-0.12947425935956897,0.0,0.516662306891775,0.516662306891775,1.997356921968955,1.997356921968955
s5_chunk00_rep04,0,high_response_placebo,regional_shift,box,3000,0.05,5.0,wrong,ctmle,estimated,xgboost,xgboost,targeting,1.0,0.0|0.25|0.5|1.0,-1.0,1.0,obsval,4.0,0.1,0,0.1,legacy,4.0,4,50,4,68.31439049198525,-0.16339886856335883,-0.16339886856335883,-0.16339886856335883,0.0,4.724316595393352e-08,-1.8053972987465416e-06,0.0,0.5,0.0,nan,nan,nan,nan,nan,nan,nan,0.149,0.09766666666666667,0.0,0.0,363,8,0.8120805369127517,0.027303754266211604,-0.0008977242291396635,-0.0008977242291396635,0.0,-0.11989877958232993,-0.11989877958232993,0.0,0.5426109999851361,0.5426109999851361,1.8681127085824685,1.8681127085824685
s5_chunk01_rep01,1,high_response_placebo,regional_shift,box,3000,0.05,5.0,wrong,ctmle,estimated,xgboost,xgboost,targeting,1.0,0.0|0.25|0.5|1.0,-1.0,1.0,obsval,4.0,0.1,0,0.1,legacy,4.0,4,50,1,16.984886281978106,-0.1330423012517179,-0.1330423012517179,-0.1330423012517179,0.0,1.0161045251727563e-08,1.0974580125127156e-06,0.0,0.5,0.0,nan,nan,nan,nan,nan,nan,nan,0.15033333333333335,0.10833333333333334,0.0,0.0,368,15,0.8159645232815964,0.046153846153846156,-0.0005381890576369374,-0.0005381890576369374,0.0,-0.11411951419810419,-0.11411951419810419,0.0,0.5456986767910977,0.5456986767910977,1.7054575266189544,1.7054575266189544
s5_chunk01_rep02,1,high_response_placebo,regional_shift,box,3000,0.05,5.0,wrong,ctmle,estimated,xgboost,xgboost,targeting,1.0,0.0|0.25|0.5|1.0,-1.0,1.0,obsval,4.0,0.1,0,0.1,legacy,4.0,4,50,2,34.07310422498267,-0.13091703976198754,-0.1307408254536263,-0.1308192160733073,0.0001762143083612333,6.906774414547345e-09,-9.760651233439721e-09,0.5551404400129922,0.05,1.0,nan,nan,nan,nan,nan,nan,nan,0.148,0.10433333333333333,0.0,0.0,355,18,0.7995495495495496,0.05750798722044728,0.003288054093148468,0.0021209913276895947,0.0011670627654588733,-0.01358984918525673,-0.01358984918525673,0.0,0.5317177054218888,0.5310493044400089,1.7780178081898785,1.7780178081898785
s5_chunk01_rep03,1,high_response_placebo,regional_shift,box,3000,0.05,5.0,wrong,ctmle,estimated,xgboost,xgboost,targeting,1.0,0.0|0.25|0.5|1.0,-1.0,1.0,obsval,4.0,0.1,0,0.1,legacy,4.0,4,50,3,51.165353269985644,-0.1659418007301462,-0.1659418007301462,-0.1659418007301462,0.0,3.228357329208842e-08,-9.955991953991897e-08,0.0,0.05,0.0,nan,nan,nan,nan,nan,nan,nan,0.158,0.10666666666666667,0.0,0.0,388,18,0.8185654008438819,0.05625,-0.004223886942745117,-0.004223886942745117,0.0,-0.02651294035941328,-0.02651294035941328,0.0,0.5412285431349125,0.5412285431349125,2.260403989444545,2.260403989444545
s5_chunk01_rep04,1,high_response_placebo,regional_shift,box,3000,0.05,5.0,wrong,ctmle,estimated,xgboost,xgboost,targeting,1.0,0.0|0.25|0.5|1.0,-1.0,1.0,obsval,4.0,0.1,0,0.1,legacy,4.0,4,50,4,68.36542739797733,-0.15392457308789864,-0.15392457308789864,-0.15392457308789864,0.0,1.1570558474012504e-08,-1.928606103897973e-07,0.0,0.5,0.0,nan,nan,nan,nan,nan,nan,nan,0.15266666666666667,0.096,0.0,0.0,362,17,0.7903930131004366,0.059027777777777776,0.000508092197298645,0.000508092197298645,0.0,-0.13836431724179613,-0.13836431724179613,0.0,0.5301655269755434,0.5301655269755434,2.336049379668699,2.336049379668699
s5_chunk02_rep01,2,high_response_placebo,regional_shift,box,3000,0.05,5.0,wrong,ctmle,estimated,xgboost,xgboost,targeting,1.0,0.0|0.25|0.5|1.0,-1.0,1.0,obsval,4.0,0.1,0,0.1,legacy,4.0,4,50,1,16.815102738008136,-0.2202551908495134,-0.2202551908495134,-0.2202551908495134,0.0,1.156073321881973e-07,-1.1950014016269203e-06,0.0,0.1,0.0,nan,nan,nan,nan,nan,nan,nan,0.15233333333333332,0.09266666666666666,0.0,0.0,366,10,0.8008752735229759,0.03597122302158273,-0.0019129619242780297,-0.0019129619242780297,0.0,-0.11836370768541353,-0.11836370768541353,0.0,0.5317374786902339,0.5317374786902339,3.493027747586736,3.493027747586736
s5_chunk02_rep02,2,high_response_placebo,regional_shift,box,3000,0.05,5.0,wrong,ctmle,estimated,xgboost,xgboost,targeting,1.0,0.0|0.25|0.5|1.0,-1.0,1.0,obsval,4.0,0.1,0,0.1,legacy,4.0,4,50,2,33.75494573201286,-0.10455692912101289,-0.10455692912101289,-0.10455692912101289,0.0,4.4715001566025814e-08,6.942374981529567e-07,0.0,0.05,0.0,nan,nan,nan,nan,nan,nan,nan,0.14,0.09,0.0,0.0,348,12,0.8285714285714286,0.044444444444444446,0.001373531302259316,0.001373531302259316,0.0,-0.025105282193275173,-0.025105282193275173,0.0,0.5506884026441222,0.5506884026441222,2.051922585995314,2.051922585995314
s5_chunk02_rep03,2,high_response_placebo,regional_shift,box,3000,0.05,5.0,wrong,ctmle,estimated,xgboost,xgboost,targeting,1.0,0.0|0.25|0.5|1.0,-1.0,1.0,obsval,4.0,0.1,0,0.1,legacy,4.0,4,50,3,50.90262751001865,-0.038495026069107596,-0.038495026069107596,-0.038495026069107596,0.0,2.0255988848055795e-08,1.2504157628533477e-06,0.0,0.25,0.0,nan,nan,nan,nan,nan,nan,nan,0.15033333333333335,0.108,0.0,0.0,368,10,0.8159645232815964,0.030864197530864196,0.0002904978517245995,0.0002904978517245995,0.0,-0.04320120950834943,-0.04320120950834943,0.0,0.4915528346560085,0.4915528346560085,1.6435207921527228,1.6435207921527228
s5_chunk02_rep04,2,high_response_placebo,regional_shift,box,3000,0.05,5.0,wrong,ctmle,estimated,xgboost,xgboost,targeting,1.0,0.0|0.25|0.5|1.0,-1.0,1.0,obsval,4.0,0.1,0,0.1,legacy,4.0,4,50,4,68.29446775701945,-0.053603059642901796,-0.053603059642901796,-0.053603059642901796,0.0,2.7054253985518695e-08,1.7493082452167859e-06,0.0,0.5,0.0,nan,nan,nan,nan,nan,nan,nan,0.149,0.098,0.0,0.0,363,22,0.8120805369127517,0.07482993197278912,-1.5097789265866505e-05,-1.5097789265866505e-05,0.0,-0.030390240807822124,-0.030390240807822124,0.0,0.5274081628815235,0.5274081628815235,0.9905645764350892,0.9905645764350892
s5_chunk03_rep01,3,high_response_placebo,regional_shift,box,3000,0.05,5.0,wrong,ctmle,estimated,xgboost,xgboost,targeting,1.0,0.0|0.25|0.5|1.0,-1.0,1.0,obsval,4.0,0.1,0,0.1,legacy,4.0,4,50,1,16.962493748986162,-0.13400890638617957,-0.13400890638617957,-0.13400890638617957,0.0,1.0823469031185501e-07,-4.029229875138901e-06,0.0,0.5,0.0,nan,nan,nan,nan,nan,nan,nan,0.14566666666666667,0.08633333333333333,0.0,0.0,342,14,0.782608695652174,0.05405405405405406,0.00018696002908210116,0.00018696002908210116,0.0,-0.10358570892155664,-0.10358570892155664,0.0,0.5357131872007173,0.5357131872007173,2.1814983679342603,2.1814983679342603
s5_chunk03_rep02,3,high_response_placebo,regional_shift,box,3000,0.05,5.0,wrong,ctmle,estimated,xgboost,xgboost,targeting,1.0,0.0|0.25|0.5|1.0,-1.0,1.0,obsval,4.0,0.1,0,0.1,legacy,4.0,4,50,2,34.21131503698416,-0.12198679531962142,-0.12198679531962142,-0.12198679531962142,0.0,1.3065622281142886e-08,-7.869048493070428e-07,0.0,0.05,0.0,nan,nan,nan,nan,nan,nan,nan,0.151,0.104,0.0,0.0,370,16,0.8167770419426048,0.05128205128205128,0.002432743701312363,0.002432743701312363,0.0,-0.02263926303743197,-0.02263926303743197,0.0,0.5339752670539953,0.5339752670539953,2.3513992738965936,2.3513992738965936
s5_chunk03_rep03,3,high_response_placebo,regional_shift,box,3000,0.05,5.0,wrong,ctmle,estimated,xgboost,xgboost,targeting,1.0,0.0|0.25|0.5|1.0,-1.0,1.0,obsval,4.0,0.1,0,0.1,legacy,4.0,4,50,3,51.31034926598659,-0.09197118448315333,-0.09197118448315333,-0.09197118448315333,0.0,1.932973147690531e-08,3.595488956001022e-08,0.0,0.05,0.0,nan,nan,nan,nan,nan,nan,nan,0.14866666666666667,0.095,0.0,0.0,347,18,0.7780269058295964,0.06315789473684211,0.001185683404773057,0.001185683404773057,0.0,-0.023255862219096868,-0.023255862219096868,0.0,0.5735660236703272,0.5735660236703272,2.096680881026068,2.096680881026068
s5_chunk03_rep04,3,high_response_placebo,regional_shift,box,3000,0.05,5.0,wrong,ctmle,estimated,xgboost,xgboost,targeting,1.0,0.0|0.25|0.5|1.0,-1.0,1.0,obsval,4.0,0.1,0,0.1,legacy,4.0,4,50,4,68.49519626799156,-0.12829513520875147,-0.12828279099335982,-0.12829513520875147,1.234421539164643e-05,1.2327400419898105e-07,-1.5020407450531785e-06,0.0,0.05,1.0,nan,nan,nan,nan,nan,nan,nan,0.14733333333333334,0.09833333333333333,0.0,0.0,363,11,0.8212669683257918,0.03728813559322034,0.00038641467502302886,0.00047732074834950833,-9.090607332647946e-05,-0.01784941553162476,-0.01784941553162476,0.0,0.5482426481196131,0.5478216229961335,2.1191756740649708,2.1191756740649708
s5_chunk04_rep01,4,high_response_placebo,regional_shift,box,3000,0.05,5.0,wrong,ctmle,estimated,xgboost,xgboost,targeting,1.0,0.0|0.25|0.5|1.0,-1.0,1.0,obsval,4.0,0.1,0,0.1,legacy,4.0,4,50,1,16.991919823980425,-0.1127613775267291,-0.1127613775267291,-0.1127613775267291,0.0,1.1862639690864152e-08,-2.6650962337611966e-07,0.0,0.05,0.0,nan,nan,nan,nan,nan,nan,nan,0.15366666666666667,0.09933333333333333,0.0,0.0,365,15,0.7917570498915402,0.050335570469798654,0.0015083020657888128,0.0015083020657888128,0.0,-0.02893212643628396,-0.02893212643628396,0.0,0.5244885581427593,0.5244885581427593,2.0683749290953464,2.0683749290953464
s5_chunk04_rep02,4,high_response_placebo,regional_shift,box,3000,0.05,5.0,wrong,ctmle,estimated,xgboost,xgboost,targeting,1.0,0.0|0.25|0.5|1.0,-1.0,1.0,obsval,4.0,0.1,0,0.1,legacy,4.0,4,50,2,34.18071066797711,-0.11901053053572919,-0.11901053053572919,-0.11901053053572919,0.0,3.392480037080897e-08,2.865922317371247e-07,0.0,0.5,0.0,nan,nan,nan,nan,nan,nan,nan,0.15666666666666668,0.10166666666666667,0.0,0.0,385,17,0.8191489361702128,0.05573770491803279,0.001737010776772113,0.001737010776772113,0.0,-0.10558362008503411,-0.10558362008503411,0.0,0.5172857850140418,0.5172857850140418,1.959153089593051,1.959153089593051
s5_chunk04_rep03,4,high_response_placebo,regional_shift,box,3000,0.05,5.0,wrong,ctmle,estimated,xgboost,xgboost,targeting,1.0,0.0|0.25|0.5|1.0,-1.0,1.0,obsval,4.0,0.1,0,0.1,legacy,4.0,4,50,3,51.38589735599817,-0.08325184442374667,-0.08325184442374667,-0.08325184442374667,0.0,3.93851543887061e-08,-8.488970498956444e-07,0.0,0.5,0.0,nan,nan,nan,nan,nan,nan,nan,0.144,0.098,0.0,0.0,365,19,0.8449074074074074,0.06462585034013606,0.00029245989807208074,0.00029245989807208074,0.0,-0.0675980719194094,-0.0675980719194094,0.0,0.5719794870745835,0.5719794870745835,1.4972798926489213,1.4972798926489213
s5_chunk04_rep04,4,high_response_placebo,regional_shift,box,3000,0.05,5.0,wrong,ctmle,estimated,xgboost,xgboost,targeting,1.0,0.0|0.25|0.5|1.0,-1.0,1.0,obsval,4.0,0.1,0,0.1,legacy,4.0,4,50,4,68.47095026599709,-0.17199944607820516,-0.17199944607820516,-0.17199944607820516,0.0,1.2713371149233876e-08,6.927995227857045e-07,0.0,0.05,0.0,nan,nan,nan,nan,nan,nan,nan,0.143,0.093,0.0,0.0,353,11,0.8228438228438228,0.03942652329749104,0.000755649596036221,0.000755649596036221,0.0,-0.022720460328336273,-0.022720460328336273,0.0,0.519615494392094,0.519615494392094,2.567542275319017,2.567542275319017
s5_chunk05_rep01,5,high_response_placebo,regional_shift,box,3000,0.05,5.0,wrong,ctmle,estimated,xgboost,xgboost,targeting,1.0,0.0|0.25|0.5|1.0,-1.0,1.0,obsval,4.0,0.1,0,0.1,legacy,4.0,4,50,1,17.115921699994942,-0.08238188082493225,-0.08238188082493225,-0.08238188082493225,0.0,2.2468520235758432e-08,1.621719933427154e-06,0.0,0.05,0.0,nan,nan,nan,nan,nan,nan,nan,0.15233333333333332,0.099,0.0,0.0,378,17,0.8271334792122538,0.05723905723905724,-0.0026908477491596875,-0.0026908477491596875,0.0,-0.024224796839866863,-0.024224796839866863,0.0,0.5568031682492932,0.5568031682492932,1.9460882609071524,1.9460882609071524
s5_chunk05_rep02,5,high_response_placebo,regional_shift,box,3000,0.05,5.0,wrong,ctmle,estimated,xgboost,xgboost,targeting,1.0,0.0|0.25|0.5|1.0,-1.0,1.0,obsval,4.0,0.1,0,0.1,legacy,4.0,4,50,2,33.86104765499476,-0.16729683741767665,-0.16729683741767665,-0.16729683741767665,0.0,5.537990800056486e-08,-1.198366755299305e-06,0.0,0.05,0.0,nan,nan,nan,nan,nan,nan,nan,0.155,0.10933333333333334,0.0,0.0,376,8,0.8086021505376344,0.024390243902439025,-0.0001511917549335869,-0.0001511917549335869,0.0,-0.01866841411582469,-0.01866841411582469,0.0,0.5811447583880343,0.5811447583880343,2.341332654824983,2.341332654824983
s5_chunk05_rep03,5,high_response_placebo,regional_shift,box,3000,0.05,5.0,wrong,ctmle,estimated,xgboost,xgboost,targeting,1.0,0.0|0.25|0.5|1.0,-1.0,1.0,obsval,4.0,0.1,0,0.1,legacy,4.0,4,50,3,50.92186558898538,-0.03332519943270407,-0.03332519943270407,-0.03332519943270407,0.0,1.7785624084609708e-08,1.3439765944762982e-07,0.0,0.05,0.0,nan,nan,nan,nan,nan,nan,nan,0.14366666666666666,0.096,0.0,0.0,354,17,0.8213457076566125,0.059027777777777776,0.0006337652486835629,0.0006337652486835629,0.0,-0.0231924861411932,-0.0231924861411932,0.0,0.5208277345059503,0.5208277345059503,1.5747620011660548,1.5747620011660548
s5_chunk05_rep04,5,high_response_placebo,regional_shift,box,3000,0.05,5.0,wrong,ctmle,estimated,xgboost,xgboost,targeting,1.0,0.0|0.25|0.5|1.0,-1.0,1.0,obsval,4.0,0.1,0,0.1,legacy,4.0,4,50,4,67.99161497800378,-0.14638669847050945,-0.14638669847050945,-0.14638669847050945,0.0,4.5681000487504675e-08,-2.0581956361748893e-06,0.0,0.5,0.0,nan,nan,nan,nan,nan,nan,nan,0.14733333333333334,0.09766666666666667,0.0,0.0,360,15,0.8144796380090498,0.051194539249146756,5.092085396685272e-05,5.092085396685272e-05,0.0,-0.1051532283640251,-0.1051532283640251,0.0,0.5219220194197216,0.5219220194197216,2.0016345713651105,2.0016345713651105
s5_chunk06_rep01,6,high_response_placebo,regional_shift,box,3000,0.05,5.0,wrong,ctmle,estimated,xgboost,xgboost,targeting,1.0,0.0|0.25|0.5|1.0,-1.0,1.0,obsval,4.0,0.1,0,0.1,legacy,4.0,4,50,1,17.021621285995934,-0.05455835231968975,-0.05455835231968975,-0.05455835231968975,0.0,5.480603243891019e-08,1.2990184713283781e-06,0.0,0.5,0.0,nan,nan,nan,nan,nan,nan,nan,0.15233333333333332,0.09633333333333334,0.0,0.0,366,16,0.8008752735229759,0.05536332179930796,-0.0005059312893147792,-0.0005059312893147792,0.0,-0.06629809288948621,-0.06629809288948621,0.0,0.5705347524740569,0.5705347524740569,1.5179318425512727,1.5179318425512727
s5_chunk06_rep02,6,high_response_placebo,regional_shift,box,3000,0.05,5.0,wrong,ctmle,estimated,xgboost,xgboost,targeting,1.0,0.0|0.25|0.5|1.0,-1.0,1.0,obsval,4.0,0.1,0,0.1,legacy,4.0,4,50,2,33.7695801310183,-0.09814205256887754,-0.09814205256887754,-0.09814205256887754,0.0,2.5676689429168786e-08,-6.20256901170263e-07,0.0,0.05,0.0,nan,nan,nan,nan,nan,nan,nan,0.15066666666666667,0.09966666666666667,0.0,0.0,367,12,0.8119469026548672,0.04013377926421405,0.003299339628866363,0.003299339628866363,0.0,-0.03418125634644566,-0.03418125634644566,0.0,0.5265859826076996,0.5265859826076996,2.0644466586624017,2.0644466586624017
s5_chunk06_rep03,6,high_response_placebo,regional_shift,box,3000,0.05,5.0,wrong,ctmle,estimated,xgboost,xgboost,targeting,1.0,0.0|0.25|0.5|1.0,-1.0,1.0,obsval,4.0,0.1,0,0.1,legacy,4.0,4,50,3,50.70514919300331,-0.13203784091003234,-0.13203784091003234,-0.13203784091003234,0.0,2.2562565358576203e-08,4.1413863115929983e-07,0.0,0.05,0.0,nan,nan,nan,nan,nan,nan,nan,0.14866666666666667,0.096,0.0,0.0,363,11,0.8139013452914798,0.03819444444444445,-0.00016964415692799614,-0.00016964415692799614,0.0,-0.0150100720128217,-0.0150100720128217,0.0,0.5423113608805022,0.5423113608805022,2.5238066810241855,2.5238066810241855
s5_chunk06_rep04,6,high_response_placebo,regional_shift,box,3000,0.05,5.0,wrong,ctmle,estimated,xgboost,xgboost,targeting,1.0,0.0|0.25|0.5|1.0,-1.0,1.0,obsval,4.0,0.1,0,0.1,legacy,4.0,4,50,4,67.5791241020197,-0.08909208407938152,-0.08867844522487212,-0.08879373343924375,0.00041363885450940163,2.3843842465558207e-08,1.7782848795548645e-06,0.7212829183845153,0.05,1.0,nan,nan,nan,nan,nan,nan,nan,0.156,0.099,0.0,0.0,393,16,0.8397435897435898,0.05387205387205387,0.0003691243912124627,0.00030670145964595323,6.242293156650944e-05,-0.023502824727647365,-0.023502824727647365,0.0,0.5257016309921602,0.5252674455956668,1.7463651368123423,1.7463651368123423
s5_chunk07_rep01,7,high_response_placebo,regional_shift,box,3000,0.05,5.0,wrong,ctmle,estimated,xgboost,xgboost,targeting,1.0,0.0|0.25|0.5|1.0,-1.0,1.0,obsval,4.0,0.1,0,0.1,legacy,4.0,4,50,1,16.970454071997665,-0.15915938154190157,-0.15915938154190157,-0.15915938154190157,0.0,1.6883102416966056e-08,-1.9713935487616387e-06,0.0,0.5,0.0,nan,nan,nan,nan,nan,nan,nan,0.15433333333333332,0.10166666666666667,0.0,0.0,367,19,0.7926565874730022,0.06229508196721312,-0.0021489551730071886,-0.0021489551730071886,0.0,-0.14238608011739778,-0.14238608011739778,0.0,0.5756721210550239,0.5756721210550239,2.223390202223517,2.223390202223517
s5_chunk07_rep02,7,high_response_placebo,regional_shift,box,3000,0.05,5.0,wrong,ctmle,estimated,xgboost,xgboost,targeting,1.0,0.0|0.25|0.5|1.0,-1.0,1.0,obsval,4.0,0.1,0,0.1,legacy,4.0,4,50,2,34.14935329699074,-0.15614156122874678,-0.15614156122874678,-0.15614156122874678,0.0,8.797581212138805e-08,5.84963926299328e-06,0.0,0.05,0.0,nan,nan,nan,nan,nan,nan,nan,0.14666666666666667,0.10266666666666667,0.0,0.0,350,13,0.7954545454545454,0.04220779220779221,-0.0035397822487954443,-0.0035397822487954443,0.0,-0.014105668560209233,-0.014105668560209233,0.0,0.5597278064085688,0.5597278064085688,2.307426819189178,2.307426819189178
s5_chunk07_rep03,7,high_response_placebo,regional_shift,box,3000,0.05,5.0,wrong,ctmle,estimated,xgboost,xgboost,targeting,1.0,0.0|0.25|0.5|1.0,-1.0,1.0,obsval,4.0,0.1,0,0.1,legacy,4.0,4,50,3,51.21441094198963,-0.1344988197149608,-0.1344988197149608,-0.1344988197149608,0.0,1.203216037958324e-07,-2.8831382450321408e-06,0.0,0.05,0.0,nan,nan,nan,nan,nan,nan,nan,0.14666666666666667,0.10366666666666667,0.0,0.0,361,15,0.8204545454545454,0.04823151125401929,0.00023562008086393623,0.00023562008086393623,0.0,-0.021405157917020336,-0.021405157917020336,0.0,0.5308858981650829,0.5308858981650829,2.143896923277495,2.143896923277495
s5_chunk07_rep04,7,high_response_placebo,regional_shift,box,3000,0.05,5.0,wrong,ctmle,estimated,xgboost,xgboost,targeting,1.0,0.0|0.25|0.5|1.0,-1.0,1.0,obsval,4.0,0.1,0,0.1,legacy,4.0,4,50,4,68.67057748799562,-0.07326694226953567,-0.07326694226953567,-0.07326694226953567,0.0,8.339217550702716e-08,-2.4362466510712867e-06,0.0,0.05,0.0,nan,nan,nan,nan,nan,nan,nan,0.14733333333333334,0.10133333333333333,0.0,0.0,364,20,0.8235294117647058,0.06578947368421052,0.00040626244515109004,0.00040626244515109004,0.0,-0.023386525667577,-0.023386525667577,0.0,0.546423248877102,0.546423248877102,1.3484495316874507,1.3484495316874507
s5_chunk08_rep01,8,high_response_placebo,regional_shift,box,3000,0.05,5.0,wrong,ctmle,estimated,xgboost,xgboost,targeting,1.0,0.0|0.25|0.5|1.0,-1.0,1.0,obsval,4.0,0.1,0,0.1,legacy,4.0,4,50,1,17.17179192500771,-0.15633377904126322,-0.15636322752569254,-0.15633377904126322,-2.9448484429317467e-05,2.7661304338212622e-08,5.674613730208798e-07,0.0,0.05,1.0,nan,nan,nan,nan,nan,nan,nan,0.153,0.10233333333333333,0.0,0.0,369,18,0.803921568627451,0.05863192182410423,-0.00048587177450800566,-0.0006104772374156425,-0.00012460546290763683,-0.01828625611046612,-0.01828625611046612,0.0,0.5259207785197307,0.5257453828189581,1.3855890857421973,1.3855890857421973
s5_chunk08_rep02,8,high_response_placebo,regional_shift,box,3000,0.05,5.0,wrong,ctmle,estimated,xgboost,xgboost,targeting,1.0,0.0|0.25|0.5|1.0,-1.0,1.0,obsval,4.0,0.1,0,0.1,legacy,4.0,4,50,2,34.06874444600544,-0.2480821327273034,-0.24770368262200293,-0.24800224536686424,0.0003784501053004652,5.649555111578164e-08,-2.8386538980292725e-06,0.211090865929916,0.05,1.0,nan,nan,nan,nan,nan,nan,nan,0.15466666666666667,0.109,0.0,0.0,381,11,0.8211206896551724,0.03363914373088685,-0.005488053100568864,-0.005529191980754773,-4.113888018590899e-05,-0.015749348416550926,-0.015749348416550926,0.0,0.5879551790692719,0.5880117321628597,2.9829467985554827,2.9829467985554827
s5_chunk08_rep03,8,high_response_placebo,regional_shift,box,3000,0.05,5.0,wrong,ctmle,estimated,xgboost,xgboost,targeting,1.0,0.0|0.25|0.5|1.0,-1.0,1.0,obsval,4.0,0.1,0,0.1,legacy,4.0,4,50,3,51.0357943130075,-0.08136276263553699,-0.08136276263553699,-0.08136276263553699,0.0,5.6828632984725486e-08,6.186932053613581e-07,0.0,0.05,0.0,nan,nan,nan,nan,nan,nan,nan,0.153,0.09366666666666666,0.0,0.0,365,17,0.7952069716775599,0.060498220640569395,0.006738552824098805,0.006738552824098805,0.0,-0.020997300388041314,-0.020997300388041314,0.0,0.5714846854860213,0.5714846854860213,2.006623377041588,2.006623377041588
s5_chunk08_rep04,8,high_response_placebo,regional_shift,box,3000,0.05,5.0,wrong,ctmle,estimated,xgboost,xgboost,targeting,1.0,0.0|0.25|0.5|1.0,-1.0,1.0,obsval,4.0,0.1,0,0.1,legacy,4.0,4,50,4,68.06921447400237,-0.1610208669651948,-0.1610208669651948,-0.1610208669651948,0.0,4.9446016405461923e-08,-2.256075596242333e-06,0.0,0.05,0.0,nan,nan,nan,nan,nan,nan,nan,0.14533333333333334,0.09466666666666666,0.0,0.0,358,22,0.8211009174311926,0.07746478873239436,-0.00115660274251495,-0.00115660274251495,0.0,-0.03958751774356232,-0.03958751774356232,0.0,0.5254882394685737,0.5254882394685737,2.054330461525356,2.054330461525356
s5_chunk09_rep01,9,high_response_placebo,regional_shift,box,3000,0.05,5.0,wrong,ctmle,estimated,xgboost,xgboost,targeting,1.0,0.0|0.25|0.5|1.0,-1.0,1.0,obsval,4.0,0.1,0,0.1,legacy,4.0,4,50,1,16.85702792997472,-0.11561522575311411,-0.11561522575311411,-0.11561522575311411,0.0,3.066415793853694e-08,-1.7471040977094787e-06,0.0,0.5,0.0,nan,nan,nan,nan,nan,nan,nan,0.15433333333333332,0.1,0.0,0.0,371,8,0.8012958963282938,0.02666666666666667,-0.002209927424008895,-0.002209927424008895,0.0,-0.14054366104721097,-0.14054366104721097,0.0,0.584470130161968,0.584470130161968,2.0738574096448543,2.0738574096448543
s5_chunk09_rep02,9,high_response_placebo,regional_shift,box,3000,0.05,5.0,wrong,ctmle,estimated,xgboost,xgboost,targeting,1.0,0.0|0.25|0.5|1.0,-1.0,1.0,obsval,4.0,0.1,0,0.1,legacy,4.0,4,50,2,34.11335105597391,-0.13777224947417444,-0.13777224947417444,-0.13777224947417444,0.0,6.88014796974834e-08,-1.8907537479642689e-06,0.0,0.5,0.0,nan,nan,nan,nan,nan,nan,nan,0.14833333333333334,0.10266666666666667,0.0,0.0,346,19,0.7775280898876404,0.06168831168831169,0.00019466194292416472,0.00019466194292416472,0.0,-0.1297267402690986,-0.1297267402690986,0.0,0.5073014614161013,0.5073014614161013,2.4012059986770278,2.4012059986770278
s5_chunk09_rep03,9,high_response_placebo,regional_shift,box,3000,0.05,5.0,wrong,ctmle,estimated,xgboost,xgboost,targeting,1.0,0.0|0.25|0.5|1.0,-1.0,1.0,obsval,4.0,0.1,0,0.1,legacy,4.0,4,50,3,51.2022348769824,-0.053266643859315455,-0.053266643859315455,-0.053266643859315455,0.0,5.9208023302746715e-08,-2.4757753293129514e-06,0.0,0.05,0.0,nan,nan,nan,nan,nan,nan,nan,0.14166666666666666,0.08933333333333333,0.0,0.0,337,15,0.7929411764705883,0.055970149253731345,0.0054012348100793165,0.0054012348100793165,0.0,-0.013625904288283808,-0.013625904288283808,0.0,0.5240856375399636,0.5240856375399636,1.4222734989757153,1.4222734989757153
s5_chunk09_rep04,9,high_response_placebo,regional_shift,box,3000,0.05,5.0,wrong,ctmle,estimated,xgboost,xgboost,targeting,1.0,0.0|0.25|0.5|1.0,-1.0,1.0,obsval,4.0,0.1,0,0.1,legacy,4.0,4,50,4,68.37668486498296,-0.11456727648200049,-0.11456727648200049,-0.11456727648200049,0.0,1.727289533886428e-08,8.752027473475643e-07,0.0,0.05,0.0,nan,nan,nan,nan,nan,nan,nan,0.15166666666666667,0.09633333333333334,0.0,0.0,377,15,0.8285714285714286,0.05190311418685121,0.001496382860047636,0.001496382860047636,0.0,-0.019765084368593085,-0.019765084368593085,0.0,0.5539199433763503,0.5539199433763503,2.012325632429132,2.012325632429132
s5_chunk10_rep01,10,high_response_placebo,regional_shift,box,3000,0.05,5.0,wrong,ctmle,estimated,xgboost,xgboost,targeting,1.0,0.0|0.25|0.5|1.0,-1.0,1.0,obsval,4.0,0.1,0,0.1,legacy,4.0,4,50,1,17.094573013979243,-0.103660233231741,-0.103660233231741,-0.103660233231741,0.0,2.960391028757753e-08,1.3132132265021752e-06,0.0,0.5,0.0,nan,nan,nan,nan,nan,nan,nan,0.147,0.10033333333333333,0.0,0.0,372,21,0.8435374149659864,0.06976744186046512,-0.00033706004023249407,-0.00033706004023249407,0.0,-0.0865300648833631,-0.0865300648833631,0.0,0.5227335028088578,0.5227335028088578,2.0758228221444126,2.0758228221444126
s5_chunk10_rep02,10,high_response_placebo,regional_shift,box,3000,0.05,5.0,wrong,ctmle,estimated,xgboost,xgboost,targeting,1.0,0.0|0.25|0.5|1.0,-1.0,1.0,obsval,4.0,0.1,0,0.1,legacy,4.0,4,50,2,34.026665640994906,-0.168767126840341,-0.168767126840341,-0.168767126840341,0.0,9.224420833946201e-08,6.86103250195462e-07,0.0,0.5,0.0,nan,nan,nan,nan,nan,nan,nan,0.152,0.099,0.0,0.0,381,14,0.8355263157894737,0.04713804713804714,-0.001594250221242782,-0.001594250221242782,0.0,-0.15747563512708027,-0.15747563512708027,0.0,0.5963940897719715,0.5963940897719715,2.7232406359578625,2.7232406359578625
s5_chunk10_rep03,10,high_response_placebo,regional_shift,box,3000,0.05,5.0,wrong,ctmle,estimated,xgboost,xgboost,targeting,1.0,0.0|0.25|0.5|1.0,-1.0,1.0,obsval,4.0,0.1,0,0.1,legacy,4.0,4,50,3,51.10610150700086,-0.22751090108842165,-0.2279637698226865,-0.2276596186324875,-0.0004528687342648663,6.887028226529313e-08,1.3426802377277877e-06,0.3283899567658367,0.5,1.0,nan,nan,nan,nan,nan,nan,nan,0.15466666666666667,0.10733333333333334,0.0,0.0,369,17,0.7952586206896551,0.052795031055900624,0.0012236753032905372,0.001245766999683093,-2.2091696392555725e-05,-0.16721234876419028,-0.16721234876419028,0.0,0.5529833919981652,0.5531016268818214,2.565259836408533,2.565259836408533
s5_chunk10_rep04,10,high_response_placebo,regional_shift,box,3000,0.05,5.0,wrong,ctmle,estimated,xgboost,xgboost,targeting,1.0,0.0|0.25|0.5|1.0,-1.0,1.0,obsval,4.0,0.1,0,0.1,legacy,4.0,4,50,4,68.26215704300557,-0.19745071415170912,-0.19745071415170912,-0.19745071415170912,0.0,1.7588730452135215e-08,-1.33839763470818e-06,0.0,0.5,0.0,nan,nan,nan,nan,nan,nan,nan,0.15233333333333332,0.099,0.0,0.0,367,14,0.8030634573304157,0.04713804713804714,-0.0005957868630275912,-0.0005957868630275912,0.0,-0.18879780656460812,-0.18879780656460812,0.0,0.5703685842001294,0.5703685842001294,2.8924509420745284,2.8924509420745284
s5_chunk11_rep01,11,high_response_placebo,regional_shift,box,3000,0.05,5.0,wrong,ctmle,estimated,xgboost,xgboost,targeting,1.0,0.0|0.25|0.5|1.0,-1.0,1.0,obsval,4.0,0.1,0,0.1,legacy,4.0,4,50,1,20.086247271014145,-0.07816144089117483,-0.07816144089117483,-0.07816144089117483,0.0,5.656113255623346e-08,5.945596089056843e-07,0.0,0.1,0.0,nan,nan,nan,nan,nan,nan,nan,0.15166666666666667,0.10166666666666667,0.0,0.0,377,17,0.8285714285714286,0.05573770491803279,0.0007634599286817285,0.0007634599286817285,0.0,-0.05502267441809506,-0.05502267441809506,0.0,0.553462935754026,0.553462935754026,1.60139344201868,1.60139344201868
s5_chunk11_rep02,11,high_response_placebo,regional_shift,box,3000,0.05,5.0,wrong,ctmle,estimated,xgboost,xgboost,targeting,1.0,0.0|0.25|0.5|1.0,-1.0,1.0,obsval,4.0,0.1,0,0.1,legacy,4.0,4,50,2,37.370615621010074,-0.09301514086451335,-0.09301514086451335,-0.09301514086451335,0.0,3.3165875127846856e-08,-8.779310159143586e-07,0.0,0.05,0.0,nan,nan,nan,nan,nan,nan,nan,0.145,0.104,0.0,0.0,355,15,0.8160919540229885,0.04807692307692308,0.0019067016795320643,0.0019067016795320643,0.0,-0.013276180700194436,-0.013276180700194436,0.0,0.5066937237925396,0.5066937237925396,1.4640813433950837,1.4640813433950837
s5_chunk11_rep03,11,high_response_placebo,regional_shift,box,3000,0.05,5.0,wrong,ctmle,estimated,xgboost,xgboost,targeting,1.0,0.0|0.25|0.5|1.0,-1.0,1.0,obsval,4.0,0.1,0,0.1,legacy,4.0,4,50,3,54.7290694170224,-0.049802496712470945,-0.049802496712470945,-0.049802496712470945,0.0,3.038718306407756e-08,-2.198351624716887e-06,0.0,0.05,0.0,nan,nan,nan,nan,nan,nan,nan,0.151,0.092,0.0,0.0,349,16,0.7704194260485652,0.057971014492753624,0.0008885543672397211,0.0008885543672397211,0.0,-0.016188512035340837,-0.016188512035340837,0.0,0.522654498713897,0.522654498713897,1.7124247757993982,1.7124247757993982
s5_chunk11_rep04,11,high_response_placebo,regional_shift,box,3000,0.05,5.0,wrong,ctmle,estimated,xgboost,xgboost,targeting,1.0,0.0|0.25|0.5|1.0,-1.0,1.0,obsval,4.0,0.1,0,0.1,legacy,4.0,4,50,4,71.68275228500715,-0.11115625019649,-0.11115625019649,-0.11115625019649,0.0,4.277258687946511e-08,-7.126290131696106e-08,0.0,0.05,0.0,nan,nan,nan,nan,nan,nan,nan,0.151,0.09866666666666667,0.0,0.0,364,13,0.8035320088300221,0.04391891891891892,0.0005413659666830532,0.0005413659666830532,0.0,-0.020860097756157287,-0.020860097756157287,0.0,0.5256477858125528,0.5256477858125528,2.022016052242416,2.022016052242416
s5_chunk12_rep01,12,high_response_placebo,regional_shift,box,3000,0.05,5.0,wrong,ctmle,estimated,xgboost,xgboost,targeting,1.0,0.0|0.25|0.5|1.0,-1.0,1.0,obsval,4.0,0.1,0,0.1,legacy,4.0,4,50,1,17.17971638200106,-0.07389220706200961,-0.07389220706200961,-0.07389220706200961,0.0,4.2095541373868284e-08,1.3612176613378088e-06,0.0,0.05,0.0,nan,nan,nan,nan,nan,nan,nan,0.14733333333333334,0.098,0.0,0.0,342,13,0.7737556561085973,0.04421768707482993,-0.002681938280819807,-0.002681938280819807,0.0,-0.017056353402092824,-0.017056353402092824,0.0,0.5202519833000179,0.5202519833000179,1.6115663702312557,1.6115663702312557
s5_chunk12_rep02,12,high_response_placebo,regional_shift,box,3000,0.05,5.0,wrong,ctmle,estimated,xgboost,xgboost,targeting,1.0,0.0|0.25|0.5|1.0,-1.0,1.0,obsval,4.0,0.1,0,0.1,legacy,4.0,4,50,2,34.40071852901019,-0.06713792247348793,-0.06713792247348793,-0.06713792247348793,0.0,1.9641817396512384e-08,-9.407893249951775e-07,0.0,0.05,0.0,nan,nan,nan,nan,nan,nan,nan,0.14866666666666667,0.101,0.0,0.0,370,13,0.8295964125560538,0.0429042904290429,-0.0019552468379192404,-0.0019552468379192404,0.0,-0.015633633713428585,-0.015633633713428585,0.0,0.5113949923476521,0.5113949923476521,1.8101679928204553,1.8101679928204553
s5_chunk12_rep03,12,high_response_placebo,regional_shift,box,3000,0.05,5.0,wrong,ctmle,estimated,xgboost,xgboost,targeting,1.0,0.0|0.25|0.5|1.0,-1.0,1.0,obsval,4.0,0.1,0,0.1,legacy,4.0,4,50,3,51.56545023000217,-0.12978315516897443,-0.12978315516897443,-0.12978315516897443,0.0,1.1684580828764946e-07,-6.392177223746125e-06,0.0,0.05,0.0,nan,nan,nan,nan,nan,nan,nan,0.15133333333333332,0.10133333333333333,0.0,0.0,369,21,0.8127753303964758,0.06907894736842106,-0.0006336204618065559,-0.0006336204618065559,0.0,-0.023140734819096356,-0.023140734819096356,0.0,0.5524075926100821,0.5524075926100821,1.8379080846144162,1.8379080846144162
s5_chunk12_rep04,12,high_response_placebo,regional_shift,box,3000,0.05,5.0,wrong,ctmle,estimated,xgboost,xgboost,targeting,1.0,0.0|0.25|0.5|1.0,-1.0,1.0,obsval,4.0,0.1,0,0.1,legacy,4.0,4,50,4,68.90687561500818,-0.17006628285530168,-0.17006628285530168,-0.17006628285530168,0.0,7.223566061802245e-08,-3.967901601187925e-06,0.0,0.05,0.0,nan,nan,nan,nan,nan,nan,nan,0.15166666666666667,0.09633333333333334,0.0,0.0,361,12,0.7934065934065934,0.04152249134948097,-0.009749110313519008,-0.009749110313519008,0.0,-0.023545979726020714,-0.023545979726020714,0.0,0.5437745474282422,0.5437745474282422,2.31917847446256,2.31917847446256
s5_chunk13_rep01,13,high_response_placebo,regional_shift,box,3000,0.05,5.0,wrong,ctmle,estimated,xgboost,xgboost,targeting,1.0,0.0|0.25|0.5|1.0,-1.0,1.0,obsval,4.0,0.1,0,0.1,legacy,4.0,4,50,1,16.853911782003706,-0.11262564321480073,-0.11262564321480073,-0.11262564321480073,0.0,5.475569786819734e-08,-5.192927382048108e-07,0.0,0.5,0.0,nan,nan,nan,nan,nan,nan,nan,0.14933333333333335,0.102,0.0,0.0,359,19,0.8013392857142857,0.06209150326797386,0.0008442575918018091,0.0008442575918018091,0.0,-0.10051465730046444,-0.10051465730046444,0.0,0.5476523759213772,0.5476523759213772,1.750881652283469,1.750881652283469
s5_chunk13_rep02,13,high_response_placebo,regional_shift,box,3000,0.05,5.0,wrong,ctmle,estimated,xgboost,xgboost,targeting,1.0,0.0|0.25|0.5|1.0,-1.0,1.0,obsval,4.0,0.1,0,0.1,legacy,4.0,4,50,2,33.76699707901571,-0.19958606212955665,-0.19958606212955665,-0.19958606212955665,0.0,4.4776285673155114e-08,1.479836132961456e-06,0.0,0.05,0.0,nan,nan,nan,nan,nan,nan,nan,0.14433333333333334,0.11366666666666667,0.0,0.0,347,15,0.8013856812933026,0.04398826979472141,-0.0011727978890062692,-0.0011727978890062692,0.0,-0.030926488402226938,-0.030926488402226938,0.0,0.5331908817215882,0.5331908817215882,2.824242157250235,2.824242157250235
s5_chunk13_rep03,13,high_response_placebo,regional_shift,box,3000,0.05,5.0,wrong,ctmle,estimated,xgboost,xgboost,targeting,1.0,0.0|0.25|0.5|1.0,-1.0,1.0,obsval,4.0,0.1,0,0.1,legacy,4.0,4,50,3,50.65091040200787,-0.09684075003114201,-0.09713192115858926,-0.09684075003114201,-0.00029117112744725393,7.59793659550756e-08,8.797070714305563e-07,0.0,0.05,1.0,nan,nan,nan,nan,nan,nan,nan,0.153,0.102,0.0,0.0,370,15,0.8061002178649237,0.049019607843137254,-1.1171393672587015e-05,0.00010563425668827502,-9.4462863015688e-05,-0.01871264412985102,-0.01871264412985102,0.0,0.6039824303554445,0.6032371562832773,1.5686493301878521,1.5686493301878521
s5_chunk13_rep04,13,high_response_placebo,regional_shift,box,3000,0.05,5.0,wrong,ctmle,estimated,xgboost,xgboost,targeting,1.0,0.0|0.25|0.5|1.0,-1.0,1.0,obsval,4.0,0.1,0,0.1,legacy,4.0,4,50,4,67.29168945699348,-0.15611438298743463,-0.15611438298743463,-0.15611438298743463,0.0,3.21014985565915e-08,-1.5958184694095032e-06,0.0,0.05,0.0,nan,nan,nan,nan,nan,nan,nan,0.14166666666666666,0.09833333333333333,0.0,0.0,349,13,0.8211764705882353,0.04406779661016949,-0.0010073450287235608,-0.0010073450287235608,0.0,-0.021951900062609796,-0.021951900062609796,0.0,0.540632435176887,0.540632435176887,1.7837577970965028,1.7837577970965028
s5_chunk14_rep01,14,high_response_placebo,regional_shift,box,3000,0.05,5.0,wrong,ctmle,estimated,xgboost,xgboost,targeting,1.0,0.0|0.25|0.5|1.0,-1.0,1.0,obsval,4.0,0.1,0,0.1,legacy,4.0,4,50,1,17.24287310100044,-0.04079015245686868,-0.040924955676240216,-0.04084621797570964,-0.0001348032193715376,5.307047758716654e-09,1.3559782984775767e-07,0.41590637895998184,0.5,1.0,nan,nan,nan,nan,nan,nan,nan,0.15466666666666667,0.10866666666666666,0.0,0.0,381,20,0.8211206896551724,0.06134969325153374,-0.0007559952288075591,-0.0007511043898925288,4.890838915030341e-06,-0.10291693760873837,-0.10291693760873837,0.0,0.5518408984171056,0.5511299256654838,1.7615564858183739,1.7615564858183739
s5_chunk14_rep02,14,high_response_placebo,regional_shift,box,3000,0.05,5.0,wrong,ctmle,estimated,xgboost,xgboost,targeting,1.0,0.0|0.25|0.5|1.0,-1.0,1.0,obsval,4.0,0.1,0,0.1,legacy,4.0,4,50,2,34.327874302020064,-0.09464905575043636,-0.09464905575043636,-0.09464905575043636,0.0,1.074218713634223e-07,-2.4336950605293502e-06,0.0,0.05,0.0,nan,nan,nan,nan,nan,nan,nan,0.15766666666666668,0.09533333333333334,0.0,0.0,358,14,0.7568710359408034,0.04895104895104895,0.0002997298929912341,0.0002997298929912341,0.0,-0.029055989965942663,-0.029055989965942663,0.0,0.54756834373074,0.54756834373074,2.3998849621645455,2.3998849621645455
s5_chunk14_rep03,14,high_response_placebo,regional_shift,box,3000,0.05,5.0,wrong,ctmle,estimated,xgboost,xgboost,targeting,1.0,0.0|0.25|0.5|1.0,-1.0,1.0,obsval,4.0,0.1,0,0.1,legacy,4.0,4,50,3,51.376444403023925,-0.1104593299946921,-0.1104593299946921,-0.1104593299946921,0.0,4.747555982891061e-08,-3.218572578879853e-06,0.0,0.25,0.0,nan,nan,nan,nan,nan,nan,nan,0.14866666666666667,0.10166666666666667,0.0,0.0,363,13,0.8139013452914798,0.04262295081967213,0.0008844884147712246,0.0008844884147712246,0.0,-0.09704775391593747,-0.09704775391593747,0.0,0.5521513828516108,0.5521513828516108,2.1103892345333084,2.1103892345333084
s5_chunk14_rep04,14,high_response_placebo,regional_shift,box,3000,0.05,5.0,wrong,ctmle,estimated,xgboost,xgboost,targeting,1.0,0.0|0.25|0.5|1.0,-1.0,1.0,obsval,4.0,0.1,0,0.1,legacy,4.0,4,50,4,68.52296545702848,-0.15008475463219828,-0.15008475463219828,-0.15008475463219828,0.0,5.13731491522465e-08,-1.4824999262606775e-06,0.0,0.25,0.0,nan,nan,nan,nan,nan,nan,nan,0.14833333333333334,0.08633333333333333,0.0,0.0,354,7,0.7955056179775281,0.02702702702702703,0.001294564354537611,0.001294564354537611,0.0,-0.13700585103906412,-0.13700585103906412,0.0,0.5651326163484909,0.5651326163484909,2.9389333894463228,2.9389333894463228
s5_chunk15_rep01,15,high_response_placebo,regional_shift,box,3000,0.05,5.0,wrong,ctmle,estimated,xgboost,xgboost,targeting,1.0,0.0|0.25|0.5|1.0,-1.0,1.0,obsval,4.0,0.1,0,0.1,legacy,4.0,4,50,1,17.160326643002918,-0.042855317534714166,-0.042855317534714166,-0.042855317534714166,0.0,3.5277800432623185e-08,-1.7847140388218934e-06,0.0,0.5,0.0,nan,nan,nan,nan,nan,nan,nan,0.151,0.09933333333333333,0.0,0.0,363,16,0.8013245033112583,0.053691275167785234,-7.413401315609095e-05,-7.413401315609095e-05,0.0,-0.09621443363080884,-0.09621443363080884,0.0,0.5560674114537839,0.5560674114537839,1.8937320656846601,1.8937320656846601
s5_chunk15_rep02,15,high_response_placebo,regional_shift,box,3000,0.05,5.0,wrong,ctmle,estimated,xgboost,xgboost,targeting,1.0,0.0|0.25|0.5|1.0,-1.0,1.0,obsval,4.0,0.1,0,0.1,legacy,4.0,4,50,2,34.451656684977934,-0.10799842099914725,-0.10799842099914725,-0.10799842099914725,0.0,3.752917957216412e-08,2.9216565675101256e-06,0.0,0.05,0.0,nan,nan,nan,nan,nan,nan,nan,0.149,0.09966666666666667,0.0,0.0,369,21,0.825503355704698,0.07023411371237458,-0.002028491815034018,-0.002028491815034018,0.0,-0.02523768693233674,-0.02523768693233674,0.0,0.48811008564343256,0.48811008564343256,1.7460653468703968,1.7460653468703968
s5_chunk15_rep03,15,high_response_placebo,regional_shift,box,3000,0.05,5.0,wrong,ctmle,estimated,xgboost,xgboost,targeting,1.0,0.0|0.25|0.5|1.0,-1.0,1.0,obsval,4.0,0.1,0,0.1,legacy,4.0,4,50,3,51.38127821299713,-0.16188795831248026,-0.16188795831248026,-0.16188795831248026,0.0,5.7013334097202883e-08,-1.690554120336793e-06,0.0,0.1,0.0,nan,nan,nan,nan,nan,nan,nan,0.14466666666666667,0.10166666666666667,0.0,0.0,355,11,0.8179723502304147,0.036065573770491806,0.0016868306963310016,0.0016868306963310016,0.0,-0.09655577802580327,-0.09655577802580327,0.0,0.5421606535681065,0.5421606535681065,2.1584709266030715,2.1584709266030715
s5_chunk15_rep04,15,high_response_placebo,regional_shift,box,3000,0.05,5.0,wrong,ctmle,estimated,xgboost,xgboost,targeting,1.0,0.0|0.25|0.5|1.0,-1.0,1.0,obsval,4.0,0.1,0,0.1,legacy,4.0,4,50,4,68.37261825200403,-0.11304790504898965,-0.11304790504898965,-0.11304790504898965,0.0,1.1080039298907995e-07,2.1793082670075632e-06,0.0,0.05,0.0,nan,nan,nan,nan,nan,nan,nan,0.155,0.12066666666666667,0.0,0.0,383,27,0.8236559139784946,0.07458563535911603,0.002541417011984178,0.002541417011984178,0.0,-0.024238230860030883,-0.024238230860030883,0.0,0.5461542354243342,0.5461542354243342,2.0310367906081583,2.0310367906081583
s5_chunk16_rep01,16,high_response_placebo,regional_shift,box,3000,0.05,5.0,wrong,ctmle,estimated,xgboost,xgboost,targeting,1.0,0.0|0.25|0.5|1.0,-1.0,1.0,obsval,4.0,0.1,0,0.1,legacy,4.0,4,50,1,17.1198607130209,-0.15381852710995614,-0.15381852710995614,-0.15381852710995614,0.0,7.398796757554504e-09,-6.119801739799292e-07,0.0,0.05,0.0,nan,nan,nan,nan,nan,nan,nan,0.153,0.099,0.0,0.0,359,11,0.7821350762527233,0.037037037037037035,0.0015486670735284543,0.0015486670735284543,0.0,-0.019018707820103127,-0.019018707820103127,0.0,0.5379809740454021,0.5379809740454021,2.4489627964580634,2.4489627964580634
s5_chunk16_rep02,16,high_response_placebo,regional_shift,box,3000,0.05,5.0,wrong,ctmle,estimated,xgboost,xgboost,targeting,1.0,0.0|0.25|0.5|1.0,-1.0,1.0,obsval,4.0,0.1,0,0.1,legacy,4.0,4,50,2,34.21212338001351,-0.08478498095145492,-0.08478498095145492,-0.08478498095145492,0.0,7.46710701526529e-08,-1.617335246153085e-06,0.0,0.25,0.0,nan,nan,nan,nan,nan,nan,nan,0.15466666666666667,0.101,0.0,0.0,374,18,0.8060344827586207,0.0594059405940594,-6.38140494350982e-05,-6.38140494350982e-05,0.0,-0.05863558083860031,-0.05863558083860031,0.0,0.5183388221964752,0.5183388221964752,1.7461722412032654,1.7461722412032654
s5_chunk16_rep03,16,high_response_placebo,regional_shift,box,3000,0.05,5.0,wrong,ctmle,estimated,xgboost,xgboost,targeting,1.0,0.0|0.25|0.5|1.0,-1.0,1.0,obsval,4.0,0.1,0,0.1,legacy,4.0,4,50,3,51.37835720801377,-0.0610008383435825,-0.0610008383435825,-0.0610008383435825,0.0,6.663008462505504e-08,-2.030374969616642e-06,0.0,0.05,0.0,nan,nan,nan,nan,nan,nan,nan,0.152,0.09933333333333333,0.0,0.0,363,18,0.7960526315789473,0.06040268456375839,0.00035841691233477236,0.00035841691233477236,0.0,-0.020755960903398745,-0.020755960903398745,0.0,0.5739059919318085,0.5739059919318085,1.2534082036426972,1.2534082036426972
s5_chunk16_rep04,16,high_response_placebo,regional_shift,box,3000,0.05,5.0,wrong,ctmle,estimated,xgboost,xgboost,targeting,1.0,0.0|0.25|0.5|1.0,-1.0,1.0,obsval,4.0,0.1,0,0.1,legacy,4.0,4,50,4,68.55878346902318,-0.09522409929867848,-0.09522141567625353,-0.09522409929867848,2.68362242494824e-06,2.5143157469237343e-08,2.840851935225104e-07,0.0,0.05,1.0,nan,nan,nan,nan,nan,nan,nan,0.15233333333333332,0.10766666666666666,0.0,0.0,372,13,0.8140043763676149,0.04024767801857585,0.0011196191894008941,0.0009348486689812121,0.00018477052041968207,-0.008572181904016995,-0.008572181904016995,0.0,0.5993625565195643,0.5990535871363806,1.5469698185646603,1.5469698185646603
s5_chunk17_rep01,17,high_response_placebo,regional_shift,box,3000,0.05,5.0,wrong,ctmle,estimated,xgboost,xgboost,targeting,1.0,0.0|0.25|0.5|1.0,-1.0,1.0,obsval,4.0,0.1,0,0.1,legacy,4.0,4,50,1,17.10305005000555,-0.1342032475406022,-0.1342032475406022,-0.1342032475406022,0.0,1.1219835932378686e-07,-2.315692215686376e-06,0.0,0.05,0.0,nan,nan,nan,nan,nan,nan,nan,0.15033333333333335,0.10333333333333333,0.0,0.0,353,12,0.7827050997782705,0.03870967741935484,-0.0013433338379893653,-0.0013433338379893653,0.0,-0.020405411930400363,-0.020405411930400363,0.0,0.5548603996686842,0.5548603996686842,1.9386679345978257,1.9386679345978257
s5_chunk17_rep02,17,high_response_placebo,regional_shift,box,3000,0.05,5.0,wrong,ctmle,estimated,xgboost,xgboost,targeting,1.0,0.0|0.25|0.5|1.0,-1.0,1.0,obsval,4.0,0.1,0,0.1,legacy,4.0,4,50,2,34.01508157301578,-0.21158923934636564,-0.21158923934636564,-0.21158923934636564,0.0,1.7958523548453065e-08,-1.6165295879406322e-06,0.0,0.05,0.0,nan,nan,nan,nan,nan,nan,nan,0.14733333333333334,0.104,0.0,0.0,360,13,0.8144796380090498,0.041666666666666664,0.0026157469125274078,0.0026157469125274078,0.0,-0.03179528106660008,-0.03179528106660008,0.0,0.5263994053240688,0.5263994053240688,2.4898575843695294,2.4898575843695294
s5_chunk17_rep03,17,high_response_placebo,regional_shift,box,3000,0.05,5.0,wrong,ctmle,estimated,xgboost,xgboost,targeting,1.0,0.0|0.25|0.5|1.0,-1.0,1.0,obsval,4.0,0.1,0,0.1,legacy,4.0,4,50,3,50.99652151900227,-0.18167906391029043,-0.18167906391029043,-0.18167906391029043,0.0,2.098348103607428e-08,-1.6113970092036106e-07,0.0,0.1,0.0,nan,nan,nan,nan,nan,nan,nan,0.15066666666666667,0.109,0.0,0.0,362,18,0.8008849557522124,0.05504587155963303,-0.0016970031372252478,-0.0016970031372252478,0.0,-0.10352925570286511,-0.10352925570286511,0.0,0.557505011990764,0.557505011990764,2.291894169741358,2.291894169741358
s5_chunk17_rep04,17,high_response_placebo,regional_shift,box,3000,0.05,5.0,wrong,ctmle,estimated,xgboost,xgboost,targeting,1.0,0.0|0.25|0.5|1.0,-1.0,1.0,obsval,4.0,0.1,0,0.1,legacy,4.0,4,50,4,68.08189449700876,-0.023859256286614228,-0.023859256286614228,-0.023859256286614228,0.0,6.639675437670328e-08,-1.8377590707682398e-06,0.0,0.05,0.0,nan,nan,nan,nan,nan,nan,nan,0.145,0.09933333333333333,0.0,0.0,355,13,0.8160919540229885,0.0436241610738255,0.003308711399798472,0.003308711399798472,0.0,-0.01886251896063683,-0.01886251896063683,0.0,0.5405688732905171,0.5405688732905171,1.8531726096318475,1.8531726096318475
s5_chunk18_rep01,18,high_response_placebo,regional_shift,box,3000,0.05,5.0,wrong,ctmle,estimated,xgboost,xgboost,targeting,1.0,0.0|0.25|0.5|1.0,-1.0,1.0,obsval,4.0,0.1,0,0.1,legacy,4.0,4,50,1,17.172888525004964,-0.11665009593380882,-0.11665009593380882,-0.11665009593380882,0.0,4.952110144174071e-08,-2.37440314540191e-06,0.0,0.05,0.0,nan,nan,nan,nan,nan,nan,nan,0.14866666666666667,0.10133333333333333,0.0,0.0,354,9,0.7937219730941704,0.029605263157894735,0.0019353544578498583,0.0019353544578498583,0.0,-0.022243139212471893,-0.022243139212471893,0.0,0.5223456903761463,0.5223456903761463,2.0013240015837024,2.0013240015837024
s5_chunk18_rep02,18,high_response_placebo,regional_shift,box,3000,0.05,5.0,wrong,ctmle,estimated,xgboost,xgboost,targeting,1.0,0.0|0.25|0.5|1.0,-1.0,1.0,obsval,4.0,0.1,0,0.1,legacy,4.0,4,50,2,34.355144072993426,-0.06862065483412916,-0.06798561533683944,-0.06817171989186147,0.0006350394972897133,5.9091871532253315e-08,-4.228623871829415e-06,0.7069401890491981,0.05,1.0,nan,nan,nan,nan,nan,nan,nan,0.15433333333333332,0.09266666666666666,0.0,0.0,377,22,0.8142548596112311,0.07913669064748201,0.0009612415686431763,0.0007876738598822642,0.00017356770876091217,-0.012107303641627718,-0.012107303641627718,0.0,0.4946140667720012,0.494575612821109,1.625646290755337,1.625646290755337
s5_chunk18_rep03,18,high_response_placebo,regional_shift,box,3000,0.05,5.0,wrong,ctmle,estimated,xgboost,xgboost,targeting,1.0,0.0|0.25|0.5|1.0,-1.0,1.0,obsval,4.0,0.1,0,0.1,legacy,4.0,4,50,3,51.689150047983276,-0.09798295545358415,-0.09798295545358415,-0.09798295545358415,0.0,7.297198015461526e-08,-8.576211304772881e-07,0.0,0.05,0.0,nan,nan,nan,nan,nan,nan,nan,0.15233333333333332,0.10333333333333333,0.0,0.0,368,14,0.8052516411378556,0.04516129032258064,-0.001419968041071907,-0.001419968041071907,0.0,-0.01993830498217777,-0.01993830498217777,0.0,0.5462205079769674,0.5462205079769674,1.8326496167484925,1.8326496167484925
s5_chunk18_rep04,18,high_response_placebo,regional_shift,box,3000,0.05,5.0,wrong,ctmle,estimated,xgboost,xgboost,targeting,1.0,0.0|0.25|0.5|1.0,-1.0,1.0,obsval,4.0,0.1,0,0.1,legacy,4.0,4,50,4,68.72603746299865,-0.2033919101417997,-0.2033919101417997,-0.2033919101417997,0.0,4.969894654670293e-08,-4.458645950855891e-06,0.0,0.5,0.0,nan,nan,nan,nan,nan,nan,nan,0.151,0.10133333333333333,0.0,0.0,379,7,0.8366445916114791,0.023026315789473683,-0.00042876851469944924,-0.00042876851469944924,0.0,-0.18418810458852058,-0.18418810458852058,0.0,0.5877121463479421,0.5877121463479421,2.6990417269963904,2.6990417269963904
s5_chunk19_rep01,19,high_response_placebo,regional_shift,box,3000,0.05,5.0,wrong,ctmle,estimated,xgboost,xgboost,targeting,1.0,0.0|0.25|0.5|1.0,-1.0,1.0,obsval,4.0,0.1,0,0.1,legacy,4.0,4,50,1,16.976273842999944,-0.1551421059267053,-0.1551421059267053,-0.1551421059267053,0.0,5.147203728343708e-08,-1.9332969022718346e-06,0.0,0.05,0.0,nan,nan,nan,nan,nan,nan,nan,0.144,0.10566666666666667,0.0,0.0,339,11,0.7847222222222222,0.03470031545741325,0.004054196157663378,0.004054196157663378,0.0,-0.011693872304419015,-0.011693872304419015,0.0,0.5448153622130192,0.5448153622130192,2.1895749843953864,2.1895749843953864
s5_chunk19_rep02,19,high_response_placebo,regional_shift,box,3000,0.05,5.0,wrong,ctmle,estimated,xgboost,xgboost,targeting,1.0,0.0|0.25|0.5|1.0,-1.0,1.0,obsval,4.0,0.1,0,0.1,legacy,4.0,4,50,2,34.06576830800623,-0.15042332665449254,-0.15042332665449254,-0.15042332665449254,0.0,4.231335347208709e-08,7.117641051090744e-07,0.0,0.05,0.0,nan,nan,nan,nan,nan,nan,nan,0.15166666666666667,0.09566666666666666,0.0,0.0,368,12,0.8087912087912088,0.041811846689895474,-0.0004435130347429488,-0.0004435130347429488,0.0,-0.03333315800027581,-0.03333315800027581,0.0,0.5104523147553781,0.5104523147553781,2.3430963896083017,2.3430963896083017
s5_chunk19_rep03,19,high_response_placebo,regional_shift,box,3000,0.05,5.0,wrong,ctmle,estimated,xgboost,xgboost,targeting,1.0,0.0|0.25|0.5|1.0,-1.0,1.0,obsval,4.0,0.1,0,0.1,legacy,4.0,4,50,3,51.100272350013256,-0.09070905806178686,-0.09070905806178686,-0.09070905806178686,0.0,3.844025013490654e-08,-2.4409620362612384e-06,0.0,0.05,0.0,nan,nan,nan,nan,nan,nan,nan,0.149,0.101,0.0,0.0,362,23,0.8098434004474273,0.07590759075907591,0.0022427482101887446,0.0022427482101887446,0.0,-0.03157931482388915,-0.03157931482388915,0.0,0.5173069023411742,0.5173069023411742,1.9998747773784387,1.9998747773784387
s5_chunk19_rep04,19,high_response_placebo,regional_shift,box,3000,0.05,5.0,wrong,ctmle,estimated,xgboost,xgboost,targeting,1.0,0.0|0.25|0.5|1.0,-1.0,1.0,obsval,4.0,0.1,0,0.1,legacy,4.0,4,50,4,68.05445488801342,-0.22998164805827825,-0.22998164805827825,-0.22998164805827825,0.0,5.2032756695311044e-08,-3.9909473566321005e-07,0.0,0.05,0.0,nan,nan,nan,nan,nan,nan,nan,0.15066666666666667,0.10566666666666667,0.0,0.0,361,13,0.7986725663716814,0.04100946372239748,-3.885645395734672e-05,-3.885645395734672e-05,0.0,-0.028902281281130666,-0.028902281281130666,0.0,0.5204151190877437,0.5204151190877437,2.971078118567736,2.971078118567736
s5_chunk20_rep01,20,high_response_placebo,regional_shift,box,3000,0.05,5.0,wrong,ctmle,estimated,xgboost,xgboost,targeting,1.0,0.0|0.25|0.5|1.0,-1.0,1.0,obsval,4.0,0.1,0,0.1,legacy,4.0,4,50,1,17.385257319983793,-0.1402299949120055,-0.1402299949120055,-0.1402299949120055,0.0,2.03981009114923e-08,-5.07063274508314e-07,0.0,0.05,0.0,nan,nan,nan,nan,nan,nan,nan,0.14933333333333335,0.09266666666666666,0.0,0.0,357,15,0.796875,0.0539568345323741,-0.0022686697660923147,-0.0022686697660923147,0.0,-0.02572352237819847,-0.02572352237819847,0.0,0.5429353221705513,0.5429353221705513,2.3993306954924964,2.3993306954924964
s5_chunk20_rep02,20,high_response_placebo,regional_shift,box,3000,0.05,5.0,wrong,ctmle,estimated,xgboost,xgboost,targeting,1.0,0.0|0.25|0.5|1.0,-1.0,1.0,obsval,4.0,0.1,0,0.1,legacy,4.0,4,50,2,34.35789446698618,-0.19353339168675265,-0.19353339168675265,-0.19353339168675265,0.0,3.469746940806817e-08,-1.4320379613207146e-07,0.0,0.05,0.0,nan,nan,nan,nan,nan,nan,nan,0.15166666666666667,0.09666666666666666,0.0,0.0,369,8,0.810989010989011,0.027586206896551724,-0.0006752333431828626,-0.0006752333431828626,0.0,-0.02100584915398123,-0.02100584915398123,0.0,0.5316915947238481,0.5316915947238481,3.1225508662353922,3.1225508662353922
s5_chunk20_rep03,20,high_response_placebo,regional_shift,box,3000,0.05,5.0,wrong,ctmle,estimated,xgboost,xgboost,targeting,1.0,0.0|0.25|0.5|1.0,-1.0,1.0,obsval,4.0,0.1,0,0.1,legacy,4.0,4,50,3,51.54057062798529,-0.09904137457638651,-0.09904137457638651,-0.09904137457638651,0.0,9.217939096924088e-08,5.698225123956097e-09,0.0,0.05,0.0,nan,nan,nan,nan,nan,nan,nan,0.14433333333333334,0.09333333333333334,0.0,0.0,343,19,0.792147806004619,0.06785714285714285,-0.0015130913375365177,-0.0015130913375365177,0.0,-0.01741510386259727,-0.01741510386259727,0.0,0.5192030870485103,0.5192030870485103,2.155126774883102,2.155126774883102
s5_chunk20_rep04,20,high_response_placebo,regional_shift,box,3000,0.05,5.0,wrong,ctmle,estimated,xgboost,xgboost,targeting,1.0,0.0|0.25|0.5|1.0,-1.0,1.0,obsval,4.0,0.1,0,0.1,legacy,4.0,4,50,4,68.53860867000185,-0.1530839640823527,-0.1530839640823527,-0.1530839640823527,0.0,7.399143668075647e-08,-4.688187087793262e-06,0.0,0.05,0.0,nan,nan,nan,nan,nan,nan,nan,0.153,0.093,0.0,0.0,366,8,0.7973856209150327,0.02867383512544803,-0.0006563089405115807,-0.0006563089405115807,0.0,-0.02029293507975243,-0.02029293507975243,0.0,0.5117597337367144,0.5117597337367144,2.548635563466208,2.548635563466208
s5_chunk21_rep01,21,high_response_placebo,regional_shift,box,3000,0.05,5.0,wrong,ctmle,estimated,xgboost,xgboost,targeting,1.0,0.0|0.25|0.5|1.0,-1.0,1.0,obsval,4.0,0.1,0,0.1,legacy,4.0,4,50,1,16.948963162023574,-0.16292888852895093,-0.16292888852895093,-0.16292888852895093,0.0,4.3887707513318164e-08,3.6173397171494065e-07,0.0,0.05,0.0,nan,nan,nan,nan,nan,nan,nan,0.15433333333333332,0.10133333333333333,0.0,0.0,369,14,0.796976241900648,0.046052631578947366,0.0003782915637490003,0.0003782915637490003,0.0,-0.02187009060369658,-0.02187009060369658,0.0,0.524248377323031,0.524248377323031,1.9987555593577204,1.9987555593577204
s5_chunk21_rep02,21,high_response_placebo,regional_shift,box,3000,0.05,5.0,wrong,ctmle,estimated,xgboost,xgboost,targeting,1.0,0.0|0.25|0.5|1.0,-1.0,1.0,obsval,4.0,0.1,0,0.1,legacy,4.0,4,50,2,34.18629283900373,-0.17106611853254505,-0.17152671316183044,-0.17112998498104492,-0.0004605946292853824,9.136543467798408e-08,-9.42857584212281e-08,0.13866086237036146,0.05,1.0,nan,nan,nan,nan,nan,nan,nan,0.152,0.10933333333333334,0.0,0.0,365,17,0.8004385964912281,0.051829268292682924,0.008907405119103954,0.00864042683347859,0.0002669782856253647,-0.029495299381092337,-0.029495299381092337,0.0,0.5570759749209795,0.5566294601041434,2.213786905449073,2.213786905449073
s5_chunk21_rep03,21,high_response_placebo,regional_shift,box,3000,0.05,5.0,wrong,ctmle,estimated,xgboost,xgboost,targeting,1.0,0.0|0.25|0.5|1.0,-1.0,1.0,obsval,4.0,0.1,0,0.1,legacy,4.0,4,50,3,51.406337651016656,-0.14179993687345194,-0.14179993687345194,-0.14179993687345194,0.0,6.662743999488047e-08,1.5577934127839442e-06,0.0,0.5,0.0,nan,nan,nan,nan,nan,nan,nan,0.144,0.107,0.0,0.0,353,11,0.8171296296296297,0.03426791277258567,-0.0006294831450790369,-0.0006294831450790369,0.0,-0.1636505533198469,-0.1636505533198469,0.0,0.5159646115894122,0.5159646115894122,2.4422302288329196,2.4422302288329196
s5_chunk21_rep04,21,high_response_placebo,regional_shift,box,3000,0.05,5.0,wrong,ctmle,estimated,xgboost,xgboost,targeting,1.0,0.0|0.25|0.5|1.0,-1.0,1.0,obsval,4.0,0.1,0,0.1,legacy,4.0,4,50,4,68.34489314901293,-0.13909689641992307,-0.1391782935940571,-0.13909689641992307,-8.139717413402359e-05,7.680326139566235e-08,-5.238304666222663e-06,0.0,0.5,1.0,nan,nan,nan,nan,nan,nan,nan,0.14833333333333334,0.097,0.0,0.0,366,17,0.8224719101123595,0.058419243986254296,0.00016162822514554284,0.00015420645682316195,7.421768322380892e-06,-0.1208460996294336,-0.1208460996294336,0.0,0.5677809064957057,0.5674118414298734,2.3435148258183776,2.3435148258183776
s5_chunk22_rep01,22,high_response_placebo,regional_shift,box,3000,0.05,5.0,wrong,ctmle,estimated,xgboost,xgboost,targeting,1.0,0.0|0.25|0.5|1.0,-1.0,1.0,obsval,4.0,0.1,0,0.1,legacy,4.0,4,50,1,16.919928999996046,-0.022356638573114318,-0.022356638573114318,-0.022356638573114318,0.0,4.140974248570406e-08,-5.406330213595517e-07,0.0,0.05,0.0,nan,nan,nan,nan,nan,nan,nan,0.14833333333333334,0.09433333333333334,0.0,0.0,352,16,0.7910112359550562,0.05653710247349823,-0.007888710000300243,-0.007888710000300243,0.0,-0.016567166748919653,-0.016567166748919653,0.0,0.5628842853133942,0.5628842853133942,1.6408482255965873,1.6408482255965873
s5_chunk22_rep02,22,high_response_placebo,regional_shift,box,3000,0.05,5.0,wrong,ctmle,estimated,xgboost,xgboost,targeting,1.0,0.0|0.25|0.5|1.0,-1.0,1.0,obsval,4.0,0.1,0,0.1,legacy,4.0,4,50,2,34.081181876012124,-0.0996378423081925,-0.0996378423081925,-0.0996378423081925,0.0,3.461084733397124e-08,6.022291640312219e-07,0.0,0.05,0.0,nan,nan,nan,nan,nan,nan,nan,0.149,0.09866666666666667,0.0,0.0,356,19,0.796420581655481,0.06418918918918919,0.0012912607124153622,0.0012912607124153622,0.0,-0.01765511027599057,-0.01765511027599057,0.0,0.5691659361362131,0.5691659361362131,1.585612201860057,1.585612201860057
s5_chunk22_rep03,22,high_response_placebo,regional_shift,box,3000,0.05,5.0,wrong,ctmle,estimated,xgboost,xgboost,targeting,1.0,0.0|0.25|0.5|1.0,-1.0,1.0,obsval,4.0,0.1,0,0.1,legacy,4.0,4,50,3,51.426263400004245,-0.09933356700029539,-0.09933356700029539,-0.09933356700029539,0.0,1.300071703971839e-07,1.373847889692744e-06,0.0,0.5,0.0,nan,nan,nan,nan,nan,nan,nan,0.15066666666666667,0.10133333333333333,0.0,0.0,367,19,0.8119469026548672,0.0625,-0.0005455581229810226,-0.0005455581229810226,0.0,-0.07627840617038871,-0.07627840617038871,0.0,0.5546788967045275,0.5546788967045275,1.402307199414876,1.402307199414876
s5_chunk22_rep04,22,high_response_placebo,regional_shift,box,3000,0.05,5.0,wrong,ctmle,estimated,xgboost,xgboost,targeting,1.0,0.0|0.25|0.5|1.0,-1.0,1.0,obsval,4.0,0.1,0,0.1,legacy,4.0,4,50,4,68.59985601500375,-0.08605092398832648,-0.08605092398832648,-0.08605092398832648,0.0,1.8983197303153176e-07,-6.629013389679306e-06,0.0,0.05,0.0,nan,nan,nan,nan,nan,nan,nan,0.14666666666666667,0.10166666666666667,0.0,0.0,347,14,0.7886363636363637,0.04590163934426229,-0.005383217909214714,-0.005383217909214714,0.0,-0.01779063817366127,-0.01779063817366127,0.0,0.5223852308871707,0.5223852308871707,1.7029963358405207,1.7029963358405207
s5_chunk23_rep01,23,high_response_placebo,regional_shift,box,3000,0.05,5.0,wrong,ctmle,estimated,xgboost,xgboost,targeting,1.0,0.0|0.25|0.5|1.0,-1.0,1.0,obsval,4.0,0.1,0,0.1,legacy,4.0,4,50,1,17.0077984679956,-0.1275173984349982,-0.1275173984349982,-0.1275173984349982,0.0,3.895995231723709e-08,9.630497063597802e-07,0.0,0.05,0.0,nan,nan,nan,nan,nan,nan,nan,0.15633333333333332,0.104,0.0,0.0,391,14,0.8336886993603412,0.04487179487179487,0.0011747936493529411,0.0011747936493529411,0.0,-0.031546575115449886,-0.031546575115449886,0.0,0.5292231350347674,0.5292231350347674,2.122413687065223,2.122413687065223
s5_chunk23_rep02,23,high_response_placebo,regional_shift,box,3000,0.05,5.0,wrong,ctmle,estimated,xgboost,xgboost,targeting,1.0,0.0|0.25|0.5|1.0,-1.0,1.0,obsval,4.0,0.1,0,0.1,legacy,4.0,4,50,2,34.152301422989694,-0.24687162473453794,-0.24687162473453794,-0.24687162473453794,0.0,7.323636043356924e-08,-1.6557688559647177e-07,0.0,0.05,0.0,nan,nan,nan,nan,nan,nan,nan,0.15533333333333332,0.09133333333333334,0.0,0.0,365,7,0.7832618025751072,0.025547445255474453,0.0014818512914962216,0.0014818512914962216,0.0,-0.024024583515287478,-0.024024583515287478,0.0,0.49631544063398225,0.49631544063398225,3.257985631065738,3.257985631065738
s5_chunk23_rep03,23,high_response_placebo,regional_shift,box,3000,0.05,5.0,wrong,ctmle,estimated,xgboost,xgboost,targeting,1.0,0.0|0.25|0.5|1.0,-1.0,1.0,obsval,4.0,0.1,0,0.1,legacy,4.0,4,50,3,51.341790959995706,-0.0735510513519877,-0.0735510513519877,-0.0735510513519877,0.0,3.4446364040666144e-08,-2.785323544923432e-07,0.0,0.5,0.0,nan,nan,nan,nan,nan,nan,nan,0.14966666666666667,0.10033333333333333,0.0,0.0,362,15,0.8062360801781737,0.04983388704318937,5.068535759526593e-06,5.068535759526593e-06,0.0,-0.07585374459534093,-0.07585374459534093,0.0,0.5237300776935886,0.5237300776935886,1.3715509007972657,1.3715509007972657
s5_chunk23_rep04,23,high_response_placebo,regional_shift,box,3000,0.05,5.0,wrong,ctmle,estimated,xgboost,xgboost,targeting,1.0,0.0|0.25|0.5|1.0,-1.0,1.0,obsval,4.0,0.1,0,0.1,legacy,4.0,4,50,4,68.55386553099379,-0.13457496929405866,-0.13413064938315133,-0.1343248655203799,0.00044431991090732037,4.3147048395079934e-08,7.904025577133711e-07,0.5628912131532273,0.05,1.0,nan,nan,nan,nan,nan,nan,nan,0.14766666666666667,0.10033333333333333,0.0,0.0,355,21,0.801354401805869,0.06976744186046512,-0.002312494348538479,-0.002503046549234329,-0.0001905522006958502,-0.017154180448879074,-0.017154180448879074,0.0,0.5793296231063695,0.5788731233835354,1.5561649589795252,1.5561649589795252
s8_chunk00_rep01,0,low_response,regional_shift,box,3000,0.05,8.0,true,ctmle,estimated,xgboost,xgboost,targeting,1.0,0.0|0.25|0.5|1.0,-1.0,1.0,obsval,4.0,0.1,0,0.1,legacy,4.0,4,50,1,16.898630985990167,-0.21953841717698896,-0.20844249619462218,-0.21953841717698896,0.01109592098236678,0.0010836313688209337,-0.00030136206865909176,0.0,0.25,1.0,nan,nan,nan,nan,nan,nan,nan,0.103,0.103,1.0,1.0,13,13,0.042071197411003236,0.042071197411003236,-0.17083909572055966,-0.16193530085112978,0.008903794869429882,-0.17083909572055966,-0.16193530085112978,0.008903794869429882,3.2406935117896416,3.18243825010588,3.2406935117896416,3.18243825010588
s8_chunk00_rep02,0,low_response,regional_shift,box,3000,0.05,8.0,true,ctmle,estimated,xgboost,xgboost,targeting,1.0,0.0|0.25|0.5|1.0,-1.0,1.0,obsval,4.0,0.1,0,0.1,legacy,4.0,4,50,2,34.29878726799507,-0.1279702154279243,-0.02634750322823387,-0.04333301992629285,0.10162271219969043,0.0008630571374849422,-0.00022236908237553785,0.8328570815480486,0.05,1.0,nan,nan,nan,nan,nan,nan,nan,0.09766666666666667,0.09766666666666667,1.0,1.0,19,19,0.06484641638225255,0.06484641638225255,-0.03331782259560622,-0.02753443765089,0.005783384944716221,-0.03331782259560622,-0.02753443765089,0.005783384944716221,3.0526833461724876,2.8585597193342096,3.0526833461724876,2.8585597193342096
s8_chunk00_rep03,0,low_response,regional_shift,box,3000,0.05,8.0,true,ctmle,estimated,xgboost,xgboost,targeting,1.0,0.0|0.25|0.5|1.0,-1.0,1.0,obsval,4.0,0.1,0,0.1,legacy,4.0,4,50,3,51.51270170399221,-0.2545941994082329,-0.2042391440461816,-0.22943526285562835,0.050355055362051315,0.0006343759787792568,-0.00017979009842781623,0.49963079916629183,0.05,1.0,nan,nan,nan,nan,nan,nan,nan,0.09833333333333333,0.09833333333333333,1.0,1.0,13,13,0.04406779661016949,0.04406779661016949,-0.0341519524697112,-0.03160630156560983,0.0025456509041013667,-0.0341519524697112,-0.03160630156560983,0.0025456509041013667,3.6371067581390086,3.310891220892733,3.6371067581390086,3.310891220892733
s8_chunk00_rep04,0,low_response,regional_shift,box,3000,0.05,8.0,true,ctmle,estimated,xgboost,xgboost,targeting,1.0,0.0|0.25|0.5|1.0,-1.0,1.0,obsval,4.0,0.1,0,0.1,legacy,4.0,4,50,4,68.79641523497412,-0.26950613063047324,-0.2603305526416154,-0.26950613063047324,0.00917557798885782,0.001234260287882304,-0.00037454669746382185,0.0,0.5,1.0,nan,nan,nan,nan,nan,nan,nan,0.099,0.099,1.0,1.0,10,10,0.03367003367003367,0.03367003367003367,-0.25038868556544724,-0.24212884736000803,0.008259838205439213,-0.25038868556544724,-0.24212884736000803,0.008259838205439213,3.9576998989569794,3.8926154873708008,3.9576998989569794,3.8926154873708008
s8_chunk01_rep01,1,low_response,regional_shift,box,3000,0.05,8.0,true,ctmle,estimated,xgboost,xgboost,targeting,1.0,0.0|0.25|0.5|1.0,-1.0,1.0,obsval,4.0,0.1,0,0.1,legacy,4.0,4,50,1,16.872358806984266,-0.33432145181254136,-0.3237913999724956,-0.33432145181254136,0.01053005184004574,0.0028952511852369453,-0.000783348125791573,0.0,0.5,1.0,nan,nan,nan,nan,nan,nan,nan,0.09366666666666666,0.09366666666666666,1.0,1.0,8,8,0.028469750889679714,0.028469750889679714,-0.3278837058333247,-0.3184055881210071,0.009478117712317602,-0.3278837058333247,-0.3184055881210071,0.009478117712317602,4.8964834813012486,4.8074875242283275,4.8964834813012486,4.8074875242283275
s8_chunk01_rep02,1,low_response,regional_shift,box,3000,0.05,8.0,true,ctmle,estimated,xgboost,xgboost,targeting,1.0,0.0|0.25|0.5|1.0,-1.0,1.0,obsval,4.0,0.1,0,0.1,legacy,4.0,4,50,2,33.730483901978005,-0.17444712999800938,-0.08760923125982778,-0.11271261359028173,0.0868378987381816,0.0010899624863989089,0.0003293234232954502,0.7109167460840886,0.05,1.0,nan,nan,nan,nan,nan,nan,nan,0.105,0.105,1.0,1.0,12,12,0.0380952380952381,0.0380952380952381,-0.03550328710017558,-0.03258868135900701,0.0029146057411685647,-0.03550328710017558,-0.03258868135900701,0.0029146057411685647,2.9283320689540164,2.5668274505184594,2.9283320689540164,2.5668274505184594
s8_chunk01_rep03,1,low_response,regional_shift,box,3000,0.05,8.0,true,ctmle,estimated,xgboost,xgboost,targeting,1.0,0.0|0.25|0.5|1.0,-1.0,1.0,obsval,4.0,0.1,0,0.1,legacy,4.0,4,50,3,50.89178156998241,-0.13591556996030174,-0.11641100036272667,-0.13591556996030174,0.019504569597575072,0.0003479627731290229,3.405675932529554e-05,0.0,0.05,0.5,nan,nan,nan,nan,nan,nan,nan,0.09766666666666667,0.09766666666666667,1.0,1.0,25,25,0.08532423208191127,0.08532423208191127,-0.042167513035772666,-0.040446796868137465,0.0017207161676352015,-0.042167513035772666,-0.040446796868137465,0.0017207161676352015,2.716805385301444,2.636012055174912,2.716805385301444,2.636012055174912
s8_chunk01_rep04,1,low_response,regional_shift,box,3000,0.05,8.0,true,ctmle,estimated,xgboost,xgboost,targeting,1.0,0.0|0.25|0.5|1.0,-1.0,1.0,obsval,4.0,0.1,0,0.1,legacy,4.0,4,50,4,67.72302034599124,-0.312660735268912,-0.30815484524808145,-0.312660735268912,0.004505890020830572,0.0005265459922590959,0.00025567782172852827,0.0,0.5,1.0,nan,nan,nan,nan,nan,nan,nan,0.09133333333333334,0.09133333333333334,1.0,1.0,11,11,0.040145985401459854,0.040145985401459854,-0.2953026964997516,-0.29124739548100403,0.00405530101874757,-0.2953026964997516,-0.29124739548100403,0.00405530101874757,4.873749950308846,4.8396124831478895,4.873749950308846,4.8396124831478895
s8_chunk02_rep01,2,low_response,regional_shift,box,3000,0.05,8.0,true,ctmle,estimated,xgboost,xgboost,targeting,1.0,0.0|0.25|0.5|1.0,-1.0,1.0,obsval,4.0,0.1,0,0.1,legacy,4.0,4,50,1,16.844803774991306,-0.2926475583963616,-0.2305704455368245,-0.291634096825134,0.0620771128595371,0.0018953275863199046,-0.001606633595594197,0.01632584900526446,0.05,1.0,nan,nan,nan,nan,nan,nan,nan,0.104,0.104,1.0,1.0,9,9,0.028846153846153848,0.028846153846153848,-0.036417374765293206,-0.034781745621830784,0.001635629143462422,-0.036417374765293206,-0.034781745621830784,0.001635629143462422,4.356058564790066,4.0745651724612895,4.356058564790066,4.0745651724612895
s8_chunk02_rep02,2,low_response,regional_shift,box,3000,0.05,8.0,true,ctmle,estimated,xgboost,xgboost,targeting,1.0,0.0|0.25|0.5|1.0,-1.0,1.0,obsval,4.0,0.1,0,0.1,legacy,4.0,4,50,2,33.8591409449873,-0.16734077357956667,-0.09974102328348433,-0.12751927001878915,0.06759975029608234,0.000938901271484785,0.00027863526732689256,0.5890776724227831,0.05,1.0,nan,nan,nan,nan,nan,nan,nan,0.09766666666666667,0.09766666666666667,1.0,1.0,10,10,0.034129692832764506,0.034129692832764506,-0.020687856831465675,-0.018110110305961824,0.002577746525503851,-0.020687856831465675,-0.018110110305961824,0.002577746525503851,3.500256110717631,3.1385721683156627,3.500256110717631,3.1385721683156627
s8_chunk02_rep03,2,low_response,regional_shift,box,3000,0.05,8.0,true,ctmle,estimated,xgboost,xgboost,targeting,1.0,0.0|0.25|0.5|1.0,-1.0,1.0,obsval,4.0,0.1,0,0.1,legacy,4.0,4,50,3,50.79674555300153,-0.25062264980170446,-0.1579363515706249,-0.19196074066709984,0.09268629823107954,0.001576797337463083,5.5221446096959115e-05,0.6329081024290397,0.05,1.0,nan,nan,nan,nan,nan,nan,nan,0.10066666666666667,0.10066666666666667,1.0,1.0,12,12,0.039735099337748346,0.039735099337748346,-0.05218352376602191,-0.04689328511256495,0.005290238653456958,-0.05218352376602191,-0.04689328511256495,0.005290238653456958,3.9673131062590965,3.45796990768041,3.9673131062590965,3.45796990768041
s8_chunk02_rep04,2,low_response,regional_shift,box,3000,0.05,8.0,true,ctmle,estimated,xgboost,xgboost,targeting,1.0,0.0|0.25|0.5|1.0,-1.0,1.0,obsval,4.0,0.1,0,0.1,legacy,4.0,4,50,4,67.77462590299547,-0.2661745818287573,-0.20526754443430473,-0.2405971676255416,0.06090703739445258,0.0010759113404202915,-0.0008606095170030927,0.4199418539694939,0.05,1.0,nan,nan,nan,nan,nan,nan,nan,0.092,0.092,1.0,1.0,10,10,0.036231884057971016,0.036231884057971016,-0.027256747302953903,-0.02513953797307722,0.0021172093298766834,-0.027256747302953903,-0.02513953797307722,0.0021172093298766834,4.4190852375746,4.010928845382885,4.4190852375746,4.010928845382885
s8_chunk03_rep01,3,low_response,regional_shift,box,3000,0.05,8.0,true,ctmle,estimated,xgboost,xgboost,targeting,1.0,0.0|0.25|0.5|1.0,-1.0,1.0,obsval,4.0,0.1,0,0.1,legacy,4.0,4,50,1,16.973080482013756,-0.17035544813908277,-0.16016575227959295,-0.17035544813908277,0.010189695859489811,0.0006499472009263534,-4.7124168476719505e-05,0.0,0.5,1.0,nan,nan,nan,nan,nan,nan,nan,0.11,0.11,1.0,1.0,18,18,0.05454545454545454,0.05454545454545454,-0.16351781682441363,-0.1543468004025771,0.009171016421836542,-0.16351781682441363,-0.1543468004025771,0.009171016421836542,2.8341314962220574,2.7829456330890876,2.8341314962220574,2.7829456330890876
s8_chunk03_rep02,3,low_response,regional_shift,box,3000,0.05,8.0,true,ctmle,estimated,xgboost,xgboost,targeting,1.0,0.0|0.25|0.5|1.0,-1.0,1.0,obsval,4.0,0.1,0,0.1,legacy,4.0,4,50,2,33.94878017102019,-0.19243643340791505,-0.12177222743361826,-0.1664249716972857,0.07066420597429679,0.0015776753589826983,-0.0005278349422485175,0.3680995399579057,0.05,1.0,nan,nan,nan,nan,nan,nan,nan,0.09866666666666667,0.09866666666666667,1.0,1.0,14,14,0.0472972972972973,0.0472972972972973,-0.04047257941684129,-0.03647336982667814,0.003999209590163151,-0.04047257941684129,-0.03647336982667814,0.003999209590163151,3.223544006244803,2.957107523899034,3.223544006244803,2.957107523899034
s8_chunk03_rep03,3,low_response,regional_shift,box,3000,0.05,8.0,true,ctmle,estimated,xgboost,xgboost,targeting,1.0,0.0|0.25|0.5|1.0,-1.0,1.0,obsval,4.0,0.1,0,0.1,legacy,4.0,4,50,3,50.9347903910093,-0.1488941484557439,-0.14225361838729933,-0.1488941484557439,0.006640530068444561,0.000589013104450177,-0.00020041412948287873,0.0,0.5,1.0,nan,nan,nan,nan,nan,nan,nan,0.10333333333333333,0.10333333333333333,1.0,1.0,18,18,0.05806451612903226,0.05806451612903226,-0.12095683275068171,-0.1149793572094798,0.005977475541201913,-0.12095683275068171,-0.1149793572094798,0.005977475541201913,2.708746598587596,2.678415173137479,2.708746598587596,2.678415173137479
s8_chunk03_rep04,3,low_response,regional_shift,box,3000,0.05,8.0,true,ctmle,estimated,xgboost,xgboost,targeting,1.0,0.0|0.25|0.5|1.0,-1.0,1.0,obsval,4.0,0.1,0,0.1,legacy,4.0,4,50,4,67.92583831900265,-0.11894150235070011,-0.07242238257840228,-0.08948914337816552,0.046519119772297834,0.00039696534488467203,0.0002409410149013507,0.6331237374373857,0.05,1.0,nan,nan,nan,nan,nan,nan,nan,0.10233333333333333,0.10233333333333333,1.0,1.0,17,17,0.05537459283387622,0.05537459283387622,-0.012330833994073764,-0.009888711877476789,0.002442122116596975,-0.012330833994073764,-0.009888711877476789,0.002442122116596975,2.831527772471524,2.5870308856122874,2.831527772471524,2.5870308856122874
s8_chunk04_rep01,4,low_response,regional_shift,box,3000,0.05,8.0,true,ctmle,estimated,xgboost,xgboost,targeting,1.0,0.0|0.25|0.5|1.0,-1.0,1.0,obsval,4.0,0.1,0,0.1,legacy,4.0,4,50,1,16.984762270003557,-0.22042897252577132,-0.21197438325162699,-0.22042897252577132,0.00845458927414433,0.0009139031474229495,0.0004368213307013955,0.0,0.5,1.0,nan,nan,nan,nan,nan,nan,nan,0.101,0.101,1.0,1.0,16,16,0.052805280528052806,0.052805280528052806,-0.15571831578430942,-0.14810837141687733,0.007609944367432092,-0.15571831578430942,-0.14810837141687733,0.007609944367432092,2.8666195314697585,2.8139891356923763,2.8666195314697585,2.8139891356923763
s8_chunk04_rep02,4,low_response,regional_shift,box,3000,0.05,8.0,true,ctmle,estimated,xgboost,xgboost,targeting,1.0,0.0|0.25|0.5|1.0,-1.0,1.0,obsval,4.0,0.1,0,0.1,legacy,4.0,4,50,2,33.999241034995066,-0.19098407215219637,-0.11071457153353759,-0.12936613088556975,0.08026950061865878,0.0007485756774734485,-0.000194390513138098,0.7676382784459908,0.05,1.0,nan,nan,nan,nan,nan,nan,nan,0.09966666666666667,0.09966666666666667,1.0,1.0,14,14,0.046822742474916385,0.046822742474916385,-0.039548474430839246,-0.03533735861960594,0.004211115811233304,-0.039548474430839246,-0.03533735861960594,0.004211115811233304,3.475909042827771,3.2363087147423615,3.475909042827771,3.2363087147423615
s8_chunk04_rep03,4,low_response,regional_shift,box,3000,0.05,8.0,true,ctmle,estimated,xgboost,xgboost,targeting,1.0,0.0|0.25|0.5|1.0,-1.0,1.0,obsval,4.0,0.1,0,0.1,legacy,4.0,4,50,3,51.22493978499551,-0.18513025188352494,-0.08717965968440922,-0.10904906956819975,0.09795059219911573,0.0010710608245812388,-1.8772209993467293e-05,0.7767301923061986,0.05,1.0,nan,nan,nan,nan,nan,nan,nan,0.101,0.101,1.0,1.0,14,14,0.0462046204620462,0.0462046204620462,-0.0336509728673625,-0.02869894226541471,0.004952030601947793,-0.0336509728673625,-0.02869894226541471,0.004952030601947793,2.976661634547384,2.632506157614394,2.976661634547384,2.632506157614394
s8_chunk04_rep04,4,low_response,regional_shift,box,3000,0.05,8.0,true,ctmle,estimated,xgboost,xgboost,targeting,1.0,0.0|0.25|0.5|1.0,-1.0,1.0,obsval,4.0,0.1,0,0.1,legacy,4.0,4,50,4,68.2665805160068,-0.17208955335141796,-0.11442034112097832,-0.1327159706640275,0.05766921223043964,0.0005275472715038018,-0.00036147658629921177,0.6827487521427915,0.05,1.0,nan,nan,nan,nan,nan,nan,nan,0.10366666666666667,0.10366666666666667,1.0,1.0,13,13,0.04180064308681672,0.04180064308681672,-0.021125145672201653,-0.018763639968245684,0.0023615057039559698,-0.021125145672201653,-0.018763639968245684,0.0023615057039559698,3.0098270015334543,2.735009082023678,3.0098270015334543,2.735009082023678
s8_chunk05_rep01,5,low_response,regional_shift,box,3000,0.05,8.0,true,ctmle,estimated,xgboost,xgboost,targeting,1.0,0.0|0.25|0.5|1.0,-1.0,1.0,obsval,4.0,0.1,0,0.1,legacy,4.0,4,50,1,17.052786087006098,-0.10588891566858616,-0.09785382237576212,-0.10588891566858616,0.008035093292824036,0.0009119662332540499,-0.000187808339234128,0.0,0.5,1.0,nan,nan,nan,nan,nan,nan,nan,0.089,0.089,1.0,1.0,19,19,0.07116104868913857,0.07116104868913857,-0.10029860230721006,-0.09306383992522287,0.0072347623819871976,-0.10029860230721006,-0.09306383992522287,0.0072347623819871976,2.854459305143254,2.8197265028023244,2.854459305143254,2.8197265028023244
s8_chunk05_rep02,5,low_response,regional_shift,box,3000,0.05,8.0,true,ctmle,estimated,xgboost,xgboost,targeting,1.0,0.0|0.25|0.5|1.0,-1.0,1.0,obsval,4.0,0.1,0,0.1,legacy,4.0,4,50,2,34.00320032000309,-0.2681635356040313,-0.25908386952816975,-0.2681635356040313,0.009079666075861526,0.0006737382426745958,9.64719323045659e-05,0.0,0.5,1.0,nan,nan,nan,nan,nan,nan,nan,0.10633333333333334,0.10633333333333334,1.0,1.0,13,13,0.04075235109717868,0.04075235109717868,-0.23215103799469,-0.22397545015326062,0.008175587841429383,-0.23215103799469,-0.22397545015326062,0.008175587841429383,3.6351075051995885,3.5780566674980023,3.6351075051995885,3.5780566674980023
s8_chunk05_rep03,5,low_response,regional_shift,box,3000,0.05,8.0,true,ctmle,estimated,xgboost,xgboost,targeting,1.0,0.0|0.25|0.5|1.0,-1.0,1.0,obsval,4.0,0.1,0,0.1,legacy,4.0,4,50,3,51.078479564981535,-0.17094959848526292,-0.1606679089556885,-0.17094959848526292,0.010281689529574423,0.0007546247878870531,0.0002993206856888586,0.0,0.5,1.0,nan,nan,nan,nan,nan,nan,nan,0.094,0.094,1.0,1.0,14,14,0.04964539007092199,0.04964539007092199,-0.1602176091383701,-0.15096365486792399,0.009253954270446119,-0.1602176091383701,-0.15096365486792399,0.009253954270446119,3.0696382877284103,3.0024957320555163,3.0696382877284103,3.0024957320555163
s8_chunk05_rep04,5,low_response,regional_shift,box,3000,0.05,8.0,true,ctmle,estimated,xgboost,xgboost,targeting,1.0,0.0|0.25|0.5|1.0,-1.0,1.0,obsval,4.0,0.1,0,0.1,legacy,4.0,4,50,4,67.92328314998304,-0.14831225911364598,-0.14316171644944864,-0.14831225911364598,0.005150542664197344,0.00048811687529731404,-0.00043472994759736084,0.0,0.5,1.0,nan,nan,nan,nan,nan,nan,nan,0.09766666666666667,0.09766666666666667,1.0,1.0,14,14,0.04778156996587031,0.04778156996587031,-0.1157870165380953,-0.11115078170737219,0.004636234830723104,-0.1157870165380953,-0.11115078170737219,0.004636234830723104,2.6346663672651762,2.609082465850297,2.6346663672651762,2.609082465850297
s8_chunk06_rep01,6,low_response,regional_shift,box,3000,0.05,8.0,true,ctmle,estimated,xgboost,xgboost,targeting,1.0,0.0|0.25|0.5|1.0,-1.0,1.0,obsval,4.0,0.1,0,0.1,legacy,4.0,4,50,1,16.97068937201402,-0.06477761152674799,-0.0556540645648933,-0.06477761152674799,0.00912354696185469,0.0007478461337321659,-0.000601072934686993,0.0,0.5,1.0,nan,nan,nan,nan,nan,nan,nan,0.10366666666666667,0.10366666666666667,1.0,1.0,17,17,0.05466237942122187,0.05466237942122187,-0.09232446890701794,-0.08411005374894497,0.008214415158072974,-0.09232446890701794,-0.08411005374894497,0.008214415158072974,2.520213844949871,2.485282436163701,2.520213844949871,2.485282436163701
s8_chunk06_rep02,6,low_response,regional_shift,box,3000,0.05,8.0,true,ctmle,estimated,xgboost,xgboost,targeting,1.0,0.0|0.25|0.5|1.0,-1.0,1.0,obsval,4.0,0.1,0,0.1,legacy,4.0,4,50,2,34.25689166301163,-0.09928269023756853,-0.09368125127717408,-0.09928269023756853,0.005601438960394445,0.00047612488750751764,0.00013388095704172827,0.0,0.5,1.0,nan,nan,nan,nan,nan,nan,nan,0.10233333333333333,0.10233333333333333,1.0,1.0,20,20,0.06514657980456026,0.06514657980456026,-0.10091916719869468,-0.09587434140932248,0.005044825789372195,-0.10091916719869468,-0.09587434140932248,0.005044825789372195,2.404955546330878,2.3809108117171376,2.404955546330878,2.3809108117171376
s8_chunk06_rep03,6,low_response,regional_shift,box,3000,0.05,8.0,true,ctmle,estimated,xgboost,xgboost,targeting,1.0,0.0|0.25|0.5|1.0,-1.0,1.0,obsval,4.0,0.1,0,0.1,legacy,4.0,4,50,3,51.29330156501965,-0.1411107356614112,-0.11041222639829562,-0.1411107356614112,0.03069850926311557,0.0010156149622388352,-0.0006012583754375651,0.0,0.05,0.5,nan,nan,nan,nan,nan,nan,nan,0.109,0.109,1.0,1.0,16,16,0.04892966360856269,0.04892966360856269,-0.02339680550977532,-0.021789796425001513,0.0016070090847738056,-0.02339680550977532,-0.021789796425001513,0.0016070090847738056,2.6314480182374305,2.5534976657829582,2.6314480182374305,2.5534976657829582
s8_chunk06_rep04,6,low_response,regional_shift,box,3000,0.05,8.0,true,ctmle,estimated,xgboost,xgboost,targeting,1.0,0.0|0.25|0.5|1.0,-1.0,1.0,obsval,4.0,0.1,0,0.1,legacy,4.0,4,50,4,68.39521651901305,-0.13401090471271504,-0.13401090471271504,-0.13401090471271504,0.0,0.00047786238877310823,9.444417911486092e-05,0.0,0.05,0.0,nan,nan,nan,nan,nan,nan,nan,0.101,0.101,1.0,1.0,18,18,0.0594059405940594,0.0594059405940594,-0.025811603717728195,-0.025811603717728195,0.0,-0.025811603717728195,-0.025811603717728195,0.0,2.249752644390816,2.249752644390816,2.249752644390816,2.249752644390816
s8_chunk07_rep01,7,low_response,regional_shift,box,3000,0.05,8.0,true,ctmle,estimated,xgboost,xgboost,targeting,1.0,0.0|0.25|0.5|1.0,-1.0,1.0,obsval,4.0,0.1,0,0.1,legacy,4.0,4,50,1,16.930320328014204,-0.1497862552683067,-0.1397794924956257,-0.1497862552683067,0.010006762772680977,0.0007121856688417205,-0.0009181029351698266,0.0,0.5,1.0,nan,nan,nan,nan,nan,nan,nan,0.098,0.098,1.0,1.0,17,17,0.05782312925170068,0.05782312925170068,-0.15568767826134922,-0.14667762912500673,0.009010049136342485,-0.15568767826134922,-0.14667762912500673,0.009010049136342485,3.225644606805683,3.169692066939213,3.225644606805683,3.169692066939213
s8_chunk07_rep02,7,low_response,regional_shift,box,3000,0.05,8.0,true,ctmle,estimated,xgboost,xgboost,targeting,1.0,0.0|0.25|0.5|1.0,-1.0,1.0,obsval,4.0,0.1,0,0.1,legacy,4.0,4,50,2,33.965589422004996,-0.19415206609521307,-0.1835393868032461,-0.19415206609521307,0.010612679291966964,0.0008332204724395709,8.584553580623811e-05,0.0,0.5,1.0,nan,nan,nan,nan,nan,nan,nan,0.09866666666666667,0.09866666666666667,1.0,1.0,21,21,0.07094594594594594,0.07094594594594594,-0.17395781581868092,-0.16440195050410109,0.009555865314579831,-0.17395781581868092,-0.16440195050410109,0.009555865314579831,2.861960629076815,2.789838981026948,2.861960629076815,2.789838981026948
s8_chunk07_rep03,7,low_response,regional_shift,box,3000,0.05,8.0,true,ctmle,estimated,xgboost,xgboost,targeting,1.0,0.0|0.25|0.5|1.0,-1.0,1.0,obsval,4.0,0.1,0,0.1,legacy,4.0,4,50,3,51.10884683500626,-0.26081286245169755,-0.1968044293490725,-0.232586559231174,0.06400843310262505,0.0011451790334139674,-0.0003137762156692446,0.4409778813874129,0.05,1.0,nan,nan,nan,nan,nan,nan,nan,0.10033333333333333,0.10033333333333333,1.0,1.0,13,13,0.04318936877076412,0.04318936877076412,-0.036720436568160104,-0.03410196208880934,0.002618474479350763,-0.036720436568160104,-0.03410196208880934,0.002618474479350763,3.4311307819841055,2.944014379804865,3.4311307819841055,2.944014379804865
s8_chunk07_rep04,7,low_response,regional_shift,box,3000,0.05,8.0,true,ctmle,estimated,xgboost,xgboost,targeting,1.0,0.0|0.25|0.5|1.0,-1.0,1.0,obsval,4.0,0.1,0,0.1,legacy,4.0,4,50,4,68.26473696602625,-0.11401845564167978,-0.10604105975196065,-0.11401845564167978,0.00797739588971913,0.0012171838580322739,-0.000588111493837569,0.0,0.5,1.0,nan,nan,nan,nan,nan,nan,nan,0.09366666666666666,0.09366666666666666,1.0,1.0,11,11,0.03914590747330961,0.03914590747330961,-0.11354354977073844,-0.10636046802888545,0.00718308174185299,-0.11354354977073844,-0.10636046802888545,0.00718308174185299,2.3615638767185994,2.320314288827938,2.3615638767185994,2.320314288827938
s8_chunk08_rep01,8,low_response,regional_shift,box,3000,0.05,8.0,true,ctmle,estimated,xgboost,xgboost,targeting,1.0,0.0|0.25|0.5|1.0,-1.0,1.0,obsval,4.0,0.1,0,0.1,legacy,4.0,4,50,1,16.986962452006992,-0.1902907160964994,-0.1902907160964994,-0.1902907160964994,0.0,0.000622025090141377,-0.0002201888705081331,0.0,0.5,0.0,nan,nan,nan,nan,nan,nan,nan,0.10266666666666667,0.10266666666666667,1.0,1.0,18,18,0.05844155844155844,0.05844155844155844,-0.18667090589725044,-0.18667090589725044,0.0,-0.18667090589725044,-0.18667090589725044,0.0,3.8247532073034503,3.8247532073034503,3.8247532073034503,3.8247532073034503
s8_chunk08_rep02,8,low_response,regional_shift,box,3000,0.05,8.0,true,ctmle,estimated,xgboost,xgboost,targeting,1.0,0.0|0.25|0.5|1.0,-1.0,1.0,obsval,4.0,0.1,0,0.1,legacy,4.0,4,50,2,34.216145557002164,-0.20839904184874825,-0.2060324604023155,-0.20839904184874825,0.0023665814464327584,0.0002569659474209087,-0.0001673632387335592,0.0,0.5,1.0,nan,nan,nan,nan,nan,nan,nan,0.095,0.095,1.0,1.0,16,16,0.056140350877192984,0.056140350877192984,-0.17874420638764207,-0.1766138099761625,0.0021303964114795793,-0.17874420638764207,-0.1766138099761625,0.0021303964114795793,3.2856265157683446,3.268147180609731,3.2856265157683446,3.268147180609731
s8_chunk08_rep03,8,low_response,regional_shift,box,3000,0.05,8.0,true,ctmle,estimated,xgboost,xgboost,targeting,1.0,0.0|0.25|0.5|1.0,-1.0,1.0,obsval,4.0,0.1,0,0.1,legacy,4.0,4,50,3,51.35178967300453,-0.14397797057040562,-0.14008596910351634,-0.14397797057040562,0.0038920014668892833,0.0013102661351195172,0.00046984724639044344,0.0,0.5,1.0,nan,nan,nan,nan,nan,nan,nan,0.09966666666666667,0.09966666666666667,1.0,1.0,12,12,0.04013377926421405,0.04013377926421405,-0.15776606935922122,-0.15426257130445292,0.003503498054768295,-0.15776606935922122,-0.15426257130445292,0.003503498054768295,3.0367252572481576,3.012040000342598,3.0367252572481576,3.012040000342598
s8_chunk08_rep04,8,low_response,regional_shift,box,3000,0.05,8.0,true,ctmle,estimated,xgboost,xgboost,targeting,1.0,0.0|0.25|0.5|1.0,-1.0,1.0,obsval,4.0,0.1,0,0.1,legacy,4.0,4,50,4,68.53476580500137,-0.21054034002076483,-0.20292104129400146,-0.21054034002076483,0.007619298726763368,0.0007137763207712283,-7.363587427868315e-05,0.0,0.5,1.0,nan,nan,nan,nan,nan,nan,nan,0.09533333333333334,0.09533333333333334,1.0,1.0,10,10,0.03496503496503497,0.03496503496503497,-0.20773455016566897,-0.20087545418598163,0.006859095979687341,-0.20773455016566897,-0.20087545418598163,0.006859095979687341,3.733284382915947,3.6867311979570454,3.733284382915947,3.6867311979570454
s8_chunk09_rep01,9,low_response,regional_shift,box,3000,0.05,8.0,true,ctmle,estimated,xgboost,xgboost,targeting,1.0,0.0|0.25|0.5|1.0,-1.0,1.0,obsval,4.0,0.1,0,0.1,legacy,4.0,4,50,1,17.220065831003012,-0.24887563941780222,-0.23203916973868932,-0.24887563941780222,0.016836469679112898,0.0021413240495124376,-0.0018190129116869378,0.0,0.05,0.25,nan,nan,nan,nan,nan,nan,nan,0.09766666666666667,0.09766666666666667,1.0,1.0,9,9,0.030716723549488054,0.030716723549488054,-0.04403766779057704,-0.043320193047898595,0.0007174747426784422,-0.04403766779057704,-0.043320193047898595,0.0007174747426784422,3.7668721245644727,3.6806027066553555,3.7668721245644727,3.6806027066553555
s8_chunk09_rep02,9,low_response,regional_shift,box,3000,0.05,8.0,true,ctmle,estimated,xgboost,xgboost,targeting,1.0,0.0|0.25|0.5|1.0,-1.0,1.0,obsval,4.0,0.1,0,0.1,legacy,4.0,4,50,2,34.10561695299111,-0.2402899145542977,-0.15592660599393882,-0.23552637187459913,0.0843633085603589,0.003357649805161237,7.369240778579318e-05,0.056464626162574416,0.05,1.0,nan,nan,nan,nan,nan,nan,nan,0.108,0.108,1.0,1.0,11,11,0.033950617283950615,0.033950617283950615,-0.022659518768870967,-0.020049932717598685,0.002609586051272282,-0.022659518768870967,-0.020049932717598685,0.002609586051272282,3.5230416050411075,3.0688943845849312,3.5230416050411075,3.0688943845849312
s8_chunk09_rep03,9,low_response,regional_shift,box,3000,0.05,8.0,true,ctmle,estimated,xgboost,xgboost,targeting,1.0,0.0|0.25|0.5|1.0,-1.0,1.0,obsval,4.0,0.1,0,0.1,legacy,4.0,4,50,3,51.03331692298525,-0.29135820366048815,-0.1850903838700143,-0.21766964618391976,0.10626781979047384,0.0017310635882403398,-0.0024442127698887893,0.6934230665676464,0.05,1.0,nan,nan,nan,nan,nan,nan,nan,0.1,0.1,1.0,1.0,10,10,0.03333333333333333,0.03333333333333333,-0.02576134927823236,-0.02246793331427339,0.003293415963958969,-0.02576134927823236,-0.02246793331427339,0.003293415963958969,3.744844809646669,3.037717751863928,3.744844809646669,3.037717751863928
s8_chunk09_rep04,9,low_response,regional_shift,box,3000,0.05,8.0,true,ctmle,estimated,xgboost,xgboost,targeting,1.0,0.0|0.25|0.5|1.0,-1.0,1.0,obsval,4.0,0.1,0,0.1,legacy,4.0,4,50,4,68.24841521200142,-0.1738899650232424,-0.1582820293161058,-0.1738899650232424,0.015607935707136589,0.0023453889944004824,-0.0006037586608071011,0.0,0.5,1.0,nan,nan,nan,nan,nan,nan,nan,0.1,0.1,1.0,1.0,13,13,0.043333333333333335,0.043333333333333335,-0.15288558751601866,-0.13883374623906786,0.014051841276950805,-0.15288558751601866,-0.13883374623906786,0.014051841276950805,2.6544711705823887,2.531765712083671,2.6544711705823887,2.531765712083671
s8_chunk10_rep01,10,low_response,regional_shift,box,3000,0.05,8.0,true,ctmle,estimated,xgboost,xgboost,targeting,1.0,0.0|0.25|0.5|1.0,-1.0,1.0,obsval,4.0,0.1,0,0.1,legacy,4.0,4,50,1,17.320316183002433,-0.13963062835614326,-0.13435507476857578,-0.13963062835614326,0.005275553587567483,0.0006550455775571461,-0.00028075661114342933,0.0,0.5,1.0,nan,nan,nan,nan,nan,nan,nan,0.109,0.109,1.0,1.0,17,17,0.05198776758409786,0.05198776758409786,-0.1424227192242998,-0.13767401707907345,0.004748702145226352,-0.1424227192242998,-0.13767401707907345,0.004748702145226352,2.8550623744214203,2.8305352619205744,2.8550623744214203,2.8305352619205744
s8_chunk10_rep02,10,low_response,regional_shift,box,3000,0.05,8.0,true,ctmle,estimated,xgboost,xgboost,targeting,1.0,0.0|0.25|0.5|1.0,-1.0,1.0,obsval,4.0,0.1,0,0.1,legacy,4.0,4,50,2,34.480570160987554,-0.1424150235122208,-0.13374118748975938,-0.1424150235122208,0.008673836022461412,0.0003887104116547307,-0.00013302378936518684,0.0,0.5,1.0,nan,nan,nan,nan,nan,nan,nan,0.104,0.104,1.0,1.0,18,18,0.057692307692307696,0.057692307692307696,-0.10765127842867676,-0.09984398606171116,0.007807292366965604,-0.10765127842867676,-0.09984398606171116,0.007807292366965604,2.8200164380587665,2.7870796462009797,2.8200164380587665,2.7870796462009797
s8_chunk10_rep03,10,low_response,regional_shift,box,3000,0.05,8.0,true,ctmle,estimated,xgboost,xgboost,targeting,1.0,0.0|0.25|0.5|1.0,-1.0,1.0,obsval,4.0,0.1,0,0.1,legacy,4.0,4,50,3,51.315095783007564,-0.32014267714377986,-0.2791018946009922,-0.30846500927456877,0.041040782542787646,0.0006025426020485961,-0.00047193925640244723,0.28453813854636867,0.05,1.0,nan,nan,nan,nan,nan,nan,nan,0.094,0.094,1.0,1.0,9,9,0.031914893617021274,0.031914893617021274,-0.036831438097665994,-0.03549082850477424,0.001340609592891756,-0.036831438097665994,-0.03549082850477424,0.001340609592891756,4.56792226873186,4.2252791481532554,4.56792226873186,4.2252791481532554
s8_chunk10_rep04,10,low_response,regional_shift,box,3000,0.05,8.0,true,ctmle,estimated,xgboost,xgboost,targeting,1.0,0.0|0.25|0.5|1.0,-1.0,1.0,obsval,4.0,0.1,0,0.1,legacy,4.0,4,50,4,68.14162842399674,-0.20685663497663453,-0.18737331833505766,-0.20685663497663453,0.019483316641576875,0.0007776501972782436,-0.00013163583595008146,0.0,0.05,1.0,nan,nan,nan,nan,nan,nan,nan,0.104,0.104,1.0,1.0,15,15,0.04807692307692308,0.04807692307692308,-0.03232818556280289,-0.03161243526490165,0.0007157502979012395,-0.03232818556280289,-0.03161243526490165,0.0007157502979012395,4.097157725188383,3.9810111616343122,4.097157725188383,3.9810111616343122
s8_chunk11_rep01,11,low_response,regional_shift,box,3000,0.05,8.0,true,ctmle,estimated,xgboost,xgboost,targeting,1.0,0.0|0.25|0.5|1.0,-1.0,1.0,obsval,4.0,0.1,0,0.1,legacy,4.0,4,50,1,16.999190136004472,-0.2927755756094029,-0.28133357938031,-0.2927755756094029,0.011441996229092921,0.0009306639806464442,0.00023968400432445008,0.0,0.5,1.0,nan,nan,nan,nan,nan,nan,nan,0.114,0.114,1.0,1.0,16,16,0.04678362573099415,0.04678362573099415,-0.26585492621436607,-0.25555575972307887,0.010299166491287204,-0.26585492621436607,-0.25555575972307887,0.010299166491287204,4.057142648237764,3.99524624842839,4.057142648237764,3.99524624842839
s8_chunk11_rep02,11,low_response,regional_shift,box,3000,0.05,8.0,true,ctmle,estimated,xgboost,xgboost,targeting,1.0,0.0|0.25|0.5|1.0,-1.0,1.0,obsval,4.0,0.1,0,0.1,legacy,4.0,4,50,2,33.918200077983784,-0.2924309287015957,-0.24726028847793735,-0.2924309287015957,0.045170640223658354,0.0015476379929925278,-0.0011842334453805803,0.0,0.05,0.5,nan,nan,nan,nan,nan,nan,nan,0.09866666666666667,0.09866666666666667,1.0,1.0,10,10,0.033783783783783786,0.033783783783783786,-0.04385878342301151,-0.04188750608766616,0.001971277335345356,-0.04385878342301151,-0.04188750608766616,0.001971277335345356,4.350322587655769,4.081702342878926,4.350322587655769,4.081702342878926
s8_chunk11_rep03,11,low_response,regional_shift,box,3000,0.05,8.0,true,ctmle,estimated,xgboost,xgboost,targeting,1.0,0.0|0.25|0.5|1.0,-1.0,1.0,obsval,4.0,0.1,0,0.1,legacy,4.0,4,50,3,50.979649373010034,-0.24911805388415365,-0.2418834014133966,-0.24911805388415365,0.0072346524707570525,0.00047772699469834576,-0.00017538237475485646,0.0,0.5,1.0,nan,nan,nan,nan,nan,nan,nan,0.09866666666666667,0.09866666666666667,1.0,1.0,17,17,0.057432432432432436,0.057432432432432436,-0.18908200534483408,-0.18256719922798711,0.006514806116846961,-0.18908200534483408,-0.18256719922798711,0.006514806116846961,3.3117481231595223,3.2685716307068384,3.3117481231595223,3.2685716307068384
s8_chunk11_rep04,11,low_response,regional_shift,box,3000,0.05,8.0,true,ctmle,estimated,xgboost,xgboost,targeting,1.0,0.0|0.25|0.5|1.0,-1.0,1.0,obsval,4.0,0.1,0,0.1,legacy,4.0,4,50,4,67.87193941799342,-0.08427926758856341,-0.05987994643390637,-0.08427926758856341,0.02439932115465704,0.0009031127717361934,0.0003398003660621497,0.0,0.25,1.0,nan,nan,nan,nan,nan,nan,nan,0.098,0.098,1.0,1.0,14,14,0.047619047619047616,0.047619047619047616,-0.06455187340025678,-0.04497722522696623,0.01957464817329055,-0.06455187340025678,-0.04497722522696623,0.01957464817329055,1.891037271012189,1.8051160432450022,1.891037271012189,1.8051160432450022
s8_chunk12_rep01,12,low_response,regional_shift,box,3000,0.05,8.0,true,ctmle,estimated,xgboost,xgboost,targeting,1.0,0.0|0.25|0.5|1.0,-1.0,1.0,obsval,4.0,0.1,0,0.1,legacy,4.0,4,50,1,16.890023041982204,-0.14298131403355052,-0.050198277773926714,-0.06903666610090638,0.09278303625962381,0.0008739414336075141,-0.0004477600555919791,0.796963010843206,0.05,1.0,nan,nan,nan,nan,nan,nan,nan,0.10066666666666667,0.10066666666666667,1.0,1.0,17,17,0.056291390728476824,0.056291390728476824,-0.03131680135176614,-0.02692947603802213,0.004387325313744011,-0.03131680135176614,-0.02692947603802213,0.004387325313744011,2.695604196231751,2.517906435390003,2.695604196231751,2.517906435390003
s8_chunk12_rep02,12,low_response,regional_shift,box,3000,0.05,8.0,true,ctmle,estimated,xgboost,xgboost,targeting,1.0,0.0|0.25|0.5|1.0,-1.0,1.0,obsval,4.0,0.1,0,0.1,legacy,4.0,4,50,2,33.79790994297946,-0.12080691140589339,-0.03847147789725347,-0.06494896710419631,0.08233543350863992,0.0010900177760369868,-0.0006127255301815069,0.678419265210228,0.05,1.0,nan,nan,nan,nan,nan,nan,nan,0.105,0.105,1.0,1.0,15,15,0.047619047619047616,0.047619047619047616,-0.03694194290265184,-0.03204893804652022,0.004893004856131623,-0.03694194290265184,-0.03204893804652022,0.004893004856131623,3.2373628833344097,3.0418279985869408,3.2373628833344097,3.0418279985869408
s8_chunk12_rep03,12,low_response,regional_shift,box,3000,0.05,8.0,true,ctmle,estimated,xgboost,xgboost,targeting,1.0,0.0|0.25|0.5|1.0,-1.0,1.0,obsval,4.0,0.1,0,0.1,legacy,4.0,4,50,3,50.715607649995945,-0.16849496889093019,-0.09315617871236737,-0.12201887951717251,0.07533879017856282,0.0010872404799599257,-0.000482727450033877,0.6168945541015889,0.05,1.0,nan,nan,nan,nan,nan,nan,nan,0.1,0.1,1.0,1.0,13,13,0.043333333333333335,0.043333333333333335,-0.03898040040230266,-0.0346193315319761,0.0043610688703265635,-0.03898040040230266,-0.0346193315319761,0.0043610688703265635,3.1349884059031043,2.777149963967572,3.1349884059031043,2.777149963967572
s8_chunk12_rep04,12,low_response,regional_shift,box,3000,0.05,8.0,true,ctmle,estimated,xgboost,xgboost,targeting,1.0,0.0|0.25|0.5|1.0,-1.0,1.0,obsval,4.0,0.1,0,0.1,legacy,4.0,4,50,4,68.06670764298178,-0.257934001241072,-0.18771371490575306,-0.21331133737422556,0.07022028633531896,0.0008987361896197667,-0.000779419058401472,0.6354668457739174,0.05,1.0,nan,nan,nan,nan,nan,nan,nan,0.099,0.099,1.0,1.0,12,12,0.04040404040404041,0.04040404040404041,-0.027007168150303008,-0.024550160652206575,0.002457007498096433,-0.027007168150303008,-0.024550160652206575,0.002457007498096433,3.8798694516728713,3.4504781150800095,3.8798694516728713,3.4504781150800095
s8_chunk13_rep01,13,low_response,regional_shift,box,3000,0.05,8.0,true,ctmle,estimated,xgboost,xgboost,targeting,1.0,0.0|0.25|0.5|1.0,-1.0,1.0,obsval,4.0,0.1,0,0.1,legacy,4.0,4,50,1,16.838794554991182,-0.13830254238634732,-0.12952969167104023,-0.13830254238634732,0.00877285071530709,0.0006726195375337529,0.00044061017880543847,0.0,0.5,1.0,nan,nan,nan,nan,nan,nan,nan,0.11333333333333333,0.11333333333333333,1.0,1.0,12,12,0.03529411764705882,0.03529411764705882,-0.12259002269056966,-0.11469299337011112,0.007897029320458548,-0.12259002269056966,-0.11469299337011112,0.007897029320458548,2.4342689153030674,2.3968233652018327,2.4342689153030674,2.3968233652018327
s8_chunk13_rep02,13,low_response,regional_shift,box,3000,0.05,8.0,true,ctmle,estimated,xgboost,xgboost,targeting,1.0,0.0|0.25|0.5|1.0,-1.0,1.0,obsval,4.0,0.1,0,0.1,legacy,4.0,4,50,2,33.911305809015175,-0.08235005222630809,-0.01087049722673128,-0.02863296304173083,0.07147955499957681,0.0006348265760756817,-0.00033633201207530945,0.7515028484004312,0.05,1.0,nan,nan,nan,nan,nan,nan,nan,0.09866666666666667,0.09866666666666667,1.0,1.0,21,21,0.07094594594594594,0.07094594594594594,-0.021075053550742656,-0.016189795582101686,0.00488525796864097,-0.021075053550742656,-0.016189795582101686,0.00488525796864097,2.1451561921268523,2.0936702909212244,2.1451561921268523,2.0936702909212244
s8_chunk13_rep03,13,low_response,regional_shift,box,3000,0.05,8.0,true,ctmle,estimated,xgboost,xgboost,targeting,1.0,0.0|0.25|0.5|1.0,-1.0,1.0,obsval,4.0,0.1,0,0.1,legacy,4.0,4,50,3,51.302755437005544,-0.050948678108069356,0.03700522012953522,0.01852491426583805,0.08795389823760458,0.0008127074706677142,7.900398135932823e-05,0.7898864492194169,0.05,1.0,nan,nan,nan,nan,nan,nan,nan,0.08966666666666667,0.08966666666666667,1.0,1.0,17,17,0.06319702602230483,0.06319702602230483,-0.0342426674074623,-0.029342449714924418,0.00490021769253788,-0.0342426674074623,-0.029342449714924418,0.00490021769253788,2.5794689528719976,2.65324148822463,2.5794689528719976,2.65324148822463
s8_chunk13_rep04,13,low_response,regional_shift,box,3000,0.05,8.0,true,ctmle,estimated,xgboost,xgboost,targeting,1.0,0.0|0.25|0.5|1.0,-1.0,1.0,obsval,4.0,0.1,0,0.1,legacy,4.0,4,50,4,68.08640624801046,-0.3154416872521787,-0.26451710022886554,-0.2874380176111354,0.05092458702331315,0.0005836191259437863,-0.0004096502232682317,0.5499046978667353,0.05,1.0,nan,nan,nan,nan,nan,nan,nan,0.112,0.112,1.0,1.0,21,21,0.0625,0.0625,-0.047383068394062054,-0.044291683662433516,0.003091384731628538,-0.047383068394062054,-0.044291683662433516,0.003091384731628538,4.002411358652563,3.7404578448636827,4.002411358652563,3.7404578448636827
s8_chunk14_rep01,14,low_response,regional_shift,box,3000,0.05,8.0,true,ctmle,estimated,xgboost,xgboost,targeting,1.0,0.0|0.25|0.5|1.0,-1.0,1.0,obsval,4.0,0.1,0,0.1,legacy,4.0,4,50,1,17.16485492401989,-0.23783563401224483,-0.23247629366336575,-0.23783563401224483,0.0053593403488790825,0.0007391536444074295,-0.0007151401418550134,0.0,0.5,1.0,nan,nan,nan,nan,nan,nan,nan,0.102,0.102,1.0,1.0,15,15,0.049019607843137254,0.049019607843137254,-0.1931710308915702,-0.188347624577579,0.0048234063139911965,-0.1931710308915702,-0.188347624577579,0.0048234063139911965,3.5341035859121948,3.50441229324614,3.5341035859121948,3.50441229324614
s8_chunk14_rep02,14,low_response,regional_shift,box,3000,0.05,8.0,true,ctmle,estimated,xgboost,xgboost,targeting,1.0,0.0|0.25|0.5|1.0,-1.0,1.0,obsval,4.0,0.1,0,0.1,legacy,4.0,4,50,2,34.08881444102735,-0.20699385457812758,-0.10615749632364846,-0.1264855957674226,0.10083635825447912,0.001024905759072544,-0.0008622561211088821,0.7984050614712558,0.05,1.0,nan,nan,nan,nan,nan,nan,nan,0.11233333333333333,0.11233333333333333,1.0,1.0,19,19,0.05637982195845697,0.05637982195845697,-0.035360800954709885,-0.03131771952779593,0.0040430814269139526,-0.035360800954709885,-0.03131771952779593,0.0040430814269139526,2.8930153162679493,2.6247605804934016,2.8930153162679493,2.6247605804934016
s8_chunk14_rep03,14,low_response,regional_shift,box,3000,0.05,8.0,true,ctmle,estimated,xgboost,xgboost,targeting,1.0,0.0|0.25|0.5|1.0,-1.0,1.0,obsval,4.0,0.1,0,0.1,legacy,4.0,4,50,3,51.137649255018914,-0.09829497911056784,-0.037956284381365,-0.07039588921667507,0.060338694729202835,0.0009786817066468733,-0.0003215102823507692,0.4623747666253395,0.05,1.0,nan,nan,nan,nan,nan,nan,nan,0.09866666666666667,0.09866666666666667,1.0,1.0,13,13,0.04391891891891892,0.04391891891891892,-0.02681441968273183,-0.02304315773152977,0.0037712619512020595,-0.02681441968273183,-0.02304315773152977,0.0037712619512020595,2.4852630056530804,2.261146551501141,2.4852630056530804,2.261146551501141
s8_chunk14_rep04,14,low_response,regional_shift,box,3000,0.05,8.0,true,ctmle,estimated,xgboost,xgboost,targeting,1.0,0.0|0.25|0.5|1.0,-1.0,1.0,obsval,4.0,0.1,0,0.1,legacy,4.0,4,50,4,68.2214166430058,-0.11412472131840179,-0.06141074773225341,-0.06969516698057324,0.05271397358614838,0.0002183523287162554,-0.00040217110800614287,0.8428420647367642,0.05,1.0,nan,nan,nan,nan,nan,nan,nan,0.10933333333333334,0.10933333333333334,1.0,1.0,21,21,0.06402439024390244,0.06402439024390244,-0.019246427170982027,-0.016597765422580603,0.0026486617484014242,-0.019246427170982027,-0.016597765422580603,0.0026486617484014242,2.444703432755024,2.30204728766736,2.444703432755024,2.30204728766736
s8_chunk15_rep01,15,low_response,regional_shift,box,3000,0.05,8.0,true,ctmle,estimated,xgboost,xgboost,targeting,1.0,0.0|0.25|0.5|1.0,-1.0,1.0,obsval,4.0,0.1,0,0.1,legacy,4.0,4,50,1,16.819339508016128,-0.19368725677932475,-0.14527941012607193,-0.154315349239825,0.04840784665325282,0.00021870517749334427,0.00013204730525816048,0.8133373050349079,0.05,1.0,nan,nan,nan,nan,nan,nan,nan,0.093,0.093,1.0,1.0,16,16,0.05734767025089606,0.05734767025089606,-0.03934051998054323,-0.03632608482569513,0.0030144351548480955,-0.03934051998054323,-0.03632608482569513,0.0030144351548480955,3.8747600598072944,3.611744325703898,3.8747600598072944,3.611744325703898
s8_chunk15_rep02,15,low_response,regional_shift,box,3000,0.05,8.0,true,ctmle,estimated,xgboost,xgboost,targeting,1.0,0.0|0.25|0.5|1.0,-1.0,1.0,obsval,4.0,0.1,0,0.1,legacy,4.0,4,50,2,33.881969448993914,-0.13083599762548725,-0.019141968339453808,-0.03627187155182682,0.11169402928603345,0.0009566539555348544,-0.000663315591025595,0.8466354618785789,0.05,1.0,nan,nan,nan,nan,nan,nan,nan,0.101,0.101,1.0,1.0,13,13,0.0429042904290429,0.0429042904290429,-0.028207158996471245,-0.024455165591757408,0.0037519934047138374,-0.028207158996471245,-0.024455165591757408,0.0037519934047138374,3.0391964000802503,2.6676408451286457,3.0391964000802503,2.6676408451286457
s8_chunk15_rep03,15,low_response,regional_shift,box,3000,0.05,8.0,true,ctmle,estimated,xgboost,xgboost,targeting,1.0,0.0|0.25|0.5|1.0,-1.0,1.0,obsval,4.0,0.1,0,0.1,legacy,4.0,4,50,3,51.315272159001324,-0.18724076552633773,-0.17513520271286176,-0.18724076552633773,0.012105562813475967,0.0007373504298119216,-0.0005574459598886375,0.0,0.5,1.0,nan,nan,nan,nan,nan,nan,nan,0.09966666666666667,0.09966666666666667,1.0,1.0,13,13,0.043478260869565216,0.043478260869565216,-0.19092836484911424,-0.18003205615308132,0.01089630869603292,-0.19092836484911424,-0.18003205615308132,0.01089630869603292,3.342531629494763,3.266261836890533,3.342531629494763,3.266261836890533
s8_chunk15_rep04,15,low_response,regional_shift,box,3000,0.05,8.0,true,ctmle,estimated,xgboost,xgboost,targeting,1.0,0.0|0.25|0.5|1.0,-1.0,1.0,obsval,4.0,0.1,0,0.1,legacy,4.0,4,50,4,68.23118101601722,-0.2729970562061287,-0.2659245949058435,-0.2729970562061287,0.00707246130028516,0.000983325550517021,-0.000440668091679329,0.0,0.5,1.0,nan,nan,nan,nan,nan,nan,nan,0.098,0.098,1.0,1.0,15,15,0.05102040816326531,0.05102040816326531,-0.2260513029090987,-0.21968608773884205,0.0063652151702566495,-0.2260513029090987,-0.21968608773884205,0.0063652151702566495,4.029307487845279,3.982022751643339,4.029307487845279,3.982022751643339
s8_chunk16_rep01,16,low_response,regional_shift,box,3000,0.05,8.0,true,ctmle,estimated,xgboost,xgboost,targeting,1.0,0.0|0.25|0.5|1.0,-1.0,1.0,obsval,4.0,0.1,0,0.1,legacy,4.0,4,50,1,16.767411481996533,-0.10985642391601602,-0.041788925954894696,-0.06287351697386351,0.06806749796112133,0.0007175876780973686,0.000310046266288261,0.6902399581219824,0.05,1.0,nan,nan,nan,nan,nan,nan,nan,0.10033333333333333,0.10033333333333333,1.0,1.0,18,18,0.059800664451827246,0.059800664451827246,-0.02654297065429618,-0.022169735605029446,0.004373235049266733,-0.02654297065429618,-0.022169735605029446,0.004373235049266733,2.5956888345204865,2.361299310486746,2.5956888345204865,2.361299310486746
s8_chunk16_rep02,16,low_response,regional_shift,box,3000,0.05,8.0,true,ctmle,estimated,xgboost,xgboost,targeting,1.0,0.0|0.25|0.5|1.0,-1.0,1.0,obsval,4.0,0.1,0,0.1,legacy,4.0,4,50,2,33.88961669898708,-0.17191473304791316,-0.16509658340135636,-0.17191473304791316,0.006818149646556804,0.0005752683442221303,-0.0004825660526246228,0.0,0.5,1.0,nan,nan,nan,nan,nan,nan,nan,0.09766666666666667,0.09766666666666667,1.0,1.0,18,18,0.06143344709897611,0.06143344709897611,-0.18453679757228728,-0.17839809257558067,0.006138704996706601,-0.18453679757228728,-0.17839809257558067,0.006138704996706601,3.4504753697239496,3.408776634141158,3.4504753697239496,3.408776634141158
s8_chunk16_rep03,16,low_response,regional_shift,box,3000,0.05,8.0,true,ctmle,estimated,xgboost,xgboost,targeting,1.0,0.0|0.25|0.5|1.0,-1.0,1.0,obsval,4.0,0.1,0,0.1,legacy,4.0,4,50,3,51.03955600000336,-0.14641434506033002,-0.13803298631241834,-0.14641434506033002,0.008381358747911682,0.0013123410814629005,1.2764668868917028e-06,0.0,0.5,1.0,nan,nan,nan,nan,nan,nan,nan,0.09133333333333334,0.09133333333333334,1.0,1.0,9,9,0.032846715328467155,0.032846715328467155,-0.15439796909547182,-0.14685357299899857,0.007544396096473255,-0.15439796909547182,-0.14685357299899857,0.007544396096473255,3.2989732966006273,3.2448739979107555,3.2989732966006273,3.2448739979107555
s8_chunk16_rep04,16,low_response,regional_shift,box,3000,0.05,8.0,true,ctmle,estimated,xgboost,xgboost,targeting,1.0,0.0|0.25|0.5|1.0,-1.0,1.0,obsval,4.0,0.1,0,0.1,legacy,4.0,4,50,4,68.2803064789914,-0.1062784970155426,-0.028760959857301316,-0.04842059772404943,0.07751753715824128,0.0007619833544266069,6.038442959790686e-05,0.7463846429148582,0.05,1.0,nan,nan,nan,nan,nan,nan,nan,0.102,0.102,1.0,1.0,19,19,0.06209150326797386,0.06209150326797386,-0.036548043245064166,-0.031487858661651096,0.00506018458341307,-0.036548043245064166,-0.031487858661651096,0.00506018458341307,2.3622595934835484,2.194467075808606,2.3622595934835484,2.194467075808606
s8_chunk17_rep01,17,low_response,regional_shift,box,3000,0.05,8.0,true,ctmle,estimated,xgboost,xgboost,targeting,1.0,0.0|0.25|0.5|1.0,-1.0,1.0,obsval,4.0,0.1,0,0.1,legacy,4.0,4,50,1,17.042624131019693,-0.15180008197613049,-0.11883809024671743,-0.15180008197613049,0.032961991729413054,0.0006300358665348189,-0.00047849653479557774,0.0,0.05,0.5,nan,nan,nan,nan,nan,nan,nan,0.10133333333333333,0.10133333333333333,1.0,1.0,13,13,0.04276315789473684,0.04276315789473684,-0.016771893824947384,-0.015592110068534093,0.0011797837564132916,-0.016771893824947384,-0.015592110068534093,0.0011797837564132916,2.686768102879687,2.5333888851212736,2.686768102879687,2.5333888851212736
s8_chunk17_rep02,17,low_response,regional_shift,box,3000,0.05,8.0,true,ctmle,estimated,xgboost,xgboost,targeting,1.0,0.0|0.25|0.5|1.0,-1.0,1.0,obsval,4.0,0.1,0,0.1,legacy,4.0,4,50,2,34.10883387300419,-0.30487835962498033,-0.26017931357477986,-0.29942452598701846,0.044699046050200475,0.0008771117784322768,-0.0008973812342569984,0.12201230495695092,0.05,1.0,nan,nan,nan,nan,nan,nan,nan,0.102,0.102,1.0,1.0,9,9,0.029411764705882353,0.029411764705882353,-0.030828698181034536,-0.029724604781310768,0.0011040933997237684,-0.030828698181034536,-0.029724604781310768,0.0011040933997237684,4.552282911938617,4.197721756929188,4.552282911938617,4.197721756929188
s8_chunk17_rep03,17,low_response,regional_shift,box,3000,0.05,8.0,true,ctmle,estimated,xgboost,xgboost,targeting,1.0,0.0|0.25|0.5|1.0,-1.0,1.0,obsval,4.0,0.1,0,0.1,legacy,4.0,4,50,3,51.56183738200343,-0.11454517588074231,-0.11088612724750524,-0.11454517588074231,0.003659048633237072,0.0006485473736685104,-0.0002226113895787995,0.0,0.5,1.0,nan,nan,nan,nan,nan,nan,nan,0.10233333333333333,0.10233333333333333,1.0,1.0,19,19,0.06188925081433225,0.06188925081433225,-0.11952852337615581,-0.11623495269987927,0.0032935706762765443,-0.11952852337615581,-0.11623495269987927,0.0032935706762765443,2.732750308379261,2.7163621064095227,2.732750308379261,2.7163621064095227
s8_chunk17_rep04,17,low_response,regional_shift,box,3000,0.05,8.0,true,ctmle,estimated,xgboost,xgboost,targeting,1.0,0.0|0.25|0.5|1.0,-1.0,1.0,obsval,4.0,0.1,0,0.1,legacy,4.0,4,50,4,68.55548828101018,-0.0985076270177152,-0.09492899570457292,-0.0985076270177152,0.0035786313131422887,0.0002434469490395462,-0.00016552570774406358,0.0,0.5,1.0,nan,nan,nan,nan,nan,nan,nan,0.10266666666666667,0.10266666666666667,1.0,1.0,21,21,0.06818181818181818,0.06818181818181818,-0.10672590500011557,-0.10350383783909976,0.003222067161015807,-0.10672590500011557,-0.10350383783909976,0.003222067161015807,2.318432044291415,2.30100572087389,2.318432044291415,2.30100572087389
s8_chunk18_rep01,18,low_response,regional_shift,box,3000,0.05,8.0,true,ctmle,estimated,xgboost,xgboost,targeting,1.0,0.0|0.25|0.5|1.0,-1.0,1.0,obsval,4.0,0.1,0,0.1,legacy,4.0,4,50,1,16.862649163987953,-0.1338307967024034,-0.12540679456602066,-0.1338307967024034,0.008424002136382724,0.0009408708104703296,-0.0007083016338463883,0.0,0.5,1.0,nan,nan,nan,nan,nan,nan,nan,0.10266666666666667,0.10266666666666667,1.0,1.0,16,16,0.05194805194805195,0.05194805194805195,-0.13408414995792647,-0.1265000106169751,0.007584139340951368,-0.13408414995792647,-0.1265000106169751,0.007584139340951368,2.362152360770559,2.3166332287002644,2.362152360770559,2.3166332287002644
s8_chunk18_rep02,18,low_response,regional_shift,box,3000,0.05,8.0,true,ctmle,estimated,xgboost,xgboost,targeting,1.0,0.0|0.25|0.5|1.0,-1.0,1.0,obsval,4.0,0.1,0,0.1,legacy,4.0,4,50,2,33.90300976700382,-0.17766488058928287,-0.11732403008550052,-0.14384455889971864,0.06034085050378235,0.0008001356322299945,-0.0008234229571461218,0.5604879846273338,0.05,1.0,nan,nan,nan,nan,nan,nan,nan,0.111,0.111,1.0,1.0,17,17,0.05105105105105105,0.05105105105105105,-0.02290324673131608,-0.0195296645707842,0.0033735821605318794,-0.02290324673131608,-0.0195296645707842,0.0033735821605318794,3.1989146968452356,2.9681049013903933,3.1989146968452356,2.9681049013903933
s8_chunk18_rep03,18,low_response,regional_shift,box,3000,0.05,8.0,true,ctmle,estimated,xgboost,xgboost,targeting,1.0,0.0|0.25|0.5|1.0,-1.0,1.0,obsval,4.0,0.1,0,0.1,legacy,4.0,4,50,3,51.19368623199989,-0.1812855851171511,-0.13303292933008992,-0.1453830215544994,0.04825265578706117,0.0002979623745214457,-2.2034638187242404e-05,0.7440536272467488,0.05,1.0,nan,nan,nan,nan,nan,nan,nan,0.094,0.094,1.0,1.0,23,23,0.08156028368794327,0.08156028368794327,-0.06675154168591865,-0.06152502792570669,0.005226513760211965,-0.06675154168591865,-0.06152502792570669,0.005226513760211965,3.106734272991627,2.8732367277085564,3.106734272991627,2.8732367277085564
s8_chunk18_rep04,18,low_response,regional_shift,box,3000,0.05,8.0,true,ctmle,estimated,xgboost,xgboost,targeting,1.0,0.0|0.25|0.5|1.0,-1.0,1.0,obsval,4.0,0.1,0,0.1,legacy,4.0,4,50,4,68.33627821700065,-0.21977664290291765,-0.14993137410746127,-0.17963810614069636,0.06984526879545638,0.0010374373419479496,-0.0005134071446222738,0.5746779625083556,0.05,1.0,nan,nan,nan,nan,nan,nan,nan,0.092,0.092,1.0,1.0,13,13,0.04710144927536232,0.04710144927536232,-0.04247809310273011,-0.03810712679506741,0.004370966307662698,-0.04247809310273011,-0.03810712679506741,0.004370966307662698,3.7342156805878117,3.285217027116315,3.7342156805878117,3.285217027116315
s8_chunk19_rep01,19,low_response,regional_shift,box,3000,0.05,8.0,true,ctmle,estimated,xgboost,xgboost,targeting,1.0,0.0|0.25|0.5|1.0,-1.0,1.0,obsval,4.0,0.1,0,0.1,legacy,4.0,4,50,1,16.949895086989272,-0.2458259675040817,-0.19320300421204517,-0.20833220412450223,0.05262296329203653,0.0003980716658155553,-0.00011865960340014074,0.7124981383413165,0.05,1.0,nan,nan,nan,nan,nan,nan,nan,0.10233333333333333,0.10233333333333333,1.0,1.0,18,18,0.05863192182410423,0.05863192182410423,-0.02894318625747896,-0.026445824783350946,0.0024973614741280147,-0.02894318625747896,-0.026445824783350946,0.0024973614741280147,3.8573116639691007,3.5774560202304513,3.8573116639691007,3.5774560202304513
s8_chunk19_rep02,19,low_response,regional_shift,box,3000,0.05,8.0,true,ctmle,estimated,xgboost,xgboost,targeting,1.0,0.0|0.25|0.5|1.0,-1.0,1.0,obsval,4.0,0.1,0,0.1,legacy,4.0,4,50,2,33.89014223500271,-0.27296537077636096,-0.26788530222275386,-0.27296537077636096,0.005080068553607098,0.0004575809674736784,-0.00026890930870371744,0.0,0.5,1.0,nan,nan,nan,nan,nan,nan,nan,0.10033333333333333,0.10033333333333333,1.0,1.0,14,14,0.046511627906976744,0.046511627906976744,-0.24093006649200588,-0.23635658210462165,0.004573484387384225,-0.24093006649200588,-0.23635658210462165,0.004573484387384225,4.12199954878719,4.089534779218833,4.12199954878719,4.089534779218833
s8_chunk19_rep03,19,low_response,regional_shift,box,3000,0.05,8.0,true,ctmle,estimated,xgboost,xgboost,targeting,1.0,0.0|0.25|0.5|1.0,-1.0,1.0,obsval,4.0,0.1,0,0.1,legacy,4.0,4,50,3,50.91313924800488,-0.1359806825889871,-0.0908899198398313,-0.12390383671059606,0.0450907627491558,0.0007443113465200029,-0.0003457893648769828,0.26783414477984513,0.05,1.0,nan,nan,nan,nan,nan,nan,nan,0.094,0.094,1.0,1.0,18,18,0.06382978723404255,0.06382978723404255,-0.03470377703290017,-0.0320718182002546,0.0026319588326455673,-0.03470377703290017,-0.0320718182002546,0.0026319588326455673,2.1738888862857153,2.0110224149162708,2.1738888862857153,2.0110224149162708
s8_chunk19_rep04,19,low_response,regional_shift,box,3000,0.05,8.0,true,ctmle,estimated,xgboost,xgboost,targeting,1.0,0.0|0.25|0.5|1.0,-1.0,1.0,obsval,4.0,0.1,0,0.1,legacy,4.0,4,50,4,67.92028900500736,-0.09889898168607947,-0.08464453088755552,-0.09889898168607947,0.014254450798523943,0.003592941468922032,-0.00019265631425773554,0.0,0.5,1.0,nan,nan,nan,nan,nan,nan,nan,0.089,0.089,1.0,1.0,7,7,0.026217228464419477,0.026217228464419477,-0.10797774582619808,-0.09514644128494082,0.012831304541257263,-0.10797774582619808,-0.09514644128494082,0.012831304541257263,2.477370921027398,2.373117727608812,2.477370921027398,2.373117727608812
s8_chunk20_rep01,20,low_response,regional_shift,box,3000,0.05,8.0,true,ctmle,estimated,xgboost,xgboost,targeting,1.0,0.0|0.25|0.5|1.0,-1.0,1.0,obsval,4.0,0.1,0,0.1,legacy,4.0,4,50,1,16.94104712997796,-0.26116798582069856,-0.26116798582069856,-0.26116798582069856,0.0,0.0006191055902557002,7.343491335681275e-05,0.0,0.05,0.0,nan,nan,nan,nan,nan,nan,nan,0.10366666666666667,0.10366666666666667,1.0,1.0,14,14,0.04501607717041801,0.04501607717041801,-0.041665804955916604,-0.041665804955916604,0.0,-0.041665804955916604,-0.041665804955916604,0.0,4.0093649415573855,4.0093649415573855,4.0093649415573855,4.0093649415573855
s8_chunk20_rep02,20,low_response,regional_shift,box,3000,0.05,8.0,true,ctmle,estimated,xgboost,xgboost,targeting,1.0,0.0|0.25|0.5|1.0,-1.0,1.0,obsval,4.0,0.1,0,0.1,legacy,4.0,4,50,2,34.06334258298739,-0.23701116401294975,-0.1844548380675911,-0.21250812408460037,0.05255632594535864,0.0007371888218741553,-0.00020935163390221716,0.4662243695235567,0.05,1.0,nan,nan,nan,nan,nan,nan,nan,0.091,0.091,1.0,1.0,13,13,0.047619047619047616,0.047619047619047616,-0.031290444670740804,-0.028605887498063993,0.002684557172676811,-0.031290444670740804,-0.028605887498063993,0.002684557172676811,4.208065519980339,3.8926398245328673,4.208065519980339,3.8926398245328673
s8_chunk20_rep03,20,low_response,regional_shift,box,3000,0.05,8.0,true,ctmle,estimated,xgboost,xgboost,targeting,1.0,0.0|0.25|0.5|1.0,-1.0,1.0,obsval,4.0,0.1,0,0.1,legacy,4.0,4,50,3,51.1246812089812,-0.21627435522241933,-0.20982756939010938,-0.21627435522241933,0.006446785832309954,0.0022735363651339296,-0.0009209734443429637,0.0,0.5,1.0,nan,nan,nan,nan,nan,nan,nan,0.10466666666666667,0.10466666666666667,1.0,1.0,9,9,0.028662420382165606,0.028662420382165606,-0.20740898341114417,-0.20160629347968628,0.005802689931457883,-0.20740898341114417,-0.20160629347968628,0.005802689931457883,3.716510478620919,3.690231451377318,3.716510478620919,3.690231451377318
s8_chunk20_rep04,20,low_response,regional_shift,box,3000,0.05,8.0,true,ctmle,estimated,xgboost,xgboost,targeting,1.0,0.0|0.25|0.5|1.0,-1.0,1.0,obsval,4.0,0.1,0,0.1,legacy,4.0,4,50,4,67.90055236199987,-0.20772142776137792,-0.15765299832025148,-0.19183820245524374,0.05006842944112644,0.0008557997405816819,1.797229949833737e-05,0.31723034821395113,0.1,1.0,nan,nan,nan,nan,nan,nan,nan,0.097,0.097,1.0,1.0,12,12,0.041237113402061855,0.041237113402061855,-0.10645231655778925,-0.08102317599361876,0.02542914056417049,-0.10645231655778925,-0.08102317599361876,0.02542914056417049,3.437882214996375,3.1704762947633127,3.437882214996375,3.1704762947633127
s8_chunk21_rep01,21,low_response,regional_shift,box,3000,0.05,8.0,true,ctmle,estimated,xgboost,xgboost,targeting,1.0,0.0|0.25|0.5|1.0,-1.0,1.0,obsval,4.0,0.1,0,0.1,legacy,4.0,4,50,1,16.8719967979996,-0.24364599795037778,-0.18709136004395488,-0.20969188584974557,0.0565546379064229,0.0006390822767206299,-0.0001323715184285111,0.600377146023174,0.05,1.0,nan,nan,nan,nan,nan,nan,nan,0.09033333333333333,0.09033333333333333,1.0,1.0,13,13,0.04797047970479705,0.04797047970479705,-0.02840047721447317,-0.025506290121777624,0.002894187092695545,-0.02840047721447317,-0.025506290121777624,0.002894187092695545,3.9459197942179385,3.588230924912021,3.9459197942179385,3.588230924912021
s8_chunk21_rep02,21,low_response,regional_shift,box,3000,0.05,8.0,true,ctmle,estimated,xgboost,xgboost,targeting,1.0,0.0|0.25|0.5|1.0,-1.0,1.0,obsval,4.0,0.1,0,0.1,legacy,4.0,4,50,2,33.683902520977426,-0.20851445748577624,-0.1563849597847533,-0.2016871676757128,0.05212949770102293,0.0011807906710515174,-0.0009345695552264175,0.1309678802051738,0.05,1.0,nan,nan,nan,nan,nan,nan,nan,0.10366666666666667,0.10366666666666667,1.0,1.0,10,10,0.03215434083601286,0.03215434083601286,-0.030687786112481352,-0.028822007526175274,0.0018657785863060786,-0.030687786112481352,-0.028822007526175274,0.0018657785863060786,3.6803287313239377,3.4414207599561,3.6803287313239377,3.4414207599561
s8_chunk21_rep03,21,low_response,regional_shift,box,3000,0.05,8.0,true,ctmle,estimated,xgboost,xgboost,targeting,1.0,0.0|0.25|0.5|1.0,-1.0,1.0,obsval,4.0,0.1,0,0.1,legacy,4.0,4,50,3,50.83102857100312,-0.1906015290804396,-0.13778610524228507,-0.17730257602801802,0.05281542383815452,0.0010435395765682684,7.474668511569041e-05,0.2518005553297148,0.05,1.0,nan,nan,nan,nan,nan,nan,nan,0.096,0.096,1.0,1.0,10,10,0.034722222222222224,0.034722222222222224,-0.035868838999081616,-0.03387452219195602,0.0019943168071255984,-0.035868838999081616,-0.03387452219195602,0.0019943168071255984,3.2906699845594827,2.9936540704247188,3.2906699845594827,2.9936540704247188
s8_chunk21_rep04,21,low_response,regional_shift,box,3000,0.05,8.0,true,ctmle,estimated,xgboost,xgboost,targeting,1.0,0.0|0.25|0.5|1.0,-1.0,1.0,obsval,4.0,0.1,0,0.1,legacy,4.0,4,50,4,67.78095406398643,-0.2392517114876208,-0.16701826287565402,-0.18923906094902918,0.07223344861196679,0.0008025424378750173,-0.0006901053150070932,0.6923752291996499,0.05,1.0,nan,nan,nan,nan,nan,nan,nan,0.10466666666666667,0.10466666666666667,1.0,1.0,15,15,0.04777070063694268,0.04777070063694268,-0.02620770004222957,-0.023112615072971552,0.003095084969258019,-0.02620770004222957,-0.023112615072971552,0.003095084969258019,2.9665911585830576,2.554360603319541,2.9665911585830576,2.554360603319541
s8_chunk22_rep01,22,low_response,regional_shift,box,3000,0.05,8.0,true,ctmle,estimated,xgboost,xgboost,targeting,1.0,0.0|0.25|0.5|1.0,-1.0,1.0,obsval,4.0,0.1,0,0.1,legacy,4.0,4,50,1,17.2078154310002,-0.10200308918127876,-0.018447997972949715,-0.03706629250976523,0.08355509120832905,0.0007778266490835774,-9.203153060659448e-05,0.7771734281230779,0.05,1.0,nan,nan,nan,nan,nan,nan,nan,0.09966666666666667,0.09966666666666667,1.0,1.0,13,13,0.043478260869565216,0.043478260869565216,-0.02063578357659363,-0.017823245462061037,0.0028125381145325916,-0.02063578357659363,-0.017823245462061037,0.0028125381145325916,2.4172665886048694,2.074338955217518,2.4172665886048694,2.074338955217518
s8_chunk22_rep02,22,low_response,regional_shift,box,3000,0.05,8.0,true,ctmle,estimated,xgboost,xgboost,targeting,1.0,0.0|0.25|0.5|1.0,-1.0,1.0,obsval,4.0,0.1,0,0.1,legacy,4.0,4,50,2,34.289320383017184,-0.2256433115894102,-0.20907538526853553,-0.2256433115894102,0.01656792632087467,0.0009288098614732461,0.0004777922971725655,0.0,0.25,1.0,nan,nan,nan,nan,nan,nan,nan,0.10466666666666667,0.10466666666666667,1.0,1.0,10,10,0.03184713375796178,0.03184713375796178,-0.19271570168887245,-0.17944437569901903,0.013271325989853422,-0.19271570168887245,-0.17944437569901903,0.013271325989853422,3.0109849180905863,2.9064552783670266,3.0109849180905863,2.9064552783670266
s8_chunk22_rep03,22,low_response,regional_shift,box,3000,0.05,8.0,true,ctmle,estimated,xgboost,xgboost,targeting,1.0,0.0|0.25|0.5|1.0,-1.0,1.0,obsval,4.0,0.1,0,0.1,legacy,4.0,4,50,3,51.5496334140189,-0.10046276970952306,-0.08513523648656807,-0.10046276970952306,0.015327533222954992,0.0006440990220377297,-0.00023842523892295651,0.0,0.25,1.0,nan,nan,nan,nan,nan,nan,nan,0.10166666666666667,0.10166666666666667,1.0,1.0,21,21,0.06885245901639345,0.06885245901639345,-0.0996166996792371,-0.08729845422545127,0.012318245453785834,-0.0996166996792371,-0.08729845422545127,0.012318245453785834,3.0937416933630817,3.040345829316624,3.0937416933630817,3.040345829316624
s8_chunk22_rep04,22,low_response,regional_shift,box,3000,0.05,8.0,true,ctmle,estimated,xgboost,xgboost,targeting,1.0,0.0|0.25|0.5|1.0,-1.0,1.0,obsval,4.0,0.1,0,0.1,legacy,4.0,4,50,4,68.6579205970047,-0.2519609259308817,-0.22171299055264415,-0.2519609259308817,0.030247935378237556,0.0007127327637034241,-0.00019290896406300422,0.0,0.1,1.0,nan,nan,nan,nan,nan,nan,nan,0.10566666666666667,0.10566666666666667,1.0,1.0,19,19,0.05993690851735016,0.05993690851735016,-0.1197479016523433,-0.10417561895451051,0.015572282697832784,-0.1197479016523433,-0.10417561895451051,0.015572282697832784,2.9900395791618584,2.7939839785208567,2.9900395791618584,2.7939839785208567
s8_chunk23_rep01,23,low_response,regional_shift,box,3000,0.05,8.0,true,ctmle,estimated,xgboost,xgboost,targeting,1.0,0.0|0.25|0.5|1.0,-1.0,1.0,obsval,4.0,0.1,0,0.1,legacy,4.0,4,50,1,17.078167718980694,-0.21694225808335044,-0.1369659949813592,-0.15009330625413803,0.07997626310199124,0.0005249366500867467,-0.00011483808236366702,0.8358599068821463,0.05,1.0,nan,nan,nan,nan,nan,nan,nan,0.09466666666666666,0.09466666666666666,1.0,1.0,18,18,0.06338028169014084,0.06338028169014084,-0.027466175140983352,-0.023411953158552455,0.004054221982430897,-0.027466175140983352,-0.023411953158552455,0.004054221982430897,3.901720118437392,3.3450612993733153,3.901720118437392,3.3450612993733153
s8_chunk23_rep02,23,low_response,regional_shift,box,3000,0.05,8.0,true,ctmle,estimated,xgboost,xgboost,targeting,1.0,0.0|0.25|0.5|1.0,-1.0,1.0,obsval,4.0,0.1,0,0.1,legacy,4.0,4,50,2,33.90478117100429,-0.28554329338385154,-0.27793732364698853,-0.28554329338385154,0.007605969736863005,0.00021970209703655284,-0.00010694850459457613,0.0,0.5,1.0,nan,nan,nan,nan,nan,nan,nan,0.09666666666666666,0.09666666666666666,1.0,1.0,14,14,0.04827586206896552,0.04827586206896552,-0.25271362166114425,-0.24586646249844793,0.00684715916269632,-0.25271362166114425,-0.24586646249844793,0.00684715916269632,4.344120800710267,4.28941284808678,4.344120800710267,4.28941284808678
s8_chunk23_rep03,23,low_response,regional_shift,box,3000,0.05,8.0,true,ctmle,estimated,xgboost,xgboost,targeting,1.0,0.0|0.25|0.5|1.0,-1.0,1.0,obsval,4.0,0.1,0,0.1,legacy,4.0,4,50,3,50.9940902699891,-0.09473562788969081,-0.030385320452024134,-0.05313958310211187,0.06435030743766668,0.0007321218985252807,-0.00013960153958646453,0.6464000941700427,0.05,1.0,nan,nan,nan,nan,nan,nan,nan,0.093,0.093,1.0,1.0,19,19,0.06810035842293907,0.06810035842293907,-0.024985871209358804,-0.02132749257243163,0.0036583786369271745,-0.024985871209358804,-0.02132749257243163,0.0036583786369271745,2.5528158169168553,2.4808428617721914,2.5528158169168553,2.4808428617721914
s8_chunk23_rep04,23,low_response,regional_shift,box,3000,0.05,8.0,true,ctmle,estimated,xgboost,xgboost,targeting,1.0,0.0|0.25|0.5|1.0,-1.0,1.0,obsval,4.0,0.1,0,0.1,legacy,4.0,4,50,4,67.92501957897912,-0.2747429683707657,-0.26605453938088774,-0.2747429683707657,0.008688428989877983,0.0007139995143598012,0.00012485750041769245,0.0,0.5,1.0,nan,nan,nan,nan,nan,nan,nan,0.10166666666666667,0.10166666666666667,1.0,1.0,16,16,0.05245901639344262,0.05245901639344262,-0.2389778433598693,-0.2311569494172739,0.007820893942595386,-0.2389778433598693,-0.2311569494172739,0.007820893942595386,3.8893308555922883,3.831050360341229,3.8893308555922883,3.831050360341229
s8_chunk00_rep01,0,high_response_placebo,regional_shift,box,3000,0.05,8.0,wrong,ctmle,estimated,xgboost,xgboost,targeting,1.0,0.0|0.25|0.5|1.0,-1.0,1.0,obsval,4.0,0.1,0,0.1,legacy,4.0,4,50,1,17.140535781014478,-0.21953841717698896,-0.21953841717698896,-0.21953841717698896,0.0,1.7304589046418517e-08,-4.035457379716889e-07,0.0,0.25,0.0,nan,nan,nan,nan,nan,nan,nan,0.15066666666666667,0.103,0.0,0.0,358,13,0.7920353982300885,0.042071197411003236,0.0011612004191997572,0.0011612004191997572,0.0,-0.17083909572055966,-0.17083909572055966,0.0,0.5034819473279009,0.5034819473279009,3.2406935117896416,3.2406935117896416
s8_chunk00_rep02,0,high_response_placebo,regional_shift,box,3000,0.05,8.0,wrong,ctmle,estimated,xgboost,xgboost,targeting,1.0,0.0|0.25|0.5|1.0,-1.0,1.0,obsval,4.0,0.1,0,0.1,legacy,4.0,4,50,2,34.171454268012894,-0.1279702154279243,-0.12755761228936424,-0.12761730446349703,0.0004126031385600637,1.2314589197329195e-08,2.0640722047625404e-06,0.8553278718598761,0.05,1.0,nan,nan,nan,nan,nan,nan,nan,0.14833333333333334,0.09766666666666667,0.0,0.0,369,19,0.8292134831460675,0.06484641638225255,-0.005430253340814303,-0.005412733626362855,1.7519714451448218e-05,-0.03331782259560622,-0.03331782259560622,0.0,0.5072096928083629,0.5069606191850662,3.0526833461724876,3.0526833461724876
s8_chunk00_rep03,0,high_response_placebo,regional_shift,box,3000,0.05,8.0,wrong,ctmle,estimated,xgboost,xgboost,targeting,1.0,0.0|0.25|0.5|1.0,-1.0,1.0,obsval,4.0,0.1,0,0.1,legacy,4.0,4,50,3,51.173384232999524,-0.2545941994082329,-0.2545941994082329,-0.2545941994082329,0.0,6.691570785671841e-08,3.833367377475624e-06,0.0,0.05,0.0,nan,nan,nan,nan,nan,nan,nan,0.14866666666666667,0.09833333333333333,0.0,0.0,358,13,0.8026905829596412,0.04406779661016949,4.2635480776973653e-05,4.2635480776973653e-05,0.0,-0.0341519524697112,-0.0341519524697112,0.0,0.5001595371428438,0.5001595371428438,3.6371067581390086,3.6371067581390086
s8_chunk00_rep04,0,high_response_placebo,regional_shift,box,3000,0.05,8.0,wrong,ctmle,estimated,xgboost,xgboost,targeting,1.0,0.0|0.25|0.5|1.0,-1.0,1.0,obsval,4.0,0.1,0,0.1,legacy,4.0,4,50,4,68.13839842099696,-0.26950613063047324,-0.26950613063047324,-0.26950613063047324,0.0,4.875860997247128e-08,-5.130766768416881e-07,0.0,0.5,0.0,nan,nan,nan,nan,nan,nan,nan,0.14866666666666667,0.099,0.0,0.0,356,10,0.7982062780269058,0.03367003367003367,-0.0025018957762666574,-0.0025018957762666574,0.0,-0.25038868556544724,-0.25038868556544724,0.0,0.5458919518201116,0.5458919518201116,3.9576998989569794,3.9576998989569794
s8_chunk01_rep01,1,high_response_placebo,regional_shift,box,3000,0.05,8.0,wrong,ctmle,estimated,xgboost,xgboost,targeting,1.0,0.0|0.25|0.5|1.0,-1.0,1.0,obsval,4.0,0.1,0,0.1,legacy,4.0,4,50,1,17.076473722001538,-0.33432145181254136,-0.33432145181254136,-0.33432145181254136,0.0,5.186108166174708e-08,3.084078275955582e-07,0.0,0.5,0.0,nan,nan,nan,nan,nan,nan,nan,0.14133333333333334,0.09366666666666666,0.0,0.0,333,8,0.785377358490566,0.028469750889679714,0.0006355954620334294,0.0006355954620334294,0.0,-0.3278837058333247,-0.3278837058333247,0.0,0.5545321970509256,0.5545321970509256,4.8964834813012486,4.8964834813012486
s8_chunk01_rep02,1,high_response_placebo,regional_shift,box,3000,0.05,8.0,wrong,ctmle,estimated,xgboost,xgboost,targeting,1.0,0.0|0.25|0.5|1.0,-1.0,1.0,obsval,4.0,0.1,0,0.1,legacy,4.0,4,50,2,34.228386599977966,-0.17444712999800938,-0.174056516141049,-0.1743222507535277,0.00039061385696037565,5.189981095408969e-08,-1.4667962377453228e-06,0.31969998569286373,0.05,1.0,nan,nan,nan,nan,nan,nan,nan,0.15433333333333332,0.105,0.0,0.0,376,12,0.8120950323974082,0.0380952380952381,-0.0037485012142236367,-0.004093124266862844,-0.00034462305263920773,-0.03550328710017558,-0.03550328710017558,0.0,0.5509575362004184,0.5506502897528033,2.9283320689540164,2.9283320689540164
s8_chunk01_rep03,1,high_response_placebo,regional_shift,box,3000,0.05,8.0,wrong,ctmle,estimated,xgboost,xgboost,targeting,1.0,0.0|0.25|0.5|1.0,-1.0,1.0,obsval,4.0,0.1,0,0.1,legacy,4.0,4,50,3,51.672936249000486,-0.13591556996030174,-0.13703971156937267,-0.1369614232174944,-0.0011241416090709277,4.400359692596778e-08,-1.7495592018485634e-06,0.9303572154553011,0.05,1.0,nan,nan,nan,nan,nan,nan,nan,0.155,0.09766666666666667,0.0,0.0,380,25,0.8172043010752689,0.08532423208191127,-0.0005351934727568085,-0.00010110120364363798,0.0004340922691131705,-0.042167513035772666,-0.042167513035772666,0.0,0.5279227413703609,0.5278944913375294,2.716805385301444,2.716805385301444
s8_chunk01_rep04,1,high_response_placebo,regional_shift,box,3000,0.05,8.0,wrong,ctmle,estimated,xgboost,xgboost,targeting,1.0,0.0|0.25|0.5|1.0,-1.0,1.0,obsval,4.0,0.1,0,0.1,legacy,4.0,4,50,4,68.71394352198695,-0.312660735268912,-0.312660735268912,-0.312660735268912,0.0,4.5938569635806115e-08,-6.390101841037554e-07,0.0,0.5,0.0,nan,nan,nan,nan,nan,nan,nan,0.15233333333333332,0.09133333333333334,0.0,0.0,365,11,0.7986870897155361,0.040145985401459854,0.0015399924182185351,0.0015399924182185351,0.0,-0.2953026964997516,-0.2953026964997516,0.0,0.5400961990459393,0.5400961990459393,4.873749950308846,4.873749950308846
s8_chunk02_rep01,2,high_response_placebo,regional_shift,box,3000,0.05,8.0,wrong,ctmle,estimated,xgboost,xgboost,targeting,1.0,0.0|0.25|0.5|1.0,-1.0,1.0,obsval,4.0,0.1,0,0.1,legacy,4.0,4,50,1,17.0558456700237,-0.2926475583963616,-0.2926475583963616,-0.2926475583963616,0.0,7.4950113154032e-08,-2.1774229175559184e-06,0.0,0.05,0.0,nan,nan,nan,nan,nan,nan,nan,0.14266666666666666,0.104,0.0,0.0,350,9,0.8177570093457944,0.028846153846153848,-0.0004761850687528043,-0.0004761850687528043,0.0,-0.036417374765293206,-0.036417374765293206,0.0,0.5587471557168653,0.5587471557168653,4.356058564790066,4.356058564790066
s8_chunk02_rep02,2,high_response_placebo,regional_shift,box,3000,0.05,8.0,wrong,ctmle,estimated,xgboost,xgboost,targeting,1.0,0.0|0.25|0.5|1.0,-1.0,1.0,obsval,4.0,0.1,0,0.1,legacy,4.0,4,50,2,34.358507102006115,-0.16734077357956667,-0.16734077357956667,-0.16734077357956667,0.0,6.422911304551637e-08,-1.3481632719410802e-06,0.0,0.05,0.0,nan,nan,nan,nan,nan,nan,nan,0.152,0.09766666666666667,0.0,0.0,367,10,0.8048245614035088,0.034129692832764506,-0.002623322150872339,-0.002623322150872339,0.0,-0.020687856831465675,-0.020687856831465675,0.0,0.5328866023504505,0.5328866023504505,3.500256110717631,3.500256110717631
s8_chunk02_rep03,2,high_response_placebo,regional_shift,box,3000,0.05,8.0,wrong,ctmle,estimated,xgboost,xgboost,targeting,1.0,0.0|0.25|0.5|1.0,-1.0,1.0,obsval,4.0,0.1,0,0.1,legacy,4.0,4,50,3,51.62975054202252,-0.25062264980170446,-0.25062264980170446,-0.25062264980170446,0.0,5.4446969464244654e-08,-7.40173701118535e-07,0.0,0.05,0.0,nan,nan,nan,nan,nan,nan,nan,0.14966666666666667,0.10066666666666667,0.0,0.0,357,12,0.7951002227171492,0.039735099337748346,-0.0003675761854749706,-0.0003675761854749706,0.0,-0.05218352376602191,-0.05218352376602191,0.0,0.5730389148067605,0.5730389148067605,3.9673131062590965,3.9673131062590965
s8_chunk02_rep04,2,high_response_placebo,regional_shift,box,3000,0.05,8.0,wrong,ctmle,estimated,xgboost,xgboost,targeting,1.0,0.0|0.25|0.5|1.0,-1.0,1.0,obsval,4.0,0.1,0,0.1,legacy,4.0,4,50,4,68.92789703700691,-0.2661745818287573,-0.2661745818287573,-0.2661745818287573,0.0,3.4414544827603144e-08,-2.508044159586602e-06,0.0,0.05,0.0,nan,nan,nan,nan,nan,nan,nan,0.14333333333333334,0.092,0.0,0.0,346,10,0.8046511627906977,0.036231884057971016,-0.002192775895218393,-0.002192775895218393,0.0,-0.027256747302953903,-0.027256747302953903,0.0,0.5250266782113325,0.5250266782113325,4.4190852375746,4.4190852375746
s8_chunk03_rep01,3,high_response_placebo,regional_shift,box,3000,0.05,8.0,wrong,ctmle,estimated,xgboost,xgboost,targeting,1.0,0.0|0.25|0.5|1.0,-1.0,1.0,obsval,4.0,0.1,0,0.1,legacy,4.0,4,50,1,17.151725675008493,-0.17035544813908277,-0.17030472528727558,-0.17035544813908277,5.072285180718339e-05,3.496901049282464e-08,-7.697633523130742e-08,0.0,0.5,1.0,nan,nan,nan,nan,nan,nan,nan,0.15366666666666667,0.11,0.0,0.0,370,18,0.8026030368763557,0.05454545454545454,0.00010264883886536844,0.00010141731870304371,1.231520162324728e-06,-0.16351781682441363,-0.16351781682441363,0.0,0.5723892625066124,0.572189143457551,2.8341314962220574,2.8341314962220574
s8_chunk03_rep02,3,high_response_placebo,regional_shift,box,3000,0.05,8.0,wrong,ctmle,estimated,xgboost,xgboost,targeting,1.0,0.0|0.25|0.5|1.0,-1.0,1.0,obsval,4.0,0.1,0,0.1,legacy,4.0,4,50,2,34.015241171000525,-0.19243643340791505,-0.19243643340791505,-0.19243643340791505,0.0,4.273684622684015e-08,-2.844796034216085e-06,0.0,0.05,0.0,nan,nan,nan,nan,nan,nan,nan,0.14966666666666667,0.09866666666666667,0.0,0.0,365,14,0.8129175946547884,0.0472972972972973,0.0010788365731614572,0.0010788365731614572,0.0,-0.04047257941684129,-0.04047257941684129,0.0,0.5813294789296007,0.5813294789296007,3.223544006244803,3.223544006244803
s8_chunk03_rep03,3,high_response_placebo,regional_shift,box,3000,0.05,8.0,wrong,ctmle,estimated,xgboost,xgboost,targeting,1.0,0.0|0.25|0.5|1.0,-1.0,1.0,obsval,4.0,0.1,0,0.1,legacy,4.0,4,50,3,51.0662701689871,-0.1488941484557439,-0.1488941484557439,-0.1488941484557439,0.0,2.2384280300852266e-08,-3.4441992662432794e-06,0.0,0.5,0.0,nan,nan,nan,nan,nan,nan,nan,0.15833333333333333,0.10333333333333333,0.0,0.0,391,18,0.8231578947368421,0.05806451612903226,-0.0009284259065226962,-0.0009284259065226962,0.0,-0.12095683275068171,-0.12095683275068171,0.0,0.5823868187572286,0.5823868187572286,2.708746598587596,2.708746598587596
s8_chunk03_rep04,3,high_response_placebo,regional_shift,box,3000,0.05,8.0,wrong,ctmle,estimated,xgboost,xgboost,targeting,1.0,0.0|0.25|0.5|1.0,-1.0,1.0,obsval,4.0,0.1,0,0.1,legacy,4.0,4,50,4,68.08726884500356,-0.11894150235070011,-0.11894150235070011,-0.11894150235070011,0.0,3.2622896134482104e-08,-1.448103055592953e-07,0.0,0.05,0.0,nan,nan,nan,nan,nan,nan,nan,0.149,0.10233333333333333,0.0,0.0,366,17,0.8187919463087249,0.05537459283387622,-0.0028318852139462094,-0.0028318852139462094,0.0,-0.012330833994073764,-0.012330833994073764,0.0,0.5292372230085277,0.5292372230085277,2.831527772471524,2.831527772471524
s8_chunk04_rep01,4,high_response_placebo,regional_shift,box,3000,0.05,8.0,wrong,ctmle,estimated,xgboost,xgboost,targeting,1.0,0.0|0.25|0.5|1.0,-1.0,1.0,obsval,4.0,0.1,0,0.1,legacy,4.0,4,50,1,17.085070809989702,-0.22042897252577132,-0.22042897252577132,-0.22042897252577132,0.0,2.3893160606275332e-08,-4.751536575491391e-06,0.0,0.5,0.0,nan,nan,nan,nan,nan,nan,nan,0.149,0.101,0.0,0.0,343,16,0.767337807606264,0.052805280528052806,-0.00012240063259854806,-0.00012240063259854806,0.0,-0.15571831578430942,-0.15571831578430942,0.0,0.5317737029778417,0.5317737029778417,2.8666195314697585,2.8666195314697585
s8_chunk04_rep02,4,high_response_placebo,regional_shift,box,3000,0.05,8.0,wrong,ctmle,estimated,xgboost,xgboost,targeting,1.0,0.0|0.25|0.5|1.0,-1.0,1.0,obsval,4.0,0.1,0,0.1,legacy,4.0,4,50,2,34.247765532985795,-0.19098407215219637,-0.19098407215219637,-0.19098407215219637,0.0,4.23240186855911e-08,2.271652626273206e-06,0.0,0.05,0.0,nan,nan,nan,nan,nan,nan,nan,0.145,0.09966666666666667,0.0,0.0,339,14,0.7793103448275862,0.046822742474916385,0.004061823354171415,0.004061823354171415,0.0,-0.039548474430839246,-0.039548474430839246,0.0,0.5350310241142754,0.5350310241142754,3.475909042827771,3.475909042827771
s8_chunk04_rep03,4,high_response_placebo,regional_shift,box,3000,0.05,8.0,wrong,ctmle,estimated,xgboost,xgboost,targeting,1.0,0.0|0.25|0.5|1.0,-1.0,1.0,obsval,4.0,0.1,0,0.1,legacy,4.0,4,50,3,51.25905000200146,-0.18513025188352494,-0.18513025188352494,-0.18513025188352494,0.0,4.0116656253863514e-08,-9.104042437042825e-07,0.0,0.05,0.0,nan,nan,nan,nan,nan,nan,nan,0.14766666666666667,0.101,0.0,0.0,348,14,0.7855530474040632,0.0462046204620462,-0.0013767670074886483,-0.0013767670074886483,0.0,-0.0336509728673625,-0.0336509728673625,0.0,0.5719159107657561,0.5719159107657561,2.976661634547384,2.976661634547384
s8_chunk04_rep04,4,high_response_placebo,regional_shift,box,3000,0.05,8.0,wrong,ctmle,estimated,xgboost,xgboost,targeting,1.0,0.0|0.25|0.5|1.0,-1.0,1.0,obsval,4.0,0.1,0,0.1,legacy,4.0,4,50,4,68.17248139699223,-0.17208955335141796,-0.17208955335141796,-0.17208955335141796,0.0,2.228398938118603e-08,-4.2422374639189755e-06,0.0,0.05,0.0,nan,nan,nan,nan,nan,nan,nan,0.151,0.10366666666666667,0.0,0.0,368,13,0.8123620309050773,0.04180064308681672,-0.0003199783925425693,-0.0003199783925425693,0.0,-0.021125145672201653,-0.021125145672201653,0.0,0.5422214326252246,0.5422214326252246,3.0098270015334543,3.0098270015334543
s8_chunk05_rep01,5,high_response_placebo,regional_shift,box,3000,0.05,8.0,wrong,ctmle,estimated,xgboost,xgboost,targeting,1.0,0.0|0.25|0.5|1.0,-1.0,1.0,obsval,4.0,0.1,0,0.1,legacy,4.0,4,50,1,17.0453625570226,-0.10588891566858616,-0.10588891566858616,-0.10588891566858616,0.0,6.313517177461425e-08,-1.095060370662898e-06,0.0,0.5,0.0,nan,nan,nan,nan,nan,nan,nan,0.14533333333333334,0.089,0.0,0.0,356,19,0.8165137614678899,0.07116104868913857,0.00038948353387370185,0.00038948353387370185,0.0,-0.10029860230721006,-0.10029860230721006,0.0,0.49663829060755466,0.49663829060755466,2.854459305143254,2.854459305143254
s8_chunk05_rep02,5,high_response_placebo,regional_shift,box,3000,0.05,8.0,wrong,ctmle,estimated,xgboost,xgboost,targeting,1.0,0.0|0.25|0.5|1.0,-1.0,1.0,obsval,4.0,0.1,0,0.1,legacy,4.0,4,50,2,34.319319226022344,-0.2681635356040313,-0.2681635356040313,-0.2681635356040313,0.0,3.72010866972472e-08,-2.8137942945268e-07,0.0,0.5,0.0,nan,nan,nan,nan,nan,nan,nan,0.15433333333333332,0.10633333333333334,0.0,0.0,378,13,0.816414686825054,0.04075235109717868,-5.9765128586362074e-06,-5.9765128586362074e-06,0.0,-0.23215103799469,-0.23215103799469,0.0,0.5444282770806678,0.5444282770806678,3.6351075051995885,3.6351075051995885
s8_chunk05_rep03,5,high_response_placebo,regional_shift,box,3000,0.05,8.0,wrong,ctmle,estimated,xgboost,xgboost,targeting,1.0,0.0|0.25|0.5|1.0,-1.0,1.0,obsval,4.0,0.1,0,0.1,legacy,4.0,4,50,3,51.656233690009685,-0.17094959848526292,-0.17094959848526292,-0.17094959848526292,0.0,2.0401855503615618e-08,-9.736758573210963e-07,0.0,0.5,0.0,nan,nan,nan,nan,nan,nan,nan,0.14366666666666666,0.094,0.0,0.0,347,14,0.8051044083526682,0.04964539007092199,7.663658430374924e-05,7.663658430374924e-05,0.0,-0.1602176091383701,-0.1602176091383701,0.0,0.5101211600973209,0.5101211600973209,3.0696382877284103,3.0696382877284103
s8_chunk05_rep04,5,high_response_placebo,regional_shift,box,3000,0.05,8.0,wrong,ctmle,estimated,xgboost,xgboost,targeting,1.0,0.0|0.25|0.5|1.0,-1.0,1.0,obsval,4.0,0.1,0,0.1,legacy,4.0,4,50,4,68.71273803702206,-0.14831225911364598,-0.14831225911364598,-0.14831225911364598,0.0,3.476173214729539e-08,-1.5211111389478588e-07,0.0,0.5,0.0,nan,nan,nan,nan,nan,nan,nan,0.14766666666666667,0.09766666666666667,0.0,0.0,362,14,0.8171557562076749,0.04778156996587031,-0.0007112572144825877,-0.0007112572144825877,0.0,-0.1157870165380953,-0.1157870165380953,0.0,0.5012454097039745,0.5012454097039745,2.6346663672651762,2.6346663672651762
s8_chunk06_rep01,6,high_response_placebo,regional_shift,box,3000,0.05,8.0,wrong,ctmle,estimated,xgboost,xgboost,targeting,1.0,0.0|0.25|0.5|1.0,-1.0,1.0,obsval,4.0,0.1,0,0.1,legacy,4.0,4,50,1,16.990384412027197,-0.06477761152674799,-0.06477761152674799,-0.06477761152674799,0.0,5.8766894012532433e-08,2.552861554775722e-06,0.0,0.5,0.0,nan,nan,nan,nan,nan,nan,nan,0.15166666666666667,0.10366666666666667,0.0,0.0,376,17,0.8263736263736263,0.05466237942122187,0.0007979154276330544,0.0007979154276330544,0.0,-0.09232446890701794,-0.09232446890701794,0.0,0.5658428719544789,0.5658428719544789,2.520213844949871,2.520213844949871
s8_chunk06_rep02,6,high_response_placebo,regional_shift,box,3000,0.05,8.0,wrong,ctmle,estimated,xgboost,xgboost,targeting,1.0,0.0|0.25|0.5|1.0,-1.0,1.0,obsval,4.0,0.1,0,0.1,legacy,4.0,4,50,2,34.015933229005896,-0.09928269023756853,-0.09928269023756853,-0.09928269023756853,0.0,3.0300070276607916e-08,1.5012553347365336e-06,0.0,0.5,0.0,nan,nan,nan,nan,nan,nan,nan,0.14466666666666667,0.10233333333333333,0.0,0.0,355,20,0.8179723502304147,0.06514657980456026,0.0019020576329497653,0.0019020576329497653,0.0,-0.10091916719869468,-0.10091916719869468,0.0,0.5486959644078427,0.5486959644078427,2.404955546330878,2.404955546330878
s8_chunk06_rep03,6,high_response_placebo,regional_shift,box,3000,0.05,8.0,wrong,ctmle,estimated,xgboost,xgboost,targeting,1.0,0.0|0.25|0.5|1.0,-1.0,1.0,obsval,4.0,0.1,0,0.1,legacy,4.0,4,50,3,51.07345296401763,-0.1411107356614112,-0.1411107356614112,-0.1411107356614112,0.0,2.234759814701004e-08,3.101492026518632e-06,0.0,0.05,0.0,nan,nan,nan,nan,nan,nan,nan,0.14733333333333334,0.109,0.0,0.0,360,16,0.8144796380090498,0.04892966360856269,0.0002836016452929483,0.0002836016452929483,0.0,-0.02339680550977532,-0.02339680550977532,0.0,0.5535790932835989,0.5535790932835989,2.6314480182374305,2.6314480182374305
s8_chunk06_rep04,6,high_response_placebo,regional_shift,box,3000,0.05,8.0,wrong,ctmle,estimated,xgboost,xgboost,targeting,1.0,0.0|0.25|0.5|1.0,-1.0,1.0,obsval,4.0,0.1,0,0.1,legacy,4.0,4,50,4,68.10840797200217,-0.13401090471271504,-0.13401090471271504,-0.13401090471271504,0.0,3.4966965167110287e-08,4.5076052835810176e-07,0.0,0.05,0.0,nan,nan,nan,nan,nan,nan,nan,0.153,0.101,0.0,0.0,361,18,0.7864923747276689,0.0594059405940594,0.003547599328098373,0.003547599328098373,0.0,-0.025811603717728195,-0.025811603717728195,0.0,0.5228374945617601,0.5228374945617601,2.249752644390816,2.249752644390816
s8_chunk07_rep01,7,high_response_placebo,regional_shift,box,3000,0.05,8.0,wrong,ctmle,estimated,xgboost,xgboost,targeting,1.0,0.0|0.25|0.5|1.0,-1.0,1.0,obsval,4.0,0.1,0,0.1,legacy,4.0,4,50,1,16.966852081997786,-0.1497862552683067,-0.1497862552683067,-0.1497862552683067,0.0,3.5625904216268767e-08,2.9506050921133953e-07,0.0,0.5,0.0,nan,nan,nan,nan,nan,nan,nan,0.14366666666666666,0.098,0.0,0.0,340,17,0.7888631090487239,0.05782312925170068,-0.0008539584572844139,-0.0008539584572844139,0.0,-0.15568767826134922,-0.15568767826134922,0.0,0.5289432717094835,0.5289432717094835,3.225644606805683,3.225644606805683
s8_chunk07_rep02,7,high_response_placebo,regional_shift,box,3000,0.05,8.0,wrong,ctmle,estimated,xgboost,xgboost,targeting,1.0,0.0|0.25|0.5|1.0,-1.0,1.0,obsval,4.0,0.1,0,0.1,legacy,4.0,4,50,2,33.82669372600503,-0.19415206609521307,-0.19415206609521307,-0.19415206609521307,0.0,1.0073660013792951e-08,-9.122288055184169e-07,0.0,0.5,0.0,nan,nan,nan,nan,nan,nan,nan,0.151,0.09866666666666667,0.0,0.0,365,21,0.8057395143487859,0.07094594594594594,-0.00043186208160268406,-0.00043186208160268406,0.0,-0.17395781581868092,-0.17395781581868092,0.0,0.5298671052079896,0.5298671052079896,2.861960629076815,2.861960629076815
s8_chunk07_rep03,7,high_response_placebo,regional_shift,box,3000,0.05,8.0,wrong,ctmle,estimated,xgboost,xgboost,targeting,1.0,0.0|0.25|0.5|1.0,-1.0,1.0,obsval,4.0,0.1,0,0.1,legacy,4.0,4,50,3,50.776848064997466,-0.26081286245169755,-0.26081286245169755,-0.26081286245169755,0.0,2.3745062777136283e-08,1.0677312342567344e-06,0.0,0.05,0.0,nan,nan,nan,nan,nan,nan,nan,0.15433333333333332,0.10033333333333333,0.0,0.0,372,13,0.8034557235421166,0.04318936877076412,-0.004797833620896743,-0.004797833620896743,0.0,-0.036720436568160104,-0.036720436568160104,0.0,0.5247567199172837,0.5247567199172837,3.4311307819841055,3.4311307819841055
s8_chunk07_rep04,7,high_response_placebo,regional_shift,box,3000,0.05,8.0,wrong,ctmle,estimated,xgboost,xgboost,targeting,1.0,0.0|0.25|0.5|1.0,-1.0,1.0,obsval,4.0,0.1,0,0.1,legacy,4.0,4,50,4,67.79279223899357,-0.11401845564167978,-0.11401845564167978,-0.11401845564167978,0.0,6.15481554749886e-08,3.767460938556861e-06,0.0,0.5,0.0,nan,nan,nan,nan,nan,nan,nan,0.15566666666666668,0.09366666666666666,0.0,0.0,376,11,0.8051391862955032,0.03914590747330961,0.0021740225611681886,0.0021740225611681886,0.0,-0.11354354977073844,-0.11354354977073844,0.0,0.5648060871254434,0.5648060871254434,2.3615638767185994,2.3615638767185994
s8_chunk08_rep01,8,high_response_placebo,regional_shift,box,3000,0.05,8.0,wrong,ctmle,estimated,xgboost,xgboost,targeting,1.0,0.0|0.25|0.5|1.0,-1.0,1.0,obsval,4.0,0.1,0,0.1,legacy,4.0,4,50,1,16.824834097991697,-0.1902907160964994,-0.1902907160964994,-0.1902907160964994,0.0,7.198733578683836e-08,-3.976749727707153e-06,0.0,0.5,0.0,nan,nan,nan,nan,nan,nan,nan,0.14966666666666667,0.10266666666666667,0.0,0.0,363,18,0.8084632516703786,0.05844155844155844,0.0014903729639196678,0.0014903729639196678,0.0,-0.18667090589725044,-0.18667090589725044,0.0,0.5015810963982739,0.5015810963982739,3.8247532073034503,3.8247532073034503
s8_chunk08_rep02,8,high_response_placebo,regional_shift,box,3000,0.05,8.0,wrong,ctmle,estimated,xgboost,xgboost,targeting,1.0,0.0|0.25|0.5|1.0,-1.0,1.0,obsval,4.0,0.1,0,0.1,legacy,4.0,4,50,2,33.93842654299806,-0.20839904184874825,-0.20839904184874825,-0.20839904184874825,0.0,3.8241051020238004e-08,-1.368420209236186e-06,0.0,0.5,0.0,nan,nan,nan,nan,nan,nan,nan,0.15066666666666667,0.095,0.0,0.0,353,16,0.7809734513274337,0.056140350877192984,0.0011609182548827411,0.0011609182548827411,0.0,-0.17874420638764207,-0.17874420638764207,0.0,0.5185294769168974,0.5185294769168974,3.2856265157683446,3.2856265157683446
s8_chunk08_rep03,8,high_response_placebo,regional_shift,box,3000,0.05,8.0,wrong,ctmle,estimated,xgboost,xgboost,targeting,1.0,0.0|0.25|0.5|1.0,-1.0,1.0,obsval,4.0,0.1,0,0.1,legacy,4.0,4,50,3,50.91093765400001,-0.14397797057040562,-0.14397797057040562,-0.14397797057040562,0.0,5.5794835467082304e-08,-4.769872617368942e-07,0.0,0.5,0.0,nan,nan,nan,nan,nan,nan,nan,0.15266666666666667,0.09966666666666667,0.0,0.0,381,12,0.8318777292576419,0.04013377926421405,0.00037885378167262427,0.00037885378167262427,0.0,-0.15776606935922122,-0.15776606935922122,0.0,0.5521865185378887,0.5521865185378887,3.0367252572481576,3.0367252572481576
s8_chunk08_rep04,8,high_response_placebo,regional_shift,box,3000,0.05,8.0,wrong,ctmle,estimated,xgboost,xgboost,targeting,1.0,0.0|0.25|0.5|1.0,-1.0,1.0,obsval,4.0,0.1,0,0.1,legacy,4.0,4,50,4,67.996478104993,-0.21054034002076483,-0.21054034002076483,-0.21054034002076483,0.0,2.7529397126496713e-08,-1.2603072140713462e-06,0.0,0.5,0.0,nan,nan,nan,nan,nan,nan,nan,0.14966666666666667,0.09533333333333334,0.0,0.0,358,10,0.7973273942093542,0.03496503496503497,0.0014547238457839615,0.0014547238457839615,0.0,-0.20773455016566897,-0.20773455016566897,0.0,0.5323587693954649,0.5323587693954649,3.733284382915947,3.733284382915947
s8_chunk09_rep01,9,high_response_placebo,regional_shift,box,3000,0.05,8.0,wrong,ctmle,estimated,xgboost,xgboost,targeting,1.0,0.0|0.25|0.5|1.0,-1.0,1.0,obsval,4.0,0.1,0,0.1,legacy,4.0,4,50,1,17.19895225201617,-0.24887563941780222,-0.24887563941780222,-0.24887563941780222,0.0,3.721670180714676e-08,2.4054670488948132e-06,0.0,0.05,0.0,nan,nan,nan,nan,nan,nan,nan,0.14633333333333334,0.09766666666666667,0.0,0.0,355,9,0.8086560364464692,0.030716723549488054,0.0001712451781577323,0.0001712451781577323,0.0,-0.04403766779057704,-0.04403766779057704,0.0,0.5375060204479081,0.5375060204479081,3.7668721245644727,3.7668721245644727
s8_chunk09_rep02,9,high_response_placebo,regional_shift,box,3000,0.05,8.0,wrong,ctmle,estimated,xgboost,xgboost,targeting,1.0,0.0|0.25|0.5|1.0,-1.0,1.0,obsval,4.0,0.1,0,0.1,legacy,4.0,4,50,2,34.17892482999014,-0.2402899145542977,-0.2402899145542977,-0.2402899145542977,0.0,4.384661451625749e-08,-1.0006272173276876e-06,0.0,0.05,0.0,nan,nan,nan,nan,nan,nan,nan,0.151,0.108,0.0,0.0,380,11,0.8388520971302428,0.033950617283950615,-0.0031657518914730066,-0.0031657518914730066,0.0,-0.022659518768870967,-0.022659518768870967,0.0,0.5924687947975674,0.5924687947975674,3.5230416050411075,3.5230416050411075
s8_chunk09_rep03,9,high_response_placebo,regional_shift,box,3000,0.05,8.0,wrong,ctmle,estimated,xgboost,xgboost,targeting,1.0,0.0|0.25|0.5|1.0,-1.0,1.0,obsval,4.0,0.1,0,0.1,legacy,4.0,4,50,3,51.12690178200137,-0.29135820366048815,-0.29135820366048815,-0.29135820366048815,0.0,5.8973876840978656e-08,-1.3694531166303509e-06,0.0,0.05,0.0,nan,nan,nan,nan,nan,nan,nan,0.14566666666666667,0.1,0.0,0.0,368,10,0.8421052631578947,0.03333333333333333,0.005550754595438493,0.005550754595438493,0.0,-0.02576134927823236,-0.02576134927823236,0.0,0.5408578459548363,0.5408578459548363,3.744844809646669,3.744844809646669
s8_chunk09_rep04,9,high_response_placebo,regional_shift,box,3000,0.05,8.0,wrong,ctmle,estimated,xgboost,xgboost,targeting,1.0,0.0|0.25|0.5|1.0,-1.0,1.0,obsval,4.0,0.1,0,0.1,legacy,4.0,4,50,4,68.32196791001479,-0.1738899650232424,-0.1738899650232424,-0.1738899650232424,0.0,8.607791246798002e-08,-6.649031654582666e-07,0.0,0.5,0.0,nan,nan,nan,nan,nan,nan,nan,0.148,0.1,0.0,0.0,367,13,0.8265765765765766,0.043333333333333335,-0.0001699103262884099,-0.0001699103262884099,0.0,-0.15288558751601866,-0.15288558751601866,0.0,0.5357936767201038,0.5357936767201038,2.6544711705823887,2.6544711705823887
s8_chunk10_rep01,10,high_response_placebo,regional_shift,box,3000,0.05,8.0,wrong,ctmle,estimated,xgboost,xgboost,targeting,1.0,0.0|0.25|0.5|1.0,-1.0,1.0,obsval,4.0,0.1,0,0.1,legacy,4.0,4,50,1,17.057959550002124,-0.13963062835614326,-0.13976077806654041,-0.13963062835614326,-0.00013014971039715384,1.117170201053036e-07,-2.6583503173627926e-06,0.0,0.5,1.0,nan,nan,nan,nan,nan,nan,nan,0.14966666666666667,0.109,0.0,0.0,345,17,0.7683741648106904,0.05198776758409786,-0.0007091432522866151,-0.0006982255692312749,1.0917683055340199e-05,-0.1424227192242998,-0.1424227192242998,0.0,0.5400719077819768,0.5400188519966704,2.8550623744214203,2.8550623744214203
s8_chunk10_rep02,10,high_response_placebo,regional_shift,box,3000,0.05,8.0,wrong,ctmle,estimated,xgboost,xgboost,targeting,1.0,0.0|0.25|0.5|1.0,-1.0,1.0,obsval,4.0,0.1,0,0.1,legacy,4.0,4,50,2,34.247793476009974,-0.1424150235122208,-0.1424150235122208,-0.1424150235122208,0.0,2.325943755654425e-08,1.469010912950701e-06,0.0,0.5,0.0,nan,nan,nan,nan,nan,nan,nan,0.14966666666666667,0.104,0.0,0.0,364,18,0.8106904231625836,0.057692307692307696,0.0007878647828480239,0.0007878647828480239,0.0,-0.10765127842867676,-0.10765127842867676,0.0,0.5263287975603285,0.5263287975603285,2.8200164380587665,2.8200164380587665
s8_chunk10_rep03,10,high_response_placebo,regional_shift,box,3000,0.05,8.0,wrong,ctmle,estimated,xgboost,xgboost,targeting,1.0,0.0|0.25|0.5|1.0,-1.0,1.0,obsval,4.0,0.1,0,0.1,legacy,4.0,4,50,3,51.33473644100013,-0.32014267714377986,-0.3201634655694613,-0.32014267714377986,-2.0788425681428357e-05,1.5956652030940655e-08,4.707342740507478e-06,0.0,0.05,1.0,nan,nan,nan,nan,nan,nan,nan,0.14933333333333335,0.094,0.0,0.0,369,9,0.8236607142857143,0.031914893617021274,-0.007255509288454685,-0.006987484978687787,0.0002680243097668983,-0.036831438097665994,-0.036831438097665994,0.0,0.5440111678307732,0.5435470415424253,4.56792226873186,4.56792226873186
s8_chunk10_rep04,10,high_response_placebo,regional_shift,box,3000,0.05,8.0,wrong,ctmle,estimated,xgboost,xgboost,targeting,1.0,0.0|0.25|0.5|1.0,-1.0,1.0,obsval,4.0,0.1,0,0.1,legacy,4.0,4,50,4,68.50937158399029,-0.20685663497663453,-0.20685663497663453,-0.20685663497663453,0.0,2.2545004706858718e-08,5.708217592156201e-06,0.0,0.05,0.0,nan,nan,nan,nan,nan,nan,nan,0.15833333333333333,0.104,0.0,0.0,372,15,0.783157894736842,0.04807692307692308,-0.0027317348792989028,-0.0027317348792989028,0.0,-0.03232818556280289,-0.03232818556280289,0.0,0.6257277872003103,0.6257277872003103,4.097157725188383,4.097157725188383
s8_chunk11_rep01,11,high_response_placebo,regional_shift,box,3000,0.05,8.0,wrong,ctmle,estimated,xgboost,xgboost,targeting,1.0,0.0|0.25|0.5|1.0,-1.0,1.0,obsval,4.0,0.1,0,0.1,legacy,4.0,4,50,1,17.06568305499968,-0.2927755756094029,-0.2927755756094029,-0.2927755756094029,0.0,6.905954807144565e-08,1.1750735815834953e-06,0.0,0.5,0.0,nan,nan,nan,nan,nan,nan,nan,0.154,0.114,0.0,0.0,373,16,0.8073593073593074,0.04678362573099415,-0.0008833290422707181,-0.0008833290422707181,0.0,-0.26585492621436607,-0.26585492621436607,0.0,0.5309841937106675,0.5309841937106675,4.057142648237764,4.057142648237764
s8_chunk11_rep02,11,high_response_placebo,regional_shift,box,3000,0.05,8.0,wrong,ctmle,estimated,xgboost,xgboost,targeting,1.0,0.0|0.25|0.5|1.0,-1.0,1.0,obsval,4.0,0.1,0,0.1,legacy,4.0,4,50,2,34.01890064199688,-0.2924309287015957,-0.2924309287015957,-0.2924309287015957,0.0,4.0460543358419865e-08,2.6262753502568487e-07,0.0,0.05,0.0,nan,nan,nan,nan,nan,nan,nan,0.15566666666666668,0.09866666666666667,0.0,0.0,374,10,0.8008565310492506,0.033783783783783786,-0.0018074505914597552,-0.0018074505914597552,0.0,-0.04385878342301151,-0.04385878342301151,0.0,0.5625608489611805,0.5625608489611805,4.350322587655769,4.350322587655769
s8_chunk11_rep03,11,high_response_placebo,regional_shift,box,3000,0.05,8.0,wrong,ctmle,estimated,xgboost,xgboost,targeting,1.0,0.0|0.25|0.5|1.0,-1.0,1.0,obsval,4.0,0.1,0,0.1,legacy,4.0,4,50,3,51.21277156099677,-0.24911805388415365,-0.24911805388415365,-0.24911805388415365,0.0,6.074987026795375e-08,-2.3751760888802292e-06,0.0,0.5,0.0,nan,nan,nan,nan,nan,nan,nan,0.16033333333333333,0.09866666666666667,0.0,0.0,390,17,0.8108108108108109,0.057432432432432436,-0.0007310176078879064,-0.0007310176078879064,0.0,-0.18908200534483408,-0.18908200534483408,0.0,0.514221698467125,0.514221698467125,3.3117481231595223,3.3117481231595223
s8_chunk11_rep04,11,high_response_placebo,regional_shift,box,3000,0.05,8.0,wrong,ctmle,estimated,xgboost,xgboost,targeting,1.0,0.0|0.25|0.5|1.0,-1.0,1.0,obsval,4.0,0.1,0,0.1,legacy,4.0,4,50,4,68.22679767900263,-0.08427926758856341,-0.08427926758856341,-0.08427926758856341,0.0,3.123981206359927e-08,-1.3171776250611722e-06,0.0,0.25,0.0,nan,nan,nan,nan,nan,nan,nan,0.14933333333333335,0.098,0.0,0.0,370,14,0.8258928571428571,0.047619047619047616,0.0006761231491383596,0.0006761231491383596,0.0,-0.06455187340025678,-0.06455187340025678,0.0,0.596884189897997,0.596884189897997,1.891037271012189,1.891037271012189
s8_chunk12_rep01,12,high_response_placebo,regional_shift,box,3000,0.05,8.0,wrong,ctmle,estimated,xgboost,xgboost,targeting,1.0,0.0|0.25|0.5|1.0,-1.0,1.0,obsval,4.0,0.1,0,0.1,legacy,4.0,4,50,1,17.063734333991306,-0.14298131403355052,-0.14257541134677731,-0.1428592160710777,0.0004059026867732074,5.7598550056228714e-08,5.824056736013217e-09,0.3008059972291798,0.05,1.0,nan,nan,nan,nan,nan,nan,nan,0.14766666666666667,0.10066666666666667,0.0,0.0,366,17,0.8261851015801355,0.056291390728476824,-0.002774010283548708,-0.0030195260777464068,-0.0002455157941976989,-0.03131680135176614,-0.03131680135176614,0.0,0.5309284346851945,0.5304960943959517,2.695604196231751,2.695604196231751
s8_chunk12_rep02,12,high_response_placebo,regional_shift,box,3000,0.05,8.0,wrong,ctmle,estimated,xgboost,xgboost,targeting,1.0,0.0|0.25|0.5|1.0,-1.0,1.0,obsval,4.0,0.1,0,0.1,legacy,4.0,4,50,2,34.33231517201057,-0.12080691140589339,-0.12080691140589339,-0.12080691140589339,0.0,4.2109880147092604e-08,-4.453824254326e-06,0.0,0.05,0.0,nan,nan,nan,nan,nan,nan,nan,0.14733333333333334,0.105,0.0,0.0,350,15,0.7918552036199095,0.047619047619047616,0.007312792546885005,0.007312792546885005,0.0,-0.03694194290265184,-0.03694194290265184,0.0,0.5260543556466193,0.5260543556466193,3.2373628833344097,3.2373628833344097
s8_chunk12_rep03,12,high_response_placebo,regional_shift,box,3000,0.05,8.0,wrong,ctmle,estimated,xgboost,xgboost,targeting,1.0,0.0|0.25|0.5|1.0,-1.0,1.0,obsval,4.0,0.1,0,0.1,legacy,4.0,4,50,3,51.46908791101305,-0.16849496889093019,-0.1684715320677589,-0.16849496889093019,2.3436823171296695e-05,2.330061913899395e-08,1.076021739678662e-07,0.0,0.05,1.0,nan,nan,nan,nan,nan,nan,nan,0.146,0.1,0.0,0.0,360,13,0.821917808219178,0.043333333333333335,0.0016475860874521821,0.0015895097405447002,5.807634690748191e-05,-0.03898040040230266,-0.03898040040230266,0.0,0.5154217494702397,0.5153617732637219,3.1349884059031043,3.1349884059031043
s8_chunk12_rep04,12,high_response_placebo,regional_shift,box,3000,0.05,8.0,wrong,ctmle,estimated,xgboost,xgboost,targeting,1.0,0.0|0.25|0.5|1.0,-1.0,1.0,obsval,4.0,0.1,0,0.1,legacy,4.0,4,50,4,68.56571174098644,-0.257934001241072,-0.257934001241072,-0.257934001241072,0.0,2.8094812353288146e-08,9.850878402275012e-07,0.0,0.05,0.0,nan,nan,nan,nan,nan,nan,nan,0.14666666666666667,0.099,0.0,0.0,362,12,0.8227272727272728,0.04040404040404041,0.00050052267355453,0.00050052267355453,0.0,-0.027007168150303008,-0.027007168150303008,0.0,0.5344065110266932,0.5344065110266932,3.8798694516728713,3.8798694516728713
s8_chunk13_rep01,13,high_response_placebo,regional_shift,box,3000,0.05,8.0,wrong,ctmle,estimated,xgboost,xgboost,targeting,1.0,0.0|0.25|0.5|1.0,-1.0,1.0,obsval,4.0,0.1,0,0.1,legacy,4.0,4,50,1,17.046582382987253,-0.13830254238634732,-0.13830254238634732,-0.13830254238634732,0.0,4.414117542317353e-08,1.0956159295517215e-06,0.0,0.5,0.0,nan,nan,nan,nan,nan,nan,nan,0.15666666666666668,0.11333333333333333,0.0,0.0,381,12,0.8106382978723404,0.03529411764705882,0.00032778825759850435,0.00032778825759850435,0.0,-0.12259002269056966,-0.12259002269056966,0.0,0.5026687587090228,0.5026687587090228,2.4342689153030674,2.4342689153030674
s8_chunk13_rep02,13,high_response_placebo,regional_shift,box,3000,0.05,8.0,wrong,ctmle,estimated,xgboost,xgboost,targeting,1.0,0.0|0.25|0.5|1.0,-1.0,1.0,obsval,4.0,0.1,0,0.1,legacy,4.0,4,50,2,34.21432550100144,-0.08235005222630809,-0.08235005222630809,-0.08235005222630809,0.0,5.231746555596495e-08,8.619165417162247e-07,0.0,0.05,0.0,nan,nan,nan,nan,nan,nan,nan,0.14933333333333335,0.09866666666666667,0.0,0.0,354,21,0.7901785714285714,0.07094594594594594,0.006040193371384529,0.006040193371384529,0.0,-0.021075053550742656,-0.021075053550742656,0.0,0.49378838407781933,0.49378838407781933,2.1451561921268523,2.1451561921268523
s8_chunk13_rep03,13,high_response_placebo,regional_shift,box,3000,0.05,8.0,wrong,ctmle,estimated,xgboost,xgboost,targeting,1.0,0.0|0.25|0.5|1.0,-1.0,1.0,obsval,4.0,0.1,0,0.1,legacy,4.0,4,50,3,51.441949225001736,-0.050948678108069356,-0.050948678108069356,-0.050948678108069356,0.0,3.7733095420780516e-08,3.996601548937433e-06,0.0,0.05,0.0,nan,nan,nan,nan,nan,nan,nan,0.14466666666666667,0.08966666666666667,0.0,0.0,348,17,0.8018433179723502,0.06319702602230483,-0.004523248095752155,-0.004523248095752155,0.0,-0.0342426674074623,-0.0342426674074623,0.0,0.605022961743795,0.605022961743795,2.5794689528719976,2.5794689528719976
s8_chunk13_rep04,13,high_response_placebo,regional_shift,box,3000,0.05,8.0,wrong,ctmle,estimated,xgboost,xgboost,targeting,1.0,0.0|0.25|0.5|1.0,-1.0,1.0,obsval,4.0,0.1,0,0.1,legacy,4.0,4,50,4,68.36464701898512,-0.3154416872521787,-0.3154416872521787,-0.3154416872521787,0.0,6.23849867147086e-08,1.72084069007504e-06,0.0,0.05,0.0,nan,nan,nan,nan,nan,nan,nan,0.15666666666666668,0.112,0.0,0.0,385,21,0.8191489361702128,0.0625,-0.0033232742375624955,-0.0033232742375624955,0.0,-0.047383068394062054,-0.047383068394062054,0.0,0.588944197234913,0.588944197234913,4.002411358652563,4.002411358652563
s8_chunk14_rep01,14,high_response_placebo,regional_shift,box,3000,0.05,8.0,wrong,ctmle,estimated,xgboost,xgboost,targeting,1.0,0.0|0.25|0.5|1.0,-1.0,1.0,obsval,4.0,0.1,0,0.1,legacy,4.0,4,50,1,17.008654136996483,-0.23783563401224483,-0.23783563401224483,-0.23783563401224483,0.0,3.247464302330583e-08,3.918906072738863e-06,0.0,0.5,0.0,nan,nan,nan,nan,nan,nan,nan,0.154,0.102,0.0,0.0,373,15,0.8073593073593074,0.049019607843137254,-0.0004256176222418527,-0.0004256176222418527,0.0,-0.1931710308915702,-0.1931710308915702,0.0,0.46902121428755855,0.46902121428755855,3.5341035859121948,3.5341035859121948
s8_chunk14_rep02,14,high_response_placebo,regional_shift,box,3000,0.05,8.0,wrong,ctmle,estimated,xgboost,xgboost,targeting,1.0,0.0|0.25|0.5|1.0,-1.0,1.0,obsval,4.0,0.1,0,0.1,legacy,4.0,4,50,2,34.03338889099541,-0.20699385457812758,-0.20699385457812758,-0.20699385457812758,0.0,7.163305730875646e-08,-4.17254300727303e-06,0.0,0.05,0.0,nan,nan,nan,nan,nan,nan,nan,0.15666666666666668,0.11233333333333333,0.0,0.0,394,19,0.8382978723404255,0.05637982195845697,-0.0013914072772164316,-0.0013914072772164316,0.0,-0.035360800954709885,-0.035360800954709885,0.0,0.564754678510567,0.564754678510567,2.8930153162679493,2.8930153162679493
s8_chunk14_rep03,14,high_response_placebo,regional_shift,box,3000,0.05,8.0,wrong,ctmle,estimated,xgboost,xgboost,targeting,1.0,0.0|0.25|0.5|1.0,-1.0,1.0,obsval,4.0,0.1,0,0.1,legacy,4.0,4,50,3,51.03787710997858,-0.09829497911056784,-0.09829497911056784,-0.09829497911056784,0.0,7.456594335909783e-08,-2.3727447394849763e-06,0.0,0.05,0.0,nan,nan,nan,nan,nan,nan,nan,0.152,0.09866666666666667,0.0,0.0,391,13,0.8574561403508771,0.04391891891891892,0.0020784443308273968,0.0020784443308273968,0.0,-0.02681441968273183,-0.02681441968273183,0.0,0.5170839013709848,0.5170839013709848,2.4852630056530804,2.4852630056530804
s8_chunk14_rep04,14,high_response_placebo,regional_shift,box,3000,0.05,8.0,wrong,ctmle,estimated,xgboost,xgboost,targeting,1.0,0.0|0.25|0.5|1.0,-1.0,1.0,obsval,4.0,0.1,0,0.1,legacy,4.0,4,50,4,68.09659923499567,-0.11412472131840179,-0.11412472131840179,-0.11412472131840179,0.0,3.698373980329239e-08,5.582694453214188e-07,0.0,0.05,0.0,nan,nan,nan,nan,nan,nan,nan,0.15366666666666667,0.10933333333333334,0.0,0.0,370,21,0.8026030368763557,0.06402439024390244,-0.0012681429161476153,-0.0012681429161476153,0.0,-0.019246427170982027,-0.019246427170982027,0.0,0.5405792358352658,0.5405792358352658,2.444703432755024,2.444703432755024
s8_chunk15_rep01,15,high_response_placebo,regional_shift,box,3000,0.05,8.0,wrong,ctmle,estimated,xgboost,xgboost,targeting,1.0,0.0|0.25|0.5|1.0,-1.0,1.0,obsval,4.0,0.1,0,0.1,legacy,4.0,4,50,1,17.347484079014976,-0.19368725677932475,-0.19368725677932475,-0.19368725677932475,0.0,3.903285006670587e-08,-9.787291280812654e-07,0.0,0.05,0.0,nan,nan,nan,nan,nan,nan,nan,0.15133333333333332,0.093,0.0,0.0,366,16,0.8061674008810573,0.05734767025089606,-0.00043799726148573755,-0.00043799726148573755,0.0,-0.03934051998054323,-0.03934051998054323,0.0,0.5274547270774963,0.5274547270774963,3.8747600598072944,3.8747600598072944
s8_chunk15_rep02,15,high_response_placebo,regional_shift,box,3000,0.05,8.0,wrong,ctmle,estimated,xgboost,xgboost,targeting,1.0,0.0|0.25|0.5|1.0,-1.0,1.0,obsval,4.0,0.1,0,0.1,legacy,4.0,4,50,2,34.53450539399637,-0.13083599762548725,-0.13083599762548725,-0.13083599762548725,0.0,1.954967634304472e-08,5.427425326873236e-07,0.0,0.05,0.0,nan,nan,nan,nan,nan,nan,nan,0.14733333333333334,0.101,0.0,0.0,352,13,0.7963800904977375,0.0429042904290429,-0.0005590358300051328,-0.0005590358300051328,0.0,-0.028207158996471245,-0.028207158996471245,0.0,0.5670205327223535,0.5670205327223535,3.0391964000802503,3.0391964000802503
s8_chunk15_rep03,15,high_response_placebo,regional_shift,box,3000,0.05,8.0,wrong,ctmle,estimated,xgboost,xgboost,targeting,1.0,0.0|0.25|0.5|1.0,-1.0,1.0,obsval,4.0,0.1,0,0.1,legacy,4.0,4,50,3,51.520914780994644,-0.18724076552633773,-0.18724076552633773,-0.18724076552633773,0.0,4.7600355533930494e-08,-4.370332063982282e-06,0.0,0.5,0.0,nan,nan,nan,nan,nan,nan,nan,0.14966666666666667,0.09966666666666667,0.0,0.0,349,13,0.77728285077951,0.043478260869565216,0.0026216949362065953,0.0026216949362065953,0.0,-0.19092836484911424,-0.19092836484911424,0.0,0.5160246348228712,0.5160246348228712,3.342531629494763,3.342531629494763
s8_chunk15_rep04,15,high_response_placebo,regional_shift,box,3000,0.05,8.0,wrong,ctmle,estimated,xgboost,xgboost,targeting,1.0,0.0|0.25|0.5|1.0,-1.0,1.0,obsval,4.0,0.1,0,0.1,legacy,4.0,4,50,4,68.53679818400997,-0.2729970562061287,-0.2729970562061287,-0.2729970562061287,0.0,4.761165103145393e-08,4.894519728872865e-07,0.0,0.5,0.0,nan,nan,nan,nan,nan,nan,nan,0.14733333333333334,0.098,0.0,0.0,363,15,0.8212669683257918,0.05102040816326531,-0.0006449897546888149,-0.0006449897546888149,0.0,-0.2260513029090987,-0.2260513029090987,0.0,0.5266205842126109,0.5266205842126109,4.029307487845279,4.029307487845279
s8_chunk16_rep01,16,high_response_placebo,regional_shift,box,3000,0.05,8.0,wrong,ctmle,estimated,xgboost,xgboost,targeting,1.0,0.0|0.25|0.5|1.0,-1.0,1.0,obsval,4.0,0.1,0,0.1,legacy,4.0,4,50,1,16.935426388983615,-0.10985642391601602,-0.10985642391601602,-0.10985642391601602,0.0,3.473052177446756e-08,9.50299054581008e-07,0.0,0.05,0.0,nan,nan,nan,nan,nan,nan,nan,0.14866666666666667,0.10033333333333333,0.0,0.0,356,18,0.7982062780269058,0.059800664451827246,-0.002290081320658261,-0.002290081320658261,0.0,-0.02654297065429618,-0.02654297065429618,0.0,0.531790387457769,0.531790387457769,2.5956888345204865,2.5956888345204865
s8_chunk16_rep02,16,high_response_placebo,regional_shift,box,3000,0.05,8.0,wrong,ctmle,estimated,xgboost,xgboost,targeting,1.0,0.0|0.25|0.5|1.0,-1.0,1.0,obsval,4.0,0.1,0,0.1,legacy,4.0,4,50,2,33.844202189997304,-0.17191473304791316,-0.1720923570820443,-0.17191473304791316,-0.0001776240341311297,2.73752372645375e-08,-2.6594175843511203e-06,0.0,0.5,1.0,nan,nan,nan,nan,nan,nan,nan,0.15,0.09766666666666667,0.0,0.0,368,18,0.8177777777777778,0.06143344709897611,-0.0015737892001848207,-0.0015606893254737101,1.3099874711110541e-05,-0.18453679757228728,-0.18453679757228728,0.0,0.5510714244680757,0.550278042130525,3.4504753697239496,3.4504753697239496
s8_chunk16_rep03,16,high_response_placebo,regional_shift,box,3000,0.05,8.0,wrong,ctmle,estimated,xgboost,xgboost,targeting,1.0,0.0|0.25|0.5|1.0,-1.0,1.0,obsval,4.0,0.1,0,0.1,legacy,4.0,4,50,3,50.69902275200002,-0.14641434506033002,-0.14641434506033002,-0.14641434506033002,0.0,2.959719795636584e-08,7.066256061047382e-07,0.0,0.5,0.0,nan,nan,nan,nan,nan,nan,nan,0.15033333333333335,0.09133333333333334,0.0,0.0,359,9,0.7960088691796009,0.032846715328467155,0.0012291290123671562,0.0012291290123671562,0.0,-0.15439796909547182,-0.15439796909547182,0.0,0.5380485614036885,0.5380485614036885,3.2989732966006273,3.2989732966006273
s8_chunk16_rep04,16,high_response_placebo,regional_shift,box,3000,0.05,8.0,wrong,ctmle,estimated,xgboost,xgboost,targeting,1.0,0.0|0.25|0.5|1.0,-1.0,1.0,obsval,4.0,0.1,0,0.1,legacy,4.0,4,50,4,67.68769966199761,-0.1062784970155426,-0.1062784970155426,-0.1062784970155426,0.0,2.1407800625955486e-08,1.1203208350523894e-06,0.0,0.05,0.0,nan,nan,nan,nan,nan,nan,nan,0.15,0.102,0.0,0.0,359,19,0.7977777777777778,0.06209150326797386,-0.00018506295838845022,-0.00018506295838845022,0.0,-0.036548043245064166,-0.036548043245064166,0.0,0.510196612966543,0.510196612966543,2.3622595934835484,2.3622595934835484
s8_chunk17_rep01,17,high_response_placebo,regional_shift,box,3000,0.05,8.0,wrong,ctmle,estimated,xgboost,xgboost,targeting,1.0,0.0|0.25|0.5|1.0,-1.0,1.0,obsval,4.0,0.1,0,0.1,legacy,4.0,4,50,1,17.044249341008253,-0.15180008197613049,-0.15180008197613049,-0.15180008197613049,0.0,1.2356365462241892e-07,1.8841300143696699e-06,0.0,0.05,0.0,nan,nan,nan,nan,nan,nan,nan,0.143,0.10133333333333333,0.0,0.0,349,13,0.8135198135198135,0.04276315789473684,-0.0019079504404500582,-0.0019079504404500582,0.0,-0.016771893824947384,-0.016771893824947384,0.0,0.5497781483179079,0.5497781483179079,2.686768102879687,2.686768102879687
s8_chunk17_rep02,17,high_response_placebo,regional_shift,box,3000,0.05,8.0,wrong,ctmle,estimated,xgboost,xgboost,targeting,1.0,0.0|0.25|0.5|1.0,-1.0,1.0,obsval,4.0,0.1,0,0.1,legacy,4.0,4,50,2,34.172269575996324,-0.30487835962498033,-0.30487835962498033,-0.30487835962498033,0.0,6.664710701376197e-08,3.832316890627074e-06,0.0,0.05,0.0,nan,nan,nan,nan,nan,nan,nan,0.14533333333333334,0.102,0.0,0.0,364,9,0.8348623853211009,0.029411764705882353,-0.00020372577998248542,-0.00020372577998248542,0.0,-0.030828698181034536,-0.030828698181034536,0.0,0.5168617967059869,0.5168617967059869,4.552282911938617,4.552282911938617
s8_chunk17_rep03,17,high_response_placebo,regional_shift,box,3000,0.05,8.0,wrong,ctmle,estimated,xgboost,xgboost,targeting,1.0,0.0|0.25|0.5|1.0,-1.0,1.0,obsval,4.0,0.1,0,0.1,legacy,4.0,4,50,3,51.46948011001223,-0.11454517588074231,-0.11454517588074231,-0.11454517588074231,0.0,3.455223898662929e-08,-6.514614053535449e-07,0.0,0.5,0.0,nan,nan,nan,nan,nan,nan,nan,0.14866666666666667,0.10233333333333333,0.0,0.0,369,19,0.827354260089686,0.06188925081433225,-5.9061792588850504e-05,-5.9061792588850504e-05,0.0,-0.11952852337615581,-0.11952852337615581,0.0,0.5704261782147091,0.5704261782147091,2.732750308379261,2.732750308379261
s8_chunk17_rep04,17,high_response_placebo,regional_shift,box,3000,0.05,8.0,wrong,ctmle,estimated,xgboost,xgboost,targeting,1.0,0.0|0.25|0.5|1.0,-1.0,1.0,obsval,4.0,0.1,0,0.1,legacy,4.0,4,50,4,68.65134952802327,-0.0985076270177152,-0.0985076270177152,-0.0985076270177152,0.0,1.0507935768039323e-08,1.1938066870669992e-06,0.0,0.5,0.0,nan,nan,nan,nan,nan,nan,nan,0.15133333333333332,0.10266666666666667,0.0,0.0,367,21,0.8083700440528634,0.06818181818181818,-0.00037992022543969237,-0.00037992022543969237,0.0,-0.10672590500011557,-0.10672590500011557,0.0,0.5165063346751715,0.5165063346751715,2.318432044291415,2.318432044291415
s8_chunk18_rep01,18,high_response_placebo,regional_shift,box,3000,0.05,8.0,wrong,ctmle,estimated,xgboost,xgboost,targeting,1.0,0.0|0.25|0.5|1.0,-1.0,1.0,obsval,4.0,0.1,0,0.1,legacy,4.0,4,50,1,16.986603086988907,-0.1338307967024034,-0.1338307967024034,-0.1338307967024034,0.0,1.0658100776939072e-08,-2.2376835449172683e-07,0.0,0.5,0.0,nan,nan,nan,nan,nan,nan,nan,0.14666666666666667,0.10266666666666667,0.0,0.0,355,16,0.8068181818181818,0.05194805194805195,-0.0007925868245980908,-0.0007925868245980908,0.0,-0.13408414995792647,-0.13408414995792647,0.0,0.5411614847462777,0.5411614847462777,2.362152360770559,2.362152360770559
s8_chunk18_rep02,18,high_response_placebo,regional_shift,box,3000,0.05,8.0,wrong,ctmle,estimated,xgboost,xgboost,targeting,1.0,0.0|0.25|0.5|1.0,-1.0,1.0,obsval,4.0,0.1,0,0.1,legacy,4.0,4,50,2,34.16224671699456,-0.17766488058928287,-0.17766488058928287,-0.17766488058928287,0.0,1.372902248136798e-08,-2.8585729224712975e-06,0.0,0.05,0.0,nan,nan,nan,nan,nan,nan,nan,0.154,0.111,0.0,0.0,389,17,0.841991341991342,0.05105105105105105,0.006062233221626504,0.006062233221626504,0.0,-0.02290324673131608,-0.02290324673131608,0.0,0.5122065240015833,0.5122065240015833,3.1989146968452356,3.1989146968452356
s8_chunk18_rep03,18,high_response_placebo,regional_shift,box,3000,0.05,8.0,wrong,ctmle,estimated,xgboost,xgboost,targeting,1.0,0.0|0.25|0.5|1.0,-1.0,1.0,obsval,4.0,0.1,0,0.1,legacy,4.0,4,50,3,51.62037890899228,-0.1812855851171511,-0.1812855851171511,-0.1812855851171511,0.0,4.136491226457151e-08,2.261476299356656e-06,0.0,0.05,0.0,nan,nan,nan,nan,nan,nan,nan,0.149,0.094,0.0,0.0,364,23,0.814317673378076,0.08156028368794327,0.00112529156255704,0.00112529156255704,0.0,-0.06675154168591865,-0.06675154168591865,0.0,0.5419670404455458,0.5419670404455458,3.106734272991627,3.106734272991627
s8_chunk18_rep04,18,high_response_placebo,regional_shift,box,3000,0.05,8.0,wrong,ctmle,estimated,xgboost,xgboost,targeting,1.0,0.0|0.25|0.5|1.0,-1.0,1.0,obsval,4.0,0.1,0,0.1,legacy,4.0,4,50,4,68.99534182701609,-0.21977664290291765,-0.22031851389006107,-0.22012902090244735,-0.0005418709871434224,5.1340376127501086e-08,1.388041743384527e-07,0.6502987018872005,0.05,1.0,nan,nan,nan,nan,nan,nan,nan,0.143,0.092,0.0,0.0,343,13,0.7995337995337995,0.04710144927536232,-0.003176860661553211,-0.0026546026834660752,0.000522257978087136,-0.04247809310273011,-0.04247809310273011,0.0,0.5781826568334082,0.5772456129477257,3.7342156805878117,3.7342156805878117
s8_chunk19_rep01,19,high_response_placebo,regional_shift,box,3000,0.05,8.0,wrong,ctmle,estimated,xgboost,xgboost,targeting,1.0,0.0|0.25|0.5|1.0,-1.0,1.0,obsval,4.0,0.1,0,0.1,legacy,4.0,4,50,1,17.045997737994185,-0.2458259675040817,-0.2458259675040817,-0.2458259675040817,0.0,2.8783120505082582e-08,-1.6087479980681635e-06,0.0,0.05,0.0,nan,nan,nan,nan,nan,nan,nan,0.14133333333333334,0.10233333333333333,0.0,0.0,343,18,0.8089622641509434,0.05863192182410423,-0.0004010377621034441,-0.0004010377621034441,0.0,-0.02894318625747896,-0.02894318625747896,0.0,0.49987977087105506,0.49987977087105506,3.8573116639691007,3.8573116639691007
s8_chunk19_rep02,19,high_response_placebo,regional_shift,box,3000,0.05,8.0,wrong,ctmle,estimated,xgboost,xgboost,targeting,1.0,0.0|0.25|0.5|1.0,-1.0,1.0,obsval,4.0,0.1,0,0.1,legacy,4.0,4,50,2,34.086103094014106,-0.27296537077636096,-0.27296537077636096,-0.27296537077636096,0.0,5.04929501786433e-08,3.3936959507900252e-06,0.0,0.5,0.0,nan,nan,nan,nan,nan,nan,nan,0.15333333333333332,0.10033333333333333,0.0,0.0,375,14,0.8152173913043478,0.046511627906976744,-0.0005541331020662985,-0.0005541331020662985,0.0,-0.24093006649200588,-0.24093006649200588,0.0,0.5234230111819023,0.5234230111819023,4.12199954878719,4.12199954878719
s8_chunk19_rep03,19,high_response_placebo,regional_shift,box,3000,0.05,8.0,wrong,ctmle,estimated,xgboost,xgboost,targeting,1.0,0.0|0.25|0.5|1.0,-1.0,1.0,obsval,4.0,0.1,0,0.1,legacy,4.0,4,50,3,51.5575897640083,-0.1359806825889871,-0.13625156053471266,-0.1359806825889871,-0.0002708779457255561,7.449652119836947e-08,-2.7658500607154538e-06,0.0,0.05,1.0,nan,nan,nan,nan,nan,nan,nan,0.14366666666666666,0.094,0.0,0.0,352,18,0.8167053364269141,0.06382978723404255,-0.0011712926549120794,-0.001097895007758068,7.339764715401137e-05,-0.03470377703290017,-0.03470377703290017,0.0,0.5389062973096491,0.5388621822519736,2.1738888862857153,2.1738888862857153
s8_chunk19_rep04,19,high_response_placebo,regional_shift,box,3000,0.05,8.0,wrong,ctmle,estimated,xgboost,xgboost,targeting,1.0,0.0|0.25|0.5|1.0,-1.0,1.0,obsval,4.0,0.1,0,0.1,legacy,4.0,4,50,4,68.7405289140006,-0.09889898168607947,-0.09889898168607947,-0.09889898168607947,0.0,6.929273784275769e-08,2.7142230701344278e-06,0.0,0.5,0.0,nan,nan,nan,nan,nan,nan,nan,0.14366666666666666,0.089,0.0,0.0,345,7,0.8004640371229699,0.026217228464419477,-0.00033696239631966546,-0.00033696239631966546,0.0,-0.10797774582619808,-0.10797774582619808,0.0,0.5047308122832024,0.5047308122832024,2.477370921027398,2.477370921027398
s8_chunk20_rep01,20,high_response_placebo,regional_shift,box,3000,0.05,8.0,wrong,ctmle,estimated,xgboost,xgboost,targeting,1.0,0.0|0.25|0.5|1.0,-1.0,1.0,obsval,4.0,0.1,0,0.1,legacy,4.0,4,50,1,17.323689670010936,-0.26116798582069856,-0.26116798582069856,-0.26116798582069856,0.0,1.2106234865277843e-07,8.310848896455822e-06,0.0,0.05,0.0,nan,nan,nan,nan,nan,nan,nan,0.15233333333333332,0.10366666666666667,0.0,0.0,370,14,0.8096280087527352,0.04501607717041801,0.0004000696941035909,0.0004000696941035909,0.0,-0.041665804955916604,-0.041665804955916604,0.0,0.4672468216980817,0.4672468216980817,4.0093649415573855,4.0093649415573855
s8_chunk20_rep02,20,high_response_placebo,regional_shift,box,3000,0.05,8.0,wrong,ctmle,estimated,xgboost,xgboost,targeting,1.0,0.0|0.25|0.5|1.0,-1.0,1.0,obsval,4.0,0.1,0,0.1,legacy,4.0,4,50,2,34.65845996100688,-0.23701116401294975,-0.23701116401294975,-0.23701116401294975,0.0,3.2540426636237796e-08,3.4245902533923053e-06,0.0,0.05,0.0,nan,nan,nan,nan,nan,nan,nan,0.14666666666666667,0.091,0.0,0.0,356,13,0.8090909090909091,0.047619047619047616,0.0013214393327191532,0.0013214393327191532,0.0,-0.031290444670740804,-0.031290444670740804,0.0,0.5496129993563199,0.5496129993563199,4.208065519980339,4.208065519980339
s8_chunk20_rep03,20,high_response_placebo,regional_shift,box,3000,0.05,8.0,wrong,ctmle,estimated,xgboost,xgboost,targeting,1.0,0.0|0.25|0.5|1.0,-1.0,1.0,obsval,4.0,0.1,0,0.1,legacy,4.0,4,50,3,51.7636761010217,-0.21627435522241933,-0.21627435522241933,-0.21627435522241933,0.0,1.2125933954859613e-08,-1.0594052961485079e-06,0.0,0.5,0.0,nan,nan,nan,nan,nan,nan,nan,0.14533333333333334,0.10466666666666667,0.0,0.0,361,9,0.8279816513761468,0.028662420382165606,-0.0005246474022400596,-0.0005246474022400596,0.0,-0.20740898341114417,-0.20740898341114417,0.0,0.5437671182776409,0.5437671182776409,3.716510478620919,3.716510478620919
s8_chunk20_rep04,20,high_response_placebo,regional_shift,box,3000,0.05,8.0,wrong,ctmle,estimated,xgboost,xgboost,targeting,1.0,0.0|0.25|0.5|1.0,-1.0,1.0,obsval,4.0,0.1,0,0.1,legacy,4.0,4,50,4,68.96630462101893,-0.20772142776137792,-0.20790538408213766,-0.20772142776137792,-0.00018395632075973722,1.2036048828607815e-07,-1.792353446616185e-06,0.0,0.1,1.0,nan,nan,nan,nan,nan,nan,nan,0.15233333333333332,0.097,0.0,0.0,355,12,0.7768052516411379,0.041237113402061855,0.0012067183348504825,0.001300046083366254,-9.332774851577154e-05,-0.10645231655778925,-0.10645231655778925,0.0,0.5430701054128687,0.5421296374085902,3.437882214996375,3.437882214996375
s8_chunk21_rep01,21,high_response_placebo,regional_shift,box,3000,0.05,8.0,wrong,ctmle,estimated,xgboost,xgboost,targeting,1.0,0.0|0.25|0.5|1.0,-1.0,1.0,obsval,4.0,0.1,0,0.1,legacy,4.0,4,50,1,17.172177401022054,-0.24364599795037778,-0.24364599795037778,-0.24364599795037778,0.0,4.195936441526993e-08,-1.9071908192516696e-06,0.0,0.05,0.0,nan,nan,nan,nan,nan,nan,nan,0.14533333333333334,0.09033333333333333,0.0,0.0,354,13,0.8119266055045872,0.04797047970479705,0.0014276543967647146,0.0014276543967647146,0.0,-0.02840047721447317,-0.02840047721447317,0.0,0.5106786678821109,0.5106786678821109,3.9459197942179385,3.9459197942179385
s8_chunk21_rep02,21,high_response_placebo,regional_shift,box,3000,0.05,8.0,wrong,ctmle,estimated,xgboost,xgboost,targeting,1.0,0.0|0.25|0.5|1.0,-1.0,1.0,obsval,4.0,0.1,0,0.1,legacy,4.0,4,50,2,33.967502787010744,-0.20851445748577624,-0.20851445748577624,-0.20851445748577624,0.0,1.3965057022238825e-08,-2.8508142812730397e-07,0.0,0.05,0.0,nan,nan,nan,nan,nan,nan,nan,0.14966666666666667,0.10366666666666667,0.0,0.0,362,10,0.8062360801781737,0.03215434083601286,-0.0060574836854209975,-0.0060574836854209975,0.0,-0.030687786112481352,-0.030687786112481352,0.0,0.5813599918746564,0.5813599918746564,3.6803287313239377,3.6803287313239377
s8_chunk21_rep03,21,high_response_placebo,regional_shift,box,3000,0.05,8.0,wrong,ctmle,estimated,xgboost,xgboost,targeting,1.0,0.0|0.25|0.5|1.0,-1.0,1.0,obsval,4.0,0.1,0,0.1,legacy,4.0,4,50,3,51.173334936000174,-0.1906015290804396,-0.1906015290804396,-0.1906015290804396,0.0,5.1910344626981964e-08,-7.04824508065971e-06,0.0,0.05,0.0,nan,nan,nan,nan,nan,nan,nan,0.153,0.096,0.0,0.0,375,10,0.8169934640522876,0.034722222222222224,0.0007650395934184448,0.0007650395934184448,0.0,-0.035868838999081616,-0.035868838999081616,0.0,0.5508688865456864,0.5508688865456864,3.2906699845594827,3.2906699845594827
s8_chunk21_rep04,21,high_response_placebo,regional_shift,box,3000,0.05,8.0,wrong,ctmle,estimated,xgboost,xgboost,targeting,1.0,0.0|0.25|0.5|1.0,-1.0,1.0,obsval,4.0,0.1,0,0.1,legacy,4.0,4,50,4,68.22349242301425,-0.2392517114876208,-0.2392517114876208,-0.2392517114876208,0.0,1.5887751626114666e-07,-7.098217647081434e-07,0.0,0.05,0.0,nan,nan,nan,nan,nan,nan,nan,0.15,0.10466666666666667,0.0,0.0,356,15,0.7911111111111111,0.04777070063694268,0.001030333873614438,0.001030333873614438,0.0,-0.02620770004222957,-0.02620770004222957,0.0,0.5174831322778789,0.5174831322778789,2.9665911585830576,2.9665911585830576
s8_chunk22_rep01,22,high_response_placebo,regional_shift,box,3000,0.05,8.0,wrong,ctmle,estimated,xgboost,xgboost,targeting,1.0,0.0|0.25|0.5|1.0,-1.0,1.0,obsval,4.0,0.1,0,0.1,legacy,4.0,4,50,1,17.25524442398455,-0.10200308918127876,-0.10200308918127876,-0.10200308918127876,0.0,8.64779936306237e-08,-1.1241019814700604e-06,0.0,0.05,0.0,nan,nan,nan,nan,nan,nan,nan,0.156,0.09966666666666667,0.0,0.0,375,13,0.8012820512820513,0.043478260869565216,-0.0009367611676136407,-0.0009367611676136407,0.0,-0.02063578357659363,-0.02063578357659363,0.0,0.549881632847558,0.549881632847558,2.4172665886048694,2.4172665886048694
s8_chunk22_rep02,22,high_response_placebo,regional_shift,box,3000,0.05,8.0,wrong,ctmle,estimated,xgboost,xgboost,targeting,1.0,0.0|0.25|0.5|1.0,-1.0,1.0,obsval,4.0,0.1,0,0.1,legacy,4.0,4,50,2,37.54623160898336,-0.2256433115894102,-0.2256433115894102,-0.2256433115894102,0.0,4.602227662853231e-08,-1.4304640943724883e-06,0.0,0.25,0.0,nan,nan,nan,nan,nan,nan,nan,0.14966666666666667,0.10466666666666667,0.0,0.0,369,10,0.821826280623608,0.03184713375796178,0.001226219438083564,0.001226219438083564,0.0,-0.19271570168887245,-0.19271570168887245,0.0,0.5173570577666492,0.5173570577666492,3.0109849180905863,3.0109849180905863
s8_chunk22_rep03,22,high_response_placebo,regional_shift,box,3000,0.05,8.0,wrong,ctmle,estimated,xgboost,xgboost,targeting,1.0,0.0|0.25|0.5|1.0,-1.0,1.0,obsval,4.0,0.1,0,0.1,legacy,4.0,4,50,3,57.75729369997862,-0.10046276970952306,-0.10046276970952306,-0.10046276970952306,0.0,3.477540843916521e-08,-1.978260536845272e-06,0.0,0.25,0.0,nan,nan,nan,nan,nan,nan,nan,0.14366666666666666,0.10166666666666667,0.0,0.0,341,21,0.7911832946635731,0.06885245901639345,-0.0009533867540362335,-0.0009533867540362335,0.0,-0.0996166996792371,-0.0996166996792371,0.0,0.6237427887053331,0.6237427887053331,3.0937416933630817,3.0937416933630817
s8_chunk22_rep04,22,high_response_placebo,regional_shift,box,3000,0.05,8.0,wrong,ctmle,estimated,xgboost,xgboost,targeting,1.0,0.0|0.25|0.5|1.0,-1.0,1.0,obsval,4.0,0.1,0,0.1,legacy,4.0,4,50,4,77.90247841598466,-0.2519609259308817,-0.25153262362365125,-0.25161541230656814,0.0004283023072304548,1.772929195294204e-08,2.7003556099282344e-06,0.8067050269884104,0.1,1.0,nan,nan,nan,nan,nan,nan,nan,0.14366666666666666,0.10566666666666667,0.0,0.0,352,19,0.8167053364269141,0.05993690851735016,-0.0017246627150534295,-0.0018324101549589734,-0.0001077474399055439,-0.1197479016523433,-0.1197479016523433,0.0,0.5155589118640096,0.5151004066053467,2.9900395791618584,2.9900395791618584
s8_chunk23_rep01,23,high_response_placebo,regional_shift,box,3000,0.05,8.0,wrong,ctmle,estimated,xgboost,xgboost,targeting,1.0,0.0|0.25|0.5|1.0,-1.0,1.0,obsval,4.0,0.1,0,0.1,legacy,4.0,4,50,1,17.280525423004292,-0.21694225808335044,-0.21694225808335044,-0.21694225808335044,0.0,1.8379866264378597e-08,4.5536684811688793e-07,0.0,0.05,0.0,nan,nan,nan,nan,nan,nan,nan,0.14866666666666667,0.09466666666666666,0.0,0.0,373,18,0.8363228699551569,0.06338028169014084,-0.005144163973490992,-0.005144163973490992,0.0,-0.027466175140983352,-0.027466175140983352,0.0,0.5540752973629685,0.5540752973629685,3.901720118437392,3.901720118437392
s8_chunk23_rep02,23,high_response_placebo,regional_shift,box,3000,0.05,8.0,wrong,ctmle,estimated,xgboost,xgboost,targeting,1.0,0.0|0.25|0.5|1.0,-1.0,1.0,obsval,4.0,0.1,0,0.1,legacy,4.0,4,50,2,34.322953013004735,-0.28554329338385154,-0.28554329338385154,-0.28554329338385154,0.0,3.3621642950634745e-08,2.2357271033416823e-06,0.0,0.5,0.0,nan,nan,nan,nan,nan,nan,nan,0.14766666666666667,0.09666666666666666,0.0,0.0,359,14,0.8103837471783296,0.04827586206896552,3.0913511103596044e-05,3.0913511103596044e-05,0.0,-0.25271362166114425,-0.25271362166114425,0.0,0.5121710925056951,0.5121710925056951,4.344120800710267,4.344120800710267
s8_chunk23_rep03,23,high_response_placebo,regional_shift,box,3000,0.05,8.0,wrong,ctmle,estimated,xgboost,xgboost,targeting,1.0,0.0|0.25|0.5|1.0,-1.0,1.0,obsval,4.0,0.1,0,0.1,legacy,4.0,4,50,3,51.57762685301714,-0.09473562788969081,-0.09484477275150649,-0.09473562788969081,-0.00010914486181567984,4.7754609482086874e-08,2.0491844523106914e-06,0.0,0.05,1.0,nan,nan,nan,nan,nan,nan,nan,0.14533333333333334,0.093,0.0,0.0,343,19,0.786697247706422,0.06810035842293907,0.0035982943212145564,0.0034350719169648947,0.00016322240424966172,-0.024985871209358804,-0.024985871209358804,0.0,0.5607138977180464,0.5596930878004075,2.5528158169168553,2.5528158169168553
s8_chunk23_rep04,23,high_response_placebo,regional_shift,box,3000,0.05,8.0,wrong,ctmle,estimated,xgboost,xgboost,targeting,1.0,0.0|0.25|0.5|1.0,-1.0,1.0,obsval,4.0,0.1,0,0.1,legacy,4.0,4,50,4,68.68516884400742,-0.2747429683707657,-0.2747429683707657,-0.2747429683707657,0.0,4.3785960341866104e-08,3.2326781100764854e-06,0.0,0.5,0.0,nan,nan,nan,nan,nan,nan,nan,0.15166666666666667,0.10166666666666667,0.0,0.0,383,16,0.8417582417582418,0.05245901639344262,-1.2337028093300395e-05,-1.2337028093300395e-05,0.0,-0.2389778433598693,-0.2389778433598693,0.0,0.504019864185255,0.504019864185255,3.8893308555922883,3.8893308555922883
