release_job_id,source_manifest,source_index,group,design,method,n,strength,chunk,seed,source_rep_file,source_rep_sha256,shrink_c
m01-j0001,manifest.tsv,1,real_benchmark,diabetes_semisynth,aipw,3000,0.0,0,2010500000,dml_real_benchmark_diabetes_semisynth_aipw_n3000_s0_chunk00.reps.csv,7a192ac07595f443540d7bfac488bbb1adbf1cd7163e6f3557fd7d5f4edfb2e3,2.0
m01-j0002,manifest.tsv,2,real_benchmark,diabetes_semisynth,aipw,3000,0.0,1,2010600000,dml_real_benchmark_diabetes_semisynth_aipw_n3000_s0_chunk01.reps.csv,12947e962653b9c9dbb32fe491621e5006f6cc1ea3159b22a7debc965613d30e,2.0
m01-j0003,manifest.tsv,3,real_benchmark,diabetes_semisynth,aipw,3000,0.0,2,2010700000,dml_real_benchmark_diabetes_semisynth_aipw_n3000_s0_chunk02.reps.csv,19996b9fa24a2f641b58e5ed69894becf4c9770c1364e8e56f1a3280a4e65edd,2.0
m01-j0004,manifest.tsv,4,real_benchmark,diabetes_semisynth,aipw,3000,0.0,3,2010800000,dml_real_benchmark_diabetes_semisynth_aipw_n3000_s0_chunk03.reps.csv,ece0d1a4dc906ef48f39d27a6bb334f39ab3e78ef6019d726d537f65bf043e3d,2.0
m01-j0005,manifest.tsv,5,real_benchmark,diabetes_semisynth,aipw,3000,0.0,4,2010900000,dml_real_benchmark_diabetes_semisynth_aipw_n3000_s0_chunk04.reps.csv,0768df2fd8569e74013ed4847dc52fbd40b9afbfcc4eabb647e2abb6856d1094,2.0
m01-j0006,manifest.tsv,6,real_benchmark,diabetes_semisynth,aipw,3000,0.0,5,2011000000,dml_real_benchmark_diabetes_semisynth_aipw_n3000_s0_chunk05.reps.csv,86e961590c4f834b9302a53ba0af50fdcb2e063d60ed03acfae1bcf5cb7d2d3d,2.0
m01-j0007,manifest.tsv,7,real_benchmark,diabetes_semisynth,aipw,3000,0.0,6,2011100000,dml_real_benchmark_diabetes_semisynth_aipw_n3000_s0_chunk06.reps.csv,823f950f866fb895890200eabddfcb505f8690557bef710fb83d08d0ee637255,2.0
m01-j0008,manifest.tsv,8,real_benchmark,diabetes_semisynth,aipw,3000,0.0,7,2011200000,dml_real_benchmark_diabetes_semisynth_aipw_n3000_s0_chunk07.reps.csv,004b9ca75235a853dfd9aa5ff3226ac0bd9ca88b8fbc7d65e1017e3c613175d3,2.0
m01-j0009,manifest.tsv,9,real_benchmark,diabetes_semisynth,aipw,3000,0.0,8,2011300000,dml_real_benchmark_diabetes_semisynth_aipw_n3000_s0_chunk08.reps.csv,6e9e4094f1d5a62c746e111e91a8fc0e50a09f554e6879c86b244104c08a29d9,2.0
m01-j0010,manifest.tsv,10,real_benchmark,diabetes_semisynth,aipw,3000,0.0,9,2011400000,dml_real_benchmark_diabetes_semisynth_aipw_n3000_s0_chunk09.reps.csv,c2dbca332cbce953ca9bb5d59c49995bda87a2ebf99ba9cab5aba888464edadd,2.0
m01-j0011,manifest.tsv,11,real_benchmark,diabetes_semisynth,aipw,3000,0.0,10,2011500000,dml_real_benchmark_diabetes_semisynth_aipw_n3000_s0_chunk10.reps.csv,03bef96b3746f0b04228d133a5c9b65ce776d48bbf423207f834344215d165a6,2.0
m01-j0012,manifest.tsv,12,real_benchmark,diabetes_semisynth,aipw,3000,0.0,11,2011600000,dml_real_benchmark_diabetes_semisynth_aipw_n3000_s0_chunk11.reps.csv,cabab5a0e53b6a728286e006902ac0f3183715da8249742ebd652dea207a2a70,2.0
m01-j0013,manifest.tsv,13,real_benchmark,diabetes_semisynth,aipw,3000,0.0,12,2011700000,dml_real_benchmark_diabetes_semisynth_aipw_n3000_s0_chunk12.reps.csv,81caf28002339df150f86b3e584742a3214f87dd3916cdd25722332b2ab2fe59,2.0
m01-j0014,manifest.tsv,14,real_benchmark,diabetes_semisynth,aipw,3000,0.0,13,2011800000,dml_real_benchmark_diabetes_semisynth_aipw_n3000_s0_chunk13.reps.csv,ba7084711bff83c88dc652589dce532cfb238c691568e5bbbdb57ed0fe23eff2,2.0
m01-j0015,manifest.tsv,15,real_benchmark,diabetes_semisynth,aipw,3000,0.0,14,2011900000,dml_real_benchmark_diabetes_semisynth_aipw_n3000_s0_chunk14.reps.csv,df723815336683f0eda45b88a33538e84f6bdf0c5fda304c8e5d8020a98d2f49,2.0
m01-j0016,manifest.tsv,16,real_benchmark,diabetes_semisynth,aipw,3000,0.0,15,2012000000,dml_real_benchmark_diabetes_semisynth_aipw_n3000_s0_chunk15.reps.csv,cb49e5b4af00ff7693a90f9a37ffae66d40c57a005afae78fed40838ada2ef63,2.0
m01-j0017,manifest.tsv,17,real_benchmark,diabetes_semisynth,aipw,3000,0.0,16,2012100000,dml_real_benchmark_diabetes_semisynth_aipw_n3000_s0_chunk16.reps.csv,c47bdc933654bf3c9b3b895f75d11276ad6656b775cfe26a79b6f9d774c10544,2.0
m01-j0018,manifest.tsv,18,real_benchmark,diabetes_semisynth,aipw,3000,0.0,17,2012200000,dml_real_benchmark_diabetes_semisynth_aipw_n3000_s0_chunk17.reps.csv,105426904ab3b1e1faf9082745cb6bbbab94d69e8441b47d0172714f705287d1,2.0
m01-j0019,manifest.tsv,19,real_benchmark,diabetes_semisynth,aipw,3000,0.0,18,2012300000,dml_real_benchmark_diabetes_semisynth_aipw_n3000_s0_chunk18.reps.csv,6c4ad0b6a54184e5835b8b97a9ecd1343bc2fb5fc1f556456c569f3c85df6bf0,2.0
m01-j0020,manifest.tsv,20,real_benchmark,diabetes_semisynth,aipw,3000,0.0,19,2012400000,dml_real_benchmark_diabetes_semisynth_aipw_n3000_s0_chunk19.reps.csv,375f51e32cafded18041a9c8900ed23ee88d1a9da205bd84e49c7b9e040416f0,2.0
m01-j0021,manifest.tsv,21,real_benchmark,diabetes_semisynth,aipw,3000,0.0,20,2012500000,dml_real_benchmark_diabetes_semisynth_aipw_n3000_s0_chunk20.reps.csv,b5eecfd4d9cdee8593c1520343497458b6701cc1c1ed91cd7474b4658c69576b,2.0
m01-j0022,manifest.tsv,22,real_benchmark,diabetes_semisynth,aipw,3000,0.0,21,2012600000,dml_real_benchmark_diabetes_semisynth_aipw_n3000_s0_chunk21.reps.csv,60a7cb25d0e818515d17f2f74f37c1b0109738b7a7c19b467e53602871a3101b,2.0
m01-j0023,manifest.tsv,23,real_benchmark,diabetes_semisynth,aipw,3000,0.0,22,2012700000,dml_real_benchmark_diabetes_semisynth_aipw_n3000_s0_chunk22.reps.csv,b532a409275c392adc425041b81b2d3ac96c79bbe8c95b01266cf9ff7e7cb24b,2.0
m01-j0024,manifest.tsv,24,real_benchmark,diabetes_semisynth,aipw,3000,0.0,23,2012800000,dml_real_benchmark_diabetes_semisynth_aipw_n3000_s0_chunk23.reps.csv,d47272928dd3bb497376db5c9c6e5bea7cfe561634d48addea561858dcfc0503,2.0
m01-j0025,manifest.tsv,25,real_benchmark,diabetes_semisynth,ctmle,3000,0.0,0,2010500000,dml_real_benchmark_diabetes_semisynth_ctmle_n3000_s0_chunk00.reps.csv,46b26db1d6f49590639d2421defeb17303f694c6951f58fa724f64e9ff9484d0,2.0
m01-j0026,manifest.tsv,26,real_benchmark,diabetes_semisynth,ctmle,3000,0.0,1,2010600000,dml_real_benchmark_diabetes_semisynth_ctmle_n3000_s0_chunk01.reps.csv,93e88a19ffe7d50c402134909e5591fb18ed4b15dca04faf496c3ff80393930a,2.0
m01-j0027,manifest.tsv,27,real_benchmark,diabetes_semisynth,ctmle,3000,0.0,2,2010700000,dml_real_benchmark_diabetes_semisynth_ctmle_n3000_s0_chunk02.reps.csv,72b8e66f7e1b6b5f5583430a211942e82d7baea4fda7a3f3b7666a248d23943f,2.0
m01-j0028,manifest.tsv,28,real_benchmark,diabetes_semisynth,ctmle,3000,0.0,3,2010800000,dml_real_benchmark_diabetes_semisynth_ctmle_n3000_s0_chunk03.reps.csv,e2648615d8dc4182f0a0f84e3c21d644b7be3aee672a497692503d179ec75c86,2.0
m01-j0029,manifest.tsv,29,real_benchmark,diabetes_semisynth,ctmle,3000,0.0,4,2010900000,dml_real_benchmark_diabetes_semisynth_ctmle_n3000_s0_chunk04.reps.csv,aa62e6d981838b8a76a00fb44b0d315591b227dc59ed47cec7367e6e5baf8c4a,2.0
m01-j0030,manifest.tsv,30,real_benchmark,diabetes_semisynth,ctmle,3000,0.0,5,2011000000,dml_real_benchmark_diabetes_semisynth_ctmle_n3000_s0_chunk05.reps.csv,99580f26e08119b66caa1a18a11afe92c33837ed093632b9d1bf5f0571fc518b,2.0
m01-j0031,manifest.tsv,31,real_benchmark,diabetes_semisynth,ctmle,3000,0.0,6,2011100000,dml_real_benchmark_diabetes_semisynth_ctmle_n3000_s0_chunk06.reps.csv,1282dc5523767f7fb8a7ee8e2900ccdb33ff871261efee0f21e5ac17a7be1799,2.0
m01-j0032,manifest.tsv,32,real_benchmark,diabetes_semisynth,ctmle,3000,0.0,7,2011200000,dml_real_benchmark_diabetes_semisynth_ctmle_n3000_s0_chunk07.reps.csv,47ab968151ebd105615028bec20d08fdb00f0110f9001538d20db3f77b485816,2.0
m01-j0033,manifest.tsv,33,real_benchmark,diabetes_semisynth,ctmle,3000,0.0,8,2011300000,dml_real_benchmark_diabetes_semisynth_ctmle_n3000_s0_chunk08.reps.csv,0bb3c1bdd011b68dc5cccd91a3a0e42ed752cf1a2c62b24a88f5e841ee12d8b2,2.0
m01-j0034,manifest.tsv,34,real_benchmark,diabetes_semisynth,ctmle,3000,0.0,9,2011400000,dml_real_benchmark_diabetes_semisynth_ctmle_n3000_s0_chunk09.reps.csv,63a1e526a5ff690c24023b3c706d92fed52b05c859b7d61aff4998367263e111,2.0
m01-j0035,manifest.tsv,35,real_benchmark,diabetes_semisynth,ctmle,3000,0.0,10,2011500000,dml_real_benchmark_diabetes_semisynth_ctmle_n3000_s0_chunk10.reps.csv,ad0ce1b51387088c750d55f1b8d1cb94716c9fd799d7d46fad98b62645477d0d,2.0
m01-j0036,manifest.tsv,36,real_benchmark,diabetes_semisynth,ctmle,3000,0.0,11,2011600000,dml_real_benchmark_diabetes_semisynth_ctmle_n3000_s0_chunk11.reps.csv,418fd7b1a9ed03f0eba848128a384ed27bd98bdda03db0dd71bf57fc567a4f33,2.0
m01-j0037,manifest.tsv,37,real_benchmark,diabetes_semisynth,ctmle,3000,0.0,12,2011700000,dml_real_benchmark_diabetes_semisynth_ctmle_n3000_s0_chunk12.reps.csv,e4f7b4b9ad40aed1122915456a2fae8e1b65c08535b6e427b90c0b3604963215,2.0
m01-j0038,manifest.tsv,38,real_benchmark,diabetes_semisynth,ctmle,3000,0.0,13,2011800000,dml_real_benchmark_diabetes_semisynth_ctmle_n3000_s0_chunk13.reps.csv,bb53321f049592a5b3b861f50ffef6079c4541cb60b4bea43e32b708c2081f2c,2.0
m01-j0039,manifest.tsv,39,real_benchmark,diabetes_semisynth,ctmle,3000,0.0,14,2011900000,dml_real_benchmark_diabetes_semisynth_ctmle_n3000_s0_chunk14.reps.csv,a0bafc2e427463289f3688c8b66f4d6a56eedd8b17d41a468a5520a94519cc5b,2.0
m01-j0040,manifest.tsv,40,real_benchmark,diabetes_semisynth,ctmle,3000,0.0,15,2012000000,dml_real_benchmark_diabetes_semisynth_ctmle_n3000_s0_chunk15.reps.csv,4e9e94b816e53b17349562702e6b7ae3d931dde363ea90e878251c7a7aa1ba58,2.0
m01-j0041,manifest.tsv,41,real_benchmark,diabetes_semisynth,ctmle,3000,0.0,16,2012100000,dml_real_benchmark_diabetes_semisynth_ctmle_n3000_s0_chunk16.reps.csv,6fe5b1c39991613f9aba6408474fe160274ae04e28bc6baee1741852c413210f,2.0
m01-j0042,manifest.tsv,42,real_benchmark,diabetes_semisynth,ctmle,3000,0.0,17,2012200000,dml_real_benchmark_diabetes_semisynth_ctmle_n3000_s0_chunk17.reps.csv,63a2c4794c2cb964990e90e9d4c44318866b30b2ec7bc92597e73fb9915185b4,2.0
m01-j0043,manifest.tsv,43,real_benchmark,diabetes_semisynth,ctmle,3000,0.0,18,2012300000,dml_real_benchmark_diabetes_semisynth_ctmle_n3000_s0_chunk18.reps.csv,9d9b83b51e3ae8e6b9c163c3965fd9b5f555ed7b6a9af444128e51ade0d7f56d,2.0
m01-j0044,manifest.tsv,44,real_benchmark,diabetes_semisynth,ctmle,3000,0.0,19,2012400000,dml_real_benchmark_diabetes_semisynth_ctmle_n3000_s0_chunk19.reps.csv,ca383d01034827c42f785808827b9e55495f23a5f6abf65eedc3d42cfed6be31,2.0
m01-j0045,manifest.tsv,45,real_benchmark,diabetes_semisynth,ctmle,3000,0.0,20,2012500000,dml_real_benchmark_diabetes_semisynth_ctmle_n3000_s0_chunk20.reps.csv,904d2a4161c1171b4bb2a3448f237a3051a26216546cc8f8ff6e135f86c9cc24,2.0
m01-j0046,manifest.tsv,46,real_benchmark,diabetes_semisynth,ctmle,3000,0.0,21,2012600000,dml_real_benchmark_diabetes_semisynth_ctmle_n3000_s0_chunk21.reps.csv,990a7d9c1ba8b1ef062a7c4862058200efda112cde3a6b5bfec9ecdb5d0a20b9,2.0
m01-j0047,manifest.tsv,47,real_benchmark,diabetes_semisynth,ctmle,3000,0.0,22,2012700000,dml_real_benchmark_diabetes_semisynth_ctmle_n3000_s0_chunk22.reps.csv,084b4e903fdd4d0636bbfd552be503d494145de55b93d75c12a7293c4e43a710,2.0
m01-j0048,manifest.tsv,48,real_benchmark,diabetes_semisynth,ctmle,3000,0.0,23,2012800000,dml_real_benchmark_diabetes_semisynth_ctmle_n3000_s0_chunk23.reps.csv,dda9ef7cb826091142f630a1267523187bb4a95f575815b69c4ea68b3f7f2838,2.0
m01-j0049,manifest.tsv,49,real_benchmark,diabetes_semisynth,cui_selective_ml,3000,0.0,0,2010500000,dml_real_benchmark_diabetes_semisynth_cui_selective_ml_n3000_s0_chunk00.reps.csv,f74cfac38898995497a50703709074852a2b1ee869c937c175fc90350d38c1a9,2.0
m01-j0050,manifest.tsv,50,real_benchmark,diabetes_semisynth,cui_selective_ml,3000,0.0,1,2010600000,dml_real_benchmark_diabetes_semisynth_cui_selective_ml_n3000_s0_chunk01.reps.csv,3e59a359b1e12856f8dfc5a6a4ef3a8f887b7d8cc71ef4b4203182a5dffcb699,2.0
m01-j0051,manifest.tsv,51,real_benchmark,diabetes_semisynth,cui_selective_ml,3000,0.0,2,2010700000,dml_real_benchmark_diabetes_semisynth_cui_selective_ml_n3000_s0_chunk02.reps.csv,6fcae04b039882b3a1641eac080c37bdf344d5047efd0be02bf1cf8525708796,2.0
m01-j0052,manifest.tsv,52,real_benchmark,diabetes_semisynth,cui_selective_ml,3000,0.0,3,2010800000,dml_real_benchmark_diabetes_semisynth_cui_selective_ml_n3000_s0_chunk03.reps.csv,fa1968478e370e10a48dff85b7bbef7c856e912554feb67aad50974192f46d30,2.0
m01-j0053,manifest.tsv,53,real_benchmark,diabetes_semisynth,cui_selective_ml,3000,0.0,4,2010900000,dml_real_benchmark_diabetes_semisynth_cui_selective_ml_n3000_s0_chunk04.reps.csv,9f77d7ec79a80a805f782cc80c3eab2aedc244088c59ae8265a723137726f441,2.0
m01-j0054,manifest.tsv,54,real_benchmark,diabetes_semisynth,cui_selective_ml,3000,0.0,5,2011000000,dml_real_benchmark_diabetes_semisynth_cui_selective_ml_n3000_s0_chunk05.reps.csv,913c058d9c9b6707af0a4146d2eb26d8f9b17c2d259fd2b9b4e617514b1371d2,2.0
m01-j0055,manifest.tsv,55,real_benchmark,diabetes_semisynth,cui_selective_ml,3000,0.0,6,2011100000,dml_real_benchmark_diabetes_semisynth_cui_selective_ml_n3000_s0_chunk06.reps.csv,72e558ed032ae0a794d8bbfc0b0f2ab7660a35f106b6a713784799183141a949,2.0
m01-j0056,manifest.tsv,56,real_benchmark,diabetes_semisynth,cui_selective_ml,3000,0.0,7,2011200000,dml_real_benchmark_diabetes_semisynth_cui_selective_ml_n3000_s0_chunk07.reps.csv,b809d3e13a2ac69eba0122325a472ba245139cbad71c9495fb5e8c9b14995053,2.0
m01-j0057,manifest.tsv,57,real_benchmark,diabetes_semisynth,cui_selective_ml,3000,0.0,8,2011300000,dml_real_benchmark_diabetes_semisynth_cui_selective_ml_n3000_s0_chunk08.reps.csv,823bd66ca2f306157ec5d2a4c9af440589a1240ad96d5249980fb6b465eb17be,2.0
m01-j0058,manifest.tsv,58,real_benchmark,diabetes_semisynth,cui_selective_ml,3000,0.0,9,2011400000,dml_real_benchmark_diabetes_semisynth_cui_selective_ml_n3000_s0_chunk09.reps.csv,3dbcb4f4e1b550ccd90135eba9244a1d9cdaaf3c47ac2df14e9283230393cbed,2.0
m01-j0059,manifest.tsv,59,real_benchmark,diabetes_semisynth,cui_selective_ml,3000,0.0,10,2011500000,dml_real_benchmark_diabetes_semisynth_cui_selective_ml_n3000_s0_chunk10.reps.csv,a48813a3d2a5136e315f3fa0bdf5a23867b55a11deb2c4b4d3301d98c8e45388,2.0
m01-j0060,manifest.tsv,60,real_benchmark,diabetes_semisynth,cui_selective_ml,3000,0.0,11,2011600000,dml_real_benchmark_diabetes_semisynth_cui_selective_ml_n3000_s0_chunk11.reps.csv,b070cc089bf1ded8e0457b6053d1dff79925bf1cb33ef6188e05c91dbdba271f,2.0
m01-j0061,manifest.tsv,61,real_benchmark,diabetes_semisynth,cui_selective_ml,3000,0.0,12,2011700000,dml_real_benchmark_diabetes_semisynth_cui_selective_ml_n3000_s0_chunk12.reps.csv,92e17732064468342db1fd49d178a7e1f54675f961d26007d34fcd897d2921c0,2.0
m01-j0062,manifest.tsv,62,real_benchmark,diabetes_semisynth,cui_selective_ml,3000,0.0,13,2011800000,dml_real_benchmark_diabetes_semisynth_cui_selective_ml_n3000_s0_chunk13.reps.csv,a0f8f183c53afe93fc7b8e1045f211c5affb97e7220c1047c0523d4cbf96ebb8,2.0
m01-j0063,manifest.tsv,63,real_benchmark,diabetes_semisynth,cui_selective_ml,3000,0.0,14,2011900000,dml_real_benchmark_diabetes_semisynth_cui_selective_ml_n3000_s0_chunk14.reps.csv,cd9eef1c645ac5f31fc766109af8c26986996994cc1c112819e51d76be0b507f,2.0
m01-j0064,manifest.tsv,64,real_benchmark,diabetes_semisynth,cui_selective_ml,3000,0.0,15,2012000000,dml_real_benchmark_diabetes_semisynth_cui_selective_ml_n3000_s0_chunk15.reps.csv,eb83795045d34370708033d9fdb72819afb1d3d61aa66d8984bf6963c8efd66a,2.0
m01-j0065,manifest.tsv,65,real_benchmark,diabetes_semisynth,cui_selective_ml,3000,0.0,16,2012100000,dml_real_benchmark_diabetes_semisynth_cui_selective_ml_n3000_s0_chunk16.reps.csv,ac8fe99df04d07226b78c5ee59c4ef559d025ce82ac6ee172bdc3ffaf4bcfd9f,2.0
m01-j0066,manifest.tsv,66,real_benchmark,diabetes_semisynth,cui_selective_ml,3000,0.0,17,2012200000,dml_real_benchmark_diabetes_semisynth_cui_selective_ml_n3000_s0_chunk17.reps.csv,aa9e06a34e9da98559967eeff1c70e8028952e5e2962c66c299fc1ba1df224b9,2.0
m01-j0067,manifest.tsv,67,real_benchmark,diabetes_semisynth,cui_selective_ml,3000,0.0,18,2012300000,dml_real_benchmark_diabetes_semisynth_cui_selective_ml_n3000_s0_chunk18.reps.csv,b34a373e5e8f729bd379b697be10931901714a5b9ca7b77c9cf1116b3e4635cc,2.0
m01-j0068,manifest.tsv,68,real_benchmark,diabetes_semisynth,cui_selective_ml,3000,0.0,19,2012400000,dml_real_benchmark_diabetes_semisynth_cui_selective_ml_n3000_s0_chunk19.reps.csv,63a6f1dc61bda6dc8574085f7d5a5680009eb8f961a906e2af380879daf2ee49,2.0
m01-j0069,manifest.tsv,69,real_benchmark,diabetes_semisynth,cui_selective_ml,3000,0.0,20,2012500000,dml_real_benchmark_diabetes_semisynth_cui_selective_ml_n3000_s0_chunk20.reps.csv,fa00a08ee5c28e6d722a611af39885dcbd1443cbca5488e29fb8c7b3da6d440e,2.0
m01-j0070,manifest.tsv,70,real_benchmark,diabetes_semisynth,cui_selective_ml,3000,0.0,21,2012600000,dml_real_benchmark_diabetes_semisynth_cui_selective_ml_n3000_s0_chunk21.reps.csv,efb8a8a8f0f535fa3e7c71655dd34e75377f2eeb4455bb8e108c699cb204c946,2.0
m01-j0071,manifest.tsv,71,real_benchmark,diabetes_semisynth,cui_selective_ml,3000,0.0,22,2012700000,dml_real_benchmark_diabetes_semisynth_cui_selective_ml_n3000_s0_chunk22.reps.csv,4326071562822a13f81942bcf0b685209455c446a310bd2a0a0d1495542cba8a,2.0
m01-j0072,manifest.tsv,72,real_benchmark,diabetes_semisynth,cui_selective_ml,3000,0.0,23,2012800000,dml_real_benchmark_diabetes_semisynth_cui_selective_ml_n3000_s0_chunk23.reps.csv,2cf1682ff7e48e524eaf6cfa7ce8886fce4adc3eabec025696b860e0811a1ae2,2.0
m01-j0073,manifest.tsv,73,real_benchmark,diabetes_semisynth,ma_dr_bc,3000,0.0,0,2010500000,dml_real_benchmark_diabetes_semisynth_ma_dr_bc_n3000_s0_chunk00.reps.csv,f3e13e7ecd8c3d09440f5cfdebd4298b35085483cf35743e67e82ba954f94c3d,2.0
m01-j0074,manifest.tsv,74,real_benchmark,diabetes_semisynth,ma_dr_bc,3000,0.0,1,2010600000,dml_real_benchmark_diabetes_semisynth_ma_dr_bc_n3000_s0_chunk01.reps.csv,79a52976e6ca3c96645cb69ac0f0e83605fdc4cdfc9944867178895e9a8f6e00,2.0
m01-j0075,manifest.tsv,75,real_benchmark,diabetes_semisynth,ma_dr_bc,3000,0.0,2,2010700000,dml_real_benchmark_diabetes_semisynth_ma_dr_bc_n3000_s0_chunk02.reps.csv,d2988d6a8db1b1569b22416f78816a799552c60141d813015a81da7842ffd3e0,2.0
m01-j0076,manifest.tsv,76,real_benchmark,diabetes_semisynth,ma_dr_bc,3000,0.0,3,2010800000,dml_real_benchmark_diabetes_semisynth_ma_dr_bc_n3000_s0_chunk03.reps.csv,8efdd9891008ae208964d92829160a524ad138b86a4eabcc01ab95c613d49925,2.0
m01-j0077,manifest.tsv,77,real_benchmark,diabetes_semisynth,ma_dr_bc,3000,0.0,4,2010900000,dml_real_benchmark_diabetes_semisynth_ma_dr_bc_n3000_s0_chunk04.reps.csv,362d47ad96454e0680fbc7f830baa53297545f39a6796cd0f8c63b5f5104fc11,2.0
m01-j0078,manifest.tsv,78,real_benchmark,diabetes_semisynth,ma_dr_bc,3000,0.0,5,2011000000,dml_real_benchmark_diabetes_semisynth_ma_dr_bc_n3000_s0_chunk05.reps.csv,a7c288feca84e2931fb79c80bc49b0132f67f0fc262e10ac4e0fe124d14c0d63,2.0
m01-j0079,manifest.tsv,79,real_benchmark,diabetes_semisynth,ma_dr_bc,3000,0.0,6,2011100000,dml_real_benchmark_diabetes_semisynth_ma_dr_bc_n3000_s0_chunk06.reps.csv,ec68383a3db5306e6af6ffaf9a1993ff8407ece989ff3e84cd567d3eafda7e60,2.0
m01-j0080,manifest.tsv,80,real_benchmark,diabetes_semisynth,ma_dr_bc,3000,0.0,7,2011200000,dml_real_benchmark_diabetes_semisynth_ma_dr_bc_n3000_s0_chunk07.reps.csv,e6e5022cd2db58a0e25291087cd6584206abe156be62a94dda08cc37f9867938,2.0
m01-j0081,manifest.tsv,81,real_benchmark,diabetes_semisynth,ma_dr_bc,3000,0.0,8,2011300000,dml_real_benchmark_diabetes_semisynth_ma_dr_bc_n3000_s0_chunk08.reps.csv,de9f5fa18db0f3578cc84592c6c202efde9a2e36b7e69e8e3293ac9bd9d4afac,2.0
m01-j0082,manifest.tsv,82,real_benchmark,diabetes_semisynth,ma_dr_bc,3000,0.0,9,2011400000,dml_real_benchmark_diabetes_semisynth_ma_dr_bc_n3000_s0_chunk09.reps.csv,b184e3cfc4e8faef93fd472eb58579907b9cedb32c9b7ca79e53aad045935a66,2.0
m01-j0083,manifest.tsv,83,real_benchmark,diabetes_semisynth,ma_dr_bc,3000,0.0,10,2011500000,dml_real_benchmark_diabetes_semisynth_ma_dr_bc_n3000_s0_chunk10.reps.csv,863e301b6356f38b22f286feb0821e3836f7b17cc8c10a6f6887a578b10d9db3,2.0
m01-j0084,manifest.tsv,84,real_benchmark,diabetes_semisynth,ma_dr_bc,3000,0.0,11,2011600000,dml_real_benchmark_diabetes_semisynth_ma_dr_bc_n3000_s0_chunk11.reps.csv,4035bbbdf2ef5da99a84eef5b12c46572d923e51bbbc7a50f65c522fd9f1d559,2.0
m01-j0085,manifest.tsv,85,real_benchmark,diabetes_semisynth,ma_dr_bc,3000,0.0,12,2011700000,dml_real_benchmark_diabetes_semisynth_ma_dr_bc_n3000_s0_chunk12.reps.csv,948688bdae398a88bfd8b65d3ffbc68c485f4d66121c96f2ac38aa54829f28ad,2.0
m01-j0086,manifest.tsv,86,real_benchmark,diabetes_semisynth,ma_dr_bc,3000,0.0,13,2011800000,dml_real_benchmark_diabetes_semisynth_ma_dr_bc_n3000_s0_chunk13.reps.csv,8a4c500155e1dc21494c383e19c28bfc427f675cd54ccb290c1a1b98a53a5a3d,2.0
m01-j0087,manifest.tsv,87,real_benchmark,diabetes_semisynth,ma_dr_bc,3000,0.0,14,2011900000,dml_real_benchmark_diabetes_semisynth_ma_dr_bc_n3000_s0_chunk14.reps.csv,e26642be0225e4a4e326e1c9117a73fb0b5c9f5477653baaf4c85f79f732c41a,2.0
m01-j0088,manifest.tsv,88,real_benchmark,diabetes_semisynth,ma_dr_bc,3000,0.0,15,2012000000,dml_real_benchmark_diabetes_semisynth_ma_dr_bc_n3000_s0_chunk15.reps.csv,c8635a439ecdce8bfd6a52bf51faf35ed83c564a18a5382154f6255a4e93ba81,2.0
m01-j0089,manifest.tsv,89,real_benchmark,diabetes_semisynth,ma_dr_bc,3000,0.0,16,2012100000,dml_real_benchmark_diabetes_semisynth_ma_dr_bc_n3000_s0_chunk16.reps.csv,09b5ad78a15550a37d9cb2a0984bd62e649df93abe4676d4a2420e7b0111603a,2.0
m01-j0090,manifest.tsv,90,real_benchmark,diabetes_semisynth,ma_dr_bc,3000,0.0,17,2012200000,dml_real_benchmark_diabetes_semisynth_ma_dr_bc_n3000_s0_chunk17.reps.csv,ae39a4a7855793068b4ef8a12c353a81658a995829fbf86735abc4fe336d4cc6,2.0
m01-j0091,manifest.tsv,91,real_benchmark,diabetes_semisynth,ma_dr_bc,3000,0.0,18,2012300000,dml_real_benchmark_diabetes_semisynth_ma_dr_bc_n3000_s0_chunk18.reps.csv,0b6952c182ba900fb624925262104cd5fc997fefda398aa5f83af98827c5e28d,2.0
m01-j0092,manifest.tsv,92,real_benchmark,diabetes_semisynth,ma_dr_bc,3000,0.0,19,2012400000,dml_real_benchmark_diabetes_semisynth_ma_dr_bc_n3000_s0_chunk19.reps.csv,4a47cd412c31215c7f9e67b55115f7b0e08c7923f7b1994b6281b100f132e189,2.0
m01-j0093,manifest.tsv,93,real_benchmark,diabetes_semisynth,ma_dr_bc,3000,0.0,20,2012500000,dml_real_benchmark_diabetes_semisynth_ma_dr_bc_n3000_s0_chunk20.reps.csv,cca77983bd506fef3bc9b35b5b3cef4ee41868da53fe70eced47ee406041571b,2.0
m01-j0094,manifest.tsv,94,real_benchmark,diabetes_semisynth,ma_dr_bc,3000,0.0,21,2012600000,dml_real_benchmark_diabetes_semisynth_ma_dr_bc_n3000_s0_chunk21.reps.csv,1fc128c3502df59b4503187e4a0690ade4ca74bd0726816599e0fa6d13d17601,2.0
m01-j0095,manifest.tsv,95,real_benchmark,diabetes_semisynth,ma_dr_bc,3000,0.0,22,2012700000,dml_real_benchmark_diabetes_semisynth_ma_dr_bc_n3000_s0_chunk22.reps.csv,0aae2027a409c50410089b3a5f7277827f143970b5b27c1baed8d3bd8b96a1f9,2.0
m01-j0096,manifest.tsv,96,real_benchmark,diabetes_semisynth,ma_dr_bc,3000,0.0,23,2012800000,dml_real_benchmark_diabetes_semisynth_ma_dr_bc_n3000_s0_chunk23.reps.csv,22c55056fc31d37b7b55108311976858aaeb0b3c9f12e4f26509815aca32cbfb,2.0
m01-j0097,manifest.tsv,97,real_benchmark,diabetes_semisynth,tmle,3000,0.0,0,2010500000,dml_real_benchmark_diabetes_semisynth_tmle_n3000_s0_chunk00.reps.csv,c318fc2b5502d5a40dc3a0f350055e84e0236d9d157ef604cc8c220694adf4c1,2.0
m01-j0098,manifest.tsv,98,real_benchmark,diabetes_semisynth,tmle,3000,0.0,1,2010600000,dml_real_benchmark_diabetes_semisynth_tmle_n3000_s0_chunk01.reps.csv,fcc4dfe6426d20988bc0f8dc1f1793ae6cac23fd80232659d97df19026c711e1,2.0
m01-j0099,manifest.tsv,99,real_benchmark,diabetes_semisynth,tmle,3000,0.0,2,2010700000,dml_real_benchmark_diabetes_semisynth_tmle_n3000_s0_chunk02.reps.csv,d3abc11ef9f65464c0f9fc75f53f06660cace8132c190bfcf317601b815972be,2.0
m01-j0100,manifest.tsv,100,real_benchmark,diabetes_semisynth,tmle,3000,0.0,3,2010800000,dml_real_benchmark_diabetes_semisynth_tmle_n3000_s0_chunk03.reps.csv,fc8c8f383a3053c69b1f7ff0bdccaef1650d084472819e572db9bbfae7ac96ea,2.0
m01-j0101,manifest.tsv,101,real_benchmark,diabetes_semisynth,tmle,3000,0.0,4,2010900000,dml_real_benchmark_diabetes_semisynth_tmle_n3000_s0_chunk04.reps.csv,a0948fbfb854a30148283b6483bc8a1d3b86432a16ab9af3938faaa5dc350988,2.0
m01-j0102,manifest.tsv,102,real_benchmark,diabetes_semisynth,tmle,3000,0.0,5,2011000000,dml_real_benchmark_diabetes_semisynth_tmle_n3000_s0_chunk05.reps.csv,c9fdb6c383a5e08cc943fa39e0b0ee5c96ee28ae903a5b197b111e12a049120d,2.0
m01-j0103,manifest.tsv,103,real_benchmark,diabetes_semisynth,tmle,3000,0.0,6,2011100000,dml_real_benchmark_diabetes_semisynth_tmle_n3000_s0_chunk06.reps.csv,c474f247537319285eebcb88d82cb4a23483724682d531d5ecd7b0e25ca5c905,2.0
m01-j0104,manifest.tsv,104,real_benchmark,diabetes_semisynth,tmle,3000,0.0,7,2011200000,dml_real_benchmark_diabetes_semisynth_tmle_n3000_s0_chunk07.reps.csv,0274d42db08f89e651a1060ed7f4b79751a8ed1cd29cca7859bdff73bc928350,2.0
m01-j0105,manifest.tsv,105,real_benchmark,diabetes_semisynth,tmle,3000,0.0,8,2011300000,dml_real_benchmark_diabetes_semisynth_tmle_n3000_s0_chunk08.reps.csv,509072076b26f24797142a7e1b56329bbca93aeee51068de6ad8d312ea55182d,2.0
m01-j0106,manifest.tsv,106,real_benchmark,diabetes_semisynth,tmle,3000,0.0,9,2011400000,dml_real_benchmark_diabetes_semisynth_tmle_n3000_s0_chunk09.reps.csv,a0b254e436d5a715947fe9de6cb3728c7d5fd6e08b2eea66158bed4f3af704a0,2.0
m01-j0107,manifest.tsv,107,real_benchmark,diabetes_semisynth,tmle,3000,0.0,10,2011500000,dml_real_benchmark_diabetes_semisynth_tmle_n3000_s0_chunk10.reps.csv,0cbdd8160976ad7046a526346f3a0f6298051783e550a38223437d46bb18b5dd,2.0
m01-j0108,manifest.tsv,108,real_benchmark,diabetes_semisynth,tmle,3000,0.0,11,2011600000,dml_real_benchmark_diabetes_semisynth_tmle_n3000_s0_chunk11.reps.csv,1b98591504e8816a0143fce56a54ff9f98cf3660a1b9f63257bf3b8a12507285,2.0
m01-j0109,manifest.tsv,109,real_benchmark,diabetes_semisynth,tmle,3000,0.0,12,2011700000,dml_real_benchmark_diabetes_semisynth_tmle_n3000_s0_chunk12.reps.csv,d690399e8c515ac1dab6c55b920b2fe1b4de9ebfed4d7a35641e0984731ab51a,2.0
m01-j0110,manifest.tsv,110,real_benchmark,diabetes_semisynth,tmle,3000,0.0,13,2011800000,dml_real_benchmark_diabetes_semisynth_tmle_n3000_s0_chunk13.reps.csv,0aeaedec38dc3f0d08e7f068df3fdedd717c57d061e3f372f241d06367b516f1,2.0
m01-j0111,manifest.tsv,111,real_benchmark,diabetes_semisynth,tmle,3000,0.0,14,2011900000,dml_real_benchmark_diabetes_semisynth_tmle_n3000_s0_chunk14.reps.csv,e87f3b3cce7109a044346143d5b7ea240be8e0c00a9c26b39e782128da039c5a,2.0
m01-j0112,manifest.tsv,112,real_benchmark,diabetes_semisynth,tmle,3000,0.0,15,2012000000,dml_real_benchmark_diabetes_semisynth_tmle_n3000_s0_chunk15.reps.csv,927c6727145f8cfe3e5cbd04765e429313ed2bc580ae4d3b69796f8fb9e9f884,2.0
m01-j0113,manifest.tsv,113,real_benchmark,diabetes_semisynth,tmle,3000,0.0,16,2012100000,dml_real_benchmark_diabetes_semisynth_tmle_n3000_s0_chunk16.reps.csv,b76c2285f6acfda479994a28707ae94bd3547a6d59c02ce31d4284a072b23ab1,2.0
m01-j0114,manifest.tsv,114,real_benchmark,diabetes_semisynth,tmle,3000,0.0,17,2012200000,dml_real_benchmark_diabetes_semisynth_tmle_n3000_s0_chunk17.reps.csv,160d676f057e957b6a2079d6531fa06e52d6336114205e591cae7c5924ba831d,2.0
m01-j0115,manifest.tsv,115,real_benchmark,diabetes_semisynth,tmle,3000,0.0,18,2012300000,dml_real_benchmark_diabetes_semisynth_tmle_n3000_s0_chunk18.reps.csv,5fc9c5cdabdff223d7003f47da1aa18c6444e3346c7fb237b016baf26e64cc99,2.0
m01-j0116,manifest.tsv,116,real_benchmark,diabetes_semisynth,tmle,3000,0.0,19,2012400000,dml_real_benchmark_diabetes_semisynth_tmle_n3000_s0_chunk19.reps.csv,e627503567988e00bef7f4ca21eb32e6fbec4be3ed539492df2305d4fe95a80f,2.0
m01-j0117,manifest.tsv,117,real_benchmark,diabetes_semisynth,tmle,3000,0.0,20,2012500000,dml_real_benchmark_diabetes_semisynth_tmle_n3000_s0_chunk20.reps.csv,8f2ac622d9b9c52d5b2af8040be9fe647640d335ead4ea93b8450c5b4981d21d,2.0
m01-j0118,manifest.tsv,118,real_benchmark,diabetes_semisynth,tmle,3000,0.0,21,2012600000,dml_real_benchmark_diabetes_semisynth_tmle_n3000_s0_chunk21.reps.csv,7eee5896b05309bf31ae78c3b8ac36d1699c79a3160acff70ce47b2fc170af84,2.0
m01-j0119,manifest.tsv,119,real_benchmark,diabetes_semisynth,tmle,3000,0.0,22,2012700000,dml_real_benchmark_diabetes_semisynth_tmle_n3000_s0_chunk22.reps.csv,66ffb65e66322dae3866195b76167b8aa69ee0c35d52cd51ec4594c31540f185,2.0
m01-j0120,manifest.tsv,120,real_benchmark,diabetes_semisynth,tmle,3000,0.0,23,2012800000,dml_real_benchmark_diabetes_semisynth_tmle_n3000_s0_chunk23.reps.csv,3ba45349d7ac7551eeb2ec53250bc4fbb2e499228ef745c92b21c226f8959083,2.0
m01-j0121,manifest.tsv,121,real_benchmark,diabetes_semisynth,aipw,3000,3.0,0,2012900000,dml_real_benchmark_diabetes_semisynth_aipw_n3000_s3_chunk00.reps.csv,2ae8fcc25f4bd904ce323cfb72f7e1cd9469b3a254a7ec0879d3dd760aa9d12d,2.0
m01-j0122,manifest.tsv,122,real_benchmark,diabetes_semisynth,aipw,3000,3.0,1,2013000000,dml_real_benchmark_diabetes_semisynth_aipw_n3000_s3_chunk01.reps.csv,068812de0538036609a5192a6202c6a0185ff56890ecc544d811b88e28fd9f69,2.0
m01-j0123,manifest.tsv,123,real_benchmark,diabetes_semisynth,aipw,3000,3.0,2,2013100000,dml_real_benchmark_diabetes_semisynth_aipw_n3000_s3_chunk02.reps.csv,2c9cbf79f0e93a3cf7d84492427dfaa9abf419f6678829347f1edc75b0c3ef3a,2.0
m01-j0124,manifest.tsv,124,real_benchmark,diabetes_semisynth,aipw,3000,3.0,3,2013200000,dml_real_benchmark_diabetes_semisynth_aipw_n3000_s3_chunk03.reps.csv,f13d138aa04e48d309696b908fe152d65fc5a24b97b9e508adc82f40aa16dc93,2.0
m01-j0125,manifest.tsv,125,real_benchmark,diabetes_semisynth,aipw,3000,3.0,4,2013300000,dml_real_benchmark_diabetes_semisynth_aipw_n3000_s3_chunk04.reps.csv,ddf05fa41e8018c7e1bba4f52f9d2ae6c39e17f7c0a4b5e5869a275923848055,2.0
m01-j0126,manifest.tsv,126,real_benchmark,diabetes_semisynth,aipw,3000,3.0,5,2013400000,dml_real_benchmark_diabetes_semisynth_aipw_n3000_s3_chunk05.reps.csv,86345b19c496d35fd88ebcb6f30222468206bcbf3430ca67017b4132041b7558,2.0
m01-j0127,manifest.tsv,127,real_benchmark,diabetes_semisynth,aipw,3000,3.0,6,2013500000,dml_real_benchmark_diabetes_semisynth_aipw_n3000_s3_chunk06.reps.csv,94c763aeecfd822850f6b58d4cb666ebefd9460edee48c9af471f2e066aa0917,2.0
m01-j0128,manifest.tsv,128,real_benchmark,diabetes_semisynth,aipw,3000,3.0,7,2013600000,dml_real_benchmark_diabetes_semisynth_aipw_n3000_s3_chunk07.reps.csv,811753a1b2a77a264f7a89a222aaeae747e896bc267721ce4f19a630c2be7b6d,2.0
m01-j0129,manifest.tsv,129,real_benchmark,diabetes_semisynth,aipw,3000,3.0,8,2013700000,dml_real_benchmark_diabetes_semisynth_aipw_n3000_s3_chunk08.reps.csv,b01fa04a48e035605ca2739c9205c89b6c4f77fe39dc8e9649c66e6f2e90f48f,2.0
m01-j0130,manifest.tsv,130,real_benchmark,diabetes_semisynth,aipw,3000,3.0,9,2013800000,dml_real_benchmark_diabetes_semisynth_aipw_n3000_s3_chunk09.reps.csv,aabc83a2d567c6ed1d7c0a5c5bf2f2ec028063d481c1c7e931ade7dcd3014bd2,2.0
m01-j0131,manifest.tsv,131,real_benchmark,diabetes_semisynth,aipw,3000,3.0,10,2013900000,dml_real_benchmark_diabetes_semisynth_aipw_n3000_s3_chunk10.reps.csv,4a69b19dd1f4f4fdb831a42878346e73800a27889bdfabab87de026ec4fc5928,2.0
m01-j0132,manifest.tsv,132,real_benchmark,diabetes_semisynth,aipw,3000,3.0,11,2014000000,dml_real_benchmark_diabetes_semisynth_aipw_n3000_s3_chunk11.reps.csv,0e314c99f153995dc2629697317386d6620a4a3e54f75575d91a2d03b6a651da,2.0
m01-j0133,manifest.tsv,133,real_benchmark,diabetes_semisynth,aipw,3000,3.0,12,2014100000,dml_real_benchmark_diabetes_semisynth_aipw_n3000_s3_chunk12.reps.csv,f1a22fbaf4085b55f383979167f67ac0249b82105181d24aa3d68278c6b75daa,2.0
m01-j0134,manifest.tsv,134,real_benchmark,diabetes_semisynth,aipw,3000,3.0,13,2014200000,dml_real_benchmark_diabetes_semisynth_aipw_n3000_s3_chunk13.reps.csv,693145b797cc1eb52f972da708481cca9989a33fdc755e520119bd8d55063e78,2.0
m01-j0135,manifest.tsv,135,real_benchmark,diabetes_semisynth,aipw,3000,3.0,14,2014300000,dml_real_benchmark_diabetes_semisynth_aipw_n3000_s3_chunk14.reps.csv,d417406d6059c506494787a6812b1f803c0fdec28705a63c8eabebdbf0d68001,2.0
m01-j0136,manifest.tsv,136,real_benchmark,diabetes_semisynth,aipw,3000,3.0,15,2014400000,dml_real_benchmark_diabetes_semisynth_aipw_n3000_s3_chunk15.reps.csv,0bc765cececcb517838ff85d3021f2a8f616b05743b28ef19eaaa33d241f4161,2.0
m01-j0137,manifest.tsv,137,real_benchmark,diabetes_semisynth,aipw,3000,3.0,16,2014500000,dml_real_benchmark_diabetes_semisynth_aipw_n3000_s3_chunk16.reps.csv,bf0538bc116eb37d8d49245253739b69fa8385e1e1892fcb11166823df8eb743,2.0
m01-j0138,manifest.tsv,138,real_benchmark,diabetes_semisynth,aipw,3000,3.0,17,2014600000,dml_real_benchmark_diabetes_semisynth_aipw_n3000_s3_chunk17.reps.csv,0331352201d6137d916934df743c74355de2120cf01013a7fe713a7d741eaacf,2.0
m01-j0139,manifest.tsv,139,real_benchmark,diabetes_semisynth,aipw,3000,3.0,18,2014700000,dml_real_benchmark_diabetes_semisynth_aipw_n3000_s3_chunk18.reps.csv,d2483fb886b7ac9e54acf2b22adea1f3584e0bf8930b858f260d47ca0aa33d72,2.0
m01-j0140,manifest.tsv,140,real_benchmark,diabetes_semisynth,aipw,3000,3.0,19,2014800000,dml_real_benchmark_diabetes_semisynth_aipw_n3000_s3_chunk19.reps.csv,d238dc16e159ff306f8fff742b77dc03eae2540c2cf2bba704a77f507fced285,2.0
m01-j0141,manifest.tsv,141,real_benchmark,diabetes_semisynth,aipw,3000,3.0,20,2014900000,dml_real_benchmark_diabetes_semisynth_aipw_n3000_s3_chunk20.reps.csv,7a21d4d3d3165952755bab71004f3547c1ed441095f906dd6caeb955390a9636,2.0
m01-j0142,manifest.tsv,142,real_benchmark,diabetes_semisynth,aipw,3000,3.0,21,2015000000,dml_real_benchmark_diabetes_semisynth_aipw_n3000_s3_chunk21.reps.csv,3746a636d139b4de61b6f05bc9a445d4fb38271fda6c09e7f259aa510025b4eb,2.0
m01-j0143,manifest.tsv,143,real_benchmark,diabetes_semisynth,aipw,3000,3.0,22,2015100000,dml_real_benchmark_diabetes_semisynth_aipw_n3000_s3_chunk22.reps.csv,3810d1e60f031a1aecabba0aa404b976c96eeac5826782c75230da07101882d2,2.0
m01-j0144,manifest.tsv,144,real_benchmark,diabetes_semisynth,aipw,3000,3.0,23,2015200000,dml_real_benchmark_diabetes_semisynth_aipw_n3000_s3_chunk23.reps.csv,1e11c34e94bf8fb603caf24e77c5419696c3343f304e604c389ee6c57bb8e681,2.0
m01-j0145,manifest.tsv,145,real_benchmark,diabetes_semisynth,ctmle,3000,3.0,0,2012900000,dml_real_benchmark_diabetes_semisynth_ctmle_n3000_s3_chunk00.reps.csv,060e5bba0911eccbaa6c3b895798481ded6b54cea6f8ed46c183df141012e05b,2.0
m01-j0146,manifest.tsv,146,real_benchmark,diabetes_semisynth,ctmle,3000,3.0,1,2013000000,dml_real_benchmark_diabetes_semisynth_ctmle_n3000_s3_chunk01.reps.csv,aaa7b535647330fd52958035a9a8839d1290d5aea220d3dfe39dc60b8c08a740,2.0
m01-j0147,manifest.tsv,147,real_benchmark,diabetes_semisynth,ctmle,3000,3.0,2,2013100000,dml_real_benchmark_diabetes_semisynth_ctmle_n3000_s3_chunk02.reps.csv,fcdd398fe3113e79d73465b3596649f16cf1857e41a695c422eee831ee316175,2.0
m01-j0148,manifest.tsv,148,real_benchmark,diabetes_semisynth,ctmle,3000,3.0,3,2013200000,dml_real_benchmark_diabetes_semisynth_ctmle_n3000_s3_chunk03.reps.csv,1ecf7f16a8fc53df64c7cb025fff798311c28aafa32f74966871f8144b9cd0cb,2.0
m01-j0149,manifest.tsv,149,real_benchmark,diabetes_semisynth,ctmle,3000,3.0,4,2013300000,dml_real_benchmark_diabetes_semisynth_ctmle_n3000_s3_chunk04.reps.csv,c355c79537c6124ce3c6a0f3f197ce5e8fc4255972649fba43b871d81ca82ee0,2.0
m01-j0150,manifest.tsv,150,real_benchmark,diabetes_semisynth,ctmle,3000,3.0,5,2013400000,dml_real_benchmark_diabetes_semisynth_ctmle_n3000_s3_chunk05.reps.csv,b421a63d7b6866f6b31a6c96778cbad1585030807bc86592a98e051c545f18d2,2.0
m01-j0151,manifest.tsv,151,real_benchmark,diabetes_semisynth,ctmle,3000,3.0,6,2013500000,dml_real_benchmark_diabetes_semisynth_ctmle_n3000_s3_chunk06.reps.csv,bd22e61157a613cadce421dcf369f6738405ed144db66e2b52793d5ca028136b,2.0
m01-j0152,manifest.tsv,152,real_benchmark,diabetes_semisynth,ctmle,3000,3.0,7,2013600000,dml_real_benchmark_diabetes_semisynth_ctmle_n3000_s3_chunk07.reps.csv,b63f59ddf67632ad65fa8d2bd226b7e126b120f3405f8a23dbea578cdef5d35e,2.0
m01-j0153,manifest.tsv,153,real_benchmark,diabetes_semisynth,ctmle,3000,3.0,8,2013700000,dml_real_benchmark_diabetes_semisynth_ctmle_n3000_s3_chunk08.reps.csv,ac8481809eb023f6a90b7401d0a7c03692d9a5c8b7a12bcbbed31d16f2c4f4a0,2.0
m01-j0154,manifest.tsv,154,real_benchmark,diabetes_semisynth,ctmle,3000,3.0,9,2013800000,dml_real_benchmark_diabetes_semisynth_ctmle_n3000_s3_chunk09.reps.csv,b119fdfa2602dfdf55097b57a2759f24d31eeaa5290b73d9b35cfc4145e70032,2.0
m01-j0155,manifest.tsv,155,real_benchmark,diabetes_semisynth,ctmle,3000,3.0,10,2013900000,dml_real_benchmark_diabetes_semisynth_ctmle_n3000_s3_chunk10.reps.csv,0cf2fe33b667bcf27b38535d87eba625e79ea4a3be487867e9594206a89fc8ba,2.0
m01-j0156,manifest.tsv,156,real_benchmark,diabetes_semisynth,ctmle,3000,3.0,11,2014000000,dml_real_benchmark_diabetes_semisynth_ctmle_n3000_s3_chunk11.reps.csv,c4629cecc13a72ef8eb2df09053398768fb55427a3fdd83bcc3f9cb31d5a575c,2.0
m01-j0157,manifest.tsv,157,real_benchmark,diabetes_semisynth,ctmle,3000,3.0,12,2014100000,dml_real_benchmark_diabetes_semisynth_ctmle_n3000_s3_chunk12.reps.csv,1c50bc498a14c95ddca78b2a5620bfc39866cddfceb1da954694228f62f02751,2.0
m01-j0158,manifest.tsv,158,real_benchmark,diabetes_semisynth,ctmle,3000,3.0,13,2014200000,dml_real_benchmark_diabetes_semisynth_ctmle_n3000_s3_chunk13.reps.csv,668fca913c1a39ba2c244fc7c99a38f2c6302563f52e0c4bbdf1535e8ceb9745,2.0
m01-j0159,manifest.tsv,159,real_benchmark,diabetes_semisynth,ctmle,3000,3.0,14,2014300000,dml_real_benchmark_diabetes_semisynth_ctmle_n3000_s3_chunk14.reps.csv,c309daeb29c5b4378300d27c129746b6a9b5b806445a2e43942fd96dfc226efd,2.0
m01-j0160,manifest.tsv,160,real_benchmark,diabetes_semisynth,ctmle,3000,3.0,15,2014400000,dml_real_benchmark_diabetes_semisynth_ctmle_n3000_s3_chunk15.reps.csv,7bfa11023d511cf4f2f544e9d5e2d99958a4321d239a66bcd2aad73b2ecaf36e,2.0
m01-j0161,manifest.tsv,161,real_benchmark,diabetes_semisynth,ctmle,3000,3.0,16,2014500000,dml_real_benchmark_diabetes_semisynth_ctmle_n3000_s3_chunk16.reps.csv,db016166453c9fd11236d7f924ec28c2458078a09012b787438f3b8e6a287996,2.0
m01-j0162,manifest.tsv,162,real_benchmark,diabetes_semisynth,ctmle,3000,3.0,17,2014600000,dml_real_benchmark_diabetes_semisynth_ctmle_n3000_s3_chunk17.reps.csv,526706473a78f25195c6f76e3bca6b3236cb5f1fdbcb21831e043dbcb125b5ba,2.0
m01-j0163,manifest.tsv,163,real_benchmark,diabetes_semisynth,ctmle,3000,3.0,18,2014700000,dml_real_benchmark_diabetes_semisynth_ctmle_n3000_s3_chunk18.reps.csv,c2ffba53e45d9663dae7887d5a79e73245591c97ce95a9a99eca7dad90056205,2.0
m01-j0164,manifest.tsv,164,real_benchmark,diabetes_semisynth,ctmle,3000,3.0,19,2014800000,dml_real_benchmark_diabetes_semisynth_ctmle_n3000_s3_chunk19.reps.csv,56a1729a55fe63e5cbc258f4634d0e3a2313af81b2e182fe155cf66e737d2aa8,2.0
m01-j0165,manifest.tsv,165,real_benchmark,diabetes_semisynth,ctmle,3000,3.0,20,2014900000,dml_real_benchmark_diabetes_semisynth_ctmle_n3000_s3_chunk20.reps.csv,eb0ee36cf5050ca61cb529805d8e58f5af502fd00e42ed1145ce7bc0243f8327,2.0
m01-j0166,manifest.tsv,166,real_benchmark,diabetes_semisynth,ctmle,3000,3.0,21,2015000000,dml_real_benchmark_diabetes_semisynth_ctmle_n3000_s3_chunk21.reps.csv,ebe9135b3eeb7164460c7013d24f147a1a0b33903819e1bf429f1ab433f9f456,2.0
m01-j0167,manifest.tsv,167,real_benchmark,diabetes_semisynth,ctmle,3000,3.0,22,2015100000,dml_real_benchmark_diabetes_semisynth_ctmle_n3000_s3_chunk22.reps.csv,7679ecaaa070d107139dbab27dc0f2529d2d72d8c567ed3ab36d224c98fbbb60,2.0
m01-j0168,manifest.tsv,168,real_benchmark,diabetes_semisynth,ctmle,3000,3.0,23,2015200000,dml_real_benchmark_diabetes_semisynth_ctmle_n3000_s3_chunk23.reps.csv,2ce8c6dd6a726e83844ba1d1d1304f3c13f5ed6c16a3a3945a0129fd844abfc4,2.0
m01-j0169,manifest.tsv,169,real_benchmark,diabetes_semisynth,cui_selective_ml,3000,3.0,0,2012900000,dml_real_benchmark_diabetes_semisynth_cui_selective_ml_n3000_s3_chunk00.reps.csv,a2e97c90219b14cc5d55b08a221f5747246feb57cd0b742c5087caedef644889,2.0
m01-j0170,manifest.tsv,170,real_benchmark,diabetes_semisynth,cui_selective_ml,3000,3.0,1,2013000000,dml_real_benchmark_diabetes_semisynth_cui_selective_ml_n3000_s3_chunk01.reps.csv,b9a8e1729453bbec8b8b0281c770682ca67126fc7b718e3c4526a0e0ce4089bd,2.0
m01-j0171,manifest.tsv,171,real_benchmark,diabetes_semisynth,cui_selective_ml,3000,3.0,2,2013100000,dml_real_benchmark_diabetes_semisynth_cui_selective_ml_n3000_s3_chunk02.reps.csv,dcfe94d8b07090db3f85e5525c620109e01d5020a4e29c305472a4589309799f,2.0
m01-j0172,manifest.tsv,172,real_benchmark,diabetes_semisynth,cui_selective_ml,3000,3.0,3,2013200000,dml_real_benchmark_diabetes_semisynth_cui_selective_ml_n3000_s3_chunk03.reps.csv,7ee68b1eda48a606e006e777ac299816c574a5f3e67be34d2e069e758ecf3f78,2.0
m01-j0173,manifest.tsv,173,real_benchmark,diabetes_semisynth,cui_selective_ml,3000,3.0,4,2013300000,dml_real_benchmark_diabetes_semisynth_cui_selective_ml_n3000_s3_chunk04.reps.csv,7af973b0b369bf006972c1d63c4aec356c7f32baab743d245263ff6fef8d7523,2.0
m01-j0174,manifest.tsv,174,real_benchmark,diabetes_semisynth,cui_selective_ml,3000,3.0,5,2013400000,dml_real_benchmark_diabetes_semisynth_cui_selective_ml_n3000_s3_chunk05.reps.csv,3abafe84e457b489d5bb5b598f8e1034f37020c74d40d7b13b198b75f220b393,2.0
m01-j0175,manifest.tsv,175,real_benchmark,diabetes_semisynth,cui_selective_ml,3000,3.0,6,2013500000,dml_real_benchmark_diabetes_semisynth_cui_selective_ml_n3000_s3_chunk06.reps.csv,2726f12d4a52f047e92c56a45b1fb4cdec04032dea540096987ef1c0fe7330eb,2.0
m01-j0176,manifest.tsv,176,real_benchmark,diabetes_semisynth,cui_selective_ml,3000,3.0,7,2013600000,dml_real_benchmark_diabetes_semisynth_cui_selective_ml_n3000_s3_chunk07.reps.csv,270e12f060e94224f626572b0fc99e7e80f076f0add2c7711714df43afa65487,2.0
m01-j0177,manifest.tsv,177,real_benchmark,diabetes_semisynth,cui_selective_ml,3000,3.0,8,2013700000,dml_real_benchmark_diabetes_semisynth_cui_selective_ml_n3000_s3_chunk08.reps.csv,83339134b06c901e3666d7ee20f49d33f9745525bfe5368b09be332a284918a1,2.0
m01-j0178,manifest.tsv,178,real_benchmark,diabetes_semisynth,cui_selective_ml,3000,3.0,9,2013800000,dml_real_benchmark_diabetes_semisynth_cui_selective_ml_n3000_s3_chunk09.reps.csv,5d2cc16f74e359914c7c86c680d515bfd9781ff6c4bdeef0072e36e5930045cd,2.0
m01-j0179,manifest.tsv,179,real_benchmark,diabetes_semisynth,cui_selective_ml,3000,3.0,10,2013900000,dml_real_benchmark_diabetes_semisynth_cui_selective_ml_n3000_s3_chunk10.reps.csv,2811ea04a0a5f4e66df5e9f7da8c48be659b06b4e9df820a096029f7f62e700e,2.0
m01-j0180,manifest.tsv,180,real_benchmark,diabetes_semisynth,cui_selective_ml,3000,3.0,11,2014000000,dml_real_benchmark_diabetes_semisynth_cui_selective_ml_n3000_s3_chunk11.reps.csv,01ac46339dd843ab1c56d0ae539d17048f1a376cd6bcb581416b835d69266239,2.0
m01-j0181,manifest.tsv,181,real_benchmark,diabetes_semisynth,cui_selective_ml,3000,3.0,12,2014100000,dml_real_benchmark_diabetes_semisynth_cui_selective_ml_n3000_s3_chunk12.reps.csv,dd4d517293522891006c37d984a0b5abe950034e4a58d589d5c2322ad3b2c530,2.0
m01-j0182,manifest.tsv,182,real_benchmark,diabetes_semisynth,cui_selective_ml,3000,3.0,13,2014200000,dml_real_benchmark_diabetes_semisynth_cui_selective_ml_n3000_s3_chunk13.reps.csv,5c46e2ddf3ec86af5fbac7a6b50443c9f504e28d6552b2cf5a5097b8ca87f5f9,2.0
m01-j0183,manifest.tsv,183,real_benchmark,diabetes_semisynth,cui_selective_ml,3000,3.0,14,2014300000,dml_real_benchmark_diabetes_semisynth_cui_selective_ml_n3000_s3_chunk14.reps.csv,60c2e801f136cee6f90f6e6919872aee67422a8da13ea163b920f4f111b1e8da,2.0
m01-j0184,manifest.tsv,184,real_benchmark,diabetes_semisynth,cui_selective_ml,3000,3.0,15,2014400000,dml_real_benchmark_diabetes_semisynth_cui_selective_ml_n3000_s3_chunk15.reps.csv,28dc63a6f5162ecb77145ee3209299573280ac0bb7596006cd496adc271dcce4,2.0
m01-j0185,manifest.tsv,185,real_benchmark,diabetes_semisynth,cui_selective_ml,3000,3.0,16,2014500000,dml_real_benchmark_diabetes_semisynth_cui_selective_ml_n3000_s3_chunk16.reps.csv,8a1a12ed8feef3fff4777cf85eb01f7df78804298d961b73cfe2417fcf68e043,2.0
m01-j0186,manifest.tsv,186,real_benchmark,diabetes_semisynth,cui_selective_ml,3000,3.0,17,2014600000,dml_real_benchmark_diabetes_semisynth_cui_selective_ml_n3000_s3_chunk17.reps.csv,30a59dbab0c0a5a3d68dbf66372666725e318d9b636317a6f8ee823dbb60147d,2.0
m01-j0187,manifest.tsv,187,real_benchmark,diabetes_semisynth,cui_selective_ml,3000,3.0,18,2014700000,dml_real_benchmark_diabetes_semisynth_cui_selective_ml_n3000_s3_chunk18.reps.csv,e8477002ed9787d59a321edbcbb939dd4af67ae60853195926d5eaddd943b96e,2.0
m01-j0188,manifest.tsv,188,real_benchmark,diabetes_semisynth,cui_selective_ml,3000,3.0,19,2014800000,dml_real_benchmark_diabetes_semisynth_cui_selective_ml_n3000_s3_chunk19.reps.csv,06c0721e847ee6a5a2505fa5ff2388b37688296dbdf202e9bab7e63da108942d,2.0
m01-j0189,manifest.tsv,189,real_benchmark,diabetes_semisynth,cui_selective_ml,3000,3.0,20,2014900000,dml_real_benchmark_diabetes_semisynth_cui_selective_ml_n3000_s3_chunk20.reps.csv,d131f218f60c0064d70c0ee76d6882cab92795cc9ef85fc5378fd6ee5c1ecba6,2.0
m01-j0190,manifest.tsv,190,real_benchmark,diabetes_semisynth,cui_selective_ml,3000,3.0,21,2015000000,dml_real_benchmark_diabetes_semisynth_cui_selective_ml_n3000_s3_chunk21.reps.csv,db3bc0b7449d29c55015b43f9af5d9297974909aa9991a2bff3e6d6cc60bc067,2.0
m01-j0191,manifest.tsv,191,real_benchmark,diabetes_semisynth,cui_selective_ml,3000,3.0,22,2015100000,dml_real_benchmark_diabetes_semisynth_cui_selective_ml_n3000_s3_chunk22.reps.csv,55dc996bd7ad2a0ff86faa04b74ea91a0a3a3038b0c61193c743f773f4d91f0c,2.0
m01-j0192,manifest.tsv,192,real_benchmark,diabetes_semisynth,cui_selective_ml,3000,3.0,23,2015200000,dml_real_benchmark_diabetes_semisynth_cui_selective_ml_n3000_s3_chunk23.reps.csv,c2a57c0a16c06fabf3ebd72cad47b11e22f904d1c8b45cdcc171a5b34c2c0a8a,2.0
m01-j0193,manifest.tsv,193,real_benchmark,diabetes_semisynth,ma_dr_bc,3000,3.0,0,2012900000,dml_real_benchmark_diabetes_semisynth_ma_dr_bc_n3000_s3_chunk00.reps.csv,78ffb2e1b74081188838a9f3aad17764476a887354ad5568d280ac8eecd7859e,2.0
m01-j0194,manifest.tsv,194,real_benchmark,diabetes_semisynth,ma_dr_bc,3000,3.0,1,2013000000,dml_real_benchmark_diabetes_semisynth_ma_dr_bc_n3000_s3_chunk01.reps.csv,22727b9052110b4cd9b4ea5013805539ce61ba066255b3c9c5bfb18821149068,2.0
m01-j0195,manifest.tsv,195,real_benchmark,diabetes_semisynth,ma_dr_bc,3000,3.0,2,2013100000,dml_real_benchmark_diabetes_semisynth_ma_dr_bc_n3000_s3_chunk02.reps.csv,1e72357412b38b61ab29b1eb62c97890d831df6f42967a332caa395cc25a1501,2.0
m01-j0196,manifest.tsv,196,real_benchmark,diabetes_semisynth,ma_dr_bc,3000,3.0,3,2013200000,dml_real_benchmark_diabetes_semisynth_ma_dr_bc_n3000_s3_chunk03.reps.csv,67d360bdfa8c9792e4bcce51bdfd53efa0eb467ea41df5849381984d05042f89,2.0
m01-j0197,manifest.tsv,197,real_benchmark,diabetes_semisynth,ma_dr_bc,3000,3.0,4,2013300000,dml_real_benchmark_diabetes_semisynth_ma_dr_bc_n3000_s3_chunk04.reps.csv,30080347f40c59f2ef5a5f32923320c8fc2904f376b32137e89808cc32d99cdf,2.0
m01-j0198,manifest.tsv,198,real_benchmark,diabetes_semisynth,ma_dr_bc,3000,3.0,5,2013400000,dml_real_benchmark_diabetes_semisynth_ma_dr_bc_n3000_s3_chunk05.reps.csv,6e17b5c21c9cbb2731dad19cbc48fc8f9853a9224bac27220f0b552d22f77609,2.0
m01-j0199,manifest.tsv,199,real_benchmark,diabetes_semisynth,ma_dr_bc,3000,3.0,6,2013500000,dml_real_benchmark_diabetes_semisynth_ma_dr_bc_n3000_s3_chunk06.reps.csv,7b854de2938934329461f8c7c52a8c36bfd9ec5ac6834c97451fca704d78b8b8,2.0
m01-j0200,manifest.tsv,200,real_benchmark,diabetes_semisynth,ma_dr_bc,3000,3.0,7,2013600000,dml_real_benchmark_diabetes_semisynth_ma_dr_bc_n3000_s3_chunk07.reps.csv,fdb3f365d3750ed375ecf3fb085e44327c4af7445d1e72c704dcf4de8f93fca4,2.0
m01-j0201,manifest.tsv,201,real_benchmark,diabetes_semisynth,ma_dr_bc,3000,3.0,8,2013700000,dml_real_benchmark_diabetes_semisynth_ma_dr_bc_n3000_s3_chunk08.reps.csv,cd26c3b39ddda05158a1ceacb6a05f1724d5af24a0f02b34f4aa2766c978824d,2.0
m01-j0202,manifest.tsv,202,real_benchmark,diabetes_semisynth,ma_dr_bc,3000,3.0,9,2013800000,dml_real_benchmark_diabetes_semisynth_ma_dr_bc_n3000_s3_chunk09.reps.csv,39938efdfee9cc3e4a30c5e44d252bb8948a96a130472fef8a65a4c05addfc5b,2.0
m01-j0203,manifest.tsv,203,real_benchmark,diabetes_semisynth,ma_dr_bc,3000,3.0,10,2013900000,dml_real_benchmark_diabetes_semisynth_ma_dr_bc_n3000_s3_chunk10.reps.csv,94974fc976e5b5363e45a08787d6b1bf8b6e109ba14169916903da98cb65aeb3,2.0
m01-j0204,manifest.tsv,204,real_benchmark,diabetes_semisynth,ma_dr_bc,3000,3.0,11,2014000000,dml_real_benchmark_diabetes_semisynth_ma_dr_bc_n3000_s3_chunk11.reps.csv,201e42c1f1322a0b95930ed808896b9ae434bb60a253c6ffe3a34f4dd2e00f8c,2.0
m01-j0205,manifest.tsv,205,real_benchmark,diabetes_semisynth,ma_dr_bc,3000,3.0,12,2014100000,dml_real_benchmark_diabetes_semisynth_ma_dr_bc_n3000_s3_chunk12.reps.csv,a094661df00f92d8875f6f4ab794fffa35f4c735b8403555331d5b4fb798e158,2.0
m01-j0206,manifest.tsv,206,real_benchmark,diabetes_semisynth,ma_dr_bc,3000,3.0,13,2014200000,dml_real_benchmark_diabetes_semisynth_ma_dr_bc_n3000_s3_chunk13.reps.csv,513eece60ee68d7599dc6f44024a0421963f098dab8f5384d913203a7b7efe48,2.0
m01-j0207,manifest.tsv,207,real_benchmark,diabetes_semisynth,ma_dr_bc,3000,3.0,14,2014300000,dml_real_benchmark_diabetes_semisynth_ma_dr_bc_n3000_s3_chunk14.reps.csv,7c6e32ea21dd5a1351189cf2188a44e02022b34a162c064f0f3341000e6e91b5,2.0
m01-j0208,manifest.tsv,208,real_benchmark,diabetes_semisynth,ma_dr_bc,3000,3.0,15,2014400000,dml_real_benchmark_diabetes_semisynth_ma_dr_bc_n3000_s3_chunk15.reps.csv,3a69416d2658f4ab98e5d645aee066f6fa2d159ea2701429cdb8e98fc696fdae,2.0
m01-j0209,manifest.tsv,209,real_benchmark,diabetes_semisynth,ma_dr_bc,3000,3.0,16,2014500000,dml_real_benchmark_diabetes_semisynth_ma_dr_bc_n3000_s3_chunk16.reps.csv,ad129946a85aae2ed7460280a228b72e55335ce6089d6a53d7a27a50da579388,2.0
m01-j0210,manifest.tsv,210,real_benchmark,diabetes_semisynth,ma_dr_bc,3000,3.0,17,2014600000,dml_real_benchmark_diabetes_semisynth_ma_dr_bc_n3000_s3_chunk17.reps.csv,9a238691473f6ce0e7242e26ff53ce69b09560650bee52e58b856583d98b7ebd,2.0
m01-j0211,manifest.tsv,211,real_benchmark,diabetes_semisynth,ma_dr_bc,3000,3.0,18,2014700000,dml_real_benchmark_diabetes_semisynth_ma_dr_bc_n3000_s3_chunk18.reps.csv,356fb202ce88e10cf017f21246b79d55980ba9768ca1da72bf5b6d2c2e26e88c,2.0
m01-j0212,manifest.tsv,212,real_benchmark,diabetes_semisynth,ma_dr_bc,3000,3.0,19,2014800000,dml_real_benchmark_diabetes_semisynth_ma_dr_bc_n3000_s3_chunk19.reps.csv,7f1006fa92470b095dd38c510d5c9bc76539401ec320e50711a3d8ad113e50e7,2.0
m01-j0213,manifest.tsv,213,real_benchmark,diabetes_semisynth,ma_dr_bc,3000,3.0,20,2014900000,dml_real_benchmark_diabetes_semisynth_ma_dr_bc_n3000_s3_chunk20.reps.csv,d4c89efc60850373aa6746742d12489bc7abe1cf109218c7661a6d9bb11ca070,2.0
m01-j0214,manifest.tsv,214,real_benchmark,diabetes_semisynth,ma_dr_bc,3000,3.0,21,2015000000,dml_real_benchmark_diabetes_semisynth_ma_dr_bc_n3000_s3_chunk21.reps.csv,f9a2a3a23bec4eb29851675579e259a0b52f756a5a972dfafe0cb1851bc966e7,2.0
m01-j0215,manifest.tsv,215,real_benchmark,diabetes_semisynth,ma_dr_bc,3000,3.0,22,2015100000,dml_real_benchmark_diabetes_semisynth_ma_dr_bc_n3000_s3_chunk22.reps.csv,6e274711d55d4c4da056d4e12a3c5065e00e6682c2b36398db9a8e757dd84235,2.0
m01-j0216,manifest.tsv,216,real_benchmark,diabetes_semisynth,ma_dr_bc,3000,3.0,23,2015200000,dml_real_benchmark_diabetes_semisynth_ma_dr_bc_n3000_s3_chunk23.reps.csv,486120746218d563cb1deb82f39dcdc285af2c2ab377fd3f15f58ad784d5d048,2.0
m01-j0217,manifest.tsv,217,real_benchmark,diabetes_semisynth,tmle,3000,3.0,0,2012900000,dml_real_benchmark_diabetes_semisynth_tmle_n3000_s3_chunk00.reps.csv,993f4d0b04fd9255de45a57e70636e23269d9466e483dda050c7e5bcdfe060e6,2.0
m01-j0218,manifest.tsv,218,real_benchmark,diabetes_semisynth,tmle,3000,3.0,1,2013000000,dml_real_benchmark_diabetes_semisynth_tmle_n3000_s3_chunk01.reps.csv,ea023d80a15942db61e7d2a07b2ba7cebd62f19f09c47131273196e9ae48755b,2.0
m01-j0219,manifest.tsv,219,real_benchmark,diabetes_semisynth,tmle,3000,3.0,2,2013100000,dml_real_benchmark_diabetes_semisynth_tmle_n3000_s3_chunk02.reps.csv,8f24c0fa65f298e46e8d2fb82c4737f16929b0e38473ac06fbf978c7d1b57dc6,2.0
m01-j0220,manifest.tsv,220,real_benchmark,diabetes_semisynth,tmle,3000,3.0,3,2013200000,dml_real_benchmark_diabetes_semisynth_tmle_n3000_s3_chunk03.reps.csv,d25e2478ae74c4a7dd664c54d995fcd687258420debc4d1e7720c3745f1581b3,2.0
m01-j0221,manifest.tsv,221,real_benchmark,diabetes_semisynth,tmle,3000,3.0,4,2013300000,dml_real_benchmark_diabetes_semisynth_tmle_n3000_s3_chunk04.reps.csv,dec327c9cb10e8f1dd75f263455b36ad8850126a2c45018f6eb0265c288e1e4c,2.0
m01-j0222,manifest.tsv,222,real_benchmark,diabetes_semisynth,tmle,3000,3.0,5,2013400000,dml_real_benchmark_diabetes_semisynth_tmle_n3000_s3_chunk05.reps.csv,2b54ec8c5e0336c2fa731716282b7cdded323697fc75db2841cf7b31fdc9e0d4,2.0
m01-j0223,manifest.tsv,223,real_benchmark,diabetes_semisynth,tmle,3000,3.0,6,2013500000,dml_real_benchmark_diabetes_semisynth_tmle_n3000_s3_chunk06.reps.csv,b5b5607587bff32299299d9d132e3a932bb565ec0dbf41c1a42ef78f0c939602,2.0
m01-j0224,manifest.tsv,224,real_benchmark,diabetes_semisynth,tmle,3000,3.0,7,2013600000,dml_real_benchmark_diabetes_semisynth_tmle_n3000_s3_chunk07.reps.csv,38c6003f964062ac9c3d67aadb56a8d9aefbc448bc9ccbb5cf1cf9d3084b4b36,2.0
m01-j0225,manifest.tsv,225,real_benchmark,diabetes_semisynth,tmle,3000,3.0,8,2013700000,dml_real_benchmark_diabetes_semisynth_tmle_n3000_s3_chunk08.reps.csv,bcbcdd44bbf4b4dd1d136772b5cc0643ba06641025c9aaf1821b1f1785dc26d6,2.0
m01-j0226,manifest.tsv,226,real_benchmark,diabetes_semisynth,tmle,3000,3.0,9,2013800000,dml_real_benchmark_diabetes_semisynth_tmle_n3000_s3_chunk09.reps.csv,f237ab34cfb0fd9480a3d0512b7c2ad948caad5e36c0ff75f70ea73d2a0915cb,2.0
m01-j0227,manifest.tsv,227,real_benchmark,diabetes_semisynth,tmle,3000,3.0,10,2013900000,dml_real_benchmark_diabetes_semisynth_tmle_n3000_s3_chunk10.reps.csv,7590cabbc8c23281782d3e45cbe2886e48eadd1de26679b3c64e9aafdf96fcbf,2.0
m01-j0228,manifest.tsv,228,real_benchmark,diabetes_semisynth,tmle,3000,3.0,11,2014000000,dml_real_benchmark_diabetes_semisynth_tmle_n3000_s3_chunk11.reps.csv,a025fd8caa557fe809a03c27b79c3737d24bbe451090e0f4e8167b01241933bb,2.0
m01-j0229,manifest.tsv,229,real_benchmark,diabetes_semisynth,tmle,3000,3.0,12,2014100000,dml_real_benchmark_diabetes_semisynth_tmle_n3000_s3_chunk12.reps.csv,af02a6fc288a6d9448529ea4d53b976adb5aed2a58446c93b75b71db1662ea06,2.0
m01-j0230,manifest.tsv,230,real_benchmark,diabetes_semisynth,tmle,3000,3.0,13,2014200000,dml_real_benchmark_diabetes_semisynth_tmle_n3000_s3_chunk13.reps.csv,a1c60d1d40a76a539c8adec7d15dd02b94110029ca73062950ee87af7ce4cb40,2.0
m01-j0231,manifest.tsv,231,real_benchmark,diabetes_semisynth,tmle,3000,3.0,14,2014300000,dml_real_benchmark_diabetes_semisynth_tmle_n3000_s3_chunk14.reps.csv,e0b7ce11212f9a43f77d5f81972dbeeafc9411fd3d11df1a852a20501d9c1218,2.0
m01-j0232,manifest.tsv,232,real_benchmark,diabetes_semisynth,tmle,3000,3.0,15,2014400000,dml_real_benchmark_diabetes_semisynth_tmle_n3000_s3_chunk15.reps.csv,43094885438c67c1a09b6c3d689d2a57850f842e2dfe6bf897f2fd060a1fe03d,2.0
m01-j0233,manifest.tsv,233,real_benchmark,diabetes_semisynth,tmle,3000,3.0,16,2014500000,dml_real_benchmark_diabetes_semisynth_tmle_n3000_s3_chunk16.reps.csv,e76345501a7eaee8af8a044a0633c9516d952f3de0805f088c57f26d51a36dba,2.0
m01-j0234,manifest.tsv,234,real_benchmark,diabetes_semisynth,tmle,3000,3.0,17,2014600000,dml_real_benchmark_diabetes_semisynth_tmle_n3000_s3_chunk17.reps.csv,7cf3d517af7081425fb4612bdf7aac9e7fbcfad50ae5a499ba1b0c8744778eb4,2.0
m01-j0235,manifest.tsv,235,real_benchmark,diabetes_semisynth,tmle,3000,3.0,18,2014700000,dml_real_benchmark_diabetes_semisynth_tmle_n3000_s3_chunk18.reps.csv,e6040e7b91a8ce10466b414d018fd4578347c3176e74f8d71b6927f47bcddcf3,2.0
m01-j0236,manifest.tsv,236,real_benchmark,diabetes_semisynth,tmle,3000,3.0,19,2014800000,dml_real_benchmark_diabetes_semisynth_tmle_n3000_s3_chunk19.reps.csv,a9d28fb0af8dba4c094e5d7a5c7ec81c39d37bdcf80e24fd9740594beae0fb8e,2.0
m01-j0237,manifest.tsv,237,real_benchmark,diabetes_semisynth,tmle,3000,3.0,20,2014900000,dml_real_benchmark_diabetes_semisynth_tmle_n3000_s3_chunk20.reps.csv,08b444e4d15aa993070a56e099775e713807afe2c90375c34ab28d592fb4d331,2.0
m01-j0238,manifest.tsv,238,real_benchmark,diabetes_semisynth,tmle,3000,3.0,21,2015000000,dml_real_benchmark_diabetes_semisynth_tmle_n3000_s3_chunk21.reps.csv,db7e559f4f2991b347c26745ba8efe9cdc13bd67a8d8669d345bc3015de610bf,2.0
m01-j0239,manifest.tsv,239,real_benchmark,diabetes_semisynth,tmle,3000,3.0,22,2015100000,dml_real_benchmark_diabetes_semisynth_tmle_n3000_s3_chunk22.reps.csv,0debc76f865373da0e514895d912199fb3aef2543574a0f0aad9d5d41040a3ed,2.0
m01-j0240,manifest.tsv,240,real_benchmark,diabetes_semisynth,tmle,3000,3.0,23,2015200000,dml_real_benchmark_diabetes_semisynth_tmle_n3000_s3_chunk23.reps.csv,9235eb388913a32d5bce3e64c9b36711644f9315b11eb164b664aff000e22610,2.0
m01-j0241,manifest.tsv,241,real_benchmark,diabetes_misaligned,aipw,3000,0.0,0,2015300000,dml_real_benchmark_diabetes_misaligned_aipw_n3000_s0_chunk00.reps.csv,2930b0900a9567b27411dc4fad4eda5dd917bc07cbc509ef3becae8ea3ff0452,2.0
m01-j0242,manifest.tsv,242,real_benchmark,diabetes_misaligned,aipw,3000,0.0,1,2015400000,dml_real_benchmark_diabetes_misaligned_aipw_n3000_s0_chunk01.reps.csv,d5ec23e0ebf167c21d91b96273d729a1c917afa8e0b34c7f6a080fcb12b87f4e,2.0
m01-j0243,manifest.tsv,243,real_benchmark,diabetes_misaligned,aipw,3000,0.0,2,2015500000,dml_real_benchmark_diabetes_misaligned_aipw_n3000_s0_chunk02.reps.csv,2c8d76e99769ffc6d5a9003d8c58b9845063f7397964d0fc266a361e1c6cd51f,2.0
m01-j0244,manifest.tsv,244,real_benchmark,diabetes_misaligned,aipw,3000,0.0,3,2015600000,dml_real_benchmark_diabetes_misaligned_aipw_n3000_s0_chunk03.reps.csv,8e585cf502c33f07d1b8a3b0d0ef1492e786e1e5da9d71932ea01173a4a89c4d,2.0
m01-j0245,manifest.tsv,245,real_benchmark,diabetes_misaligned,aipw,3000,0.0,4,2015700000,dml_real_benchmark_diabetes_misaligned_aipw_n3000_s0_chunk04.reps.csv,3d3a576028eaab547d16934182015fbb473653ed2b2c38d0714057f95188ceec,2.0
m01-j0246,manifest.tsv,246,real_benchmark,diabetes_misaligned,aipw,3000,0.0,5,2015800000,dml_real_benchmark_diabetes_misaligned_aipw_n3000_s0_chunk05.reps.csv,c286b12fb94af94b15cceedbc85dac8dcc5ebaf306b6ed592396d64a78ae9ca1,2.0
m01-j0247,manifest.tsv,247,real_benchmark,diabetes_misaligned,aipw,3000,0.0,6,2015900000,dml_real_benchmark_diabetes_misaligned_aipw_n3000_s0_chunk06.reps.csv,c71a1fc3ec810e52051d843c58b95b9ee7b63d717dc9f5acf598d927b00e43dc,2.0
m01-j0248,manifest.tsv,248,real_benchmark,diabetes_misaligned,aipw,3000,0.0,7,2016000000,dml_real_benchmark_diabetes_misaligned_aipw_n3000_s0_chunk07.reps.csv,9c9252049db4404df701354d3855fba743908a5bed0ffd4968a6bb02a05256bf,2.0
m01-j0249,manifest.tsv,249,real_benchmark,diabetes_misaligned,aipw,3000,0.0,8,2016100000,dml_real_benchmark_diabetes_misaligned_aipw_n3000_s0_chunk08.reps.csv,e3080e50e536302c8a40ed2e32e6fb1db82ef18d62f88429733f01181d691d70,2.0
m01-j0250,manifest.tsv,250,real_benchmark,diabetes_misaligned,aipw,3000,0.0,9,2016200000,dml_real_benchmark_diabetes_misaligned_aipw_n3000_s0_chunk09.reps.csv,401207ebaf96ee466e022691eba6576e1de1160869e1b8eb882b54d185fdd207,2.0
m01-j0251,manifest.tsv,251,real_benchmark,diabetes_misaligned,aipw,3000,0.0,10,2016300000,dml_real_benchmark_diabetes_misaligned_aipw_n3000_s0_chunk10.reps.csv,6306d506f22599155fbe6bb4b3383006664163f9605a23008ef04af64f48983e,2.0
m01-j0252,manifest.tsv,252,real_benchmark,diabetes_misaligned,aipw,3000,0.0,11,2016400000,dml_real_benchmark_diabetes_misaligned_aipw_n3000_s0_chunk11.reps.csv,cd9a2c0821b6f604ff78d0726ca51158e618b185d5b3b892bcd549c2eca9f489,2.0
m01-j0253,manifest.tsv,253,real_benchmark,diabetes_misaligned,aipw,3000,0.0,12,2016500000,dml_real_benchmark_diabetes_misaligned_aipw_n3000_s0_chunk12.reps.csv,236d82766804763a6d708e9176ecf6819898ddc173dfb58dc3ae7746cbc440bf,2.0
m01-j0254,manifest.tsv,254,real_benchmark,diabetes_misaligned,aipw,3000,0.0,13,2016600000,dml_real_benchmark_diabetes_misaligned_aipw_n3000_s0_chunk13.reps.csv,4f0c921f052ef1956b1d8bc3f36168041cdfeb3e251f984c5d3ec4a4383c4614,2.0
m01-j0255,manifest.tsv,255,real_benchmark,diabetes_misaligned,aipw,3000,0.0,14,2016700000,dml_real_benchmark_diabetes_misaligned_aipw_n3000_s0_chunk14.reps.csv,e8d678633093d79a189c6c8730233ed731fa16998867f477485e0cb1d0fe2585,2.0
m01-j0256,manifest.tsv,256,real_benchmark,diabetes_misaligned,aipw,3000,0.0,15,2016800000,dml_real_benchmark_diabetes_misaligned_aipw_n3000_s0_chunk15.reps.csv,eab6118784802306bd24867210f4a87693877cf32604130f819a5ed01b682e78,2.0
m01-j0257,manifest.tsv,257,real_benchmark,diabetes_misaligned,aipw,3000,0.0,16,2016900000,dml_real_benchmark_diabetes_misaligned_aipw_n3000_s0_chunk16.reps.csv,52e2000ab00e14d7f0d4f9e48841889b88bc093eccb339cffb8415ffe52d8dae,2.0
m01-j0258,manifest.tsv,258,real_benchmark,diabetes_misaligned,aipw,3000,0.0,17,2017000000,dml_real_benchmark_diabetes_misaligned_aipw_n3000_s0_chunk17.reps.csv,187e1b4c6faf930a7982fa954acfcd19baeb86f8f5cfbcc9623a40eecfa8cd85,2.0
m01-j0259,manifest.tsv,259,real_benchmark,diabetes_misaligned,aipw,3000,0.0,18,2017100000,dml_real_benchmark_diabetes_misaligned_aipw_n3000_s0_chunk18.reps.csv,ef0d48c3fbc2b70f210aedfdd84eea07a045f88b86cc7d7f94cdc6cbd43dd5da,2.0
m01-j0260,manifest.tsv,260,real_benchmark,diabetes_misaligned,aipw,3000,0.0,19,2017200000,dml_real_benchmark_diabetes_misaligned_aipw_n3000_s0_chunk19.reps.csv,6fabed05dc08eceb6756c96ba0ce4f6402c8dacb46292f46933ec703410620e2,2.0
m01-j0261,manifest.tsv,261,real_benchmark,diabetes_misaligned,aipw,3000,0.0,20,2017300000,dml_real_benchmark_diabetes_misaligned_aipw_n3000_s0_chunk20.reps.csv,6dd0f7a3ab0dc2a4c128a70f7276611efe04fa52d1d934136c86f5d422ea65a9,2.0
m01-j0262,manifest.tsv,262,real_benchmark,diabetes_misaligned,aipw,3000,0.0,21,2017400000,dml_real_benchmark_diabetes_misaligned_aipw_n3000_s0_chunk21.reps.csv,2f773ac47a4b18bcea9ba88b47eb561b252e21f2f8a51ba57170dac8d06945a0,2.0
m01-j0263,manifest.tsv,263,real_benchmark,diabetes_misaligned,aipw,3000,0.0,22,2017500000,dml_real_benchmark_diabetes_misaligned_aipw_n3000_s0_chunk22.reps.csv,b9dcd8c791073ed600a1e6531d905cf228ec6edbae172ef4eaa220ebc2f78277,2.0
m01-j0264,manifest.tsv,264,real_benchmark,diabetes_misaligned,aipw,3000,0.0,23,2017600000,dml_real_benchmark_diabetes_misaligned_aipw_n3000_s0_chunk23.reps.csv,821295bc94e351f177f1fb3827e078631422e4d4ea38904fb25bbec3f136e46d,2.0
m01-j0265,manifest.tsv,265,real_benchmark,diabetes_misaligned,ctmle,3000,0.0,0,2015300000,dml_real_benchmark_diabetes_misaligned_ctmle_n3000_s0_chunk00.reps.csv,58daac4a0c5ea1d14ed0c8e94981e4d102085ed4fd52e96b5315864e3fa90941,2.0
m01-j0266,manifest.tsv,266,real_benchmark,diabetes_misaligned,ctmle,3000,0.0,1,2015400000,dml_real_benchmark_diabetes_misaligned_ctmle_n3000_s0_chunk01.reps.csv,20fcf996897f0e58f67a23a266f0506a68259b0e7ecb29b2e855d71db1441a6e,2.0
m01-j0267,manifest.tsv,267,real_benchmark,diabetes_misaligned,ctmle,3000,0.0,2,2015500000,dml_real_benchmark_diabetes_misaligned_ctmle_n3000_s0_chunk02.reps.csv,821553adfa2389ad2d1e49692bb0deaaa35fab77ce1b13cbd187dfd9a8702a02,2.0
m01-j0268,manifest.tsv,268,real_benchmark,diabetes_misaligned,ctmle,3000,0.0,3,2015600000,dml_real_benchmark_diabetes_misaligned_ctmle_n3000_s0_chunk03.reps.csv,90ae4d130e9d63c074a074438ad5457067fbe0cf06057d8fdb11bc6aee256e00,2.0
m01-j0269,manifest.tsv,269,real_benchmark,diabetes_misaligned,ctmle,3000,0.0,4,2015700000,dml_real_benchmark_diabetes_misaligned_ctmle_n3000_s0_chunk04.reps.csv,6e29cf3be40010755e69d6731be8044bb463552247f2276693a593de6772b4f9,2.0
m01-j0270,manifest.tsv,270,real_benchmark,diabetes_misaligned,ctmle,3000,0.0,5,2015800000,dml_real_benchmark_diabetes_misaligned_ctmle_n3000_s0_chunk05.reps.csv,df39158fb318b6c6162dea097e0a7bae307c5c31d56116c128ec31b27941e9a0,2.0
m01-j0271,manifest.tsv,271,real_benchmark,diabetes_misaligned,ctmle,3000,0.0,6,2015900000,dml_real_benchmark_diabetes_misaligned_ctmle_n3000_s0_chunk06.reps.csv,b6f20804d62c9d2a1f2f3771074628212f13681a6b6c919e9bdbbfe88356e8d1,2.0
m01-j0272,manifest.tsv,272,real_benchmark,diabetes_misaligned,ctmle,3000,0.0,7,2016000000,dml_real_benchmark_diabetes_misaligned_ctmle_n3000_s0_chunk07.reps.csv,53b21f3dcdf8cad8c60e88bd0733b89e4727ae2e4f605cd4a86f88505db9bbfa,2.0
m01-j0273,manifest.tsv,273,real_benchmark,diabetes_misaligned,ctmle,3000,0.0,8,2016100000,dml_real_benchmark_diabetes_misaligned_ctmle_n3000_s0_chunk08.reps.csv,ddbb49cb9342e0e20eac0e44a55f093236e1cc2619e4ecd69d78eb9d7f7365d4,2.0
m01-j0274,manifest.tsv,274,real_benchmark,diabetes_misaligned,ctmle,3000,0.0,9,2016200000,dml_real_benchmark_diabetes_misaligned_ctmle_n3000_s0_chunk09.reps.csv,27eb09d255d20d3fb5ceb74849d539d9fa1caba4a960e7c06b174c7f44ee1e52,2.0
m01-j0275,manifest.tsv,275,real_benchmark,diabetes_misaligned,ctmle,3000,0.0,10,2016300000,dml_real_benchmark_diabetes_misaligned_ctmle_n3000_s0_chunk10.reps.csv,ab6a532dfe8087c3cf0a00d0da8bb766adf52ac49f31953db36ea14603a6c0dc,2.0
m01-j0276,manifest.tsv,276,real_benchmark,diabetes_misaligned,ctmle,3000,0.0,11,2016400000,dml_real_benchmark_diabetes_misaligned_ctmle_n3000_s0_chunk11.reps.csv,b9823885241ec683357e64b45c09daeb1e6cf5ad707fb4de588a0ca275e7db23,2.0
m01-j0277,manifest.tsv,277,real_benchmark,diabetes_misaligned,ctmle,3000,0.0,12,2016500000,dml_real_benchmark_diabetes_misaligned_ctmle_n3000_s0_chunk12.reps.csv,6912ce28f7caf6243a53224bb8bdb160a79b1faf684912d1b0c21291e971d4b4,2.0
m01-j0278,manifest.tsv,278,real_benchmark,diabetes_misaligned,ctmle,3000,0.0,13,2016600000,dml_real_benchmark_diabetes_misaligned_ctmle_n3000_s0_chunk13.reps.csv,6b8c844e1fddc4a56eb6fd737a9caa5afbbb7bb57e5f8cc71c93a2c7c7740148,2.0
m01-j0279,manifest.tsv,279,real_benchmark,diabetes_misaligned,ctmle,3000,0.0,14,2016700000,dml_real_benchmark_diabetes_misaligned_ctmle_n3000_s0_chunk14.reps.csv,1bcb3d3dfba0ec4e59f1bfe460dc9cb54a9dff7befa82876a9e616f407df1a7f,2.0
m01-j0280,manifest.tsv,280,real_benchmark,diabetes_misaligned,ctmle,3000,0.0,15,2016800000,dml_real_benchmark_diabetes_misaligned_ctmle_n3000_s0_chunk15.reps.csv,abd9ca05ff058199baf6db6cb91852a7ef9c0c34bb7d95da95a732175471f0bc,2.0
m01-j0281,manifest.tsv,281,real_benchmark,diabetes_misaligned,ctmle,3000,0.0,16,2016900000,dml_real_benchmark_diabetes_misaligned_ctmle_n3000_s0_chunk16.reps.csv,fc0fdb20cbf469b2492aa3159559a940a2c2115d7e057f763c990af21f70e0a5,2.0
m01-j0282,manifest.tsv,282,real_benchmark,diabetes_misaligned,ctmle,3000,0.0,17,2017000000,dml_real_benchmark_diabetes_misaligned_ctmle_n3000_s0_chunk17.reps.csv,6d483e443164983b6cb564372db46d303dd2f2b2c2961ea073b394bbf4a0efe9,2.0
m01-j0283,manifest.tsv,283,real_benchmark,diabetes_misaligned,ctmle,3000,0.0,18,2017100000,dml_real_benchmark_diabetes_misaligned_ctmle_n3000_s0_chunk18.reps.csv,7824f3197bf32b5ddf8417baf827e7dfc9b67e4b032cd3d093755d27b8b85ee2,2.0
m01-j0284,manifest.tsv,284,real_benchmark,diabetes_misaligned,ctmle,3000,0.0,19,2017200000,dml_real_benchmark_diabetes_misaligned_ctmle_n3000_s0_chunk19.reps.csv,2b1f101a389f18b6b2f0029e7fe5502cd6abaff87f4fa0738103270d003740a2,2.0
m01-j0285,manifest.tsv,285,real_benchmark,diabetes_misaligned,ctmle,3000,0.0,20,2017300000,dml_real_benchmark_diabetes_misaligned_ctmle_n3000_s0_chunk20.reps.csv,a027f3d0ebd8bb7b45b1284eb424a8777acc5ca87d466c69090304a1d8ce1546,2.0
m01-j0286,manifest.tsv,286,real_benchmark,diabetes_misaligned,ctmle,3000,0.0,21,2017400000,dml_real_benchmark_diabetes_misaligned_ctmle_n3000_s0_chunk21.reps.csv,ca6052512a0c75e9ead27d652c2538d2bb580992d4d3d8fbb12480c1eba3b341,2.0
m01-j0287,manifest.tsv,287,real_benchmark,diabetes_misaligned,ctmle,3000,0.0,22,2017500000,dml_real_benchmark_diabetes_misaligned_ctmle_n3000_s0_chunk22.reps.csv,d5ee71f4579818130e8514eda32cc3d5c3289775aded646f3a7c5e566629e9d0,2.0
m01-j0288,manifest.tsv,288,real_benchmark,diabetes_misaligned,ctmle,3000,0.0,23,2017600000,dml_real_benchmark_diabetes_misaligned_ctmle_n3000_s0_chunk23.reps.csv,3c8c757c5e9cc9cfc5db6e607f8b4bb6a5ecabef39a52c5fc182a223faf2a0e6,2.0
m01-j0289,manifest.tsv,289,real_benchmark,diabetes_misaligned,cui_selective_ml,3000,0.0,0,2015300000,dml_real_benchmark_diabetes_misaligned_cui_selective_ml_n3000_s0_chunk00.reps.csv,a16451e27cafa494d555c7a1318c287c6a394916b64caee164b94ddfd65cab87,2.0
m01-j0290,manifest.tsv,290,real_benchmark,diabetes_misaligned,cui_selective_ml,3000,0.0,1,2015400000,dml_real_benchmark_diabetes_misaligned_cui_selective_ml_n3000_s0_chunk01.reps.csv,3784e8585ac237d58197ee2110ce7f762e74dc9843a8a7f70d61b1be457ad70d,2.0
m01-j0291,manifest.tsv,291,real_benchmark,diabetes_misaligned,cui_selective_ml,3000,0.0,2,2015500000,dml_real_benchmark_diabetes_misaligned_cui_selective_ml_n3000_s0_chunk02.reps.csv,ebfe41a52f07185d72a1802bf3c7d47a94aac8507eb54fc8a0b47ef141152a8f,2.0
m01-j0292,manifest.tsv,292,real_benchmark,diabetes_misaligned,cui_selective_ml,3000,0.0,3,2015600000,dml_real_benchmark_diabetes_misaligned_cui_selective_ml_n3000_s0_chunk03.reps.csv,d37d82a207dec0129ae090b076884110d1acdef3048c58f258f6b4848b315b7f,2.0
m01-j0293,manifest.tsv,293,real_benchmark,diabetes_misaligned,cui_selective_ml,3000,0.0,4,2015700000,dml_real_benchmark_diabetes_misaligned_cui_selective_ml_n3000_s0_chunk04.reps.csv,d3957ddbb4e20ba4708fcc12f62d3d307c5b22cb8603196ac4f1830e581babdb,2.0
m01-j0294,manifest.tsv,294,real_benchmark,diabetes_misaligned,cui_selective_ml,3000,0.0,5,2015800000,dml_real_benchmark_diabetes_misaligned_cui_selective_ml_n3000_s0_chunk05.reps.csv,7745f825180cff09e79ec93f309db6a42bd7353f084d9ee71f627132b2c45aa8,2.0
m01-j0295,manifest.tsv,295,real_benchmark,diabetes_misaligned,cui_selective_ml,3000,0.0,6,2015900000,dml_real_benchmark_diabetes_misaligned_cui_selective_ml_n3000_s0_chunk06.reps.csv,42be90eb39159b40fe15251263590c274ecaec9ae03dfe471011fbca03538447,2.0
m01-j0296,manifest.tsv,296,real_benchmark,diabetes_misaligned,cui_selective_ml,3000,0.0,7,2016000000,dml_real_benchmark_diabetes_misaligned_cui_selective_ml_n3000_s0_chunk07.reps.csv,2ba0391a19c3ab0daa10e3fd035ab327c98b9afb56dc500b805caf358f48841e,2.0
m01-j0297,manifest.tsv,297,real_benchmark,diabetes_misaligned,cui_selective_ml,3000,0.0,8,2016100000,dml_real_benchmark_diabetes_misaligned_cui_selective_ml_n3000_s0_chunk08.reps.csv,329319df5f6da4b5a84714f376811f9184488058189cac0e3173234b32d600cd,2.0
m01-j0298,manifest.tsv,298,real_benchmark,diabetes_misaligned,cui_selective_ml,3000,0.0,9,2016200000,dml_real_benchmark_diabetes_misaligned_cui_selective_ml_n3000_s0_chunk09.reps.csv,673b817bb23fbee02faccfe401fe8aab9517cc7d5965c4d9a178ecad0de7e15d,2.0
m01-j0299,manifest.tsv,299,real_benchmark,diabetes_misaligned,cui_selective_ml,3000,0.0,10,2016300000,dml_real_benchmark_diabetes_misaligned_cui_selective_ml_n3000_s0_chunk10.reps.csv,5cd2e585edc9eb7f1f2d3fd17d25586325a20a65c2d56e25ef161846a417d860,2.0
m01-j0300,manifest.tsv,300,real_benchmark,diabetes_misaligned,cui_selective_ml,3000,0.0,11,2016400000,dml_real_benchmark_diabetes_misaligned_cui_selective_ml_n3000_s0_chunk11.reps.csv,7bec47483f9e0fac0edeef690679d3a79cefb6ca2bdc329085874cfbdff26b58,2.0
m01-j0301,manifest.tsv,301,real_benchmark,diabetes_misaligned,cui_selective_ml,3000,0.0,12,2016500000,dml_real_benchmark_diabetes_misaligned_cui_selective_ml_n3000_s0_chunk12.reps.csv,a3479476e0ba5b5d1921fe8f6d637ea9b93f356ad65e35cb1908cf1bfd9996d0,2.0
m01-j0302,manifest.tsv,302,real_benchmark,diabetes_misaligned,cui_selective_ml,3000,0.0,13,2016600000,dml_real_benchmark_diabetes_misaligned_cui_selective_ml_n3000_s0_chunk13.reps.csv,3c4fd2e354dfd6ef6575242e58aed28af8f1f2edf4625fc06105eb0ff8cda64e,2.0
m01-j0303,manifest.tsv,303,real_benchmark,diabetes_misaligned,cui_selective_ml,3000,0.0,14,2016700000,dml_real_benchmark_diabetes_misaligned_cui_selective_ml_n3000_s0_chunk14.reps.csv,b459c36546d8a1db59a27133773cc5154924cffe0a15fdc9167defa03a14b3fa,2.0
m01-j0304,manifest.tsv,304,real_benchmark,diabetes_misaligned,cui_selective_ml,3000,0.0,15,2016800000,dml_real_benchmark_diabetes_misaligned_cui_selective_ml_n3000_s0_chunk15.reps.csv,134fe9efeac7f1fbe4c19bee5e18947233f1b2b8d45e7d0c82c52bbee0d17077,2.0
m01-j0305,manifest.tsv,305,real_benchmark,diabetes_misaligned,cui_selective_ml,3000,0.0,16,2016900000,dml_real_benchmark_diabetes_misaligned_cui_selective_ml_n3000_s0_chunk16.reps.csv,dec627f451e3ec11692d6fb533d33d291ecb0f703f71085a791b2c4abcdda211,2.0
m01-j0306,manifest.tsv,306,real_benchmark,diabetes_misaligned,cui_selective_ml,3000,0.0,17,2017000000,dml_real_benchmark_diabetes_misaligned_cui_selective_ml_n3000_s0_chunk17.reps.csv,28f0bd898268a7909025fa978ff7f2932d6669d3951bc8c9e9874529c63aff93,2.0
m01-j0307,manifest.tsv,307,real_benchmark,diabetes_misaligned,cui_selective_ml,3000,0.0,18,2017100000,dml_real_benchmark_diabetes_misaligned_cui_selective_ml_n3000_s0_chunk18.reps.csv,542c4ac7ed76ffcbe67cd24a82f9a3d9c25e6a98c2dbb7e6f326d02a6bd19dae,2.0
m01-j0308,manifest.tsv,308,real_benchmark,diabetes_misaligned,cui_selective_ml,3000,0.0,19,2017200000,dml_real_benchmark_diabetes_misaligned_cui_selective_ml_n3000_s0_chunk19.reps.csv,9b37e77281d8d7ef9aea97dd06a72e6d6b6d3596b9e425ad5db5869afc74c9cb,2.0
m01-j0309,manifest.tsv,309,real_benchmark,diabetes_misaligned,cui_selective_ml,3000,0.0,20,2017300000,dml_real_benchmark_diabetes_misaligned_cui_selective_ml_n3000_s0_chunk20.reps.csv,fd9a8acaf55ac7141604f847e26b4a07d35535a291257aeec25208c1475069a8,2.0
m01-j0310,manifest.tsv,310,real_benchmark,diabetes_misaligned,cui_selective_ml,3000,0.0,21,2017400000,dml_real_benchmark_diabetes_misaligned_cui_selective_ml_n3000_s0_chunk21.reps.csv,204a0b0ce5c54bf2ae920b31c2feaedebd6cc0a80dafe57a94a75e038b380831,2.0
m01-j0311,manifest.tsv,311,real_benchmark,diabetes_misaligned,cui_selective_ml,3000,0.0,22,2017500000,dml_real_benchmark_diabetes_misaligned_cui_selective_ml_n3000_s0_chunk22.reps.csv,34db26cf43dbdf5283f29914e19ae433ffabe9a5227d6619cd596e2d9fc39fc0,2.0
m01-j0312,manifest.tsv,312,real_benchmark,diabetes_misaligned,cui_selective_ml,3000,0.0,23,2017600000,dml_real_benchmark_diabetes_misaligned_cui_selective_ml_n3000_s0_chunk23.reps.csv,8f312f0dd6c6dcf98339c7471925f91840c8eff0682434baf7015ae01b0666b5,2.0
m01-j0313,manifest.tsv,313,real_benchmark,diabetes_misaligned,ma_dr_bc,3000,0.0,0,2015300000,dml_real_benchmark_diabetes_misaligned_ma_dr_bc_n3000_s0_chunk00.reps.csv,6e681a091e940c8308482ad11daff4b9265e7b0fcad7e57ef4d5ebe5cff7cbec,2.0
m01-j0314,manifest.tsv,314,real_benchmark,diabetes_misaligned,ma_dr_bc,3000,0.0,1,2015400000,dml_real_benchmark_diabetes_misaligned_ma_dr_bc_n3000_s0_chunk01.reps.csv,561ce1bede4757070d0da58d680118fcc9c3763db063bbec2a319e821cea0a5d,2.0
m01-j0315,manifest.tsv,315,real_benchmark,diabetes_misaligned,ma_dr_bc,3000,0.0,2,2015500000,dml_real_benchmark_diabetes_misaligned_ma_dr_bc_n3000_s0_chunk02.reps.csv,ad26b0be087cef1261aec66abe9ccf004a828a720dae6cf26f13becbf6e4668e,2.0
m01-j0316,manifest.tsv,316,real_benchmark,diabetes_misaligned,ma_dr_bc,3000,0.0,3,2015600000,dml_real_benchmark_diabetes_misaligned_ma_dr_bc_n3000_s0_chunk03.reps.csv,cb348fde0128693eefaecf7a426c5ffa5ace46653a31da68abbdeed4e4168029,2.0
m01-j0317,manifest.tsv,317,real_benchmark,diabetes_misaligned,ma_dr_bc,3000,0.0,4,2015700000,dml_real_benchmark_diabetes_misaligned_ma_dr_bc_n3000_s0_chunk04.reps.csv,278571a46edd29aeb62fdd4aeeea68afe81b195479032e551f4d66fb49ba0c9a,2.0
m01-j0318,manifest.tsv,318,real_benchmark,diabetes_misaligned,ma_dr_bc,3000,0.0,5,2015800000,dml_real_benchmark_diabetes_misaligned_ma_dr_bc_n3000_s0_chunk05.reps.csv,e5a4cc73785bb41ff59217efa6d1b171e513e23e845074dc815446e3ef6e8c6c,2.0
m01-j0319,manifest.tsv,319,real_benchmark,diabetes_misaligned,ma_dr_bc,3000,0.0,6,2015900000,dml_real_benchmark_diabetes_misaligned_ma_dr_bc_n3000_s0_chunk06.reps.csv,bb5e13256c0008e9220b085edd9b052ce118e5f02685ab8320c19af89f5cb3cb,2.0
m01-j0320,manifest.tsv,320,real_benchmark,diabetes_misaligned,ma_dr_bc,3000,0.0,7,2016000000,dml_real_benchmark_diabetes_misaligned_ma_dr_bc_n3000_s0_chunk07.reps.csv,21419e00f44dadbd5b475727f2b39fa593d0e8cf3706469a86854e4d0d4fc4e3,2.0
m01-j0321,manifest.tsv,321,real_benchmark,diabetes_misaligned,ma_dr_bc,3000,0.0,8,2016100000,dml_real_benchmark_diabetes_misaligned_ma_dr_bc_n3000_s0_chunk08.reps.csv,661a0e93dd1e437d6a0e45571b14db68bacaa994d3d440049c6a4c0c8810f133,2.0
m01-j0322,manifest.tsv,322,real_benchmark,diabetes_misaligned,ma_dr_bc,3000,0.0,9,2016200000,dml_real_benchmark_diabetes_misaligned_ma_dr_bc_n3000_s0_chunk09.reps.csv,f94b7ff75e777e83d0ba696e7ef1d574f1f9d4322fb92d80859f75629345c025,2.0
m01-j0323,manifest.tsv,323,real_benchmark,diabetes_misaligned,ma_dr_bc,3000,0.0,10,2016300000,dml_real_benchmark_diabetes_misaligned_ma_dr_bc_n3000_s0_chunk10.reps.csv,1bb824ae5ec09a74746b5886bb592908cd6bdd4744678ba7170ecfb532b92aa0,2.0
m01-j0324,manifest.tsv,324,real_benchmark,diabetes_misaligned,ma_dr_bc,3000,0.0,11,2016400000,dml_real_benchmark_diabetes_misaligned_ma_dr_bc_n3000_s0_chunk11.reps.csv,1edf9e45bcdc6da8067051c8b1896ba9459b31968dd8cccfe35568dd8a7b96f7,2.0
m01-j0325,manifest.tsv,325,real_benchmark,diabetes_misaligned,ma_dr_bc,3000,0.0,12,2016500000,dml_real_benchmark_diabetes_misaligned_ma_dr_bc_n3000_s0_chunk12.reps.csv,c01c329c26d6ab13c913720132683f8c2635ebc17e23353ed80f30df1a3c6d08,2.0
m01-j0326,manifest.tsv,326,real_benchmark,diabetes_misaligned,ma_dr_bc,3000,0.0,13,2016600000,dml_real_benchmark_diabetes_misaligned_ma_dr_bc_n3000_s0_chunk13.reps.csv,95fe4ed74e47c060312a6e405ebb9ef3dbd4ecaf0cda0016dba2676f73c29156,2.0
m01-j0327,manifest.tsv,327,real_benchmark,diabetes_misaligned,ma_dr_bc,3000,0.0,14,2016700000,dml_real_benchmark_diabetes_misaligned_ma_dr_bc_n3000_s0_chunk14.reps.csv,14a98fb3c5368c0aacb53e45321178e2ffd74971b121ddd75292449f54ad7628,2.0
m01-j0328,manifest.tsv,328,real_benchmark,diabetes_misaligned,ma_dr_bc,3000,0.0,15,2016800000,dml_real_benchmark_diabetes_misaligned_ma_dr_bc_n3000_s0_chunk15.reps.csv,f6ad29e13c1cd355043adf2ab52bef692caa96d4b51b6920e17ae8546895bd76,2.0
m01-j0329,manifest.tsv,329,real_benchmark,diabetes_misaligned,ma_dr_bc,3000,0.0,16,2016900000,dml_real_benchmark_diabetes_misaligned_ma_dr_bc_n3000_s0_chunk16.reps.csv,de7fdd9436962b7f5555d494d5139f4d93b597aae545bd5bd6e6797c3ff6c1d9,2.0
m01-j0330,manifest.tsv,330,real_benchmark,diabetes_misaligned,ma_dr_bc,3000,0.0,17,2017000000,dml_real_benchmark_diabetes_misaligned_ma_dr_bc_n3000_s0_chunk17.reps.csv,840f27c974af1df2c8cf52d020d172dcbf79795962a6f4faa173778c39ed7968,2.0
m01-j0331,manifest.tsv,331,real_benchmark,diabetes_misaligned,ma_dr_bc,3000,0.0,18,2017100000,dml_real_benchmark_diabetes_misaligned_ma_dr_bc_n3000_s0_chunk18.reps.csv,232829f7df75de61f4e73cfaf8380911493e1a7fd1919ed25c0cdeb319bcb8d3,2.0
m01-j0332,manifest.tsv,332,real_benchmark,diabetes_misaligned,ma_dr_bc,3000,0.0,19,2017200000,dml_real_benchmark_diabetes_misaligned_ma_dr_bc_n3000_s0_chunk19.reps.csv,1faa2d9527201cf4e2b197d9b78c3961d10e061b7af662a42367e119661b5ee0,2.0
m01-j0333,manifest.tsv,333,real_benchmark,diabetes_misaligned,ma_dr_bc,3000,0.0,20,2017300000,dml_real_benchmark_diabetes_misaligned_ma_dr_bc_n3000_s0_chunk20.reps.csv,cf0e276fe86dec19e78d42588934da9366be5c342f16017c5b210cd076bb8f49,2.0
m01-j0334,manifest.tsv,334,real_benchmark,diabetes_misaligned,ma_dr_bc,3000,0.0,21,2017400000,dml_real_benchmark_diabetes_misaligned_ma_dr_bc_n3000_s0_chunk21.reps.csv,f8bb016dae51fa30c58da557732de0ff9b8583ddd0d376e929afdabf7adeaea8,2.0
m01-j0335,manifest.tsv,335,real_benchmark,diabetes_misaligned,ma_dr_bc,3000,0.0,22,2017500000,dml_real_benchmark_diabetes_misaligned_ma_dr_bc_n3000_s0_chunk22.reps.csv,b8e5bc123850aea9c2440b4b946640096e2966a9ea8a7aab0d7b26e982b4dc90,2.0
m01-j0336,manifest.tsv,336,real_benchmark,diabetes_misaligned,ma_dr_bc,3000,0.0,23,2017600000,dml_real_benchmark_diabetes_misaligned_ma_dr_bc_n3000_s0_chunk23.reps.csv,e4041ead43ab284c16753b87099a65bb5a830146f262bd8d10e4ac1354d9345e,2.0
m01-j0337,manifest.tsv,337,real_benchmark,diabetes_misaligned,tmle,3000,0.0,0,2015300000,dml_real_benchmark_diabetes_misaligned_tmle_n3000_s0_chunk00.reps.csv,fcb6b8328765860d1be387b082a4aa0b139d250b747b25be60a9f05d51d2bbc2,2.0
m01-j0338,manifest.tsv,338,real_benchmark,diabetes_misaligned,tmle,3000,0.0,1,2015400000,dml_real_benchmark_diabetes_misaligned_tmle_n3000_s0_chunk01.reps.csv,b8748cb419eb6bcd39258487eb5b083fa4b9761a2a88ea9a326f24b1a313501c,2.0
m01-j0339,manifest.tsv,339,real_benchmark,diabetes_misaligned,tmle,3000,0.0,2,2015500000,dml_real_benchmark_diabetes_misaligned_tmle_n3000_s0_chunk02.reps.csv,f78c6dddc697e8d1c325d7aa546634420b6536c7fea486c69f7df4b61b46bf0f,2.0
m01-j0340,manifest.tsv,340,real_benchmark,diabetes_misaligned,tmle,3000,0.0,3,2015600000,dml_real_benchmark_diabetes_misaligned_tmle_n3000_s0_chunk03.reps.csv,0f8ec4c2da59b508bcd9419b3539b61098f974e4df42f5e8e29aa0017f2f8d56,2.0
m01-j0341,manifest.tsv,341,real_benchmark,diabetes_misaligned,tmle,3000,0.0,4,2015700000,dml_real_benchmark_diabetes_misaligned_tmle_n3000_s0_chunk04.reps.csv,482af99e2b3aa7602fd4875ea82612d86dd60dd4132775a24b176d8d9ab5ba9e,2.0
m01-j0342,manifest.tsv,342,real_benchmark,diabetes_misaligned,tmle,3000,0.0,5,2015800000,dml_real_benchmark_diabetes_misaligned_tmle_n3000_s0_chunk05.reps.csv,2241ed1974be0f29a02bca7dbc9fd35b90df1210742109e64c174cb18d6d688d,2.0
m01-j0343,manifest.tsv,343,real_benchmark,diabetes_misaligned,tmle,3000,0.0,6,2015900000,dml_real_benchmark_diabetes_misaligned_tmle_n3000_s0_chunk06.reps.csv,78e05102de7f4815082ac236aeeb5215ee1015780a66e54d33568cca096f419a,2.0
m01-j0344,manifest.tsv,344,real_benchmark,diabetes_misaligned,tmle,3000,0.0,7,2016000000,dml_real_benchmark_diabetes_misaligned_tmle_n3000_s0_chunk07.reps.csv,8a91d0868766fe24743110d3c54c422f52477ebfb00f75ca99a1883c0ad4c3a5,2.0
m01-j0345,manifest.tsv,345,real_benchmark,diabetes_misaligned,tmle,3000,0.0,8,2016100000,dml_real_benchmark_diabetes_misaligned_tmle_n3000_s0_chunk08.reps.csv,18496eb916e23f51893478346649683fa9c9cf3f0da26bc3112365ef5dae70db,2.0
m01-j0346,manifest.tsv,346,real_benchmark,diabetes_misaligned,tmle,3000,0.0,9,2016200000,dml_real_benchmark_diabetes_misaligned_tmle_n3000_s0_chunk09.reps.csv,a463ab429c6472d7423fe39dcba211145b3bb1ea27f11112ea7ec8e517c5405e,2.0
m01-j0347,manifest.tsv,347,real_benchmark,diabetes_misaligned,tmle,3000,0.0,10,2016300000,dml_real_benchmark_diabetes_misaligned_tmle_n3000_s0_chunk10.reps.csv,0830b32c10fe6ff1b0af53c6d88fdb1d823952b6a686c7fe260c27cfaf511a0a,2.0
m01-j0348,manifest.tsv,348,real_benchmark,diabetes_misaligned,tmle,3000,0.0,11,2016400000,dml_real_benchmark_diabetes_misaligned_tmle_n3000_s0_chunk11.reps.csv,9d2c2efdf98a5ac4a469eaeabe18a1bed618c1cc9fc4b405852aa14a73b477d3,2.0
m01-j0349,manifest.tsv,349,real_benchmark,diabetes_misaligned,tmle,3000,0.0,12,2016500000,dml_real_benchmark_diabetes_misaligned_tmle_n3000_s0_chunk12.reps.csv,51581af60de4d4b267cb43c68b030237c807bcd462e95ff05938c8754c7ff797,2.0
m01-j0350,manifest.tsv,350,real_benchmark,diabetes_misaligned,tmle,3000,0.0,13,2016600000,dml_real_benchmark_diabetes_misaligned_tmle_n3000_s0_chunk13.reps.csv,92a52796517ec71b936401c720ae1a08d80ea2fec2a3930a5cb8003f902c2d04,2.0
m01-j0351,manifest.tsv,351,real_benchmark,diabetes_misaligned,tmle,3000,0.0,14,2016700000,dml_real_benchmark_diabetes_misaligned_tmle_n3000_s0_chunk14.reps.csv,c4442fa6301a1d768c19152a446b8ef1ebc56817662f74449767c34f74ada741,2.0
m01-j0352,manifest.tsv,352,real_benchmark,diabetes_misaligned,tmle,3000,0.0,15,2016800000,dml_real_benchmark_diabetes_misaligned_tmle_n3000_s0_chunk15.reps.csv,99be0f736f4f2c353a5b678f190404f06de7bc7d634b009457e59411ff2e489f,2.0
m01-j0353,manifest.tsv,353,real_benchmark,diabetes_misaligned,tmle,3000,0.0,16,2016900000,dml_real_benchmark_diabetes_misaligned_tmle_n3000_s0_chunk16.reps.csv,9697c491c7281c09a3d657c68e1e450285799d693910df4be7760cbf774693d0,2.0
m01-j0354,manifest.tsv,354,real_benchmark,diabetes_misaligned,tmle,3000,0.0,17,2017000000,dml_real_benchmark_diabetes_misaligned_tmle_n3000_s0_chunk17.reps.csv,6ac3d762f896b4a8650354b4f59028e925657cdb2314418dfef79b061b47680c,2.0
m01-j0355,manifest.tsv,355,real_benchmark,diabetes_misaligned,tmle,3000,0.0,18,2017100000,dml_real_benchmark_diabetes_misaligned_tmle_n3000_s0_chunk18.reps.csv,d014d52ae79cfa838bb1025ae59654c69aa3eb94950bb3c8e7091a13cea1e83f,2.0
m01-j0356,manifest.tsv,356,real_benchmark,diabetes_misaligned,tmle,3000,0.0,19,2017200000,dml_real_benchmark_diabetes_misaligned_tmle_n3000_s0_chunk19.reps.csv,a58c321ebf47bc8e995c4073806a493d83e6853483486989b31e80950a345a5f,2.0
m01-j0357,manifest.tsv,357,real_benchmark,diabetes_misaligned,tmle,3000,0.0,20,2017300000,dml_real_benchmark_diabetes_misaligned_tmle_n3000_s0_chunk20.reps.csv,e7631e2e9ccebc80b99e6ead2166ccde06e4c9388d50d2e1d3f37ad358685f93,2.0
m01-j0358,manifest.tsv,358,real_benchmark,diabetes_misaligned,tmle,3000,0.0,21,2017400000,dml_real_benchmark_diabetes_misaligned_tmle_n3000_s0_chunk21.reps.csv,abed3c1f4b8184e44eadac288b81a5feff137b2d4a77d776b015908b4a02632e,2.0
m01-j0359,manifest.tsv,359,real_benchmark,diabetes_misaligned,tmle,3000,0.0,22,2017500000,dml_real_benchmark_diabetes_misaligned_tmle_n3000_s0_chunk22.reps.csv,33996eb4aa85c10a0103d9e5f30b6ccd7d60114d8a0dcb5278625a2e9247b689,2.0
m01-j0360,manifest.tsv,360,real_benchmark,diabetes_misaligned,tmle,3000,0.0,23,2017600000,dml_real_benchmark_diabetes_misaligned_tmle_n3000_s0_chunk23.reps.csv,c2bf05e5bff17abfb668d287531f819578b5248ac1b7499088cb39ee74f29b2f,2.0
m01-j0361,manifest.tsv,361,real_benchmark,diabetes_misaligned,aipw,3000,3.0,0,2017700000,dml_real_benchmark_diabetes_misaligned_aipw_n3000_s3_chunk00.reps.csv,31d542f48a786d18173355b0c0e7010abc69a19c1ab8f27b09d6b367f88ecaa8,2.0
m01-j0362,manifest.tsv,362,real_benchmark,diabetes_misaligned,aipw,3000,3.0,1,2017800000,dml_real_benchmark_diabetes_misaligned_aipw_n3000_s3_chunk01.reps.csv,bba9e9736f7cedb9e294a893c0bb2d5a4c2e2760e986a67d082848016f3d0a74,2.0
m01-j0363,manifest.tsv,363,real_benchmark,diabetes_misaligned,aipw,3000,3.0,2,2017900000,dml_real_benchmark_diabetes_misaligned_aipw_n3000_s3_chunk02.reps.csv,d1ad8ec74fd5fdddc5a42757390c3dc106a955e7923ea26a71e76e124d1fa0b2,2.0
m01-j0364,manifest.tsv,364,real_benchmark,diabetes_misaligned,aipw,3000,3.0,3,2018000000,dml_real_benchmark_diabetes_misaligned_aipw_n3000_s3_chunk03.reps.csv,bca48e323305e7055febef0919055e462f57e9a4db905782957417dcf28a247b,2.0
m01-j0365,manifest.tsv,365,real_benchmark,diabetes_misaligned,aipw,3000,3.0,4,2018100000,dml_real_benchmark_diabetes_misaligned_aipw_n3000_s3_chunk04.reps.csv,57650b25bf0cc7b68d87e718b9cd8b5f7313c5af9236f6cf6f3767710577f798,2.0
m01-j0366,manifest.tsv,366,real_benchmark,diabetes_misaligned,aipw,3000,3.0,5,2018200000,dml_real_benchmark_diabetes_misaligned_aipw_n3000_s3_chunk05.reps.csv,234585019199a0b95e774f862486f15a1deed8f57cf0c31c87bd7aff8bc8d791,2.0
m01-j0367,manifest.tsv,367,real_benchmark,diabetes_misaligned,aipw,3000,3.0,6,2018300000,dml_real_benchmark_diabetes_misaligned_aipw_n3000_s3_chunk06.reps.csv,3874a3f62c3aa3e4078519873fc3f2d52ec05a04127a2dd832ea8724d4937011,2.0
m01-j0368,manifest.tsv,368,real_benchmark,diabetes_misaligned,aipw,3000,3.0,7,2018400000,dml_real_benchmark_diabetes_misaligned_aipw_n3000_s3_chunk07.reps.csv,8958f43044a1b5e0fc303b4b69d6d5f5845a826a2755a8717683c49622cf8277,2.0
m01-j0369,manifest.tsv,369,real_benchmark,diabetes_misaligned,aipw,3000,3.0,8,2018500000,dml_real_benchmark_diabetes_misaligned_aipw_n3000_s3_chunk08.reps.csv,8dff2216f0692ecf85e9d40de9699b159240e481cf6e4dfd460ebdeb29105eea,2.0
m01-j0370,manifest.tsv,370,real_benchmark,diabetes_misaligned,aipw,3000,3.0,9,2018600000,dml_real_benchmark_diabetes_misaligned_aipw_n3000_s3_chunk09.reps.csv,5de84293f6b5ab5c826c51d81c961acaa9d5e2f99055dfa210344be77f2109d6,2.0
m01-j0371,manifest.tsv,371,real_benchmark,diabetes_misaligned,aipw,3000,3.0,10,2018700000,dml_real_benchmark_diabetes_misaligned_aipw_n3000_s3_chunk10.reps.csv,947f9d9f862fe4cc93b5f43a9654fb5c97276bcd207bd245f80711678dc97d0d,2.0
m01-j0372,manifest.tsv,372,real_benchmark,diabetes_misaligned,aipw,3000,3.0,11,2018800000,dml_real_benchmark_diabetes_misaligned_aipw_n3000_s3_chunk11.reps.csv,75731ea1746c481ca432b712bf76c6365b12fcb1898f8e7bb2b17f46054c294a,2.0
m01-j0373,manifest.tsv,373,real_benchmark,diabetes_misaligned,aipw,3000,3.0,12,2018900000,dml_real_benchmark_diabetes_misaligned_aipw_n3000_s3_chunk12.reps.csv,2161e5858783649edb2a9c7fefaf1d56f06f6bb0ef12f219e59c35cc31dc00e8,2.0
m01-j0374,manifest.tsv,374,real_benchmark,diabetes_misaligned,aipw,3000,3.0,13,2019000000,dml_real_benchmark_diabetes_misaligned_aipw_n3000_s3_chunk13.reps.csv,65ae5dfad6529ebbdcb39bc1ee140083223256e6ddcd10c4fcb7360438748007,2.0
m01-j0375,manifest.tsv,375,real_benchmark,diabetes_misaligned,aipw,3000,3.0,14,2019100000,dml_real_benchmark_diabetes_misaligned_aipw_n3000_s3_chunk14.reps.csv,8596f6fa017e11dd3e00f7f6aa90a8f62d12007fce780b2d5913d758eae1d346,2.0
m01-j0376,manifest.tsv,376,real_benchmark,diabetes_misaligned,aipw,3000,3.0,15,2019200000,dml_real_benchmark_diabetes_misaligned_aipw_n3000_s3_chunk15.reps.csv,794510b21c8cf40664b685c99be0ea7efeab292916c34e02492222ecf81d0a81,2.0
m01-j0377,manifest.tsv,377,real_benchmark,diabetes_misaligned,aipw,3000,3.0,16,2019300000,dml_real_benchmark_diabetes_misaligned_aipw_n3000_s3_chunk16.reps.csv,22d7b3524de3c98b1d8b953da4c6af3621142102ace6f3c54b1cd254a40148a3,2.0
m01-j0378,manifest.tsv,378,real_benchmark,diabetes_misaligned,aipw,3000,3.0,17,2019400000,dml_real_benchmark_diabetes_misaligned_aipw_n3000_s3_chunk17.reps.csv,46fa5624168773531e16ca62815407c2671f0349cfc065b3e9fc5d059a78f96d,2.0
m01-j0379,manifest.tsv,379,real_benchmark,diabetes_misaligned,aipw,3000,3.0,18,2019500000,dml_real_benchmark_diabetes_misaligned_aipw_n3000_s3_chunk18.reps.csv,bac483368b53981e57dd5e89c7aa03e32f698cc65775dd551505366a1d7bd658,2.0
m01-j0380,manifest.tsv,380,real_benchmark,diabetes_misaligned,aipw,3000,3.0,19,2019600000,dml_real_benchmark_diabetes_misaligned_aipw_n3000_s3_chunk19.reps.csv,a0a896c8732657f1debdd0e9c1d2e6a5edadbf283e9a9c58c764320bcfa7bcff,2.0
m01-j0381,manifest.tsv,381,real_benchmark,diabetes_misaligned,aipw,3000,3.0,20,2019700000,dml_real_benchmark_diabetes_misaligned_aipw_n3000_s3_chunk20.reps.csv,231d73b41576dd4ba9f4b6d45a1c52fdd1a6b4ac7053bdbeefbc04636e33df1b,2.0
m01-j0382,manifest.tsv,382,real_benchmark,diabetes_misaligned,aipw,3000,3.0,21,2019800000,dml_real_benchmark_diabetes_misaligned_aipw_n3000_s3_chunk21.reps.csv,3e144b53cc87cb8d129128c1fe704d7f3c3e52f0114490cbffb4d94a5d41389d,2.0
m01-j0383,manifest.tsv,383,real_benchmark,diabetes_misaligned,aipw,3000,3.0,22,2019900000,dml_real_benchmark_diabetes_misaligned_aipw_n3000_s3_chunk22.reps.csv,3a5b5e035ab1fb786713d4e4f7447f0a3eda7abbe29a71e4716ad27e8bdeac70,2.0
m01-j0384,manifest.tsv,384,real_benchmark,diabetes_misaligned,aipw,3000,3.0,23,2020000000,dml_real_benchmark_diabetes_misaligned_aipw_n3000_s3_chunk23.reps.csv,6916b66473ef4f82f7196f3f114ccf204237ac62ba701da7514126079ea8ce70,2.0
m01-j0385,manifest.tsv,385,real_benchmark,diabetes_misaligned,ctmle,3000,3.0,0,2017700000,dml_real_benchmark_diabetes_misaligned_ctmle_n3000_s3_chunk00.reps.csv,22dc97dfc2cb4b7a5a6fd37ba780649d5bb2421b2b924761a0808a83522548a1,2.0
m01-j0386,manifest.tsv,386,real_benchmark,diabetes_misaligned,ctmle,3000,3.0,1,2017800000,dml_real_benchmark_diabetes_misaligned_ctmle_n3000_s3_chunk01.reps.csv,555250bb2b1954116bc098e040c697ae6a097db61ffcc0eae1a29b5de3891062,2.0
m01-j0387,manifest.tsv,387,real_benchmark,diabetes_misaligned,ctmle,3000,3.0,2,2017900000,dml_real_benchmark_diabetes_misaligned_ctmle_n3000_s3_chunk02.reps.csv,6c5157425ef6ddda18beb51243bebac1f8ad687018e22bfae2e0607420d37704,2.0
m01-j0388,manifest.tsv,388,real_benchmark,diabetes_misaligned,ctmle,3000,3.0,3,2018000000,dml_real_benchmark_diabetes_misaligned_ctmle_n3000_s3_chunk03.reps.csv,3e1a3dbd5af2d0656e692438a125d12651b9904fd694c2063e6e4cc233e92c00,2.0
m01-j0389,manifest.tsv,389,real_benchmark,diabetes_misaligned,ctmle,3000,3.0,4,2018100000,dml_real_benchmark_diabetes_misaligned_ctmle_n3000_s3_chunk04.reps.csv,3ca7d7e6cda5780a74534150ca5617427ef2c3d94bc066b2e798a70dda59f65e,2.0
m01-j0390,manifest.tsv,390,real_benchmark,diabetes_misaligned,ctmle,3000,3.0,5,2018200000,dml_real_benchmark_diabetes_misaligned_ctmle_n3000_s3_chunk05.reps.csv,08d815d5e1da4a8a6edd160105b54567c7e94bc4e12a30555f2fd602b954d5f2,2.0
m01-j0391,manifest.tsv,391,real_benchmark,diabetes_misaligned,ctmle,3000,3.0,6,2018300000,dml_real_benchmark_diabetes_misaligned_ctmle_n3000_s3_chunk06.reps.csv,0c7d7011ffb701d03d103d07c74606259ed7d179d7deb58426e7a93c41e0c076,2.0
m01-j0392,manifest.tsv,392,real_benchmark,diabetes_misaligned,ctmle,3000,3.0,7,2018400000,dml_real_benchmark_diabetes_misaligned_ctmle_n3000_s3_chunk07.reps.csv,72fd0f298992287ee3a0dad4a5b308cf8d6208de60c5494b32f83a790a08957d,2.0
m01-j0393,manifest.tsv,393,real_benchmark,diabetes_misaligned,ctmle,3000,3.0,8,2018500000,dml_real_benchmark_diabetes_misaligned_ctmle_n3000_s3_chunk08.reps.csv,8255c0f7c3fc2d2258fd8852c160e903911f849ec79306d240e3122d6bac27fd,2.0
m01-j0394,manifest.tsv,394,real_benchmark,diabetes_misaligned,ctmle,3000,3.0,9,2018600000,dml_real_benchmark_diabetes_misaligned_ctmle_n3000_s3_chunk09.reps.csv,47208f02f9761ac7e0c268c5c8cb5b0309f3283b6af59492799d5ad4080f71ce,2.0
m01-j0395,manifest.tsv,395,real_benchmark,diabetes_misaligned,ctmle,3000,3.0,10,2018700000,dml_real_benchmark_diabetes_misaligned_ctmle_n3000_s3_chunk10.reps.csv,1bf6c5f7b338ba49468b98ea2cb670d251c79db7b64bfd83570149ffc227f708,2.0
m01-j0396,manifest.tsv,396,real_benchmark,diabetes_misaligned,ctmle,3000,3.0,11,2018800000,dml_real_benchmark_diabetes_misaligned_ctmle_n3000_s3_chunk11.reps.csv,663d988f403556b4179faeac6d936ee2fb5268340c54720e3e9047498c931a3c,2.0
m01-j0397,manifest.tsv,397,real_benchmark,diabetes_misaligned,ctmle,3000,3.0,12,2018900000,dml_real_benchmark_diabetes_misaligned_ctmle_n3000_s3_chunk12.reps.csv,6eeee7c4d9872a0dac110ffef3c7e38daeb7b1af0e0a8fc201ed7df336be3153,2.0
m01-j0398,manifest.tsv,398,real_benchmark,diabetes_misaligned,ctmle,3000,3.0,13,2019000000,dml_real_benchmark_diabetes_misaligned_ctmle_n3000_s3_chunk13.reps.csv,014d761c3bcac4094dac225dc051a087d5cb5cbe3a2c4c57b0eb000c4694fefa,2.0
m01-j0399,manifest.tsv,399,real_benchmark,diabetes_misaligned,ctmle,3000,3.0,14,2019100000,dml_real_benchmark_diabetes_misaligned_ctmle_n3000_s3_chunk14.reps.csv,9dfd66ef9f4d29dc99c3c299cfcc314aa53f808c29b595ecdac5b4275e5cc87f,2.0
m01-j0400,manifest.tsv,400,real_benchmark,diabetes_misaligned,ctmle,3000,3.0,15,2019200000,dml_real_benchmark_diabetes_misaligned_ctmle_n3000_s3_chunk15.reps.csv,da53ab426fc24766fa3d952f9804088ab3e29157484389b74dc6b7727528c6c6,2.0
m01-j0401,manifest.tsv,401,real_benchmark,diabetes_misaligned,ctmle,3000,3.0,16,2019300000,dml_real_benchmark_diabetes_misaligned_ctmle_n3000_s3_chunk16.reps.csv,a1626dac54a036344feb0cd18fc844e7952610d8bd00fe575f0847fdbc565900,2.0
m01-j0402,manifest.tsv,402,real_benchmark,diabetes_misaligned,ctmle,3000,3.0,17,2019400000,dml_real_benchmark_diabetes_misaligned_ctmle_n3000_s3_chunk17.reps.csv,e60449d013c55339754df38b28171417c5f37b80e039834ae603d07065b7f467,2.0
m01-j0403,manifest.tsv,403,real_benchmark,diabetes_misaligned,ctmle,3000,3.0,18,2019500000,dml_real_benchmark_diabetes_misaligned_ctmle_n3000_s3_chunk18.reps.csv,04d395298f21f1fe683e9250b5ca00b196438680631b879aa408ae85db127811,2.0
m01-j0404,manifest.tsv,404,real_benchmark,diabetes_misaligned,ctmle,3000,3.0,19,2019600000,dml_real_benchmark_diabetes_misaligned_ctmle_n3000_s3_chunk19.reps.csv,0c6d220c5c76db3c1401a2dc48b4e440bea4000a3afcceb0ef04dd159844007d,2.0
m01-j0405,manifest.tsv,405,real_benchmark,diabetes_misaligned,ctmle,3000,3.0,20,2019700000,dml_real_benchmark_diabetes_misaligned_ctmle_n3000_s3_chunk20.reps.csv,108e2342131debe9141b1ace3b320b6dfd957cde68322afa46472d486092da79,2.0
m01-j0406,manifest.tsv,406,real_benchmark,diabetes_misaligned,ctmle,3000,3.0,21,2019800000,dml_real_benchmark_diabetes_misaligned_ctmle_n3000_s3_chunk21.reps.csv,51eb107538021ade1bcdfec1c08216008e103b7bec5f4bb9803c2cd811d9e29e,2.0
m01-j0407,manifest.tsv,407,real_benchmark,diabetes_misaligned,ctmle,3000,3.0,22,2019900000,dml_real_benchmark_diabetes_misaligned_ctmle_n3000_s3_chunk22.reps.csv,aa36ae26fef141cb55160d89899489e411aa42c8716677ad131b32aaffc622b4,2.0
m01-j0408,manifest.tsv,408,real_benchmark,diabetes_misaligned,ctmle,3000,3.0,23,2020000000,dml_real_benchmark_diabetes_misaligned_ctmle_n3000_s3_chunk23.reps.csv,8fde21d20bd5c6fbe88f5d8217670374ce17a4c0301e56358a058e68bb55e430,2.0
m01-j0409,manifest.tsv,409,real_benchmark,diabetes_misaligned,cui_selective_ml,3000,3.0,0,2017700000,dml_real_benchmark_diabetes_misaligned_cui_selective_ml_n3000_s3_chunk00.reps.csv,d0cad4c02df134e889c6da5c9f9986eb3a5320d5568beced3c619d5a5f429689,2.0
m01-j0410,manifest.tsv,410,real_benchmark,diabetes_misaligned,cui_selective_ml,3000,3.0,1,2017800000,dml_real_benchmark_diabetes_misaligned_cui_selective_ml_n3000_s3_chunk01.reps.csv,4b68d72e8ef99de354739200261fc7612710f32de80bff5ce62ac3dc6f58f253,2.0
m01-j0411,manifest.tsv,411,real_benchmark,diabetes_misaligned,cui_selective_ml,3000,3.0,2,2017900000,dml_real_benchmark_diabetes_misaligned_cui_selective_ml_n3000_s3_chunk02.reps.csv,feff348fd39a99ce9ae9ca1c12c123f94959ac5b464bd4e9374cc6cbbae62074,2.0
m01-j0412,manifest.tsv,412,real_benchmark,diabetes_misaligned,cui_selective_ml,3000,3.0,3,2018000000,dml_real_benchmark_diabetes_misaligned_cui_selective_ml_n3000_s3_chunk03.reps.csv,46564d4ad2e6ef707dc1bedb840b64181dac8118bfc9d1164b762c75ec79b9f3,2.0
m01-j0413,manifest.tsv,413,real_benchmark,diabetes_misaligned,cui_selective_ml,3000,3.0,4,2018100000,dml_real_benchmark_diabetes_misaligned_cui_selective_ml_n3000_s3_chunk04.reps.csv,6ffc932abb53e6a0160f14a4a3899f163da94d216ee3aad2ad419d12163008c6,2.0
m01-j0414,manifest.tsv,414,real_benchmark,diabetes_misaligned,cui_selective_ml,3000,3.0,5,2018200000,dml_real_benchmark_diabetes_misaligned_cui_selective_ml_n3000_s3_chunk05.reps.csv,f0c710129a62725b4569bf874a415d4ce7b4361fb7da028837aa1b20074af556,2.0
m01-j0415,manifest.tsv,415,real_benchmark,diabetes_misaligned,cui_selective_ml,3000,3.0,6,2018300000,dml_real_benchmark_diabetes_misaligned_cui_selective_ml_n3000_s3_chunk06.reps.csv,8afb12ee475bacbed3bf8c1d27cfd08a187e50fd5c8172e2648052f44fa45487,2.0
m01-j0416,manifest.tsv,416,real_benchmark,diabetes_misaligned,cui_selective_ml,3000,3.0,7,2018400000,dml_real_benchmark_diabetes_misaligned_cui_selective_ml_n3000_s3_chunk07.reps.csv,fb428d9d27ce35d5b10bf8be90da3e9805acba6df892f4e02e4706be4d442878,2.0
m01-j0417,manifest.tsv,417,real_benchmark,diabetes_misaligned,cui_selective_ml,3000,3.0,8,2018500000,dml_real_benchmark_diabetes_misaligned_cui_selective_ml_n3000_s3_chunk08.reps.csv,519e6eabb9c9dbb9e0d8b5364c88214a9ebed7772c18d6ad8d9f4d968122835a,2.0
m01-j0418,manifest.tsv,418,real_benchmark,diabetes_misaligned,cui_selective_ml,3000,3.0,9,2018600000,dml_real_benchmark_diabetes_misaligned_cui_selective_ml_n3000_s3_chunk09.reps.csv,6eabcab9d8d2537f49346a7c7804a06b98ed076f7c86b7a7ea205d2feea6da20,2.0
m01-j0419,manifest.tsv,419,real_benchmark,diabetes_misaligned,cui_selective_ml,3000,3.0,10,2018700000,dml_real_benchmark_diabetes_misaligned_cui_selective_ml_n3000_s3_chunk10.reps.csv,dbbcbeed732be505d6a7aa5379dd76ec8b9e5803be74469f03f814405d0e9d41,2.0
m01-j0420,manifest.tsv,420,real_benchmark,diabetes_misaligned,cui_selective_ml,3000,3.0,11,2018800000,dml_real_benchmark_diabetes_misaligned_cui_selective_ml_n3000_s3_chunk11.reps.csv,cfbfe7c7fae7b0de0ff5cc7a7c48538e828128392296ffd1d5f566e3e8c89ac5,2.0
m01-j0421,manifest.tsv,421,real_benchmark,diabetes_misaligned,cui_selective_ml,3000,3.0,12,2018900000,dml_real_benchmark_diabetes_misaligned_cui_selective_ml_n3000_s3_chunk12.reps.csv,d9e0f06be9eb07e86acf3069894caba4cbf57ddf58be929f4efe01237600fdcd,2.0
m01-j0422,manifest.tsv,422,real_benchmark,diabetes_misaligned,cui_selective_ml,3000,3.0,13,2019000000,dml_real_benchmark_diabetes_misaligned_cui_selective_ml_n3000_s3_chunk13.reps.csv,3e4d7354f9004e1ccd5fe55664bccd49b3c25c383c34c8d692d68c04eff2b6da,2.0
m01-j0423,manifest.tsv,423,real_benchmark,diabetes_misaligned,cui_selective_ml,3000,3.0,14,2019100000,dml_real_benchmark_diabetes_misaligned_cui_selective_ml_n3000_s3_chunk14.reps.csv,aa7d57d035f2bad3f370507a6b7cd675242460150b667132fff5b99f4d251d7f,2.0
m01-j0424,manifest.tsv,424,real_benchmark,diabetes_misaligned,cui_selective_ml,3000,3.0,15,2019200000,dml_real_benchmark_diabetes_misaligned_cui_selective_ml_n3000_s3_chunk15.reps.csv,27dba352da6178b863a3eff9121782c5a2088c8c8f7a8148e80b6c0a05fca3ea,2.0
m01-j0425,manifest.tsv,425,real_benchmark,diabetes_misaligned,cui_selective_ml,3000,3.0,16,2019300000,dml_real_benchmark_diabetes_misaligned_cui_selective_ml_n3000_s3_chunk16.reps.csv,aa855f836ae04ad358b153257d8a702ecfdb50868d89ebc027d5214c84aad8d7,2.0
m01-j0426,manifest.tsv,426,real_benchmark,diabetes_misaligned,cui_selective_ml,3000,3.0,17,2019400000,dml_real_benchmark_diabetes_misaligned_cui_selective_ml_n3000_s3_chunk17.reps.csv,c3c6a4b480b72b3044cecd7a0bfdd29d23d2573ec984be11cdd592d2f0dc12c9,2.0
m01-j0427,manifest.tsv,427,real_benchmark,diabetes_misaligned,cui_selective_ml,3000,3.0,18,2019500000,dml_real_benchmark_diabetes_misaligned_cui_selective_ml_n3000_s3_chunk18.reps.csv,e8848422158ab896953738628907677b6f5ba17cc0bd4ed3349e053bac78a8e9,2.0
m01-j0428,manifest.tsv,428,real_benchmark,diabetes_misaligned,cui_selective_ml,3000,3.0,19,2019600000,dml_real_benchmark_diabetes_misaligned_cui_selective_ml_n3000_s3_chunk19.reps.csv,81722eaef5d24866095da4f11c473a532ba63c3618dd7c83cd4764e0d00fcf70,2.0
m01-j0429,manifest.tsv,429,real_benchmark,diabetes_misaligned,cui_selective_ml,3000,3.0,20,2019700000,dml_real_benchmark_diabetes_misaligned_cui_selective_ml_n3000_s3_chunk20.reps.csv,10d46155227b5b46b7b725bf87ff36941994bab92f7d16b8096ff5c94ed1a851,2.0
m01-j0430,manifest.tsv,430,real_benchmark,diabetes_misaligned,cui_selective_ml,3000,3.0,21,2019800000,dml_real_benchmark_diabetes_misaligned_cui_selective_ml_n3000_s3_chunk21.reps.csv,06419035c36daae6c46a4f4baadc822749baad20479e1dd48cdc338c91b4bc20,2.0
m01-j0431,manifest.tsv,431,real_benchmark,diabetes_misaligned,cui_selective_ml,3000,3.0,22,2019900000,dml_real_benchmark_diabetes_misaligned_cui_selective_ml_n3000_s3_chunk22.reps.csv,6d1dc71ac15d0511fdeca45b0470135c71dceeb1d52911b3825a1cdde7e8b0dc,2.0
m01-j0432,manifest.tsv,432,real_benchmark,diabetes_misaligned,cui_selective_ml,3000,3.0,23,2020000000,dml_real_benchmark_diabetes_misaligned_cui_selective_ml_n3000_s3_chunk23.reps.csv,40aa3a41e5345ec4685c3061d7fff8d35ae92949fb10841c557941adcd12f167,2.0
m01-j0433,manifest.tsv,433,real_benchmark,diabetes_misaligned,ma_dr_bc,3000,3.0,0,2017700000,dml_real_benchmark_diabetes_misaligned_ma_dr_bc_n3000_s3_chunk00.reps.csv,fb917b826072ae5c55bb0aa315684d46778fd3c42722d86d9d4458bd0b3a9631,2.0
m01-j0434,manifest.tsv,434,real_benchmark,diabetes_misaligned,ma_dr_bc,3000,3.0,1,2017800000,dml_real_benchmark_diabetes_misaligned_ma_dr_bc_n3000_s3_chunk01.reps.csv,f7e8eca477cf682c08d70d5daa1cce6edddfc2aa72f18650aa74b94ca6bd74a9,2.0
m01-j0435,manifest.tsv,435,real_benchmark,diabetes_misaligned,ma_dr_bc,3000,3.0,2,2017900000,dml_real_benchmark_diabetes_misaligned_ma_dr_bc_n3000_s3_chunk02.reps.csv,bfb625e601d9129e65998380ed5ac4ef2a2fb01be58bf97d5d085925738bff21,2.0
m01-j0436,manifest.tsv,436,real_benchmark,diabetes_misaligned,ma_dr_bc,3000,3.0,3,2018000000,dml_real_benchmark_diabetes_misaligned_ma_dr_bc_n3000_s3_chunk03.reps.csv,bc338f4cb02d5d7f4d23ecbb05d84a6b200da16c405bde700ec88fdf8030d8d5,2.0
m01-j0437,manifest.tsv,437,real_benchmark,diabetes_misaligned,ma_dr_bc,3000,3.0,4,2018100000,dml_real_benchmark_diabetes_misaligned_ma_dr_bc_n3000_s3_chunk04.reps.csv,1588301f9650a01af0bb73aac65670be7694ce79aa5f7a2ec242578fbad161ab,2.0
m01-j0438,manifest.tsv,438,real_benchmark,diabetes_misaligned,ma_dr_bc,3000,3.0,5,2018200000,dml_real_benchmark_diabetes_misaligned_ma_dr_bc_n3000_s3_chunk05.reps.csv,80166babd019d971a69e86ea2f34d3f29759620632cd51e7c2a6eed4053b8430,2.0
m01-j0439,manifest.tsv,439,real_benchmark,diabetes_misaligned,ma_dr_bc,3000,3.0,6,2018300000,dml_real_benchmark_diabetes_misaligned_ma_dr_bc_n3000_s3_chunk06.reps.csv,4f677e9d54d2c56299cd5607348b21e989b7812608139b50647a23ee5c09d369,2.0
m01-j0440,manifest.tsv,440,real_benchmark,diabetes_misaligned,ma_dr_bc,3000,3.0,7,2018400000,dml_real_benchmark_diabetes_misaligned_ma_dr_bc_n3000_s3_chunk07.reps.csv,af6365081783068c9534166d14371ecf4e3eef326b5f8bfd726648903c05142a,2.0
m01-j0441,manifest.tsv,441,real_benchmark,diabetes_misaligned,ma_dr_bc,3000,3.0,8,2018500000,dml_real_benchmark_diabetes_misaligned_ma_dr_bc_n3000_s3_chunk08.reps.csv,61b702aed314367b48cbf75a2e406a09be7b55896461d7d93d16e762d75b8b71,2.0
m01-j0442,manifest.tsv,442,real_benchmark,diabetes_misaligned,ma_dr_bc,3000,3.0,9,2018600000,dml_real_benchmark_diabetes_misaligned_ma_dr_bc_n3000_s3_chunk09.reps.csv,b85a77176dcb3b724bb17acc8c649f57e0847fe68a923af2b9c319d93cb70dea,2.0
m01-j0443,manifest.tsv,443,real_benchmark,diabetes_misaligned,ma_dr_bc,3000,3.0,10,2018700000,dml_real_benchmark_diabetes_misaligned_ma_dr_bc_n3000_s3_chunk10.reps.csv,d6082b447f852f365022d8925022f138780b02acfac1bbfca75f5da9d79aecf5,2.0
m01-j0444,manifest.tsv,444,real_benchmark,diabetes_misaligned,ma_dr_bc,3000,3.0,11,2018800000,dml_real_benchmark_diabetes_misaligned_ma_dr_bc_n3000_s3_chunk11.reps.csv,e7b7415775df0e3666222f64652a196cdad3beb93ac692a11a975b42e59b3cb7,2.0
m01-j0445,manifest.tsv,445,real_benchmark,diabetes_misaligned,ma_dr_bc,3000,3.0,12,2018900000,dml_real_benchmark_diabetes_misaligned_ma_dr_bc_n3000_s3_chunk12.reps.csv,de06eb2f4859b83d4d78c145f7f3d524c6a62b6e813d9334e5b6beea6dd72cd2,2.0
m01-j0446,manifest.tsv,446,real_benchmark,diabetes_misaligned,ma_dr_bc,3000,3.0,13,2019000000,dml_real_benchmark_diabetes_misaligned_ma_dr_bc_n3000_s3_chunk13.reps.csv,ca8ff6bf03ff467a2dff6402834f1547faa1b22113c9db466daae5f7347ff279,2.0
m01-j0447,manifest.tsv,447,real_benchmark,diabetes_misaligned,ma_dr_bc,3000,3.0,14,2019100000,dml_real_benchmark_diabetes_misaligned_ma_dr_bc_n3000_s3_chunk14.reps.csv,db4c7b668510d6a89aaeb348ccdd9490e7a30ce54f4deeb284970e51e706e4b2,2.0
m01-j0448,manifest.tsv,448,real_benchmark,diabetes_misaligned,ma_dr_bc,3000,3.0,15,2019200000,dml_real_benchmark_diabetes_misaligned_ma_dr_bc_n3000_s3_chunk15.reps.csv,f50ae98ca44e0309fdc07044fdede70df150a19350eeb67cc204d38db497516d,2.0
m01-j0449,manifest.tsv,449,real_benchmark,diabetes_misaligned,ma_dr_bc,3000,3.0,16,2019300000,dml_real_benchmark_diabetes_misaligned_ma_dr_bc_n3000_s3_chunk16.reps.csv,796840402df9d1a89011af57b84b85ea6641bf984ffe77e7f8f4b66af7ebac20,2.0
m01-j0450,manifest.tsv,450,real_benchmark,diabetes_misaligned,ma_dr_bc,3000,3.0,17,2019400000,dml_real_benchmark_diabetes_misaligned_ma_dr_bc_n3000_s3_chunk17.reps.csv,448fc7c138e8d8967c7a64e9b3d99a7a57a241a4a5c5903d2dd4aae0f6d57102,2.0
m01-j0451,manifest.tsv,451,real_benchmark,diabetes_misaligned,ma_dr_bc,3000,3.0,18,2019500000,dml_real_benchmark_diabetes_misaligned_ma_dr_bc_n3000_s3_chunk18.reps.csv,71787bd21737c87bdcca191d2382d4b20e6cde8209da3653a8688c996bb5b763,2.0
m01-j0452,manifest.tsv,452,real_benchmark,diabetes_misaligned,ma_dr_bc,3000,3.0,19,2019600000,dml_real_benchmark_diabetes_misaligned_ma_dr_bc_n3000_s3_chunk19.reps.csv,2432837cefb661632e00f41a4331f41f1780501e27ae3431f75da4d9df9e8866,2.0
m01-j0453,manifest.tsv,453,real_benchmark,diabetes_misaligned,ma_dr_bc,3000,3.0,20,2019700000,dml_real_benchmark_diabetes_misaligned_ma_dr_bc_n3000_s3_chunk20.reps.csv,9d7850dbeea84ceb3bae4f4f50b3c9ad905b147ddef2798c1e28003f7871359f,2.0
m01-j0454,manifest.tsv,454,real_benchmark,diabetes_misaligned,ma_dr_bc,3000,3.0,21,2019800000,dml_real_benchmark_diabetes_misaligned_ma_dr_bc_n3000_s3_chunk21.reps.csv,5854b461aa5acbd029bf531c0cee67860629f6277453ef46e38356cac7c307f3,2.0
m01-j0455,manifest.tsv,455,real_benchmark,diabetes_misaligned,ma_dr_bc,3000,3.0,22,2019900000,dml_real_benchmark_diabetes_misaligned_ma_dr_bc_n3000_s3_chunk22.reps.csv,05a1edd21a3162e23bf06a0ee5930ddc256d6e572c3239a088f1869f801919d1,2.0
m01-j0456,manifest.tsv,456,real_benchmark,diabetes_misaligned,ma_dr_bc,3000,3.0,23,2020000000,dml_real_benchmark_diabetes_misaligned_ma_dr_bc_n3000_s3_chunk23.reps.csv,6d995c692087c85f61ca00b2f61b7d3e0dfd7822abd3ce525c79a2fd94e0d340,2.0
m01-j0457,manifest.tsv,457,real_benchmark,diabetes_misaligned,tmle,3000,3.0,0,2017700000,dml_real_benchmark_diabetes_misaligned_tmle_n3000_s3_chunk00.reps.csv,0f9c651f3a6ffa5c59aa051e24d474927255abbb086d2134712c9c878aae76ea,2.0
m01-j0458,manifest.tsv,458,real_benchmark,diabetes_misaligned,tmle,3000,3.0,1,2017800000,dml_real_benchmark_diabetes_misaligned_tmle_n3000_s3_chunk01.reps.csv,8782fe2e243d5fbae3201abf430b2a3533126e60b0abd76a18b179e29d032741,2.0
m01-j0459,manifest.tsv,459,real_benchmark,diabetes_misaligned,tmle,3000,3.0,2,2017900000,dml_real_benchmark_diabetes_misaligned_tmle_n3000_s3_chunk02.reps.csv,4efea330710424f62171254f469f68d3da875357e3c400aa3016678784557dd5,2.0
m01-j0460,manifest.tsv,460,real_benchmark,diabetes_misaligned,tmle,3000,3.0,3,2018000000,dml_real_benchmark_diabetes_misaligned_tmle_n3000_s3_chunk03.reps.csv,ee23fc443946a6c971ace2ab2895e1fd3466d6359e4cae3e1fae1218247cdae0,2.0
m01-j0461,manifest.tsv,461,real_benchmark,diabetes_misaligned,tmle,3000,3.0,4,2018100000,dml_real_benchmark_diabetes_misaligned_tmle_n3000_s3_chunk04.reps.csv,0be5184ee105ccb855ba0ab0ed2ed5716d1a153ba0b78ac4195e0de2524fa670,2.0
m01-j0462,manifest.tsv,462,real_benchmark,diabetes_misaligned,tmle,3000,3.0,5,2018200000,dml_real_benchmark_diabetes_misaligned_tmle_n3000_s3_chunk05.reps.csv,c35ea0d76f6ffc65bb028506561ccf82c22b462bd6605d8b3e7a983f78b0c0ac,2.0
m01-j0463,manifest.tsv,463,real_benchmark,diabetes_misaligned,tmle,3000,3.0,6,2018300000,dml_real_benchmark_diabetes_misaligned_tmle_n3000_s3_chunk06.reps.csv,d36f468baeb603062082137731db477b205bd28adc269e8cb3489b49394087e1,2.0
m01-j0464,manifest.tsv,464,real_benchmark,diabetes_misaligned,tmle,3000,3.0,7,2018400000,dml_real_benchmark_diabetes_misaligned_tmle_n3000_s3_chunk07.reps.csv,2b3bb5124f5eda144273297ebd22927e05926de6cce5fcdc4043a3705fe56ee5,2.0
m01-j0465,manifest.tsv,465,real_benchmark,diabetes_misaligned,tmle,3000,3.0,8,2018500000,dml_real_benchmark_diabetes_misaligned_tmle_n3000_s3_chunk08.reps.csv,1d7d6bdf47f6e170d28848080c388bb53ea52c3cb136e6c25fcfb9c1f7aab7fd,2.0
m01-j0466,manifest.tsv,466,real_benchmark,diabetes_misaligned,tmle,3000,3.0,9,2018600000,dml_real_benchmark_diabetes_misaligned_tmle_n3000_s3_chunk09.reps.csv,07220f42c138bf0b59cbc66f989087a853372a16a9c3c0affdac5dc4592f9169,2.0
m01-j0467,manifest.tsv,467,real_benchmark,diabetes_misaligned,tmle,3000,3.0,10,2018700000,dml_real_benchmark_diabetes_misaligned_tmle_n3000_s3_chunk10.reps.csv,c621eca0f8956fd2841aac71d9651d2e8ea9cb8ef972829d820e4e6c1f17f110,2.0
m01-j0468,manifest.tsv,468,real_benchmark,diabetes_misaligned,tmle,3000,3.0,11,2018800000,dml_real_benchmark_diabetes_misaligned_tmle_n3000_s3_chunk11.reps.csv,38de083503fba57d63ff78c249f3cf495a2f45e8e2ed8fbf3277b39ac71843b9,2.0
m01-j0469,manifest.tsv,469,real_benchmark,diabetes_misaligned,tmle,3000,3.0,12,2018900000,dml_real_benchmark_diabetes_misaligned_tmle_n3000_s3_chunk12.reps.csv,2ee0a8e45fb8cd3ac5c87ebbe2cbe0d098e7b0618d0f012970cf7cb6a9b17d4e,2.0
m01-j0470,manifest.tsv,470,real_benchmark,diabetes_misaligned,tmle,3000,3.0,13,2019000000,dml_real_benchmark_diabetes_misaligned_tmle_n3000_s3_chunk13.reps.csv,4a15062d6dc810c8ee72f0370eef3393ea04ab6b178fcf9963d0ad0afabc2d58,2.0
m01-j0471,manifest.tsv,471,real_benchmark,diabetes_misaligned,tmle,3000,3.0,14,2019100000,dml_real_benchmark_diabetes_misaligned_tmle_n3000_s3_chunk14.reps.csv,d158124df4f9581996c7d836d13cf31d4e37529fdc4281591ead9b4a7feab74e,2.0
m01-j0472,manifest.tsv,472,real_benchmark,diabetes_misaligned,tmle,3000,3.0,15,2019200000,dml_real_benchmark_diabetes_misaligned_tmle_n3000_s3_chunk15.reps.csv,598f00b2b151f00e67d0e16e56bea817fd8c41cdd01163f06b3bc4a0ec6d6552,2.0
m01-j0473,manifest.tsv,473,real_benchmark,diabetes_misaligned,tmle,3000,3.0,16,2019300000,dml_real_benchmark_diabetes_misaligned_tmle_n3000_s3_chunk16.reps.csv,ce235818a4b9bfe1ad85e3963c9d78094c50645ee427f595f798793d4bd3bc36,2.0
m01-j0474,manifest.tsv,474,real_benchmark,diabetes_misaligned,tmle,3000,3.0,17,2019400000,dml_real_benchmark_diabetes_misaligned_tmle_n3000_s3_chunk17.reps.csv,3c85a71d8787e434b9cce35ced05db01201a1a19d265fe16741ff73bd2965763,2.0
m01-j0475,manifest.tsv,475,real_benchmark,diabetes_misaligned,tmle,3000,3.0,18,2019500000,dml_real_benchmark_diabetes_misaligned_tmle_n3000_s3_chunk18.reps.csv,a71aff1fe35da6e67af68c4f0e4f7409e023d9a8f300e8599b879298921ef21a,2.0
m01-j0476,manifest.tsv,476,real_benchmark,diabetes_misaligned,tmle,3000,3.0,19,2019600000,dml_real_benchmark_diabetes_misaligned_tmle_n3000_s3_chunk19.reps.csv,ed5a616bb6ae2bedd32405bb28cb17aea0424d6c88c120964d6074c2bdc87a28,2.0
m01-j0477,manifest.tsv,477,real_benchmark,diabetes_misaligned,tmle,3000,3.0,20,2019700000,dml_real_benchmark_diabetes_misaligned_tmle_n3000_s3_chunk20.reps.csv,18b331447f901da1dff797345f6790e906c0718dee65e42b17d137050b3c1e54,2.0
m01-j0478,manifest.tsv,478,real_benchmark,diabetes_misaligned,tmle,3000,3.0,21,2019800000,dml_real_benchmark_diabetes_misaligned_tmle_n3000_s3_chunk21.reps.csv,c8331de3e76b3a3f7e96051c9bedfe7b11a59d6daafb58527313d5ac41bedab0,2.0
m01-j0479,manifest.tsv,479,real_benchmark,diabetes_misaligned,tmle,3000,3.0,22,2019900000,dml_real_benchmark_diabetes_misaligned_tmle_n3000_s3_chunk22.reps.csv,d195576ed8f46ec193d7addb366dbce46013b75c802356cf385c2f259dfd2e4f,2.0
m01-j0480,manifest.tsv,480,real_benchmark,diabetes_misaligned,tmle,3000,3.0,23,2020000000,dml_real_benchmark_diabetes_misaligned_tmle_n3000_s3_chunk23.reps.csv,3143a08a87bc758ae05c4168ed3dea22cccad7d5ebd5fe501147e71551b13f5e,2.0
m01-j0481,manifest.tsv,481,real_benchmark,ihdp_semisynth,aipw,3000,0.0,0,2020100000,dml_real_benchmark_ihdp_semisynth_aipw_n3000_s0_chunk00.reps.csv,19d7eef4e9bb58a8421f978b42ef5fcdb7cbda19504a6a3412b55616901ede00,2.0
m01-j0482,manifest.tsv,482,real_benchmark,ihdp_semisynth,aipw,3000,0.0,1,2020200000,dml_real_benchmark_ihdp_semisynth_aipw_n3000_s0_chunk01.reps.csv,07cba7ef488749274b61983973df229156f215de2cacc9ea52d6459862a6478a,2.0
m01-j0483,manifest.tsv,483,real_benchmark,ihdp_semisynth,aipw,3000,0.0,2,2020300000,dml_real_benchmark_ihdp_semisynth_aipw_n3000_s0_chunk02.reps.csv,03188be47156ad933cb02b09ee18f189eda518e83b82275d5ef4cb9ce264f2c3,2.0
m01-j0484,manifest.tsv,484,real_benchmark,ihdp_semisynth,aipw,3000,0.0,3,2020400000,dml_real_benchmark_ihdp_semisynth_aipw_n3000_s0_chunk03.reps.csv,fce0f44cbb646df442424311ad13ddbf77f6d939979eebfd51d00745b6f23a14,2.0
m01-j0485,manifest.tsv,485,real_benchmark,ihdp_semisynth,aipw,3000,0.0,4,2020500000,dml_real_benchmark_ihdp_semisynth_aipw_n3000_s0_chunk04.reps.csv,a51d30dc3356416517b21786859485e49ed4ef564bba4146225c66dddcdd0d85,2.0
m01-j0486,manifest.tsv,486,real_benchmark,ihdp_semisynth,aipw,3000,0.0,5,2020600000,dml_real_benchmark_ihdp_semisynth_aipw_n3000_s0_chunk05.reps.csv,3aa1b2acaf2d66e7516c2cebcb923d295bd5c36f4ef08ba8db8a11940fdc4bb9,2.0
m01-j0487,manifest.tsv,487,real_benchmark,ihdp_semisynth,aipw,3000,0.0,6,2020700000,dml_real_benchmark_ihdp_semisynth_aipw_n3000_s0_chunk06.reps.csv,dfe69e64d7542e2852a728079ca046af02d3b2befe4f45fb0f4fd734aacdf015,2.0
m01-j0488,manifest.tsv,488,real_benchmark,ihdp_semisynth,aipw,3000,0.0,7,2020800000,dml_real_benchmark_ihdp_semisynth_aipw_n3000_s0_chunk07.reps.csv,8a04aba5114873f01807b7a7123dcdc4bcfc3b9296a075de8192ddf8242fe34b,2.0
m01-j0489,manifest.tsv,489,real_benchmark,ihdp_semisynth,aipw,3000,0.0,8,2020900000,dml_real_benchmark_ihdp_semisynth_aipw_n3000_s0_chunk08.reps.csv,32dc7b7229a6fedec64de50c4c7a5d3d405ea154e231aad6b3d9d22ebb7ac731,2.0
m01-j0490,manifest.tsv,490,real_benchmark,ihdp_semisynth,aipw,3000,0.0,9,2021000000,dml_real_benchmark_ihdp_semisynth_aipw_n3000_s0_chunk09.reps.csv,74a310cebe63c95212660ba12ed38049935cdc90849250e1d3535da9cf99e589,2.0
m01-j0491,manifest.tsv,491,real_benchmark,ihdp_semisynth,aipw,3000,0.0,10,2021100000,dml_real_benchmark_ihdp_semisynth_aipw_n3000_s0_chunk10.reps.csv,c5ebd6bb77760a750907d862c91a0c8746a8f5de51ffc31882b08743c8d1ef25,2.0
m01-j0492,manifest.tsv,492,real_benchmark,ihdp_semisynth,aipw,3000,0.0,11,2021200000,dml_real_benchmark_ihdp_semisynth_aipw_n3000_s0_chunk11.reps.csv,e2192a9012f7c223149009d62f6b0c53224afd1e6317d4b9825a5ff47dc28f12,2.0
m01-j0493,manifest.tsv,493,real_benchmark,ihdp_semisynth,aipw,3000,0.0,12,2021300000,dml_real_benchmark_ihdp_semisynth_aipw_n3000_s0_chunk12.reps.csv,1a96a0e05ec1c48e6eedfb64f3445dda68f4f7305ec8301deb09975ffee3a014,2.0
m01-j0494,manifest.tsv,494,real_benchmark,ihdp_semisynth,aipw,3000,0.0,13,2021400000,dml_real_benchmark_ihdp_semisynth_aipw_n3000_s0_chunk13.reps.csv,5c89eb7a3090bb3bb3c0a7ab5837d247d3533f377e25e21e7217cdf585f1b2b6,2.0
m01-j0495,manifest.tsv,495,real_benchmark,ihdp_semisynth,aipw,3000,0.0,14,2021500000,dml_real_benchmark_ihdp_semisynth_aipw_n3000_s0_chunk14.reps.csv,71aabb25ff9e8441710c81777a8bf72d93b00afc92bd2057f1c4b5e0f3088652,2.0
m01-j0496,manifest.tsv,496,real_benchmark,ihdp_semisynth,aipw,3000,0.0,15,2021600000,dml_real_benchmark_ihdp_semisynth_aipw_n3000_s0_chunk15.reps.csv,46940240dbdb360e8b29089d9196545ad14118643336c3c2cb926455bc7b52c4,2.0
m01-j0497,manifest.tsv,497,real_benchmark,ihdp_semisynth,aipw,3000,0.0,16,2021700000,dml_real_benchmark_ihdp_semisynth_aipw_n3000_s0_chunk16.reps.csv,cb985ca3d040a9a685a22b6998c6818670d0e31d36eb28a1d74047b9f1e3d71b,2.0
m01-j0498,manifest.tsv,498,real_benchmark,ihdp_semisynth,aipw,3000,0.0,17,2021800000,dml_real_benchmark_ihdp_semisynth_aipw_n3000_s0_chunk17.reps.csv,cb432ac3e5e5e75170f124bd503be486a8b83f5b86f54faa553278b58c7023e5,2.0
m01-j0499,manifest.tsv,499,real_benchmark,ihdp_semisynth,aipw,3000,0.0,18,2021900000,dml_real_benchmark_ihdp_semisynth_aipw_n3000_s0_chunk18.reps.csv,85c48d58b2a3195daf30a85e131991aaa81ce8f2e3a5e5d6d7d90b0ebc222c70,2.0
m01-j0500,manifest.tsv,500,real_benchmark,ihdp_semisynth,aipw,3000,0.0,19,2022000000,dml_real_benchmark_ihdp_semisynth_aipw_n3000_s0_chunk19.reps.csv,21302478efee2251b8e2d6695710ea1fa24e3135510fb9ef6ad8f0b14088ead4,2.0
m01-j0501,manifest.tsv,501,real_benchmark,ihdp_semisynth,aipw,3000,0.0,20,2022100000,dml_real_benchmark_ihdp_semisynth_aipw_n3000_s0_chunk20.reps.csv,c2fe0ef5c201927f3144522158fdd9afd21c5e0924c212b192562c323426e1fa,2.0
m01-j0502,manifest.tsv,502,real_benchmark,ihdp_semisynth,aipw,3000,0.0,21,2022200000,dml_real_benchmark_ihdp_semisynth_aipw_n3000_s0_chunk21.reps.csv,0194dc5344039af5efd1a0681310f398a74bd6684eb509c4816bb99392bd0e57,2.0
m01-j0503,manifest.tsv,503,real_benchmark,ihdp_semisynth,aipw,3000,0.0,22,2022300000,dml_real_benchmark_ihdp_semisynth_aipw_n3000_s0_chunk22.reps.csv,b2be87465abb5c88a3d1faeb2b57c35795089fbf00e2a1a1ca9950499754c71e,2.0
m01-j0504,manifest.tsv,504,real_benchmark,ihdp_semisynth,aipw,3000,0.0,23,2022400000,dml_real_benchmark_ihdp_semisynth_aipw_n3000_s0_chunk23.reps.csv,a3731e55b3f6888c65a1794a0b95bcec89fd70c0625a70ca50e261a1995a6ae3,2.0
m01-j0505,manifest.tsv,505,real_benchmark,ihdp_semisynth,ctmle,3000,0.0,0,2020100000,dml_real_benchmark_ihdp_semisynth_ctmle_n3000_s0_chunk00.reps.csv,b463e5fbddee41d8b5edb7f4dbb5f9d722c02e1be721e8ffe911155ab80988b6,2.0
m01-j0506,manifest.tsv,506,real_benchmark,ihdp_semisynth,ctmle,3000,0.0,1,2020200000,dml_real_benchmark_ihdp_semisynth_ctmle_n3000_s0_chunk01.reps.csv,1954554ef9dbc6ac4482c472b55f143f6a25a9985677e07b184170701b4c2ce1,2.0
m01-j0507,manifest.tsv,507,real_benchmark,ihdp_semisynth,ctmle,3000,0.0,2,2020300000,dml_real_benchmark_ihdp_semisynth_ctmle_n3000_s0_chunk02.reps.csv,b0774394bce5173f340d240ba071fbde74a8f2fadf4d35a60a7aa5e989cc5803,2.0
m01-j0508,manifest.tsv,508,real_benchmark,ihdp_semisynth,ctmle,3000,0.0,3,2020400000,dml_real_benchmark_ihdp_semisynth_ctmle_n3000_s0_chunk03.reps.csv,b88fd401bedfa35591d1e8e9e53f8e0abbbf07689c26e110760902711145d09b,2.0
m01-j0509,manifest.tsv,509,real_benchmark,ihdp_semisynth,ctmle,3000,0.0,4,2020500000,dml_real_benchmark_ihdp_semisynth_ctmle_n3000_s0_chunk04.reps.csv,b48e9164c49db64d2aaeea40822f5eea1e974668defab6d6a8fc7d724bf2ba81,2.0
m01-j0510,manifest.tsv,510,real_benchmark,ihdp_semisynth,ctmle,3000,0.0,5,2020600000,dml_real_benchmark_ihdp_semisynth_ctmle_n3000_s0_chunk05.reps.csv,f9baeb64f279f6531f57f22a489a5f561c6ab75649b8822be6166e6b221d3da9,2.0
m01-j0511,manifest.tsv,511,real_benchmark,ihdp_semisynth,ctmle,3000,0.0,6,2020700000,dml_real_benchmark_ihdp_semisynth_ctmle_n3000_s0_chunk06.reps.csv,f9d16c19a4eb9be513506129e41ce533b0cf27df1b04b886336580fe9a130896,2.0
m01-j0512,manifest.tsv,512,real_benchmark,ihdp_semisynth,ctmle,3000,0.0,7,2020800000,dml_real_benchmark_ihdp_semisynth_ctmle_n3000_s0_chunk07.reps.csv,29d96c7879c93d7fc84e3144073d8cb83423f3dd673bfbb7766740181a9e9eec,2.0
m01-j0513,manifest.tsv,513,real_benchmark,ihdp_semisynth,ctmle,3000,0.0,8,2020900000,dml_real_benchmark_ihdp_semisynth_ctmle_n3000_s0_chunk08.reps.csv,aa88454806fdfdcb50a5202d6d3ceae50388bae09f675939c709a83c4b0bc72e,2.0
m01-j0514,manifest.tsv,514,real_benchmark,ihdp_semisynth,ctmle,3000,0.0,9,2021000000,dml_real_benchmark_ihdp_semisynth_ctmle_n3000_s0_chunk09.reps.csv,007075c85e36cdfca4ceb1b978940faa4cf851da4390c63137e56260c823204e,2.0
m01-j0515,manifest.tsv,515,real_benchmark,ihdp_semisynth,ctmle,3000,0.0,10,2021100000,dml_real_benchmark_ihdp_semisynth_ctmle_n3000_s0_chunk10.reps.csv,fbabb31638d6184972b4451516bc7ed2e07ef2cc8c229f41f472bff2c365b0fb,2.0
m01-j0516,manifest.tsv,516,real_benchmark,ihdp_semisynth,ctmle,3000,0.0,11,2021200000,dml_real_benchmark_ihdp_semisynth_ctmle_n3000_s0_chunk11.reps.csv,c6a7f3244d038a71564daddc86757a2349b92e12419ff8c10b204321449dcd29,2.0
m01-j0517,manifest.tsv,517,real_benchmark,ihdp_semisynth,ctmle,3000,0.0,12,2021300000,dml_real_benchmark_ihdp_semisynth_ctmle_n3000_s0_chunk12.reps.csv,c5901321a4ea17277a4da6d477e1258a57a788acae0556a913df28ce87e728da,2.0
m01-j0518,manifest.tsv,518,real_benchmark,ihdp_semisynth,ctmle,3000,0.0,13,2021400000,dml_real_benchmark_ihdp_semisynth_ctmle_n3000_s0_chunk13.reps.csv,ca0c527d70f28632a7aa15677d29e1391cbc1cd206524ab67089a8f1af6a3bac,2.0
m01-j0519,manifest.tsv,519,real_benchmark,ihdp_semisynth,ctmle,3000,0.0,14,2021500000,dml_real_benchmark_ihdp_semisynth_ctmle_n3000_s0_chunk14.reps.csv,965b43586a08a86fd2f30e96d08ad4a50e381e9410512108c20f381badf3f060,2.0
m01-j0520,manifest.tsv,520,real_benchmark,ihdp_semisynth,ctmle,3000,0.0,15,2021600000,dml_real_benchmark_ihdp_semisynth_ctmle_n3000_s0_chunk15.reps.csv,7c0956cd90f58404652eb61e2e9535ce1882189e14ca9ea2fb538bc69ef92fe7,2.0
m01-j0521,manifest.tsv,521,real_benchmark,ihdp_semisynth,ctmle,3000,0.0,16,2021700000,dml_real_benchmark_ihdp_semisynth_ctmle_n3000_s0_chunk16.reps.csv,0376101c1bfd1b95894ba6b2a8f1e5dae360c8f80807b2cca079e0b1e991071b,2.0
m01-j0522,manifest.tsv,522,real_benchmark,ihdp_semisynth,ctmle,3000,0.0,17,2021800000,dml_real_benchmark_ihdp_semisynth_ctmle_n3000_s0_chunk17.reps.csv,b01cf826d1176d715177bcf57fdfcb25cb23465c9b9ecb2baef403ddb61e2367,2.0
m01-j0523,manifest.tsv,523,real_benchmark,ihdp_semisynth,ctmle,3000,0.0,18,2021900000,dml_real_benchmark_ihdp_semisynth_ctmle_n3000_s0_chunk18.reps.csv,b725540780a543acfee862ebffde75bb59874c161ff0e99e05c9820e4a490561,2.0
m01-j0524,manifest.tsv,524,real_benchmark,ihdp_semisynth,ctmle,3000,0.0,19,2022000000,dml_real_benchmark_ihdp_semisynth_ctmle_n3000_s0_chunk19.reps.csv,abaa84d4c73d40f6a2d6b49f9e5181d710e21ca18fd6a1f71fd7d8ec5d9c259c,2.0
m01-j0525,manifest.tsv,525,real_benchmark,ihdp_semisynth,ctmle,3000,0.0,20,2022100000,dml_real_benchmark_ihdp_semisynth_ctmle_n3000_s0_chunk20.reps.csv,c6725fd13501ea68438ad338e7e7ed21c57992e423220479bdde5e1d00cde915,2.0
m01-j0526,manifest.tsv,526,real_benchmark,ihdp_semisynth,ctmle,3000,0.0,21,2022200000,dml_real_benchmark_ihdp_semisynth_ctmle_n3000_s0_chunk21.reps.csv,6699f6efc6fca8bcec6c8cff2bf3f368b80f14dd29754fdd51fceb5d151607cd,2.0
m01-j0527,manifest.tsv,527,real_benchmark,ihdp_semisynth,ctmle,3000,0.0,22,2022300000,dml_real_benchmark_ihdp_semisynth_ctmle_n3000_s0_chunk22.reps.csv,c043311cde26f56288460c6b9f48b4e0552f422bde96ccb5ef85ac35d47aaf1c,2.0
m01-j0528,manifest.tsv,528,real_benchmark,ihdp_semisynth,ctmle,3000,0.0,23,2022400000,dml_real_benchmark_ihdp_semisynth_ctmle_n3000_s0_chunk23.reps.csv,15aa644267281d90ed526bb55880e28204c04064f5962a1a7ff3febbc2cfb77b,2.0
m01-j0529,manifest.tsv,529,real_benchmark,ihdp_semisynth,cui_selective_ml,3000,0.0,0,2020100000,dml_real_benchmark_ihdp_semisynth_cui_selective_ml_n3000_s0_chunk00.reps.csv,9c71aae92d6cf0cb6e37abb3c0635c6adce72e5fd0e12f0f0a6de3cf5c5c4292,2.0
m01-j0530,manifest.tsv,530,real_benchmark,ihdp_semisynth,cui_selective_ml,3000,0.0,1,2020200000,dml_real_benchmark_ihdp_semisynth_cui_selective_ml_n3000_s0_chunk01.reps.csv,ba1f1d1a528cff7d80d59cf0dd45e1571590bdc8d65983fce224eafb8321b395,2.0
m01-j0531,manifest.tsv,531,real_benchmark,ihdp_semisynth,cui_selective_ml,3000,0.0,2,2020300000,dml_real_benchmark_ihdp_semisynth_cui_selective_ml_n3000_s0_chunk02.reps.csv,ff5c28c8fe173e1941198df906298313a6fa19c8a01008b0d5ade0fd337c0dbf,2.0
m01-j0532,manifest.tsv,532,real_benchmark,ihdp_semisynth,cui_selective_ml,3000,0.0,3,2020400000,dml_real_benchmark_ihdp_semisynth_cui_selective_ml_n3000_s0_chunk03.reps.csv,db95837a58aa2f4123ce7a3b248497c1df308b6a995462088942a1db66edea61,2.0
m01-j0533,manifest.tsv,533,real_benchmark,ihdp_semisynth,cui_selective_ml,3000,0.0,4,2020500000,dml_real_benchmark_ihdp_semisynth_cui_selective_ml_n3000_s0_chunk04.reps.csv,bf98d68758f3628920c3ee97e83938834276e63be37f14ece569513aedfb814d,2.0
m01-j0534,manifest.tsv,534,real_benchmark,ihdp_semisynth,cui_selective_ml,3000,0.0,5,2020600000,dml_real_benchmark_ihdp_semisynth_cui_selective_ml_n3000_s0_chunk05.reps.csv,79333639bfb159870d7c88ffb46314c7a9a4825d8c86cf7d2d6b15252924d0cb,2.0
m01-j0535,manifest.tsv,535,real_benchmark,ihdp_semisynth,cui_selective_ml,3000,0.0,6,2020700000,dml_real_benchmark_ihdp_semisynth_cui_selective_ml_n3000_s0_chunk06.reps.csv,1f45087a3d6d9f9240ab10602c6fd72c0d65d4d7b11836b79f286b3c35ed1eb9,2.0
m01-j0536,manifest.tsv,536,real_benchmark,ihdp_semisynth,cui_selective_ml,3000,0.0,7,2020800000,dml_real_benchmark_ihdp_semisynth_cui_selective_ml_n3000_s0_chunk07.reps.csv,9946d8e54fb1edef811f2cfbe138710a47dae1b5bfba181f6dd07f3747396dcc,2.0
m01-j0537,manifest.tsv,537,real_benchmark,ihdp_semisynth,cui_selective_ml,3000,0.0,8,2020900000,dml_real_benchmark_ihdp_semisynth_cui_selective_ml_n3000_s0_chunk08.reps.csv,06f9b3f3ea6d0b13cc6249e0d3de3036c0a68d88554eadbf4a9953e09bed8a47,2.0
m01-j0538,manifest.tsv,538,real_benchmark,ihdp_semisynth,cui_selective_ml,3000,0.0,9,2021000000,dml_real_benchmark_ihdp_semisynth_cui_selective_ml_n3000_s0_chunk09.reps.csv,1fe8eceb50275c4b66a70eb81ce15983fd7fa245e9805417473e955e694667d9,2.0
m01-j0539,manifest.tsv,539,real_benchmark,ihdp_semisynth,cui_selective_ml,3000,0.0,10,2021100000,dml_real_benchmark_ihdp_semisynth_cui_selective_ml_n3000_s0_chunk10.reps.csv,2e6f7fc4eda9f9c60286849a4fc23a7a22b982622b38a43207d14e5e706d29cd,2.0
m01-j0540,manifest.tsv,540,real_benchmark,ihdp_semisynth,cui_selective_ml,3000,0.0,11,2021200000,dml_real_benchmark_ihdp_semisynth_cui_selective_ml_n3000_s0_chunk11.reps.csv,632393a0389d8213e0fd5e6d4ba727302c196f7073da43f828a1eaf065aed136,2.0
m01-j0541,manifest.tsv,541,real_benchmark,ihdp_semisynth,cui_selective_ml,3000,0.0,12,2021300000,dml_real_benchmark_ihdp_semisynth_cui_selective_ml_n3000_s0_chunk12.reps.csv,d85c4cf2099eb5da1bfbfb622df6c47e596b486c8b6d388b7fdc5071c6bedf19,2.0
m01-j0542,manifest.tsv,542,real_benchmark,ihdp_semisynth,cui_selective_ml,3000,0.0,13,2021400000,dml_real_benchmark_ihdp_semisynth_cui_selective_ml_n3000_s0_chunk13.reps.csv,f2550be3c12b700d51998d1f3b46d10919f75557b04ee203a7b8ccb44ff7b8c7,2.0
m01-j0543,manifest.tsv,543,real_benchmark,ihdp_semisynth,cui_selective_ml,3000,0.0,14,2021500000,dml_real_benchmark_ihdp_semisynth_cui_selective_ml_n3000_s0_chunk14.reps.csv,d9b2fb992bd39292a902b27dc7b04e0bb06aa05b690dbe3fc46753dcc2f7f582,2.0
m01-j0544,manifest.tsv,544,real_benchmark,ihdp_semisynth,cui_selective_ml,3000,0.0,15,2021600000,dml_real_benchmark_ihdp_semisynth_cui_selective_ml_n3000_s0_chunk15.reps.csv,c89d8ea4c6aac205696b55d031c450557ffab26f4316f70cc566c2b59ad9b32b,2.0
m01-j0545,manifest.tsv,545,real_benchmark,ihdp_semisynth,cui_selective_ml,3000,0.0,16,2021700000,dml_real_benchmark_ihdp_semisynth_cui_selective_ml_n3000_s0_chunk16.reps.csv,8338b50bb1c3b68d8e32efdd73bdc5a92d3ade73b467d875e2af2cc8d1b51a5c,2.0
m01-j0546,manifest.tsv,546,real_benchmark,ihdp_semisynth,cui_selective_ml,3000,0.0,17,2021800000,dml_real_benchmark_ihdp_semisynth_cui_selective_ml_n3000_s0_chunk17.reps.csv,82d27c13d591cb6dcc39976177b0a87eabc17a30d891ed9db8f029e764b810f7,2.0
m01-j0547,manifest.tsv,547,real_benchmark,ihdp_semisynth,cui_selective_ml,3000,0.0,18,2021900000,dml_real_benchmark_ihdp_semisynth_cui_selective_ml_n3000_s0_chunk18.reps.csv,889011361ba8cd5f34c6b347e238b03001d3ef281a5a614c2f2b33902669dda5,2.0
m01-j0548,manifest.tsv,548,real_benchmark,ihdp_semisynth,cui_selective_ml,3000,0.0,19,2022000000,dml_real_benchmark_ihdp_semisynth_cui_selective_ml_n3000_s0_chunk19.reps.csv,1514ee2e05a9115a2679b647044e38c069bc0a2f1e502ea1ccbbc64e0776be5e,2.0
m01-j0549,manifest.tsv,549,real_benchmark,ihdp_semisynth,cui_selective_ml,3000,0.0,20,2022100000,dml_real_benchmark_ihdp_semisynth_cui_selective_ml_n3000_s0_chunk20.reps.csv,db2e69d8cfab688dafdf2538f8d3567fdec2eebc312045e7e39e48a6c3eeeb5c,2.0
m01-j0550,manifest.tsv,550,real_benchmark,ihdp_semisynth,cui_selective_ml,3000,0.0,21,2022200000,dml_real_benchmark_ihdp_semisynth_cui_selective_ml_n3000_s0_chunk21.reps.csv,9ac700cb51323b1f1c87b5b04e427852f015b5dd77dc8d1d9210865348a774d6,2.0
m01-j0551,manifest.tsv,551,real_benchmark,ihdp_semisynth,cui_selective_ml,3000,0.0,22,2022300000,dml_real_benchmark_ihdp_semisynth_cui_selective_ml_n3000_s0_chunk22.reps.csv,0eb14141b02f582bc9ec5c59b4c43d41d8e199b7befa875473f3c3c55d8c43cf,2.0
m01-j0552,manifest.tsv,552,real_benchmark,ihdp_semisynth,cui_selective_ml,3000,0.0,23,2022400000,dml_real_benchmark_ihdp_semisynth_cui_selective_ml_n3000_s0_chunk23.reps.csv,5cbf475cceade9eee2523305fa34628677bfbe1cda0e1f1593035cf4afb43648,2.0
m01-j0553,manifest.tsv,553,real_benchmark,ihdp_semisynth,ma_dr_bc,3000,0.0,0,2020100000,dml_real_benchmark_ihdp_semisynth_ma_dr_bc_n3000_s0_chunk00.reps.csv,5da13468c04e4aebc9badd029de5c6083f3770ab2ec5c3c7e57b78e929cc643c,2.0
m01-j0554,manifest.tsv,554,real_benchmark,ihdp_semisynth,ma_dr_bc,3000,0.0,1,2020200000,dml_real_benchmark_ihdp_semisynth_ma_dr_bc_n3000_s0_chunk01.reps.csv,f049daf365567584ac165f1ae369c523f6d2ffb1e7b88631e0b1b400f60616a8,2.0
m01-j0555,manifest.tsv,555,real_benchmark,ihdp_semisynth,ma_dr_bc,3000,0.0,2,2020300000,dml_real_benchmark_ihdp_semisynth_ma_dr_bc_n3000_s0_chunk02.reps.csv,d67f813b399806f74d5e4a2a34549ff425523db9707f78e26b276c57b003b268,2.0
m01-j0556,manifest.tsv,556,real_benchmark,ihdp_semisynth,ma_dr_bc,3000,0.0,3,2020400000,dml_real_benchmark_ihdp_semisynth_ma_dr_bc_n3000_s0_chunk03.reps.csv,f6cf5e6f1fa2756583f625def1d635ad3e06cb3bdffcd5c8271f27a79a376906,2.0
m01-j0557,manifest.tsv,557,real_benchmark,ihdp_semisynth,ma_dr_bc,3000,0.0,4,2020500000,dml_real_benchmark_ihdp_semisynth_ma_dr_bc_n3000_s0_chunk04.reps.csv,4aa05858c0cb2b9a3c89ad0011a802cfeb71d2b6feb039645d5d7fc001e99af7,2.0
m01-j0558,manifest.tsv,558,real_benchmark,ihdp_semisynth,ma_dr_bc,3000,0.0,5,2020600000,dml_real_benchmark_ihdp_semisynth_ma_dr_bc_n3000_s0_chunk05.reps.csv,214bb8386ab8f72904901f1c66de6244fe613cc800d2ca6a3a1c3ef8973899ab,2.0
m01-j0559,manifest.tsv,559,real_benchmark,ihdp_semisynth,ma_dr_bc,3000,0.0,6,2020700000,dml_real_benchmark_ihdp_semisynth_ma_dr_bc_n3000_s0_chunk06.reps.csv,bc0bb0b61d2f7c0c69e6b3d1859489f778d12cb1714b357a513aa821f7180a7b,2.0
m01-j0560,manifest.tsv,560,real_benchmark,ihdp_semisynth,ma_dr_bc,3000,0.0,7,2020800000,dml_real_benchmark_ihdp_semisynth_ma_dr_bc_n3000_s0_chunk07.reps.csv,0c4eeb8e246fced9b9f7f96f1db0a7c775e733b666420d4009198631ac51437d,2.0
m01-j0561,manifest.tsv,561,real_benchmark,ihdp_semisynth,ma_dr_bc,3000,0.0,8,2020900000,dml_real_benchmark_ihdp_semisynth_ma_dr_bc_n3000_s0_chunk08.reps.csv,53ae1cc7f51cf4a1b614ad7cab10ab952bc8bd3ffc2352233a69a734c2511548,2.0
m01-j0562,manifest.tsv,562,real_benchmark,ihdp_semisynth,ma_dr_bc,3000,0.0,9,2021000000,dml_real_benchmark_ihdp_semisynth_ma_dr_bc_n3000_s0_chunk09.reps.csv,89f9a8f2630a7e5477d9a1d03374ee853822f9ea48905b2a48eea4dfa8bc2718,2.0
m01-j0563,manifest.tsv,563,real_benchmark,ihdp_semisynth,ma_dr_bc,3000,0.0,10,2021100000,dml_real_benchmark_ihdp_semisynth_ma_dr_bc_n3000_s0_chunk10.reps.csv,da783032fd8051016253e9bd79dc2bae95a8dd6a85ebff603d660411b8085c87,2.0
m01-j0564,manifest.tsv,564,real_benchmark,ihdp_semisynth,ma_dr_bc,3000,0.0,11,2021200000,dml_real_benchmark_ihdp_semisynth_ma_dr_bc_n3000_s0_chunk11.reps.csv,1aaaffb11f631693bff5911914b82d2098a5288bcd4351a1321b90e2eadb2371,2.0
m01-j0565,manifest.tsv,565,real_benchmark,ihdp_semisynth,ma_dr_bc,3000,0.0,12,2021300000,dml_real_benchmark_ihdp_semisynth_ma_dr_bc_n3000_s0_chunk12.reps.csv,30d9a45a6b854b51821f6dc33f1d498214ae67be37498c310629aad2cde4839d,2.0
m01-j0566,manifest.tsv,566,real_benchmark,ihdp_semisynth,ma_dr_bc,3000,0.0,13,2021400000,dml_real_benchmark_ihdp_semisynth_ma_dr_bc_n3000_s0_chunk13.reps.csv,49149e70b55b0adb6be54862c38729495ffbe6555ea95a97b9cc9eae2de1bf0d,2.0
m01-j0567,manifest.tsv,567,real_benchmark,ihdp_semisynth,ma_dr_bc,3000,0.0,14,2021500000,dml_real_benchmark_ihdp_semisynth_ma_dr_bc_n3000_s0_chunk14.reps.csv,398edd91e89e041d9192573c4781ab357de9a55a4e468308de4da322d17c087d,2.0
m01-j0568,manifest.tsv,568,real_benchmark,ihdp_semisynth,ma_dr_bc,3000,0.0,15,2021600000,dml_real_benchmark_ihdp_semisynth_ma_dr_bc_n3000_s0_chunk15.reps.csv,40f1aaef0ba6088d5b2dfb87a4e497381dbf0227fa7d44d2c99ef8f7471195dd,2.0
m01-j0569,manifest.tsv,569,real_benchmark,ihdp_semisynth,ma_dr_bc,3000,0.0,16,2021700000,dml_real_benchmark_ihdp_semisynth_ma_dr_bc_n3000_s0_chunk16.reps.csv,f62041db613d45cd0e472d5efb20935a733be129a4dc72d80907aec6bea1372b,2.0
m01-j0570,manifest.tsv,570,real_benchmark,ihdp_semisynth,ma_dr_bc,3000,0.0,17,2021800000,dml_real_benchmark_ihdp_semisynth_ma_dr_bc_n3000_s0_chunk17.reps.csv,f605e9da3017f909c72d2c972b6eaf58577c1e60db0147f20543eec3e0d351ff,2.0
m01-j0571,manifest.tsv,571,real_benchmark,ihdp_semisynth,ma_dr_bc,3000,0.0,18,2021900000,dml_real_benchmark_ihdp_semisynth_ma_dr_bc_n3000_s0_chunk18.reps.csv,cfb2ac8826b3bfbd9b31b2b0ac8cdfec9d1210282976062fa1e05d1721d3e7ad,2.0
m01-j0572,manifest.tsv,572,real_benchmark,ihdp_semisynth,ma_dr_bc,3000,0.0,19,2022000000,dml_real_benchmark_ihdp_semisynth_ma_dr_bc_n3000_s0_chunk19.reps.csv,b9a6b110140648510c366b6e58b3e780d9a2f5b6a06ce28ef354b9551f12e7bb,2.0
m01-j0573,manifest.tsv,573,real_benchmark,ihdp_semisynth,ma_dr_bc,3000,0.0,20,2022100000,dml_real_benchmark_ihdp_semisynth_ma_dr_bc_n3000_s0_chunk20.reps.csv,c1e45863a08f4c3767ecb8840514ec96eb411963cffa7d1683feada79a5ed754,2.0
m01-j0574,manifest.tsv,574,real_benchmark,ihdp_semisynth,ma_dr_bc,3000,0.0,21,2022200000,dml_real_benchmark_ihdp_semisynth_ma_dr_bc_n3000_s0_chunk21.reps.csv,4dd79eed1c104d42a3124450775d846c34b52fdcb17218a80fb5937cd5a263ac,2.0
m01-j0575,manifest.tsv,575,real_benchmark,ihdp_semisynth,ma_dr_bc,3000,0.0,22,2022300000,dml_real_benchmark_ihdp_semisynth_ma_dr_bc_n3000_s0_chunk22.reps.csv,4bd665e21e83bafdffbc4a2f6f7188949aef06cfb0dcaab0079068ed85ab5682,2.0
m01-j0576,manifest.tsv,576,real_benchmark,ihdp_semisynth,ma_dr_bc,3000,0.0,23,2022400000,dml_real_benchmark_ihdp_semisynth_ma_dr_bc_n3000_s0_chunk23.reps.csv,f1098d72aac34436e11caff46a8c37858afeb206fe2cf3ff719644d003318804,2.0
m01-j0577,manifest.tsv,577,real_benchmark,ihdp_semisynth,tmle,3000,0.0,0,2020100000,dml_real_benchmark_ihdp_semisynth_tmle_n3000_s0_chunk00.reps.csv,4f6bd7f5a2bb4ff20b67a15698f7c3cf32c24e34ec1b955ed2d6ae5e9caae338,2.0
m01-j0578,manifest.tsv,578,real_benchmark,ihdp_semisynth,tmle,3000,0.0,1,2020200000,dml_real_benchmark_ihdp_semisynth_tmle_n3000_s0_chunk01.reps.csv,ff616dccbc869ecf3a05a1687d50f77f8b1c628840e5f672acfad2a3558df1c6,2.0
m01-j0579,manifest.tsv,579,real_benchmark,ihdp_semisynth,tmle,3000,0.0,2,2020300000,dml_real_benchmark_ihdp_semisynth_tmle_n3000_s0_chunk02.reps.csv,e1e810f8aa56d7ce2b1c5af346ceb4e41fe2a6b19810bbe2d705657294a2cae7,2.0
m01-j0580,manifest.tsv,580,real_benchmark,ihdp_semisynth,tmle,3000,0.0,3,2020400000,dml_real_benchmark_ihdp_semisynth_tmle_n3000_s0_chunk03.reps.csv,8a283fb4e8942f8e2914cd53f7060046b27d5755eaf7ac772744bb98d2ff10f3,2.0
m01-j0581,manifest.tsv,581,real_benchmark,ihdp_semisynth,tmle,3000,0.0,4,2020500000,dml_real_benchmark_ihdp_semisynth_tmle_n3000_s0_chunk04.reps.csv,65f5927cbc690deab46c72c53d4bcf596be96c50563b4e8f479b8d09f8820ab2,2.0
m01-j0582,manifest.tsv,582,real_benchmark,ihdp_semisynth,tmle,3000,0.0,5,2020600000,dml_real_benchmark_ihdp_semisynth_tmle_n3000_s0_chunk05.reps.csv,1a326c05cb2a21146021a15512642f6c8c5802541753544d67565b84c02ac1e3,2.0
m01-j0583,manifest.tsv,583,real_benchmark,ihdp_semisynth,tmle,3000,0.0,6,2020700000,dml_real_benchmark_ihdp_semisynth_tmle_n3000_s0_chunk06.reps.csv,78875a52740686d634c6f7ce5ca51efb3166a4cfd68b1cc6ac78a7cd8cc1b6d1,2.0
m01-j0584,manifest.tsv,584,real_benchmark,ihdp_semisynth,tmle,3000,0.0,7,2020800000,dml_real_benchmark_ihdp_semisynth_tmle_n3000_s0_chunk07.reps.csv,3f413ba73e27fa03f7278a9eb4ed79f8e2b246dd8977dc430585e381b93703ca,2.0
m01-j0585,manifest.tsv,585,real_benchmark,ihdp_semisynth,tmle,3000,0.0,8,2020900000,dml_real_benchmark_ihdp_semisynth_tmle_n3000_s0_chunk08.reps.csv,1e1371d23afd4eddf4c733ed807e9b4b01e19f93cd5cdb4323955675275eab16,2.0
m01-j0586,manifest.tsv,586,real_benchmark,ihdp_semisynth,tmle,3000,0.0,9,2021000000,dml_real_benchmark_ihdp_semisynth_tmle_n3000_s0_chunk09.reps.csv,1b59b26d98ccbd88e4f0622e9a3a35132603aa95fc5c0d15f5ce1e2a769d2701,2.0
m01-j0587,manifest.tsv,587,real_benchmark,ihdp_semisynth,tmle,3000,0.0,10,2021100000,dml_real_benchmark_ihdp_semisynth_tmle_n3000_s0_chunk10.reps.csv,61a4caa270772532d7b14262274af396c91791750994e9834139a7e9c70a74e3,2.0
m01-j0588,manifest.tsv,588,real_benchmark,ihdp_semisynth,tmle,3000,0.0,11,2021200000,dml_real_benchmark_ihdp_semisynth_tmle_n3000_s0_chunk11.reps.csv,7245105da05341f4caae1ca16d0fb1cce654f6e8949f3d835defbe2c9fa49ed2,2.0
m01-j0589,manifest.tsv,589,real_benchmark,ihdp_semisynth,tmle,3000,0.0,12,2021300000,dml_real_benchmark_ihdp_semisynth_tmle_n3000_s0_chunk12.reps.csv,bb19e51599621068e3189ca3755572d587f1154ec2c8070016224204247230b2,2.0
m01-j0590,manifest.tsv,590,real_benchmark,ihdp_semisynth,tmle,3000,0.0,13,2021400000,dml_real_benchmark_ihdp_semisynth_tmle_n3000_s0_chunk13.reps.csv,93b8600bea44e6255319c7228d68fe1d813221a3f31a3cd1588e4b2e4317e654,2.0
m01-j0591,manifest.tsv,591,real_benchmark,ihdp_semisynth,tmle,3000,0.0,14,2021500000,dml_real_benchmark_ihdp_semisynth_tmle_n3000_s0_chunk14.reps.csv,f6887b18a6cc1b108f91b94d5b381b1aa35eff7ef58a8d4b4b5544b9fb3bd2a1,2.0
m01-j0592,manifest.tsv,592,real_benchmark,ihdp_semisynth,tmle,3000,0.0,15,2021600000,dml_real_benchmark_ihdp_semisynth_tmle_n3000_s0_chunk15.reps.csv,7fb675d82458795b0a977064dcef35ec8786bc1999e804431040d2711d74e44e,2.0
m01-j0593,manifest.tsv,593,real_benchmark,ihdp_semisynth,tmle,3000,0.0,16,2021700000,dml_real_benchmark_ihdp_semisynth_tmle_n3000_s0_chunk16.reps.csv,1118d894fd8039d11484ad1343ef69af84ca5411b49c3434f042022ee32115b2,2.0
m01-j0594,manifest.tsv,594,real_benchmark,ihdp_semisynth,tmle,3000,0.0,17,2021800000,dml_real_benchmark_ihdp_semisynth_tmle_n3000_s0_chunk17.reps.csv,3c1907c5b51d00e3f33aca6f6e82003a3e16cdd5aa0dbe1b9d902a21a177b209,2.0
m01-j0595,manifest.tsv,595,real_benchmark,ihdp_semisynth,tmle,3000,0.0,18,2021900000,dml_real_benchmark_ihdp_semisynth_tmle_n3000_s0_chunk18.reps.csv,58f8b92c972f423065a7c3c0fea539a2bed4cc9392d052ddac7276957fcc9982,2.0
m01-j0596,manifest.tsv,596,real_benchmark,ihdp_semisynth,tmle,3000,0.0,19,2022000000,dml_real_benchmark_ihdp_semisynth_tmle_n3000_s0_chunk19.reps.csv,ca818c5144dffe4eba9010361da02e9cbb919a61de08f4eca6c6eb15f8540b0e,2.0
m01-j0597,manifest.tsv,597,real_benchmark,ihdp_semisynth,tmle,3000,0.0,20,2022100000,dml_real_benchmark_ihdp_semisynth_tmle_n3000_s0_chunk20.reps.csv,f209f1bbd74450e87002778959c09e48ede309c2c2eab94fd17c7d4d738b2639,2.0
m01-j0598,manifest.tsv,598,real_benchmark,ihdp_semisynth,tmle,3000,0.0,21,2022200000,dml_real_benchmark_ihdp_semisynth_tmle_n3000_s0_chunk21.reps.csv,f3aba7b9d8e1dcadf2aca1cdb0b2575344e449577dd61c8115db6a2dc23b8734,2.0
m01-j0599,manifest.tsv,599,real_benchmark,ihdp_semisynth,tmle,3000,0.0,22,2022300000,dml_real_benchmark_ihdp_semisynth_tmle_n3000_s0_chunk22.reps.csv,ea31ef6600c5ea1ff36c694178d72f55ef3d83cd56a65ea3819bc7a48bfc65fb,2.0
m01-j0600,manifest.tsv,600,real_benchmark,ihdp_semisynth,tmle,3000,0.0,23,2022400000,dml_real_benchmark_ihdp_semisynth_tmle_n3000_s0_chunk23.reps.csv,43b9cd03a0b526f92e01aba5e503c2180caa5e5ec05808152c542d539c77d6c3,2.0
m01-j0601,manifest.tsv,601,real_benchmark,ihdp_semisynth,aipw,3000,3.0,0,2022500000,dml_real_benchmark_ihdp_semisynth_aipw_n3000_s3_chunk00.reps.csv,947170aa8789d22d319451a12223bdb8fd38bfe08740b86515dd04e9a3f6996c,2.0
m01-j0602,manifest.tsv,602,real_benchmark,ihdp_semisynth,aipw,3000,3.0,1,2022600000,dml_real_benchmark_ihdp_semisynth_aipw_n3000_s3_chunk01.reps.csv,833609eaecaa87a35204400bf1ac147f038aa50e703d02b4348d838f457f3d96,2.0
m01-j0603,manifest.tsv,603,real_benchmark,ihdp_semisynth,aipw,3000,3.0,2,2022700000,dml_real_benchmark_ihdp_semisynth_aipw_n3000_s3_chunk02.reps.csv,3b3cb082331ec586b128f6f1b3c30472ff100065296409fd76646ceb4c81599f,2.0
m01-j0604,manifest.tsv,604,real_benchmark,ihdp_semisynth,aipw,3000,3.0,3,2022800000,dml_real_benchmark_ihdp_semisynth_aipw_n3000_s3_chunk03.reps.csv,abc69559cc8eac711328259089e6dafb405248933690ece3aeee4e641a735281,2.0
m01-j0605,manifest.tsv,605,real_benchmark,ihdp_semisynth,aipw,3000,3.0,4,2022900000,dml_real_benchmark_ihdp_semisynth_aipw_n3000_s3_chunk04.reps.csv,2e4f98ee5859e1ab06f1ac443f01f65f0fd8ee117dbe62c6a61bd09f759cfae0,2.0
m01-j0606,manifest.tsv,606,real_benchmark,ihdp_semisynth,aipw,3000,3.0,5,2023000000,dml_real_benchmark_ihdp_semisynth_aipw_n3000_s3_chunk05.reps.csv,fee73d9404b2b9e1bddc1137d91020f044a310e4fd7fb9129b6be6a8f0aaa904,2.0
m01-j0607,manifest.tsv,607,real_benchmark,ihdp_semisynth,aipw,3000,3.0,6,2023100000,dml_real_benchmark_ihdp_semisynth_aipw_n3000_s3_chunk06.reps.csv,2099840aa33ca198ad4797c67346b9d731ae36545c82659df01e13f44da1e3ee,2.0
m01-j0608,manifest.tsv,608,real_benchmark,ihdp_semisynth,aipw,3000,3.0,7,2023200000,dml_real_benchmark_ihdp_semisynth_aipw_n3000_s3_chunk07.reps.csv,218f8c9f2e34e683627b399a2e3daf8c04af48c917e78d56871a238df9ca8e51,2.0
m01-j0609,manifest.tsv,609,real_benchmark,ihdp_semisynth,aipw,3000,3.0,8,2023300000,dml_real_benchmark_ihdp_semisynth_aipw_n3000_s3_chunk08.reps.csv,1241a8c37ccc85c967a209e6a97d0e010b6bcb0bcc6ae637c585f3145703f608,2.0
m01-j0610,manifest.tsv,610,real_benchmark,ihdp_semisynth,aipw,3000,3.0,9,2023400000,dml_real_benchmark_ihdp_semisynth_aipw_n3000_s3_chunk09.reps.csv,2caee20729e83589aebb2ed35ea0739259eec79a5bdf180f3164703c233e3533,2.0
m01-j0611,manifest.tsv,611,real_benchmark,ihdp_semisynth,aipw,3000,3.0,10,2023500000,dml_real_benchmark_ihdp_semisynth_aipw_n3000_s3_chunk10.reps.csv,c3fbdf6d25b0e152278bc214e80a4985d6f4772aa978e9c37276506713bd701e,2.0
m01-j0612,manifest.tsv,612,real_benchmark,ihdp_semisynth,aipw,3000,3.0,11,2023600000,dml_real_benchmark_ihdp_semisynth_aipw_n3000_s3_chunk11.reps.csv,aac75915e7f44bedbd2baab9f54fb203185e667db7ae0c5f7d1221142135de61,2.0
m01-j0613,manifest.tsv,613,real_benchmark,ihdp_semisynth,aipw,3000,3.0,12,2023700000,dml_real_benchmark_ihdp_semisynth_aipw_n3000_s3_chunk12.reps.csv,b635fbd49a623f8fb91ac418ad8ff17c6f06b9eeabe11356b1265d1cb1587948,2.0
m01-j0614,manifest.tsv,614,real_benchmark,ihdp_semisynth,aipw,3000,3.0,13,2023800000,dml_real_benchmark_ihdp_semisynth_aipw_n3000_s3_chunk13.reps.csv,48a681ed18945d66c0d2a6d746dd3610ac596fbf4d5bf7580e34e5dbd8369d81,2.0
m01-j0615,manifest.tsv,615,real_benchmark,ihdp_semisynth,aipw,3000,3.0,14,2023900000,dml_real_benchmark_ihdp_semisynth_aipw_n3000_s3_chunk14.reps.csv,1c2d0835aa6364190874b88ccfd5540de40711cad3b3f7b6c559d3977567409a,2.0
m01-j0616,manifest.tsv,616,real_benchmark,ihdp_semisynth,aipw,3000,3.0,15,2024000000,dml_real_benchmark_ihdp_semisynth_aipw_n3000_s3_chunk15.reps.csv,4dfac2122e25f24e44c14d99b37d9c57d32037b3ef61e6b434f70a3065b3c67d,2.0
m01-j0617,manifest.tsv,617,real_benchmark,ihdp_semisynth,aipw,3000,3.0,16,2024100000,dml_real_benchmark_ihdp_semisynth_aipw_n3000_s3_chunk16.reps.csv,f448dcd171341341ad25830232eb96cc8a823b27dc256d62d92c967a86a73eab,2.0
m01-j0618,manifest.tsv,618,real_benchmark,ihdp_semisynth,aipw,3000,3.0,17,2024200000,dml_real_benchmark_ihdp_semisynth_aipw_n3000_s3_chunk17.reps.csv,9b465ecfbaae745a36b1232f458d1cf7fb734f9b859b39ec87f7d2535975f8de,2.0
m01-j0619,manifest.tsv,619,real_benchmark,ihdp_semisynth,aipw,3000,3.0,18,2024300000,dml_real_benchmark_ihdp_semisynth_aipw_n3000_s3_chunk18.reps.csv,c904c565a66b935ee9cb789ba5b74f886ed8b0c9f2d0b14b7e96d740a4ce0f0a,2.0
m01-j0620,manifest.tsv,620,real_benchmark,ihdp_semisynth,aipw,3000,3.0,19,2024400000,dml_real_benchmark_ihdp_semisynth_aipw_n3000_s3_chunk19.reps.csv,3bd7ab5cf13fbed3f7468dbe30e6c9e897f04f7ccd17ae633edaa6d0408df603,2.0
m01-j0621,manifest.tsv,621,real_benchmark,ihdp_semisynth,aipw,3000,3.0,20,2024500000,dml_real_benchmark_ihdp_semisynth_aipw_n3000_s3_chunk20.reps.csv,cccd9133e02628d19fdff17fd669f0226d8cf27a759d5924d0c363a161e7572c,2.0
m01-j0622,manifest.tsv,622,real_benchmark,ihdp_semisynth,aipw,3000,3.0,21,2024600000,dml_real_benchmark_ihdp_semisynth_aipw_n3000_s3_chunk21.reps.csv,712297d2b5448baaa8e21b935872e1c8c1691e894a2bcee3345cd0458b10e077,2.0
m01-j0623,manifest.tsv,623,real_benchmark,ihdp_semisynth,aipw,3000,3.0,22,2024700000,dml_real_benchmark_ihdp_semisynth_aipw_n3000_s3_chunk22.reps.csv,d58775b1b05cab556c83a7424b0588e37e81b57680fb7f20504dc09518294406,2.0
m01-j0624,manifest.tsv,624,real_benchmark,ihdp_semisynth,aipw,3000,3.0,23,2024800000,dml_real_benchmark_ihdp_semisynth_aipw_n3000_s3_chunk23.reps.csv,a7efe6b80c47b6ce06d4699b2047c0d2288bbb2072c0988c5a642aaaac59bb06,2.0
m01-j0625,manifest.tsv,625,real_benchmark,ihdp_semisynth,ctmle,3000,3.0,0,2022500000,dml_real_benchmark_ihdp_semisynth_ctmle_n3000_s3_chunk00.reps.csv,79971b7bae46dac430df62cc08a265d1b1946b67f059732a0c891ac36b3586d9,2.0
m01-j0626,manifest.tsv,626,real_benchmark,ihdp_semisynth,ctmle,3000,3.0,1,2022600000,dml_real_benchmark_ihdp_semisynth_ctmle_n3000_s3_chunk01.reps.csv,4804563cb8a7a357eefa644b0e0f61721749329414a4f0a5ce05e65b2dc4fde6,2.0
m01-j0627,manifest.tsv,627,real_benchmark,ihdp_semisynth,ctmle,3000,3.0,2,2022700000,dml_real_benchmark_ihdp_semisynth_ctmle_n3000_s3_chunk02.reps.csv,762afcb3155d64e25979ef0a000b0b1bd6fa7b18f0dd5ed5db112d2187fe118f,2.0
m01-j0628,manifest.tsv,628,real_benchmark,ihdp_semisynth,ctmle,3000,3.0,3,2022800000,dml_real_benchmark_ihdp_semisynth_ctmle_n3000_s3_chunk03.reps.csv,b5c01d69c23d5fd9a4db7230b916c36df79a07f60846ce939f8e1169441a24ce,2.0
m01-j0629,manifest.tsv,629,real_benchmark,ihdp_semisynth,ctmle,3000,3.0,4,2022900000,dml_real_benchmark_ihdp_semisynth_ctmle_n3000_s3_chunk04.reps.csv,1d0c280352cffcc5da8008253a73622dafeec5083c3b77d8dc18646f8fd8b77b,2.0
m01-j0630,manifest.tsv,630,real_benchmark,ihdp_semisynth,ctmle,3000,3.0,5,2023000000,dml_real_benchmark_ihdp_semisynth_ctmle_n3000_s3_chunk05.reps.csv,beca8661b836ac7ecaa677c7463f99b8dac13cffba5e12a61a6a3e8ca27dfe97,2.0
m01-j0631,manifest.tsv,631,real_benchmark,ihdp_semisynth,ctmle,3000,3.0,6,2023100000,dml_real_benchmark_ihdp_semisynth_ctmle_n3000_s3_chunk06.reps.csv,c41591f9b60c29ad4c4e69918f04924ea8c2daa3512c15386604250b6fb64468,2.0
m01-j0632,manifest.tsv,632,real_benchmark,ihdp_semisynth,ctmle,3000,3.0,7,2023200000,dml_real_benchmark_ihdp_semisynth_ctmle_n3000_s3_chunk07.reps.csv,080ec500dfd97d1d2a3cc486598030a6a7ee8dcdcccb10bf5b1be901b4d8a56a,2.0
m01-j0633,manifest.tsv,633,real_benchmark,ihdp_semisynth,ctmle,3000,3.0,8,2023300000,dml_real_benchmark_ihdp_semisynth_ctmle_n3000_s3_chunk08.reps.csv,069dd255c3a407e30a63917cade93015c8cab592228df5fc9994ed7116bfd6ed,2.0
m01-j0634,manifest.tsv,634,real_benchmark,ihdp_semisynth,ctmle,3000,3.0,9,2023400000,dml_real_benchmark_ihdp_semisynth_ctmle_n3000_s3_chunk09.reps.csv,af98e893338c43a7b0e6f7bd61c0f97c73e1bb7545e05de137df6353ed02fc03,2.0
m01-j0635,manifest.tsv,635,real_benchmark,ihdp_semisynth,ctmle,3000,3.0,10,2023500000,dml_real_benchmark_ihdp_semisynth_ctmle_n3000_s3_chunk10.reps.csv,77ee36e2ee4189031e7f206ad444e32526a01a94f0f6b1be589cf560af28c7cc,2.0
m01-j0636,manifest.tsv,636,real_benchmark,ihdp_semisynth,ctmle,3000,3.0,11,2023600000,dml_real_benchmark_ihdp_semisynth_ctmle_n3000_s3_chunk11.reps.csv,135647002a2a0a47a0c6ad4f1cccd9f60d1ac050d95aa12c9596a5cfb83be0e3,2.0
m01-j0637,manifest.tsv,637,real_benchmark,ihdp_semisynth,ctmle,3000,3.0,12,2023700000,dml_real_benchmark_ihdp_semisynth_ctmle_n3000_s3_chunk12.reps.csv,60b7fe41a0815b67eeed176160e4d7392c1575612f784e83f604cbbdf4111ed3,2.0
m01-j0638,manifest.tsv,638,real_benchmark,ihdp_semisynth,ctmle,3000,3.0,13,2023800000,dml_real_benchmark_ihdp_semisynth_ctmle_n3000_s3_chunk13.reps.csv,ce5f52e45ea7e37f4ca2fea94bf6833c2dde8a4902f51f164987903b29fcdf32,2.0
m01-j0639,manifest.tsv,639,real_benchmark,ihdp_semisynth,ctmle,3000,3.0,14,2023900000,dml_real_benchmark_ihdp_semisynth_ctmle_n3000_s3_chunk14.reps.csv,d695ed97038e7c042135a181515ac6818e74ebde488bae494943e9363d0edd79,2.0
m01-j0640,manifest.tsv,640,real_benchmark,ihdp_semisynth,ctmle,3000,3.0,15,2024000000,dml_real_benchmark_ihdp_semisynth_ctmle_n3000_s3_chunk15.reps.csv,2ce8715fbce5022b427f2cdd0c84fff43da9e04ce4bef02c2f5eb77322bca085,2.0
m01-j0641,manifest.tsv,641,real_benchmark,ihdp_semisynth,ctmle,3000,3.0,16,2024100000,dml_real_benchmark_ihdp_semisynth_ctmle_n3000_s3_chunk16.reps.csv,d2160566cfadb2d7e7878608dd7d1edd106f37c03c48e0f0c75d8a20ab37d1ae,2.0
m01-j0642,manifest.tsv,642,real_benchmark,ihdp_semisynth,ctmle,3000,3.0,17,2024200000,dml_real_benchmark_ihdp_semisynth_ctmle_n3000_s3_chunk17.reps.csv,4691b59807fb0e84a7a3b1b8365d5fb83d9e08650e4b1975ee79dfec00eccf93,2.0
m01-j0643,manifest.tsv,643,real_benchmark,ihdp_semisynth,ctmle,3000,3.0,18,2024300000,dml_real_benchmark_ihdp_semisynth_ctmle_n3000_s3_chunk18.reps.csv,f7d6f1f8474a60f1c310f4ea03201acad049906c9179f35e78c14484f689c145,2.0
m01-j0644,manifest.tsv,644,real_benchmark,ihdp_semisynth,ctmle,3000,3.0,19,2024400000,dml_real_benchmark_ihdp_semisynth_ctmle_n3000_s3_chunk19.reps.csv,b65016916a68b6e297537330fff3d3ab62c290f31124eadc3ff7840f21c9f173,2.0
m01-j0645,manifest.tsv,645,real_benchmark,ihdp_semisynth,ctmle,3000,3.0,20,2024500000,dml_real_benchmark_ihdp_semisynth_ctmle_n3000_s3_chunk20.reps.csv,6d721fd2aa583dc5042052b6e3c6561e73ba991bf01f91d10e1a6ddc810175c6,2.0
m01-j0646,manifest.tsv,646,real_benchmark,ihdp_semisynth,ctmle,3000,3.0,21,2024600000,dml_real_benchmark_ihdp_semisynth_ctmle_n3000_s3_chunk21.reps.csv,b41552b126e7c12b0a98d7ed408d8911eb1fd19e9a8050909a3fe3bf8fa8f2be,2.0
m01-j0647,manifest.tsv,647,real_benchmark,ihdp_semisynth,ctmle,3000,3.0,22,2024700000,dml_real_benchmark_ihdp_semisynth_ctmle_n3000_s3_chunk22.reps.csv,f919bb650129b313787175e45a81ad381aa0748300ba29a4cd1b89c4a16c845a,2.0
m01-j0648,manifest.tsv,648,real_benchmark,ihdp_semisynth,ctmle,3000,3.0,23,2024800000,dml_real_benchmark_ihdp_semisynth_ctmle_n3000_s3_chunk23.reps.csv,677f17788e9d1fed97732c956b29343698fee62989fa712fc4bbe0eadcb0853f,2.0
m01-j0649,manifest.tsv,649,real_benchmark,ihdp_semisynth,cui_selective_ml,3000,3.0,0,2022500000,dml_real_benchmark_ihdp_semisynth_cui_selective_ml_n3000_s3_chunk00.reps.csv,5f0518b1e994c09938c822f3048ee53db0d23e1ea5f39e571ca2bc714b37c7f0,2.0
m01-j0650,manifest.tsv,650,real_benchmark,ihdp_semisynth,cui_selective_ml,3000,3.0,1,2022600000,dml_real_benchmark_ihdp_semisynth_cui_selective_ml_n3000_s3_chunk01.reps.csv,839570e2b6fa53f3b62e77e4b1828e8c8d075c27fc1af1090fb4d6e68461022a,2.0
m01-j0651,manifest.tsv,651,real_benchmark,ihdp_semisynth,cui_selective_ml,3000,3.0,2,2022700000,dml_real_benchmark_ihdp_semisynth_cui_selective_ml_n3000_s3_chunk02.reps.csv,dd9c07e2f47897dfab4bf697e939f8284d5eaeec9fd5b9b359705a9a9063548c,2.0
m01-j0652,manifest.tsv,652,real_benchmark,ihdp_semisynth,cui_selective_ml,3000,3.0,3,2022800000,dml_real_benchmark_ihdp_semisynth_cui_selective_ml_n3000_s3_chunk03.reps.csv,d35fc2fe13d5d9976cb34365bd70e9a7ff23366aa984ea9fd97304b58eca53d6,2.0
m01-j0653,manifest.tsv,653,real_benchmark,ihdp_semisynth,cui_selective_ml,3000,3.0,4,2022900000,dml_real_benchmark_ihdp_semisynth_cui_selective_ml_n3000_s3_chunk04.reps.csv,dab0732e6e1fa9227102e9103c7010f845f53cbe0992aeaca48c827a299c7fbc,2.0
m01-j0654,manifest.tsv,654,real_benchmark,ihdp_semisynth,cui_selective_ml,3000,3.0,5,2023000000,dml_real_benchmark_ihdp_semisynth_cui_selective_ml_n3000_s3_chunk05.reps.csv,fc523c7549852cba4bebad57a5bb81d4216878906ac87f0b0e438376fca5d27d,2.0
m01-j0655,manifest.tsv,655,real_benchmark,ihdp_semisynth,cui_selective_ml,3000,3.0,6,2023100000,dml_real_benchmark_ihdp_semisynth_cui_selective_ml_n3000_s3_chunk06.reps.csv,c69a813d3f1fe1c4f05a33a7a0d9d95751386afb4892455bb6e2d2a28d25ba25,2.0
m01-j0656,manifest.tsv,656,real_benchmark,ihdp_semisynth,cui_selective_ml,3000,3.0,7,2023200000,dml_real_benchmark_ihdp_semisynth_cui_selective_ml_n3000_s3_chunk07.reps.csv,1867fed0bdcbe3bdfe6cf7a5e4a2234997681fbc7a0f5c67bf771260f3098433,2.0
m01-j0657,manifest.tsv,657,real_benchmark,ihdp_semisynth,cui_selective_ml,3000,3.0,8,2023300000,dml_real_benchmark_ihdp_semisynth_cui_selective_ml_n3000_s3_chunk08.reps.csv,771e628e0810c30153dc3ad17dcb5aa218d2ecaba3c4fb11772488b3f2651e52,2.0
m01-j0658,manifest.tsv,658,real_benchmark,ihdp_semisynth,cui_selective_ml,3000,3.0,9,2023400000,dml_real_benchmark_ihdp_semisynth_cui_selective_ml_n3000_s3_chunk09.reps.csv,ca683bb381ae0902ad5ba2afe6e71629b4d87a6d02b22f668d12eacac3d62dae,2.0
m01-j0659,manifest.tsv,659,real_benchmark,ihdp_semisynth,cui_selective_ml,3000,3.0,10,2023500000,dml_real_benchmark_ihdp_semisynth_cui_selective_ml_n3000_s3_chunk10.reps.csv,cc4945f81af651ea03d145c76da6509155b1191c1e0317aa0457ff9d87270d6d,2.0
m01-j0660,manifest.tsv,660,real_benchmark,ihdp_semisynth,cui_selective_ml,3000,3.0,11,2023600000,dml_real_benchmark_ihdp_semisynth_cui_selective_ml_n3000_s3_chunk11.reps.csv,a6eddce3b16023dc57d70af7ba08ee02710b1deca0edd4b5e9f76559b00a216b,2.0
m01-j0661,manifest.tsv,661,real_benchmark,ihdp_semisynth,cui_selective_ml,3000,3.0,12,2023700000,dml_real_benchmark_ihdp_semisynth_cui_selective_ml_n3000_s3_chunk12.reps.csv,0196a11e52a2042f6c32d60a4a170c3da7cf7c3f3725b0aad62f5a36605e06e2,2.0
m01-j0662,manifest.tsv,662,real_benchmark,ihdp_semisynth,cui_selective_ml,3000,3.0,13,2023800000,dml_real_benchmark_ihdp_semisynth_cui_selective_ml_n3000_s3_chunk13.reps.csv,63d6350457b5b612661fd3314d3af2c287198aaa163f6ec709548c3398782adb,2.0
m01-j0663,manifest.tsv,663,real_benchmark,ihdp_semisynth,cui_selective_ml,3000,3.0,14,2023900000,dml_real_benchmark_ihdp_semisynth_cui_selective_ml_n3000_s3_chunk14.reps.csv,d1c212be189c67e79f75a8507b2da9d1e2962b858a18a2f132b790f602598205,2.0
m01-j0664,manifest.tsv,664,real_benchmark,ihdp_semisynth,cui_selective_ml,3000,3.0,15,2024000000,dml_real_benchmark_ihdp_semisynth_cui_selective_ml_n3000_s3_chunk15.reps.csv,5747b875d945f936e877750c26dd71f2c68328b4858b69af9f9f1063f13221d0,2.0
m01-j0665,manifest.tsv,665,real_benchmark,ihdp_semisynth,cui_selective_ml,3000,3.0,16,2024100000,dml_real_benchmark_ihdp_semisynth_cui_selective_ml_n3000_s3_chunk16.reps.csv,57348df9fe084676717a53796a2ffceca1f4c174980e2d323124c95c1fd0e4e1,2.0
m01-j0666,manifest.tsv,666,real_benchmark,ihdp_semisynth,cui_selective_ml,3000,3.0,17,2024200000,dml_real_benchmark_ihdp_semisynth_cui_selective_ml_n3000_s3_chunk17.reps.csv,4af6023864833f587460e132952108ee1f896160ec78d0da6bc66f432519a495,2.0
m01-j0667,manifest.tsv,667,real_benchmark,ihdp_semisynth,cui_selective_ml,3000,3.0,18,2024300000,dml_real_benchmark_ihdp_semisynth_cui_selective_ml_n3000_s3_chunk18.reps.csv,106970eeb2d037de0c38b5daf4fd70573de0364e2ac8e21b0aa77adfbdf32fda,2.0
m01-j0668,manifest.tsv,668,real_benchmark,ihdp_semisynth,cui_selective_ml,3000,3.0,19,2024400000,dml_real_benchmark_ihdp_semisynth_cui_selective_ml_n3000_s3_chunk19.reps.csv,af5535d02ae983ac19d10b96698b1978f04994607498ee067325cd5def97fad4,2.0
m01-j0669,manifest.tsv,669,real_benchmark,ihdp_semisynth,cui_selective_ml,3000,3.0,20,2024500000,dml_real_benchmark_ihdp_semisynth_cui_selective_ml_n3000_s3_chunk20.reps.csv,7ac4596189716f752d9f7db78f742425d26c6402269780d7d132b53f580e92c5,2.0
m01-j0670,manifest.tsv,670,real_benchmark,ihdp_semisynth,cui_selective_ml,3000,3.0,21,2024600000,dml_real_benchmark_ihdp_semisynth_cui_selective_ml_n3000_s3_chunk21.reps.csv,b6104d5c0564bd877e87f4fa4e6f379aa5dea0bfe0fafb1fdd5b70b3c7aa7e85,2.0
m01-j0671,manifest.tsv,671,real_benchmark,ihdp_semisynth,cui_selective_ml,3000,3.0,22,2024700000,dml_real_benchmark_ihdp_semisynth_cui_selective_ml_n3000_s3_chunk22.reps.csv,e2de0a6b8966533dc3d5c710a67c70c32135e40e863d4dda75a518bf63ee62ae,2.0
m01-j0672,manifest.tsv,672,real_benchmark,ihdp_semisynth,cui_selective_ml,3000,3.0,23,2024800000,dml_real_benchmark_ihdp_semisynth_cui_selective_ml_n3000_s3_chunk23.reps.csv,75487a61385cf8ee2bb1e858d2de7789ff93eaff281f094ac4a537f6aada837e,2.0
m01-j0673,manifest.tsv,673,real_benchmark,ihdp_semisynth,ma_dr_bc,3000,3.0,0,2022500000,dml_real_benchmark_ihdp_semisynth_ma_dr_bc_n3000_s3_chunk00.reps.csv,0caf45968b60e43a5850549ed5896b598f044b461695e941bdb9e1f2429772b4,2.0
m01-j0674,manifest.tsv,674,real_benchmark,ihdp_semisynth,ma_dr_bc,3000,3.0,1,2022600000,dml_real_benchmark_ihdp_semisynth_ma_dr_bc_n3000_s3_chunk01.reps.csv,c56c73bb0b4d8d3bb800eea83fee229fce1e6a03724443763d907ad836a34889,2.0
m01-j0675,manifest.tsv,675,real_benchmark,ihdp_semisynth,ma_dr_bc,3000,3.0,2,2022700000,dml_real_benchmark_ihdp_semisynth_ma_dr_bc_n3000_s3_chunk02.reps.csv,e402dbbf8193a5b71a40a261494dd5ccf07c2a64f35ab9e4ecac6d309d00cc64,2.0
m01-j0676,manifest.tsv,676,real_benchmark,ihdp_semisynth,ma_dr_bc,3000,3.0,3,2022800000,dml_real_benchmark_ihdp_semisynth_ma_dr_bc_n3000_s3_chunk03.reps.csv,673d15546e920395144b791d9418cb20f65a994fb68418fe59205aae35bab4fc,2.0
m01-j0677,manifest.tsv,677,real_benchmark,ihdp_semisynth,ma_dr_bc,3000,3.0,4,2022900000,dml_real_benchmark_ihdp_semisynth_ma_dr_bc_n3000_s3_chunk04.reps.csv,e142302436ea9ad884686855b6f703796f141a6c560066406a34afc5cde827d1,2.0
m01-j0678,manifest.tsv,678,real_benchmark,ihdp_semisynth,ma_dr_bc,3000,3.0,5,2023000000,dml_real_benchmark_ihdp_semisynth_ma_dr_bc_n3000_s3_chunk05.reps.csv,1953f8818cc5509beaa64ce0d7de5729ca146111eeb1fb10f4e42df80811871c,2.0
m01-j0679,manifest.tsv,679,real_benchmark,ihdp_semisynth,ma_dr_bc,3000,3.0,6,2023100000,dml_real_benchmark_ihdp_semisynth_ma_dr_bc_n3000_s3_chunk06.reps.csv,334cc251fbef42aa4603283565f889ab2b40512af8c660e29a8c410e49cb7584,2.0
m01-j0680,manifest.tsv,680,real_benchmark,ihdp_semisynth,ma_dr_bc,3000,3.0,7,2023200000,dml_real_benchmark_ihdp_semisynth_ma_dr_bc_n3000_s3_chunk07.reps.csv,b6583749fb232e1290567c027cc252446820bce352ddf69b819df8e2010651ff,2.0
m01-j0681,manifest.tsv,681,real_benchmark,ihdp_semisynth,ma_dr_bc,3000,3.0,8,2023300000,dml_real_benchmark_ihdp_semisynth_ma_dr_bc_n3000_s3_chunk08.reps.csv,108bc93f290f64d7977851f9995838fd8cc894d50980e1b8d1a46617b28bac34,2.0
m01-j0682,manifest.tsv,682,real_benchmark,ihdp_semisynth,ma_dr_bc,3000,3.0,9,2023400000,dml_real_benchmark_ihdp_semisynth_ma_dr_bc_n3000_s3_chunk09.reps.csv,815afdc927e4e8002304ed8fa64d5870c8f63ba38c287b71135df0095d439737,2.0
m01-j0683,manifest.tsv,683,real_benchmark,ihdp_semisynth,ma_dr_bc,3000,3.0,10,2023500000,dml_real_benchmark_ihdp_semisynth_ma_dr_bc_n3000_s3_chunk10.reps.csv,ed2b03bc055980821831ae717640398aaa688b952e93466695d3e6b2b7a8ba09,2.0
m01-j0684,manifest.tsv,684,real_benchmark,ihdp_semisynth,ma_dr_bc,3000,3.0,11,2023600000,dml_real_benchmark_ihdp_semisynth_ma_dr_bc_n3000_s3_chunk11.reps.csv,78799e6c8ab1ee07ef68e05c43c4df9b9cb63dc1b47a5cf39c9b2c4bd19a0866,2.0
m01-j0685,manifest.tsv,685,real_benchmark,ihdp_semisynth,ma_dr_bc,3000,3.0,12,2023700000,dml_real_benchmark_ihdp_semisynth_ma_dr_bc_n3000_s3_chunk12.reps.csv,665a39d19fcc16b4d58715b81c3d507cab5ac652b3699577d7827f058ba9f6fc,2.0
m01-j0686,manifest.tsv,686,real_benchmark,ihdp_semisynth,ma_dr_bc,3000,3.0,13,2023800000,dml_real_benchmark_ihdp_semisynth_ma_dr_bc_n3000_s3_chunk13.reps.csv,b7ae0ef46e62f3a028aafb917d257904ae3d369a51be8a2dfc15ab6be538ce3a,2.0
m01-j0687,manifest.tsv,687,real_benchmark,ihdp_semisynth,ma_dr_bc,3000,3.0,14,2023900000,dml_real_benchmark_ihdp_semisynth_ma_dr_bc_n3000_s3_chunk14.reps.csv,b7f282c503366128464478dcae13995e58d0fa77ecb506dfc00828744862d2d4,2.0
m01-j0688,manifest.tsv,688,real_benchmark,ihdp_semisynth,ma_dr_bc,3000,3.0,15,2024000000,dml_real_benchmark_ihdp_semisynth_ma_dr_bc_n3000_s3_chunk15.reps.csv,2e9bd928fb10525df23b97b94a5d365ec9047364610b60eb64b809fc9904aeee,2.0
m01-j0689,manifest.tsv,689,real_benchmark,ihdp_semisynth,ma_dr_bc,3000,3.0,16,2024100000,dml_real_benchmark_ihdp_semisynth_ma_dr_bc_n3000_s3_chunk16.reps.csv,a74106779708557eadfcdc2f924f42a078ec5b1f2d1efbd4f362ee278109cf5e,2.0
m01-j0690,manifest.tsv,690,real_benchmark,ihdp_semisynth,ma_dr_bc,3000,3.0,17,2024200000,dml_real_benchmark_ihdp_semisynth_ma_dr_bc_n3000_s3_chunk17.reps.csv,5b31b8cc4ec545b226170a3fd3d6b3531ed2625ef04703659738ea1b577a9896,2.0
m01-j0691,manifest.tsv,691,real_benchmark,ihdp_semisynth,ma_dr_bc,3000,3.0,18,2024300000,dml_real_benchmark_ihdp_semisynth_ma_dr_bc_n3000_s3_chunk18.reps.csv,f920c39d56a1aeae6e2a98ec258565af4b54df2f9836b9099859bf0057908bcd,2.0
m01-j0692,manifest.tsv,692,real_benchmark,ihdp_semisynth,ma_dr_bc,3000,3.0,19,2024400000,dml_real_benchmark_ihdp_semisynth_ma_dr_bc_n3000_s3_chunk19.reps.csv,8a34a056003548a846d36e6147d2a8d3898207b72f70c5525068c4c3d76ea3a9,2.0
m01-j0693,manifest.tsv,693,real_benchmark,ihdp_semisynth,ma_dr_bc,3000,3.0,20,2024500000,dml_real_benchmark_ihdp_semisynth_ma_dr_bc_n3000_s3_chunk20.reps.csv,ff726e04969c45e5933ad36e83a0b3d15321b7fecfcf3a166fc2840384d3159a,2.0
m01-j0694,manifest.tsv,694,real_benchmark,ihdp_semisynth,ma_dr_bc,3000,3.0,21,2024600000,dml_real_benchmark_ihdp_semisynth_ma_dr_bc_n3000_s3_chunk21.reps.csv,dcf6e25b5da5d5938ec37d99b5f009f55055b1dfa20e27b92f43e23f7a19be99,2.0
m01-j0695,manifest.tsv,695,real_benchmark,ihdp_semisynth,ma_dr_bc,3000,3.0,22,2024700000,dml_real_benchmark_ihdp_semisynth_ma_dr_bc_n3000_s3_chunk22.reps.csv,93ea936a526b7f5918349d39828c5d1b12748926f041c2bf4fd181934c569b5d,2.0
m01-j0696,manifest.tsv,696,real_benchmark,ihdp_semisynth,ma_dr_bc,3000,3.0,23,2024800000,dml_real_benchmark_ihdp_semisynth_ma_dr_bc_n3000_s3_chunk23.reps.csv,5c517f93f42249ea5251526f6f33c7843000897244d52597db511da0e09e7a49,2.0
m01-j0697,manifest.tsv,697,real_benchmark,ihdp_semisynth,tmle,3000,3.0,0,2022500000,dml_real_benchmark_ihdp_semisynth_tmle_n3000_s3_chunk00.reps.csv,17c1606ee2ecde88ededb8bc8dca2a7392df8bb322ba2516bb3e745eea47c5eb,2.0
m01-j0698,manifest.tsv,698,real_benchmark,ihdp_semisynth,tmle,3000,3.0,1,2022600000,dml_real_benchmark_ihdp_semisynth_tmle_n3000_s3_chunk01.reps.csv,c739437ed69b86c368780320cd66edc5733353a510e285bc504e77e197384d13,2.0
m01-j0699,manifest.tsv,699,real_benchmark,ihdp_semisynth,tmle,3000,3.0,2,2022700000,dml_real_benchmark_ihdp_semisynth_tmle_n3000_s3_chunk02.reps.csv,03ac5f3a8d70e5a5a17784fdd1f9ad17ae38088e89936790a198cf4599565f4c,2.0
m01-j0700,manifest.tsv,700,real_benchmark,ihdp_semisynth,tmle,3000,3.0,3,2022800000,dml_real_benchmark_ihdp_semisynth_tmle_n3000_s3_chunk03.reps.csv,a3f08d7e8a1cc65f376f60a377db7ba8298f552c97a17db8f63be2af2d94354e,2.0
m01-j0701,manifest.tsv,701,real_benchmark,ihdp_semisynth,tmle,3000,3.0,4,2022900000,dml_real_benchmark_ihdp_semisynth_tmle_n3000_s3_chunk04.reps.csv,6838458d3fc38935113e31bd7f086ede319dc1741295b7086fcb32eb9512cda5,2.0
m01-j0702,manifest.tsv,702,real_benchmark,ihdp_semisynth,tmle,3000,3.0,5,2023000000,dml_real_benchmark_ihdp_semisynth_tmle_n3000_s3_chunk05.reps.csv,52a8b4ae4854d4c061f8ec82cf044f778e11ab6e0a002005fa6fa83a8f93bd58,2.0
m01-j0703,manifest.tsv,703,real_benchmark,ihdp_semisynth,tmle,3000,3.0,6,2023100000,dml_real_benchmark_ihdp_semisynth_tmle_n3000_s3_chunk06.reps.csv,33648a33e537f67eea9e62ca91b45d464afce09a27ed8366e28ad4ac045321e5,2.0
m01-j0704,manifest.tsv,704,real_benchmark,ihdp_semisynth,tmle,3000,3.0,7,2023200000,dml_real_benchmark_ihdp_semisynth_tmle_n3000_s3_chunk07.reps.csv,7f317800c9cc8127e9c52b78d5cb7c3260219c4c30d4d88cff47eeb2dda9a232,2.0
m01-j0705,manifest.tsv,705,real_benchmark,ihdp_semisynth,tmle,3000,3.0,8,2023300000,dml_real_benchmark_ihdp_semisynth_tmle_n3000_s3_chunk08.reps.csv,8775cc7665feec18c5802f7b29d2c3ee6644d8bc8d8712f50711fdb0ac9cc8e9,2.0
m01-j0706,manifest.tsv,706,real_benchmark,ihdp_semisynth,tmle,3000,3.0,9,2023400000,dml_real_benchmark_ihdp_semisynth_tmle_n3000_s3_chunk09.reps.csv,33bd11e2c3f428f526f828e999f4c4f6a9ec7beac85b03f13dfbb1f076c62e4f,2.0
m01-j0707,manifest.tsv,707,real_benchmark,ihdp_semisynth,tmle,3000,3.0,10,2023500000,dml_real_benchmark_ihdp_semisynth_tmle_n3000_s3_chunk10.reps.csv,59c775cdb80d7d75e97318f4dbc9c89b03df21762b370e2b6ce82506b6cde670,2.0
m01-j0708,manifest.tsv,708,real_benchmark,ihdp_semisynth,tmle,3000,3.0,11,2023600000,dml_real_benchmark_ihdp_semisynth_tmle_n3000_s3_chunk11.reps.csv,a8e811f220c1b34e7dcad718c1971f3d6f0b50ba10580cd7985c14d59673ff2f,2.0
m01-j0709,manifest.tsv,709,real_benchmark,ihdp_semisynth,tmle,3000,3.0,12,2023700000,dml_real_benchmark_ihdp_semisynth_tmle_n3000_s3_chunk12.reps.csv,b71e8de69252798cda78580297bb5508a90014734d29f7db7c2d6dbcf433b025,2.0
m01-j0710,manifest.tsv,710,real_benchmark,ihdp_semisynth,tmle,3000,3.0,13,2023800000,dml_real_benchmark_ihdp_semisynth_tmle_n3000_s3_chunk13.reps.csv,3e2e51f5cc58d9ec49010cd75eb12ca733edf7e4a1b9d3e20f0b544929994fa7,2.0
m01-j0711,manifest.tsv,711,real_benchmark,ihdp_semisynth,tmle,3000,3.0,14,2023900000,dml_real_benchmark_ihdp_semisynth_tmle_n3000_s3_chunk14.reps.csv,a1f2147a42cb7034e85921445c2e289313cfd0b306b923fbfb6d15a96ff76d0d,2.0
m01-j0712,manifest.tsv,712,real_benchmark,ihdp_semisynth,tmle,3000,3.0,15,2024000000,dml_real_benchmark_ihdp_semisynth_tmle_n3000_s3_chunk15.reps.csv,0238ff4b1fc678e096876d95eb04b3dbaa59bef9f9553d5fe31d5aa20ca00b9f,2.0
m01-j0713,manifest.tsv,713,real_benchmark,ihdp_semisynth,tmle,3000,3.0,16,2024100000,dml_real_benchmark_ihdp_semisynth_tmle_n3000_s3_chunk16.reps.csv,998a39168437e5a245fd6db80e750c74f73ebaee79f2ffec052fe4e7c4adf1db,2.0
m01-j0714,manifest.tsv,714,real_benchmark,ihdp_semisynth,tmle,3000,3.0,17,2024200000,dml_real_benchmark_ihdp_semisynth_tmle_n3000_s3_chunk17.reps.csv,e658f3eb3f5cc611c9e0716fa0db6f2a7fa640e4276674b9752f0e06d6fc907a,2.0
m01-j0715,manifest.tsv,715,real_benchmark,ihdp_semisynth,tmle,3000,3.0,18,2024300000,dml_real_benchmark_ihdp_semisynth_tmle_n3000_s3_chunk18.reps.csv,8a9377e1ce9b42b52a73f391cf1598b69126afaf3608a8d88861704f8dcf4573,2.0
m01-j0716,manifest.tsv,716,real_benchmark,ihdp_semisynth,tmle,3000,3.0,19,2024400000,dml_real_benchmark_ihdp_semisynth_tmle_n3000_s3_chunk19.reps.csv,2b2ccb142c7eb041e45b389c8c8dc8d20f64ff3af6730029c5e4fb8db62f1469,2.0
m01-j0717,manifest.tsv,717,real_benchmark,ihdp_semisynth,tmle,3000,3.0,20,2024500000,dml_real_benchmark_ihdp_semisynth_tmle_n3000_s3_chunk20.reps.csv,bc320e1f3bc4f053e63607ff8e66ccfba21c6cf19544d3e66bcf7318e966708f,2.0
m01-j0718,manifest.tsv,718,real_benchmark,ihdp_semisynth,tmle,3000,3.0,21,2024600000,dml_real_benchmark_ihdp_semisynth_tmle_n3000_s3_chunk21.reps.csv,bd6378070f6f8378acbed1fdf68dc2fc15271ece79cec10c4a71cd751ba7caa3,2.0
m01-j0719,manifest.tsv,719,real_benchmark,ihdp_semisynth,tmle,3000,3.0,22,2024700000,dml_real_benchmark_ihdp_semisynth_tmle_n3000_s3_chunk22.reps.csv,fbabc79e95562cd2831c33153f13d47331fd84d3cdc6540618e6423a930b1780,2.0
m01-j0720,manifest.tsv,720,real_benchmark,ihdp_semisynth,tmle,3000,3.0,23,2024800000,dml_real_benchmark_ihdp_semisynth_tmle_n3000_s3_chunk23.reps.csv,99f7625347612aa8f74283dbe37bac64db1277b5342a07bbe682a6d02b7f413d,2.0
m01-j0721,manifest.tsv,721,real_benchmark,ihdp_misaligned,aipw,3000,0.0,0,2024900000,dml_real_benchmark_ihdp_misaligned_aipw_n3000_s0_chunk00.reps.csv,ea6c61726519d313875571568cc6e2bb1f6e89a4d0c4987f647e7fa2257db115,2.0
m01-j0722,manifest.tsv,722,real_benchmark,ihdp_misaligned,aipw,3000,0.0,1,2025000000,dml_real_benchmark_ihdp_misaligned_aipw_n3000_s0_chunk01.reps.csv,f2234e26fc6850e3be47834dc8aafaa4405ac2f53249e74fc663939681c9d70e,2.0
m01-j0723,manifest.tsv,723,real_benchmark,ihdp_misaligned,aipw,3000,0.0,2,2025100000,dml_real_benchmark_ihdp_misaligned_aipw_n3000_s0_chunk02.reps.csv,d470cea643516276965725d2e3562b7da0bf7fb617023d7b3a69278ae6901b62,2.0
m01-j0724,manifest.tsv,724,real_benchmark,ihdp_misaligned,aipw,3000,0.0,3,2025200000,dml_real_benchmark_ihdp_misaligned_aipw_n3000_s0_chunk03.reps.csv,5463d0ff8f81f522f03c7563ba57b528e36d29b6fda944b1287b4555ef121674,2.0
m01-j0725,manifest.tsv,725,real_benchmark,ihdp_misaligned,aipw,3000,0.0,4,2025300000,dml_real_benchmark_ihdp_misaligned_aipw_n3000_s0_chunk04.reps.csv,d7efc8cf3acd09e0726a6dbfdebd94474b2ee273442e12bbc18f65d53f0a1e71,2.0
m01-j0726,manifest.tsv,726,real_benchmark,ihdp_misaligned,aipw,3000,0.0,5,2025400000,dml_real_benchmark_ihdp_misaligned_aipw_n3000_s0_chunk05.reps.csv,f9b604b0bd4aedd94fd16f96798706c24e85ba2ba98ea7ab7cb2e97dd28e61c8,2.0
m01-j0727,manifest.tsv,727,real_benchmark,ihdp_misaligned,aipw,3000,0.0,6,2025500000,dml_real_benchmark_ihdp_misaligned_aipw_n3000_s0_chunk06.reps.csv,145f2263e45bc3f8d847a0b82b61c4f49f7db19da51ffb652883df8e55008881,2.0
m01-j0728,manifest.tsv,728,real_benchmark,ihdp_misaligned,aipw,3000,0.0,7,2025600000,dml_real_benchmark_ihdp_misaligned_aipw_n3000_s0_chunk07.reps.csv,0da99a00e5c443ad1a39705bd6f86fc659d2ee438a6a931116cf7867478b55b3,2.0
m01-j0729,manifest.tsv,729,real_benchmark,ihdp_misaligned,aipw,3000,0.0,8,2025700000,dml_real_benchmark_ihdp_misaligned_aipw_n3000_s0_chunk08.reps.csv,dd5b4874134df7751ec5b74f5815e7b7ec4ef66c803c5daf6c473f9f15410792,2.0
m01-j0730,manifest.tsv,730,real_benchmark,ihdp_misaligned,aipw,3000,0.0,9,2025800000,dml_real_benchmark_ihdp_misaligned_aipw_n3000_s0_chunk09.reps.csv,615028726768686cea241b52d7ae79a871066d1f722696a60398c605dc73a33b,2.0
m01-j0731,manifest.tsv,731,real_benchmark,ihdp_misaligned,aipw,3000,0.0,10,2025900000,dml_real_benchmark_ihdp_misaligned_aipw_n3000_s0_chunk10.reps.csv,3fd04311f9ed697f008731e6660291a2c275abdbdbd477c1bd8691ebf0d732dd,2.0
m01-j0732,manifest.tsv,732,real_benchmark,ihdp_misaligned,aipw,3000,0.0,11,2026000000,dml_real_benchmark_ihdp_misaligned_aipw_n3000_s0_chunk11.reps.csv,75b471dcfe2b4188a2c44768c9daa0b4afe82ed583f1f98bf9bc2a85777592a2,2.0
m01-j0733,manifest.tsv,733,real_benchmark,ihdp_misaligned,aipw,3000,0.0,12,2026100000,dml_real_benchmark_ihdp_misaligned_aipw_n3000_s0_chunk12.reps.csv,d45abdfb2c0b9cfd22428b678b0f31bad7a5bf40c537c2bc0bcb205859e7b7ab,2.0
m01-j0734,manifest.tsv,734,real_benchmark,ihdp_misaligned,aipw,3000,0.0,13,2026200000,dml_real_benchmark_ihdp_misaligned_aipw_n3000_s0_chunk13.reps.csv,9d85c4f5a279090e6c55403515f3563794b461f62dc56026d1ac1c4d10638e86,2.0
m01-j0735,manifest.tsv,735,real_benchmark,ihdp_misaligned,aipw,3000,0.0,14,2026300000,dml_real_benchmark_ihdp_misaligned_aipw_n3000_s0_chunk14.reps.csv,4ceb4ec9e354770c55fa86ce28cd3db300dec55439ca5504c981a8cc2596f852,2.0
m01-j0736,manifest.tsv,736,real_benchmark,ihdp_misaligned,aipw,3000,0.0,15,2026400000,dml_real_benchmark_ihdp_misaligned_aipw_n3000_s0_chunk15.reps.csv,e04c1b15be13bf60b600057a801ff3dd9fe22b72bbc84e589ed7b0ce1dbde85a,2.0
m01-j0737,manifest.tsv,737,real_benchmark,ihdp_misaligned,aipw,3000,0.0,16,2026500000,dml_real_benchmark_ihdp_misaligned_aipw_n3000_s0_chunk16.reps.csv,34afe47797c872233ffce5b823f363e8266cc8d8234f21c69f1ffeb5725ec8df,2.0
m01-j0738,manifest.tsv,738,real_benchmark,ihdp_misaligned,aipw,3000,0.0,17,2026600000,dml_real_benchmark_ihdp_misaligned_aipw_n3000_s0_chunk17.reps.csv,a5cb042c58f9aa9ad4c424212b7d7a0a8e1dd64e2838559393cc2aa7b50b7909,2.0
m01-j0739,manifest.tsv,739,real_benchmark,ihdp_misaligned,aipw,3000,0.0,18,2026700000,dml_real_benchmark_ihdp_misaligned_aipw_n3000_s0_chunk18.reps.csv,808e8134b1139c02816757b8dbc37b47e9126e4903a7a192aaaaecd431a665ce,2.0
m01-j0740,manifest.tsv,740,real_benchmark,ihdp_misaligned,aipw,3000,0.0,19,2026800000,dml_real_benchmark_ihdp_misaligned_aipw_n3000_s0_chunk19.reps.csv,2c2c0ce532f129aafa8d84ab510069fae4276faf6db1527d870ab18fab7f5139,2.0
m01-j0741,manifest.tsv,741,real_benchmark,ihdp_misaligned,aipw,3000,0.0,20,2026900000,dml_real_benchmark_ihdp_misaligned_aipw_n3000_s0_chunk20.reps.csv,e1307186db08f37ea34bf51c4d5c6e42b5609e7073a5da7096391feb086ab66e,2.0
m01-j0742,manifest.tsv,742,real_benchmark,ihdp_misaligned,aipw,3000,0.0,21,2027000000,dml_real_benchmark_ihdp_misaligned_aipw_n3000_s0_chunk21.reps.csv,6153c85be74f28582d86892bbb502e2a7f2fc67a86cf03388139500da5f5b1f8,2.0
m01-j0743,manifest.tsv,743,real_benchmark,ihdp_misaligned,aipw,3000,0.0,22,2027100000,dml_real_benchmark_ihdp_misaligned_aipw_n3000_s0_chunk22.reps.csv,cb87f14fcd05370d118cb0aa105d0b5ceec2146b78d08caa32566f9588f1df22,2.0
m01-j0744,manifest.tsv,744,real_benchmark,ihdp_misaligned,aipw,3000,0.0,23,2027200000,dml_real_benchmark_ihdp_misaligned_aipw_n3000_s0_chunk23.reps.csv,4a91f97b1094320bdf7353dcef222a0ff4f3abbd71bfbf5205b215b3c4624a0d,2.0
m01-j0745,manifest.tsv,745,real_benchmark,ihdp_misaligned,ctmle,3000,0.0,0,2024900000,dml_real_benchmark_ihdp_misaligned_ctmle_n3000_s0_chunk00.reps.csv,2ca3626040bc463d61d0bcb450ecc5da221f1460ed688c558d7e9d15794574f5,2.0
m01-j0746,manifest.tsv,746,real_benchmark,ihdp_misaligned,ctmle,3000,0.0,1,2025000000,dml_real_benchmark_ihdp_misaligned_ctmle_n3000_s0_chunk01.reps.csv,71f1d9b352cc655f45b8ee42ed8be37fb56aa7e3fdfb0d91b41768f3c7b321a0,2.0
m01-j0747,manifest.tsv,747,real_benchmark,ihdp_misaligned,ctmle,3000,0.0,2,2025100000,dml_real_benchmark_ihdp_misaligned_ctmle_n3000_s0_chunk02.reps.csv,35b7f7c270809a9c765e2ba77031032f3de947fbd77eddab50a546e108e57a93,2.0
m01-j0748,manifest.tsv,748,real_benchmark,ihdp_misaligned,ctmle,3000,0.0,3,2025200000,dml_real_benchmark_ihdp_misaligned_ctmle_n3000_s0_chunk03.reps.csv,e7e610f2a732c202aba3af8d68069fa588ba5bc6f53bc51bf67639eda3d8426b,2.0
m01-j0749,manifest.tsv,749,real_benchmark,ihdp_misaligned,ctmle,3000,0.0,4,2025300000,dml_real_benchmark_ihdp_misaligned_ctmle_n3000_s0_chunk04.reps.csv,9bbfe8397f627c3617dee74d03ffc89824d76415bf2a7d349c645891fda124e9,2.0
m01-j0750,manifest.tsv,750,real_benchmark,ihdp_misaligned,ctmle,3000,0.0,5,2025400000,dml_real_benchmark_ihdp_misaligned_ctmle_n3000_s0_chunk05.reps.csv,cdfc094403752fe4c561286377771d9c90695f3c19187e3f09fa22ff9e3c53bf,2.0
m01-j0751,manifest.tsv,751,real_benchmark,ihdp_misaligned,ctmle,3000,0.0,6,2025500000,dml_real_benchmark_ihdp_misaligned_ctmle_n3000_s0_chunk06.reps.csv,47fe8a4c927012f29424bd0bad80d54855e1efb532117cc4354959ab8ab98c40,2.0
m01-j0752,manifest.tsv,752,real_benchmark,ihdp_misaligned,ctmle,3000,0.0,7,2025600000,dml_real_benchmark_ihdp_misaligned_ctmle_n3000_s0_chunk07.reps.csv,92d06b4ec16a05b171358c95d8423b941df9d124a1e128486af5ba578415b97c,2.0
m01-j0753,manifest.tsv,753,real_benchmark,ihdp_misaligned,ctmle,3000,0.0,8,2025700000,dml_real_benchmark_ihdp_misaligned_ctmle_n3000_s0_chunk08.reps.csv,d5e767aab9f8d51df195cf99422dcc46fcd9e33d52187b647f48c1feab171215,2.0
m01-j0754,manifest.tsv,754,real_benchmark,ihdp_misaligned,ctmle,3000,0.0,9,2025800000,dml_real_benchmark_ihdp_misaligned_ctmle_n3000_s0_chunk09.reps.csv,7e9ac817792ea8430e52f36196890c1145c43fc9eaff758b03153b39ade9c8fb,2.0
m01-j0755,manifest.tsv,755,real_benchmark,ihdp_misaligned,ctmle,3000,0.0,10,2025900000,dml_real_benchmark_ihdp_misaligned_ctmle_n3000_s0_chunk10.reps.csv,57c43447816915586be2c58d00e00b1b63218520f2e862a7c40a0a6eaf0ec870,2.0
m01-j0756,manifest.tsv,756,real_benchmark,ihdp_misaligned,ctmle,3000,0.0,11,2026000000,dml_real_benchmark_ihdp_misaligned_ctmle_n3000_s0_chunk11.reps.csv,ecf4abf5f4b603b644f5ef19589ecab6376c5e980fa53f5a1a349a19a6f1013d,2.0
m01-j0757,manifest.tsv,757,real_benchmark,ihdp_misaligned,ctmle,3000,0.0,12,2026100000,dml_real_benchmark_ihdp_misaligned_ctmle_n3000_s0_chunk12.reps.csv,35aa71b277abe815b740fd3ae12a6e0547fb05572cb75f1321206f81ca402aae,2.0
m01-j0758,manifest.tsv,758,real_benchmark,ihdp_misaligned,ctmle,3000,0.0,13,2026200000,dml_real_benchmark_ihdp_misaligned_ctmle_n3000_s0_chunk13.reps.csv,eb8fe2d4ac83fc04d9ab69bc26a3d459ec1833db23460af93b86e8258444c83a,2.0
m01-j0759,manifest.tsv,759,real_benchmark,ihdp_misaligned,ctmle,3000,0.0,14,2026300000,dml_real_benchmark_ihdp_misaligned_ctmle_n3000_s0_chunk14.reps.csv,936336cb616cd563b7bfe3ef43322cf2460f301649955c3f3cde5f88ff20217a,2.0
m01-j0760,manifest.tsv,760,real_benchmark,ihdp_misaligned,ctmle,3000,0.0,15,2026400000,dml_real_benchmark_ihdp_misaligned_ctmle_n3000_s0_chunk15.reps.csv,35a475bb2b14392738359befccf5a0740e00a7591423816b4a264497b54e0be6,2.0
m01-j0761,manifest.tsv,761,real_benchmark,ihdp_misaligned,ctmle,3000,0.0,16,2026500000,dml_real_benchmark_ihdp_misaligned_ctmle_n3000_s0_chunk16.reps.csv,0d83fd57b519c2c7cf5dfc721c0ea1acb7c082df0d2b5da2087fbe14b8a59e90,2.0
m01-j0762,manifest.tsv,762,real_benchmark,ihdp_misaligned,ctmle,3000,0.0,17,2026600000,dml_real_benchmark_ihdp_misaligned_ctmle_n3000_s0_chunk17.reps.csv,da036e3c12cf04b1ecee74c08c17a03bb634f70ffd61528dd25aa31cb4796a5f,2.0
m01-j0763,manifest.tsv,763,real_benchmark,ihdp_misaligned,ctmle,3000,0.0,18,2026700000,dml_real_benchmark_ihdp_misaligned_ctmle_n3000_s0_chunk18.reps.csv,487eac3f0e4b5c2528326f57684eba5806c0568535a4ab75b1cebafddb2b6a1f,2.0
m01-j0764,manifest.tsv,764,real_benchmark,ihdp_misaligned,ctmle,3000,0.0,19,2026800000,dml_real_benchmark_ihdp_misaligned_ctmle_n3000_s0_chunk19.reps.csv,bd98cea0c0cda46e285ee1ec6ad06aa23fc8ea7329513cddce179f2e810e99ae,2.0
m01-j0765,manifest.tsv,765,real_benchmark,ihdp_misaligned,ctmle,3000,0.0,20,2026900000,dml_real_benchmark_ihdp_misaligned_ctmle_n3000_s0_chunk20.reps.csv,f1da7990a2bacca27f51a1aa590deeb8529980a2c73c91eb9ce847b1361fcd01,2.0
m01-j0766,manifest.tsv,766,real_benchmark,ihdp_misaligned,ctmle,3000,0.0,21,2027000000,dml_real_benchmark_ihdp_misaligned_ctmle_n3000_s0_chunk21.reps.csv,f488fe37e6ea10331f89323e7ed287b23cef1227d2b71dd3ecd58a18a3e1f38a,2.0
m01-j0767,manifest.tsv,767,real_benchmark,ihdp_misaligned,ctmle,3000,0.0,22,2027100000,dml_real_benchmark_ihdp_misaligned_ctmle_n3000_s0_chunk22.reps.csv,6157517694d59d4e1d3cf72f15b298409a0a0948dcad4efdce018c1140a5a43f,2.0
m01-j0768,manifest.tsv,768,real_benchmark,ihdp_misaligned,ctmle,3000,0.0,23,2027200000,dml_real_benchmark_ihdp_misaligned_ctmle_n3000_s0_chunk23.reps.csv,e5c7f18a1bb9232dee11a421c3e5b3d0c2682e4d0d29bb0075e84879a0bec86e,2.0
m01-j0769,manifest.tsv,769,real_benchmark,ihdp_misaligned,cui_selective_ml,3000,0.0,0,2024900000,dml_real_benchmark_ihdp_misaligned_cui_selective_ml_n3000_s0_chunk00.reps.csv,fddd03c695d9f0d5ec64a78ef9414c1818b29c8883a63e75e370247b38796638,2.0
m01-j0770,manifest.tsv,770,real_benchmark,ihdp_misaligned,cui_selective_ml,3000,0.0,1,2025000000,dml_real_benchmark_ihdp_misaligned_cui_selective_ml_n3000_s0_chunk01.reps.csv,fad66b45e079d7cb9ea063cf0703f3927aa8e620dad813f1ede56ec0753dba35,2.0
m01-j0771,manifest.tsv,771,real_benchmark,ihdp_misaligned,cui_selective_ml,3000,0.0,2,2025100000,dml_real_benchmark_ihdp_misaligned_cui_selective_ml_n3000_s0_chunk02.reps.csv,914cf0d6984a68f985f2aaeed4cec1598b0aef05f549073da6d4b356ef0ca190,2.0
m01-j0772,manifest.tsv,772,real_benchmark,ihdp_misaligned,cui_selective_ml,3000,0.0,3,2025200000,dml_real_benchmark_ihdp_misaligned_cui_selective_ml_n3000_s0_chunk03.reps.csv,42a37aee7dfc50c7ea29f639d1aa628d1b5a983a9b3af9017a7f3a009cf397d4,2.0
m01-j0773,manifest.tsv,773,real_benchmark,ihdp_misaligned,cui_selective_ml,3000,0.0,4,2025300000,dml_real_benchmark_ihdp_misaligned_cui_selective_ml_n3000_s0_chunk04.reps.csv,644dd9616131636271c3a825e17c2c631247d3c71692ab5ada9c0d541a5b2648,2.0
m01-j0774,manifest.tsv,774,real_benchmark,ihdp_misaligned,cui_selective_ml,3000,0.0,5,2025400000,dml_real_benchmark_ihdp_misaligned_cui_selective_ml_n3000_s0_chunk05.reps.csv,26d680d9c54ff81751eecb5edbb188a89a70272fc27f376b97a3ae4ebc7dd73b,2.0
m01-j0775,manifest.tsv,775,real_benchmark,ihdp_misaligned,cui_selective_ml,3000,0.0,6,2025500000,dml_real_benchmark_ihdp_misaligned_cui_selective_ml_n3000_s0_chunk06.reps.csv,57533a13af58656993fb856673480123bbdb1cce6d15e0f4a49f83ffc1195eac,2.0
m01-j0776,manifest.tsv,776,real_benchmark,ihdp_misaligned,cui_selective_ml,3000,0.0,7,2025600000,dml_real_benchmark_ihdp_misaligned_cui_selective_ml_n3000_s0_chunk07.reps.csv,bfc47cdc9d6119874b7ab348dbded3782f2153abb0c46efcd5415191d419ceec,2.0
m01-j0777,manifest.tsv,777,real_benchmark,ihdp_misaligned,cui_selective_ml,3000,0.0,8,2025700000,dml_real_benchmark_ihdp_misaligned_cui_selective_ml_n3000_s0_chunk08.reps.csv,f0016d4ee5d41e80fdbf128d95b282eb8d854f9269762aa63f7f14c3264994ce,2.0
m01-j0778,manifest.tsv,778,real_benchmark,ihdp_misaligned,cui_selective_ml,3000,0.0,9,2025800000,dml_real_benchmark_ihdp_misaligned_cui_selective_ml_n3000_s0_chunk09.reps.csv,ba9d576fb76a01798047fd3d269b91984307d5ce3ddaeea804aefee953baa3d0,2.0
m01-j0779,manifest.tsv,779,real_benchmark,ihdp_misaligned,cui_selective_ml,3000,0.0,10,2025900000,dml_real_benchmark_ihdp_misaligned_cui_selective_ml_n3000_s0_chunk10.reps.csv,8b8318abfb3fd6c6c267bb6af1bfd589d9f211684c69a46ebf85e399ffaed78d,2.0
m01-j0780,manifest.tsv,780,real_benchmark,ihdp_misaligned,cui_selective_ml,3000,0.0,11,2026000000,dml_real_benchmark_ihdp_misaligned_cui_selective_ml_n3000_s0_chunk11.reps.csv,02761aac442b5baf2719f78fb90d906ac46b17b61753ccb95f58e24787be9cd5,2.0
m01-j0781,manifest.tsv,781,real_benchmark,ihdp_misaligned,cui_selective_ml,3000,0.0,12,2026100000,dml_real_benchmark_ihdp_misaligned_cui_selective_ml_n3000_s0_chunk12.reps.csv,4f9b1727b3fcf411f2d948ac64471ed41dcaa38e56c97bcfe346d495647b6f8a,2.0
m01-j0782,manifest.tsv,782,real_benchmark,ihdp_misaligned,cui_selective_ml,3000,0.0,13,2026200000,dml_real_benchmark_ihdp_misaligned_cui_selective_ml_n3000_s0_chunk13.reps.csv,f75d621b3f669701735a89ae10737ac2f14765803422d35859a1b3212adb19d1,2.0
m01-j0783,manifest.tsv,783,real_benchmark,ihdp_misaligned,cui_selective_ml,3000,0.0,14,2026300000,dml_real_benchmark_ihdp_misaligned_cui_selective_ml_n3000_s0_chunk14.reps.csv,fb4723c489f3dc918ac6f20981b0df1eb6faafd8728a26125fc17191b06d7fc8,2.0
m01-j0784,manifest.tsv,784,real_benchmark,ihdp_misaligned,cui_selective_ml,3000,0.0,15,2026400000,dml_real_benchmark_ihdp_misaligned_cui_selective_ml_n3000_s0_chunk15.reps.csv,1d01b50e43b5473d1d7f81ca45c66cbe401cd8fbd1a18080d4b48a6f6e6bdb69,2.0
m01-j0785,manifest.tsv,785,real_benchmark,ihdp_misaligned,cui_selective_ml,3000,0.0,16,2026500000,dml_real_benchmark_ihdp_misaligned_cui_selective_ml_n3000_s0_chunk16.reps.csv,023e531b3dbd02862d133907a80b4f7f5f25a9759696c6b52971d788bd4fe333,2.0
m01-j0786,manifest.tsv,786,real_benchmark,ihdp_misaligned,cui_selective_ml,3000,0.0,17,2026600000,dml_real_benchmark_ihdp_misaligned_cui_selective_ml_n3000_s0_chunk17.reps.csv,29f5bbf0a4354e78746c86818211cc58dd455aed13014016a6505ba537ee321c,2.0
m01-j0787,manifest.tsv,787,real_benchmark,ihdp_misaligned,cui_selective_ml,3000,0.0,18,2026700000,dml_real_benchmark_ihdp_misaligned_cui_selective_ml_n3000_s0_chunk18.reps.csv,110927e805734148a9633a75543ca6af5228a3bf464f0c2b36f799ab8f074ecb,2.0
m01-j0788,manifest.tsv,788,real_benchmark,ihdp_misaligned,cui_selective_ml,3000,0.0,19,2026800000,dml_real_benchmark_ihdp_misaligned_cui_selective_ml_n3000_s0_chunk19.reps.csv,4fce77e1a97ca0a2789349e7a4753022dba9382089eedd400fe11d923a8e6299,2.0
m01-j0789,manifest.tsv,789,real_benchmark,ihdp_misaligned,cui_selective_ml,3000,0.0,20,2026900000,dml_real_benchmark_ihdp_misaligned_cui_selective_ml_n3000_s0_chunk20.reps.csv,514e163edd36e16e4aa0a1d8d208413e07dca02b2a4eeb7e2cc1216e8a1356e9,2.0
m01-j0790,manifest.tsv,790,real_benchmark,ihdp_misaligned,cui_selective_ml,3000,0.0,21,2027000000,dml_real_benchmark_ihdp_misaligned_cui_selective_ml_n3000_s0_chunk21.reps.csv,dcf0d45c1e9c1b5eace14488ef76885a2c573d8ea819a957db8df2c6a277ac4e,2.0
m01-j0791,manifest.tsv,791,real_benchmark,ihdp_misaligned,cui_selective_ml,3000,0.0,22,2027100000,dml_real_benchmark_ihdp_misaligned_cui_selective_ml_n3000_s0_chunk22.reps.csv,06a5ee990939c6ee2617ea1207b7a55451240a046237ac603511650c26014613,2.0
m01-j0792,manifest.tsv,792,real_benchmark,ihdp_misaligned,cui_selective_ml,3000,0.0,23,2027200000,dml_real_benchmark_ihdp_misaligned_cui_selective_ml_n3000_s0_chunk23.reps.csv,608f90cd9169a01ad05b9516556022bf798dbda806ec2b0d7572f1146f8922de,2.0
m01-j0793,manifest.tsv,793,real_benchmark,ihdp_misaligned,ma_dr_bc,3000,0.0,0,2024900000,dml_real_benchmark_ihdp_misaligned_ma_dr_bc_n3000_s0_chunk00.reps.csv,5bfec1074f594519707558267b03497323fad89105aa6c5187dab9e251b7d178,2.0
m01-j0794,manifest.tsv,794,real_benchmark,ihdp_misaligned,ma_dr_bc,3000,0.0,1,2025000000,dml_real_benchmark_ihdp_misaligned_ma_dr_bc_n3000_s0_chunk01.reps.csv,fe0ca0a31384e5833a64b226a3f8848d8816bf022817dd4a0b6b75f60652f735,2.0
m01-j0795,manifest.tsv,795,real_benchmark,ihdp_misaligned,ma_dr_bc,3000,0.0,2,2025100000,dml_real_benchmark_ihdp_misaligned_ma_dr_bc_n3000_s0_chunk02.reps.csv,79406ed589f0079cfc955eaa839036b2671f50eaf33cbe1d0ad7d26a571b6118,2.0
m01-j0796,manifest.tsv,796,real_benchmark,ihdp_misaligned,ma_dr_bc,3000,0.0,3,2025200000,dml_real_benchmark_ihdp_misaligned_ma_dr_bc_n3000_s0_chunk03.reps.csv,79dd65e5c78053b5234aaa29948ee13f7839984cdb58258d374b536c99094e18,2.0
m01-j0797,manifest.tsv,797,real_benchmark,ihdp_misaligned,ma_dr_bc,3000,0.0,4,2025300000,dml_real_benchmark_ihdp_misaligned_ma_dr_bc_n3000_s0_chunk04.reps.csv,21500a152b55bd0bb894cb8b73911f51d7900cdcbac7ec812d417b0800bc3733,2.0
m01-j0798,manifest.tsv,798,real_benchmark,ihdp_misaligned,ma_dr_bc,3000,0.0,5,2025400000,dml_real_benchmark_ihdp_misaligned_ma_dr_bc_n3000_s0_chunk05.reps.csv,82734af5ceb681670267ec16e46e653b60dec179a4514d2df5ccaae297bcf1d9,2.0
m01-j0799,manifest.tsv,799,real_benchmark,ihdp_misaligned,ma_dr_bc,3000,0.0,6,2025500000,dml_real_benchmark_ihdp_misaligned_ma_dr_bc_n3000_s0_chunk06.reps.csv,0faa85baf3156db8b7051c863cf92b033b2ac553dbfd4a04f49f9aa1bde432b7,2.0
m01-j0800,manifest.tsv,800,real_benchmark,ihdp_misaligned,ma_dr_bc,3000,0.0,7,2025600000,dml_real_benchmark_ihdp_misaligned_ma_dr_bc_n3000_s0_chunk07.reps.csv,c2e4adb4646196fea7130cf5546a01603b3449247eb9dd140ac8f3aca73eee06,2.0
m01-j0801,manifest.tsv,801,real_benchmark,ihdp_misaligned,ma_dr_bc,3000,0.0,8,2025700000,dml_real_benchmark_ihdp_misaligned_ma_dr_bc_n3000_s0_chunk08.reps.csv,b1381e399cd197d1b64027ba23a49c3fdb42647ac108f9b624a3790e2715eef7,2.0
m01-j0802,manifest.tsv,802,real_benchmark,ihdp_misaligned,ma_dr_bc,3000,0.0,9,2025800000,dml_real_benchmark_ihdp_misaligned_ma_dr_bc_n3000_s0_chunk09.reps.csv,ec3472b137e913661bfa97b297b99a085b32f8a5a15733cc424c110e12922b8f,2.0
m01-j0803,manifest.tsv,803,real_benchmark,ihdp_misaligned,ma_dr_bc,3000,0.0,10,2025900000,dml_real_benchmark_ihdp_misaligned_ma_dr_bc_n3000_s0_chunk10.reps.csv,6ff10a2923c46269cb2fc625fbc9ca12b5a2b61a6f9ac084e03cbf05775893e5,2.0
m01-j0804,manifest.tsv,804,real_benchmark,ihdp_misaligned,ma_dr_bc,3000,0.0,11,2026000000,dml_real_benchmark_ihdp_misaligned_ma_dr_bc_n3000_s0_chunk11.reps.csv,1b5a0cbdbd3121aba4d43a009b06ab746aeb1709526bcd408eb359fbb23847a4,2.0
m01-j0805,manifest.tsv,805,real_benchmark,ihdp_misaligned,ma_dr_bc,3000,0.0,12,2026100000,dml_real_benchmark_ihdp_misaligned_ma_dr_bc_n3000_s0_chunk12.reps.csv,0e0cfa37eadf93104645ad649ca73fbfc509e2c4795ce8a7cfb46880a6b05327,2.0
m01-j0806,manifest.tsv,806,real_benchmark,ihdp_misaligned,ma_dr_bc,3000,0.0,13,2026200000,dml_real_benchmark_ihdp_misaligned_ma_dr_bc_n3000_s0_chunk13.reps.csv,b9257135ca79b13c1edbf7af504824673141bc7ce24d7888972c253c267bb360,2.0
m01-j0807,manifest.tsv,807,real_benchmark,ihdp_misaligned,ma_dr_bc,3000,0.0,14,2026300000,dml_real_benchmark_ihdp_misaligned_ma_dr_bc_n3000_s0_chunk14.reps.csv,b2260c98f1b3b731a6803da7ec435395e208e03324e1669da021aa099e4494cc,2.0
m01-j0808,manifest.tsv,808,real_benchmark,ihdp_misaligned,ma_dr_bc,3000,0.0,15,2026400000,dml_real_benchmark_ihdp_misaligned_ma_dr_bc_n3000_s0_chunk15.reps.csv,41e3fbd5e3825f7d86465f7deadf978c99c2d2ae70f5e460b2d52b42f36f2cb2,2.0
m01-j0809,manifest.tsv,809,real_benchmark,ihdp_misaligned,ma_dr_bc,3000,0.0,16,2026500000,dml_real_benchmark_ihdp_misaligned_ma_dr_bc_n3000_s0_chunk16.reps.csv,faa2faff258a99eee56351c9b16a2aa8223e69b7421c0be1498958c918541df5,2.0
m01-j0810,manifest.tsv,810,real_benchmark,ihdp_misaligned,ma_dr_bc,3000,0.0,17,2026600000,dml_real_benchmark_ihdp_misaligned_ma_dr_bc_n3000_s0_chunk17.reps.csv,ff14259654bbe25cce037576e408535b6265ab08b3b597e70d47014a53b14a80,2.0
m01-j0811,manifest.tsv,811,real_benchmark,ihdp_misaligned,ma_dr_bc,3000,0.0,18,2026700000,dml_real_benchmark_ihdp_misaligned_ma_dr_bc_n3000_s0_chunk18.reps.csv,f80b38bbc6e9b31558076c420c07befc857810ea47959214c822ecd22c52b831,2.0
m01-j0812,manifest.tsv,812,real_benchmark,ihdp_misaligned,ma_dr_bc,3000,0.0,19,2026800000,dml_real_benchmark_ihdp_misaligned_ma_dr_bc_n3000_s0_chunk19.reps.csv,e0537635f06544cfa821b7de6136f71fa5204b1a46f4b44e45c56186b0b8798f,2.0
m01-j0813,manifest.tsv,813,real_benchmark,ihdp_misaligned,ma_dr_bc,3000,0.0,20,2026900000,dml_real_benchmark_ihdp_misaligned_ma_dr_bc_n3000_s0_chunk20.reps.csv,73da329c54621d5a1e9b263e97d66f13220e6f54096ff221ca8418e940262f0c,2.0
m01-j0814,manifest.tsv,814,real_benchmark,ihdp_misaligned,ma_dr_bc,3000,0.0,21,2027000000,dml_real_benchmark_ihdp_misaligned_ma_dr_bc_n3000_s0_chunk21.reps.csv,c35381f84179f56a61b7225406206aa2e50d3954efc4d658b39fa43cc3394150,2.0
m01-j0815,manifest.tsv,815,real_benchmark,ihdp_misaligned,ma_dr_bc,3000,0.0,22,2027100000,dml_real_benchmark_ihdp_misaligned_ma_dr_bc_n3000_s0_chunk22.reps.csv,c32bde7727babd7a66bcd632052a19dcf1851c0f411dd7d4340cafb336c33a61,2.0
m01-j0816,manifest.tsv,816,real_benchmark,ihdp_misaligned,ma_dr_bc,3000,0.0,23,2027200000,dml_real_benchmark_ihdp_misaligned_ma_dr_bc_n3000_s0_chunk23.reps.csv,6bc478c9091e5e95ed366734379432edca558a1fae971474b6cbef05b47664da,2.0
m01-j0817,manifest.tsv,817,real_benchmark,ihdp_misaligned,tmle,3000,0.0,0,2024900000,dml_real_benchmark_ihdp_misaligned_tmle_n3000_s0_chunk00.reps.csv,a05a072b541650cf27cee34422483f5117297f7b20c1910e7788a9a616f98002,2.0
m01-j0818,manifest.tsv,818,real_benchmark,ihdp_misaligned,tmle,3000,0.0,1,2025000000,dml_real_benchmark_ihdp_misaligned_tmle_n3000_s0_chunk01.reps.csv,8717bd2aadea6e8754b81468001717b93205ca5255800b131eee7fe092330441,2.0
m01-j0819,manifest.tsv,819,real_benchmark,ihdp_misaligned,tmle,3000,0.0,2,2025100000,dml_real_benchmark_ihdp_misaligned_tmle_n3000_s0_chunk02.reps.csv,1c7306f687d476bc9fdb7afd32944fa95941714d05e3af1197114dcf731e3410,2.0
m01-j0820,manifest.tsv,820,real_benchmark,ihdp_misaligned,tmle,3000,0.0,3,2025200000,dml_real_benchmark_ihdp_misaligned_tmle_n3000_s0_chunk03.reps.csv,a672dbdd75c729f8ef011ba63acd22c38f86040c700a5a4db2157b3f87c4787f,2.0
m01-j0821,manifest.tsv,821,real_benchmark,ihdp_misaligned,tmle,3000,0.0,4,2025300000,dml_real_benchmark_ihdp_misaligned_tmle_n3000_s0_chunk04.reps.csv,ffc4db25fa8db36c0dc8f4c483a7274f4e0cb1a056809d63dc1ef231707decfd,2.0
m01-j0822,manifest.tsv,822,real_benchmark,ihdp_misaligned,tmle,3000,0.0,5,2025400000,dml_real_benchmark_ihdp_misaligned_tmle_n3000_s0_chunk05.reps.csv,496979f80bd82985f5c984254218630e4512e0dd5da4bfb64ab3a97a4b1609df,2.0
m01-j0823,manifest.tsv,823,real_benchmark,ihdp_misaligned,tmle,3000,0.0,6,2025500000,dml_real_benchmark_ihdp_misaligned_tmle_n3000_s0_chunk06.reps.csv,488e1ddf915052c680b28a8216338837ab540575def7f64ee385fbd65408e759,2.0
m01-j0824,manifest.tsv,824,real_benchmark,ihdp_misaligned,tmle,3000,0.0,7,2025600000,dml_real_benchmark_ihdp_misaligned_tmle_n3000_s0_chunk07.reps.csv,40b0f75671a08c6aafc51b39cf4d8b12b7f37c678adfd752c3c73265df71d0f2,2.0
m01-j0825,manifest.tsv,825,real_benchmark,ihdp_misaligned,tmle,3000,0.0,8,2025700000,dml_real_benchmark_ihdp_misaligned_tmle_n3000_s0_chunk08.reps.csv,5f8dab3a960877d863d2d6eb824fda9a9f3e5b9df735f6ac28dd463246a86b04,2.0
m01-j0826,manifest.tsv,826,real_benchmark,ihdp_misaligned,tmle,3000,0.0,9,2025800000,dml_real_benchmark_ihdp_misaligned_tmle_n3000_s0_chunk09.reps.csv,69b9dbdec85f3df5a7992fbd79af6670e6893536aef3e6ae333a12f800444002,2.0
m01-j0827,manifest.tsv,827,real_benchmark,ihdp_misaligned,tmle,3000,0.0,10,2025900000,dml_real_benchmark_ihdp_misaligned_tmle_n3000_s0_chunk10.reps.csv,9b8d21d15d9a47ddf35d2f5382156fb7d7293e219a5a46816334adfe251122a5,2.0
m01-j0828,manifest.tsv,828,real_benchmark,ihdp_misaligned,tmle,3000,0.0,11,2026000000,dml_real_benchmark_ihdp_misaligned_tmle_n3000_s0_chunk11.reps.csv,3ee87e7a9e0d607dac66e9f784441da53159bad7fe8d0c165d927bdea4e17b79,2.0
m01-j0829,manifest.tsv,829,real_benchmark,ihdp_misaligned,tmle,3000,0.0,12,2026100000,dml_real_benchmark_ihdp_misaligned_tmle_n3000_s0_chunk12.reps.csv,220c79297d8f956b3bfb0c0fa3be4526e9679d9a6bcc3e9d601878c1b7489193,2.0
m01-j0830,manifest.tsv,830,real_benchmark,ihdp_misaligned,tmle,3000,0.0,13,2026200000,dml_real_benchmark_ihdp_misaligned_tmle_n3000_s0_chunk13.reps.csv,05227e4b999c69bd184a4dc9c928c69cf0b002a46fcd4570d65efd6a5629cc81,2.0
m01-j0831,manifest.tsv,831,real_benchmark,ihdp_misaligned,tmle,3000,0.0,14,2026300000,dml_real_benchmark_ihdp_misaligned_tmle_n3000_s0_chunk14.reps.csv,1ea2eba9da59852fbf944ef41cf4527def233ae9cb70b519124760975234800c,2.0
m01-j0832,manifest.tsv,832,real_benchmark,ihdp_misaligned,tmle,3000,0.0,15,2026400000,dml_real_benchmark_ihdp_misaligned_tmle_n3000_s0_chunk15.reps.csv,a9dd6bc7bc1662560f09e1cba300cafae2fb5c8e9479c6f66076df19df7b5d33,2.0
m01-j0833,manifest.tsv,833,real_benchmark,ihdp_misaligned,tmle,3000,0.0,16,2026500000,dml_real_benchmark_ihdp_misaligned_tmle_n3000_s0_chunk16.reps.csv,b9e8bc9c7aad506da5e51f2029eca24d96e7c89bd426c6edfab4767bd910854d,2.0
m01-j0834,manifest.tsv,834,real_benchmark,ihdp_misaligned,tmle,3000,0.0,17,2026600000,dml_real_benchmark_ihdp_misaligned_tmle_n3000_s0_chunk17.reps.csv,e17b8de8d57b2a2d1a3303c24dd4113ff920c173f50d339d31b2a499be53a0d1,2.0
m01-j0835,manifest.tsv,835,real_benchmark,ihdp_misaligned,tmle,3000,0.0,18,2026700000,dml_real_benchmark_ihdp_misaligned_tmle_n3000_s0_chunk18.reps.csv,0100ba81a9dbac966d4d5ab4c2a3dcf48ba89145a959df7f3a746584045fe0c2,2.0
m01-j0836,manifest.tsv,836,real_benchmark,ihdp_misaligned,tmle,3000,0.0,19,2026800000,dml_real_benchmark_ihdp_misaligned_tmle_n3000_s0_chunk19.reps.csv,cedb1402acf553df3a9698b6619764a1ea2d16fc98eac0ad92ecf6b5d5d61f12,2.0
m01-j0837,manifest.tsv,837,real_benchmark,ihdp_misaligned,tmle,3000,0.0,20,2026900000,dml_real_benchmark_ihdp_misaligned_tmle_n3000_s0_chunk20.reps.csv,66390ee5e985f49e382fb39596a8795e8cc2b5dcdb099020c00830c0877596cc,2.0
m01-j0838,manifest.tsv,838,real_benchmark,ihdp_misaligned,tmle,3000,0.0,21,2027000000,dml_real_benchmark_ihdp_misaligned_tmle_n3000_s0_chunk21.reps.csv,2b296dd0c397d5c21093e74e123b81fd9287bf3446c886b3b42fd434265c228d,2.0
m01-j0839,manifest.tsv,839,real_benchmark,ihdp_misaligned,tmle,3000,0.0,22,2027100000,dml_real_benchmark_ihdp_misaligned_tmle_n3000_s0_chunk22.reps.csv,26c8b9f226ee07683432d05a39ec1386ac2041ad54efa3c69ef5bb293e79cbe0,2.0
m01-j0840,manifest.tsv,840,real_benchmark,ihdp_misaligned,tmle,3000,0.0,23,2027200000,dml_real_benchmark_ihdp_misaligned_tmle_n3000_s0_chunk23.reps.csv,f9b9b0500cb33537d5eaa0a922896ac3eff67b971bbdf595325e2c6adb322914,2.0
m01-j0841,manifest.tsv,841,real_benchmark,ihdp_misaligned,aipw,3000,3.0,0,2027300000,dml_real_benchmark_ihdp_misaligned_aipw_n3000_s3_chunk00.reps.csv,a73eac32315b1fcd2a48d367d78a4cf4322f8f2e4331d65a7fe652237a78b6e5,2.0
m01-j0842,manifest.tsv,842,real_benchmark,ihdp_misaligned,aipw,3000,3.0,1,2027400000,dml_real_benchmark_ihdp_misaligned_aipw_n3000_s3_chunk01.reps.csv,e0a966fd8adf5b018cf8f0a3542f2c99bc42902a7ce82a16d8ad16768d54edec,2.0
m01-j0843,manifest.tsv,843,real_benchmark,ihdp_misaligned,aipw,3000,3.0,2,2027500000,dml_real_benchmark_ihdp_misaligned_aipw_n3000_s3_chunk02.reps.csv,52b8d161debc57cb042010204b492b315e7da27c01e4d613be4c42d966c609c3,2.0
m01-j0844,manifest.tsv,844,real_benchmark,ihdp_misaligned,aipw,3000,3.0,3,2027600000,dml_real_benchmark_ihdp_misaligned_aipw_n3000_s3_chunk03.reps.csv,b973dfea20eb1a4fed7d656e1752e7a7bac08b57b2ad700937c5f0a6ad633b92,2.0
m01-j0845,manifest.tsv,845,real_benchmark,ihdp_misaligned,aipw,3000,3.0,4,2027700000,dml_real_benchmark_ihdp_misaligned_aipw_n3000_s3_chunk04.reps.csv,60e91d4417f12b4cfc154b460744cf887d67a9d914fd2d443c8873ac1f40e3cf,2.0
m01-j0846,manifest.tsv,846,real_benchmark,ihdp_misaligned,aipw,3000,3.0,5,2027800000,dml_real_benchmark_ihdp_misaligned_aipw_n3000_s3_chunk05.reps.csv,fc173a93dfd043fff599bbca05a35bf54b7f0dbb0f9ba9c88c2d50a5912a3536,2.0
m01-j0847,manifest.tsv,847,real_benchmark,ihdp_misaligned,aipw,3000,3.0,6,2027900000,dml_real_benchmark_ihdp_misaligned_aipw_n3000_s3_chunk06.reps.csv,7fa088170f9fed4a6fc393efd633cf25919b3d90e7e0f02592eb5ab55c72ddc7,2.0
m01-j0848,manifest.tsv,848,real_benchmark,ihdp_misaligned,aipw,3000,3.0,7,2028000000,dml_real_benchmark_ihdp_misaligned_aipw_n3000_s3_chunk07.reps.csv,d553bdd515d8eeb94b242037c0bdeecd434433a77621cdfdf1188093eff10a75,2.0
m01-j0849,manifest.tsv,849,real_benchmark,ihdp_misaligned,aipw,3000,3.0,8,2028100000,dml_real_benchmark_ihdp_misaligned_aipw_n3000_s3_chunk08.reps.csv,32eb0c8ae0c8a920a6aa6501020332541717a69fbcb7897c653a1b9f46bb5b5e,2.0
m01-j0850,manifest.tsv,850,real_benchmark,ihdp_misaligned,aipw,3000,3.0,9,2028200000,dml_real_benchmark_ihdp_misaligned_aipw_n3000_s3_chunk09.reps.csv,f468e4c8dac096f900740b9a8aa25d33cfc2b5c0c9a7710ce7add956a9e586d9,2.0
m01-j0851,manifest.tsv,851,real_benchmark,ihdp_misaligned,aipw,3000,3.0,10,2028300000,dml_real_benchmark_ihdp_misaligned_aipw_n3000_s3_chunk10.reps.csv,db9776ad5b93941960929e783c4c78f399bbb7fb629e4daa673cf6854d0ee3ca,2.0
m01-j0852,manifest.tsv,852,real_benchmark,ihdp_misaligned,aipw,3000,3.0,11,2028400000,dml_real_benchmark_ihdp_misaligned_aipw_n3000_s3_chunk11.reps.csv,36f4674cacd5ab2db68c57c53f802806e4fe7afb0af8c09410d62650bde1360e,2.0
m01-j0853,manifest.tsv,853,real_benchmark,ihdp_misaligned,aipw,3000,3.0,12,2028500000,dml_real_benchmark_ihdp_misaligned_aipw_n3000_s3_chunk12.reps.csv,f847cf663ed07023538166a2c4056d01fe11647943ed971c54cf88a8f448a5cf,2.0
m01-j0854,manifest.tsv,854,real_benchmark,ihdp_misaligned,aipw,3000,3.0,13,2028600000,dml_real_benchmark_ihdp_misaligned_aipw_n3000_s3_chunk13.reps.csv,d21e4f46fd69b6b895a838ea7f7f5a553bd167cb19b0b87767984b78d32cd514,2.0
m01-j0855,manifest.tsv,855,real_benchmark,ihdp_misaligned,aipw,3000,3.0,14,2028700000,dml_real_benchmark_ihdp_misaligned_aipw_n3000_s3_chunk14.reps.csv,37893580914400765d770ed3be4a6a5025e9faec5d2b490a14b6e508b6283d87,2.0
m01-j0856,manifest.tsv,856,real_benchmark,ihdp_misaligned,aipw,3000,3.0,15,2028800000,dml_real_benchmark_ihdp_misaligned_aipw_n3000_s3_chunk15.reps.csv,6c60b1d3b0a7bbc4d969f439e5cb1250e587825d8a7d248ff032cd2cf485f967,2.0
m01-j0857,manifest.tsv,857,real_benchmark,ihdp_misaligned,aipw,3000,3.0,16,2028900000,dml_real_benchmark_ihdp_misaligned_aipw_n3000_s3_chunk16.reps.csv,991c587ce172cacf60a07da8913e6e6cb73e54f69e2d7b6fbbd06d4cd5d897a0,2.0
m01-j0858,manifest.tsv,858,real_benchmark,ihdp_misaligned,aipw,3000,3.0,17,2029000000,dml_real_benchmark_ihdp_misaligned_aipw_n3000_s3_chunk17.reps.csv,d8d8bcf4e692847692f20ad54d2b2afe35d1a573db8b031696a83cd01fa4ac10,2.0
m01-j0859,manifest.tsv,859,real_benchmark,ihdp_misaligned,aipw,3000,3.0,18,2029100000,dml_real_benchmark_ihdp_misaligned_aipw_n3000_s3_chunk18.reps.csv,c12c551f4ff0c33b0ed0e72670cb4057eb0d9c1fae9277ab85c96382ba5b241a,2.0
m01-j0860,manifest.tsv,860,real_benchmark,ihdp_misaligned,aipw,3000,3.0,19,2029200000,dml_real_benchmark_ihdp_misaligned_aipw_n3000_s3_chunk19.reps.csv,16375853f4ab13f5f43cfbab6199e0eed1a8133cac89ed4bd57f2c7a83eac251,2.0
m01-j0861,manifest.tsv,861,real_benchmark,ihdp_misaligned,aipw,3000,3.0,20,2029300000,dml_real_benchmark_ihdp_misaligned_aipw_n3000_s3_chunk20.reps.csv,a4b40154e47424ad3db89337b5664df18f0d7523d7e606d2672ac3c89abb3eca,2.0
m01-j0862,manifest.tsv,862,real_benchmark,ihdp_misaligned,aipw,3000,3.0,21,2029400000,dml_real_benchmark_ihdp_misaligned_aipw_n3000_s3_chunk21.reps.csv,3a68badef40ed0e4a84be768c9e9a956982aa2784adfd747903c774709731da2,2.0
m01-j0863,manifest.tsv,863,real_benchmark,ihdp_misaligned,aipw,3000,3.0,22,2029500000,dml_real_benchmark_ihdp_misaligned_aipw_n3000_s3_chunk22.reps.csv,abc3013804925a209e1b130c8ca0457e16651d88e5f8d7cbff64aa2e4bce23aa,2.0
m01-j0864,manifest.tsv,864,real_benchmark,ihdp_misaligned,aipw,3000,3.0,23,2029600000,dml_real_benchmark_ihdp_misaligned_aipw_n3000_s3_chunk23.reps.csv,467885323a05d864db2421a2204f55d3ad37aca74dba52477ff33e2c5235273c,2.0
m01-j0865,manifest.tsv,865,real_benchmark,ihdp_misaligned,ctmle,3000,3.0,0,2027300000,dml_real_benchmark_ihdp_misaligned_ctmle_n3000_s3_chunk00.reps.csv,8ea70151e97bbb7a0fdd38ce4fe06fa5c30e7f27f894f7f3911b0a2ec19782de,2.0
m01-j0866,manifest.tsv,866,real_benchmark,ihdp_misaligned,ctmle,3000,3.0,1,2027400000,dml_real_benchmark_ihdp_misaligned_ctmle_n3000_s3_chunk01.reps.csv,1a6cba8d43539d67981a4174d589202524c48fd0f850fc07859e3915906f89cf,2.0
m01-j0867,manifest.tsv,867,real_benchmark,ihdp_misaligned,ctmle,3000,3.0,2,2027500000,dml_real_benchmark_ihdp_misaligned_ctmle_n3000_s3_chunk02.reps.csv,954f8c3724cb62e4d0713906c1cf1e897f0aab8e5fcc1ef089a26549b53ca498,2.0
m01-j0868,manifest.tsv,868,real_benchmark,ihdp_misaligned,ctmle,3000,3.0,3,2027600000,dml_real_benchmark_ihdp_misaligned_ctmle_n3000_s3_chunk03.reps.csv,1a31e6d77161865d1d8166ef19cfc9ffd6ceff67d50b6e2d9f1ad21d66434ab7,2.0
m01-j0869,manifest.tsv,869,real_benchmark,ihdp_misaligned,ctmle,3000,3.0,4,2027700000,dml_real_benchmark_ihdp_misaligned_ctmle_n3000_s3_chunk04.reps.csv,d85b9fb325916202ce39ba6ce1d8e95545728b8e76dbb14cc9d5ce24bf03d81b,2.0
m01-j0870,manifest.tsv,870,real_benchmark,ihdp_misaligned,ctmle,3000,3.0,5,2027800000,dml_real_benchmark_ihdp_misaligned_ctmle_n3000_s3_chunk05.reps.csv,583486b8f7c71891cb1e0155b50a757c0afb435ed521131dcf6ba6086e6d1a6e,2.0
m01-j0871,manifest.tsv,871,real_benchmark,ihdp_misaligned,ctmle,3000,3.0,6,2027900000,dml_real_benchmark_ihdp_misaligned_ctmle_n3000_s3_chunk06.reps.csv,e633382e134e9d91510bf4bc3ed4cd30e95ddd0921e6c73158afd330c1c737f5,2.0
m01-j0872,manifest.tsv,872,real_benchmark,ihdp_misaligned,ctmle,3000,3.0,7,2028000000,dml_real_benchmark_ihdp_misaligned_ctmle_n3000_s3_chunk07.reps.csv,4aab837b10bda2e336b95a6c278ef67385d226cdc3467badc7faed89cef8765e,2.0
m01-j0873,manifest.tsv,873,real_benchmark,ihdp_misaligned,ctmle,3000,3.0,8,2028100000,dml_real_benchmark_ihdp_misaligned_ctmle_n3000_s3_chunk08.reps.csv,a4abc524f1da4564f29a47af8b272f20383117a2590c1cff9a22084c87434e2d,2.0
m01-j0874,manifest.tsv,874,real_benchmark,ihdp_misaligned,ctmle,3000,3.0,9,2028200000,dml_real_benchmark_ihdp_misaligned_ctmle_n3000_s3_chunk09.reps.csv,c447ee708cb2b8dcddf6db7e13acb7a425546863e73f899782bf300cd4da180d,2.0
m01-j0875,manifest.tsv,875,real_benchmark,ihdp_misaligned,ctmle,3000,3.0,10,2028300000,dml_real_benchmark_ihdp_misaligned_ctmle_n3000_s3_chunk10.reps.csv,ba2e9ed988c40f34d263cb6a98c371c7650239d2bc1a38d1e84e54d1ad8c6624,2.0
m01-j0876,manifest.tsv,876,real_benchmark,ihdp_misaligned,ctmle,3000,3.0,11,2028400000,dml_real_benchmark_ihdp_misaligned_ctmle_n3000_s3_chunk11.reps.csv,5936b14bad8cb7a88ab564f5185d768fca01bbc0144944357f00d76de6df067e,2.0
m01-j0877,manifest.tsv,877,real_benchmark,ihdp_misaligned,ctmle,3000,3.0,12,2028500000,dml_real_benchmark_ihdp_misaligned_ctmle_n3000_s3_chunk12.reps.csv,d56df8433e20dc276404efcb2d8665e86f5faa3db3cf4d32bc89b54182008877,2.0
m01-j0878,manifest.tsv,878,real_benchmark,ihdp_misaligned,ctmle,3000,3.0,13,2028600000,dml_real_benchmark_ihdp_misaligned_ctmle_n3000_s3_chunk13.reps.csv,4722dbea6e76cdf218651031d8e08d65b0b72c039544c3bc05e228492e64cb8e,2.0
m01-j0879,manifest.tsv,879,real_benchmark,ihdp_misaligned,ctmle,3000,3.0,14,2028700000,dml_real_benchmark_ihdp_misaligned_ctmle_n3000_s3_chunk14.reps.csv,27226077205db24b3f730742c90fe532c0f2abb42db3c755773238c2cce671b1,2.0
m01-j0880,manifest.tsv,880,real_benchmark,ihdp_misaligned,ctmle,3000,3.0,15,2028800000,dml_real_benchmark_ihdp_misaligned_ctmle_n3000_s3_chunk15.reps.csv,d6be3a1326886071c792daada6aa1d6bac467a621906e88a768c52d2b32e9760,2.0
m01-j0881,manifest.tsv,881,real_benchmark,ihdp_misaligned,ctmle,3000,3.0,16,2028900000,dml_real_benchmark_ihdp_misaligned_ctmle_n3000_s3_chunk16.reps.csv,5e5406cb76139096000087686e8056b437e1f1e73e9bdb38e9786c3cf12fcd31,2.0
m01-j0882,manifest.tsv,882,real_benchmark,ihdp_misaligned,ctmle,3000,3.0,17,2029000000,dml_real_benchmark_ihdp_misaligned_ctmle_n3000_s3_chunk17.reps.csv,048291858592a19aab76d2eeed426a02e7078fe381375de967888ae6569f6c19,2.0
m01-j0883,manifest.tsv,883,real_benchmark,ihdp_misaligned,ctmle,3000,3.0,18,2029100000,dml_real_benchmark_ihdp_misaligned_ctmle_n3000_s3_chunk18.reps.csv,56fbab9dd1e6f4cd8deda35a1e935db2dc42658b2303d86e50f52298e69c2cac,2.0
m01-j0884,manifest.tsv,884,real_benchmark,ihdp_misaligned,ctmle,3000,3.0,19,2029200000,dml_real_benchmark_ihdp_misaligned_ctmle_n3000_s3_chunk19.reps.csv,145885803016ddc2f046f502550d4628b584edf348a0b0942b81802a4949f26b,2.0
m01-j0885,manifest.tsv,885,real_benchmark,ihdp_misaligned,ctmle,3000,3.0,20,2029300000,dml_real_benchmark_ihdp_misaligned_ctmle_n3000_s3_chunk20.reps.csv,d5d773a9a278e60d7de9f6ff3babf682c3de2c6aeb729305ada23b00635f08d5,2.0
m01-j0886,manifest.tsv,886,real_benchmark,ihdp_misaligned,ctmle,3000,3.0,21,2029400000,dml_real_benchmark_ihdp_misaligned_ctmle_n3000_s3_chunk21.reps.csv,38cdf4aedd26535732aa7d77d2e1fb287d8541df827a6b7f28d8fe5cdb781bb0,2.0
m01-j0887,manifest.tsv,887,real_benchmark,ihdp_misaligned,ctmle,3000,3.0,22,2029500000,dml_real_benchmark_ihdp_misaligned_ctmle_n3000_s3_chunk22.reps.csv,01891f96cdd7909dc01e7616f7776d482951f099ce082c809301ba5f049c24ea,2.0
m01-j0888,manifest.tsv,888,real_benchmark,ihdp_misaligned,ctmle,3000,3.0,23,2029600000,dml_real_benchmark_ihdp_misaligned_ctmle_n3000_s3_chunk23.reps.csv,19a0b9e23fc243ffe5f6a71c327b5138697877d6ba9e30529105fd668f4be322,2.0
m01-j0889,manifest.tsv,889,real_benchmark,ihdp_misaligned,cui_selective_ml,3000,3.0,0,2027300000,dml_real_benchmark_ihdp_misaligned_cui_selective_ml_n3000_s3_chunk00.reps.csv,1bd82c182f6622efd443843b77cf51c42e29fc789635d63219a407f1be9de33b,2.0
m01-j0890,manifest.tsv,890,real_benchmark,ihdp_misaligned,cui_selective_ml,3000,3.0,1,2027400000,dml_real_benchmark_ihdp_misaligned_cui_selective_ml_n3000_s3_chunk01.reps.csv,450694f10b3254e546445630476978088a12230702977eae9d9bf06efe2f369a,2.0
m01-j0891,manifest.tsv,891,real_benchmark,ihdp_misaligned,cui_selective_ml,3000,3.0,2,2027500000,dml_real_benchmark_ihdp_misaligned_cui_selective_ml_n3000_s3_chunk02.reps.csv,26a6f804ef345545fbdfc64485cab3f15e57ddef688aa2005965f7d298a8bca9,2.0
m01-j0892,manifest.tsv,892,real_benchmark,ihdp_misaligned,cui_selective_ml,3000,3.0,3,2027600000,dml_real_benchmark_ihdp_misaligned_cui_selective_ml_n3000_s3_chunk03.reps.csv,2c1c24247e24c2731422a462ebc99f73044bc7373590571c875f45e39fbc27b9,2.0
m01-j0893,manifest.tsv,893,real_benchmark,ihdp_misaligned,cui_selective_ml,3000,3.0,4,2027700000,dml_real_benchmark_ihdp_misaligned_cui_selective_ml_n3000_s3_chunk04.reps.csv,3f13e349f0f2913a429c1c29fa4bbee791dfcc0bcf5d7c4dd086375a88b81117,2.0
m01-j0894,manifest.tsv,894,real_benchmark,ihdp_misaligned,cui_selective_ml,3000,3.0,5,2027800000,dml_real_benchmark_ihdp_misaligned_cui_selective_ml_n3000_s3_chunk05.reps.csv,612ce471ac8feb756f3a0b7ca103e912809ccb56f0ace25acd5aa6021672a54a,2.0
m01-j0895,manifest.tsv,895,real_benchmark,ihdp_misaligned,cui_selective_ml,3000,3.0,6,2027900000,dml_real_benchmark_ihdp_misaligned_cui_selective_ml_n3000_s3_chunk06.reps.csv,c796baad9342faa9561a626a17e768a399e98a50e89eb3808210f7f7dfa998fb,2.0
m01-j0896,manifest.tsv,896,real_benchmark,ihdp_misaligned,cui_selective_ml,3000,3.0,7,2028000000,dml_real_benchmark_ihdp_misaligned_cui_selective_ml_n3000_s3_chunk07.reps.csv,e9183d508cd31e76e09b4c49b6bf74e846ec2ab44039f4bc1624119abf400a26,2.0
m01-j0897,manifest.tsv,897,real_benchmark,ihdp_misaligned,cui_selective_ml,3000,3.0,8,2028100000,dml_real_benchmark_ihdp_misaligned_cui_selective_ml_n3000_s3_chunk08.reps.csv,a7a993c86cb3b3de01c1a54fd53e4a006328e6875f16cfe959e8559fe6ce072f,2.0
m01-j0898,manifest.tsv,898,real_benchmark,ihdp_misaligned,cui_selective_ml,3000,3.0,9,2028200000,dml_real_benchmark_ihdp_misaligned_cui_selective_ml_n3000_s3_chunk09.reps.csv,935719aa56238b0afdf0aa8b9b37bd7919e1257bb26ccd51b22036f8ffd5d9ec,2.0
m01-j0899,manifest.tsv,899,real_benchmark,ihdp_misaligned,cui_selective_ml,3000,3.0,10,2028300000,dml_real_benchmark_ihdp_misaligned_cui_selective_ml_n3000_s3_chunk10.reps.csv,89d65bca1b81ec3dc8925f7cd4b22e9ba17fb13377dfb37f95058b8aa488d430,2.0
m01-j0900,manifest.tsv,900,real_benchmark,ihdp_misaligned,cui_selective_ml,3000,3.0,11,2028400000,dml_real_benchmark_ihdp_misaligned_cui_selective_ml_n3000_s3_chunk11.reps.csv,cf89e03ae26ec28bacf3b2d177bb68cc08d5f38bc3b6b114c44b93e2fc3b0500,2.0
m01-j0901,manifest.tsv,901,real_benchmark,ihdp_misaligned,cui_selective_ml,3000,3.0,12,2028500000,dml_real_benchmark_ihdp_misaligned_cui_selective_ml_n3000_s3_chunk12.reps.csv,3b7fad7b4e7415f5dbf8af79704ab4a9fda63238ce7792da7128c3b469bcd15e,2.0
m01-j0902,manifest.tsv,902,real_benchmark,ihdp_misaligned,cui_selective_ml,3000,3.0,13,2028600000,dml_real_benchmark_ihdp_misaligned_cui_selective_ml_n3000_s3_chunk13.reps.csv,8bad31005fe532a9a69200fe20987105409ec2198bc04a4722f4a159679ab8fd,2.0
m01-j0903,manifest.tsv,903,real_benchmark,ihdp_misaligned,cui_selective_ml,3000,3.0,14,2028700000,dml_real_benchmark_ihdp_misaligned_cui_selective_ml_n3000_s3_chunk14.reps.csv,44a55a6fc0d5372d26dac5e2473c45aa1a9fff3f100af1c403c7d7ac20ef566b,2.0
m01-j0904,manifest.tsv,904,real_benchmark,ihdp_misaligned,cui_selective_ml,3000,3.0,15,2028800000,dml_real_benchmark_ihdp_misaligned_cui_selective_ml_n3000_s3_chunk15.reps.csv,a2dbfa3f1f1334b6c16f24b5e1245e7dc7f0e848f26a7c2e5d7ab30bb424140d,2.0
m01-j0905,manifest.tsv,905,real_benchmark,ihdp_misaligned,cui_selective_ml,3000,3.0,16,2028900000,dml_real_benchmark_ihdp_misaligned_cui_selective_ml_n3000_s3_chunk16.reps.csv,b44c257fbfd2680bb04b993f2f389a8e535990b5a5fb80684e6913d839c1c815,2.0
m01-j0906,manifest.tsv,906,real_benchmark,ihdp_misaligned,cui_selective_ml,3000,3.0,17,2029000000,dml_real_benchmark_ihdp_misaligned_cui_selective_ml_n3000_s3_chunk17.reps.csv,aff296741eb9e69e3f4f449a54f72918bfff39c24c11ed3d84231f30bf54c7c8,2.0
m01-j0907,manifest.tsv,907,real_benchmark,ihdp_misaligned,cui_selective_ml,3000,3.0,18,2029100000,dml_real_benchmark_ihdp_misaligned_cui_selective_ml_n3000_s3_chunk18.reps.csv,7ca12a1870ce7d7fde8f937274c9c929c89659f8e3285f51645b450d184d0f21,2.0
m01-j0908,manifest.tsv,908,real_benchmark,ihdp_misaligned,cui_selective_ml,3000,3.0,19,2029200000,dml_real_benchmark_ihdp_misaligned_cui_selective_ml_n3000_s3_chunk19.reps.csv,865907014675b30c8297cb0ff0a4746a1fbecd0f643d87d4cdd85e2ac9e1df00,2.0
m01-j0909,manifest.tsv,909,real_benchmark,ihdp_misaligned,cui_selective_ml,3000,3.0,20,2029300000,dml_real_benchmark_ihdp_misaligned_cui_selective_ml_n3000_s3_chunk20.reps.csv,55d37ba1873075b551cef1a1acd428fe9c7aab5b9044358e4595b1f12294b48e,2.0
m01-j0910,manifest.tsv,910,real_benchmark,ihdp_misaligned,cui_selective_ml,3000,3.0,21,2029400000,dml_real_benchmark_ihdp_misaligned_cui_selective_ml_n3000_s3_chunk21.reps.csv,f868e1149585d8de56ab3fd219a4011f755dda582f91a06f7491bef65728f045,2.0
m01-j0911,manifest.tsv,911,real_benchmark,ihdp_misaligned,cui_selective_ml,3000,3.0,22,2029500000,dml_real_benchmark_ihdp_misaligned_cui_selective_ml_n3000_s3_chunk22.reps.csv,a883a3a4280371feb950bab0d344dadd0ce87eec38bedc8712cdcc12f94b9e12,2.0
m01-j0912,manifest.tsv,912,real_benchmark,ihdp_misaligned,cui_selective_ml,3000,3.0,23,2029600000,dml_real_benchmark_ihdp_misaligned_cui_selective_ml_n3000_s3_chunk23.reps.csv,95799fb4ad8b2b1b7847360c18d20f369aa67d0d37aa32dbbb48d8618a6b6713,2.0
m01-j0913,manifest.tsv,913,real_benchmark,ihdp_misaligned,ma_dr_bc,3000,3.0,0,2027300000,dml_real_benchmark_ihdp_misaligned_ma_dr_bc_n3000_s3_chunk00.reps.csv,683a3b2beab9c77d5636951e8e8cafd868e3246c928278b24540143c4fff3330,2.0
m01-j0914,manifest.tsv,914,real_benchmark,ihdp_misaligned,ma_dr_bc,3000,3.0,1,2027400000,dml_real_benchmark_ihdp_misaligned_ma_dr_bc_n3000_s3_chunk01.reps.csv,12aa3a02242afe16d8a2c4ad723afb1adf90f52979723d59fc2c8a4570381682,2.0
m01-j0915,manifest.tsv,915,real_benchmark,ihdp_misaligned,ma_dr_bc,3000,3.0,2,2027500000,dml_real_benchmark_ihdp_misaligned_ma_dr_bc_n3000_s3_chunk02.reps.csv,3ed6c58e4508b87e7b0d5a108af6efa97e201402a40908be224260a707a7134d,2.0
m01-j0916,manifest.tsv,916,real_benchmark,ihdp_misaligned,ma_dr_bc,3000,3.0,3,2027600000,dml_real_benchmark_ihdp_misaligned_ma_dr_bc_n3000_s3_chunk03.reps.csv,c119bcb386467025794212ba29291e6fa4de3323cfda9f311a2d9ec0ab3ee2e7,2.0
m01-j0917,manifest.tsv,917,real_benchmark,ihdp_misaligned,ma_dr_bc,3000,3.0,4,2027700000,dml_real_benchmark_ihdp_misaligned_ma_dr_bc_n3000_s3_chunk04.reps.csv,85f82300a14bd16b19d2d6e8d0bab3aa602acd0c1120a2c18ee7aa4ab47ab307,2.0
m01-j0918,manifest.tsv,918,real_benchmark,ihdp_misaligned,ma_dr_bc,3000,3.0,5,2027800000,dml_real_benchmark_ihdp_misaligned_ma_dr_bc_n3000_s3_chunk05.reps.csv,0f4097269e023d877d08b36fc80d4b23b78715871fd78596038772629e61669e,2.0
m01-j0919,manifest.tsv,919,real_benchmark,ihdp_misaligned,ma_dr_bc,3000,3.0,6,2027900000,dml_real_benchmark_ihdp_misaligned_ma_dr_bc_n3000_s3_chunk06.reps.csv,5e84dfbc5b7e74df8a4a98179787eb05a07d4825483cc7e625a4a8a2017571ab,2.0
m01-j0920,manifest.tsv,920,real_benchmark,ihdp_misaligned,ma_dr_bc,3000,3.0,7,2028000000,dml_real_benchmark_ihdp_misaligned_ma_dr_bc_n3000_s3_chunk07.reps.csv,d659a71a77b01c6bc960188c629ca2bc7804cd9915e9d2eeae65cc0dfe7ed5b9,2.0
m01-j0921,manifest.tsv,921,real_benchmark,ihdp_misaligned,ma_dr_bc,3000,3.0,8,2028100000,dml_real_benchmark_ihdp_misaligned_ma_dr_bc_n3000_s3_chunk08.reps.csv,05a68df6715c49c5fd51c33b206f7c08ca89971fa8b3411b591ae13e10ef002a,2.0
m01-j0922,manifest.tsv,922,real_benchmark,ihdp_misaligned,ma_dr_bc,3000,3.0,9,2028200000,dml_real_benchmark_ihdp_misaligned_ma_dr_bc_n3000_s3_chunk09.reps.csv,301514a48376101ecaf1e419f43f261497db81a4c3fd30cab69af28e13da8f41,2.0
m01-j0923,manifest.tsv,923,real_benchmark,ihdp_misaligned,ma_dr_bc,3000,3.0,10,2028300000,dml_real_benchmark_ihdp_misaligned_ma_dr_bc_n3000_s3_chunk10.reps.csv,356a8455a4f1669aa80dc751ef2b938ea47c16bac8345d9237599d7609e3849d,2.0
m01-j0924,manifest.tsv,924,real_benchmark,ihdp_misaligned,ma_dr_bc,3000,3.0,11,2028400000,dml_real_benchmark_ihdp_misaligned_ma_dr_bc_n3000_s3_chunk11.reps.csv,03102534d8f5723ab14d3b891b5afc022e2d5212334e2238152007a96420967d,2.0
m01-j0925,manifest.tsv,925,real_benchmark,ihdp_misaligned,ma_dr_bc,3000,3.0,12,2028500000,dml_real_benchmark_ihdp_misaligned_ma_dr_bc_n3000_s3_chunk12.reps.csv,64e87fb6bf6064e416e4eabcb5f639b77577eed721266a3faf93a5e282442948,2.0
m01-j0926,manifest.tsv,926,real_benchmark,ihdp_misaligned,ma_dr_bc,3000,3.0,13,2028600000,dml_real_benchmark_ihdp_misaligned_ma_dr_bc_n3000_s3_chunk13.reps.csv,ff02460718f0c3f064f440ab04c2f80dad6578edc3281ac854f2e0e6c94d0b9c,2.0
m01-j0927,manifest.tsv,927,real_benchmark,ihdp_misaligned,ma_dr_bc,3000,3.0,14,2028700000,dml_real_benchmark_ihdp_misaligned_ma_dr_bc_n3000_s3_chunk14.reps.csv,44e508da8011495bdeac7088a6e39b3e4ea06a823f601d784461ec1abc55df1e,2.0
m01-j0928,manifest.tsv,928,real_benchmark,ihdp_misaligned,ma_dr_bc,3000,3.0,15,2028800000,dml_real_benchmark_ihdp_misaligned_ma_dr_bc_n3000_s3_chunk15.reps.csv,ea4c01b6b527a3f9e8a8d7ad4d9c708875946eb53c6a8e481bb05cf3f6b6c61e,2.0
m01-j0929,manifest.tsv,929,real_benchmark,ihdp_misaligned,ma_dr_bc,3000,3.0,16,2028900000,dml_real_benchmark_ihdp_misaligned_ma_dr_bc_n3000_s3_chunk16.reps.csv,9c72bf9da5e4c76b62bfcb1da7492403d317767e68d151d268c9e600e593009b,2.0
m01-j0930,manifest.tsv,930,real_benchmark,ihdp_misaligned,ma_dr_bc,3000,3.0,17,2029000000,dml_real_benchmark_ihdp_misaligned_ma_dr_bc_n3000_s3_chunk17.reps.csv,dc2f9b0c1b5fd28623b40d9ac0a28f1bd310bdeda727c0424be856b49c04a447,2.0
m01-j0931,manifest.tsv,931,real_benchmark,ihdp_misaligned,ma_dr_bc,3000,3.0,18,2029100000,dml_real_benchmark_ihdp_misaligned_ma_dr_bc_n3000_s3_chunk18.reps.csv,310b0a4bc11eaf0a0618f151edaebae617f1aeeb124554e93028a7a010a43a57,2.0
m01-j0932,manifest.tsv,932,real_benchmark,ihdp_misaligned,ma_dr_bc,3000,3.0,19,2029200000,dml_real_benchmark_ihdp_misaligned_ma_dr_bc_n3000_s3_chunk19.reps.csv,41c9890a929025990f48e71138f47e4d32bdcf8c0a931c407d4cbe84cfa3eba3,2.0
m01-j0933,manifest.tsv,933,real_benchmark,ihdp_misaligned,ma_dr_bc,3000,3.0,20,2029300000,dml_real_benchmark_ihdp_misaligned_ma_dr_bc_n3000_s3_chunk20.reps.csv,f9dbd311e213008c5760e083e979d50f59f5d1bdaa680b10052046a47eeb66c5,2.0
m01-j0934,manifest.tsv,934,real_benchmark,ihdp_misaligned,ma_dr_bc,3000,3.0,21,2029400000,dml_real_benchmark_ihdp_misaligned_ma_dr_bc_n3000_s3_chunk21.reps.csv,7dbf525eb5aa868b9d602babf00acb3d8555f6d97fa87077142f0a33179b8499,2.0
m01-j0935,manifest.tsv,935,real_benchmark,ihdp_misaligned,ma_dr_bc,3000,3.0,22,2029500000,dml_real_benchmark_ihdp_misaligned_ma_dr_bc_n3000_s3_chunk22.reps.csv,9a926f6102aa699e0d629f4559b807c17728c378917512bda71f1f378284c3bf,2.0
m01-j0936,manifest.tsv,936,real_benchmark,ihdp_misaligned,ma_dr_bc,3000,3.0,23,2029600000,dml_real_benchmark_ihdp_misaligned_ma_dr_bc_n3000_s3_chunk23.reps.csv,135396215e4732b273d0a30ff5d13be844bc813c37ccb664a8a3a8667de38145,2.0
m01-j0937,manifest.tsv,937,real_benchmark,ihdp_misaligned,tmle,3000,3.0,0,2027300000,dml_real_benchmark_ihdp_misaligned_tmle_n3000_s3_chunk00.reps.csv,0809ed65d55861e2b59feebeb9b9cb2705717a293a649cf051fc528b9dd6d44d,2.0
m01-j0938,manifest.tsv,938,real_benchmark,ihdp_misaligned,tmle,3000,3.0,1,2027400000,dml_real_benchmark_ihdp_misaligned_tmle_n3000_s3_chunk01.reps.csv,f493863be9a7174d07a17e28c8eeac9ad0417106ec297391f883a6a2168c0e0f,2.0
m01-j0939,manifest.tsv,939,real_benchmark,ihdp_misaligned,tmle,3000,3.0,2,2027500000,dml_real_benchmark_ihdp_misaligned_tmle_n3000_s3_chunk02.reps.csv,3591e820f60e12651f6cab054a5219a07de0bb6b00856baa3e0c7fed8e3e1d21,2.0
m01-j0940,manifest.tsv,940,real_benchmark,ihdp_misaligned,tmle,3000,3.0,3,2027600000,dml_real_benchmark_ihdp_misaligned_tmle_n3000_s3_chunk03.reps.csv,17a258965297bcb634a0cce468f4693c577a495cbf97e66aabb852505891fffe,2.0
m01-j0941,manifest.tsv,941,real_benchmark,ihdp_misaligned,tmle,3000,3.0,4,2027700000,dml_real_benchmark_ihdp_misaligned_tmle_n3000_s3_chunk04.reps.csv,6197a2cbd201299659848f85fad7fb73738b6ca57ef52a116338d233c0a911c1,2.0
m01-j0942,manifest.tsv,942,real_benchmark,ihdp_misaligned,tmle,3000,3.0,5,2027800000,dml_real_benchmark_ihdp_misaligned_tmle_n3000_s3_chunk05.reps.csv,c6716f55974a45ba3b16cb1db2ff119577a9ebaaf1dbfbfbaa5f9763835e7aba,2.0
m01-j0943,manifest.tsv,943,real_benchmark,ihdp_misaligned,tmle,3000,3.0,6,2027900000,dml_real_benchmark_ihdp_misaligned_tmle_n3000_s3_chunk06.reps.csv,b2dd0f083f4f765ee7eb65d2dbed523f3655345dd17672b7158242ae6c37fce8,2.0
m01-j0944,manifest.tsv,944,real_benchmark,ihdp_misaligned,tmle,3000,3.0,7,2028000000,dml_real_benchmark_ihdp_misaligned_tmle_n3000_s3_chunk07.reps.csv,270f8f1d929c32707bceeddc23f3d2917a3b7df824135929d3e5781d119c39df,2.0
m01-j0945,manifest.tsv,945,real_benchmark,ihdp_misaligned,tmle,3000,3.0,8,2028100000,dml_real_benchmark_ihdp_misaligned_tmle_n3000_s3_chunk08.reps.csv,b632f62ec2c49b018652af9b36c94b22c55c4033f6ff3830ee664aa50c898e9a,2.0
m01-j0946,manifest.tsv,946,real_benchmark,ihdp_misaligned,tmle,3000,3.0,9,2028200000,dml_real_benchmark_ihdp_misaligned_tmle_n3000_s3_chunk09.reps.csv,6ae2546cd6344e092af4e00530885d687fa18662d4d4165fffe93100aa32fefd,2.0
m01-j0947,manifest.tsv,947,real_benchmark,ihdp_misaligned,tmle,3000,3.0,10,2028300000,dml_real_benchmark_ihdp_misaligned_tmle_n3000_s3_chunk10.reps.csv,47571f97c45b3b218f0efccacb909b14b97f4787ecb3461b9b2dcecb9b5f55f5,2.0
m01-j0948,manifest.tsv,948,real_benchmark,ihdp_misaligned,tmle,3000,3.0,11,2028400000,dml_real_benchmark_ihdp_misaligned_tmle_n3000_s3_chunk11.reps.csv,3a8f7ce7a5daaa9ca202dbda426d941ef3ee7654473e6c8ddefc52db5bb913e6,2.0
m01-j0949,manifest.tsv,949,real_benchmark,ihdp_misaligned,tmle,3000,3.0,12,2028500000,dml_real_benchmark_ihdp_misaligned_tmle_n3000_s3_chunk12.reps.csv,7b87982f8e5ec1534df5ad3bac67f66a4fb8d5f5fe9affff0597a63e42b17708,2.0
m01-j0950,manifest.tsv,950,real_benchmark,ihdp_misaligned,tmle,3000,3.0,13,2028600000,dml_real_benchmark_ihdp_misaligned_tmle_n3000_s3_chunk13.reps.csv,6c7216d14fef81b54cfb80e929ab9cba20b70fa42db245af0c51215ee52fede0,2.0
m01-j0951,manifest.tsv,951,real_benchmark,ihdp_misaligned,tmle,3000,3.0,14,2028700000,dml_real_benchmark_ihdp_misaligned_tmle_n3000_s3_chunk14.reps.csv,e3c95b57ae0103476338bb1ac898965f0cdec05bf0b9fca3df757138a83f4ac9,2.0
m01-j0952,manifest.tsv,952,real_benchmark,ihdp_misaligned,tmle,3000,3.0,15,2028800000,dml_real_benchmark_ihdp_misaligned_tmle_n3000_s3_chunk15.reps.csv,d80c447ee9946b714ca9a3a2b01e5f5a83a7ddd4f3a099f6e2e7be95f608a969,2.0
m01-j0953,manifest.tsv,953,real_benchmark,ihdp_misaligned,tmle,3000,3.0,16,2028900000,dml_real_benchmark_ihdp_misaligned_tmle_n3000_s3_chunk16.reps.csv,0a2626d48c1135298895e06ae2378764c46f3035bbba453e5b961c3b64b49030,2.0
m01-j0954,manifest.tsv,954,real_benchmark,ihdp_misaligned,tmle,3000,3.0,17,2029000000,dml_real_benchmark_ihdp_misaligned_tmle_n3000_s3_chunk17.reps.csv,70fe2e0831f490c75e7eec61313fb63ba2ee2a0151fbff4ec81ab370450ed98e,2.0
m01-j0955,manifest.tsv,955,real_benchmark,ihdp_misaligned,tmle,3000,3.0,18,2029100000,dml_real_benchmark_ihdp_misaligned_tmle_n3000_s3_chunk18.reps.csv,c3011be1aae4776f9985f7401c49dc65612123f36317c791c3748ada94dfac90,2.0
m01-j0956,manifest.tsv,956,real_benchmark,ihdp_misaligned,tmle,3000,3.0,19,2029200000,dml_real_benchmark_ihdp_misaligned_tmle_n3000_s3_chunk19.reps.csv,8bbfc22e4a14429571f6e908ab83b6d9da7b4f5d7efcfb26340fc040606a3c39,2.0
m01-j0957,manifest.tsv,957,real_benchmark,ihdp_misaligned,tmle,3000,3.0,20,2029300000,dml_real_benchmark_ihdp_misaligned_tmle_n3000_s3_chunk20.reps.csv,3ebeba1f74d3900016cdea141866ac959ea9de4f5c779eaf0b74d0bcdf43900c,2.0
m01-j0958,manifest.tsv,958,real_benchmark,ihdp_misaligned,tmle,3000,3.0,21,2029400000,dml_real_benchmark_ihdp_misaligned_tmle_n3000_s3_chunk21.reps.csv,6cc7e9f8a1dfd16ee99d8fd55d1102df1f982636331138fcb1574733555a442a,2.0
m01-j0959,manifest.tsv,959,real_benchmark,ihdp_misaligned,tmle,3000,3.0,22,2029500000,dml_real_benchmark_ihdp_misaligned_tmle_n3000_s3_chunk22.reps.csv,acf849ee8a864cbbf1b2d870e26c73494b3bd0abf3acb53033ff225898ff2833,2.0
m01-j0960,manifest.tsv,960,real_benchmark,ihdp_misaligned,tmle,3000,3.0,23,2029600000,dml_real_benchmark_ihdp_misaligned_tmle_n3000_s3_chunk23.reps.csv,38eeb545324e94563600e23c7d8fe8c8b243fd5cc7583ec1406d8120f729b81d,2.0
m01-j0961,manifest.tsv,961,real_benchmark,acic2016_semisynth,aipw,3000,0.0,0,2029700000,dml_real_benchmark_acic2016_semisynth_aipw_n3000_s0_chunk00.reps.csv,0dd32bff85e59222b8aab431b568dbd6acb7b10c798c7c4af9cc8471bf4c4f48,2.0
m01-j0962,manifest.tsv,962,real_benchmark,acic2016_semisynth,aipw,3000,0.0,1,2029800000,dml_real_benchmark_acic2016_semisynth_aipw_n3000_s0_chunk01.reps.csv,66d67c2e3b7ad1534a6e9f686bb5fea7543e411d3d6a1b247bbe6a7148d4183e,2.0
m01-j0963,manifest.tsv,963,real_benchmark,acic2016_semisynth,aipw,3000,0.0,2,2029900000,dml_real_benchmark_acic2016_semisynth_aipw_n3000_s0_chunk02.reps.csv,806d4cf820a33a86e9d5d4d7e9350b0124ffc382fe24f09afe6b9a345c65fbe5,2.0
m01-j0964,manifest.tsv,964,real_benchmark,acic2016_semisynth,aipw,3000,0.0,3,2030000000,dml_real_benchmark_acic2016_semisynth_aipw_n3000_s0_chunk03.reps.csv,2d819b9cb13827c0c9200e473c200395138c217b3492732ba04f6a0e3d022de3,2.0
m01-j0965,manifest.tsv,965,real_benchmark,acic2016_semisynth,aipw,3000,0.0,4,2030100000,dml_real_benchmark_acic2016_semisynth_aipw_n3000_s0_chunk04.reps.csv,786fd39d0d84650d3d8654be4723ba58c44b3562fd2ec2de68e3792edc626e3d,2.0
m01-j0966,manifest.tsv,966,real_benchmark,acic2016_semisynth,aipw,3000,0.0,5,2030200000,dml_real_benchmark_acic2016_semisynth_aipw_n3000_s0_chunk05.reps.csv,4a791d66754772ff29d6e5cb4651ec2f7a6af80556f45af1b1b2685e1351a26b,2.0
m01-j0967,manifest.tsv,967,real_benchmark,acic2016_semisynth,aipw,3000,0.0,6,2030300000,dml_real_benchmark_acic2016_semisynth_aipw_n3000_s0_chunk06.reps.csv,def8db24fd51b1c42c030920197d54ae1bc51c539466f713f8e8939a86694a2c,2.0
m01-j0968,manifest.tsv,968,real_benchmark,acic2016_semisynth,aipw,3000,0.0,7,2030400000,dml_real_benchmark_acic2016_semisynth_aipw_n3000_s0_chunk07.reps.csv,b87be921e9ac747ad3ce2a50592967c7e7306762f4e64236d0bae8f3d9c9088a,2.0
m01-j0969,manifest.tsv,969,real_benchmark,acic2016_semisynth,aipw,3000,0.0,8,2030500000,dml_real_benchmark_acic2016_semisynth_aipw_n3000_s0_chunk08.reps.csv,bd43dd7140cd86d85e14e15fa39648a36189757e548a15bd9f6b51b38e819b2b,2.0
m01-j0970,manifest.tsv,970,real_benchmark,acic2016_semisynth,aipw,3000,0.0,9,2030600000,dml_real_benchmark_acic2016_semisynth_aipw_n3000_s0_chunk09.reps.csv,9dd93631f9b4683fefffb8d5520d91d4e831f5aad8228ace6b95333beaae45c6,2.0
m01-j0971,manifest.tsv,971,real_benchmark,acic2016_semisynth,aipw,3000,0.0,10,2030700000,dml_real_benchmark_acic2016_semisynth_aipw_n3000_s0_chunk10.reps.csv,16fa9c893e6cd7747d67ae619238f781620b40a6971b47741bed50df6b04ac58,2.0
m01-j0972,manifest.tsv,972,real_benchmark,acic2016_semisynth,aipw,3000,0.0,11,2030800000,dml_real_benchmark_acic2016_semisynth_aipw_n3000_s0_chunk11.reps.csv,ad85785e50b152421d3b4e25956b556ca2dd4c0f63de29cd19083eada3e4a47d,2.0
m01-j0973,manifest.tsv,973,real_benchmark,acic2016_semisynth,aipw,3000,0.0,12,2030900000,dml_real_benchmark_acic2016_semisynth_aipw_n3000_s0_chunk12.reps.csv,7c59e24780e99903d36a895d0260c494b4d969a7693e7bb5ef53701f139c6c6e,2.0
m01-j0974,manifest.tsv,974,real_benchmark,acic2016_semisynth,aipw,3000,0.0,13,2031000000,dml_real_benchmark_acic2016_semisynth_aipw_n3000_s0_chunk13.reps.csv,3009154fe65fcc35cfa877449079ece4526529a7c06f89c41c6fbf1a1bc39f9c,2.0
m01-j0975,manifest.tsv,975,real_benchmark,acic2016_semisynth,aipw,3000,0.0,14,2031100000,dml_real_benchmark_acic2016_semisynth_aipw_n3000_s0_chunk14.reps.csv,a90becbf1fda303c0564430e963c0f588fb14efde95f4936768f2e15b811f611,2.0
m01-j0976,manifest.tsv,976,real_benchmark,acic2016_semisynth,aipw,3000,0.0,15,2031200000,dml_real_benchmark_acic2016_semisynth_aipw_n3000_s0_chunk15.reps.csv,94a7fbb01d61b54c536fe92d5bdc356d5b2fb78e92260f7f66b2ffba91350073,2.0
m01-j0977,manifest.tsv,977,real_benchmark,acic2016_semisynth,aipw,3000,0.0,16,2031300000,dml_real_benchmark_acic2016_semisynth_aipw_n3000_s0_chunk16.reps.csv,6e2e72a79b5056818cbd8621157832318af8a4595d387f3bcbd3bb9e22bea2c5,2.0
m01-j0978,manifest.tsv,978,real_benchmark,acic2016_semisynth,aipw,3000,0.0,17,2031400000,dml_real_benchmark_acic2016_semisynth_aipw_n3000_s0_chunk17.reps.csv,bc4273a47901ce2eeaf64711ac2adb3ff561da2fd3c334ed563286a8371e9f09,2.0
m01-j0979,manifest.tsv,979,real_benchmark,acic2016_semisynth,aipw,3000,0.0,18,2031500000,dml_real_benchmark_acic2016_semisynth_aipw_n3000_s0_chunk18.reps.csv,2fc59c281ab65e951798117dd715414a0ac85418cfaf31e87b8d648dca7c1cb2,2.0
m01-j0980,manifest.tsv,980,real_benchmark,acic2016_semisynth,aipw,3000,0.0,19,2031600000,dml_real_benchmark_acic2016_semisynth_aipw_n3000_s0_chunk19.reps.csv,a5dd211afba7b6036e06d24240d88a416079a21ac5fd367b4bb1178347ba584d,2.0
m01-j0981,manifest.tsv,981,real_benchmark,acic2016_semisynth,aipw,3000,0.0,20,2031700000,dml_real_benchmark_acic2016_semisynth_aipw_n3000_s0_chunk20.reps.csv,25b23e81f71ba2d0d42191b279321c87b24783b637c8baa592683644a7ee5728,2.0
m01-j0982,manifest.tsv,982,real_benchmark,acic2016_semisynth,aipw,3000,0.0,21,2031800000,dml_real_benchmark_acic2016_semisynth_aipw_n3000_s0_chunk21.reps.csv,f33089427a55d6f4f05515bde3634f0b217e631861f14e336ca0407d39fa8c5e,2.0
m01-j0983,manifest.tsv,983,real_benchmark,acic2016_semisynth,aipw,3000,0.0,22,2031900000,dml_real_benchmark_acic2016_semisynth_aipw_n3000_s0_chunk22.reps.csv,6bca14c0563fd1cda3cfc23a9ec5ab9c846d8f2f00c17d42b5112c2227b49351,2.0
m01-j0984,manifest.tsv,984,real_benchmark,acic2016_semisynth,aipw,3000,0.0,23,2032000000,dml_real_benchmark_acic2016_semisynth_aipw_n3000_s0_chunk23.reps.csv,c1316986700819236b83e9eb2b03cd39d210da4ac2205799b6f474368389c6e8,2.0
m01-j0985,manifest.tsv,985,real_benchmark,acic2016_semisynth,ctmle,3000,0.0,0,2029700000,dml_real_benchmark_acic2016_semisynth_ctmle_n3000_s0_chunk00.reps.csv,a72b9bb814a0d3600c902db65610d324b3d84d01f7692af4b4e27db7fe6be8d2,2.0
m01-j0986,manifest.tsv,986,real_benchmark,acic2016_semisynth,ctmle,3000,0.0,1,2029800000,dml_real_benchmark_acic2016_semisynth_ctmle_n3000_s0_chunk01.reps.csv,762b306ee9c11f6cf3b3d3fbdd10c9556be29f1f7db1014437f3c61a971c2fb9,2.0
m01-j0987,manifest.tsv,987,real_benchmark,acic2016_semisynth,ctmle,3000,0.0,2,2029900000,dml_real_benchmark_acic2016_semisynth_ctmle_n3000_s0_chunk02.reps.csv,a420ff1e3d9703a246a8794763c507119e0f11d271af3ace950c873b37d5a46f,2.0
m01-j0988,manifest.tsv,988,real_benchmark,acic2016_semisynth,ctmle,3000,0.0,3,2030000000,dml_real_benchmark_acic2016_semisynth_ctmle_n3000_s0_chunk03.reps.csv,634550652cda969ff275d266426e564fae8e57543c7425e74f4a24da8eb29f42,2.0
m01-j0989,manifest.tsv,989,real_benchmark,acic2016_semisynth,ctmle,3000,0.0,4,2030100000,dml_real_benchmark_acic2016_semisynth_ctmle_n3000_s0_chunk04.reps.csv,1c68dd211a372152ac98980b44e2844af89962effd26afdd81ca91131cd6123b,2.0
m01-j0990,manifest.tsv,990,real_benchmark,acic2016_semisynth,ctmle,3000,0.0,5,2030200000,dml_real_benchmark_acic2016_semisynth_ctmle_n3000_s0_chunk05.reps.csv,07152ee96637cadf72af282af20fb3c0eb6db7b58ff9a23ef2f38051aab97320,2.0
m01-j0991,manifest.tsv,991,real_benchmark,acic2016_semisynth,ctmle,3000,0.0,6,2030300000,dml_real_benchmark_acic2016_semisynth_ctmle_n3000_s0_chunk06.reps.csv,2ac05f4e9e90be5c5c1316d28b4e043c01a8532cdf3e88de1f915e6069456225,2.0
m01-j0992,manifest.tsv,992,real_benchmark,acic2016_semisynth,ctmle,3000,0.0,7,2030400000,dml_real_benchmark_acic2016_semisynth_ctmle_n3000_s0_chunk07.reps.csv,bb8cb711735092c2d7c450a2e55fb7a6512a78e279872cf48f9b258a4d01dd25,2.0
m01-j0993,manifest.tsv,993,real_benchmark,acic2016_semisynth,ctmle,3000,0.0,8,2030500000,dml_real_benchmark_acic2016_semisynth_ctmle_n3000_s0_chunk08.reps.csv,b5d5e920744d89ce985b37ef59dcf2d688043fdd68f8e0b611867d882d62c191,2.0
m01-j0994,manifest.tsv,994,real_benchmark,acic2016_semisynth,ctmle,3000,0.0,9,2030600000,dml_real_benchmark_acic2016_semisynth_ctmle_n3000_s0_chunk09.reps.csv,bd6910632bf6a07ed0f6b19dab7a2e784b11d8760e621d1df373f78833378ea8,2.0
m01-j0995,manifest.tsv,995,real_benchmark,acic2016_semisynth,ctmle,3000,0.0,10,2030700000,dml_real_benchmark_acic2016_semisynth_ctmle_n3000_s0_chunk10.reps.csv,363b91b6ac520a70a55071b1a0e6a60cf0b0b544f3134f39e22c0b0e4a1ae293,2.0
m01-j0996,manifest.tsv,996,real_benchmark,acic2016_semisynth,ctmle,3000,0.0,11,2030800000,dml_real_benchmark_acic2016_semisynth_ctmle_n3000_s0_chunk11.reps.csv,5a20d2257d47247dd361430d85f27b0503741e49c25a18365ec5e23210edd20a,2.0
m01-j0997,manifest.tsv,997,real_benchmark,acic2016_semisynth,ctmle,3000,0.0,12,2030900000,dml_real_benchmark_acic2016_semisynth_ctmle_n3000_s0_chunk12.reps.csv,1937e5abe6456cfba2bc05e4caac45efbea84662cb889f9664b4869845474aed,2.0
m01-j0998,manifest.tsv,998,real_benchmark,acic2016_semisynth,ctmle,3000,0.0,13,2031000000,dml_real_benchmark_acic2016_semisynth_ctmle_n3000_s0_chunk13.reps.csv,b762fd5892864ad96c86a5b04ad98617426be160e6d2b79a23a266189e371924,2.0
m01-j0999,manifest.tsv,999,real_benchmark,acic2016_semisynth,ctmle,3000,0.0,14,2031100000,dml_real_benchmark_acic2016_semisynth_ctmle_n3000_s0_chunk14.reps.csv,091dac37ac57549337b88f393db2e1d4f642a5a7f91536a4a997ee5f6f628694,2.0
m01-j1000,manifest.tsv,1000,real_benchmark,acic2016_semisynth,ctmle,3000,0.0,15,2031200000,dml_real_benchmark_acic2016_semisynth_ctmle_n3000_s0_chunk15.reps.csv,3a67d60f8dbabb697394c3e4a2b13863b73166fe604ae86c04f8b2ee1ed73ef8,2.0
m01-j1001,manifest.tsv,1001,real_benchmark,acic2016_semisynth,ctmle,3000,0.0,16,2031300000,dml_real_benchmark_acic2016_semisynth_ctmle_n3000_s0_chunk16.reps.csv,ac04829a6cda18bcab536bb5fdd25ea2c13f2b0e728292d2ec2337948c54163b,2.0
m01-j1002,manifest.tsv,1002,real_benchmark,acic2016_semisynth,ctmle,3000,0.0,17,2031400000,dml_real_benchmark_acic2016_semisynth_ctmle_n3000_s0_chunk17.reps.csv,9984783c02f2b7ad5b247aa1f8f930b7ca1f872b155617c151009c563fa966dd,2.0
m01-j1003,manifest.tsv,1003,real_benchmark,acic2016_semisynth,ctmle,3000,0.0,18,2031500000,dml_real_benchmark_acic2016_semisynth_ctmle_n3000_s0_chunk18.reps.csv,330596736573cd2628e1fe5c3d1fcb9483788fa15290c33beac4b2d06c68159e,2.0
m01-j1004,manifest.tsv,1004,real_benchmark,acic2016_semisynth,ctmle,3000,0.0,19,2031600000,dml_real_benchmark_acic2016_semisynth_ctmle_n3000_s0_chunk19.reps.csv,1e899544c16d13cb0b2bd5e898dc4e35558f7813a02a1ea18566c3529516cd6b,2.0
m01-j1005,manifest.tsv,1005,real_benchmark,acic2016_semisynth,ctmle,3000,0.0,20,2031700000,dml_real_benchmark_acic2016_semisynth_ctmle_n3000_s0_chunk20.reps.csv,4c3865a6502a95047ef287e3ea03da5ec19f5754906f257b94a18dc4909c9b1c,2.0
m01-j1006,manifest.tsv,1006,real_benchmark,acic2016_semisynth,ctmle,3000,0.0,21,2031800000,dml_real_benchmark_acic2016_semisynth_ctmle_n3000_s0_chunk21.reps.csv,d8c2054537a32cb40f99060df487a509dbf989d56c0cc998bc35dc720274bc8b,2.0
m01-j1007,manifest.tsv,1007,real_benchmark,acic2016_semisynth,ctmle,3000,0.0,22,2031900000,dml_real_benchmark_acic2016_semisynth_ctmle_n3000_s0_chunk22.reps.csv,aec7625749caeea54c18bb277461bf5f6f1d95ab0894cf8913f2b7c15928c401,2.0
m01-j1008,manifest.tsv,1008,real_benchmark,acic2016_semisynth,ctmle,3000,0.0,23,2032000000,dml_real_benchmark_acic2016_semisynth_ctmle_n3000_s0_chunk23.reps.csv,0f1892cbc77f38b97ff2ab6182cc7b72502bdf3731cc29d3b18209adba083945,2.0
m01-j1009,manifest.tsv,1009,real_benchmark,acic2016_semisynth,cui_selective_ml,3000,0.0,0,2029700000,dml_real_benchmark_acic2016_semisynth_cui_selective_ml_n3000_s0_chunk00.reps.csv,5eae3b46b0d17595ff5f4280ff53d765ae2c8f5a8ed20d3bc14d0b57505ad3fd,2.0
m01-j1010,manifest.tsv,1010,real_benchmark,acic2016_semisynth,cui_selective_ml,3000,0.0,1,2029800000,dml_real_benchmark_acic2016_semisynth_cui_selective_ml_n3000_s0_chunk01.reps.csv,1f0b49e0454c0954912d65b8caaca434c8c0bde767eeae7367b598cb5feef624,2.0
m01-j1011,manifest.tsv,1011,real_benchmark,acic2016_semisynth,cui_selective_ml,3000,0.0,2,2029900000,dml_real_benchmark_acic2016_semisynth_cui_selective_ml_n3000_s0_chunk02.reps.csv,e82aaa8f467b2d56b29db17ba0c1aa480e55046c0e576e7970b1919c404de063,2.0
m01-j1012,manifest.tsv,1012,real_benchmark,acic2016_semisynth,cui_selective_ml,3000,0.0,3,2030000000,dml_real_benchmark_acic2016_semisynth_cui_selective_ml_n3000_s0_chunk03.reps.csv,5ef6952d0c1931153151e5024704fcb4079fadf05c24231470970685b9314b29,2.0
m01-j1013,manifest.tsv,1013,real_benchmark,acic2016_semisynth,cui_selective_ml,3000,0.0,4,2030100000,dml_real_benchmark_acic2016_semisynth_cui_selective_ml_n3000_s0_chunk04.reps.csv,ddc53432cc8e077c15fcc96ca61de96e3e2182eea5dfd2db0cb52fee29fcd1ee,2.0
m01-j1014,manifest.tsv,1014,real_benchmark,acic2016_semisynth,cui_selective_ml,3000,0.0,5,2030200000,dml_real_benchmark_acic2016_semisynth_cui_selective_ml_n3000_s0_chunk05.reps.csv,36f142762eae7bf64a9511f23aeaba2bc329235b5dbe3ade74bd7f7b2c2b22fd,2.0
m01-j1015,manifest.tsv,1015,real_benchmark,acic2016_semisynth,cui_selective_ml,3000,0.0,6,2030300000,dml_real_benchmark_acic2016_semisynth_cui_selective_ml_n3000_s0_chunk06.reps.csv,fe811c7960cdce62f8fd9035b5486a594b4ce1a259af3098879b0ff928e967b9,2.0
m01-j1016,manifest.tsv,1016,real_benchmark,acic2016_semisynth,cui_selective_ml,3000,0.0,7,2030400000,dml_real_benchmark_acic2016_semisynth_cui_selective_ml_n3000_s0_chunk07.reps.csv,101fbf25e45fb92fdbb1f18df6586fa9a24c8aeea9723a89178d6456b27a5488,2.0
m01-j1017,manifest.tsv,1017,real_benchmark,acic2016_semisynth,cui_selective_ml,3000,0.0,8,2030500000,dml_real_benchmark_acic2016_semisynth_cui_selective_ml_n3000_s0_chunk08.reps.csv,6068c442396595ec591b1286f58eab2f83c57372938c87686828abc818620a3b,2.0
m01-j1018,manifest.tsv,1018,real_benchmark,acic2016_semisynth,cui_selective_ml,3000,0.0,9,2030600000,dml_real_benchmark_acic2016_semisynth_cui_selective_ml_n3000_s0_chunk09.reps.csv,93b78cb8961c9a77aaa9dbcff2446bd7bb7b1eb1e3d1b27f59ced4dfa9531794,2.0
m01-j1019,manifest.tsv,1019,real_benchmark,acic2016_semisynth,cui_selective_ml,3000,0.0,10,2030700000,dml_real_benchmark_acic2016_semisynth_cui_selective_ml_n3000_s0_chunk10.reps.csv,6c1657c0bef6163baecac7e773563ddb573491be9f432210cde14f29abdf2d40,2.0
m01-j1020,manifest.tsv,1020,real_benchmark,acic2016_semisynth,cui_selective_ml,3000,0.0,11,2030800000,dml_real_benchmark_acic2016_semisynth_cui_selective_ml_n3000_s0_chunk11.reps.csv,6cff79c66682bf53f3b64d56c86f014d99e110292eabe75342273d7944659d35,2.0
m01-j1021,manifest.tsv,1021,real_benchmark,acic2016_semisynth,cui_selective_ml,3000,0.0,12,2030900000,dml_real_benchmark_acic2016_semisynth_cui_selective_ml_n3000_s0_chunk12.reps.csv,bb422be2dc19223de2d65633a17d9c8eba51fe904357004088a41d4668c3ca8d,2.0
m01-j1022,manifest.tsv,1022,real_benchmark,acic2016_semisynth,cui_selective_ml,3000,0.0,13,2031000000,dml_real_benchmark_acic2016_semisynth_cui_selective_ml_n3000_s0_chunk13.reps.csv,07c278bab20b1179e671d126d2b308d6393b4a6451eebf38d4b3a3f9bb78f30b,2.0
m01-j1023,manifest.tsv,1023,real_benchmark,acic2016_semisynth,cui_selective_ml,3000,0.0,14,2031100000,dml_real_benchmark_acic2016_semisynth_cui_selective_ml_n3000_s0_chunk14.reps.csv,742b4e02bbd1a9f30aa18c66d2c69c2155a1d124cbffac7e0ac1fd60407d01a6,2.0
m01-j1024,manifest.tsv,1024,real_benchmark,acic2016_semisynth,cui_selective_ml,3000,0.0,15,2031200000,dml_real_benchmark_acic2016_semisynth_cui_selective_ml_n3000_s0_chunk15.reps.csv,32cfdb50f1c9168ef4def7741bdf8ee4e75d3234d85f64e8a077202cdf991fc4,2.0
m01-j1025,manifest.tsv,1025,real_benchmark,acic2016_semisynth,cui_selective_ml,3000,0.0,16,2031300000,dml_real_benchmark_acic2016_semisynth_cui_selective_ml_n3000_s0_chunk16.reps.csv,790fd54a61b07e0332651dcf3d0bee1eb500c7822ff434fcd76e41e4b288e2df,2.0
m01-j1026,manifest.tsv,1026,real_benchmark,acic2016_semisynth,cui_selective_ml,3000,0.0,17,2031400000,dml_real_benchmark_acic2016_semisynth_cui_selective_ml_n3000_s0_chunk17.reps.csv,af56bdb9fde4d62d12fabaf928477a14e5c6e24010a711c1134b9560272a6207,2.0
m01-j1027,manifest.tsv,1027,real_benchmark,acic2016_semisynth,cui_selective_ml,3000,0.0,18,2031500000,dml_real_benchmark_acic2016_semisynth_cui_selective_ml_n3000_s0_chunk18.reps.csv,497b103b6a6651d8cedca11cb40630b4ad6aea059e6663e6b74ce1f352ab188a,2.0
m01-j1028,manifest.tsv,1028,real_benchmark,acic2016_semisynth,cui_selective_ml,3000,0.0,19,2031600000,dml_real_benchmark_acic2016_semisynth_cui_selective_ml_n3000_s0_chunk19.reps.csv,4fb52ad43e36c79d5ce0ae78946e4397171a656281c3688c7af69bff9df585ef,2.0
m01-j1029,manifest.tsv,1029,real_benchmark,acic2016_semisynth,cui_selective_ml,3000,0.0,20,2031700000,dml_real_benchmark_acic2016_semisynth_cui_selective_ml_n3000_s0_chunk20.reps.csv,25744a93d30011f1e2768f2ab80fec183f76b3a6088c49e1b6d2f2fa87581988,2.0
m01-j1030,manifest.tsv,1030,real_benchmark,acic2016_semisynth,cui_selective_ml,3000,0.0,21,2031800000,dml_real_benchmark_acic2016_semisynth_cui_selective_ml_n3000_s0_chunk21.reps.csv,8adfb9da58eb042ef0c4e05c00dc2323c6c52766e1dc867007647f0fa82c1f87,2.0
m01-j1031,manifest.tsv,1031,real_benchmark,acic2016_semisynth,cui_selective_ml,3000,0.0,22,2031900000,dml_real_benchmark_acic2016_semisynth_cui_selective_ml_n3000_s0_chunk22.reps.csv,4013c8f7dbe46fa413bd7a5d85fbdcebb8b3633074dd3babdf2b030d58dde615,2.0
m01-j1032,manifest.tsv,1032,real_benchmark,acic2016_semisynth,cui_selective_ml,3000,0.0,23,2032000000,dml_real_benchmark_acic2016_semisynth_cui_selective_ml_n3000_s0_chunk23.reps.csv,5eaa55fffc5c858a85759f25012064e67c0817cf5ca7f80051cd0c86a7129148,2.0
m01-j1033,manifest.tsv,1033,real_benchmark,acic2016_semisynth,ma_dr_bc,3000,0.0,0,2029700000,dml_real_benchmark_acic2016_semisynth_ma_dr_bc_n3000_s0_chunk00.reps.csv,8f16ee5b6e399fe7535351985898899e645e7d790d558acf0421693b714ccbbb,2.0
m01-j1034,manifest.tsv,1034,real_benchmark,acic2016_semisynth,ma_dr_bc,3000,0.0,1,2029800000,dml_real_benchmark_acic2016_semisynth_ma_dr_bc_n3000_s0_chunk01.reps.csv,8eafb3e3e779b62393d1c5f1e7aeb28740b6c6fc9aa6b93f449b7ce12afabc45,2.0
m01-j1035,manifest.tsv,1035,real_benchmark,acic2016_semisynth,ma_dr_bc,3000,0.0,2,2029900000,dml_real_benchmark_acic2016_semisynth_ma_dr_bc_n3000_s0_chunk02.reps.csv,db84a4ec4705b23a9057bdab3ce46f3d726c1756841e4edae56708898aa96cc2,2.0
m01-j1036,manifest.tsv,1036,real_benchmark,acic2016_semisynth,ma_dr_bc,3000,0.0,3,2030000000,dml_real_benchmark_acic2016_semisynth_ma_dr_bc_n3000_s0_chunk03.reps.csv,b3e0d4185395846820cc35d5f73d4bd0323f9f80b20c5f3fe081395f14efed22,2.0
m01-j1037,manifest.tsv,1037,real_benchmark,acic2016_semisynth,ma_dr_bc,3000,0.0,4,2030100000,dml_real_benchmark_acic2016_semisynth_ma_dr_bc_n3000_s0_chunk04.reps.csv,dffdd87cb2d141ee10ff9c427be481455b7276be020d6f89fd4da81790188521,2.0
m01-j1038,manifest.tsv,1038,real_benchmark,acic2016_semisynth,ma_dr_bc,3000,0.0,5,2030200000,dml_real_benchmark_acic2016_semisynth_ma_dr_bc_n3000_s0_chunk05.reps.csv,8019bab83b6d8432ab6cacb473f939daf67701497141e1425a5042f6755217f1,2.0
m01-j1039,manifest.tsv,1039,real_benchmark,acic2016_semisynth,ma_dr_bc,3000,0.0,6,2030300000,dml_real_benchmark_acic2016_semisynth_ma_dr_bc_n3000_s0_chunk06.reps.csv,b1cdb4686fe66bc0d346514fc14934093b884c27b9c240b44b11bffc87567c35,2.0
m01-j1040,manifest.tsv,1040,real_benchmark,acic2016_semisynth,ma_dr_bc,3000,0.0,7,2030400000,dml_real_benchmark_acic2016_semisynth_ma_dr_bc_n3000_s0_chunk07.reps.csv,f6deda02067e37b33d20743f4dd4a75fbccc9aaf02dbcf6fb1d3fa8499d7b776,2.0
m01-j1041,manifest.tsv,1041,real_benchmark,acic2016_semisynth,ma_dr_bc,3000,0.0,8,2030500000,dml_real_benchmark_acic2016_semisynth_ma_dr_bc_n3000_s0_chunk08.reps.csv,a60cd4be7cf86d575011d632bdf7a6613bfc5de970143c9c05a2379e40892541,2.0
m01-j1042,manifest.tsv,1042,real_benchmark,acic2016_semisynth,ma_dr_bc,3000,0.0,9,2030600000,dml_real_benchmark_acic2016_semisynth_ma_dr_bc_n3000_s0_chunk09.reps.csv,7395f4cb063b01c4d629986eece38b34ff4b4aa03e8467b07ac13ed663bac188,2.0
m01-j1043,manifest.tsv,1043,real_benchmark,acic2016_semisynth,ma_dr_bc,3000,0.0,10,2030700000,dml_real_benchmark_acic2016_semisynth_ma_dr_bc_n3000_s0_chunk10.reps.csv,04a20e079ff82df3620c0c02434911151c464c86a74170ac6ada6749027fcbbc,2.0
m01-j1044,manifest.tsv,1044,real_benchmark,acic2016_semisynth,ma_dr_bc,3000,0.0,11,2030800000,dml_real_benchmark_acic2016_semisynth_ma_dr_bc_n3000_s0_chunk11.reps.csv,0c96cc776f30dc498d661e869e7678baa2b551f116af6b9c24ef7938ae0861ef,2.0
m01-j1045,manifest.tsv,1045,real_benchmark,acic2016_semisynth,ma_dr_bc,3000,0.0,12,2030900000,dml_real_benchmark_acic2016_semisynth_ma_dr_bc_n3000_s0_chunk12.reps.csv,6860643dd4730bbd9ec4ceeb85e3a1ca6d4a0efc92f424a94293c1d83f83037c,2.0
m01-j1046,manifest.tsv,1046,real_benchmark,acic2016_semisynth,ma_dr_bc,3000,0.0,13,2031000000,dml_real_benchmark_acic2016_semisynth_ma_dr_bc_n3000_s0_chunk13.reps.csv,b1c40bc8dff85374f54816cd8043dc14eab04ba47d9b19152658f3b652837ec6,2.0
m01-j1047,manifest.tsv,1047,real_benchmark,acic2016_semisynth,ma_dr_bc,3000,0.0,14,2031100000,dml_real_benchmark_acic2016_semisynth_ma_dr_bc_n3000_s0_chunk14.reps.csv,9d3291a45855b01acfe6d1cc8c6f0de50e4709a26fa873833cdb0e2d88220f6e,2.0
m01-j1048,manifest.tsv,1048,real_benchmark,acic2016_semisynth,ma_dr_bc,3000,0.0,15,2031200000,dml_real_benchmark_acic2016_semisynth_ma_dr_bc_n3000_s0_chunk15.reps.csv,71f4b525479a6d48b5b8718b567563fbed2e3dfb24bd2bfff71180cbba3f6ef0,2.0
m01-j1049,manifest.tsv,1049,real_benchmark,acic2016_semisynth,ma_dr_bc,3000,0.0,16,2031300000,dml_real_benchmark_acic2016_semisynth_ma_dr_bc_n3000_s0_chunk16.reps.csv,9225f100a4f5d35f85d9775f5fc7f5655c03fe11fbe2c0aedc5fbdba20ea3b56,2.0
m01-j1050,manifest.tsv,1050,real_benchmark,acic2016_semisynth,ma_dr_bc,3000,0.0,17,2031400000,dml_real_benchmark_acic2016_semisynth_ma_dr_bc_n3000_s0_chunk17.reps.csv,c9b43cf0512d42986cee62ab4a22e5a77d117a57d7688bde552a069f88b9ed49,2.0
m01-j1051,manifest.tsv,1051,real_benchmark,acic2016_semisynth,ma_dr_bc,3000,0.0,18,2031500000,dml_real_benchmark_acic2016_semisynth_ma_dr_bc_n3000_s0_chunk18.reps.csv,6e0459a7e5aef3fef8618e093bd2ca475fbb474be506852db2c69b34f2fad640,2.0
m01-j1052,manifest.tsv,1052,real_benchmark,acic2016_semisynth,ma_dr_bc,3000,0.0,19,2031600000,dml_real_benchmark_acic2016_semisynth_ma_dr_bc_n3000_s0_chunk19.reps.csv,c842959a61f2c8eb4a0e0dc7b416176ba54d19cefabe60e4376e755cc35caa12,2.0
m01-j1053,manifest.tsv,1053,real_benchmark,acic2016_semisynth,ma_dr_bc,3000,0.0,20,2031700000,dml_real_benchmark_acic2016_semisynth_ma_dr_bc_n3000_s0_chunk20.reps.csv,df738400a35df89bcff5fe20b70a26466660d574914cc37ae279c12a65ba70cf,2.0
m01-j1054,manifest.tsv,1054,real_benchmark,acic2016_semisynth,ma_dr_bc,3000,0.0,21,2031800000,dml_real_benchmark_acic2016_semisynth_ma_dr_bc_n3000_s0_chunk21.reps.csv,ba4c7b46b24b2ec8371b170220be5166961a8f20455490e6abf065ae6dff9c19,2.0
m01-j1055,manifest.tsv,1055,real_benchmark,acic2016_semisynth,ma_dr_bc,3000,0.0,22,2031900000,dml_real_benchmark_acic2016_semisynth_ma_dr_bc_n3000_s0_chunk22.reps.csv,09b61ef1ba03bff89798379f3f8ac5104b16d447c6c7b509374655eb01ee9a38,2.0
m01-j1056,manifest.tsv,1056,real_benchmark,acic2016_semisynth,ma_dr_bc,3000,0.0,23,2032000000,dml_real_benchmark_acic2016_semisynth_ma_dr_bc_n3000_s0_chunk23.reps.csv,755592f389b9eb036e379983b98b1da06085573397b29b0f32fda672e03b2ca4,2.0
m01-j1057,manifest.tsv,1057,real_benchmark,acic2016_semisynth,tmle,3000,0.0,0,2029700000,dml_real_benchmark_acic2016_semisynth_tmle_n3000_s0_chunk00.reps.csv,49e1d7dd82d0b6436bf77ea36dcc89d65c7b8c1833efd7747cb582f54bd9eadc,2.0
m01-j1058,manifest.tsv,1058,real_benchmark,acic2016_semisynth,tmle,3000,0.0,1,2029800000,dml_real_benchmark_acic2016_semisynth_tmle_n3000_s0_chunk01.reps.csv,2afae1802d42e39b3341e805c79f374709e1a0a61491306f1a2a164c5d457a3a,2.0
m01-j1059,manifest.tsv,1059,real_benchmark,acic2016_semisynth,tmle,3000,0.0,2,2029900000,dml_real_benchmark_acic2016_semisynth_tmle_n3000_s0_chunk02.reps.csv,4651942d19559cbaa02779a236fa26cd2661e34c4bf5ab700942366cfffd0387,2.0
m01-j1060,manifest.tsv,1060,real_benchmark,acic2016_semisynth,tmle,3000,0.0,3,2030000000,dml_real_benchmark_acic2016_semisynth_tmle_n3000_s0_chunk03.reps.csv,1d49991adf1c9b06d45f13825f7bf412d5bff0f318e2aa61f845d187905f265d,2.0
m01-j1061,manifest.tsv,1061,real_benchmark,acic2016_semisynth,tmle,3000,0.0,4,2030100000,dml_real_benchmark_acic2016_semisynth_tmle_n3000_s0_chunk04.reps.csv,ab1f29a469cd80f0dda2e6677e46d7ac472c7124a0a9bb2946c6a44b54470e47,2.0
m01-j1062,manifest.tsv,1062,real_benchmark,acic2016_semisynth,tmle,3000,0.0,5,2030200000,dml_real_benchmark_acic2016_semisynth_tmle_n3000_s0_chunk05.reps.csv,d2783cedf7e49965c2306b6e0f7b3d21dc3f2efb5bb69478ac0409a97cb974f6,2.0
m01-j1063,manifest.tsv,1063,real_benchmark,acic2016_semisynth,tmle,3000,0.0,6,2030300000,dml_real_benchmark_acic2016_semisynth_tmle_n3000_s0_chunk06.reps.csv,631acfd4211bc21e2ae8bc060ea6f0f987cb293f8f654b8f37dd27e27d9e4083,2.0
m01-j1064,manifest.tsv,1064,real_benchmark,acic2016_semisynth,tmle,3000,0.0,7,2030400000,dml_real_benchmark_acic2016_semisynth_tmle_n3000_s0_chunk07.reps.csv,f6e40d83b594219087b5055b57d2e83f328eae05f715106c8f92d8f964bcffe6,2.0
m01-j1065,manifest.tsv,1065,real_benchmark,acic2016_semisynth,tmle,3000,0.0,8,2030500000,dml_real_benchmark_acic2016_semisynth_tmle_n3000_s0_chunk08.reps.csv,76e70131a46e8539ad98788ff711554f4acad8699e2146e043bc6fc994ed8a5d,2.0
m01-j1066,manifest.tsv,1066,real_benchmark,acic2016_semisynth,tmle,3000,0.0,9,2030600000,dml_real_benchmark_acic2016_semisynth_tmle_n3000_s0_chunk09.reps.csv,1208b804434af770fcc6cd935cc4213800cfb8c4e0dec96dffcc3f21770fec90,2.0
m01-j1067,manifest.tsv,1067,real_benchmark,acic2016_semisynth,tmle,3000,0.0,10,2030700000,dml_real_benchmark_acic2016_semisynth_tmle_n3000_s0_chunk10.reps.csv,1b03ab3efb45bd40d35a12eed1cebaf8fcb3392b899e33d3009a10c042d5cfde,2.0
m01-j1068,manifest.tsv,1068,real_benchmark,acic2016_semisynth,tmle,3000,0.0,11,2030800000,dml_real_benchmark_acic2016_semisynth_tmle_n3000_s0_chunk11.reps.csv,734257c0ff8f97aa90cb3c8a9500381f70ddcdb4e2a28e782f25e3d5cc9d1df1,2.0
m01-j1069,manifest.tsv,1069,real_benchmark,acic2016_semisynth,tmle,3000,0.0,12,2030900000,dml_real_benchmark_acic2016_semisynth_tmle_n3000_s0_chunk12.reps.csv,cc62f4dd2ffcad08d8fcc00fd76a6adc115f96153bcf7f8cd8b05b9c8f0f0b7a,2.0
m01-j1070,manifest.tsv,1070,real_benchmark,acic2016_semisynth,tmle,3000,0.0,13,2031000000,dml_real_benchmark_acic2016_semisynth_tmle_n3000_s0_chunk13.reps.csv,166a7992872dc1b9517babb051633579e420408b4278d7deef91bd410ee23c5d,2.0
m01-j1071,manifest.tsv,1071,real_benchmark,acic2016_semisynth,tmle,3000,0.0,14,2031100000,dml_real_benchmark_acic2016_semisynth_tmle_n3000_s0_chunk14.reps.csv,2d2d6e86b9683600c83e67da900fb4b23424511805307a045397113e239f279c,2.0
m01-j1072,manifest.tsv,1072,real_benchmark,acic2016_semisynth,tmle,3000,0.0,15,2031200000,dml_real_benchmark_acic2016_semisynth_tmle_n3000_s0_chunk15.reps.csv,637d9bb0ec84afd48b0f2f5ccc68098220741a04b1a580c3fb7d7609641fef94,2.0
m01-j1073,manifest.tsv,1073,real_benchmark,acic2016_semisynth,tmle,3000,0.0,16,2031300000,dml_real_benchmark_acic2016_semisynth_tmle_n3000_s0_chunk16.reps.csv,ec48ebd966edb7babbbd9c4178e557efbe6c2028a6a0663520b80980e6fdb2a1,2.0
m01-j1074,manifest.tsv,1074,real_benchmark,acic2016_semisynth,tmle,3000,0.0,17,2031400000,dml_real_benchmark_acic2016_semisynth_tmle_n3000_s0_chunk17.reps.csv,bbb047902c1b6c624013e399685971a728f47aca6dfbd5ade0bcd32a67e97cc2,2.0
m01-j1075,manifest.tsv,1075,real_benchmark,acic2016_semisynth,tmle,3000,0.0,18,2031500000,dml_real_benchmark_acic2016_semisynth_tmle_n3000_s0_chunk18.reps.csv,92b60a331195d9d54409732f75e2d86e6db2ae3dde109d5aab067eacfe7605ab,2.0
m01-j1076,manifest.tsv,1076,real_benchmark,acic2016_semisynth,tmle,3000,0.0,19,2031600000,dml_real_benchmark_acic2016_semisynth_tmle_n3000_s0_chunk19.reps.csv,d586f28b5ac0e809bb3e471034e3196c555f2d0aa65f61198ecbdb9f7c34943c,2.0
m01-j1077,manifest.tsv,1077,real_benchmark,acic2016_semisynth,tmle,3000,0.0,20,2031700000,dml_real_benchmark_acic2016_semisynth_tmle_n3000_s0_chunk20.reps.csv,91efa4cc083c7dcf358e3bdbb2aa7638c858d0fa095c8442329e2eb8110f58ef,2.0
m01-j1078,manifest.tsv,1078,real_benchmark,acic2016_semisynth,tmle,3000,0.0,21,2031800000,dml_real_benchmark_acic2016_semisynth_tmle_n3000_s0_chunk21.reps.csv,69c52136bd135648f9bfc90ec38ee9e78abbfff59e4669dfb45e8f216f7c792b,2.0
m01-j1079,manifest.tsv,1079,real_benchmark,acic2016_semisynth,tmle,3000,0.0,22,2031900000,dml_real_benchmark_acic2016_semisynth_tmle_n3000_s0_chunk22.reps.csv,0d88ef091e721d3af3bcde72e18c03170cdcd9fcb39a93cb92de760bbacee9cd,2.0
m01-j1080,manifest.tsv,1080,real_benchmark,acic2016_semisynth,tmle,3000,0.0,23,2032000000,dml_real_benchmark_acic2016_semisynth_tmle_n3000_s0_chunk23.reps.csv,edc7e8e164c75d8bc6b0a8c068aa87c06bd1c2b9a460d880c62d2ce38caa8fa9,2.0
m01-j1081,manifest.tsv,1081,real_benchmark,acic2016_semisynth,aipw,3000,3.0,0,2032100000,dml_real_benchmark_acic2016_semisynth_aipw_n3000_s3_chunk00.reps.csv,f2a4c50812c1ca9cb9911498f8230d2e56d014fefe812ae43a82be7e51f8c0ef,2.0
m01-j1082,manifest.tsv,1082,real_benchmark,acic2016_semisynth,aipw,3000,3.0,1,2032200000,dml_real_benchmark_acic2016_semisynth_aipw_n3000_s3_chunk01.reps.csv,b219c4c7ac4d1f46a6960b143e07954d0489d175786bf61031394a185be71279,2.0
m01-j1083,manifest.tsv,1083,real_benchmark,acic2016_semisynth,aipw,3000,3.0,2,2032300000,dml_real_benchmark_acic2016_semisynth_aipw_n3000_s3_chunk02.reps.csv,96495ef997f181948368043c653ae9da17ed6bd7003fb2293072f1301c24c521,2.0
m01-j1084,manifest.tsv,1084,real_benchmark,acic2016_semisynth,aipw,3000,3.0,3,2032400000,dml_real_benchmark_acic2016_semisynth_aipw_n3000_s3_chunk03.reps.csv,16a6bdd8d655334785f5dc81909e5919e70b40301a10fc32e97e5b99380d07ca,2.0
m01-j1085,manifest.tsv,1085,real_benchmark,acic2016_semisynth,aipw,3000,3.0,4,2032500000,dml_real_benchmark_acic2016_semisynth_aipw_n3000_s3_chunk04.reps.csv,5ab9511cdd1dd295127c8bb83a4ef92dbbb744b6bc704e11fd699fedf19f2fe0,2.0
m01-j1086,manifest.tsv,1086,real_benchmark,acic2016_semisynth,aipw,3000,3.0,5,2032600000,dml_real_benchmark_acic2016_semisynth_aipw_n3000_s3_chunk05.reps.csv,fa773694c19aab192101d1c99f0592d61c54d2e0011d8a55262df92465689d52,2.0
m01-j1087,manifest.tsv,1087,real_benchmark,acic2016_semisynth,aipw,3000,3.0,6,2032700000,dml_real_benchmark_acic2016_semisynth_aipw_n3000_s3_chunk06.reps.csv,ede3ba8b6d73abd09f5febabfc64373324ab8ecaeb931b65f632e3a874e2df10,2.0
m01-j1088,manifest.tsv,1088,real_benchmark,acic2016_semisynth,aipw,3000,3.0,7,2032800000,dml_real_benchmark_acic2016_semisynth_aipw_n3000_s3_chunk07.reps.csv,563f07b1a11cda6c44de181319d6a043e166070ba9e29831d0717480d368cd85,2.0
m01-j1089,manifest.tsv,1089,real_benchmark,acic2016_semisynth,aipw,3000,3.0,8,2032900000,dml_real_benchmark_acic2016_semisynth_aipw_n3000_s3_chunk08.reps.csv,d346f970403df268d06a3a7069507eb281a5d2f48a48af6dfd8af3a6ba7cf182,2.0
m01-j1090,manifest.tsv,1090,real_benchmark,acic2016_semisynth,aipw,3000,3.0,9,2033000000,dml_real_benchmark_acic2016_semisynth_aipw_n3000_s3_chunk09.reps.csv,66a982cb00bcc765c8eba418ebfc93ea8eabde5b24ba7cc19fefb3f9764f0391,2.0
m01-j1091,manifest.tsv,1091,real_benchmark,acic2016_semisynth,aipw,3000,3.0,10,2033100000,dml_real_benchmark_acic2016_semisynth_aipw_n3000_s3_chunk10.reps.csv,ee3ec5aad3c6ba6b3197a5efd655708c33f2d5fb7bd6f41fb085187bee9fbd0f,2.0
m01-j1092,manifest.tsv,1092,real_benchmark,acic2016_semisynth,aipw,3000,3.0,11,2033200000,dml_real_benchmark_acic2016_semisynth_aipw_n3000_s3_chunk11.reps.csv,814a9722ea4c615c8fc5e4e68929292bab599b9b5a58d1b9f95626e22dc25425,2.0
m01-j1093,manifest.tsv,1093,real_benchmark,acic2016_semisynth,aipw,3000,3.0,12,2033300000,dml_real_benchmark_acic2016_semisynth_aipw_n3000_s3_chunk12.reps.csv,73674eaea3da4457a9e1d09060ab65c0dc2ec989677addc5c7d04b19e639bc73,2.0
m01-j1094,manifest.tsv,1094,real_benchmark,acic2016_semisynth,aipw,3000,3.0,13,2033400000,dml_real_benchmark_acic2016_semisynth_aipw_n3000_s3_chunk13.reps.csv,d788d8432eb50b4fb5a189c7f7320268c24fd277ba543993731752ddf1a035b8,2.0
m01-j1095,manifest.tsv,1095,real_benchmark,acic2016_semisynth,aipw,3000,3.0,14,2033500000,dml_real_benchmark_acic2016_semisynth_aipw_n3000_s3_chunk14.reps.csv,1987167b4524c085866f47c24bb3b61ccbbaaacf202314fb6d6fcd34ff1c45f5,2.0
m01-j1096,manifest.tsv,1096,real_benchmark,acic2016_semisynth,aipw,3000,3.0,15,2033600000,dml_real_benchmark_acic2016_semisynth_aipw_n3000_s3_chunk15.reps.csv,fafc941bf8b0557ee924d56695180defe043271aeda7ce8bfdefc1557bf33cb9,2.0
m01-j1097,manifest.tsv,1097,real_benchmark,acic2016_semisynth,aipw,3000,3.0,16,2033700000,dml_real_benchmark_acic2016_semisynth_aipw_n3000_s3_chunk16.reps.csv,7b621ac24597a90b1e50393b6b6b9c65e518127cc730f33fa72e63a091990728,2.0
m01-j1098,manifest.tsv,1098,real_benchmark,acic2016_semisynth,aipw,3000,3.0,17,2033800000,dml_real_benchmark_acic2016_semisynth_aipw_n3000_s3_chunk17.reps.csv,b98fc558fee9e998e80deca852cabc2a44b4a2b1b966a9fc10155cf38fafe2a3,2.0
m01-j1099,manifest.tsv,1099,real_benchmark,acic2016_semisynth,aipw,3000,3.0,18,2033900000,dml_real_benchmark_acic2016_semisynth_aipw_n3000_s3_chunk18.reps.csv,3c1ecc6bcdc430f7bc10a58124d5360860d6a67a9877b8520a8eace379427382,2.0
m01-j1100,manifest.tsv,1100,real_benchmark,acic2016_semisynth,aipw,3000,3.0,19,2034000000,dml_real_benchmark_acic2016_semisynth_aipw_n3000_s3_chunk19.reps.csv,e5d992b565e3da530c2932bc5a71b588ba9e16296d23dbaadad69f1c86de54d5,2.0
m01-j1101,manifest.tsv,1101,real_benchmark,acic2016_semisynth,aipw,3000,3.0,20,2034100000,dml_real_benchmark_acic2016_semisynth_aipw_n3000_s3_chunk20.reps.csv,104cc8c9142e12096cbc0740c9ac0837d9354446ab6929b9d98ac9302ed71d52,2.0
m01-j1102,manifest.tsv,1102,real_benchmark,acic2016_semisynth,aipw,3000,3.0,21,2034200000,dml_real_benchmark_acic2016_semisynth_aipw_n3000_s3_chunk21.reps.csv,43ba735c5517fe12f1085ef96583c19fc2488a582a0eb5f22252323cdcdd8ff6,2.0
m01-j1103,manifest.tsv,1103,real_benchmark,acic2016_semisynth,aipw,3000,3.0,22,2034300000,dml_real_benchmark_acic2016_semisynth_aipw_n3000_s3_chunk22.reps.csv,f24d62a31c7ad6ccba72b01aeec91eb70967a8158bae51701328ff39ffe15562,2.0
m01-j1104,manifest.tsv,1104,real_benchmark,acic2016_semisynth,aipw,3000,3.0,23,2034400000,dml_real_benchmark_acic2016_semisynth_aipw_n3000_s3_chunk23.reps.csv,045de0e9ecf7ebc167c8afd4b6921822eb486292b5d144c54dfb6b20b18b42d7,2.0
m01-j1105,manifest.tsv,1105,real_benchmark,acic2016_semisynth,ctmle,3000,3.0,0,2032100000,dml_real_benchmark_acic2016_semisynth_ctmle_n3000_s3_chunk00.reps.csv,181d610555b24d7b7d16c0b781e06dd9d12371b68433598131b3875865aee3fd,2.0
m01-j1106,manifest.tsv,1106,real_benchmark,acic2016_semisynth,ctmle,3000,3.0,1,2032200000,dml_real_benchmark_acic2016_semisynth_ctmle_n3000_s3_chunk01.reps.csv,1f865baf9069d6a603d527dc639cec2e13abbb74a5189471d1117adec09c7d74,2.0
m01-j1107,manifest.tsv,1107,real_benchmark,acic2016_semisynth,ctmle,3000,3.0,2,2032300000,dml_real_benchmark_acic2016_semisynth_ctmle_n3000_s3_chunk02.reps.csv,967494a1d28cb1a7c5333daea64d3dc4cf75af659bf7c0cfd35173942ea88f54,2.0
m01-j1108,manifest.tsv,1108,real_benchmark,acic2016_semisynth,ctmle,3000,3.0,3,2032400000,dml_real_benchmark_acic2016_semisynth_ctmle_n3000_s3_chunk03.reps.csv,cf2ca45e256fe87d64c501255e3fa0870d15ecc1d97bd882d773a612f05fac81,2.0
m01-j1109,manifest.tsv,1109,real_benchmark,acic2016_semisynth,ctmle,3000,3.0,4,2032500000,dml_real_benchmark_acic2016_semisynth_ctmle_n3000_s3_chunk04.reps.csv,191168c568b71c3cb363ebc85dc3d953a808bba1db060fe4b68e62e4565e1fa3,2.0
m01-j1110,manifest.tsv,1110,real_benchmark,acic2016_semisynth,ctmle,3000,3.0,5,2032600000,dml_real_benchmark_acic2016_semisynth_ctmle_n3000_s3_chunk05.reps.csv,2a71f404e6c085749bd37c4866cb688558ae72cef5625a78c6ac6a0cfe080937,2.0
m01-j1111,manifest.tsv,1111,real_benchmark,acic2016_semisynth,ctmle,3000,3.0,6,2032700000,dml_real_benchmark_acic2016_semisynth_ctmle_n3000_s3_chunk06.reps.csv,be4f6fea04d066018d46968e402a95abd33bd3dcf0de5558a012abebaabcdb2a,2.0
m01-j1112,manifest.tsv,1112,real_benchmark,acic2016_semisynth,ctmle,3000,3.0,7,2032800000,dml_real_benchmark_acic2016_semisynth_ctmle_n3000_s3_chunk07.reps.csv,3368f3eb4f8bb653c78d44d1a2b81f80b87a0d6e753bdb570b6de24b316e78be,2.0
m01-j1113,manifest.tsv,1113,real_benchmark,acic2016_semisynth,ctmle,3000,3.0,8,2032900000,dml_real_benchmark_acic2016_semisynth_ctmle_n3000_s3_chunk08.reps.csv,b72b2a88d39895da25a45821d5462e2f762e8e5568308294a19cc8a5f3ef0ce2,2.0
m01-j1114,manifest.tsv,1114,real_benchmark,acic2016_semisynth,ctmle,3000,3.0,9,2033000000,dml_real_benchmark_acic2016_semisynth_ctmle_n3000_s3_chunk09.reps.csv,9e8e7443995bdbd05c98f6cfdbd6ec344bd77a5b887f4b2a6feb2455632e3b5e,2.0
m01-j1115,manifest.tsv,1115,real_benchmark,acic2016_semisynth,ctmle,3000,3.0,10,2033100000,dml_real_benchmark_acic2016_semisynth_ctmle_n3000_s3_chunk10.reps.csv,5320779b113151b0517ac009b70467dc12fb9067481460db88764cd1844a3fe5,2.0
m01-j1116,manifest.tsv,1116,real_benchmark,acic2016_semisynth,ctmle,3000,3.0,11,2033200000,dml_real_benchmark_acic2016_semisynth_ctmle_n3000_s3_chunk11.reps.csv,ca0b600a5d1f393e904369d4068c75deeaff554561e85736a8bf1216a6deba5f,2.0
m01-j1117,manifest.tsv,1117,real_benchmark,acic2016_semisynth,ctmle,3000,3.0,12,2033300000,dml_real_benchmark_acic2016_semisynth_ctmle_n3000_s3_chunk12.reps.csv,856da670dcf5141e1f86a3c48b0c6c2d532c8be6fef9f0d566d41beed789925c,2.0
m01-j1118,manifest.tsv,1118,real_benchmark,acic2016_semisynth,ctmle,3000,3.0,13,2033400000,dml_real_benchmark_acic2016_semisynth_ctmle_n3000_s3_chunk13.reps.csv,0fe8c8dff1d37ce50477efbc1e3fcf2cc1ded0c1452425a20d06cc3dc6be0158,2.0
m01-j1119,manifest.tsv,1119,real_benchmark,acic2016_semisynth,ctmle,3000,3.0,14,2033500000,dml_real_benchmark_acic2016_semisynth_ctmle_n3000_s3_chunk14.reps.csv,e437b2209847b3d32a6c2e13821f379400f18e3a8b09cf0a315f987c816b4960,2.0
m01-j1120,manifest.tsv,1120,real_benchmark,acic2016_semisynth,ctmle,3000,3.0,15,2033600000,dml_real_benchmark_acic2016_semisynth_ctmle_n3000_s3_chunk15.reps.csv,f7b2cbfbf9679510c7611b4a283d41c70b1ef93433a6ae65a168e3787a32cd49,2.0
m01-j1121,manifest.tsv,1121,real_benchmark,acic2016_semisynth,ctmle,3000,3.0,16,2033700000,dml_real_benchmark_acic2016_semisynth_ctmle_n3000_s3_chunk16.reps.csv,47371337c0f74dd069a50f80fa0f6fef7491f2f2e690ddd3e39b83539c1ec0fa,2.0
m01-j1122,manifest.tsv,1122,real_benchmark,acic2016_semisynth,ctmle,3000,3.0,17,2033800000,dml_real_benchmark_acic2016_semisynth_ctmle_n3000_s3_chunk17.reps.csv,cd87a1289faadea0d1f0a03019b4b6f58e2e384fa8ef7ce83f05e6dcf78600d6,2.0
m01-j1123,manifest.tsv,1123,real_benchmark,acic2016_semisynth,ctmle,3000,3.0,18,2033900000,dml_real_benchmark_acic2016_semisynth_ctmle_n3000_s3_chunk18.reps.csv,d8b0353a6bdda69b42ed39bf3df45b63f17f39a3fef142f2c9c6def4c780cf2d,2.0
m01-j1124,manifest.tsv,1124,real_benchmark,acic2016_semisynth,ctmle,3000,3.0,19,2034000000,dml_real_benchmark_acic2016_semisynth_ctmle_n3000_s3_chunk19.reps.csv,5264b192208661a4dbf9926d45ae46d679ad64f1ca1d9587ee2066fa3bf12820,2.0
m01-j1125,manifest.tsv,1125,real_benchmark,acic2016_semisynth,ctmle,3000,3.0,20,2034100000,dml_real_benchmark_acic2016_semisynth_ctmle_n3000_s3_chunk20.reps.csv,0e1747c5f037ea611b728fc55cf39184d074e0bd4a6387f7bd9dea8cc46afd78,2.0
m01-j1126,manifest.tsv,1126,real_benchmark,acic2016_semisynth,ctmle,3000,3.0,21,2034200000,dml_real_benchmark_acic2016_semisynth_ctmle_n3000_s3_chunk21.reps.csv,bff59e1088e76f711f54cf3204406bc8d8f04223798f8c0af5fa044a720d64a5,2.0
m01-j1127,manifest.tsv,1127,real_benchmark,acic2016_semisynth,ctmle,3000,3.0,22,2034300000,dml_real_benchmark_acic2016_semisynth_ctmle_n3000_s3_chunk22.reps.csv,2f14c2b092c60056a96f3ba1a87426cf4740169d0af8d048bdc45aa5674ff15c,2.0
m01-j1128,manifest.tsv,1128,real_benchmark,acic2016_semisynth,ctmle,3000,3.0,23,2034400000,dml_real_benchmark_acic2016_semisynth_ctmle_n3000_s3_chunk23.reps.csv,be6093a05a4301f21cbdbbca266f742356b9131909d49c2c054452509c964bab,2.0
m01-j1129,manifest.tsv,1129,real_benchmark,acic2016_semisynth,cui_selective_ml,3000,3.0,0,2032100000,dml_real_benchmark_acic2016_semisynth_cui_selective_ml_n3000_s3_chunk00.reps.csv,a6a38172d04b5b98e6c8aafeb260b47aab8aaadd254dcbeb0bf62b35ff954a33,2.0
m01-j1130,manifest.tsv,1130,real_benchmark,acic2016_semisynth,cui_selective_ml,3000,3.0,1,2032200000,dml_real_benchmark_acic2016_semisynth_cui_selective_ml_n3000_s3_chunk01.reps.csv,fcc7412247932047dea7418be0cdfa7e51ab6986d4264387cafd12dc3eb857d8,2.0
m01-j1131,manifest.tsv,1131,real_benchmark,acic2016_semisynth,cui_selective_ml,3000,3.0,2,2032300000,dml_real_benchmark_acic2016_semisynth_cui_selective_ml_n3000_s3_chunk02.reps.csv,653048833a9e9bf92338102e302af9fecccae404b89b35e77eec5098d2938379,2.0
m01-j1132,manifest.tsv,1132,real_benchmark,acic2016_semisynth,cui_selective_ml,3000,3.0,3,2032400000,dml_real_benchmark_acic2016_semisynth_cui_selective_ml_n3000_s3_chunk03.reps.csv,f5a57bb332d2fe1e798520bda2d11e137b468bdb5678e3d9d8d947f4b72f172d,2.0
m01-j1133,manifest.tsv,1133,real_benchmark,acic2016_semisynth,cui_selective_ml,3000,3.0,4,2032500000,dml_real_benchmark_acic2016_semisynth_cui_selective_ml_n3000_s3_chunk04.reps.csv,fb87c4318dab0b146bdd471c98962da32f4e8bef47ab849afae6ccd30549f871,2.0
m01-j1134,manifest.tsv,1134,real_benchmark,acic2016_semisynth,cui_selective_ml,3000,3.0,5,2032600000,dml_real_benchmark_acic2016_semisynth_cui_selective_ml_n3000_s3_chunk05.reps.csv,598d043d66f7f0c801a5d4a06fcdf2cab9b7cba37327172d14988b96fcb2999d,2.0
m01-j1135,manifest.tsv,1135,real_benchmark,acic2016_semisynth,cui_selective_ml,3000,3.0,6,2032700000,dml_real_benchmark_acic2016_semisynth_cui_selective_ml_n3000_s3_chunk06.reps.csv,33e0df6e127ff283e4fe489d03540298729745f6c836cf059df56256baf0bcd6,2.0
m01-j1136,manifest.tsv,1136,real_benchmark,acic2016_semisynth,cui_selective_ml,3000,3.0,7,2032800000,dml_real_benchmark_acic2016_semisynth_cui_selective_ml_n3000_s3_chunk07.reps.csv,9348043cac0a1386c3d2988315b2141c75aa9ae640ba5fe0a923ced0753fde37,2.0
m01-j1137,manifest.tsv,1137,real_benchmark,acic2016_semisynth,cui_selective_ml,3000,3.0,8,2032900000,dml_real_benchmark_acic2016_semisynth_cui_selective_ml_n3000_s3_chunk08.reps.csv,c69c9b7b5e8968cf3fe5b768ade7781863730ba2b0dd68c47ea66bdcad4682de,2.0
m01-j1138,manifest.tsv,1138,real_benchmark,acic2016_semisynth,cui_selective_ml,3000,3.0,9,2033000000,dml_real_benchmark_acic2016_semisynth_cui_selective_ml_n3000_s3_chunk09.reps.csv,bcf41f48bcff3c431281838377b664c32268df3ca675fa2a31372dc5af4de3bb,2.0
m01-j1139,manifest.tsv,1139,real_benchmark,acic2016_semisynth,cui_selective_ml,3000,3.0,10,2033100000,dml_real_benchmark_acic2016_semisynth_cui_selective_ml_n3000_s3_chunk10.reps.csv,1e8266f524be4cebdb4124c3c5fac749bc84bdf043c8da26d86d1e0267f98007,2.0
m01-j1140,manifest.tsv,1140,real_benchmark,acic2016_semisynth,cui_selective_ml,3000,3.0,11,2033200000,dml_real_benchmark_acic2016_semisynth_cui_selective_ml_n3000_s3_chunk11.reps.csv,a5fa71712e1e8cad7684251e2899f1f70ca1374d31931eb06fcf46ebaa60896b,2.0
m01-j1141,manifest.tsv,1141,real_benchmark,acic2016_semisynth,cui_selective_ml,3000,3.0,12,2033300000,dml_real_benchmark_acic2016_semisynth_cui_selective_ml_n3000_s3_chunk12.reps.csv,34c44b9082c216e73e367320562831c52644e707f1fe50ce956bbb58e2ad88b6,2.0
m01-j1142,manifest.tsv,1142,real_benchmark,acic2016_semisynth,cui_selective_ml,3000,3.0,13,2033400000,dml_real_benchmark_acic2016_semisynth_cui_selective_ml_n3000_s3_chunk13.reps.csv,3d46a0789bbde709a8554890105c0a90ebfaceb5fce9b45a3be448c4e6e6c313,2.0
m01-j1143,manifest.tsv,1143,real_benchmark,acic2016_semisynth,cui_selective_ml,3000,3.0,14,2033500000,dml_real_benchmark_acic2016_semisynth_cui_selective_ml_n3000_s3_chunk14.reps.csv,95685d1822ce810b20e1590984752c7cdd15286b528af089898491c8c6c5c287,2.0
m01-j1144,manifest.tsv,1144,real_benchmark,acic2016_semisynth,cui_selective_ml,3000,3.0,15,2033600000,dml_real_benchmark_acic2016_semisynth_cui_selective_ml_n3000_s3_chunk15.reps.csv,cc052362df6d51cbdf89346a2dfa5b6e9305e3fe6eeb4ed748f80ca718ed441d,2.0
m01-j1145,manifest.tsv,1145,real_benchmark,acic2016_semisynth,cui_selective_ml,3000,3.0,16,2033700000,dml_real_benchmark_acic2016_semisynth_cui_selective_ml_n3000_s3_chunk16.reps.csv,93b9cce91f2827db458f4b1552fc4d400ff1c2aed4db9c5daff92f80036eee0b,2.0
m01-j1146,manifest.tsv,1146,real_benchmark,acic2016_semisynth,cui_selective_ml,3000,3.0,17,2033800000,dml_real_benchmark_acic2016_semisynth_cui_selective_ml_n3000_s3_chunk17.reps.csv,75060fc0fda785a8fd8bd82d107b65f55fe928d64956bbb69690a7d7af9718d7,2.0
m01-j1147,manifest.tsv,1147,real_benchmark,acic2016_semisynth,cui_selective_ml,3000,3.0,18,2033900000,dml_real_benchmark_acic2016_semisynth_cui_selective_ml_n3000_s3_chunk18.reps.csv,3f97085d04e2c1e78e54566b7784a7654f3ddb95435a7089e456b80b7f34e84e,2.0
m01-j1148,manifest.tsv,1148,real_benchmark,acic2016_semisynth,cui_selective_ml,3000,3.0,19,2034000000,dml_real_benchmark_acic2016_semisynth_cui_selective_ml_n3000_s3_chunk19.reps.csv,76258360f11727be92ffb59aa93f6e0d63e915dd75622df57d6da3e867de4abc,2.0
m01-j1149,manifest.tsv,1149,real_benchmark,acic2016_semisynth,cui_selective_ml,3000,3.0,20,2034100000,dml_real_benchmark_acic2016_semisynth_cui_selective_ml_n3000_s3_chunk20.reps.csv,cf6df8e4f81b4b424fa8f58ad814f0638027b1bfe08cb3705738dc8cfd699ea5,2.0
m01-j1150,manifest.tsv,1150,real_benchmark,acic2016_semisynth,cui_selective_ml,3000,3.0,21,2034200000,dml_real_benchmark_acic2016_semisynth_cui_selective_ml_n3000_s3_chunk21.reps.csv,80a428a360678b14b8fb06041d4860efb3bdfae02f1d098cbb7fa8d4a13af58b,2.0
m01-j1151,manifest.tsv,1151,real_benchmark,acic2016_semisynth,cui_selective_ml,3000,3.0,22,2034300000,dml_real_benchmark_acic2016_semisynth_cui_selective_ml_n3000_s3_chunk22.reps.csv,ab4e83492fe2320ead0b12e52fbe824369ded8537b0ebf88ea330d91e9044c6d,2.0
m01-j1152,manifest.tsv,1152,real_benchmark,acic2016_semisynth,cui_selective_ml,3000,3.0,23,2034400000,dml_real_benchmark_acic2016_semisynth_cui_selective_ml_n3000_s3_chunk23.reps.csv,5912c1c3175b0b82a0ba1c994f8564b3709914361e9d5a49e4b8ab8363301cb1,2.0
m01-j1153,manifest.tsv,1153,real_benchmark,acic2016_semisynth,ma_dr_bc,3000,3.0,0,2032100000,dml_real_benchmark_acic2016_semisynth_ma_dr_bc_n3000_s3_chunk00.reps.csv,199110560dd01d3dbc55144f531b9c756d8d679dc7112bd58a9bcc788cc1b549,2.0
m01-j1154,manifest.tsv,1154,real_benchmark,acic2016_semisynth,ma_dr_bc,3000,3.0,1,2032200000,dml_real_benchmark_acic2016_semisynth_ma_dr_bc_n3000_s3_chunk01.reps.csv,48f276c8cf03f41cee4acd80b6f70d1b68cac3eb3cdf744f25898597ca282a20,2.0
m01-j1155,manifest.tsv,1155,real_benchmark,acic2016_semisynth,ma_dr_bc,3000,3.0,2,2032300000,dml_real_benchmark_acic2016_semisynth_ma_dr_bc_n3000_s3_chunk02.reps.csv,9e07f4a0c7b356a417fb13b6b071f6874dd585961e4ed0453ae660328de1981f,2.0
m01-j1156,manifest.tsv,1156,real_benchmark,acic2016_semisynth,ma_dr_bc,3000,3.0,3,2032400000,dml_real_benchmark_acic2016_semisynth_ma_dr_bc_n3000_s3_chunk03.reps.csv,de143423446323e296b282bbab5968c4e7deb5549b85d8b8ad0587056f8e592d,2.0
m01-j1157,manifest.tsv,1157,real_benchmark,acic2016_semisynth,ma_dr_bc,3000,3.0,4,2032500000,dml_real_benchmark_acic2016_semisynth_ma_dr_bc_n3000_s3_chunk04.reps.csv,e538e558b6cae4bde97c9ae65955d3b60d788915099fb53d06c744c3e8dfd79c,2.0
m01-j1158,manifest.tsv,1158,real_benchmark,acic2016_semisynth,ma_dr_bc,3000,3.0,5,2032600000,dml_real_benchmark_acic2016_semisynth_ma_dr_bc_n3000_s3_chunk05.reps.csv,1f6b0881fe0e8265d64a8720f45395f115ea38aad1db1e8619c60bd70ada29c7,2.0
m01-j1159,manifest.tsv,1159,real_benchmark,acic2016_semisynth,ma_dr_bc,3000,3.0,6,2032700000,dml_real_benchmark_acic2016_semisynth_ma_dr_bc_n3000_s3_chunk06.reps.csv,0202fa385f6d72f250b341a9ffbc452f022f6bbe2940af783ee24e9f551d9eda,2.0
m01-j1160,manifest.tsv,1160,real_benchmark,acic2016_semisynth,ma_dr_bc,3000,3.0,7,2032800000,dml_real_benchmark_acic2016_semisynth_ma_dr_bc_n3000_s3_chunk07.reps.csv,ee393627a177d6c375a57f05e3ad01d3c2285b44b16eedd75bb983decf59180e,2.0
m01-j1161,manifest.tsv,1161,real_benchmark,acic2016_semisynth,ma_dr_bc,3000,3.0,8,2032900000,dml_real_benchmark_acic2016_semisynth_ma_dr_bc_n3000_s3_chunk08.reps.csv,75c08a50609c6a77958b547a29b59ecbda14829f727f5c5c23b1dc35d5f0d8eb,2.0
m01-j1162,manifest.tsv,1162,real_benchmark,acic2016_semisynth,ma_dr_bc,3000,3.0,9,2033000000,dml_real_benchmark_acic2016_semisynth_ma_dr_bc_n3000_s3_chunk09.reps.csv,2d2fa029c8a73b22ff305546af2b810e827082ea2048c3317ab5e66dada6d2a2,2.0
m01-j1163,manifest.tsv,1163,real_benchmark,acic2016_semisynth,ma_dr_bc,3000,3.0,10,2033100000,dml_real_benchmark_acic2016_semisynth_ma_dr_bc_n3000_s3_chunk10.reps.csv,8dfa6678fe1083be12a530a177c0fbdc4d7f656b51954666fda4f6c0fbdfc74f,2.0
m01-j1164,manifest.tsv,1164,real_benchmark,acic2016_semisynth,ma_dr_bc,3000,3.0,11,2033200000,dml_real_benchmark_acic2016_semisynth_ma_dr_bc_n3000_s3_chunk11.reps.csv,63ab48310b3f9d18a1a3c20974dc5e9defd36087d3b93d887988dc24c53e9182,2.0
m01-j1165,manifest.tsv,1165,real_benchmark,acic2016_semisynth,ma_dr_bc,3000,3.0,12,2033300000,dml_real_benchmark_acic2016_semisynth_ma_dr_bc_n3000_s3_chunk12.reps.csv,2dd6fa091eeba04411c742a9e3408bc3fdd3cde16cc765b6fd99a6726dd130c5,2.0
m01-j1166,manifest.tsv,1166,real_benchmark,acic2016_semisynth,ma_dr_bc,3000,3.0,13,2033400000,dml_real_benchmark_acic2016_semisynth_ma_dr_bc_n3000_s3_chunk13.reps.csv,370609fa34f1fedcb083c45758ebd71ac121d15236df97ac9ef5de068d890d00,2.0
m01-j1167,manifest.tsv,1167,real_benchmark,acic2016_semisynth,ma_dr_bc,3000,3.0,14,2033500000,dml_real_benchmark_acic2016_semisynth_ma_dr_bc_n3000_s3_chunk14.reps.csv,fe8c049d2d4c2c546b09feac1fd1a7d698b1b651ba1148990e3d72841b0f968d,2.0
m01-j1168,manifest.tsv,1168,real_benchmark,acic2016_semisynth,ma_dr_bc,3000,3.0,15,2033600000,dml_real_benchmark_acic2016_semisynth_ma_dr_bc_n3000_s3_chunk15.reps.csv,5d4a394ecf27bf71dad55518b2f96193ec494369c81b937bfce53defef396c4b,2.0
m01-j1169,manifest.tsv,1169,real_benchmark,acic2016_semisynth,ma_dr_bc,3000,3.0,16,2033700000,dml_real_benchmark_acic2016_semisynth_ma_dr_bc_n3000_s3_chunk16.reps.csv,77b3ae5957d327480b5bc9be7f6f99905ab1525d1c159afa093061b0ca7fa574,2.0
m01-j1170,manifest.tsv,1170,real_benchmark,acic2016_semisynth,ma_dr_bc,3000,3.0,17,2033800000,dml_real_benchmark_acic2016_semisynth_ma_dr_bc_n3000_s3_chunk17.reps.csv,fdfac08fb11fe258412dc73bedb80bad880164cfa55b8e06fb009b39f7925d22,2.0
m01-j1171,manifest.tsv,1171,real_benchmark,acic2016_semisynth,ma_dr_bc,3000,3.0,18,2033900000,dml_real_benchmark_acic2016_semisynth_ma_dr_bc_n3000_s3_chunk18.reps.csv,db27a03d5a04c61fa7a7345330191fbde9e90544682377e83c4e20dde9215a62,2.0
m01-j1172,manifest.tsv,1172,real_benchmark,acic2016_semisynth,ma_dr_bc,3000,3.0,19,2034000000,dml_real_benchmark_acic2016_semisynth_ma_dr_bc_n3000_s3_chunk19.reps.csv,9e53433931657979f1472a9abc6270ae49729a9852d220b4198d21a6cf82cb75,2.0
m01-j1173,manifest.tsv,1173,real_benchmark,acic2016_semisynth,ma_dr_bc,3000,3.0,20,2034100000,dml_real_benchmark_acic2016_semisynth_ma_dr_bc_n3000_s3_chunk20.reps.csv,c98fde49159817862bea612a2ee0ccf7455a79c9ea1079dc2b5e80e89fa8ce71,2.0
m01-j1174,manifest.tsv,1174,real_benchmark,acic2016_semisynth,ma_dr_bc,3000,3.0,21,2034200000,dml_real_benchmark_acic2016_semisynth_ma_dr_bc_n3000_s3_chunk21.reps.csv,6822cd6edd733c8cb2a0385db9dfb199544a458eff756e2e0fe38816386bb90e,2.0
m01-j1175,manifest.tsv,1175,real_benchmark,acic2016_semisynth,ma_dr_bc,3000,3.0,22,2034300000,dml_real_benchmark_acic2016_semisynth_ma_dr_bc_n3000_s3_chunk22.reps.csv,f979a0a556c102481ac7bc6a535c708202c8f34fa50172e698d9a1cfd5937b76,2.0
m01-j1176,manifest.tsv,1176,real_benchmark,acic2016_semisynth,ma_dr_bc,3000,3.0,23,2034400000,dml_real_benchmark_acic2016_semisynth_ma_dr_bc_n3000_s3_chunk23.reps.csv,27d0ffc13679ffdba306aec6c963446ee0b375a8d3dcda395f3089eb63fd3ccb,2.0
m01-j1177,manifest.tsv,1177,real_benchmark,acic2016_semisynth,tmle,3000,3.0,0,2032100000,dml_real_benchmark_acic2016_semisynth_tmle_n3000_s3_chunk00.reps.csv,daf0085f9b702513c9e2fbea7f1403b9c726fd1b4bd8ec2d24ea28b54d2e876a,2.0
m01-j1178,manifest.tsv,1178,real_benchmark,acic2016_semisynth,tmle,3000,3.0,1,2032200000,dml_real_benchmark_acic2016_semisynth_tmle_n3000_s3_chunk01.reps.csv,30edc8acded7cdd585121e11b70eb02dbe9108d875f6e3933b2a9979b13ab1ae,2.0
m01-j1179,manifest.tsv,1179,real_benchmark,acic2016_semisynth,tmle,3000,3.0,2,2032300000,dml_real_benchmark_acic2016_semisynth_tmle_n3000_s3_chunk02.reps.csv,ef66ecdf8e9040cff477ea724a5ddcdd8b8ef2b4e969082e99d792eae762c5b6,2.0
m01-j1180,manifest.tsv,1180,real_benchmark,acic2016_semisynth,tmle,3000,3.0,3,2032400000,dml_real_benchmark_acic2016_semisynth_tmle_n3000_s3_chunk03.reps.csv,5585251c95cb5005877db4b80fb4c3de8dfa6adf1f472d965790ffa756fe988b,2.0
m01-j1181,manifest.tsv,1181,real_benchmark,acic2016_semisynth,tmle,3000,3.0,4,2032500000,dml_real_benchmark_acic2016_semisynth_tmle_n3000_s3_chunk04.reps.csv,ca17e776ad07fac9e31858e5cd9f602dcadf43950cda13c28d52a4f63382e3ef,2.0
m01-j1182,manifest.tsv,1182,real_benchmark,acic2016_semisynth,tmle,3000,3.0,5,2032600000,dml_real_benchmark_acic2016_semisynth_tmle_n3000_s3_chunk05.reps.csv,cf22a07c2d9352f08e98902c2f892b9713c9030ca146ff2500f2f1d4df127c49,2.0
m01-j1183,manifest.tsv,1183,real_benchmark,acic2016_semisynth,tmle,3000,3.0,6,2032700000,dml_real_benchmark_acic2016_semisynth_tmle_n3000_s3_chunk06.reps.csv,4c6659e38da6160843082db10716135332bc16ef1a848247cc86f55b95883461,2.0
m01-j1184,manifest.tsv,1184,real_benchmark,acic2016_semisynth,tmle,3000,3.0,7,2032800000,dml_real_benchmark_acic2016_semisynth_tmle_n3000_s3_chunk07.reps.csv,023aa654ee79122bf71467d4d153e74d3beb7982cfcf23f4923c37399000a2be,2.0
m01-j1185,manifest.tsv,1185,real_benchmark,acic2016_semisynth,tmle,3000,3.0,8,2032900000,dml_real_benchmark_acic2016_semisynth_tmle_n3000_s3_chunk08.reps.csv,1005ed886a9846ce7e3f891136244d7406697fa7e681e1c1aee51f8fc832ea09,2.0
m01-j1186,manifest.tsv,1186,real_benchmark,acic2016_semisynth,tmle,3000,3.0,9,2033000000,dml_real_benchmark_acic2016_semisynth_tmle_n3000_s3_chunk09.reps.csv,758305fb88e0848e487ed24958411a6f474ae2338324c072d65996357a688472,2.0
m01-j1187,manifest.tsv,1187,real_benchmark,acic2016_semisynth,tmle,3000,3.0,10,2033100000,dml_real_benchmark_acic2016_semisynth_tmle_n3000_s3_chunk10.reps.csv,180316e5090df670fcd7c13ae56c3af69ebe59de56302228ebf390f790a05c06,2.0
m01-j1188,manifest.tsv,1188,real_benchmark,acic2016_semisynth,tmle,3000,3.0,11,2033200000,dml_real_benchmark_acic2016_semisynth_tmle_n3000_s3_chunk11.reps.csv,ed77163fe3f00b38596bd80a55d1a55f9f8f1780dd48a7b063f44327f5f8ef3e,2.0
m01-j1189,manifest.tsv,1189,real_benchmark,acic2016_semisynth,tmle,3000,3.0,12,2033300000,dml_real_benchmark_acic2016_semisynth_tmle_n3000_s3_chunk12.reps.csv,f5afa98c83b8016e8faf036fab5f50309d98afa97a1349966b6a77fde0cafa59,2.0
m01-j1190,manifest.tsv,1190,real_benchmark,acic2016_semisynth,tmle,3000,3.0,13,2033400000,dml_real_benchmark_acic2016_semisynth_tmle_n3000_s3_chunk13.reps.csv,f23f2cf85d38caa221ee6dcb72f7ea9262ed5da8b759e352cad8eecca70a7bea,2.0
m01-j1191,manifest.tsv,1191,real_benchmark,acic2016_semisynth,tmle,3000,3.0,14,2033500000,dml_real_benchmark_acic2016_semisynth_tmle_n3000_s3_chunk14.reps.csv,8c3afef20089ccc77f75a601fd434bafa9d20ca6171ae2a5fb75082bac14c149,2.0
m01-j1192,manifest.tsv,1192,real_benchmark,acic2016_semisynth,tmle,3000,3.0,15,2033600000,dml_real_benchmark_acic2016_semisynth_tmle_n3000_s3_chunk15.reps.csv,de5409168b9b25fdc0f5e5d5d0811adc74d218b4e882f5c680b79a5b58e60977,2.0
m01-j1193,manifest.tsv,1193,real_benchmark,acic2016_semisynth,tmle,3000,3.0,16,2033700000,dml_real_benchmark_acic2016_semisynth_tmle_n3000_s3_chunk16.reps.csv,1fa2ef072be7c74e8be95db84ee4d41fbbc9e5a590fd5a15ca06f41e86d7af33,2.0
m01-j1194,manifest.tsv,1194,real_benchmark,acic2016_semisynth,tmle,3000,3.0,17,2033800000,dml_real_benchmark_acic2016_semisynth_tmle_n3000_s3_chunk17.reps.csv,7c8e128cf6655b72ac85f75671c6b21ecfed28bcd2cf8dae5b1621348401754d,2.0
m01-j1195,manifest.tsv,1195,real_benchmark,acic2016_semisynth,tmle,3000,3.0,18,2033900000,dml_real_benchmark_acic2016_semisynth_tmle_n3000_s3_chunk18.reps.csv,7161734ecf7aeee09441af9f5aa4dd2db7a1c5ea45600d9cc074260c3604a5d5,2.0
m01-j1196,manifest.tsv,1196,real_benchmark,acic2016_semisynth,tmle,3000,3.0,19,2034000000,dml_real_benchmark_acic2016_semisynth_tmle_n3000_s3_chunk19.reps.csv,8cb466ac519db49c4928718f41fb33774e3aa0f76354aa6586b08d1afdfc43f4,2.0
m01-j1197,manifest.tsv,1197,real_benchmark,acic2016_semisynth,tmle,3000,3.0,20,2034100000,dml_real_benchmark_acic2016_semisynth_tmle_n3000_s3_chunk20.reps.csv,7ad2a84be8e06151ec77a7eea1d78ffc21c3fa19142368e3848c1b91064591a3,2.0
m01-j1198,manifest.tsv,1198,real_benchmark,acic2016_semisynth,tmle,3000,3.0,21,2034200000,dml_real_benchmark_acic2016_semisynth_tmle_n3000_s3_chunk21.reps.csv,1a8446258b6c623556cadaa9fe4ad0750d87a6d76a6f7dd654ebe9dc505eb015,2.0
m01-j1199,manifest.tsv,1199,real_benchmark,acic2016_semisynth,tmle,3000,3.0,22,2034300000,dml_real_benchmark_acic2016_semisynth_tmle_n3000_s3_chunk22.reps.csv,8b300281c6444fd8316149896f0d16c1101fe46744d46947081e7472037c21e7,2.0
m01-j1200,manifest.tsv,1200,real_benchmark,acic2016_semisynth,tmle,3000,3.0,23,2034400000,dml_real_benchmark_acic2016_semisynth_tmle_n3000_s3_chunk23.reps.csv,1f6fad02a30d5ffce0aeae9ecd13ae27b1e8b82b9af83e2bd6a6d6fa26355e62,2.0
m01-j1201,manifest.tsv,1201,real_benchmark,acic2016_misaligned,aipw,3000,0.0,0,2034500000,dml_real_benchmark_acic2016_misaligned_aipw_n3000_s0_chunk00.reps.csv,4df39e51fe0ef5b1ae9b06fda7d70364dd9bf5e3bd5e4b54ae74b2fb6de099d8,2.0
m01-j1202,manifest.tsv,1202,real_benchmark,acic2016_misaligned,aipw,3000,0.0,1,2034600000,dml_real_benchmark_acic2016_misaligned_aipw_n3000_s0_chunk01.reps.csv,7d55baac14b0d99c85eb2c763a1e9c4dc950b6e9a0acb21850c5e96623ae727d,2.0
m01-j1203,manifest.tsv,1203,real_benchmark,acic2016_misaligned,aipw,3000,0.0,2,2034700000,dml_real_benchmark_acic2016_misaligned_aipw_n3000_s0_chunk02.reps.csv,6bb37cb2875eca288a5109092168cebb51a61ebd36cc6900892cc859b68509fd,2.0
m01-j1204,manifest.tsv,1204,real_benchmark,acic2016_misaligned,aipw,3000,0.0,3,2034800000,dml_real_benchmark_acic2016_misaligned_aipw_n3000_s0_chunk03.reps.csv,f2472c1ef1241cb859caa67b2e2f957e7da52a55321379b2ad5481a0108f7339,2.0
m01-j1205,manifest.tsv,1205,real_benchmark,acic2016_misaligned,aipw,3000,0.0,4,2034900000,dml_real_benchmark_acic2016_misaligned_aipw_n3000_s0_chunk04.reps.csv,af796cd698bf8f28e7ac329c8d255cba3894f5ec82498ffb01ac5cbf523d854e,2.0
m01-j1206,manifest.tsv,1206,real_benchmark,acic2016_misaligned,aipw,3000,0.0,5,2035000000,dml_real_benchmark_acic2016_misaligned_aipw_n3000_s0_chunk05.reps.csv,a2ecee99c2def25a0698497b52acbc04d19e95f1af6f6c69336b0b9ffdcd330f,2.0
m01-j1207,manifest.tsv,1207,real_benchmark,acic2016_misaligned,aipw,3000,0.0,6,2035100000,dml_real_benchmark_acic2016_misaligned_aipw_n3000_s0_chunk06.reps.csv,5eded6209d64e4e7f94de6da82de12df2de8f4666391f5449e9089e9835a2635,2.0
m01-j1208,manifest.tsv,1208,real_benchmark,acic2016_misaligned,aipw,3000,0.0,7,2035200000,dml_real_benchmark_acic2016_misaligned_aipw_n3000_s0_chunk07.reps.csv,20096a77fa29da84310ab73ed2630adab2fd1b9e2d3b373486109a6b9b6d79e7,2.0
m01-j1209,manifest.tsv,1209,real_benchmark,acic2016_misaligned,aipw,3000,0.0,8,2035300000,dml_real_benchmark_acic2016_misaligned_aipw_n3000_s0_chunk08.reps.csv,7778640c1d5a76a8971d1d4db6c854c41efa78f5714f0f3a7102a650f0938c07,2.0
m01-j1210,manifest.tsv,1210,real_benchmark,acic2016_misaligned,aipw,3000,0.0,9,2035400000,dml_real_benchmark_acic2016_misaligned_aipw_n3000_s0_chunk09.reps.csv,2379ed63ee51c301d27cfae2135b78967278ac519658f996eccb5bbea6974e07,2.0
m01-j1211,manifest.tsv,1211,real_benchmark,acic2016_misaligned,aipw,3000,0.0,10,2035500000,dml_real_benchmark_acic2016_misaligned_aipw_n3000_s0_chunk10.reps.csv,110510e151519dab9aa7ff6df47bd2f805cda2b8749441322d643e46ef2818d2,2.0
m01-j1212,manifest.tsv,1212,real_benchmark,acic2016_misaligned,aipw,3000,0.0,11,2035600000,dml_real_benchmark_acic2016_misaligned_aipw_n3000_s0_chunk11.reps.csv,183e7eb055c1a2d906657cf0a161deb3bae188d84d8002f28facde3ec62b98a8,2.0
m01-j1213,manifest.tsv,1213,real_benchmark,acic2016_misaligned,aipw,3000,0.0,12,2035700000,dml_real_benchmark_acic2016_misaligned_aipw_n3000_s0_chunk12.reps.csv,913cdaa1a83b9ede8061c154617b23faa72f3d8e1421ed0e94e9be453238f906,2.0
m01-j1214,manifest.tsv,1214,real_benchmark,acic2016_misaligned,aipw,3000,0.0,13,2035800000,dml_real_benchmark_acic2016_misaligned_aipw_n3000_s0_chunk13.reps.csv,1e6524499ac2b1f766727f5cc866b9e1b28d1c09825cb97f09acf2ae194a2445,2.0
m01-j1215,manifest.tsv,1215,real_benchmark,acic2016_misaligned,aipw,3000,0.0,14,2035900000,dml_real_benchmark_acic2016_misaligned_aipw_n3000_s0_chunk14.reps.csv,cdce8edcdd8f8fdea541b88a93c2ab743ee5668a8adcb3ba569b452bb65df360,2.0
m01-j1216,manifest.tsv,1216,real_benchmark,acic2016_misaligned,aipw,3000,0.0,15,2036000000,dml_real_benchmark_acic2016_misaligned_aipw_n3000_s0_chunk15.reps.csv,2ace2dfc71b6c80cbcc4141362ec9b12ad808c2958a6c5c968980f07c46754f5,2.0
m01-j1217,manifest.tsv,1217,real_benchmark,acic2016_misaligned,aipw,3000,0.0,16,2036100000,dml_real_benchmark_acic2016_misaligned_aipw_n3000_s0_chunk16.reps.csv,8ed61ac1e109245a8ec4d04475e55a3e54beb1f7412e69a919989602c5fd0df9,2.0
m01-j1218,manifest.tsv,1218,real_benchmark,acic2016_misaligned,aipw,3000,0.0,17,2036200000,dml_real_benchmark_acic2016_misaligned_aipw_n3000_s0_chunk17.reps.csv,a95c5c018dc3a125a42be6e71774f22da59da6803667bed530d207e57dbc6906,2.0
m01-j1219,manifest.tsv,1219,real_benchmark,acic2016_misaligned,aipw,3000,0.0,18,2036300000,dml_real_benchmark_acic2016_misaligned_aipw_n3000_s0_chunk18.reps.csv,66742612c12113d5f6133b43d1e8920b3808f73a1daf1549e2dae88955218027,2.0
m01-j1220,manifest.tsv,1220,real_benchmark,acic2016_misaligned,aipw,3000,0.0,19,2036400000,dml_real_benchmark_acic2016_misaligned_aipw_n3000_s0_chunk19.reps.csv,923801554648465db43aee81798421a0ae35203fb11d2f5de8213aa14a904b6a,2.0
m01-j1221,manifest.tsv,1221,real_benchmark,acic2016_misaligned,aipw,3000,0.0,20,2036500000,dml_real_benchmark_acic2016_misaligned_aipw_n3000_s0_chunk20.reps.csv,f43224910e6d08fd15f70b9083118d4a82b718cbad83646328f71385b4a24034,2.0
m01-j1222,manifest.tsv,1222,real_benchmark,acic2016_misaligned,aipw,3000,0.0,21,2036600000,dml_real_benchmark_acic2016_misaligned_aipw_n3000_s0_chunk21.reps.csv,d5e8acb20bc56092ca298e389f4839cbcea80c8a8becc2b55cb00ed6ea3557f5,2.0
m01-j1223,manifest.tsv,1223,real_benchmark,acic2016_misaligned,aipw,3000,0.0,22,2036700000,dml_real_benchmark_acic2016_misaligned_aipw_n3000_s0_chunk22.reps.csv,298af97b22f1445a43a9cf85e214f3173fda51d8bd15207a1bda8526570dd301,2.0
m01-j1224,manifest.tsv,1224,real_benchmark,acic2016_misaligned,aipw,3000,0.0,23,2036800000,dml_real_benchmark_acic2016_misaligned_aipw_n3000_s0_chunk23.reps.csv,6abd05bd455674d17be9d4295a75e391fe455864b016cd38dd3418b6615d3b46,2.0
m01-j1225,manifest.tsv,1225,real_benchmark,acic2016_misaligned,ctmle,3000,0.0,0,2034500000,dml_real_benchmark_acic2016_misaligned_ctmle_n3000_s0_chunk00.reps.csv,5b6c587f1984d4f94712cf51bf981154826da93e20c2650dc242b9026d267d94,2.0
m01-j1226,manifest.tsv,1226,real_benchmark,acic2016_misaligned,ctmle,3000,0.0,1,2034600000,dml_real_benchmark_acic2016_misaligned_ctmle_n3000_s0_chunk01.reps.csv,12a154fe31f5682f539a3919541a3df1226f0534204c386c9a081a884f9d9530,2.0
m01-j1227,manifest.tsv,1227,real_benchmark,acic2016_misaligned,ctmle,3000,0.0,2,2034700000,dml_real_benchmark_acic2016_misaligned_ctmle_n3000_s0_chunk02.reps.csv,2839d358f771c58bea959f3e52d3d664e97ea465542d429e6f0ffb2c026fc648,2.0
m01-j1228,manifest.tsv,1228,real_benchmark,acic2016_misaligned,ctmle,3000,0.0,3,2034800000,dml_real_benchmark_acic2016_misaligned_ctmle_n3000_s0_chunk03.reps.csv,8418a022cd616ee0cbca7ad7be3dcba6e9061cf21802c6fb6060c51f29be4d98,2.0
m01-j1229,manifest.tsv,1229,real_benchmark,acic2016_misaligned,ctmle,3000,0.0,4,2034900000,dml_real_benchmark_acic2016_misaligned_ctmle_n3000_s0_chunk04.reps.csv,e1801b21b781be6c82f5ce46d04105da1e9ecc0688c427b4cebd81f5b1dcdb4c,2.0
m01-j1230,manifest.tsv,1230,real_benchmark,acic2016_misaligned,ctmle,3000,0.0,5,2035000000,dml_real_benchmark_acic2016_misaligned_ctmle_n3000_s0_chunk05.reps.csv,058350b8807177d6e550e0e70651dbf1c2ce6cf68ef472106af9410e3562d30c,2.0
m01-j1231,manifest.tsv,1231,real_benchmark,acic2016_misaligned,ctmle,3000,0.0,6,2035100000,dml_real_benchmark_acic2016_misaligned_ctmle_n3000_s0_chunk06.reps.csv,22a6a625bc6376989f56253c919ba7cd48ecee3680ec4f921a9a03f553044bdf,2.0
m01-j1232,manifest.tsv,1232,real_benchmark,acic2016_misaligned,ctmle,3000,0.0,7,2035200000,dml_real_benchmark_acic2016_misaligned_ctmle_n3000_s0_chunk07.reps.csv,f21cc54ef7e5940898d59d0a74edaf8ed0747319780405356eac62f30f46f478,2.0
m01-j1233,manifest.tsv,1233,real_benchmark,acic2016_misaligned,ctmle,3000,0.0,8,2035300000,dml_real_benchmark_acic2016_misaligned_ctmle_n3000_s0_chunk08.reps.csv,0e175540d025d293587284bab2743361d893acd12e2d0a71061450c51898bb6a,2.0
m01-j1234,manifest.tsv,1234,real_benchmark,acic2016_misaligned,ctmle,3000,0.0,9,2035400000,dml_real_benchmark_acic2016_misaligned_ctmle_n3000_s0_chunk09.reps.csv,62bf556940e476b87fab9c90105aca3e56aa3c5d47688eb91e7b1e6195714716,2.0
m01-j1235,manifest.tsv,1235,real_benchmark,acic2016_misaligned,ctmle,3000,0.0,10,2035500000,dml_real_benchmark_acic2016_misaligned_ctmle_n3000_s0_chunk10.reps.csv,7863909b3e10f26d98d68420db08435bc777609db3929e6838a5504961da9049,2.0
m01-j1236,manifest.tsv,1236,real_benchmark,acic2016_misaligned,ctmle,3000,0.0,11,2035600000,dml_real_benchmark_acic2016_misaligned_ctmle_n3000_s0_chunk11.reps.csv,b98b15548a2ca8bc972d540d2719e6e2574a8b3a0ddbc3b9bb9a38765eac8545,2.0
m01-j1237,manifest.tsv,1237,real_benchmark,acic2016_misaligned,ctmle,3000,0.0,12,2035700000,dml_real_benchmark_acic2016_misaligned_ctmle_n3000_s0_chunk12.reps.csv,1dea5e50ad9851b420d336879dbb71b43f5d54cb320bf21cb525b8745b764646,2.0
m01-j1238,manifest.tsv,1238,real_benchmark,acic2016_misaligned,ctmle,3000,0.0,13,2035800000,dml_real_benchmark_acic2016_misaligned_ctmle_n3000_s0_chunk13.reps.csv,f0d99fbfc57a4c097b12998e9cae34f646178809a31aa2591741568409507582,2.0
m01-j1239,manifest.tsv,1239,real_benchmark,acic2016_misaligned,ctmle,3000,0.0,14,2035900000,dml_real_benchmark_acic2016_misaligned_ctmle_n3000_s0_chunk14.reps.csv,bc836403baa0a4947b132434aed74866a6471a0f7a02d66e53fd717a2e6f3308,2.0
m01-j1240,manifest.tsv,1240,real_benchmark,acic2016_misaligned,ctmle,3000,0.0,15,2036000000,dml_real_benchmark_acic2016_misaligned_ctmle_n3000_s0_chunk15.reps.csv,8b4583ca37d00031dc7ea48463cbe341f8445435e62a576aa723866b69880805,2.0
m01-j1241,manifest.tsv,1241,real_benchmark,acic2016_misaligned,ctmle,3000,0.0,16,2036100000,dml_real_benchmark_acic2016_misaligned_ctmle_n3000_s0_chunk16.reps.csv,11f31ebf0da38604cee988fa8433e3d34df070e9dae2d2bc611a40483903b854,2.0
m01-j1242,manifest.tsv,1242,real_benchmark,acic2016_misaligned,ctmle,3000,0.0,17,2036200000,dml_real_benchmark_acic2016_misaligned_ctmle_n3000_s0_chunk17.reps.csv,a7605b64b70656f9218e118c283c6ad4b2f1161a05f42c46f7ca0dd4f0a6811e,2.0
m01-j1243,manifest.tsv,1243,real_benchmark,acic2016_misaligned,ctmle,3000,0.0,18,2036300000,dml_real_benchmark_acic2016_misaligned_ctmle_n3000_s0_chunk18.reps.csv,801988563982e272d40bb71d6f28723a3625f5591ca72e6036206f887442e880,2.0
m01-j1244,manifest.tsv,1244,real_benchmark,acic2016_misaligned,ctmle,3000,0.0,19,2036400000,dml_real_benchmark_acic2016_misaligned_ctmle_n3000_s0_chunk19.reps.csv,f93b63e6a2dd050f873812694985b7116cde85db55b6f06d94788d312cc9223f,2.0
m01-j1245,manifest.tsv,1245,real_benchmark,acic2016_misaligned,ctmle,3000,0.0,20,2036500000,dml_real_benchmark_acic2016_misaligned_ctmle_n3000_s0_chunk20.reps.csv,bb0c8d5ceffd40bb8eff575ae123d162f1a7f3883314b3f6f1c2cf66b2db1c73,2.0
m01-j1246,manifest.tsv,1246,real_benchmark,acic2016_misaligned,ctmle,3000,0.0,21,2036600000,dml_real_benchmark_acic2016_misaligned_ctmle_n3000_s0_chunk21.reps.csv,e142074313db5e5544077aa01f5464246e54a3cda40ad34eb86fb4f20807e2f4,2.0
m01-j1247,manifest.tsv,1247,real_benchmark,acic2016_misaligned,ctmle,3000,0.0,22,2036700000,dml_real_benchmark_acic2016_misaligned_ctmle_n3000_s0_chunk22.reps.csv,ef1e4a179068e0399feb265468b21793adda1555083db55e76566fd7347b2e49,2.0
m01-j1248,manifest.tsv,1248,real_benchmark,acic2016_misaligned,ctmle,3000,0.0,23,2036800000,dml_real_benchmark_acic2016_misaligned_ctmle_n3000_s0_chunk23.reps.csv,2b99c2d9f25492b7accce2204cf0e46ade2fdd26baa513d57ad5a5fcd1c2b264,2.0
m01-j1249,manifest.tsv,1249,real_benchmark,acic2016_misaligned,cui_selective_ml,3000,0.0,0,2034500000,dml_real_benchmark_acic2016_misaligned_cui_selective_ml_n3000_s0_chunk00.reps.csv,4504e0a078a2fe4ee374d4607e4f1f8dad753720b859864207969d9833eb3fe5,2.0
m01-j1250,manifest.tsv,1250,real_benchmark,acic2016_misaligned,cui_selective_ml,3000,0.0,1,2034600000,dml_real_benchmark_acic2016_misaligned_cui_selective_ml_n3000_s0_chunk01.reps.csv,b1cb4746b4777dff9f16efd57c15deea3c184583417ba25102e279bcebe99b46,2.0
m01-j1251,manifest.tsv,1251,real_benchmark,acic2016_misaligned,cui_selective_ml,3000,0.0,2,2034700000,dml_real_benchmark_acic2016_misaligned_cui_selective_ml_n3000_s0_chunk02.reps.csv,18f5ae7a67902031d200df325f7f32c3853ca1f4fd26c495c0cbce7f9f8edbfc,2.0
m01-j1252,manifest.tsv,1252,real_benchmark,acic2016_misaligned,cui_selective_ml,3000,0.0,3,2034800000,dml_real_benchmark_acic2016_misaligned_cui_selective_ml_n3000_s0_chunk03.reps.csv,6aaa61a764400be20be0c81778ef071e497bde725c0519ad66021955cce4d153,2.0
m01-j1253,manifest.tsv,1253,real_benchmark,acic2016_misaligned,cui_selective_ml,3000,0.0,4,2034900000,dml_real_benchmark_acic2016_misaligned_cui_selective_ml_n3000_s0_chunk04.reps.csv,37d1f027cd5b80cc4b83ec57ca660cdaace028f7ed95eed60edd0488c83b7ee3,2.0
m01-j1254,manifest.tsv,1254,real_benchmark,acic2016_misaligned,cui_selective_ml,3000,0.0,5,2035000000,dml_real_benchmark_acic2016_misaligned_cui_selective_ml_n3000_s0_chunk05.reps.csv,389664d5a6195784ccf7ac514d5d74c4617d597918822a8ecc5343920bb4c001,2.0
m01-j1255,manifest.tsv,1255,real_benchmark,acic2016_misaligned,cui_selective_ml,3000,0.0,6,2035100000,dml_real_benchmark_acic2016_misaligned_cui_selective_ml_n3000_s0_chunk06.reps.csv,725ce3f2238b3965d08a7be4464696756a079362f514640ec07d009595a6c89e,2.0
m01-j1256,manifest.tsv,1256,real_benchmark,acic2016_misaligned,cui_selective_ml,3000,0.0,7,2035200000,dml_real_benchmark_acic2016_misaligned_cui_selective_ml_n3000_s0_chunk07.reps.csv,30acdcd6e34c74597c8d476d07024bd81cb2f47ec497fb4c3f9447cc68df6eba,2.0
m01-j1257,manifest.tsv,1257,real_benchmark,acic2016_misaligned,cui_selective_ml,3000,0.0,8,2035300000,dml_real_benchmark_acic2016_misaligned_cui_selective_ml_n3000_s0_chunk08.reps.csv,3ec1920b97b3d80639106556d0ed42b682ff6b033b06c2301c1b1c0314746aef,2.0
m01-j1258,manifest.tsv,1258,real_benchmark,acic2016_misaligned,cui_selective_ml,3000,0.0,9,2035400000,dml_real_benchmark_acic2016_misaligned_cui_selective_ml_n3000_s0_chunk09.reps.csv,e2f4d92456668228afc1cb90b22df3fa8d7e5506295df0c50b259489968c5687,2.0
m01-j1259,manifest.tsv,1259,real_benchmark,acic2016_misaligned,cui_selective_ml,3000,0.0,10,2035500000,dml_real_benchmark_acic2016_misaligned_cui_selective_ml_n3000_s0_chunk10.reps.csv,5eccda009b79540d9efa96bee07c2681ac73a6895fb5a311948fe186c2be99c1,2.0
m01-j1260,manifest.tsv,1260,real_benchmark,acic2016_misaligned,cui_selective_ml,3000,0.0,11,2035600000,dml_real_benchmark_acic2016_misaligned_cui_selective_ml_n3000_s0_chunk11.reps.csv,7acee29b5a7264e264a4a66e2691a4701a75724bd83f542269e590917714bdbe,2.0
m01-j1261,manifest.tsv,1261,real_benchmark,acic2016_misaligned,cui_selective_ml,3000,0.0,12,2035700000,dml_real_benchmark_acic2016_misaligned_cui_selective_ml_n3000_s0_chunk12.reps.csv,7900917ff14ad4216f40b25ba25a25afe2b376ae2378ba58301bfd6145ed8560,2.0
m01-j1262,manifest.tsv,1262,real_benchmark,acic2016_misaligned,cui_selective_ml,3000,0.0,13,2035800000,dml_real_benchmark_acic2016_misaligned_cui_selective_ml_n3000_s0_chunk13.reps.csv,889e3c685e33e806f585fb03862e94ea0d73f63de2e73a604ed68b45ac5491c6,2.0
m01-j1263,manifest.tsv,1263,real_benchmark,acic2016_misaligned,cui_selective_ml,3000,0.0,14,2035900000,dml_real_benchmark_acic2016_misaligned_cui_selective_ml_n3000_s0_chunk14.reps.csv,ba7c9c06446f744a627d0d9a3391964b5824b0830761266ec69f73b4b95b5882,2.0
m01-j1264,manifest.tsv,1264,real_benchmark,acic2016_misaligned,cui_selective_ml,3000,0.0,15,2036000000,dml_real_benchmark_acic2016_misaligned_cui_selective_ml_n3000_s0_chunk15.reps.csv,434af3189f4eb698a6546a51346a237ab3e527bcff92e49312dcc4280439bc45,2.0
m01-j1265,manifest.tsv,1265,real_benchmark,acic2016_misaligned,cui_selective_ml,3000,0.0,16,2036100000,dml_real_benchmark_acic2016_misaligned_cui_selective_ml_n3000_s0_chunk16.reps.csv,423b7cc4d7828ad4b77b1abb5b07617f98aef489bd5f3d6b1f0284f409b66bbb,2.0
m01-j1266,manifest.tsv,1266,real_benchmark,acic2016_misaligned,cui_selective_ml,3000,0.0,17,2036200000,dml_real_benchmark_acic2016_misaligned_cui_selective_ml_n3000_s0_chunk17.reps.csv,5e4a63589455159abe7dfa4d8c3cfaa1956cf02e8df4442346ab0a5424dc7347,2.0
m01-j1267,manifest.tsv,1267,real_benchmark,acic2016_misaligned,cui_selective_ml,3000,0.0,18,2036300000,dml_real_benchmark_acic2016_misaligned_cui_selective_ml_n3000_s0_chunk18.reps.csv,b19b5f88d7bfc54bddd2d334fdfd5b78f56878dcc24795840d18db25bffbe24a,2.0
m01-j1268,manifest.tsv,1268,real_benchmark,acic2016_misaligned,cui_selective_ml,3000,0.0,19,2036400000,dml_real_benchmark_acic2016_misaligned_cui_selective_ml_n3000_s0_chunk19.reps.csv,6c019a7aa08870a7dafeb6cabb03a197b105e5307e9bc5f847ccd8e0af5aff01,2.0
m01-j1269,manifest.tsv,1269,real_benchmark,acic2016_misaligned,cui_selective_ml,3000,0.0,20,2036500000,dml_real_benchmark_acic2016_misaligned_cui_selective_ml_n3000_s0_chunk20.reps.csv,714d448920f9fa24b90084c185800ab506bd7c862ecbff3e1d4ebc877386089c,2.0
m01-j1270,manifest.tsv,1270,real_benchmark,acic2016_misaligned,cui_selective_ml,3000,0.0,21,2036600000,dml_real_benchmark_acic2016_misaligned_cui_selective_ml_n3000_s0_chunk21.reps.csv,a414b3f08d2e88b37f34b6075f83becad1f34fe5dca083dec82107c014bac1f5,2.0
m01-j1271,manifest.tsv,1271,real_benchmark,acic2016_misaligned,cui_selective_ml,3000,0.0,22,2036700000,dml_real_benchmark_acic2016_misaligned_cui_selective_ml_n3000_s0_chunk22.reps.csv,86ac1ccab0178a009a719c44a961224ba7405fb2c0d72dcd8b699718829b35c9,2.0
m01-j1272,manifest.tsv,1272,real_benchmark,acic2016_misaligned,cui_selective_ml,3000,0.0,23,2036800000,dml_real_benchmark_acic2016_misaligned_cui_selective_ml_n3000_s0_chunk23.reps.csv,773042c6d14d323d02612542b46ffcac11460c1c8256194a7c50301d2018d1f0,2.0
m01-j1273,manifest.tsv,1273,real_benchmark,acic2016_misaligned,ma_dr_bc,3000,0.0,0,2034500000,dml_real_benchmark_acic2016_misaligned_ma_dr_bc_n3000_s0_chunk00.reps.csv,a710e077af110eed2b9bc95ff24da19b8cf912807c28b0b1e0bb6b1e6ec05902,2.0
m01-j1274,manifest.tsv,1274,real_benchmark,acic2016_misaligned,ma_dr_bc,3000,0.0,1,2034600000,dml_real_benchmark_acic2016_misaligned_ma_dr_bc_n3000_s0_chunk01.reps.csv,6c294e7e395efff1bf50865330e2002cf334da71abce6995405600125dda2412,2.0
m01-j1275,manifest.tsv,1275,real_benchmark,acic2016_misaligned,ma_dr_bc,3000,0.0,2,2034700000,dml_real_benchmark_acic2016_misaligned_ma_dr_bc_n3000_s0_chunk02.reps.csv,026c23f10f9e7631b25e3bf21676e57b91e7f1385aab7fa59a1dff6ed0647882,2.0
m01-j1276,manifest.tsv,1276,real_benchmark,acic2016_misaligned,ma_dr_bc,3000,0.0,3,2034800000,dml_real_benchmark_acic2016_misaligned_ma_dr_bc_n3000_s0_chunk03.reps.csv,1a65ec742fd99de551c8052ecc2db236b104d4ac8c6c8a308605c2f5a8245f2b,2.0
m01-j1277,manifest.tsv,1277,real_benchmark,acic2016_misaligned,ma_dr_bc,3000,0.0,4,2034900000,dml_real_benchmark_acic2016_misaligned_ma_dr_bc_n3000_s0_chunk04.reps.csv,1bbb6d52bde27840ad29e35ebdf71ade90a3b49113328e62e43863cf4715de1c,2.0
m01-j1278,manifest.tsv,1278,real_benchmark,acic2016_misaligned,ma_dr_bc,3000,0.0,5,2035000000,dml_real_benchmark_acic2016_misaligned_ma_dr_bc_n3000_s0_chunk05.reps.csv,2c8f52de752bb214e1c245b9ece6e8d1d2c6b5109a7bb233004f1c3b2dd5394d,2.0
m01-j1279,manifest.tsv,1279,real_benchmark,acic2016_misaligned,ma_dr_bc,3000,0.0,6,2035100000,dml_real_benchmark_acic2016_misaligned_ma_dr_bc_n3000_s0_chunk06.reps.csv,c4442354703b99ff90a90197e10c33fc884a354d3ff250bba2825d6667d5ac6c,2.0
m01-j1280,manifest.tsv,1280,real_benchmark,acic2016_misaligned,ma_dr_bc,3000,0.0,7,2035200000,dml_real_benchmark_acic2016_misaligned_ma_dr_bc_n3000_s0_chunk07.reps.csv,7db074fdd34651c0bf7a25b7d3009cfaa805f447d467c4f8096676103ac213f5,2.0
m01-j1281,manifest.tsv,1281,real_benchmark,acic2016_misaligned,ma_dr_bc,3000,0.0,8,2035300000,dml_real_benchmark_acic2016_misaligned_ma_dr_bc_n3000_s0_chunk08.reps.csv,d099e4d846a37735f62aec2c8cf7a8719d9ba0f6ac7177d40c0ece47512719a1,2.0
m01-j1282,manifest.tsv,1282,real_benchmark,acic2016_misaligned,ma_dr_bc,3000,0.0,9,2035400000,dml_real_benchmark_acic2016_misaligned_ma_dr_bc_n3000_s0_chunk09.reps.csv,72e959cb21a14f23d2a51ad0cb471f399a05cc28dc5a9002ad8943f410320b24,2.0
m01-j1283,manifest.tsv,1283,real_benchmark,acic2016_misaligned,ma_dr_bc,3000,0.0,10,2035500000,dml_real_benchmark_acic2016_misaligned_ma_dr_bc_n3000_s0_chunk10.reps.csv,821bd0e125df66e15f3fb4290c72a2ddff84ae9bb06b3cc320dc6639e8924604,2.0
m01-j1284,manifest.tsv,1284,real_benchmark,acic2016_misaligned,ma_dr_bc,3000,0.0,11,2035600000,dml_real_benchmark_acic2016_misaligned_ma_dr_bc_n3000_s0_chunk11.reps.csv,aee2ed123b3e94f21a6e1053fbbbefd114f2deef57256019d8b529fec417413c,2.0
m01-j1285,manifest.tsv,1285,real_benchmark,acic2016_misaligned,ma_dr_bc,3000,0.0,12,2035700000,dml_real_benchmark_acic2016_misaligned_ma_dr_bc_n3000_s0_chunk12.reps.csv,73af2d774795c97e5d431b093f79ceb4cb898377ed5a3320948140e8e071457d,2.0
m01-j1286,manifest.tsv,1286,real_benchmark,acic2016_misaligned,ma_dr_bc,3000,0.0,13,2035800000,dml_real_benchmark_acic2016_misaligned_ma_dr_bc_n3000_s0_chunk13.reps.csv,725c621b48d76ce8a66c9bb3f114b4cf0bba2494a71510711a59bdd31b7467a7,2.0
m01-j1287,manifest.tsv,1287,real_benchmark,acic2016_misaligned,ma_dr_bc,3000,0.0,14,2035900000,dml_real_benchmark_acic2016_misaligned_ma_dr_bc_n3000_s0_chunk14.reps.csv,b3935b31d15b30587e949c62550419cb3934144426a9b2d610345a8c1b5516ce,2.0
m01-j1288,manifest.tsv,1288,real_benchmark,acic2016_misaligned,ma_dr_bc,3000,0.0,15,2036000000,dml_real_benchmark_acic2016_misaligned_ma_dr_bc_n3000_s0_chunk15.reps.csv,b9d21fb878825f908bb4f2a177052ad3e1bad68921b1ae3bafc3d01338b76b75,2.0
m01-j1289,manifest.tsv,1289,real_benchmark,acic2016_misaligned,ma_dr_bc,3000,0.0,16,2036100000,dml_real_benchmark_acic2016_misaligned_ma_dr_bc_n3000_s0_chunk16.reps.csv,455e0fb0a3af4235a251c08d13d68297c1e941c8c96015db15204bb5226e6ded,2.0
m01-j1290,manifest.tsv,1290,real_benchmark,acic2016_misaligned,ma_dr_bc,3000,0.0,17,2036200000,dml_real_benchmark_acic2016_misaligned_ma_dr_bc_n3000_s0_chunk17.reps.csv,98ac158cd6fa90be679beab32415e3ef74d034a6e169fe56ed97bdb932e481fc,2.0
m01-j1291,manifest.tsv,1291,real_benchmark,acic2016_misaligned,ma_dr_bc,3000,0.0,18,2036300000,dml_real_benchmark_acic2016_misaligned_ma_dr_bc_n3000_s0_chunk18.reps.csv,684429a7b94a2889e3249c98d21b76582968e64e859fc6b7d157fb8ce2e7a888,2.0
m01-j1292,manifest.tsv,1292,real_benchmark,acic2016_misaligned,ma_dr_bc,3000,0.0,19,2036400000,dml_real_benchmark_acic2016_misaligned_ma_dr_bc_n3000_s0_chunk19.reps.csv,283a9fc4ffb24318ec6589cd896802f5e6eaa0a88c1a6f5cfef6757938bbcc92,2.0
m01-j1293,manifest.tsv,1293,real_benchmark,acic2016_misaligned,ma_dr_bc,3000,0.0,20,2036500000,dml_real_benchmark_acic2016_misaligned_ma_dr_bc_n3000_s0_chunk20.reps.csv,112ec930fa1c6f99f2b4473aa7cf8478afd033f0fd496452f30a070792ebbb5d,2.0
m01-j1294,manifest.tsv,1294,real_benchmark,acic2016_misaligned,ma_dr_bc,3000,0.0,21,2036600000,dml_real_benchmark_acic2016_misaligned_ma_dr_bc_n3000_s0_chunk21.reps.csv,cbcc24b9dc9eb0d02ee438545c320ed49025e68770f18415c88bedb2dbab45b3,2.0
m01-j1295,manifest.tsv,1295,real_benchmark,acic2016_misaligned,ma_dr_bc,3000,0.0,22,2036700000,dml_real_benchmark_acic2016_misaligned_ma_dr_bc_n3000_s0_chunk22.reps.csv,fe3aa572f800de9556185a1921a2e49bb028a3849adfa3bf9b25628bcef2a392,2.0
m01-j1296,manifest.tsv,1296,real_benchmark,acic2016_misaligned,ma_dr_bc,3000,0.0,23,2036800000,dml_real_benchmark_acic2016_misaligned_ma_dr_bc_n3000_s0_chunk23.reps.csv,07b8dd17de8f238a980501a87ff4ac258c02526c96e55f1126f6f6a0bb9d2512,2.0
m01-j1297,manifest.tsv,1297,real_benchmark,acic2016_misaligned,tmle,3000,0.0,0,2034500000,dml_real_benchmark_acic2016_misaligned_tmle_n3000_s0_chunk00.reps.csv,64450a16b6d4666495df57fb0a913ea5304d68e95d0d392723c9fc3f290b10f6,2.0
m01-j1298,manifest.tsv,1298,real_benchmark,acic2016_misaligned,tmle,3000,0.0,1,2034600000,dml_real_benchmark_acic2016_misaligned_tmle_n3000_s0_chunk01.reps.csv,105b59282fb2bf0be3db20fe54df868f81ccd53dadfb5858898f36f2cfa87789,2.0
m01-j1299,manifest.tsv,1299,real_benchmark,acic2016_misaligned,tmle,3000,0.0,2,2034700000,dml_real_benchmark_acic2016_misaligned_tmle_n3000_s0_chunk02.reps.csv,fe8b899753faec3001985e87a3c9fb1b7d8164fe6591ccec58291f652086c937,2.0
m01-j1300,manifest.tsv,1300,real_benchmark,acic2016_misaligned,tmle,3000,0.0,3,2034800000,dml_real_benchmark_acic2016_misaligned_tmle_n3000_s0_chunk03.reps.csv,cd9e8dd23c813e5cd925c6ac48e0897ced5dbbdb130fa3217db8186f2c1b89d4,2.0
m01-j1301,manifest.tsv,1301,real_benchmark,acic2016_misaligned,tmle,3000,0.0,4,2034900000,dml_real_benchmark_acic2016_misaligned_tmle_n3000_s0_chunk04.reps.csv,aac84cacdc7c841b66098bcceb76d37fc4acd114c937d8ea1fbc1b6954e9facf,2.0
m01-j1302,manifest.tsv,1302,real_benchmark,acic2016_misaligned,tmle,3000,0.0,5,2035000000,dml_real_benchmark_acic2016_misaligned_tmle_n3000_s0_chunk05.reps.csv,f24d52d3c7b298a551f2da2d50a6ed36e98877383b4f0fa4aaa1bd925df38a06,2.0
m01-j1303,manifest.tsv,1303,real_benchmark,acic2016_misaligned,tmle,3000,0.0,6,2035100000,dml_real_benchmark_acic2016_misaligned_tmle_n3000_s0_chunk06.reps.csv,821e1d309b18fd244f9ce8e0972db042b1d3b0d37ce4821d5bf2eaed3d2e86ad,2.0
m01-j1304,manifest.tsv,1304,real_benchmark,acic2016_misaligned,tmle,3000,0.0,7,2035200000,dml_real_benchmark_acic2016_misaligned_tmle_n3000_s0_chunk07.reps.csv,df507e16f2520edc3cdb5a266c33221ce6b6eb8a75fd45a26497b6456d449905,2.0
m01-j1305,manifest.tsv,1305,real_benchmark,acic2016_misaligned,tmle,3000,0.0,8,2035300000,dml_real_benchmark_acic2016_misaligned_tmle_n3000_s0_chunk08.reps.csv,5319135304666529fd51e340558dc3f3ec957f6c91f938814b1af4e3a3191f47,2.0
m01-j1306,manifest.tsv,1306,real_benchmark,acic2016_misaligned,tmle,3000,0.0,9,2035400000,dml_real_benchmark_acic2016_misaligned_tmle_n3000_s0_chunk09.reps.csv,5c03bc23d5d444a73b7623b27788563fef0660267c2a23f4ad5a1d8713d8ca8f,2.0
m01-j1307,manifest.tsv,1307,real_benchmark,acic2016_misaligned,tmle,3000,0.0,10,2035500000,dml_real_benchmark_acic2016_misaligned_tmle_n3000_s0_chunk10.reps.csv,c2c27bb903e50955b16c31e061dd2331b5a39911bcd3c2dbd7865cd44bfc7270,2.0
m01-j1308,manifest.tsv,1308,real_benchmark,acic2016_misaligned,tmle,3000,0.0,11,2035600000,dml_real_benchmark_acic2016_misaligned_tmle_n3000_s0_chunk11.reps.csv,35c9bba12d0da70ebf94bcecc1c3ebdc4280720877c4615e47d79e1c3e41d454,2.0
m01-j1309,manifest.tsv,1309,real_benchmark,acic2016_misaligned,tmle,3000,0.0,12,2035700000,dml_real_benchmark_acic2016_misaligned_tmle_n3000_s0_chunk12.reps.csv,48a587696e7e07c2fcb414d28567b291e2a18889cfc12e08912eff0c9e063556,2.0
m01-j1310,manifest.tsv,1310,real_benchmark,acic2016_misaligned,tmle,3000,0.0,13,2035800000,dml_real_benchmark_acic2016_misaligned_tmle_n3000_s0_chunk13.reps.csv,70115eaa1df2e4d50d679112c76df3ad48e55f298c5959407ae00d44d1808f5c,2.0
m01-j1311,manifest.tsv,1311,real_benchmark,acic2016_misaligned,tmle,3000,0.0,14,2035900000,dml_real_benchmark_acic2016_misaligned_tmle_n3000_s0_chunk14.reps.csv,14c2e4ea2ff184adc0f14fe6d939771f3d9eae95616da24865e3464d78ee4cb8,2.0
m01-j1312,manifest.tsv,1312,real_benchmark,acic2016_misaligned,tmle,3000,0.0,15,2036000000,dml_real_benchmark_acic2016_misaligned_tmle_n3000_s0_chunk15.reps.csv,ef162dc75d26f1b6ecf7a7a3c4a32444a460680323c881e090a491a95f8e6b83,2.0
m01-j1313,manifest.tsv,1313,real_benchmark,acic2016_misaligned,tmle,3000,0.0,16,2036100000,dml_real_benchmark_acic2016_misaligned_tmle_n3000_s0_chunk16.reps.csv,60dc8ac394fa56db9955c27cd7c90855a8d35333bdee20a693b84fd8966ec8f7,2.0
m01-j1314,manifest.tsv,1314,real_benchmark,acic2016_misaligned,tmle,3000,0.0,17,2036200000,dml_real_benchmark_acic2016_misaligned_tmle_n3000_s0_chunk17.reps.csv,7ce4e55a9157da8b844cb613aa15f2b3542f18557d23f9f9381c483ec4d1d57d,2.0
m01-j1315,manifest.tsv,1315,real_benchmark,acic2016_misaligned,tmle,3000,0.0,18,2036300000,dml_real_benchmark_acic2016_misaligned_tmle_n3000_s0_chunk18.reps.csv,e75cb66c7c675e88b042775e8284ef778591231c05896f0a7cb3d2dc51ce421a,2.0
m01-j1316,manifest.tsv,1316,real_benchmark,acic2016_misaligned,tmle,3000,0.0,19,2036400000,dml_real_benchmark_acic2016_misaligned_tmle_n3000_s0_chunk19.reps.csv,e6c22fcdeb62b86f1b59e5df083e2cb178701d1c5bec8bbc28eb92c999a7f196,2.0
m01-j1317,manifest.tsv,1317,real_benchmark,acic2016_misaligned,tmle,3000,0.0,20,2036500000,dml_real_benchmark_acic2016_misaligned_tmle_n3000_s0_chunk20.reps.csv,bb7829b28a252333905d8459d3785549f52d8757df9edd862b866b55fbaf0dec,2.0
m01-j1318,manifest.tsv,1318,real_benchmark,acic2016_misaligned,tmle,3000,0.0,21,2036600000,dml_real_benchmark_acic2016_misaligned_tmle_n3000_s0_chunk21.reps.csv,065e5446a8beadb1e5ddee818bcd7a5fb040e1ef102491bb775c1135c1994cb7,2.0
m01-j1319,manifest.tsv,1319,real_benchmark,acic2016_misaligned,tmle,3000,0.0,22,2036700000,dml_real_benchmark_acic2016_misaligned_tmle_n3000_s0_chunk22.reps.csv,3718b3f482ad0cde3f89f67080230ba1335cf541b3cf3b95e5862c4985962a23,2.0
m01-j1320,manifest.tsv,1320,real_benchmark,acic2016_misaligned,tmle,3000,0.0,23,2036800000,dml_real_benchmark_acic2016_misaligned_tmle_n3000_s0_chunk23.reps.csv,af91204bd2d1bdec4f98500fa146d475449279202182ccdc27e23758dcfb9148,2.0
m01-j1321,manifest.tsv,1321,real_benchmark,acic2016_misaligned,aipw,3000,3.0,0,2036900000,dml_real_benchmark_acic2016_misaligned_aipw_n3000_s3_chunk00.reps.csv,5bda09e626fd1fe1a5c42b720eadd5767aff6aa1edd57c1a9d73fdbf990ce0bf,2.0
m01-j1322,manifest.tsv,1322,real_benchmark,acic2016_misaligned,aipw,3000,3.0,1,2037000000,dml_real_benchmark_acic2016_misaligned_aipw_n3000_s3_chunk01.reps.csv,3901e9b37b1e91162d69f8792298cd39b16ab7f38fdf3ade6ec992a2482bfcf1,2.0
m01-j1323,manifest.tsv,1323,real_benchmark,acic2016_misaligned,aipw,3000,3.0,2,2037100000,dml_real_benchmark_acic2016_misaligned_aipw_n3000_s3_chunk02.reps.csv,9554080f14701d046d34fe1a5b0f892a112e0ca9218018356ca056b255d9ec61,2.0
m01-j1324,manifest.tsv,1324,real_benchmark,acic2016_misaligned,aipw,3000,3.0,3,2037200000,dml_real_benchmark_acic2016_misaligned_aipw_n3000_s3_chunk03.reps.csv,55da4af046cca8cd1ea483fefc0787af098985df576a97f2a8a592ddc384738e,2.0
m01-j1325,manifest.tsv,1325,real_benchmark,acic2016_misaligned,aipw,3000,3.0,4,2037300000,dml_real_benchmark_acic2016_misaligned_aipw_n3000_s3_chunk04.reps.csv,1cdd2e5f2898bc567048885198f29762fb87c3276158afbb15842a23f4ab3ee3,2.0
m01-j1326,manifest.tsv,1326,real_benchmark,acic2016_misaligned,aipw,3000,3.0,5,2037400000,dml_real_benchmark_acic2016_misaligned_aipw_n3000_s3_chunk05.reps.csv,b33d73b8e06e29ac7ff01d2054cf8f33f86340c0414ee4e727f406673088fb2f,2.0
m01-j1327,manifest.tsv,1327,real_benchmark,acic2016_misaligned,aipw,3000,3.0,6,2037500000,dml_real_benchmark_acic2016_misaligned_aipw_n3000_s3_chunk06.reps.csv,6411145822e5dff38ac592864ba50448e16aebfb4df7dfea97ef42227aaace48,2.0
m01-j1328,manifest.tsv,1328,real_benchmark,acic2016_misaligned,aipw,3000,3.0,7,2037600000,dml_real_benchmark_acic2016_misaligned_aipw_n3000_s3_chunk07.reps.csv,0fd6a04682fb4b154cf2d9242c38d482d2f946539eff7b15e7ae1fd58f6f4502,2.0
m01-j1329,manifest.tsv,1329,real_benchmark,acic2016_misaligned,aipw,3000,3.0,8,2037700000,dml_real_benchmark_acic2016_misaligned_aipw_n3000_s3_chunk08.reps.csv,6972da6f0838bec9c8e35143443147660916168ef8363cd382ebe3d2cad1f331,2.0
m01-j1330,manifest.tsv,1330,real_benchmark,acic2016_misaligned,aipw,3000,3.0,9,2037800000,dml_real_benchmark_acic2016_misaligned_aipw_n3000_s3_chunk09.reps.csv,32beda93efc6683a88d2ae3568dc569d5a103e8c46eaf182e91a4f1429e53831,2.0
m01-j1331,manifest.tsv,1331,real_benchmark,acic2016_misaligned,aipw,3000,3.0,10,2037900000,dml_real_benchmark_acic2016_misaligned_aipw_n3000_s3_chunk10.reps.csv,5241c0b1f250c0e0203c6b6088bd5b08c6caac896ac6b58fd84178dd5a22c52c,2.0
m01-j1332,manifest.tsv,1332,real_benchmark,acic2016_misaligned,aipw,3000,3.0,11,2038000000,dml_real_benchmark_acic2016_misaligned_aipw_n3000_s3_chunk11.reps.csv,0308dff161e9aa70d75178522e98740ccd1b4451a9b3b1c91f5d1c96b1230136,2.0
m01-j1333,manifest.tsv,1333,real_benchmark,acic2016_misaligned,aipw,3000,3.0,12,2038100000,dml_real_benchmark_acic2016_misaligned_aipw_n3000_s3_chunk12.reps.csv,eaaac25ae3f7ddf9d11419db6c74ce5565f0643b546e05b4e68d4445026d3357,2.0
m01-j1334,manifest.tsv,1334,real_benchmark,acic2016_misaligned,aipw,3000,3.0,13,2038200000,dml_real_benchmark_acic2016_misaligned_aipw_n3000_s3_chunk13.reps.csv,0037ad87a3ba15734a49b6268afe78e8ff00703bde8d9061faa799652ebb3cbf,2.0
m01-j1335,manifest.tsv,1335,real_benchmark,acic2016_misaligned,aipw,3000,3.0,14,2038300000,dml_real_benchmark_acic2016_misaligned_aipw_n3000_s3_chunk14.reps.csv,0c837670778b49be4947e1848e732575680e73dc99c088de92086ea272cbf5e8,2.0
m01-j1336,manifest.tsv,1336,real_benchmark,acic2016_misaligned,aipw,3000,3.0,15,2038400000,dml_real_benchmark_acic2016_misaligned_aipw_n3000_s3_chunk15.reps.csv,0f738f18fa3c1188aee68591f3f5d9902c5e8c21e04644345655242482891cb7,2.0
m01-j1337,manifest.tsv,1337,real_benchmark,acic2016_misaligned,aipw,3000,3.0,16,2038500000,dml_real_benchmark_acic2016_misaligned_aipw_n3000_s3_chunk16.reps.csv,8bedf1e89c99a1e149b090e2c9ddceb2db097bb5283f7d3eb3948143c564d0d7,2.0
m01-j1338,manifest.tsv,1338,real_benchmark,acic2016_misaligned,aipw,3000,3.0,17,2038600000,dml_real_benchmark_acic2016_misaligned_aipw_n3000_s3_chunk17.reps.csv,3dda2f1039fdb54f11f9b2e8884ded63067ace49184297677b729593b17e546b,2.0
m01-j1339,manifest.tsv,1339,real_benchmark,acic2016_misaligned,aipw,3000,3.0,18,2038700000,dml_real_benchmark_acic2016_misaligned_aipw_n3000_s3_chunk18.reps.csv,ae94802790ad700a9b4272568cf07aaf452a120b0ce8b5e00eb1304405adf706,2.0
m01-j1340,manifest.tsv,1340,real_benchmark,acic2016_misaligned,aipw,3000,3.0,19,2038800000,dml_real_benchmark_acic2016_misaligned_aipw_n3000_s3_chunk19.reps.csv,d73997467609835a0ecf3f6ee04bbed4df4ad501ef5a6c4f0a5631dcf0829593,2.0
m01-j1341,manifest.tsv,1341,real_benchmark,acic2016_misaligned,aipw,3000,3.0,20,2038900000,dml_real_benchmark_acic2016_misaligned_aipw_n3000_s3_chunk20.reps.csv,bb25c77d636a6893b386b4cc639a99b6820db6ccd8f976d00c1bedec58651564,2.0
m01-j1342,manifest.tsv,1342,real_benchmark,acic2016_misaligned,aipw,3000,3.0,21,2039000000,dml_real_benchmark_acic2016_misaligned_aipw_n3000_s3_chunk21.reps.csv,5d84bd02876536ce102e777920ef26fba8dc000acec7f2bef590aa17a287e1f1,2.0
m01-j1343,manifest.tsv,1343,real_benchmark,acic2016_misaligned,aipw,3000,3.0,22,2039100000,dml_real_benchmark_acic2016_misaligned_aipw_n3000_s3_chunk22.reps.csv,71aac7f4a02e020a4f87dcb28269063ef377a591b7305affdf32066161d3125a,2.0
m01-j1344,manifest.tsv,1344,real_benchmark,acic2016_misaligned,aipw,3000,3.0,23,2039200000,dml_real_benchmark_acic2016_misaligned_aipw_n3000_s3_chunk23.reps.csv,bda39a2c5d7514ce2b2fa2e3ada7460af113888600ff0bfc8d5687baf7d10836,2.0
m01-j1345,manifest.tsv,1345,real_benchmark,acic2016_misaligned,ctmle,3000,3.0,0,2036900000,dml_real_benchmark_acic2016_misaligned_ctmle_n3000_s3_chunk00.reps.csv,b59d357db9a3772d5b65facefb6fe30e26ff1927cab470831379935ae18e983a,2.0
m01-j1346,manifest.tsv,1346,real_benchmark,acic2016_misaligned,ctmle,3000,3.0,1,2037000000,dml_real_benchmark_acic2016_misaligned_ctmle_n3000_s3_chunk01.reps.csv,64e2b61fa65a93782ad46711ad8980df4db0d45e8deb83ddc7cde5a0be8c704c,2.0
m01-j1347,manifest.tsv,1347,real_benchmark,acic2016_misaligned,ctmle,3000,3.0,2,2037100000,dml_real_benchmark_acic2016_misaligned_ctmle_n3000_s3_chunk02.reps.csv,55885058993535e701ae86e97d0af2f443d7b53c99e0e6eca336aa755e47fa09,2.0
m01-j1348,manifest.tsv,1348,real_benchmark,acic2016_misaligned,ctmle,3000,3.0,3,2037200000,dml_real_benchmark_acic2016_misaligned_ctmle_n3000_s3_chunk03.reps.csv,98d223338407f4d9bb8bf9c9a8ab9d856bf234962408b34d677bb3adc4ba4ce4,2.0
m01-j1349,manifest.tsv,1349,real_benchmark,acic2016_misaligned,ctmle,3000,3.0,4,2037300000,dml_real_benchmark_acic2016_misaligned_ctmle_n3000_s3_chunk04.reps.csv,e052021c8928d9c68fa55548bf729f429d08cb597218c296939b0426a0146b9b,2.0
m01-j1350,manifest.tsv,1350,real_benchmark,acic2016_misaligned,ctmle,3000,3.0,5,2037400000,dml_real_benchmark_acic2016_misaligned_ctmle_n3000_s3_chunk05.reps.csv,e0d59ae0f17a713896a5139cc4ce81c55d7500a090a1c2b67a50032376e8e728,2.0
m01-j1351,manifest.tsv,1351,real_benchmark,acic2016_misaligned,ctmle,3000,3.0,6,2037500000,dml_real_benchmark_acic2016_misaligned_ctmle_n3000_s3_chunk06.reps.csv,ab8f3ab53fcd4dea440035809fd5a1f0250aa66e0861fc3aec2999b16186de1e,2.0
m01-j1352,manifest.tsv,1352,real_benchmark,acic2016_misaligned,ctmle,3000,3.0,7,2037600000,dml_real_benchmark_acic2016_misaligned_ctmle_n3000_s3_chunk07.reps.csv,71e72b5d3487c6a1cc46057408ee70cad7f8b18bbac89e7b32574adc1deb02dc,2.0
m01-j1353,manifest.tsv,1353,real_benchmark,acic2016_misaligned,ctmle,3000,3.0,8,2037700000,dml_real_benchmark_acic2016_misaligned_ctmle_n3000_s3_chunk08.reps.csv,05415bab1b0fd481756016a989d19a9094571fee14ba44faff2da6282cadc6b8,2.0
m01-j1354,manifest.tsv,1354,real_benchmark,acic2016_misaligned,ctmle,3000,3.0,9,2037800000,dml_real_benchmark_acic2016_misaligned_ctmle_n3000_s3_chunk09.reps.csv,3408abbc3fb838fec51f2d523a7bee34bdf98f8cd7a3007c3e58e5046529e0fc,2.0
m01-j1355,manifest.tsv,1355,real_benchmark,acic2016_misaligned,ctmle,3000,3.0,10,2037900000,dml_real_benchmark_acic2016_misaligned_ctmle_n3000_s3_chunk10.reps.csv,e66cae73a480a32eb800575cf67a1183f6d1f265c0395f7a429a02ef316b0716,2.0
m01-j1356,manifest.tsv,1356,real_benchmark,acic2016_misaligned,ctmle,3000,3.0,11,2038000000,dml_real_benchmark_acic2016_misaligned_ctmle_n3000_s3_chunk11.reps.csv,9b392fba43ecd2b1ee6ed3eb75ab5ef96ab646aebeeebb888143a3e7aa484f96,2.0
m01-j1357,manifest.tsv,1357,real_benchmark,acic2016_misaligned,ctmle,3000,3.0,12,2038100000,dml_real_benchmark_acic2016_misaligned_ctmle_n3000_s3_chunk12.reps.csv,6063ec78b14a106454067bba249f7a01083eda2147765a7d629d5f13ffb7c0b8,2.0
m01-j1358,manifest.tsv,1358,real_benchmark,acic2016_misaligned,ctmle,3000,3.0,13,2038200000,dml_real_benchmark_acic2016_misaligned_ctmle_n3000_s3_chunk13.reps.csv,ccf65dd08cab618d994a03caefc9029ab920f138aee27e0dc24aab952d72ffd0,2.0
m01-j1359,manifest.tsv,1359,real_benchmark,acic2016_misaligned,ctmle,3000,3.0,14,2038300000,dml_real_benchmark_acic2016_misaligned_ctmle_n3000_s3_chunk14.reps.csv,dded6a8f3051a0f60cff78a24b9cb66216b563cf3cb5f50689302d693970c426,2.0
m01-j1360,manifest.tsv,1360,real_benchmark,acic2016_misaligned,ctmle,3000,3.0,15,2038400000,dml_real_benchmark_acic2016_misaligned_ctmle_n3000_s3_chunk15.reps.csv,cd70018fe05788b4acbf3aecfe5b092f85f59993cb5c8e08086f65937468bf05,2.0
m01-j1361,manifest.tsv,1361,real_benchmark,acic2016_misaligned,ctmle,3000,3.0,16,2038500000,dml_real_benchmark_acic2016_misaligned_ctmle_n3000_s3_chunk16.reps.csv,c6eec0a549e31503d13c1fc719d2974d9be92dd132ab71aadf20420557a719b6,2.0
m01-j1362,manifest.tsv,1362,real_benchmark,acic2016_misaligned,ctmle,3000,3.0,17,2038600000,dml_real_benchmark_acic2016_misaligned_ctmle_n3000_s3_chunk17.reps.csv,d76a5aac6486f524aa76136bf68fbfa8bdc379a40772b608bc84feb5f8744bec,2.0
m01-j1363,manifest.tsv,1363,real_benchmark,acic2016_misaligned,ctmle,3000,3.0,18,2038700000,dml_real_benchmark_acic2016_misaligned_ctmle_n3000_s3_chunk18.reps.csv,643689d7d24a2402f5811783a6f436396c1f40bed2a4473e3c2b99a3e1bcb8a8,2.0
m01-j1364,manifest.tsv,1364,real_benchmark,acic2016_misaligned,ctmle,3000,3.0,19,2038800000,dml_real_benchmark_acic2016_misaligned_ctmle_n3000_s3_chunk19.reps.csv,f2ff70eadaeeb5688d712a65de6bc1e4c6f1e38556c8ef531dbfb421b351f828,2.0
m01-j1365,manifest.tsv,1365,real_benchmark,acic2016_misaligned,ctmle,3000,3.0,20,2038900000,dml_real_benchmark_acic2016_misaligned_ctmle_n3000_s3_chunk20.reps.csv,fbd5328fa85773431f2b12aa2a19856d4f47a46119eb12fd4b01b0f5c3ab31d3,2.0
m01-j1366,manifest.tsv,1366,real_benchmark,acic2016_misaligned,ctmle,3000,3.0,21,2039000000,dml_real_benchmark_acic2016_misaligned_ctmle_n3000_s3_chunk21.reps.csv,7293e2d4d1ab1bde4793634632840b2b072153f7bc673f9aaa9493f0151ee366,2.0
m01-j1367,manifest.tsv,1367,real_benchmark,acic2016_misaligned,ctmle,3000,3.0,22,2039100000,dml_real_benchmark_acic2016_misaligned_ctmle_n3000_s3_chunk22.reps.csv,e3753dafb9bd4de59cc3a311f2070cdd9647f95512a850622dab1c5948230aa8,2.0
m01-j1368,manifest.tsv,1368,real_benchmark,acic2016_misaligned,ctmle,3000,3.0,23,2039200000,dml_real_benchmark_acic2016_misaligned_ctmle_n3000_s3_chunk23.reps.csv,3584dfadf98efbe036af3c49b7b959687f3fd0c485afa9a675b9a1ed4ff095b1,2.0
m01-j1369,manifest.tsv,1369,real_benchmark,acic2016_misaligned,cui_selective_ml,3000,3.0,0,2036900000,dml_real_benchmark_acic2016_misaligned_cui_selective_ml_n3000_s3_chunk00.reps.csv,c4dee6768ab25460794a0ce200d60b73c50e59ec941791c44cd864b19d9c16d7,2.0
m01-j1370,manifest.tsv,1370,real_benchmark,acic2016_misaligned,cui_selective_ml,3000,3.0,1,2037000000,dml_real_benchmark_acic2016_misaligned_cui_selective_ml_n3000_s3_chunk01.reps.csv,08453d6139ff9cccc9cf19496f27dafa2112759103b73d28404ad6cfa719f31f,2.0
m01-j1371,manifest.tsv,1371,real_benchmark,acic2016_misaligned,cui_selective_ml,3000,3.0,2,2037100000,dml_real_benchmark_acic2016_misaligned_cui_selective_ml_n3000_s3_chunk02.reps.csv,90e8bd6a70881032625d3bc3aee248f2795367d7110ecd6e041f711a2587d2a7,2.0
m01-j1372,manifest.tsv,1372,real_benchmark,acic2016_misaligned,cui_selective_ml,3000,3.0,3,2037200000,dml_real_benchmark_acic2016_misaligned_cui_selective_ml_n3000_s3_chunk03.reps.csv,c171ac9ecbb89c2c45cfd6946f2e852d7eaa9e14d7da7226d16383f0cd18bd2c,2.0
m01-j1373,manifest.tsv,1373,real_benchmark,acic2016_misaligned,cui_selective_ml,3000,3.0,4,2037300000,dml_real_benchmark_acic2016_misaligned_cui_selective_ml_n3000_s3_chunk04.reps.csv,9d9312d37ddd146fb3dced2574a8b751a8e19025bba01e029f6681c10cbeece7,2.0
m01-j1374,manifest.tsv,1374,real_benchmark,acic2016_misaligned,cui_selective_ml,3000,3.0,5,2037400000,dml_real_benchmark_acic2016_misaligned_cui_selective_ml_n3000_s3_chunk05.reps.csv,c6fa976b0b093e2e7e0e0b4b37c3ddfbcfc77bfdd8c84407fa6bbaefa0a14d8e,2.0
m01-j1375,manifest.tsv,1375,real_benchmark,acic2016_misaligned,cui_selective_ml,3000,3.0,6,2037500000,dml_real_benchmark_acic2016_misaligned_cui_selective_ml_n3000_s3_chunk06.reps.csv,2f6abe8b6746ee7289b5324a7f2c46cdefbeed1574a2f1e198ec7a6d54db87da,2.0
m01-j1376,manifest.tsv,1376,real_benchmark,acic2016_misaligned,cui_selective_ml,3000,3.0,7,2037600000,dml_real_benchmark_acic2016_misaligned_cui_selective_ml_n3000_s3_chunk07.reps.csv,910b3c7741b09b20d3365997c985e61f146f1e61ca3df9f79f8e6185e2f2013c,2.0
m01-j1377,manifest.tsv,1377,real_benchmark,acic2016_misaligned,cui_selective_ml,3000,3.0,8,2037700000,dml_real_benchmark_acic2016_misaligned_cui_selective_ml_n3000_s3_chunk08.reps.csv,ecef38379e8f969209e33c6465fbe47278762844a35055dfff6683265efd03df,2.0
m01-j1378,manifest.tsv,1378,real_benchmark,acic2016_misaligned,cui_selective_ml,3000,3.0,9,2037800000,dml_real_benchmark_acic2016_misaligned_cui_selective_ml_n3000_s3_chunk09.reps.csv,0c50c9f549efcc0802d1f1bdb5b39c98087e63ac20a10481e8601b8f472c29cd,2.0
m01-j1379,manifest.tsv,1379,real_benchmark,acic2016_misaligned,cui_selective_ml,3000,3.0,10,2037900000,dml_real_benchmark_acic2016_misaligned_cui_selective_ml_n3000_s3_chunk10.reps.csv,eeac6b8e5199f6002d4373df0349a6acf485bc3e735c6ad14ac78da72e351411,2.0
m01-j1380,manifest.tsv,1380,real_benchmark,acic2016_misaligned,cui_selective_ml,3000,3.0,11,2038000000,dml_real_benchmark_acic2016_misaligned_cui_selective_ml_n3000_s3_chunk11.reps.csv,f691fb774dc1be1e6be1b53b3b778e1ca0c61c90746ec00f73589c489595ecd0,2.0
m01-j1381,manifest.tsv,1381,real_benchmark,acic2016_misaligned,cui_selective_ml,3000,3.0,12,2038100000,dml_real_benchmark_acic2016_misaligned_cui_selective_ml_n3000_s3_chunk12.reps.csv,59b5fc106b0cf3a265c46f6e5d21ceae90d6c1942af2121afd9b5d0090858b43,2.0
m01-j1382,manifest.tsv,1382,real_benchmark,acic2016_misaligned,cui_selective_ml,3000,3.0,13,2038200000,dml_real_benchmark_acic2016_misaligned_cui_selective_ml_n3000_s3_chunk13.reps.csv,13d0f167e36ea86376a83bd876acba57ac86b4eb951cd5a61e7a736cfe398a4b,2.0
m01-j1383,manifest.tsv,1383,real_benchmark,acic2016_misaligned,cui_selective_ml,3000,3.0,14,2038300000,dml_real_benchmark_acic2016_misaligned_cui_selective_ml_n3000_s3_chunk14.reps.csv,e086edf0db59b4473f3cb615541e7203a95b1c9bc7a5665e04d0a283d4ae6c92,2.0
m01-j1384,manifest.tsv,1384,real_benchmark,acic2016_misaligned,cui_selective_ml,3000,3.0,15,2038400000,dml_real_benchmark_acic2016_misaligned_cui_selective_ml_n3000_s3_chunk15.reps.csv,e0383ba88668782a256c00fcf9297bd6018170ede0ac1bed597f2d733a055ab9,2.0
m01-j1385,manifest.tsv,1385,real_benchmark,acic2016_misaligned,cui_selective_ml,3000,3.0,16,2038500000,dml_real_benchmark_acic2016_misaligned_cui_selective_ml_n3000_s3_chunk16.reps.csv,309dee953e89e94c5dfad77e36c19e594cdb16f8f090386fc4159ccea06e3c51,2.0
m01-j1386,manifest.tsv,1386,real_benchmark,acic2016_misaligned,cui_selective_ml,3000,3.0,17,2038600000,dml_real_benchmark_acic2016_misaligned_cui_selective_ml_n3000_s3_chunk17.reps.csv,9195669de37f598007116d1379413122f309b072c014976dab3fb837e1b1118b,2.0
m01-j1387,manifest.tsv,1387,real_benchmark,acic2016_misaligned,cui_selective_ml,3000,3.0,18,2038700000,dml_real_benchmark_acic2016_misaligned_cui_selective_ml_n3000_s3_chunk18.reps.csv,dd85d31adae8807fd2ad5ad003bebeb0f84a084ec108999e2370442b0a1015c9,2.0
m01-j1388,manifest.tsv,1388,real_benchmark,acic2016_misaligned,cui_selective_ml,3000,3.0,19,2038800000,dml_real_benchmark_acic2016_misaligned_cui_selective_ml_n3000_s3_chunk19.reps.csv,4c15fd7b550c117c8e90ba25d729db53f482953bb223cde1d0e53a25d0a4a206,2.0
m01-j1389,manifest.tsv,1389,real_benchmark,acic2016_misaligned,cui_selective_ml,3000,3.0,20,2038900000,dml_real_benchmark_acic2016_misaligned_cui_selective_ml_n3000_s3_chunk20.reps.csv,72f279ec0966c984448ada555607ab42139ad3f80bca0a386122c06217314fb5,2.0
m01-j1390,manifest.tsv,1390,real_benchmark,acic2016_misaligned,cui_selective_ml,3000,3.0,21,2039000000,dml_real_benchmark_acic2016_misaligned_cui_selective_ml_n3000_s3_chunk21.reps.csv,238649fd4a670fab396875380d757ac9fb8acdfb4c10f391061df46268a41051,2.0
m01-j1391,manifest.tsv,1391,real_benchmark,acic2016_misaligned,cui_selective_ml,3000,3.0,22,2039100000,dml_real_benchmark_acic2016_misaligned_cui_selective_ml_n3000_s3_chunk22.reps.csv,252fe36ec314126acb3cb872598daa1c73418c08e52558dc21c3e5c6a1214750,2.0
m01-j1392,manifest.tsv,1392,real_benchmark,acic2016_misaligned,cui_selective_ml,3000,3.0,23,2039200000,dml_real_benchmark_acic2016_misaligned_cui_selective_ml_n3000_s3_chunk23.reps.csv,3c1160bbf11b37ae11ab87e956861411959b52692f0df4d00215e6ae3b71846b,2.0
m01-j1393,manifest.tsv,1393,real_benchmark,acic2016_misaligned,ma_dr_bc,3000,3.0,0,2036900000,dml_real_benchmark_acic2016_misaligned_ma_dr_bc_n3000_s3_chunk00.reps.csv,ba2b44843dccffd2ae7860ee22a0174627510b8c2379c0141950d7bd39ef81e1,2.0
m01-j1394,manifest.tsv,1394,real_benchmark,acic2016_misaligned,ma_dr_bc,3000,3.0,1,2037000000,dml_real_benchmark_acic2016_misaligned_ma_dr_bc_n3000_s3_chunk01.reps.csv,bec7380589ca002a068bb4725fd756d4f487a68f4ff4d08b6aa948213db0b2fb,2.0
m01-j1395,manifest.tsv,1395,real_benchmark,acic2016_misaligned,ma_dr_bc,3000,3.0,2,2037100000,dml_real_benchmark_acic2016_misaligned_ma_dr_bc_n3000_s3_chunk02.reps.csv,e80f7f8fa0ef12ae155645c6b03b01e2e6cb19044f0aeb94e15f638d0e3cac00,2.0
m01-j1396,manifest.tsv,1396,real_benchmark,acic2016_misaligned,ma_dr_bc,3000,3.0,3,2037200000,dml_real_benchmark_acic2016_misaligned_ma_dr_bc_n3000_s3_chunk03.reps.csv,7255da7743d5822f7f412d644d5d47dbf185b02d310fc49fdff52e2025b0278d,2.0
m01-j1397,manifest.tsv,1397,real_benchmark,acic2016_misaligned,ma_dr_bc,3000,3.0,4,2037300000,dml_real_benchmark_acic2016_misaligned_ma_dr_bc_n3000_s3_chunk04.reps.csv,27d9aebdad8b0357510bcb50447e93f69251b1cbafda73aa4d79dc29612f23ff,2.0
m01-j1398,manifest.tsv,1398,real_benchmark,acic2016_misaligned,ma_dr_bc,3000,3.0,5,2037400000,dml_real_benchmark_acic2016_misaligned_ma_dr_bc_n3000_s3_chunk05.reps.csv,cb04f5341846d2204727f99d65dc431226714a05bf2c4140cf8baae9de45d6ea,2.0
m01-j1399,manifest.tsv,1399,real_benchmark,acic2016_misaligned,ma_dr_bc,3000,3.0,6,2037500000,dml_real_benchmark_acic2016_misaligned_ma_dr_bc_n3000_s3_chunk06.reps.csv,623fd1eba3fb7858ba016d7a4aeb28631b2604c89e62d350d790b40488d40559,2.0
m01-j1400,manifest.tsv,1400,real_benchmark,acic2016_misaligned,ma_dr_bc,3000,3.0,7,2037600000,dml_real_benchmark_acic2016_misaligned_ma_dr_bc_n3000_s3_chunk07.reps.csv,0912238110aee4260b8dd6866f42795006ae10477add2af27b355678eb70c741,2.0
m01-j1401,manifest.tsv,1401,real_benchmark,acic2016_misaligned,ma_dr_bc,3000,3.0,8,2037700000,dml_real_benchmark_acic2016_misaligned_ma_dr_bc_n3000_s3_chunk08.reps.csv,c81e71d4a11c218a64a7962eb8a79240521a3009ce7a9f4ec420c68bc3cdefce,2.0
m01-j1402,manifest.tsv,1402,real_benchmark,acic2016_misaligned,ma_dr_bc,3000,3.0,9,2037800000,dml_real_benchmark_acic2016_misaligned_ma_dr_bc_n3000_s3_chunk09.reps.csv,5b4b4995a1b4d9d64dbbe76a33fa834dbaef30cec18f4afc6c24b153231ffcc0,2.0
m01-j1403,manifest.tsv,1403,real_benchmark,acic2016_misaligned,ma_dr_bc,3000,3.0,10,2037900000,dml_real_benchmark_acic2016_misaligned_ma_dr_bc_n3000_s3_chunk10.reps.csv,0a17b58e40ee737da393329351ab70234f49ba8fb5ca02805ee1ba3c2d2b9588,2.0
m01-j1404,manifest.tsv,1404,real_benchmark,acic2016_misaligned,ma_dr_bc,3000,3.0,11,2038000000,dml_real_benchmark_acic2016_misaligned_ma_dr_bc_n3000_s3_chunk11.reps.csv,6ba1da57836a9c1baa4704b324e0c48252b5bce949edb333cfac19dae9af73bc,2.0
m01-j1405,manifest.tsv,1405,real_benchmark,acic2016_misaligned,ma_dr_bc,3000,3.0,12,2038100000,dml_real_benchmark_acic2016_misaligned_ma_dr_bc_n3000_s3_chunk12.reps.csv,8897bb448dab80426b82830152932398845cd96b408d1ba7910608b1333c3dc2,2.0
m01-j1406,manifest.tsv,1406,real_benchmark,acic2016_misaligned,ma_dr_bc,3000,3.0,13,2038200000,dml_real_benchmark_acic2016_misaligned_ma_dr_bc_n3000_s3_chunk13.reps.csv,b178f19922d5e3c6354c21fe6f7125899c84785d3dcc859c9b3ea802a0196448,2.0
m01-j1407,manifest.tsv,1407,real_benchmark,acic2016_misaligned,ma_dr_bc,3000,3.0,14,2038300000,dml_real_benchmark_acic2016_misaligned_ma_dr_bc_n3000_s3_chunk14.reps.csv,97a5b0e80d8f2b35531af15b3bb787d9da2506805aefb9ee5236e3c3dbd47fb3,2.0
m01-j1408,manifest.tsv,1408,real_benchmark,acic2016_misaligned,ma_dr_bc,3000,3.0,15,2038400000,dml_real_benchmark_acic2016_misaligned_ma_dr_bc_n3000_s3_chunk15.reps.csv,606a48ece58125cc03e4ecc91c0a664e7fb8d58e342b688a7683c3e08e326db3,2.0
m01-j1409,manifest.tsv,1409,real_benchmark,acic2016_misaligned,ma_dr_bc,3000,3.0,16,2038500000,dml_real_benchmark_acic2016_misaligned_ma_dr_bc_n3000_s3_chunk16.reps.csv,62c2c7bf6d1b13676bac9c8d470e9caf833df723e8d81e094d3a80bdbc066ac7,2.0
m01-j1410,manifest.tsv,1410,real_benchmark,acic2016_misaligned,ma_dr_bc,3000,3.0,17,2038600000,dml_real_benchmark_acic2016_misaligned_ma_dr_bc_n3000_s3_chunk17.reps.csv,0ddaa2de8e745a4b1834aefeb94d828c65d6570d1997cc291f3cd1a83123d958,2.0
m01-j1411,manifest.tsv,1411,real_benchmark,acic2016_misaligned,ma_dr_bc,3000,3.0,18,2038700000,dml_real_benchmark_acic2016_misaligned_ma_dr_bc_n3000_s3_chunk18.reps.csv,3fbf1ff8abc76b5651a560f9b08b97b4a85413721653202e45f5e19c513034d5,2.0
m01-j1412,manifest.tsv,1412,real_benchmark,acic2016_misaligned,ma_dr_bc,3000,3.0,19,2038800000,dml_real_benchmark_acic2016_misaligned_ma_dr_bc_n3000_s3_chunk19.reps.csv,eec8a4d30015b62306c96783033e1bfe6543f3c1066b1fef6230791857632b2d,2.0
m01-j1413,manifest.tsv,1413,real_benchmark,acic2016_misaligned,ma_dr_bc,3000,3.0,20,2038900000,dml_real_benchmark_acic2016_misaligned_ma_dr_bc_n3000_s3_chunk20.reps.csv,9ec782b39c5cae2e43ed99e7b938fe978fa7ce6d14aaec0fe9ff5b1f9ffcce50,2.0
m01-j1414,manifest.tsv,1414,real_benchmark,acic2016_misaligned,ma_dr_bc,3000,3.0,21,2039000000,dml_real_benchmark_acic2016_misaligned_ma_dr_bc_n3000_s3_chunk21.reps.csv,8b413bab8b71bbf14e915fd55af8509228cf146ede908f84f80068ef2fef563e,2.0
m01-j1415,manifest.tsv,1415,real_benchmark,acic2016_misaligned,ma_dr_bc,3000,3.0,22,2039100000,dml_real_benchmark_acic2016_misaligned_ma_dr_bc_n3000_s3_chunk22.reps.csv,9147a48cdbe1747a9f8fd63ac6f36bad1ebba4580ae41e421757352965a89a72,2.0
m01-j1416,manifest.tsv,1416,real_benchmark,acic2016_misaligned,ma_dr_bc,3000,3.0,23,2039200000,dml_real_benchmark_acic2016_misaligned_ma_dr_bc_n3000_s3_chunk23.reps.csv,a9fb009d13426ea96b8fbb1a85ef699dc7639a8e6e48570fc593ac121e33c793,2.0
m01-j1417,manifest.tsv,1417,real_benchmark,acic2016_misaligned,tmle,3000,3.0,0,2036900000,dml_real_benchmark_acic2016_misaligned_tmle_n3000_s3_chunk00.reps.csv,268530ff36259010f4e3b7b8498901f40628c7fa34f5108380cf4b1ffaddadc0,2.0
m01-j1418,manifest.tsv,1418,real_benchmark,acic2016_misaligned,tmle,3000,3.0,1,2037000000,dml_real_benchmark_acic2016_misaligned_tmle_n3000_s3_chunk01.reps.csv,34406a459c01e92d65c58dcf7182e370e7779be962d7ad4072faf612903e1daa,2.0
m01-j1419,manifest.tsv,1419,real_benchmark,acic2016_misaligned,tmle,3000,3.0,2,2037100000,dml_real_benchmark_acic2016_misaligned_tmle_n3000_s3_chunk02.reps.csv,94c2a46fba863fbdd462560964b055e563ac69124276e726a9196a3e1079607a,2.0
m01-j1420,manifest.tsv,1420,real_benchmark,acic2016_misaligned,tmle,3000,3.0,3,2037200000,dml_real_benchmark_acic2016_misaligned_tmle_n3000_s3_chunk03.reps.csv,beaa04e5eec50a91523d3bf00939339e3fcb6b5d8bf85737c28a829e0c56be34,2.0
m01-j1421,manifest.tsv,1421,real_benchmark,acic2016_misaligned,tmle,3000,3.0,4,2037300000,dml_real_benchmark_acic2016_misaligned_tmle_n3000_s3_chunk04.reps.csv,7ac3f8dad3317ccf872d02793a8e1b761151e9ba24acc5120323e390c25e5c1a,2.0
m01-j1422,manifest.tsv,1422,real_benchmark,acic2016_misaligned,tmle,3000,3.0,5,2037400000,dml_real_benchmark_acic2016_misaligned_tmle_n3000_s3_chunk05.reps.csv,db18f443da98bfe510fe2d3013a197801caed869eb80171a1b618f9114a9e8d4,2.0
m01-j1423,manifest.tsv,1423,real_benchmark,acic2016_misaligned,tmle,3000,3.0,6,2037500000,dml_real_benchmark_acic2016_misaligned_tmle_n3000_s3_chunk06.reps.csv,0b410a6faab416366bfa5b1e0da32b10534ac46961cc3b04518e9dee1d0969cf,2.0
m01-j1424,manifest.tsv,1424,real_benchmark,acic2016_misaligned,tmle,3000,3.0,7,2037600000,dml_real_benchmark_acic2016_misaligned_tmle_n3000_s3_chunk07.reps.csv,ba207dd14a6fc160d66ed503bf86cbfa24e56b29d51fdf64993722608feb5f1c,2.0
m01-j1425,manifest.tsv,1425,real_benchmark,acic2016_misaligned,tmle,3000,3.0,8,2037700000,dml_real_benchmark_acic2016_misaligned_tmle_n3000_s3_chunk08.reps.csv,d463c9ba4577ccbcb223a2c67f2c6b60cdcb1cda7e32cac19f9f86b7547863c0,2.0
m01-j1426,manifest.tsv,1426,real_benchmark,acic2016_misaligned,tmle,3000,3.0,9,2037800000,dml_real_benchmark_acic2016_misaligned_tmle_n3000_s3_chunk09.reps.csv,c3ffaf4eb95ba96a836eee9aa23f785aa48fcbc973a6c1a0321210e22b04aeb4,2.0
m01-j1427,manifest.tsv,1427,real_benchmark,acic2016_misaligned,tmle,3000,3.0,10,2037900000,dml_real_benchmark_acic2016_misaligned_tmle_n3000_s3_chunk10.reps.csv,09ab7c15de4d8c3537f0865311e0b99128d5a2cd3dde99a0b854f74d7bf15034,2.0
m01-j1428,manifest.tsv,1428,real_benchmark,acic2016_misaligned,tmle,3000,3.0,11,2038000000,dml_real_benchmark_acic2016_misaligned_tmle_n3000_s3_chunk11.reps.csv,51d769808279eb0b972741629a6ed9cbb003356068733f421eaea82c50de0918,2.0
m01-j1429,manifest.tsv,1429,real_benchmark,acic2016_misaligned,tmle,3000,3.0,12,2038100000,dml_real_benchmark_acic2016_misaligned_tmle_n3000_s3_chunk12.reps.csv,ab9841227aeee4246ca1f0a6f18b50cdf39de9222cf585eaac85452ef9fa8a06,2.0
m01-j1430,manifest.tsv,1430,real_benchmark,acic2016_misaligned,tmle,3000,3.0,13,2038200000,dml_real_benchmark_acic2016_misaligned_tmle_n3000_s3_chunk13.reps.csv,4cae194ee2a05463e7f47c5d020d1a4b7408530502e4db9bbd86bc3bdc305af7,2.0
m01-j1431,manifest.tsv,1431,real_benchmark,acic2016_misaligned,tmle,3000,3.0,14,2038300000,dml_real_benchmark_acic2016_misaligned_tmle_n3000_s3_chunk14.reps.csv,37fb9e9a4b52842074593f031c4346d1065a2d965744755ac71de4949cb23922,2.0
m01-j1432,manifest.tsv,1432,real_benchmark,acic2016_misaligned,tmle,3000,3.0,15,2038400000,dml_real_benchmark_acic2016_misaligned_tmle_n3000_s3_chunk15.reps.csv,9c1c1d9cd588b1ca18be4c39579e80cf95f9063f8bbdf93a82dca20812e13e77,2.0
m01-j1433,manifest.tsv,1433,real_benchmark,acic2016_misaligned,tmle,3000,3.0,16,2038500000,dml_real_benchmark_acic2016_misaligned_tmle_n3000_s3_chunk16.reps.csv,4c94c39fff06350123945fd971374fce88172cbeb0dfa74b86af52e0fbf0e20c,2.0
m01-j1434,manifest.tsv,1434,real_benchmark,acic2016_misaligned,tmle,3000,3.0,17,2038600000,dml_real_benchmark_acic2016_misaligned_tmle_n3000_s3_chunk17.reps.csv,3a37dce0823f0c4d281f71a862e85f1f51ed2dc37517080ac2f69338e9633415,2.0
m01-j1435,manifest.tsv,1435,real_benchmark,acic2016_misaligned,tmle,3000,3.0,18,2038700000,dml_real_benchmark_acic2016_misaligned_tmle_n3000_s3_chunk18.reps.csv,08093fa4496b86034119040a3d7a496f16fcb922da243377a0d85ce667c40c36,2.0
m01-j1436,manifest.tsv,1436,real_benchmark,acic2016_misaligned,tmle,3000,3.0,19,2038800000,dml_real_benchmark_acic2016_misaligned_tmle_n3000_s3_chunk19.reps.csv,8e18c8cdfc520584f511b1ef594809d10b09e8472f46befe414feda6ca89260d,2.0
m01-j1437,manifest.tsv,1437,real_benchmark,acic2016_misaligned,tmle,3000,3.0,20,2038900000,dml_real_benchmark_acic2016_misaligned_tmle_n3000_s3_chunk20.reps.csv,a5766fc986d306c5a121fc3c818df3395e04fc75dd6f4a57575ab3341e9f36fc,2.0
m01-j1438,manifest.tsv,1438,real_benchmark,acic2016_misaligned,tmle,3000,3.0,21,2039000000,dml_real_benchmark_acic2016_misaligned_tmle_n3000_s3_chunk21.reps.csv,64a1305759fa2d0acd891fec7af84a3b7b650515db16400bcc87280d88f1721c,2.0
m01-j1439,manifest.tsv,1439,real_benchmark,acic2016_misaligned,tmle,3000,3.0,22,2039100000,dml_real_benchmark_acic2016_misaligned_tmle_n3000_s3_chunk22.reps.csv,f7d72aeb579e471c5f004b806272e496ba9494931b88cb2e216b3be7aadfcc7a,2.0
m01-j1440,manifest.tsv,1440,real_benchmark,acic2016_misaligned,tmle,3000,3.0,23,2039200000,dml_real_benchmark_acic2016_misaligned_tmle_n3000_s3_chunk23.reps.csv,b41ad03b1e3808cb4d69685af0dfe001b9bd2a19f06f628586e3bdf8eb34f07c,2.0
