release_job_id,source_manifest,source_index,group,design,method,n,strength,chunk,seed,source_rep_file,source_rep_sha256,shrink_c
m01-j0001,manifest.tsv,1,real_benchmark,twins_semisynth,aipw,3000,0.0,0,2048900000,dml_real_benchmark_twins_semisynth_aipw_n3000_s0_chunk00.reps.csv,eb839e774258c19d418f1e66d3ba483a07125fc1fef941b6229a82d59ce530eb,2.0
m01-j0002,manifest.tsv,2,real_benchmark,twins_semisynth,aipw,3000,0.0,1,2049000000,dml_real_benchmark_twins_semisynth_aipw_n3000_s0_chunk01.reps.csv,b5a743c3b3daffba98dd58749349b73ec1823ff323893deb085d95ad7ac09e46,2.0
m01-j0003,manifest.tsv,3,real_benchmark,twins_semisynth,aipw,3000,0.0,2,2049100000,dml_real_benchmark_twins_semisynth_aipw_n3000_s0_chunk02.reps.csv,8966c82ac6c10ec2da47985444920aacd08255c3dcc75b3cb1bf35165839faec,2.0
m01-j0004,manifest.tsv,4,real_benchmark,twins_semisynth,aipw,3000,0.0,3,2049200000,dml_real_benchmark_twins_semisynth_aipw_n3000_s0_chunk03.reps.csv,3ed51274718249b570a3832a0914e1cf3005ab9cf00d80c13a593f0eb1a878a3,2.0
m01-j0005,manifest.tsv,5,real_benchmark,twins_semisynth,aipw,3000,0.0,4,2049300000,dml_real_benchmark_twins_semisynth_aipw_n3000_s0_chunk04.reps.csv,b67e33e145ee8fc3e1a0396db9de14d474d6a76a75837fec76a246f8060c3cb5,2.0
m01-j0006,manifest.tsv,6,real_benchmark,twins_semisynth,aipw,3000,0.0,5,2049400000,dml_real_benchmark_twins_semisynth_aipw_n3000_s0_chunk05.reps.csv,28587735f1b03ff099b36429d04ed79198435bd9b294d2b09c10afefc290b021,2.0
m01-j0007,manifest.tsv,7,real_benchmark,twins_semisynth,aipw,3000,0.0,6,2049500000,dml_real_benchmark_twins_semisynth_aipw_n3000_s0_chunk06.reps.csv,4740a6e25442b8164423615a7619337bf4cf0280cd43702feba30613d51c4571,2.0
m01-j0008,manifest.tsv,8,real_benchmark,twins_semisynth,aipw,3000,0.0,7,2049600000,dml_real_benchmark_twins_semisynth_aipw_n3000_s0_chunk07.reps.csv,a3797117bfee07366bd7080664d42146e85d7ca9095719cc8d0a4548511cea43,2.0
m01-j0009,manifest.tsv,9,real_benchmark,twins_semisynth,aipw,3000,0.0,8,2049700000,dml_real_benchmark_twins_semisynth_aipw_n3000_s0_chunk08.reps.csv,19d754309f1e35aa381c324901e656fc9552308dd5ab06cf9b3bb7ccd09ba162,2.0
m01-j0010,manifest.tsv,10,real_benchmark,twins_semisynth,aipw,3000,0.0,9,2049800000,dml_real_benchmark_twins_semisynth_aipw_n3000_s0_chunk09.reps.csv,6bdde56696fe118cadb95c03156117e1913d059d454a3108a5b01429958dc6e2,2.0
m01-j0011,manifest.tsv,11,real_benchmark,twins_semisynth,aipw,3000,0.0,10,2049900000,dml_real_benchmark_twins_semisynth_aipw_n3000_s0_chunk10.reps.csv,87369eca389cb38a917bb47776d7c2a3ac95238b32ee70985351a74f9134c362,2.0
m01-j0012,manifest.tsv,12,real_benchmark,twins_semisynth,aipw,3000,0.0,11,2050000000,dml_real_benchmark_twins_semisynth_aipw_n3000_s0_chunk11.reps.csv,af5cb54dcb384d29ef49542b456614d65deb357d0addfd07829bd6d330113674,2.0
m01-j0013,manifest.tsv,13,real_benchmark,twins_semisynth,aipw,3000,0.0,12,2050100000,dml_real_benchmark_twins_semisynth_aipw_n3000_s0_chunk12.reps.csv,87e031493474d1af1e4ba581731e2e5b7a229a985af4f202285e39d0d6d25a3c,2.0
m01-j0014,manifest.tsv,14,real_benchmark,twins_semisynth,aipw,3000,0.0,13,2050200000,dml_real_benchmark_twins_semisynth_aipw_n3000_s0_chunk13.reps.csv,44b66c118237fc733a0a2e0a6293cb9105e39091eba75bd9f1e0e7074165f6a7,2.0
m01-j0015,manifest.tsv,15,real_benchmark,twins_semisynth,aipw,3000,0.0,14,2050300000,dml_real_benchmark_twins_semisynth_aipw_n3000_s0_chunk14.reps.csv,5ae3fb46332ac95df3a1ddda8756f6864e5cdfd08aeeba5a60b3428c0a39fbd3,2.0
m01-j0016,manifest.tsv,16,real_benchmark,twins_semisynth,aipw,3000,0.0,15,2050400000,dml_real_benchmark_twins_semisynth_aipw_n3000_s0_chunk15.reps.csv,6bb642f2a70e0df7e2429bb4019f81b3c7f0792334a2b4989fb51f7d5dd5020c,2.0
m01-j0017,manifest.tsv,17,real_benchmark,twins_semisynth,aipw,3000,0.0,16,2050500000,dml_real_benchmark_twins_semisynth_aipw_n3000_s0_chunk16.reps.csv,9ceda0245accccc20746fd3dbdd58487129dfc45bce96a7bb070cc8b506e52ac,2.0
m01-j0018,manifest.tsv,18,real_benchmark,twins_semisynth,aipw,3000,0.0,17,2050600000,dml_real_benchmark_twins_semisynth_aipw_n3000_s0_chunk17.reps.csv,1c8029ffbd78792954dae0d975c5e5f8f94b934c02209e61c528dddb96278276,2.0
m01-j0019,manifest.tsv,19,real_benchmark,twins_semisynth,aipw,3000,0.0,18,2050700000,dml_real_benchmark_twins_semisynth_aipw_n3000_s0_chunk18.reps.csv,bfeb08676958ee3c72f9a7050a8285384dbaf4344ec05520f0f71b46cb121826,2.0
m01-j0020,manifest.tsv,20,real_benchmark,twins_semisynth,aipw,3000,0.0,19,2050800000,dml_real_benchmark_twins_semisynth_aipw_n3000_s0_chunk19.reps.csv,9a73b959b47af1d0721409638e07ca3cf2e19d598d75da33fff8152176414c2b,2.0
m01-j0021,manifest.tsv,21,real_benchmark,twins_semisynth,aipw,3000,0.0,20,2050900000,dml_real_benchmark_twins_semisynth_aipw_n3000_s0_chunk20.reps.csv,489fd9433bca39327e8b533fb3027b430c0f5f7c93a182be273f4ce1d7e2c610,2.0
m01-j0022,manifest.tsv,22,real_benchmark,twins_semisynth,aipw,3000,0.0,21,2051000000,dml_real_benchmark_twins_semisynth_aipw_n3000_s0_chunk21.reps.csv,9c771a3f671e2cb70e76b2c039dc2068520e00e454061145c078b3b11550ab36,2.0
m01-j0023,manifest.tsv,23,real_benchmark,twins_semisynth,aipw,3000,0.0,22,2051100000,dml_real_benchmark_twins_semisynth_aipw_n3000_s0_chunk22.reps.csv,87d9cc2d21d13cfb0347101d183e38311aa75c3994ed703985a179b7d284eaac,2.0
m01-j0024,manifest.tsv,24,real_benchmark,twins_semisynth,aipw,3000,0.0,23,2051200000,dml_real_benchmark_twins_semisynth_aipw_n3000_s0_chunk23.reps.csv,ef723f25885cdbf94cd9621d17da081b30e3bd1f401623c84050b510af8af2fb,2.0
m01-j0025,manifest.tsv,25,real_benchmark,twins_semisynth,ctmle,3000,0.0,0,2048900000,dml_real_benchmark_twins_semisynth_ctmle_n3000_s0_chunk00.reps.csv,73739ed2abc0ecb3a30982d159446159096a5d17a61f299511e63e9c3146e1ee,2.0
m01-j0026,manifest.tsv,26,real_benchmark,twins_semisynth,ctmle,3000,0.0,1,2049000000,dml_real_benchmark_twins_semisynth_ctmle_n3000_s0_chunk01.reps.csv,c399326fb5003d7fa9742740955cbd16b63961d8e6e848973d8b2721fb5b0700,2.0
m01-j0027,manifest.tsv,27,real_benchmark,twins_semisynth,ctmle,3000,0.0,2,2049100000,dml_real_benchmark_twins_semisynth_ctmle_n3000_s0_chunk02.reps.csv,01916cd6f9276ffd7d9f5f5a9a57fbfd3a9bc6f9daeba6b2178599d49274bacc,2.0
m01-j0028,manifest.tsv,28,real_benchmark,twins_semisynth,ctmle,3000,0.0,3,2049200000,dml_real_benchmark_twins_semisynth_ctmle_n3000_s0_chunk03.reps.csv,c7b14e2e711810af5774c49d18ea312918443db8c7e9358dbfba991c90e08f6f,2.0
m01-j0029,manifest.tsv,29,real_benchmark,twins_semisynth,ctmle,3000,0.0,4,2049300000,dml_real_benchmark_twins_semisynth_ctmle_n3000_s0_chunk04.reps.csv,f27a197a32a42193a0703d07c5b17cac831b896a086627a8c435bbc721ef521c,2.0
m01-j0030,manifest.tsv,30,real_benchmark,twins_semisynth,ctmle,3000,0.0,5,2049400000,dml_real_benchmark_twins_semisynth_ctmle_n3000_s0_chunk05.reps.csv,a7f6d241f05425f1f0c5e04d612a4148aa090fa4d9a795a606e1c90c10e2d7a8,2.0
m01-j0031,manifest.tsv,31,real_benchmark,twins_semisynth,ctmle,3000,0.0,6,2049500000,dml_real_benchmark_twins_semisynth_ctmle_n3000_s0_chunk06.reps.csv,9c0f0eff20bf0114b01a7ea49e325f5467256c9adcb942c2dcf0925c40d348a6,2.0
m01-j0032,manifest.tsv,32,real_benchmark,twins_semisynth,ctmle,3000,0.0,7,2049600000,dml_real_benchmark_twins_semisynth_ctmle_n3000_s0_chunk07.reps.csv,df7d48b527f66a46d768c2a27457b4afe69dd2624273b86ec7d78730d727f526,2.0
m01-j0033,manifest.tsv,33,real_benchmark,twins_semisynth,ctmle,3000,0.0,8,2049700000,dml_real_benchmark_twins_semisynth_ctmle_n3000_s0_chunk08.reps.csv,d5b6cfe5898e34d40984f7c319ae60b88382874984b91c3cd0f82b3b332b59b8,2.0
m01-j0034,manifest.tsv,34,real_benchmark,twins_semisynth,ctmle,3000,0.0,9,2049800000,dml_real_benchmark_twins_semisynth_ctmle_n3000_s0_chunk09.reps.csv,87b436f09b64f8d0a5c28ccf07083c19e21f533b4cf4c767fe48ecf22f72b1e6,2.0
m01-j0035,manifest.tsv,35,real_benchmark,twins_semisynth,ctmle,3000,0.0,10,2049900000,dml_real_benchmark_twins_semisynth_ctmle_n3000_s0_chunk10.reps.csv,3134585544659d7643d07fc3e4ce54eb88a8c699c27b5598f80674dd7dbc69f8,2.0
m01-j0036,manifest.tsv,36,real_benchmark,twins_semisynth,ctmle,3000,0.0,11,2050000000,dml_real_benchmark_twins_semisynth_ctmle_n3000_s0_chunk11.reps.csv,da65332991d8e54ba6f3a05594ad04a8813e2bc078e19f144a4ba535619a6d99,2.0
m01-j0037,manifest.tsv,37,real_benchmark,twins_semisynth,ctmle,3000,0.0,12,2050100000,dml_real_benchmark_twins_semisynth_ctmle_n3000_s0_chunk12.reps.csv,72d1aa05ef64ac9025684c92228c247a4cde18879b975f11e9248bb5ac1c2a0e,2.0
m01-j0038,manifest.tsv,38,real_benchmark,twins_semisynth,ctmle,3000,0.0,13,2050200000,dml_real_benchmark_twins_semisynth_ctmle_n3000_s0_chunk13.reps.csv,874869843abc7277453e8d1501dd43af5170813c9d9bca8d102f852100d113a5,2.0
m01-j0039,manifest.tsv,39,real_benchmark,twins_semisynth,ctmle,3000,0.0,14,2050300000,dml_real_benchmark_twins_semisynth_ctmle_n3000_s0_chunk14.reps.csv,0880d0181e5a41bb178ed7c75a29ade289a72d614f92a288ada3271cae784c24,2.0
m01-j0040,manifest.tsv,40,real_benchmark,twins_semisynth,ctmle,3000,0.0,15,2050400000,dml_real_benchmark_twins_semisynth_ctmle_n3000_s0_chunk15.reps.csv,f719f0aad799870c97c67193c83b3ee8a9c67fcd7c4081fa17648f34f459147d,2.0
m01-j0041,manifest.tsv,41,real_benchmark,twins_semisynth,ctmle,3000,0.0,16,2050500000,dml_real_benchmark_twins_semisynth_ctmle_n3000_s0_chunk16.reps.csv,972e83c2694aea99e7466f67ef7d4e3128f624f0b685373333f8ad6afe85615c,2.0
m01-j0042,manifest.tsv,42,real_benchmark,twins_semisynth,ctmle,3000,0.0,17,2050600000,dml_real_benchmark_twins_semisynth_ctmle_n3000_s0_chunk17.reps.csv,5439f380fa89bd84a727cfd2dd386dfdbcb51c12757c2007341842a02341a3b6,2.0
m01-j0043,manifest.tsv,43,real_benchmark,twins_semisynth,ctmle,3000,0.0,18,2050700000,dml_real_benchmark_twins_semisynth_ctmle_n3000_s0_chunk18.reps.csv,9500d4043399f52a5ba45d2031b341d4d63b9f1380aea8e334fe11680b2b4938,2.0
m01-j0044,manifest.tsv,44,real_benchmark,twins_semisynth,ctmle,3000,0.0,19,2050800000,dml_real_benchmark_twins_semisynth_ctmle_n3000_s0_chunk19.reps.csv,6083c6b193d131b3b74e5c4b295df169a0ba973828aa14d65e8500144850e2c9,2.0
m01-j0045,manifest.tsv,45,real_benchmark,twins_semisynth,ctmle,3000,0.0,20,2050900000,dml_real_benchmark_twins_semisynth_ctmle_n3000_s0_chunk20.reps.csv,7a47e84515be26164b17895deedd381877c2152c80437d8f4797631001335cd7,2.0
m01-j0046,manifest.tsv,46,real_benchmark,twins_semisynth,ctmle,3000,0.0,21,2051000000,dml_real_benchmark_twins_semisynth_ctmle_n3000_s0_chunk21.reps.csv,3e1157ea1bb91b98537377e371873445ce8ab304b4434d872df8d9aca7e4335e,2.0
m01-j0047,manifest.tsv,47,real_benchmark,twins_semisynth,ctmle,3000,0.0,22,2051100000,dml_real_benchmark_twins_semisynth_ctmle_n3000_s0_chunk22.reps.csv,f512e35fb25e6d8a279b361c92311f3c833badd6972269224798d19e841da5bf,2.0
m01-j0048,manifest.tsv,48,real_benchmark,twins_semisynth,ctmle,3000,0.0,23,2051200000,dml_real_benchmark_twins_semisynth_ctmle_n3000_s0_chunk23.reps.csv,e9d4859cb0c2ef6702cfde5797a571f027b5942df763d59c97019b33162752b6,2.0
m01-j0049,manifest.tsv,49,real_benchmark,twins_semisynth,cui_selective_ml,3000,0.0,0,2048900000,dml_real_benchmark_twins_semisynth_cui_selective_ml_n3000_s0_chunk00.reps.csv,cb4ca0ebb86dd81e26caae98a5cf7315ad4bc164825142d01786c679aa8c6590,2.0
m01-j0050,manifest.tsv,50,real_benchmark,twins_semisynth,cui_selective_ml,3000,0.0,1,2049000000,dml_real_benchmark_twins_semisynth_cui_selective_ml_n3000_s0_chunk01.reps.csv,e00ea3bba9cd7ee41471e1c71b5fbdde3a39317520bbd1387a858217ddc4eb85,2.0
m01-j0051,manifest.tsv,51,real_benchmark,twins_semisynth,cui_selective_ml,3000,0.0,2,2049100000,dml_real_benchmark_twins_semisynth_cui_selective_ml_n3000_s0_chunk02.reps.csv,043320b118f6e626c03c0ec4191863efbe282646940e1af075a8e85a4ca9a00c,2.0
m01-j0052,manifest.tsv,52,real_benchmark,twins_semisynth,cui_selective_ml,3000,0.0,3,2049200000,dml_real_benchmark_twins_semisynth_cui_selective_ml_n3000_s0_chunk03.reps.csv,63a8db83527503a125d6ea16c17323c93f2865b1c8d9dc215cb414c067e0d39b,2.0
m01-j0053,manifest.tsv,53,real_benchmark,twins_semisynth,cui_selective_ml,3000,0.0,4,2049300000,dml_real_benchmark_twins_semisynth_cui_selective_ml_n3000_s0_chunk04.reps.csv,fe2d24b41774de5f9e2073a172dc0ccddec364204dfc6e815fec40d4ba3e1cb3,2.0
m01-j0054,manifest.tsv,54,real_benchmark,twins_semisynth,cui_selective_ml,3000,0.0,5,2049400000,dml_real_benchmark_twins_semisynth_cui_selective_ml_n3000_s0_chunk05.reps.csv,b58ddb7d90cf1b287c454f4c2fa43c1365bbdf06088753f23f16982e8ccdf62c,2.0
m01-j0055,manifest.tsv,55,real_benchmark,twins_semisynth,cui_selective_ml,3000,0.0,6,2049500000,dml_real_benchmark_twins_semisynth_cui_selective_ml_n3000_s0_chunk06.reps.csv,ee281a756fd5dfcc2f3b7713eb54f3c74a9dc354f4c5cb77297721f16db4a66e,2.0
m01-j0056,manifest.tsv,56,real_benchmark,twins_semisynth,cui_selective_ml,3000,0.0,7,2049600000,dml_real_benchmark_twins_semisynth_cui_selective_ml_n3000_s0_chunk07.reps.csv,942afa708408fa963a81c5c3159d6454c84fdb0fbaf6f57e0cf512b0cd4070f9,2.0
m01-j0057,manifest.tsv,57,real_benchmark,twins_semisynth,cui_selective_ml,3000,0.0,8,2049700000,dml_real_benchmark_twins_semisynth_cui_selective_ml_n3000_s0_chunk08.reps.csv,9d9cca5d6c890adcc5f99a57277b08bd0e3671151f267a1e5c92b2e2a254ff0e,2.0
m01-j0058,manifest.tsv,58,real_benchmark,twins_semisynth,cui_selective_ml,3000,0.0,9,2049800000,dml_real_benchmark_twins_semisynth_cui_selective_ml_n3000_s0_chunk09.reps.csv,b2b2345267f6dd4b68e447ef9f2d09e5abca0a8f05761fcf319ce9674926f010,2.0
m01-j0059,manifest.tsv,59,real_benchmark,twins_semisynth,cui_selective_ml,3000,0.0,10,2049900000,dml_real_benchmark_twins_semisynth_cui_selective_ml_n3000_s0_chunk10.reps.csv,25e0733cdce9ee7af2dac0cface3b729554544efa91e10dc27a06cf03b16fa08,2.0
m01-j0060,manifest.tsv,60,real_benchmark,twins_semisynth,cui_selective_ml,3000,0.0,11,2050000000,dml_real_benchmark_twins_semisynth_cui_selective_ml_n3000_s0_chunk11.reps.csv,d1dc5a4ac72a4e92aec289c118013c27d0aa4a57c2e23520b3427f9951c630a2,2.0
m01-j0061,manifest.tsv,61,real_benchmark,twins_semisynth,cui_selective_ml,3000,0.0,12,2050100000,dml_real_benchmark_twins_semisynth_cui_selective_ml_n3000_s0_chunk12.reps.csv,e3807bd27f6a6b12d6d8f477247c4046e232176f21182286074418d33e7c81df,2.0
m01-j0062,manifest.tsv,62,real_benchmark,twins_semisynth,cui_selective_ml,3000,0.0,13,2050200000,dml_real_benchmark_twins_semisynth_cui_selective_ml_n3000_s0_chunk13.reps.csv,162cfeb4d82e2a9dd00e0423534d4bec9ca975bc09da6d9ca6ba27453a138d0b,2.0
m01-j0063,manifest.tsv,63,real_benchmark,twins_semisynth,cui_selective_ml,3000,0.0,14,2050300000,dml_real_benchmark_twins_semisynth_cui_selective_ml_n3000_s0_chunk14.reps.csv,626f1e79bd7f64fc94c88a2a47b668f0eeca21876081ddb7ad9c6b08086f1bfd,2.0
m01-j0064,manifest.tsv,64,real_benchmark,twins_semisynth,cui_selective_ml,3000,0.0,15,2050400000,dml_real_benchmark_twins_semisynth_cui_selective_ml_n3000_s0_chunk15.reps.csv,feeaf96dfa9ff6d86ff2ae3277e64c567e9ab3215ec36bebb4085bcb09936059,2.0
m01-j0065,manifest.tsv,65,real_benchmark,twins_semisynth,cui_selective_ml,3000,0.0,16,2050500000,dml_real_benchmark_twins_semisynth_cui_selective_ml_n3000_s0_chunk16.reps.csv,7777a9009e68a288ae7ca1b264b6b1741bd09b650efc7e6604d6ba7ee0bf710c,2.0
m01-j0066,manifest.tsv,66,real_benchmark,twins_semisynth,cui_selective_ml,3000,0.0,17,2050600000,dml_real_benchmark_twins_semisynth_cui_selective_ml_n3000_s0_chunk17.reps.csv,c00687b763b37dada5932ac63bc2f5cfdacb29baa7c3cecd4e78599d0086c4a1,2.0
m01-j0067,manifest.tsv,67,real_benchmark,twins_semisynth,cui_selective_ml,3000,0.0,18,2050700000,dml_real_benchmark_twins_semisynth_cui_selective_ml_n3000_s0_chunk18.reps.csv,894676757e05a8458e51321bf611085d8dc6b39fd879f06ed9b3eb6a4ff729f3,2.0
m01-j0068,manifest.tsv,68,real_benchmark,twins_semisynth,cui_selective_ml,3000,0.0,19,2050800000,dml_real_benchmark_twins_semisynth_cui_selective_ml_n3000_s0_chunk19.reps.csv,8ea05a9198679925f962b17d7d56c2e8701a7231e9c5f816bc05eb0a99d0da19,2.0
m01-j0069,manifest.tsv,69,real_benchmark,twins_semisynth,cui_selective_ml,3000,0.0,20,2050900000,dml_real_benchmark_twins_semisynth_cui_selective_ml_n3000_s0_chunk20.reps.csv,056551f34208fc4dbc56010356fd59bc1edae115d41bbcbee607a0b0c793b925,2.0
m01-j0070,manifest.tsv,70,real_benchmark,twins_semisynth,cui_selective_ml,3000,0.0,21,2051000000,dml_real_benchmark_twins_semisynth_cui_selective_ml_n3000_s0_chunk21.reps.csv,a286b8c60576a1c79a51c4fa0084f72c4836d13ace512cb7683f0e303472f856,2.0
m01-j0071,manifest.tsv,71,real_benchmark,twins_semisynth,cui_selective_ml,3000,0.0,22,2051100000,dml_real_benchmark_twins_semisynth_cui_selective_ml_n3000_s0_chunk22.reps.csv,22321fadfaab29e46498e546a65cb6626a173217a428b349dda0dceb6a08a841,2.0
m01-j0072,manifest.tsv,72,real_benchmark,twins_semisynth,cui_selective_ml,3000,0.0,23,2051200000,dml_real_benchmark_twins_semisynth_cui_selective_ml_n3000_s0_chunk23.reps.csv,64a1883a692cacd84c1543c9e939445098af9e0c98f9187ed400d69707f5f41e,2.0
m01-j0073,manifest.tsv,73,real_benchmark,twins_semisynth,ma_dr_bc,3000,0.0,0,2048900000,dml_real_benchmark_twins_semisynth_ma_dr_bc_n3000_s0_chunk00.reps.csv,e491f44209fb84153ef0f0244a494a9aa237fc3aa5adc44f7ab0adf54da9cf37,2.0
m01-j0074,manifest.tsv,74,real_benchmark,twins_semisynth,ma_dr_bc,3000,0.0,1,2049000000,dml_real_benchmark_twins_semisynth_ma_dr_bc_n3000_s0_chunk01.reps.csv,99be12bc844b2383252f10bd402f77d7b89df1b7cd93889cb608aff6195a6d20,2.0
m01-j0075,manifest.tsv,75,real_benchmark,twins_semisynth,ma_dr_bc,3000,0.0,2,2049100000,dml_real_benchmark_twins_semisynth_ma_dr_bc_n3000_s0_chunk02.reps.csv,81fb374e70835446f99a9697922ff054e62aa792b92d60b9a0543c45a7d94da1,2.0
m01-j0076,manifest.tsv,76,real_benchmark,twins_semisynth,ma_dr_bc,3000,0.0,3,2049200000,dml_real_benchmark_twins_semisynth_ma_dr_bc_n3000_s0_chunk03.reps.csv,59be1e8c141d2197ec1807a54559be2ef0cfb1355189f6e063aa5d47001c7c4d,2.0
m01-j0077,manifest.tsv,77,real_benchmark,twins_semisynth,ma_dr_bc,3000,0.0,4,2049300000,dml_real_benchmark_twins_semisynth_ma_dr_bc_n3000_s0_chunk04.reps.csv,1e03e198f09393f151d3fbb7cafe3853e91db88d3854014ff0a0f81980bdf3a5,2.0
m01-j0078,manifest.tsv,78,real_benchmark,twins_semisynth,ma_dr_bc,3000,0.0,5,2049400000,dml_real_benchmark_twins_semisynth_ma_dr_bc_n3000_s0_chunk05.reps.csv,7bd07a7b258cd0be14f4b677e4e44f459727b263239607f9fcf9ce3297624381,2.0
m01-j0079,manifest.tsv,79,real_benchmark,twins_semisynth,ma_dr_bc,3000,0.0,6,2049500000,dml_real_benchmark_twins_semisynth_ma_dr_bc_n3000_s0_chunk06.reps.csv,44218a8ed137a6a85c78537108085f476ee1eac64ce8e727e3a5cbed1ea9e351,2.0
m01-j0080,manifest.tsv,80,real_benchmark,twins_semisynth,ma_dr_bc,3000,0.0,7,2049600000,dml_real_benchmark_twins_semisynth_ma_dr_bc_n3000_s0_chunk07.reps.csv,5892aaf1f2021911d793b5dd2beaa27dd84234d14ff5999a51f0bfbdd31df577,2.0
m01-j0081,manifest.tsv,81,real_benchmark,twins_semisynth,ma_dr_bc,3000,0.0,8,2049700000,dml_real_benchmark_twins_semisynth_ma_dr_bc_n3000_s0_chunk08.reps.csv,6bb3b74c487932ee7c524327777a17467e7be2c00846ebb3a02a0b7518bd1638,2.0
m01-j0082,manifest.tsv,82,real_benchmark,twins_semisynth,ma_dr_bc,3000,0.0,9,2049800000,dml_real_benchmark_twins_semisynth_ma_dr_bc_n3000_s0_chunk09.reps.csv,c4e0428d4f69bad3fe0c6fd09a62dc4f4bdbe9e7b6f98f220745e235803ebb23,2.0
m01-j0083,manifest.tsv,83,real_benchmark,twins_semisynth,ma_dr_bc,3000,0.0,10,2049900000,dml_real_benchmark_twins_semisynth_ma_dr_bc_n3000_s0_chunk10.reps.csv,8ffb242c3dc2e970f732742d4e7ade8686f69f8ca6cc4371afbc1c95bdb9731b,2.0
m01-j0084,manifest.tsv,84,real_benchmark,twins_semisynth,ma_dr_bc,3000,0.0,11,2050000000,dml_real_benchmark_twins_semisynth_ma_dr_bc_n3000_s0_chunk11.reps.csv,26fb69aa823fef2c6549d49a9136d574ac1bf5a6191c2f4add0754e13734204a,2.0
m01-j0085,manifest.tsv,85,real_benchmark,twins_semisynth,ma_dr_bc,3000,0.0,12,2050100000,dml_real_benchmark_twins_semisynth_ma_dr_bc_n3000_s0_chunk12.reps.csv,d37aff94c2715ea8f0be7c2f5df8a06e4d51d71b74ad92e25cb004d8719108b2,2.0
m01-j0086,manifest.tsv,86,real_benchmark,twins_semisynth,ma_dr_bc,3000,0.0,13,2050200000,dml_real_benchmark_twins_semisynth_ma_dr_bc_n3000_s0_chunk13.reps.csv,ece73c120e52ed0ac88234108c0c8858f6ff149817c97085e209f772f94a0f09,2.0
m01-j0087,manifest.tsv,87,real_benchmark,twins_semisynth,ma_dr_bc,3000,0.0,14,2050300000,dml_real_benchmark_twins_semisynth_ma_dr_bc_n3000_s0_chunk14.reps.csv,4eeee7e89f2c4586d36e4c9908bd91a8767edf8553ec0e1ec331f5a41bc1b6fe,2.0
m01-j0088,manifest.tsv,88,real_benchmark,twins_semisynth,ma_dr_bc,3000,0.0,15,2050400000,dml_real_benchmark_twins_semisynth_ma_dr_bc_n3000_s0_chunk15.reps.csv,76df043e7b7c2c13579bbd47a9dfad004c0ba439fb4804d25155edae05d26d8a,2.0
m01-j0089,manifest.tsv,89,real_benchmark,twins_semisynth,ma_dr_bc,3000,0.0,16,2050500000,dml_real_benchmark_twins_semisynth_ma_dr_bc_n3000_s0_chunk16.reps.csv,8f3a845dc756bc19237d8b4eefa14f9003788e7b6ed3a17332ce6f1c2c6764c5,2.0
m01-j0090,manifest.tsv,90,real_benchmark,twins_semisynth,ma_dr_bc,3000,0.0,17,2050600000,dml_real_benchmark_twins_semisynth_ma_dr_bc_n3000_s0_chunk17.reps.csv,a46fe990bc50b496e7e3a9f5c7d348393511d0c26c21b2a471b034d5a3118f55,2.0
m01-j0091,manifest.tsv,91,real_benchmark,twins_semisynth,ma_dr_bc,3000,0.0,18,2050700000,dml_real_benchmark_twins_semisynth_ma_dr_bc_n3000_s0_chunk18.reps.csv,d4d871a382f77528d831562f279107f63fa615b4104c67ff16616f7615606078,2.0
m01-j0092,manifest.tsv,92,real_benchmark,twins_semisynth,ma_dr_bc,3000,0.0,19,2050800000,dml_real_benchmark_twins_semisynth_ma_dr_bc_n3000_s0_chunk19.reps.csv,1eb46976f11f273f2ed172974e3c5988d8d9c9e5e0416e3ded41b3d86d631ad4,2.0
m01-j0093,manifest.tsv,93,real_benchmark,twins_semisynth,ma_dr_bc,3000,0.0,20,2050900000,dml_real_benchmark_twins_semisynth_ma_dr_bc_n3000_s0_chunk20.reps.csv,fd78053c952d1e6e31089f66290335c418761a4df492c1f1340ac293861c2aa0,2.0
m01-j0094,manifest.tsv,94,real_benchmark,twins_semisynth,ma_dr_bc,3000,0.0,21,2051000000,dml_real_benchmark_twins_semisynth_ma_dr_bc_n3000_s0_chunk21.reps.csv,4d6e5d1a8001244c31aa7615593f26adcf7c9df98f45caa107af1923e0fb3272,2.0
m01-j0095,manifest.tsv,95,real_benchmark,twins_semisynth,ma_dr_bc,3000,0.0,22,2051100000,dml_real_benchmark_twins_semisynth_ma_dr_bc_n3000_s0_chunk22.reps.csv,973202a580bf284645765fdfced64792e46089d6ffc45fb37aa205e9b6a571dc,2.0
m01-j0096,manifest.tsv,96,real_benchmark,twins_semisynth,ma_dr_bc,3000,0.0,23,2051200000,dml_real_benchmark_twins_semisynth_ma_dr_bc_n3000_s0_chunk23.reps.csv,8381d6baee7b4b350b891b3d06931ebb3da2cd3966e06c0d40be5cfb57bd995c,2.0
m01-j0097,manifest.tsv,97,real_benchmark,twins_semisynth,tmle,3000,0.0,0,2048900000,dml_real_benchmark_twins_semisynth_tmle_n3000_s0_chunk00.reps.csv,3ef7492e04bbdb1113a6459de0a0193bba1c937022ba908b4eb75f3ad9392dce,2.0
m01-j0098,manifest.tsv,98,real_benchmark,twins_semisynth,tmle,3000,0.0,1,2049000000,dml_real_benchmark_twins_semisynth_tmle_n3000_s0_chunk01.reps.csv,5ccb469d7e20293be03df08e77e65695a91ba8c061cde8df1c19d3da3c091965,2.0
m01-j0099,manifest.tsv,99,real_benchmark,twins_semisynth,tmle,3000,0.0,2,2049100000,dml_real_benchmark_twins_semisynth_tmle_n3000_s0_chunk02.reps.csv,f7a4c0bc23c56cbfaf22a417bb0c96fa7576d25cf83bc2d76c9cce90f62241e5,2.0
m01-j0100,manifest.tsv,100,real_benchmark,twins_semisynth,tmle,3000,0.0,3,2049200000,dml_real_benchmark_twins_semisynth_tmle_n3000_s0_chunk03.reps.csv,a003a281fa1c79e35495c1f2ca1620801f2a9096b66a340d7ae4a8f997e44b9d,2.0
m01-j0101,manifest.tsv,101,real_benchmark,twins_semisynth,tmle,3000,0.0,4,2049300000,dml_real_benchmark_twins_semisynth_tmle_n3000_s0_chunk04.reps.csv,f04c2b17afa4e6a11089f65f9d6c04275f253d37f85772c1b457970e93002620,2.0
m01-j0102,manifest.tsv,102,real_benchmark,twins_semisynth,tmle,3000,0.0,5,2049400000,dml_real_benchmark_twins_semisynth_tmle_n3000_s0_chunk05.reps.csv,c033e3e3e834d023cef3701a9b29fa3a4b5905d5edbb79f842cd94029aaf6972,2.0
m01-j0103,manifest.tsv,103,real_benchmark,twins_semisynth,tmle,3000,0.0,6,2049500000,dml_real_benchmark_twins_semisynth_tmle_n3000_s0_chunk06.reps.csv,4786bef5455b39c5dc83560a67aa36068eb5ba389d7d2a4245d1cd7627e6b255,2.0
m01-j0104,manifest.tsv,104,real_benchmark,twins_semisynth,tmle,3000,0.0,7,2049600000,dml_real_benchmark_twins_semisynth_tmle_n3000_s0_chunk07.reps.csv,92fb03a716073378065d73f62c3747137b4f5840825208bb72b7deab20cd2dd5,2.0
m01-j0105,manifest.tsv,105,real_benchmark,twins_semisynth,tmle,3000,0.0,8,2049700000,dml_real_benchmark_twins_semisynth_tmle_n3000_s0_chunk08.reps.csv,cfafca43345d88c1a43662952a67bd9bf7db8acad53f571fba1fc29f1db03c2c,2.0
m01-j0106,manifest.tsv,106,real_benchmark,twins_semisynth,tmle,3000,0.0,9,2049800000,dml_real_benchmark_twins_semisynth_tmle_n3000_s0_chunk09.reps.csv,6fb28cb3457db9c66bf0a488bbbfb62624e5afc1763520b0a0a5528a6b5d443a,2.0
m01-j0107,manifest.tsv,107,real_benchmark,twins_semisynth,tmle,3000,0.0,10,2049900000,dml_real_benchmark_twins_semisynth_tmle_n3000_s0_chunk10.reps.csv,7deb50648bba9c66b4a289afeb38d942dcfe920417fc3baae4357606e87aab61,2.0
m01-j0108,manifest.tsv,108,real_benchmark,twins_semisynth,tmle,3000,0.0,11,2050000000,dml_real_benchmark_twins_semisynth_tmle_n3000_s0_chunk11.reps.csv,def5c42b5f729acae20fbcf22d6ff175426cfc3d028bc84bfc1f94ee63a621e5,2.0
m01-j0109,manifest.tsv,109,real_benchmark,twins_semisynth,tmle,3000,0.0,12,2050100000,dml_real_benchmark_twins_semisynth_tmle_n3000_s0_chunk12.reps.csv,a0ac12825dc625679c89cb09d45d93d7ca1ae6a906c832497e2f2839e6acdcdd,2.0
m01-j0110,manifest.tsv,110,real_benchmark,twins_semisynth,tmle,3000,0.0,13,2050200000,dml_real_benchmark_twins_semisynth_tmle_n3000_s0_chunk13.reps.csv,a049b30c311ed271fd661e2a66993ce6f5b866f5bef8f25ba3b48cd9748353cd,2.0
m01-j0111,manifest.tsv,111,real_benchmark,twins_semisynth,tmle,3000,0.0,14,2050300000,dml_real_benchmark_twins_semisynth_tmle_n3000_s0_chunk14.reps.csv,112e4ceec52660dc6b1dacc3b0ff932439bcf941897200f361008bf1b9773f10,2.0
m01-j0112,manifest.tsv,112,real_benchmark,twins_semisynth,tmle,3000,0.0,15,2050400000,dml_real_benchmark_twins_semisynth_tmle_n3000_s0_chunk15.reps.csv,3bda7618d5a3c11838991adab9d5792fa34646a254fa7c0e1e48ca905e71b876,2.0
m01-j0113,manifest.tsv,113,real_benchmark,twins_semisynth,tmle,3000,0.0,16,2050500000,dml_real_benchmark_twins_semisynth_tmle_n3000_s0_chunk16.reps.csv,3b5607c82941cff70afc7c2338cea50d085ef33ad92a7a01ceac2af9ae903b8f,2.0
m01-j0114,manifest.tsv,114,real_benchmark,twins_semisynth,tmle,3000,0.0,17,2050600000,dml_real_benchmark_twins_semisynth_tmle_n3000_s0_chunk17.reps.csv,5cff0b6519817e1e0ab7431032b3a6c2c78ce7cc172793bca2239c41b1eec917,2.0
m01-j0115,manifest.tsv,115,real_benchmark,twins_semisynth,tmle,3000,0.0,18,2050700000,dml_real_benchmark_twins_semisynth_tmle_n3000_s0_chunk18.reps.csv,3e4d1ab6de89d73beb57a1d175083b7f24972ac8e522db04d66f87e298c299c2,2.0
m01-j0116,manifest.tsv,116,real_benchmark,twins_semisynth,tmle,3000,0.0,19,2050800000,dml_real_benchmark_twins_semisynth_tmle_n3000_s0_chunk19.reps.csv,d308bb437ebaa1c3cadd35be558f722dd38797b6055d86a59fe46da2cdafbac7,2.0
m01-j0117,manifest.tsv,117,real_benchmark,twins_semisynth,tmle,3000,0.0,20,2050900000,dml_real_benchmark_twins_semisynth_tmle_n3000_s0_chunk20.reps.csv,8e1999491b30b95cfb74a2e40a05ec75d708e42ffd45ff2a9e38ead8e12b0216,2.0
m01-j0118,manifest.tsv,118,real_benchmark,twins_semisynth,tmle,3000,0.0,21,2051000000,dml_real_benchmark_twins_semisynth_tmle_n3000_s0_chunk21.reps.csv,9af87a34bf5fcb1e80c2a9a3ba203d94d32e675c10c0b1b2eaf0e6e7f843f356,2.0
m01-j0119,manifest.tsv,119,real_benchmark,twins_semisynth,tmle,3000,0.0,22,2051100000,dml_real_benchmark_twins_semisynth_tmle_n3000_s0_chunk22.reps.csv,c73467208f7b4923c6bb9aa9c29474c65c1fa17470282244afa73b86ef8b1530,2.0
m01-j0120,manifest.tsv,120,real_benchmark,twins_semisynth,tmle,3000,0.0,23,2051200000,dml_real_benchmark_twins_semisynth_tmle_n3000_s0_chunk23.reps.csv,783fb613bcfe9aaa5364686b5ec7d52f2f25d14063ade5fd6a1b1d4dc3f6418f,2.0
m01-j0121,manifest.tsv,121,real_benchmark,twins_semisynth,aipw,3000,3.0,0,2051300000,dml_real_benchmark_twins_semisynth_aipw_n3000_s3_chunk00.reps.csv,294211517b5e43a53da99bdf795818140399329b70a4f22eb1ae0c708c5c5e82,2.0
m01-j0122,manifest.tsv,122,real_benchmark,twins_semisynth,aipw,3000,3.0,1,2051400000,dml_real_benchmark_twins_semisynth_aipw_n3000_s3_chunk01.reps.csv,0e91b35908a826bbbc5aff3c99250f4e56d52996b9ca7509e0a5255846e6b149,2.0
m01-j0123,manifest.tsv,123,real_benchmark,twins_semisynth,aipw,3000,3.0,2,2051500000,dml_real_benchmark_twins_semisynth_aipw_n3000_s3_chunk02.reps.csv,0d2559255f6605122eed834f1ad73073f165360b94571e0b72abee841a970861,2.0
m01-j0124,manifest.tsv,124,real_benchmark,twins_semisynth,aipw,3000,3.0,3,2051600000,dml_real_benchmark_twins_semisynth_aipw_n3000_s3_chunk03.reps.csv,e82e0bfb533c4010ceeb00beb688377d0328ba1de1f91bcdfcfc1fc64f61a4c3,2.0
m01-j0125,manifest.tsv,125,real_benchmark,twins_semisynth,aipw,3000,3.0,4,2051700000,dml_real_benchmark_twins_semisynth_aipw_n3000_s3_chunk04.reps.csv,f7799ac5a52f444aace6dfedb40929e34e3c07f965ba6823f15e5b492c81be94,2.0
m01-j0126,manifest.tsv,126,real_benchmark,twins_semisynth,aipw,3000,3.0,5,2051800000,dml_real_benchmark_twins_semisynth_aipw_n3000_s3_chunk05.reps.csv,afd28b6f8175e22d57e0bb8856abb6b9a131830cf8a8abcddf5acd3eb0105bd8,2.0
m01-j0127,manifest.tsv,127,real_benchmark,twins_semisynth,aipw,3000,3.0,6,2051900000,dml_real_benchmark_twins_semisynth_aipw_n3000_s3_chunk06.reps.csv,ec3c616b81483410d7000134b0af1a75433734e0bb539ea03d7c6a7ce8d46461,2.0
m01-j0128,manifest.tsv,128,real_benchmark,twins_semisynth,aipw,3000,3.0,7,2052000000,dml_real_benchmark_twins_semisynth_aipw_n3000_s3_chunk07.reps.csv,caae86a33657d97ffe46d2a02e048ff969303f75dc1d0a1b878a8b0eaf868074,2.0
m01-j0129,manifest.tsv,129,real_benchmark,twins_semisynth,aipw,3000,3.0,8,2052100000,dml_real_benchmark_twins_semisynth_aipw_n3000_s3_chunk08.reps.csv,dc801bdc092fc2d4b7fc7aa59dea12a939f064612e30112e173b4408d29d715b,2.0
m01-j0130,manifest.tsv,130,real_benchmark,twins_semisynth,aipw,3000,3.0,9,2052200000,dml_real_benchmark_twins_semisynth_aipw_n3000_s3_chunk09.reps.csv,a57b8a45fda9843e99b79bc3af27628717d997ffb1c12e9c2ce0f7d424b8a040,2.0
m01-j0131,manifest.tsv,131,real_benchmark,twins_semisynth,aipw,3000,3.0,10,2052300000,dml_real_benchmark_twins_semisynth_aipw_n3000_s3_chunk10.reps.csv,3b4de082984a3499289f14ea62dfeb7c9e28e2966f77c1c5051e781cf04e19b6,2.0
m01-j0132,manifest.tsv,132,real_benchmark,twins_semisynth,aipw,3000,3.0,11,2052400000,dml_real_benchmark_twins_semisynth_aipw_n3000_s3_chunk11.reps.csv,c7a4a8d60bcc3dae43c0e9cac7a8c96b84345abd3e3577f88a1f44907fdb578d,2.0
m01-j0133,manifest.tsv,133,real_benchmark,twins_semisynth,aipw,3000,3.0,12,2052500000,dml_real_benchmark_twins_semisynth_aipw_n3000_s3_chunk12.reps.csv,47877f7ea10abb563b17a5e371546d81485748ac74c1a6f64b009b0b4393829c,2.0
m01-j0134,manifest.tsv,134,real_benchmark,twins_semisynth,aipw,3000,3.0,13,2052600000,dml_real_benchmark_twins_semisynth_aipw_n3000_s3_chunk13.reps.csv,50b7341dd25d5a289883d0daad7b2643cb17ab499d2d768c9471143ec1100a6e,2.0
m01-j0135,manifest.tsv,135,real_benchmark,twins_semisynth,aipw,3000,3.0,14,2052700000,dml_real_benchmark_twins_semisynth_aipw_n3000_s3_chunk14.reps.csv,d7890b227a07ae18364421d374e1b31ed8be8b2339768fef7265f3f42e990018,2.0
m01-j0136,manifest.tsv,136,real_benchmark,twins_semisynth,aipw,3000,3.0,15,2052800000,dml_real_benchmark_twins_semisynth_aipw_n3000_s3_chunk15.reps.csv,d247f5d41d1e51f2257c3c918d1b07a3fa43e2395913c350bf644b21886e229e,2.0
m01-j0137,manifest.tsv,137,real_benchmark,twins_semisynth,aipw,3000,3.0,16,2052900000,dml_real_benchmark_twins_semisynth_aipw_n3000_s3_chunk16.reps.csv,d754c8bb3dd7e4f508c5fa9da444b27d05a03d40991b7e0b88c91e686c5a9ea8,2.0
m01-j0138,manifest.tsv,138,real_benchmark,twins_semisynth,aipw,3000,3.0,17,2053000000,dml_real_benchmark_twins_semisynth_aipw_n3000_s3_chunk17.reps.csv,916d769ec9a039d2a571cacce2ae799f9bba54754ab5c0bcc8f8531e648797dd,2.0
m01-j0139,manifest.tsv,139,real_benchmark,twins_semisynth,aipw,3000,3.0,18,2053100000,dml_real_benchmark_twins_semisynth_aipw_n3000_s3_chunk18.reps.csv,d4637c7ef47f96e35dc986e03e1e50edffd0cf4af8d33215cd9d69a90c882b2d,2.0
m01-j0140,manifest.tsv,140,real_benchmark,twins_semisynth,aipw,3000,3.0,19,2053200000,dml_real_benchmark_twins_semisynth_aipw_n3000_s3_chunk19.reps.csv,69912b7fcad00e72e5d6bd45c441200e4d76798a147e5e2afd0ffdd61270fd4f,2.0
m01-j0141,manifest.tsv,141,real_benchmark,twins_semisynth,aipw,3000,3.0,20,2053300000,dml_real_benchmark_twins_semisynth_aipw_n3000_s3_chunk20.reps.csv,0e81f7e64e890082ad68ffd880340053ad59e913a098110d0d36463514c5cf39,2.0
m01-j0142,manifest.tsv,142,real_benchmark,twins_semisynth,aipw,3000,3.0,21,2053400000,dml_real_benchmark_twins_semisynth_aipw_n3000_s3_chunk21.reps.csv,53d0987d8fc539b3f704d05cdab1507045cf847b03f27f0ded2ba0f3ce68d3a9,2.0
m01-j0143,manifest.tsv,143,real_benchmark,twins_semisynth,aipw,3000,3.0,22,2053500000,dml_real_benchmark_twins_semisynth_aipw_n3000_s3_chunk22.reps.csv,42ecb83f28f40097b52a3ae93edd84ddd01b583b9b473b474d073cce2d479bc6,2.0
m01-j0144,manifest.tsv,144,real_benchmark,twins_semisynth,aipw,3000,3.0,23,2053600000,dml_real_benchmark_twins_semisynth_aipw_n3000_s3_chunk23.reps.csv,748b4ef9afabec72857d7725c51a2b796468cf9fb3c883f69a106957ee2f1333,2.0
m01-j0145,manifest.tsv,145,real_benchmark,twins_semisynth,ctmle,3000,3.0,0,2051300000,dml_real_benchmark_twins_semisynth_ctmle_n3000_s3_chunk00.reps.csv,bea6f619e803137c14633450987fca5cbf5993996bdfc3251a3e0570e433f96a,2.0
m01-j0146,manifest.tsv,146,real_benchmark,twins_semisynth,ctmle,3000,3.0,1,2051400000,dml_real_benchmark_twins_semisynth_ctmle_n3000_s3_chunk01.reps.csv,dbb28712b9264adf3a6711d7338a7cd28aef0d54d3e7a16b54ec2843f7da3b83,2.0
m01-j0147,manifest.tsv,147,real_benchmark,twins_semisynth,ctmle,3000,3.0,2,2051500000,dml_real_benchmark_twins_semisynth_ctmle_n3000_s3_chunk02.reps.csv,f52f1f218bff1c1db132a032c9dc27e064688f4980e9ec068bfcb2c4d638967f,2.0
m01-j0148,manifest.tsv,148,real_benchmark,twins_semisynth,ctmle,3000,3.0,3,2051600000,dml_real_benchmark_twins_semisynth_ctmle_n3000_s3_chunk03.reps.csv,ecbc71de96c705a9b64bb3d8db5e4808ce558c64078aabdbb25e34cbe41c6578,2.0
m01-j0149,manifest.tsv,149,real_benchmark,twins_semisynth,ctmle,3000,3.0,4,2051700000,dml_real_benchmark_twins_semisynth_ctmle_n3000_s3_chunk04.reps.csv,17c0a284e86ff0100160ccfa2790031a888df5912c16373b6cfd019f534c5025,2.0
m01-j0150,manifest.tsv,150,real_benchmark,twins_semisynth,ctmle,3000,3.0,5,2051800000,dml_real_benchmark_twins_semisynth_ctmle_n3000_s3_chunk05.reps.csv,e1cf7f9ecd5242cb56baf939c8713066cf0aa33482dc98ae90a479bea3a62cf2,2.0
m01-j0151,manifest.tsv,151,real_benchmark,twins_semisynth,ctmle,3000,3.0,6,2051900000,dml_real_benchmark_twins_semisynth_ctmle_n3000_s3_chunk06.reps.csv,2677cf3638937ebd45137bb7fcb67bf05d97a615a3a090331ee0c4751cf1beca,2.0
m01-j0152,manifest.tsv,152,real_benchmark,twins_semisynth,ctmle,3000,3.0,7,2052000000,dml_real_benchmark_twins_semisynth_ctmle_n3000_s3_chunk07.reps.csv,d81faeee86b1b1dbbcde6a358a46bf321392446c2571d851cdf347bda4aee4f7,2.0
m01-j0153,manifest.tsv,153,real_benchmark,twins_semisynth,ctmle,3000,3.0,8,2052100000,dml_real_benchmark_twins_semisynth_ctmle_n3000_s3_chunk08.reps.csv,990e4af64f704a7b178a2af909ed1c459efd49cc521dfd84a9317bceead1f551,2.0
m01-j0154,manifest.tsv,154,real_benchmark,twins_semisynth,ctmle,3000,3.0,9,2052200000,dml_real_benchmark_twins_semisynth_ctmle_n3000_s3_chunk09.reps.csv,95fa64e6edd87c1437fbf9c781deaabbca89f3dc75756217d973048305fe9e7b,2.0
m01-j0155,manifest.tsv,155,real_benchmark,twins_semisynth,ctmle,3000,3.0,10,2052300000,dml_real_benchmark_twins_semisynth_ctmle_n3000_s3_chunk10.reps.csv,80081f6e468eebf2fa22e39db3eba31f603eeaa82f3be3aadcdae76d13178760,2.0
m01-j0156,manifest.tsv,156,real_benchmark,twins_semisynth,ctmle,3000,3.0,11,2052400000,dml_real_benchmark_twins_semisynth_ctmle_n3000_s3_chunk11.reps.csv,1927f7faef0790fa5b43ef83e0d7769a5dc49a59f5b0f74924dd1f19b4dc036f,2.0
m01-j0157,manifest.tsv,157,real_benchmark,twins_semisynth,ctmle,3000,3.0,12,2052500000,dml_real_benchmark_twins_semisynth_ctmle_n3000_s3_chunk12.reps.csv,8558824ff84b7e58d1bc212cea8df0a16b8749d95d43fb2bd17c7655522ba75c,2.0
m01-j0158,manifest.tsv,158,real_benchmark,twins_semisynth,ctmle,3000,3.0,13,2052600000,dml_real_benchmark_twins_semisynth_ctmle_n3000_s3_chunk13.reps.csv,0d9a94ed457deb0f6b814f67d26c24e33e0e8dcddcf41a8f30d4e11ee29d0e78,2.0
m01-j0159,manifest.tsv,159,real_benchmark,twins_semisynth,ctmle,3000,3.0,14,2052700000,dml_real_benchmark_twins_semisynth_ctmle_n3000_s3_chunk14.reps.csv,e6023ed33ad47e35bdb44230d4c0cc18ef6194dc75813f59a00f79cc6cf917bc,2.0
m01-j0160,manifest.tsv,160,real_benchmark,twins_semisynth,ctmle,3000,3.0,15,2052800000,dml_real_benchmark_twins_semisynth_ctmle_n3000_s3_chunk15.reps.csv,fa2998d4ca479bc74eb637de35dc1e4d7467bcd19734ab7a7e0efc7d3abeb089,2.0
m01-j0161,manifest.tsv,161,real_benchmark,twins_semisynth,ctmle,3000,3.0,16,2052900000,dml_real_benchmark_twins_semisynth_ctmle_n3000_s3_chunk16.reps.csv,71403dcb0a6824f5201faaa1a5430da534265258a57f2f74c3dfd9766ccddecc,2.0
m01-j0162,manifest.tsv,162,real_benchmark,twins_semisynth,ctmle,3000,3.0,17,2053000000,dml_real_benchmark_twins_semisynth_ctmle_n3000_s3_chunk17.reps.csv,3311b92e2c5c4af955162d64886517e0cd9db3ab2df66b4e91bea1f338cc456b,2.0
m01-j0163,manifest.tsv,163,real_benchmark,twins_semisynth,ctmle,3000,3.0,18,2053100000,dml_real_benchmark_twins_semisynth_ctmle_n3000_s3_chunk18.reps.csv,37f7973244111ed820e29b399729514e801efd6d833694aaeda7bf256cb10517,2.0
m01-j0164,manifest.tsv,164,real_benchmark,twins_semisynth,ctmle,3000,3.0,19,2053200000,dml_real_benchmark_twins_semisynth_ctmle_n3000_s3_chunk19.reps.csv,a2ec61a8c32365b468ed9e25f15e5819d47258cc84611a1b5c163cfe72f2ae8a,2.0
m01-j0165,manifest.tsv,165,real_benchmark,twins_semisynth,ctmle,3000,3.0,20,2053300000,dml_real_benchmark_twins_semisynth_ctmle_n3000_s3_chunk20.reps.csv,7ff89a218882f02550bf0ec3d96582f86f242f61c91eaac7f6878a7810b82297,2.0
m01-j0166,manifest.tsv,166,real_benchmark,twins_semisynth,ctmle,3000,3.0,21,2053400000,dml_real_benchmark_twins_semisynth_ctmle_n3000_s3_chunk21.reps.csv,a101ea123461fcb6f230da097df64dff0f8957c51d62a400c5260b1ae2345716,2.0
m01-j0167,manifest.tsv,167,real_benchmark,twins_semisynth,ctmle,3000,3.0,22,2053500000,dml_real_benchmark_twins_semisynth_ctmle_n3000_s3_chunk22.reps.csv,1a0e9fd45b7e95f10deb3b1d1cb4f1c6ce92a1dc17b7c5b2effb40d6fcaee9d6,2.0
m01-j0168,manifest.tsv,168,real_benchmark,twins_semisynth,ctmle,3000,3.0,23,2053600000,dml_real_benchmark_twins_semisynth_ctmle_n3000_s3_chunk23.reps.csv,feff6e10fe5e6be894a474b5e97cc344ff54cd0765d29dd68fad4a82223d8a9b,2.0
m01-j0169,manifest.tsv,169,real_benchmark,twins_semisynth,cui_selective_ml,3000,3.0,0,2051300000,dml_real_benchmark_twins_semisynth_cui_selective_ml_n3000_s3_chunk00.reps.csv,a8e229aef2c44897c850643fce2ca39d341422cedf0691eda779dede8da5a6f3,2.0
m01-j0170,manifest.tsv,170,real_benchmark,twins_semisynth,cui_selective_ml,3000,3.0,1,2051400000,dml_real_benchmark_twins_semisynth_cui_selective_ml_n3000_s3_chunk01.reps.csv,7dfdb0fcc40d5b73c72fb3a85548962ee85d13c3909b9b00a7e15b47e62b7c94,2.0
m01-j0171,manifest.tsv,171,real_benchmark,twins_semisynth,cui_selective_ml,3000,3.0,2,2051500000,dml_real_benchmark_twins_semisynth_cui_selective_ml_n3000_s3_chunk02.reps.csv,8fe2255aae7dd3c9c443cf6b1389f1cc0b7f1af4f437a5a0467276afdeed1312,2.0
m01-j0172,manifest.tsv,172,real_benchmark,twins_semisynth,cui_selective_ml,3000,3.0,3,2051600000,dml_real_benchmark_twins_semisynth_cui_selective_ml_n3000_s3_chunk03.reps.csv,8d8271cfeef5d1ce2da64292cc8ba089aab39442d3653b811146c8a71fadc7b7,2.0
m01-j0173,manifest.tsv,173,real_benchmark,twins_semisynth,cui_selective_ml,3000,3.0,4,2051700000,dml_real_benchmark_twins_semisynth_cui_selective_ml_n3000_s3_chunk04.reps.csv,6df990f3c8c88ccc44ab84723c0a965bde8c6cadf3b82273879a29abc767d122,2.0
m01-j0174,manifest.tsv,174,real_benchmark,twins_semisynth,cui_selective_ml,3000,3.0,5,2051800000,dml_real_benchmark_twins_semisynth_cui_selective_ml_n3000_s3_chunk05.reps.csv,1bbe078a55e8df4b0efe3bb46c9bd7673e316c984639936f4555007b8d589515,2.0
m01-j0175,manifest.tsv,175,real_benchmark,twins_semisynth,cui_selective_ml,3000,3.0,6,2051900000,dml_real_benchmark_twins_semisynth_cui_selective_ml_n3000_s3_chunk06.reps.csv,2444b402cce9446f77ff53f23426a0fd7b8d5c2fe5f2167e6f0e1eff4ff9ba5b,2.0
m01-j0176,manifest.tsv,176,real_benchmark,twins_semisynth,cui_selective_ml,3000,3.0,7,2052000000,dml_real_benchmark_twins_semisynth_cui_selective_ml_n3000_s3_chunk07.reps.csv,a003611f314d4a0557a3d42e81f1ffa724a250c3e740dc0d5c3b4df824516493,2.0
m01-j0177,manifest.tsv,177,real_benchmark,twins_semisynth,cui_selective_ml,3000,3.0,8,2052100000,dml_real_benchmark_twins_semisynth_cui_selective_ml_n3000_s3_chunk08.reps.csv,7a9e43ea3103d9b51211c7c7f2449ae547922b38df825efa68ec994f26a813b0,2.0
m01-j0178,manifest.tsv,178,real_benchmark,twins_semisynth,cui_selective_ml,3000,3.0,9,2052200000,dml_real_benchmark_twins_semisynth_cui_selective_ml_n3000_s3_chunk09.reps.csv,5bd2b264b522ca6a17d53d34541d3d81ea2248980a1c5ec655fe53e1f60e5bdc,2.0
m01-j0179,manifest.tsv,179,real_benchmark,twins_semisynth,cui_selective_ml,3000,3.0,10,2052300000,dml_real_benchmark_twins_semisynth_cui_selective_ml_n3000_s3_chunk10.reps.csv,411406394fbfbae3c26a014931c232112c3d886881ab5c727d2b3ddde47a6f5e,2.0
m01-j0180,manifest.tsv,180,real_benchmark,twins_semisynth,cui_selective_ml,3000,3.0,11,2052400000,dml_real_benchmark_twins_semisynth_cui_selective_ml_n3000_s3_chunk11.reps.csv,76b1c2933eb22f6c9584f2fec15b5a85ba68671b9c0234d53d355b6b90cf7d87,2.0
m01-j0181,manifest.tsv,181,real_benchmark,twins_semisynth,cui_selective_ml,3000,3.0,12,2052500000,dml_real_benchmark_twins_semisynth_cui_selective_ml_n3000_s3_chunk12.reps.csv,f3d5d53ef4f4d1a0869e188cdcf4242febb2c4808944aaf979712c16cee2b241,2.0
m01-j0182,manifest.tsv,182,real_benchmark,twins_semisynth,cui_selective_ml,3000,3.0,13,2052600000,dml_real_benchmark_twins_semisynth_cui_selective_ml_n3000_s3_chunk13.reps.csv,b427dccdc636b6f281ae3b2afe210cf845345b68124e8a7849fb4f36c0d6603b,2.0
m01-j0183,manifest.tsv,183,real_benchmark,twins_semisynth,cui_selective_ml,3000,3.0,14,2052700000,dml_real_benchmark_twins_semisynth_cui_selective_ml_n3000_s3_chunk14.reps.csv,b47c9ef9e0e67e9601486db9524210ccfe6420e80d6fb5858bc5e6834f5e7c34,2.0
m01-j0184,manifest.tsv,184,real_benchmark,twins_semisynth,cui_selective_ml,3000,3.0,15,2052800000,dml_real_benchmark_twins_semisynth_cui_selective_ml_n3000_s3_chunk15.reps.csv,e6148266bf4a454ffb33932422a0a1a3691e5de2db59934eed577726f64f93c6,2.0
m01-j0185,manifest.tsv,185,real_benchmark,twins_semisynth,cui_selective_ml,3000,3.0,16,2052900000,dml_real_benchmark_twins_semisynth_cui_selective_ml_n3000_s3_chunk16.reps.csv,9a942df3049ddd103df0bace954b5f787c67ac6861030ef35bcb45c899873657,2.0
m01-j0186,manifest.tsv,186,real_benchmark,twins_semisynth,cui_selective_ml,3000,3.0,17,2053000000,dml_real_benchmark_twins_semisynth_cui_selective_ml_n3000_s3_chunk17.reps.csv,e0f916512feebbcdeb1596546daac07c0e9190d7bc01bb0e1131a0f4f64c8df3,2.0
m01-j0187,manifest.tsv,187,real_benchmark,twins_semisynth,cui_selective_ml,3000,3.0,18,2053100000,dml_real_benchmark_twins_semisynth_cui_selective_ml_n3000_s3_chunk18.reps.csv,6b49b1d6013513872ced56b374483085eb54db205c25ef5395c0c25d41920b7a,2.0
m01-j0188,manifest.tsv,188,real_benchmark,twins_semisynth,cui_selective_ml,3000,3.0,19,2053200000,dml_real_benchmark_twins_semisynth_cui_selective_ml_n3000_s3_chunk19.reps.csv,f957cf67c8371a4290b9ac9a6e0a4628cb586873754580b97bbcf765b52d69ab,2.0
m01-j0189,manifest.tsv,189,real_benchmark,twins_semisynth,cui_selective_ml,3000,3.0,20,2053300000,dml_real_benchmark_twins_semisynth_cui_selective_ml_n3000_s3_chunk20.reps.csv,52eb283df1e2dafc695ed8c1b8433ca593fdff001e0b19f07e74351221e57888,2.0
m01-j0190,manifest.tsv,190,real_benchmark,twins_semisynth,cui_selective_ml,3000,3.0,21,2053400000,dml_real_benchmark_twins_semisynth_cui_selective_ml_n3000_s3_chunk21.reps.csv,b293f8340bb3202d90231466b724cef2f151f239614d27e554aa94582be32f6a,2.0
m01-j0191,manifest.tsv,191,real_benchmark,twins_semisynth,cui_selective_ml,3000,3.0,22,2053500000,dml_real_benchmark_twins_semisynth_cui_selective_ml_n3000_s3_chunk22.reps.csv,f3abed6826bf620d4feb2cf2fc61ae9c85eb2bb9a174d98437efe05601927717,2.0
m01-j0192,manifest.tsv,192,real_benchmark,twins_semisynth,cui_selective_ml,3000,3.0,23,2053600000,dml_real_benchmark_twins_semisynth_cui_selective_ml_n3000_s3_chunk23.reps.csv,144dd5446891e0a9b4959170813c81400ebe9377e1eefc41a9903728bf6bfa72,2.0
m01-j0193,manifest.tsv,193,real_benchmark,twins_semisynth,ma_dr_bc,3000,3.0,0,2051300000,dml_real_benchmark_twins_semisynth_ma_dr_bc_n3000_s3_chunk00.reps.csv,7895acf4791b7aeeb399614cbe213ccf8bcc68787c20896ec2a649977cee9f45,2.0
m01-j0194,manifest.tsv,194,real_benchmark,twins_semisynth,ma_dr_bc,3000,3.0,1,2051400000,dml_real_benchmark_twins_semisynth_ma_dr_bc_n3000_s3_chunk01.reps.csv,26417d6631ab171d196be160cb2c9cc89181ac831235f0993ee7944e72424479,2.0
m01-j0195,manifest.tsv,195,real_benchmark,twins_semisynth,ma_dr_bc,3000,3.0,2,2051500000,dml_real_benchmark_twins_semisynth_ma_dr_bc_n3000_s3_chunk02.reps.csv,5b242ec2949c4624c61960947e20ffeda60323f7bbe9b565f6c781ad84cf8fe8,2.0
m01-j0196,manifest.tsv,196,real_benchmark,twins_semisynth,ma_dr_bc,3000,3.0,3,2051600000,dml_real_benchmark_twins_semisynth_ma_dr_bc_n3000_s3_chunk03.reps.csv,c2271bc17620958e7974aa7cccb5d761fec88c49d848eb9e75ad6e2936f52b8c,2.0
m01-j0197,manifest.tsv,197,real_benchmark,twins_semisynth,ma_dr_bc,3000,3.0,4,2051700000,dml_real_benchmark_twins_semisynth_ma_dr_bc_n3000_s3_chunk04.reps.csv,48c7bc4eaa904830aa0c81308b1fe03eaaa5c0fdeaea962e7a2aa61895ce7a73,2.0
m01-j0198,manifest.tsv,198,real_benchmark,twins_semisynth,ma_dr_bc,3000,3.0,5,2051800000,dml_real_benchmark_twins_semisynth_ma_dr_bc_n3000_s3_chunk05.reps.csv,91f2d84bfe4881d77505fc6ac92e48291821fad75f600056f032ddffe4e1e495,2.0
m01-j0199,manifest.tsv,199,real_benchmark,twins_semisynth,ma_dr_bc,3000,3.0,6,2051900000,dml_real_benchmark_twins_semisynth_ma_dr_bc_n3000_s3_chunk06.reps.csv,d83a66aca417f30f094ae436e31361fc0b4af560d9d6b5841fe7a5faf3da29f7,2.0
m01-j0200,manifest.tsv,200,real_benchmark,twins_semisynth,ma_dr_bc,3000,3.0,7,2052000000,dml_real_benchmark_twins_semisynth_ma_dr_bc_n3000_s3_chunk07.reps.csv,8e6a00ba07b68d8d666443706f53de0775ba46405bfa99bcbca83fecd83c2220,2.0
m01-j0201,manifest.tsv,201,real_benchmark,twins_semisynth,ma_dr_bc,3000,3.0,8,2052100000,dml_real_benchmark_twins_semisynth_ma_dr_bc_n3000_s3_chunk08.reps.csv,99e120873bb5f818b64b23880a43058c43db4c7920808f1fa117cda2c3da55f3,2.0
m01-j0202,manifest.tsv,202,real_benchmark,twins_semisynth,ma_dr_bc,3000,3.0,9,2052200000,dml_real_benchmark_twins_semisynth_ma_dr_bc_n3000_s3_chunk09.reps.csv,791b5ee5818e9f74863470bec2bb69c9e76ca1d7289c5122203a38fd009c0675,2.0
m01-j0203,manifest.tsv,203,real_benchmark,twins_semisynth,ma_dr_bc,3000,3.0,10,2052300000,dml_real_benchmark_twins_semisynth_ma_dr_bc_n3000_s3_chunk10.reps.csv,a3447548a1016c69b14ecd6beb12782fe5fc16fd1de5e1534642158c2b2af2fd,2.0
m01-j0204,manifest.tsv,204,real_benchmark,twins_semisynth,ma_dr_bc,3000,3.0,11,2052400000,dml_real_benchmark_twins_semisynth_ma_dr_bc_n3000_s3_chunk11.reps.csv,04aaea64df9709627c2de23f6040f2e91394dd93ae1ceafcaef4780d452ec5ca,2.0
m01-j0205,manifest.tsv,205,real_benchmark,twins_semisynth,ma_dr_bc,3000,3.0,12,2052500000,dml_real_benchmark_twins_semisynth_ma_dr_bc_n3000_s3_chunk12.reps.csv,7525f5e7bf7402839c33938120418d93c848b6a1c31da85d822b3041e95c4eec,2.0
m01-j0206,manifest.tsv,206,real_benchmark,twins_semisynth,ma_dr_bc,3000,3.0,13,2052600000,dml_real_benchmark_twins_semisynth_ma_dr_bc_n3000_s3_chunk13.reps.csv,19787b4bc177649ae507ff3da5bbaf2383f0c546f2498d2863d204b716a25e24,2.0
m01-j0207,manifest.tsv,207,real_benchmark,twins_semisynth,ma_dr_bc,3000,3.0,14,2052700000,dml_real_benchmark_twins_semisynth_ma_dr_bc_n3000_s3_chunk14.reps.csv,1785b7dd189f1b1b176eb39b2d990f55788ea008c1b078f31e0a205883d1cf9d,2.0
m01-j0208,manifest.tsv,208,real_benchmark,twins_semisynth,ma_dr_bc,3000,3.0,15,2052800000,dml_real_benchmark_twins_semisynth_ma_dr_bc_n3000_s3_chunk15.reps.csv,66a91f1a52b155f20ce35f1647a18533d2a3e05016eff23de584ab26e5760e31,2.0
m01-j0209,manifest.tsv,209,real_benchmark,twins_semisynth,ma_dr_bc,3000,3.0,16,2052900000,dml_real_benchmark_twins_semisynth_ma_dr_bc_n3000_s3_chunk16.reps.csv,98956cb60f4a4d7686b5264e91399fb4b9c89102fa2fca2343d1322ffb18aca0,2.0
m01-j0210,manifest.tsv,210,real_benchmark,twins_semisynth,ma_dr_bc,3000,3.0,17,2053000000,dml_real_benchmark_twins_semisynth_ma_dr_bc_n3000_s3_chunk17.reps.csv,e9eaa8443accc2f67ac66abaa1914ff26af91566db6d0b4f48e139018eb19659,2.0
m01-j0211,manifest.tsv,211,real_benchmark,twins_semisynth,ma_dr_bc,3000,3.0,18,2053100000,dml_real_benchmark_twins_semisynth_ma_dr_bc_n3000_s3_chunk18.reps.csv,697af2b70fa24561aef3282845373a13b6b1a4508d67ba33ad4c2fed25d92ce6,2.0
m01-j0212,manifest.tsv,212,real_benchmark,twins_semisynth,ma_dr_bc,3000,3.0,19,2053200000,dml_real_benchmark_twins_semisynth_ma_dr_bc_n3000_s3_chunk19.reps.csv,16fe90405cf091625a6d31a5526921fc93ea9dd4ae6aa8f483e5db980c66a229,2.0
m01-j0213,manifest.tsv,213,real_benchmark,twins_semisynth,ma_dr_bc,3000,3.0,20,2053300000,dml_real_benchmark_twins_semisynth_ma_dr_bc_n3000_s3_chunk20.reps.csv,1b090658a1b662d51e2cff6ef4eccef3448e3d164bb295b50d2a304d070e6848,2.0
m01-j0214,manifest.tsv,214,real_benchmark,twins_semisynth,ma_dr_bc,3000,3.0,21,2053400000,dml_real_benchmark_twins_semisynth_ma_dr_bc_n3000_s3_chunk21.reps.csv,a42c4b541303aa907e81e539bcacddf528d51b07db05aab500348ca6a09d8f34,2.0
m01-j0215,manifest.tsv,215,real_benchmark,twins_semisynth,ma_dr_bc,3000,3.0,22,2053500000,dml_real_benchmark_twins_semisynth_ma_dr_bc_n3000_s3_chunk22.reps.csv,6255f05188448176dfc1ae075cdf0978cc840898441d28bfd606c5268dcefe87,2.0
m01-j0216,manifest.tsv,216,real_benchmark,twins_semisynth,ma_dr_bc,3000,3.0,23,2053600000,dml_real_benchmark_twins_semisynth_ma_dr_bc_n3000_s3_chunk23.reps.csv,8d05ed310861cdb681ed7dae9d57d7d225eecce600090106c474710bfa586a14,2.0
m01-j0217,manifest.tsv,217,real_benchmark,twins_semisynth,tmle,3000,3.0,0,2051300000,dml_real_benchmark_twins_semisynth_tmle_n3000_s3_chunk00.reps.csv,488dc675068bdecfdf1bcddfef5d3d60fe2c222124930cfc057781c048515737,2.0
m01-j0218,manifest.tsv,218,real_benchmark,twins_semisynth,tmle,3000,3.0,1,2051400000,dml_real_benchmark_twins_semisynth_tmle_n3000_s3_chunk01.reps.csv,d990036c17c0a847bfb3cafde8e5466c1210668d9caa5c2503d50e4214ca6052,2.0
m01-j0219,manifest.tsv,219,real_benchmark,twins_semisynth,tmle,3000,3.0,2,2051500000,dml_real_benchmark_twins_semisynth_tmle_n3000_s3_chunk02.reps.csv,8712bcefa6b1e0111cabf33f5f4fb5e5415c2c488a66b01d465a383fe532ed6e,2.0
m01-j0220,manifest.tsv,220,real_benchmark,twins_semisynth,tmle,3000,3.0,3,2051600000,dml_real_benchmark_twins_semisynth_tmle_n3000_s3_chunk03.reps.csv,e29aa48a38c8e35db9f86c756f2872f9ec488302c79efcd1ea866d2ee30972a1,2.0
m01-j0221,manifest.tsv,221,real_benchmark,twins_semisynth,tmle,3000,3.0,4,2051700000,dml_real_benchmark_twins_semisynth_tmle_n3000_s3_chunk04.reps.csv,cc01cc4124815a78974cca3133fe1104d93760dc3e02ce6864d01006e75b0770,2.0
m01-j0222,manifest.tsv,222,real_benchmark,twins_semisynth,tmle,3000,3.0,5,2051800000,dml_real_benchmark_twins_semisynth_tmle_n3000_s3_chunk05.reps.csv,f952b84efe097888ad4f6418d48a63ee97e14f828a15a2d21fc96a392d1ac1fe,2.0
m01-j0223,manifest.tsv,223,real_benchmark,twins_semisynth,tmle,3000,3.0,6,2051900000,dml_real_benchmark_twins_semisynth_tmle_n3000_s3_chunk06.reps.csv,1bae95a2a92ab571ecd0e5f0293024f0091123c6651bc7d103cebf70274927ae,2.0
m01-j0224,manifest.tsv,224,real_benchmark,twins_semisynth,tmle,3000,3.0,7,2052000000,dml_real_benchmark_twins_semisynth_tmle_n3000_s3_chunk07.reps.csv,c4ac5fc29644b5b01ad21bbaf470f830a235d5c92876d799ce9e77225bd2eb73,2.0
m01-j0225,manifest.tsv,225,real_benchmark,twins_semisynth,tmle,3000,3.0,8,2052100000,dml_real_benchmark_twins_semisynth_tmle_n3000_s3_chunk08.reps.csv,86008ddb1341c8dd913623e5ef91586fd521704f65c3c7de3a1613cce5d998a6,2.0
m01-j0226,manifest.tsv,226,real_benchmark,twins_semisynth,tmle,3000,3.0,9,2052200000,dml_real_benchmark_twins_semisynth_tmle_n3000_s3_chunk09.reps.csv,667d5e8becc71a07ed5cc1d20bcf8a0c61816736f42031392c99c53da683c508,2.0
m01-j0227,manifest.tsv,227,real_benchmark,twins_semisynth,tmle,3000,3.0,10,2052300000,dml_real_benchmark_twins_semisynth_tmle_n3000_s3_chunk10.reps.csv,350847d1be4c1dd97e86bc27d5414930cc008cdbfc62ca0aec8914d7e0ab6547,2.0
m01-j0228,manifest.tsv,228,real_benchmark,twins_semisynth,tmle,3000,3.0,11,2052400000,dml_real_benchmark_twins_semisynth_tmle_n3000_s3_chunk11.reps.csv,74fe04012e95d8104e5b329eb0e001c2b74ba3a40bfb1e506490ddbde5ec2e95,2.0
m01-j0229,manifest.tsv,229,real_benchmark,twins_semisynth,tmle,3000,3.0,12,2052500000,dml_real_benchmark_twins_semisynth_tmle_n3000_s3_chunk12.reps.csv,b9a7f503843d127212bd2fabca427c2434b46ea5169401bc6108a082e8896d2d,2.0
m01-j0230,manifest.tsv,230,real_benchmark,twins_semisynth,tmle,3000,3.0,13,2052600000,dml_real_benchmark_twins_semisynth_tmle_n3000_s3_chunk13.reps.csv,889afcd49ff871cc7d14d6ca56cec5b2448f497621d4994f8301748350927bc1,2.0
m01-j0231,manifest.tsv,231,real_benchmark,twins_semisynth,tmle,3000,3.0,14,2052700000,dml_real_benchmark_twins_semisynth_tmle_n3000_s3_chunk14.reps.csv,bd73b21c9c74cdad8b6838ba9d104c1bf582a87b1570c298bf113abe1456ed13,2.0
m01-j0232,manifest.tsv,232,real_benchmark,twins_semisynth,tmle,3000,3.0,15,2052800000,dml_real_benchmark_twins_semisynth_tmle_n3000_s3_chunk15.reps.csv,a7f12eb76fabc6053bd3f5e65c635d16f7d652acc59c6f6691ca7ea77460fb17,2.0
m01-j0233,manifest.tsv,233,real_benchmark,twins_semisynth,tmle,3000,3.0,16,2052900000,dml_real_benchmark_twins_semisynth_tmle_n3000_s3_chunk16.reps.csv,f0ac5cb87d1b3dda95e3be06efdd99ccf2f47f1ac3eea597d58f4e8995c3bb3b,2.0
m01-j0234,manifest.tsv,234,real_benchmark,twins_semisynth,tmle,3000,3.0,17,2053000000,dml_real_benchmark_twins_semisynth_tmle_n3000_s3_chunk17.reps.csv,1132e2b7d006d6b6dc6db1afab8a14109df3f29fabe5f585108d1ae87e23c30f,2.0
m01-j0235,manifest.tsv,235,real_benchmark,twins_semisynth,tmle,3000,3.0,18,2053100000,dml_real_benchmark_twins_semisynth_tmle_n3000_s3_chunk18.reps.csv,82db9507edd50b3573c30c1b74f5f4689e34470917c1ef81dfc369f2ebfb9cd6,2.0
m01-j0236,manifest.tsv,236,real_benchmark,twins_semisynth,tmle,3000,3.0,19,2053200000,dml_real_benchmark_twins_semisynth_tmle_n3000_s3_chunk19.reps.csv,b3877d67ef3b892841c99ca4d5bb7659c43e33bb428979bbe1cf612da1692507,2.0
m01-j0237,manifest.tsv,237,real_benchmark,twins_semisynth,tmle,3000,3.0,20,2053300000,dml_real_benchmark_twins_semisynth_tmle_n3000_s3_chunk20.reps.csv,7ce1d08905dce094ab46ed763360549befcf6cb94295a07c00966e16f60208d8,2.0
m01-j0238,manifest.tsv,238,real_benchmark,twins_semisynth,tmle,3000,3.0,21,2053400000,dml_real_benchmark_twins_semisynth_tmle_n3000_s3_chunk21.reps.csv,12f92387932ba83406d17841eb97ac0ffbbc49cd231433853609d6f4de5032ab,2.0
m01-j0239,manifest.tsv,239,real_benchmark,twins_semisynth,tmle,3000,3.0,22,2053500000,dml_real_benchmark_twins_semisynth_tmle_n3000_s3_chunk22.reps.csv,49406f37d9e7b0b31bf5faf3faf47bf35cd21fe67088ff213884ac6e40938860,2.0
m01-j0240,manifest.tsv,240,real_benchmark,twins_semisynth,tmle,3000,3.0,23,2053600000,dml_real_benchmark_twins_semisynth_tmle_n3000_s3_chunk23.reps.csv,65e97bb941b6369bdd4d03a172a8395d6c7082d0e7c05bb16813613e95476946,2.0
m01-j0241,manifest.tsv,241,real_benchmark,twins_misaligned,aipw,3000,0.0,0,2053700000,dml_real_benchmark_twins_misaligned_aipw_n3000_s0_chunk00.reps.csv,92575d2a07efa657409b5208cb4395d69a236be78b2daa04794b350c3f6e481e,2.0
m01-j0242,manifest.tsv,242,real_benchmark,twins_misaligned,aipw,3000,0.0,1,2053800000,dml_real_benchmark_twins_misaligned_aipw_n3000_s0_chunk01.reps.csv,ec2adae292c682669e732620db55da010d9e40cf4e05cab27459319e64b16210,2.0
m01-j0243,manifest.tsv,243,real_benchmark,twins_misaligned,aipw,3000,0.0,2,2053900000,dml_real_benchmark_twins_misaligned_aipw_n3000_s0_chunk02.reps.csv,8fa7096fc30f592771e50408fafe30203bf798c85173d5b62422222fa9ee15df,2.0
m01-j0244,manifest.tsv,244,real_benchmark,twins_misaligned,aipw,3000,0.0,3,2054000000,dml_real_benchmark_twins_misaligned_aipw_n3000_s0_chunk03.reps.csv,c7e8e33dd7f05ca400ac1d3c100c8eb63308c01996ce26e2cd8b345129cbc3f3,2.0
m01-j0245,manifest.tsv,245,real_benchmark,twins_misaligned,aipw,3000,0.0,4,2054100000,dml_real_benchmark_twins_misaligned_aipw_n3000_s0_chunk04.reps.csv,d89a9fe65a93b57021b7e4417e2755cc2d5f1fdb1b6f110dde1195f4f7fe2757,2.0
m01-j0246,manifest.tsv,246,real_benchmark,twins_misaligned,aipw,3000,0.0,5,2054200000,dml_real_benchmark_twins_misaligned_aipw_n3000_s0_chunk05.reps.csv,13bf56a66717b03036f1d4f61acbb947a0e7576c5b2b0c859ed75896de55c7e6,2.0
m01-j0247,manifest.tsv,247,real_benchmark,twins_misaligned,aipw,3000,0.0,6,2054300000,dml_real_benchmark_twins_misaligned_aipw_n3000_s0_chunk06.reps.csv,b5894d972910078d2ff1c34d8130d2193f9ea105f94225fcc2f39424bb39f155,2.0
m01-j0248,manifest.tsv,248,real_benchmark,twins_misaligned,aipw,3000,0.0,7,2054400000,dml_real_benchmark_twins_misaligned_aipw_n3000_s0_chunk07.reps.csv,05b476b35ec6e358baf4de0e39e10dc7965ee80cfec5dc7964d000ab491a176f,2.0
m01-j0249,manifest.tsv,249,real_benchmark,twins_misaligned,aipw,3000,0.0,8,2054500000,dml_real_benchmark_twins_misaligned_aipw_n3000_s0_chunk08.reps.csv,2d9213dd2bd5cb181b3548ac7dedaefc99aad627c385fba2be2e931087f86d5f,2.0
m01-j0250,manifest.tsv,250,real_benchmark,twins_misaligned,aipw,3000,0.0,9,2054600000,dml_real_benchmark_twins_misaligned_aipw_n3000_s0_chunk09.reps.csv,9ad1f62de9073905339de34f2e46069087552981ed8b291ae0be03d1064bd19b,2.0
m01-j0251,manifest.tsv,251,real_benchmark,twins_misaligned,aipw,3000,0.0,10,2054700000,dml_real_benchmark_twins_misaligned_aipw_n3000_s0_chunk10.reps.csv,45982ef1b49d98cd5b17fdaef4a5dcd6f4c1195cc90d01995ac736335442e4fd,2.0
m01-j0252,manifest.tsv,252,real_benchmark,twins_misaligned,aipw,3000,0.0,11,2054800000,dml_real_benchmark_twins_misaligned_aipw_n3000_s0_chunk11.reps.csv,7733c8152f8f35d2ab38e529adcb2fc0225a9e1b9f7a5ef44fef3ef96a2eda21,2.0
m01-j0253,manifest.tsv,253,real_benchmark,twins_misaligned,aipw,3000,0.0,12,2054900000,dml_real_benchmark_twins_misaligned_aipw_n3000_s0_chunk12.reps.csv,ca1115346ae6a220f361b700c9c3ea061dfde43c580f618da007f990483ec853,2.0
m01-j0254,manifest.tsv,254,real_benchmark,twins_misaligned,aipw,3000,0.0,13,2055000000,dml_real_benchmark_twins_misaligned_aipw_n3000_s0_chunk13.reps.csv,8909d3f0d9d03009ad0ef0c381e57049629ee411051c03e52c53764599c06dfe,2.0
m01-j0255,manifest.tsv,255,real_benchmark,twins_misaligned,aipw,3000,0.0,14,2055100000,dml_real_benchmark_twins_misaligned_aipw_n3000_s0_chunk14.reps.csv,fd54bd69e921e0817fbd1c7763924b7436ea1762066d91f966e3358595358150,2.0
m01-j0256,manifest.tsv,256,real_benchmark,twins_misaligned,aipw,3000,0.0,15,2055200000,dml_real_benchmark_twins_misaligned_aipw_n3000_s0_chunk15.reps.csv,254194620cb968efdd09cbb3b7dfcf4a1d501f864fa3dbedc12237368079172c,2.0
m01-j0257,manifest.tsv,257,real_benchmark,twins_misaligned,aipw,3000,0.0,16,2055300000,dml_real_benchmark_twins_misaligned_aipw_n3000_s0_chunk16.reps.csv,5df14a4cb1438cbc2e05cbd15294bc893d4147e6b2cda304d58d34b7d6906e60,2.0
m01-j0258,manifest.tsv,258,real_benchmark,twins_misaligned,aipw,3000,0.0,17,2055400000,dml_real_benchmark_twins_misaligned_aipw_n3000_s0_chunk17.reps.csv,09399531b675c8b0191f6c5ad4f459e58a4b2f51572a7e48c6fb100efd4f5bb2,2.0
m01-j0259,manifest.tsv,259,real_benchmark,twins_misaligned,aipw,3000,0.0,18,2055500000,dml_real_benchmark_twins_misaligned_aipw_n3000_s0_chunk18.reps.csv,c46f8041607851c02edeefd6d1808c79d3f33d2756abfc4e7c113e1a427f702f,2.0
m01-j0260,manifest.tsv,260,real_benchmark,twins_misaligned,aipw,3000,0.0,19,2055600000,dml_real_benchmark_twins_misaligned_aipw_n3000_s0_chunk19.reps.csv,5e71b09fb2752dcc21a307e7fa76580729ee9fee3f162769a97bf86ecbddd9a9,2.0
m01-j0261,manifest.tsv,261,real_benchmark,twins_misaligned,aipw,3000,0.0,20,2055700000,dml_real_benchmark_twins_misaligned_aipw_n3000_s0_chunk20.reps.csv,0a734aae6bc31178c9fceec9280a66af55e938db453b25b9582caeba2ad4165f,2.0
m01-j0262,manifest.tsv,262,real_benchmark,twins_misaligned,aipw,3000,0.0,21,2055800000,dml_real_benchmark_twins_misaligned_aipw_n3000_s0_chunk21.reps.csv,e9b10432a2ee3c7383fc23129e66a4add92285169653f0ff54ee5e4d0b4b0085,2.0
m01-j0263,manifest.tsv,263,real_benchmark,twins_misaligned,aipw,3000,0.0,22,2055900000,dml_real_benchmark_twins_misaligned_aipw_n3000_s0_chunk22.reps.csv,6597e32501cc27144f1caee3310351ed387e2c066f5beb1b18086c1fb37dfaf8,2.0
m01-j0264,manifest.tsv,264,real_benchmark,twins_misaligned,aipw,3000,0.0,23,2056000000,dml_real_benchmark_twins_misaligned_aipw_n3000_s0_chunk23.reps.csv,d795eae575fef6eb8d54b2e6a89358711db100186404b7be9910776b463294a1,2.0
m01-j0265,manifest.tsv,265,real_benchmark,twins_misaligned,ctmle,3000,0.0,0,2053700000,dml_real_benchmark_twins_misaligned_ctmle_n3000_s0_chunk00.reps.csv,842df8eceba4ac21749b280a567e880060e38308c76f4839eb24d58aebb76f1b,2.0
m01-j0266,manifest.tsv,266,real_benchmark,twins_misaligned,ctmle,3000,0.0,1,2053800000,dml_real_benchmark_twins_misaligned_ctmle_n3000_s0_chunk01.reps.csv,ff1b8ff484efd5ed4f63accb4cf2da5f1933d0af2ab589a22dddd9d68352f486,2.0
m01-j0267,manifest.tsv,267,real_benchmark,twins_misaligned,ctmle,3000,0.0,2,2053900000,dml_real_benchmark_twins_misaligned_ctmle_n3000_s0_chunk02.reps.csv,19b39f747cfbb0d3b03d2e9062c83fe5da58e4f62e10d1654c2aaa2c19ca8b29,2.0
m01-j0268,manifest.tsv,268,real_benchmark,twins_misaligned,ctmle,3000,0.0,3,2054000000,dml_real_benchmark_twins_misaligned_ctmle_n3000_s0_chunk03.reps.csv,199126b2b6e47ec62c99c6661df255fbce1c5529814264de68388a5d2648c363,2.0
m01-j0269,manifest.tsv,269,real_benchmark,twins_misaligned,ctmle,3000,0.0,4,2054100000,dml_real_benchmark_twins_misaligned_ctmle_n3000_s0_chunk04.reps.csv,a36826019a0df3a381a5357474d26f5a1a678fb355cd9cb93c5517d4dc539e40,2.0
m01-j0270,manifest.tsv,270,real_benchmark,twins_misaligned,ctmle,3000,0.0,5,2054200000,dml_real_benchmark_twins_misaligned_ctmle_n3000_s0_chunk05.reps.csv,3e51e0de1c82fb83e2d3abd56f209feb53b7e9d9a503b107ef1ff6a610048160,2.0
m01-j0271,manifest.tsv,271,real_benchmark,twins_misaligned,ctmle,3000,0.0,6,2054300000,dml_real_benchmark_twins_misaligned_ctmle_n3000_s0_chunk06.reps.csv,82a6a7b70fdc6ff7f98d312aeddd0c786032d641c70f352de61b79ccea5139ca,2.0
m01-j0272,manifest.tsv,272,real_benchmark,twins_misaligned,ctmle,3000,0.0,7,2054400000,dml_real_benchmark_twins_misaligned_ctmle_n3000_s0_chunk07.reps.csv,cece623c6fe12d29a2f068f4c837f6e9f87613fc2cebc7f97b1b9c4287cb71c4,2.0
m01-j0273,manifest.tsv,273,real_benchmark,twins_misaligned,ctmle,3000,0.0,8,2054500000,dml_real_benchmark_twins_misaligned_ctmle_n3000_s0_chunk08.reps.csv,26f97f3c818fa5e555b4ed6a739e76f38f0a71fd4e7c547a75fbaf13341e0a06,2.0
m01-j0274,manifest.tsv,274,real_benchmark,twins_misaligned,ctmle,3000,0.0,9,2054600000,dml_real_benchmark_twins_misaligned_ctmle_n3000_s0_chunk09.reps.csv,448086770e404d2dc23c10630815211281518e42aef0eff2596035ae92610654,2.0
m01-j0275,manifest.tsv,275,real_benchmark,twins_misaligned,ctmle,3000,0.0,10,2054700000,dml_real_benchmark_twins_misaligned_ctmle_n3000_s0_chunk10.reps.csv,c298e2d95bc84e6f8959330bf86ad7f6d0f905b641c5cf028a6a7cea7bdc5251,2.0
m01-j0276,manifest.tsv,276,real_benchmark,twins_misaligned,ctmle,3000,0.0,11,2054800000,dml_real_benchmark_twins_misaligned_ctmle_n3000_s0_chunk11.reps.csv,a3317b8cc75ee6ea90f7bc1a6448f3d8508d5a77adc9a8e1791b9918359a7d14,2.0
m01-j0277,manifest.tsv,277,real_benchmark,twins_misaligned,ctmle,3000,0.0,12,2054900000,dml_real_benchmark_twins_misaligned_ctmle_n3000_s0_chunk12.reps.csv,4dff37bfa22af35ef9149f650af11532142800a98680209846cd50d098094333,2.0
m01-j0278,manifest.tsv,278,real_benchmark,twins_misaligned,ctmle,3000,0.0,13,2055000000,dml_real_benchmark_twins_misaligned_ctmle_n3000_s0_chunk13.reps.csv,0e1024a023f2515a618fe899feafcac0a22597336ec7fb6bdaa425b19fc09d7a,2.0
m01-j0279,manifest.tsv,279,real_benchmark,twins_misaligned,ctmle,3000,0.0,14,2055100000,dml_real_benchmark_twins_misaligned_ctmle_n3000_s0_chunk14.reps.csv,254ab8c9dcd7b679b0ebac940e47e8b4e2fb549a62a7be76dd48ffbb2d892baa,2.0
m01-j0280,manifest.tsv,280,real_benchmark,twins_misaligned,ctmle,3000,0.0,15,2055200000,dml_real_benchmark_twins_misaligned_ctmle_n3000_s0_chunk15.reps.csv,ecfa97ff4025d37ffbff0177dad03c915b8ac627ac68f2bbddfefcd8e80293e1,2.0
m01-j0281,manifest.tsv,281,real_benchmark,twins_misaligned,ctmle,3000,0.0,16,2055300000,dml_real_benchmark_twins_misaligned_ctmle_n3000_s0_chunk16.reps.csv,bf328a94a7d556677dc327a3936b2a1ddc9805644637ebb5c42b5a0035148d6a,2.0
m01-j0282,manifest.tsv,282,real_benchmark,twins_misaligned,ctmle,3000,0.0,17,2055400000,dml_real_benchmark_twins_misaligned_ctmle_n3000_s0_chunk17.reps.csv,45bf34393f34c7841ee651e190b558f6ba4e85508a94f9355d5c65edbca83ff1,2.0
m01-j0283,manifest.tsv,283,real_benchmark,twins_misaligned,ctmle,3000,0.0,18,2055500000,dml_real_benchmark_twins_misaligned_ctmle_n3000_s0_chunk18.reps.csv,cd00aeec6b1c15434bc9a1bbe94324e7fa30f80c4c52e9a02762b7c6f17d00dd,2.0
m01-j0284,manifest.tsv,284,real_benchmark,twins_misaligned,ctmle,3000,0.0,19,2055600000,dml_real_benchmark_twins_misaligned_ctmle_n3000_s0_chunk19.reps.csv,8d3f1dc5d51a0ca423aa5aa7b487d5abdedcba62a1fd5c7d359136286afb08b2,2.0
m01-j0285,manifest.tsv,285,real_benchmark,twins_misaligned,ctmle,3000,0.0,20,2055700000,dml_real_benchmark_twins_misaligned_ctmle_n3000_s0_chunk20.reps.csv,672ef388c70cf5b1186f503c89fe6bff5140777420a4d0617fc1129d5661db0d,2.0
m01-j0286,manifest.tsv,286,real_benchmark,twins_misaligned,ctmle,3000,0.0,21,2055800000,dml_real_benchmark_twins_misaligned_ctmle_n3000_s0_chunk21.reps.csv,16016c0ea819faa07d339ce301a27a2dd9e6865de51ab8d8b04f20aef18a4bc6,2.0
m01-j0287,manifest.tsv,287,real_benchmark,twins_misaligned,ctmle,3000,0.0,22,2055900000,dml_real_benchmark_twins_misaligned_ctmle_n3000_s0_chunk22.reps.csv,69c448c65db5ed32acdfd4ad2163677d523e03bc75f2c1253e246b2149fa122c,2.0
m01-j0288,manifest.tsv,288,real_benchmark,twins_misaligned,ctmle,3000,0.0,23,2056000000,dml_real_benchmark_twins_misaligned_ctmle_n3000_s0_chunk23.reps.csv,327f92b55154965824699f763abde04556b115ff421111b274fc177777563f9a,2.0
m01-j0289,manifest.tsv,289,real_benchmark,twins_misaligned,cui_selective_ml,3000,0.0,0,2053700000,dml_real_benchmark_twins_misaligned_cui_selective_ml_n3000_s0_chunk00.reps.csv,9dc7850b2a9a48755602887c039f6c913f6726b8e50cae5f0f318b7b568a1187,2.0
m01-j0290,manifest.tsv,290,real_benchmark,twins_misaligned,cui_selective_ml,3000,0.0,1,2053800000,dml_real_benchmark_twins_misaligned_cui_selective_ml_n3000_s0_chunk01.reps.csv,6aa729a3159927fdf02bce8987470441aabea6b9496ee680f86c00580ccb7eb8,2.0
m01-j0291,manifest.tsv,291,real_benchmark,twins_misaligned,cui_selective_ml,3000,0.0,2,2053900000,dml_real_benchmark_twins_misaligned_cui_selective_ml_n3000_s0_chunk02.reps.csv,7deee8cd974199ffd758eb7026b2e5a901737c6d33603ae8b4390e079f63d665,2.0
m01-j0292,manifest.tsv,292,real_benchmark,twins_misaligned,cui_selective_ml,3000,0.0,3,2054000000,dml_real_benchmark_twins_misaligned_cui_selective_ml_n3000_s0_chunk03.reps.csv,fcaf5964beb7fa7c3c5985644cb11169b8547efff54ceac82263fde2261c0891,2.0
m01-j0293,manifest.tsv,293,real_benchmark,twins_misaligned,cui_selective_ml,3000,0.0,4,2054100000,dml_real_benchmark_twins_misaligned_cui_selective_ml_n3000_s0_chunk04.reps.csv,e702a2c5aed171ba58c695dfc2ac710d123eb5b755a7775e4f7e257c08e7b029,2.0
m01-j0294,manifest.tsv,294,real_benchmark,twins_misaligned,cui_selective_ml,3000,0.0,5,2054200000,dml_real_benchmark_twins_misaligned_cui_selective_ml_n3000_s0_chunk05.reps.csv,6dfcfe4b6739e17834212663b6de11f0736f75bf4c7829b0916416c94ec7ed3a,2.0
m01-j0295,manifest.tsv,295,real_benchmark,twins_misaligned,cui_selective_ml,3000,0.0,6,2054300000,dml_real_benchmark_twins_misaligned_cui_selective_ml_n3000_s0_chunk06.reps.csv,6f557c5cedf26ab5a18f47a13449fb26e85b0b0477666c6e4672fba0541eacfb,2.0
m01-j0296,manifest.tsv,296,real_benchmark,twins_misaligned,cui_selective_ml,3000,0.0,7,2054400000,dml_real_benchmark_twins_misaligned_cui_selective_ml_n3000_s0_chunk07.reps.csv,aef621562e5dd0f889ffee9a1c4ae0b7cb5d76a3290862aa756e05a0fe6da376,2.0
m01-j0297,manifest.tsv,297,real_benchmark,twins_misaligned,cui_selective_ml,3000,0.0,8,2054500000,dml_real_benchmark_twins_misaligned_cui_selective_ml_n3000_s0_chunk08.reps.csv,658fda022cbe404652eb774223b1b74a955a50b6c4bfaef69164c0969a141a37,2.0
m01-j0298,manifest.tsv,298,real_benchmark,twins_misaligned,cui_selective_ml,3000,0.0,9,2054600000,dml_real_benchmark_twins_misaligned_cui_selective_ml_n3000_s0_chunk09.reps.csv,a14a997a88675205824b250e1d2d67ec5e3cef670d52d736f43b7521b65d548d,2.0
m01-j0299,manifest.tsv,299,real_benchmark,twins_misaligned,cui_selective_ml,3000,0.0,10,2054700000,dml_real_benchmark_twins_misaligned_cui_selective_ml_n3000_s0_chunk10.reps.csv,8524bb1a7a21d6a79d61b11013c12e0d0a918402052358988d57e888eb341d24,2.0
m01-j0300,manifest.tsv,300,real_benchmark,twins_misaligned,cui_selective_ml,3000,0.0,11,2054800000,dml_real_benchmark_twins_misaligned_cui_selective_ml_n3000_s0_chunk11.reps.csv,743d2e28ccf616448783c6278d873554dc9b33b6544b44013c9ebf0530613cd8,2.0
m01-j0301,manifest.tsv,301,real_benchmark,twins_misaligned,cui_selective_ml,3000,0.0,12,2054900000,dml_real_benchmark_twins_misaligned_cui_selective_ml_n3000_s0_chunk12.reps.csv,8ed62b4a0f0f08d2fe3c9c1b39ad2a886fe00cf6a9fdd5c3d74742a39fa988d5,2.0
m01-j0302,manifest.tsv,302,real_benchmark,twins_misaligned,cui_selective_ml,3000,0.0,13,2055000000,dml_real_benchmark_twins_misaligned_cui_selective_ml_n3000_s0_chunk13.reps.csv,8ee25510b2b1332f29ad7725d4b0fb1a3cb7c96e329b5bd2ef51e4e9f0634b59,2.0
m01-j0303,manifest.tsv,303,real_benchmark,twins_misaligned,cui_selective_ml,3000,0.0,14,2055100000,dml_real_benchmark_twins_misaligned_cui_selective_ml_n3000_s0_chunk14.reps.csv,88a760a03740b4d8f0e9affe9c7fb2d45036d53b9c6329b7cd30a6e8e92b4431,2.0
m01-j0304,manifest.tsv,304,real_benchmark,twins_misaligned,cui_selective_ml,3000,0.0,15,2055200000,dml_real_benchmark_twins_misaligned_cui_selective_ml_n3000_s0_chunk15.reps.csv,40e69640181a809f2f959c3eb37ecb904b727b77ad42ff24a3523eafd28e13d2,2.0
m01-j0305,manifest.tsv,305,real_benchmark,twins_misaligned,cui_selective_ml,3000,0.0,16,2055300000,dml_real_benchmark_twins_misaligned_cui_selective_ml_n3000_s0_chunk16.reps.csv,5b3b4b89261dace128b2cdf12a695f0f9e141900c26dfd458e1d39abae3d5286,2.0
m01-j0306,manifest.tsv,306,real_benchmark,twins_misaligned,cui_selective_ml,3000,0.0,17,2055400000,dml_real_benchmark_twins_misaligned_cui_selective_ml_n3000_s0_chunk17.reps.csv,c1b6a90a7b7d03db0bb7d4e0a983eeb8cbcd823026084cf06e8ea49fe413087d,2.0
m01-j0307,manifest.tsv,307,real_benchmark,twins_misaligned,cui_selective_ml,3000,0.0,18,2055500000,dml_real_benchmark_twins_misaligned_cui_selective_ml_n3000_s0_chunk18.reps.csv,7b9ba251c6abb1975df9aa87f1b07ba06f4321c94e56cbbb1abde0ffe944f9bf,2.0
m01-j0308,manifest.tsv,308,real_benchmark,twins_misaligned,cui_selective_ml,3000,0.0,19,2055600000,dml_real_benchmark_twins_misaligned_cui_selective_ml_n3000_s0_chunk19.reps.csv,ad31e184694525f358c488b60dddf37ae2462e35c7e7ffdb9151d3d9fe003b55,2.0
m01-j0309,manifest.tsv,309,real_benchmark,twins_misaligned,cui_selective_ml,3000,0.0,20,2055700000,dml_real_benchmark_twins_misaligned_cui_selective_ml_n3000_s0_chunk20.reps.csv,13fd72d555ca4bc9693b2ec25ec9980269e21702d8a2e4108b7e63ac875a86de,2.0
m01-j0310,manifest.tsv,310,real_benchmark,twins_misaligned,cui_selective_ml,3000,0.0,21,2055800000,dml_real_benchmark_twins_misaligned_cui_selective_ml_n3000_s0_chunk21.reps.csv,3eb53d7cafe57e7de5304016a7b244e0bcf7549ce48baf5e89cdb6439b8a6db6,2.0
m01-j0311,manifest.tsv,311,real_benchmark,twins_misaligned,cui_selective_ml,3000,0.0,22,2055900000,dml_real_benchmark_twins_misaligned_cui_selective_ml_n3000_s0_chunk22.reps.csv,46e0068c75083bde535928a7c464cfc476330f4dccf447518b5cce62d835176c,2.0
m01-j0312,manifest.tsv,312,real_benchmark,twins_misaligned,cui_selective_ml,3000,0.0,23,2056000000,dml_real_benchmark_twins_misaligned_cui_selective_ml_n3000_s0_chunk23.reps.csv,e48395c0d2c2097708c436e13b36b709863af5a5fee706c36fc0e3ceca3ca2d5,2.0
m01-j0313,manifest.tsv,313,real_benchmark,twins_misaligned,ma_dr_bc,3000,0.0,0,2053700000,dml_real_benchmark_twins_misaligned_ma_dr_bc_n3000_s0_chunk00.reps.csv,83df9bcb2d2d87ec0ddb935887eee15422514ba8895e4d9c80922a34e53e7ba7,2.0
m01-j0314,manifest.tsv,314,real_benchmark,twins_misaligned,ma_dr_bc,3000,0.0,1,2053800000,dml_real_benchmark_twins_misaligned_ma_dr_bc_n3000_s0_chunk01.reps.csv,0adab6b1cb2d9a5c7d3832538f31d3cdb40d92dfb6838c52235d2547979bbde9,2.0
m01-j0315,manifest.tsv,315,real_benchmark,twins_misaligned,ma_dr_bc,3000,0.0,2,2053900000,dml_real_benchmark_twins_misaligned_ma_dr_bc_n3000_s0_chunk02.reps.csv,25b90527f2280950a8f89c2db2ec3d42c1cec5c0cc2d6f5ec267761d41c4903d,2.0
m01-j0316,manifest.tsv,316,real_benchmark,twins_misaligned,ma_dr_bc,3000,0.0,3,2054000000,dml_real_benchmark_twins_misaligned_ma_dr_bc_n3000_s0_chunk03.reps.csv,d109f36f1192f18ffa031f7869b4a3cd0d5aad372bb8cdc25fa93a0e20bed42d,2.0
m01-j0317,manifest.tsv,317,real_benchmark,twins_misaligned,ma_dr_bc,3000,0.0,4,2054100000,dml_real_benchmark_twins_misaligned_ma_dr_bc_n3000_s0_chunk04.reps.csv,1ec69d61c6566986201d0047ed77492aeef26ff4d174a37626955c03f9dacd4d,2.0
m01-j0318,manifest.tsv,318,real_benchmark,twins_misaligned,ma_dr_bc,3000,0.0,5,2054200000,dml_real_benchmark_twins_misaligned_ma_dr_bc_n3000_s0_chunk05.reps.csv,f0f608f205fc4769be755aedfebc23cafd3c81c796c173317cabd16581deb7bf,2.0
m01-j0319,manifest.tsv,319,real_benchmark,twins_misaligned,ma_dr_bc,3000,0.0,6,2054300000,dml_real_benchmark_twins_misaligned_ma_dr_bc_n3000_s0_chunk06.reps.csv,d3db26bcd1a6d303449b05049fee2910ff79d2515c8c408374bd9a29dd1f6020,2.0
m01-j0320,manifest.tsv,320,real_benchmark,twins_misaligned,ma_dr_bc,3000,0.0,7,2054400000,dml_real_benchmark_twins_misaligned_ma_dr_bc_n3000_s0_chunk07.reps.csv,4ca7357e03fc41047dffdd01f2ac9ae1cfbb71769fb2dd3973a23dab20b56b1d,2.0
m01-j0321,manifest.tsv,321,real_benchmark,twins_misaligned,ma_dr_bc,3000,0.0,8,2054500000,dml_real_benchmark_twins_misaligned_ma_dr_bc_n3000_s0_chunk08.reps.csv,bbcab753502ed0b929cfe61b12a2d753820d5f758d0220fd0bc22f8be390e69e,2.0
m01-j0322,manifest.tsv,322,real_benchmark,twins_misaligned,ma_dr_bc,3000,0.0,9,2054600000,dml_real_benchmark_twins_misaligned_ma_dr_bc_n3000_s0_chunk09.reps.csv,90d8ea9c13be8cfa8a4722aa0afdb0f02f5f4757638a23095ce156b21a0e2fbd,2.0
m01-j0323,manifest.tsv,323,real_benchmark,twins_misaligned,ma_dr_bc,3000,0.0,10,2054700000,dml_real_benchmark_twins_misaligned_ma_dr_bc_n3000_s0_chunk10.reps.csv,304d4361c1de6389e4208bd46f026ac7dc07cfa232fc0838e52117aba6568a8c,2.0
m01-j0324,manifest.tsv,324,real_benchmark,twins_misaligned,ma_dr_bc,3000,0.0,11,2054800000,dml_real_benchmark_twins_misaligned_ma_dr_bc_n3000_s0_chunk11.reps.csv,71405a166060e5f08c8af650abefaf0e711d7b4bc4cc254525b44d6a6e4ab653,2.0
m01-j0325,manifest.tsv,325,real_benchmark,twins_misaligned,ma_dr_bc,3000,0.0,12,2054900000,dml_real_benchmark_twins_misaligned_ma_dr_bc_n3000_s0_chunk12.reps.csv,259e4ac7f380a28fbafd56af78606245cc1663db6349197ccba99e054a5f5616,2.0
m01-j0326,manifest.tsv,326,real_benchmark,twins_misaligned,ma_dr_bc,3000,0.0,13,2055000000,dml_real_benchmark_twins_misaligned_ma_dr_bc_n3000_s0_chunk13.reps.csv,a73be37b37cc64a09d002a458c821fab388d87917a1cea13dfb3c2bff87f9723,2.0
m01-j0327,manifest.tsv,327,real_benchmark,twins_misaligned,ma_dr_bc,3000,0.0,14,2055100000,dml_real_benchmark_twins_misaligned_ma_dr_bc_n3000_s0_chunk14.reps.csv,1f29a553fa26b3db08f8271dade03bf9f4507819c363a0c0627017feafb97d69,2.0
m01-j0328,manifest.tsv,328,real_benchmark,twins_misaligned,ma_dr_bc,3000,0.0,15,2055200000,dml_real_benchmark_twins_misaligned_ma_dr_bc_n3000_s0_chunk15.reps.csv,ea0ac34b4e8aa2c4cd2c3fa1342a4187163b9afb2315b538456d182dfa196bee,2.0
m01-j0329,manifest.tsv,329,real_benchmark,twins_misaligned,ma_dr_bc,3000,0.0,16,2055300000,dml_real_benchmark_twins_misaligned_ma_dr_bc_n3000_s0_chunk16.reps.csv,db77b21897de34c77c1ca8d57bab82ea6bde1a1de44777ab6f053ce19fb0a331,2.0
m01-j0330,manifest.tsv,330,real_benchmark,twins_misaligned,ma_dr_bc,3000,0.0,17,2055400000,dml_real_benchmark_twins_misaligned_ma_dr_bc_n3000_s0_chunk17.reps.csv,53b48fdfe595275b70b7f53f705c4e15fb5dc1c5eedbcc0a8229b789ef137953,2.0
m01-j0331,manifest.tsv,331,real_benchmark,twins_misaligned,ma_dr_bc,3000,0.0,18,2055500000,dml_real_benchmark_twins_misaligned_ma_dr_bc_n3000_s0_chunk18.reps.csv,f971dbdfff9440a9aa4f9d3667f9871dad94a3c47bdac714024995adf738a22a,2.0
m01-j0332,manifest.tsv,332,real_benchmark,twins_misaligned,ma_dr_bc,3000,0.0,19,2055600000,dml_real_benchmark_twins_misaligned_ma_dr_bc_n3000_s0_chunk19.reps.csv,9bda1a46acbc515d2bc3216ba587715c68890c4bb283ec3a5f4b4db71337e036,2.0
m01-j0333,manifest.tsv,333,real_benchmark,twins_misaligned,ma_dr_bc,3000,0.0,20,2055700000,dml_real_benchmark_twins_misaligned_ma_dr_bc_n3000_s0_chunk20.reps.csv,7c05689a2a0626165bd922ad0bac80524aa1f4f5afece53de4d57c9fe9cb9a63,2.0
m01-j0334,manifest.tsv,334,real_benchmark,twins_misaligned,ma_dr_bc,3000,0.0,21,2055800000,dml_real_benchmark_twins_misaligned_ma_dr_bc_n3000_s0_chunk21.reps.csv,13af5877c6ee9079714d75953f2681b3530005878e77d1ddc1aec4a9ef1fbcf0,2.0
m01-j0335,manifest.tsv,335,real_benchmark,twins_misaligned,ma_dr_bc,3000,0.0,22,2055900000,dml_real_benchmark_twins_misaligned_ma_dr_bc_n3000_s0_chunk22.reps.csv,24e95abc6e71daf0be1e270b15e3a9209899e516423825a97ac8dacfbedaff45,2.0
m01-j0336,manifest.tsv,336,real_benchmark,twins_misaligned,ma_dr_bc,3000,0.0,23,2056000000,dml_real_benchmark_twins_misaligned_ma_dr_bc_n3000_s0_chunk23.reps.csv,977b5797c2a590f4b988d2db5c7021f05b960d80566ef60576e347c766ac0155,2.0
m01-j0337,manifest.tsv,337,real_benchmark,twins_misaligned,tmle,3000,0.0,0,2053700000,dml_real_benchmark_twins_misaligned_tmle_n3000_s0_chunk00.reps.csv,417ddd1b5ef4e7985d2f20656969cde347fc3be1fec10cfdee81852dc3f74c3d,2.0
m01-j0338,manifest.tsv,338,real_benchmark,twins_misaligned,tmle,3000,0.0,1,2053800000,dml_real_benchmark_twins_misaligned_tmle_n3000_s0_chunk01.reps.csv,743114d8e0701b96327f9dc24f18bcff7f6016d5a20b5e5fd4858759f70e99c2,2.0
m01-j0339,manifest.tsv,339,real_benchmark,twins_misaligned,tmle,3000,0.0,2,2053900000,dml_real_benchmark_twins_misaligned_tmle_n3000_s0_chunk02.reps.csv,fd6c7c18a480f5e9867451be3264653901f0b5105871bd22c293f4f199b4f520,2.0
m01-j0340,manifest.tsv,340,real_benchmark,twins_misaligned,tmle,3000,0.0,3,2054000000,dml_real_benchmark_twins_misaligned_tmle_n3000_s0_chunk03.reps.csv,139e1541b46d012f7c4b3ef5d7c9eb40d8243ed27ebe905f7edae7bc1cff7e99,2.0
m01-j0341,manifest.tsv,341,real_benchmark,twins_misaligned,tmle,3000,0.0,4,2054100000,dml_real_benchmark_twins_misaligned_tmle_n3000_s0_chunk04.reps.csv,65b9454ac64a4540b7e3f43a52d9af5e4d88c1af5493a3b3e37e360f2d90eeae,2.0
m01-j0342,manifest.tsv,342,real_benchmark,twins_misaligned,tmle,3000,0.0,5,2054200000,dml_real_benchmark_twins_misaligned_tmle_n3000_s0_chunk05.reps.csv,2fe381b9ee4adb084c45403bdd6a287fd521308b876929451dfd266c8889aac2,2.0
m01-j0343,manifest.tsv,343,real_benchmark,twins_misaligned,tmle,3000,0.0,6,2054300000,dml_real_benchmark_twins_misaligned_tmle_n3000_s0_chunk06.reps.csv,8383da2a06a6596890bc8b8f30dde72a11ffe8e8c33ebd3866000652710114c7,2.0
m01-j0344,manifest.tsv,344,real_benchmark,twins_misaligned,tmle,3000,0.0,7,2054400000,dml_real_benchmark_twins_misaligned_tmle_n3000_s0_chunk07.reps.csv,ed0d79b78e3e7ad0012241644821a36fe9cfe1ec9fa86e5dd23219fdb072414a,2.0
m01-j0345,manifest.tsv,345,real_benchmark,twins_misaligned,tmle,3000,0.0,8,2054500000,dml_real_benchmark_twins_misaligned_tmle_n3000_s0_chunk08.reps.csv,1c263453b5fa44412a7ae0f3174a29f1a445bac2b7cbd1e4357390db4b211594,2.0
m01-j0346,manifest.tsv,346,real_benchmark,twins_misaligned,tmle,3000,0.0,9,2054600000,dml_real_benchmark_twins_misaligned_tmle_n3000_s0_chunk09.reps.csv,61fa5eec0fd33cdded3bb5c647b3f3601ca307b0adc85bcc26eced4e584dfaf6,2.0
m01-j0347,manifest.tsv,347,real_benchmark,twins_misaligned,tmle,3000,0.0,10,2054700000,dml_real_benchmark_twins_misaligned_tmle_n3000_s0_chunk10.reps.csv,841780102b0f8d014d501783196a3dcc3b1968f1d8812526fd8e750965326e6e,2.0
m01-j0348,manifest.tsv,348,real_benchmark,twins_misaligned,tmle,3000,0.0,11,2054800000,dml_real_benchmark_twins_misaligned_tmle_n3000_s0_chunk11.reps.csv,c01e60dd6183865e5f4eed83e4eb3a480d8b8794b69d5864311d404911b41200,2.0
m01-j0349,manifest.tsv,349,real_benchmark,twins_misaligned,tmle,3000,0.0,12,2054900000,dml_real_benchmark_twins_misaligned_tmle_n3000_s0_chunk12.reps.csv,7037b9bae5e65562462e0db334b29502ecd613274c435a586a510768331adbe1,2.0
m01-j0350,manifest.tsv,350,real_benchmark,twins_misaligned,tmle,3000,0.0,13,2055000000,dml_real_benchmark_twins_misaligned_tmle_n3000_s0_chunk13.reps.csv,cfdb1643615bb1011e818e338bbcf64a6823e8852e0798bb3d5f30ae3ce9cc45,2.0
m01-j0351,manifest.tsv,351,real_benchmark,twins_misaligned,tmle,3000,0.0,14,2055100000,dml_real_benchmark_twins_misaligned_tmle_n3000_s0_chunk14.reps.csv,93b36b350605a7d079097e90e4769a129c48f213e99c133c0aab15fd366a299c,2.0
m01-j0352,manifest.tsv,352,real_benchmark,twins_misaligned,tmle,3000,0.0,15,2055200000,dml_real_benchmark_twins_misaligned_tmle_n3000_s0_chunk15.reps.csv,d9f3fb4aa1840cbab8897471a6a246a31777631dbfbc6f592e21593ec73b9e58,2.0
m01-j0353,manifest.tsv,353,real_benchmark,twins_misaligned,tmle,3000,0.0,16,2055300000,dml_real_benchmark_twins_misaligned_tmle_n3000_s0_chunk16.reps.csv,375860240badb0870250485614bb29075f0a21e303e88bedbf5d841d14243ca9,2.0
m01-j0354,manifest.tsv,354,real_benchmark,twins_misaligned,tmle,3000,0.0,17,2055400000,dml_real_benchmark_twins_misaligned_tmle_n3000_s0_chunk17.reps.csv,9403809b3bb7f43d115c440cd6fd70f1f52aae4a2316df4e6c00de06923144c8,2.0
m01-j0355,manifest.tsv,355,real_benchmark,twins_misaligned,tmle,3000,0.0,18,2055500000,dml_real_benchmark_twins_misaligned_tmle_n3000_s0_chunk18.reps.csv,c7da767c0a42cdfa7ea3973a48f2537b93d821d9732d695244ef6542300f871e,2.0
m01-j0356,manifest.tsv,356,real_benchmark,twins_misaligned,tmle,3000,0.0,19,2055600000,dml_real_benchmark_twins_misaligned_tmle_n3000_s0_chunk19.reps.csv,34fc71e7f6c986e7be7446ee22293d2f3fe43ab8571e1a4f507ef780c555bd3b,2.0
m01-j0357,manifest.tsv,357,real_benchmark,twins_misaligned,tmle,3000,0.0,20,2055700000,dml_real_benchmark_twins_misaligned_tmle_n3000_s0_chunk20.reps.csv,c5d4fb61dcde22f9f17e5f9f981a79a3d7869b0c987851bb511439d19ccc2608,2.0
m01-j0358,manifest.tsv,358,real_benchmark,twins_misaligned,tmle,3000,0.0,21,2055800000,dml_real_benchmark_twins_misaligned_tmle_n3000_s0_chunk21.reps.csv,b5ada491c18bfad7f7c8699200ace5c4b9a9908d836d659e95e202ba4ea89240,2.0
m01-j0359,manifest.tsv,359,real_benchmark,twins_misaligned,tmle,3000,0.0,22,2055900000,dml_real_benchmark_twins_misaligned_tmle_n3000_s0_chunk22.reps.csv,67c3652a78aa426bbca5974c35c36f850b38dddff7089e8ca2ced8b19886ff39,2.0
m01-j0360,manifest.tsv,360,real_benchmark,twins_misaligned,tmle,3000,0.0,23,2056000000,dml_real_benchmark_twins_misaligned_tmle_n3000_s0_chunk23.reps.csv,4b7e795c6c710a8b6a1a3f2fec9c3b713e1c53efbd2dbc4fb7ef91623376983a,2.0
m01-j0361,manifest.tsv,361,real_benchmark,twins_misaligned,aipw,3000,3.0,0,2056100000,dml_real_benchmark_twins_misaligned_aipw_n3000_s3_chunk00.reps.csv,bf9ae82b0d5a0d3c10adbf697ef0d0b496144cc3158e97f51888f294beb9ef3c,2.0
m01-j0362,manifest.tsv,362,real_benchmark,twins_misaligned,aipw,3000,3.0,1,2056200000,dml_real_benchmark_twins_misaligned_aipw_n3000_s3_chunk01.reps.csv,f315e8f91fb40f6a6911fea2b5f142f4b2177b232cc53fa9bba53de84c7d7233,2.0
m01-j0363,manifest.tsv,363,real_benchmark,twins_misaligned,aipw,3000,3.0,2,2056300000,dml_real_benchmark_twins_misaligned_aipw_n3000_s3_chunk02.reps.csv,986a2de4970466174728921232c7bd5b215801195626cd2f87021dfbb0f2465a,2.0
m01-j0364,manifest.tsv,364,real_benchmark,twins_misaligned,aipw,3000,3.0,3,2056400000,dml_real_benchmark_twins_misaligned_aipw_n3000_s3_chunk03.reps.csv,501169346b35620188cdbe7daadafd8831e36cfe0f75b54375bf20e20b6f563b,2.0
m01-j0365,manifest.tsv,365,real_benchmark,twins_misaligned,aipw,3000,3.0,4,2056500000,dml_real_benchmark_twins_misaligned_aipw_n3000_s3_chunk04.reps.csv,753c3f12dde59e5fa9f102fa6558e1230aa05600c41c68a754ee83aa3a48aac2,2.0
m01-j0366,manifest.tsv,366,real_benchmark,twins_misaligned,aipw,3000,3.0,5,2056600000,dml_real_benchmark_twins_misaligned_aipw_n3000_s3_chunk05.reps.csv,649036503d59dab5efe39844834015d938385673d4c095d8d08f713b7eaa4093,2.0
m01-j0367,manifest.tsv,367,real_benchmark,twins_misaligned,aipw,3000,3.0,6,2056700000,dml_real_benchmark_twins_misaligned_aipw_n3000_s3_chunk06.reps.csv,9d2110b6cfc88e817e2189c2afd79e7dcb2458c3070cf224feadaad7dcb551e9,2.0
m01-j0368,manifest.tsv,368,real_benchmark,twins_misaligned,aipw,3000,3.0,7,2056800000,dml_real_benchmark_twins_misaligned_aipw_n3000_s3_chunk07.reps.csv,10e485978e28704456af146b04a952bed40a990a2b772e7dda2b133ffd64fd0c,2.0
m01-j0369,manifest.tsv,369,real_benchmark,twins_misaligned,aipw,3000,3.0,8,2056900000,dml_real_benchmark_twins_misaligned_aipw_n3000_s3_chunk08.reps.csv,f00429511fc4b4b8941d81a6598fb85e0aa19ab4d34837bd3ca32df013fafe82,2.0
m01-j0370,manifest.tsv,370,real_benchmark,twins_misaligned,aipw,3000,3.0,9,2057000000,dml_real_benchmark_twins_misaligned_aipw_n3000_s3_chunk09.reps.csv,e36d3ce2b3c4141f0eb53a84ba82c77e14aa292a482e33b980f4b56227f047a1,2.0
m01-j0371,manifest.tsv,371,real_benchmark,twins_misaligned,aipw,3000,3.0,10,2057100000,dml_real_benchmark_twins_misaligned_aipw_n3000_s3_chunk10.reps.csv,cb1fe43c1edef807fb8c2fb4004ab3e9f68f6a6652375352a346aec13759b491,2.0
m01-j0372,manifest.tsv,372,real_benchmark,twins_misaligned,aipw,3000,3.0,11,2057200000,dml_real_benchmark_twins_misaligned_aipw_n3000_s3_chunk11.reps.csv,0f8143d32a9dfb187fb133cab31d0ca90be1313fa52653474c42e5c95ef4c5d2,2.0
m01-j0373,manifest.tsv,373,real_benchmark,twins_misaligned,aipw,3000,3.0,12,2057300000,dml_real_benchmark_twins_misaligned_aipw_n3000_s3_chunk12.reps.csv,5cc19566e5a67fd2fd075607fc45ff6f3afbaff95e8e0cc4c06038606ecf1be4,2.0
m01-j0374,manifest.tsv,374,real_benchmark,twins_misaligned,aipw,3000,3.0,13,2057400000,dml_real_benchmark_twins_misaligned_aipw_n3000_s3_chunk13.reps.csv,55e1a270103724f9cce5c3162784fab8647c2576b5d84bbfa79cc284a89c8261,2.0
m01-j0375,manifest.tsv,375,real_benchmark,twins_misaligned,aipw,3000,3.0,14,2057500000,dml_real_benchmark_twins_misaligned_aipw_n3000_s3_chunk14.reps.csv,ac617e1735c3624d92e6449e41c773ce373684d78925c7a89ba8589d3ab45247,2.0
m01-j0376,manifest.tsv,376,real_benchmark,twins_misaligned,aipw,3000,3.0,15,2057600000,dml_real_benchmark_twins_misaligned_aipw_n3000_s3_chunk15.reps.csv,21a6061350b7bb1ad244eff3cf9555cd96c9fbdf59bd589f66f5e38d602eb13d,2.0
m01-j0377,manifest.tsv,377,real_benchmark,twins_misaligned,aipw,3000,3.0,16,2057700000,dml_real_benchmark_twins_misaligned_aipw_n3000_s3_chunk16.reps.csv,efb5762a50a2ca5a5178ea00323593eb63dc168c8b2eb92a39865ace4db1620f,2.0
m01-j0378,manifest.tsv,378,real_benchmark,twins_misaligned,aipw,3000,3.0,17,2057800000,dml_real_benchmark_twins_misaligned_aipw_n3000_s3_chunk17.reps.csv,b09e3b05cc7d43c8b359715b564367812604304f9f15fee6bcf56d2ba21ceaba,2.0
m01-j0379,manifest.tsv,379,real_benchmark,twins_misaligned,aipw,3000,3.0,18,2057900000,dml_real_benchmark_twins_misaligned_aipw_n3000_s3_chunk18.reps.csv,9ce664e5b21ab8a6a8357dc9237119b1671eabab6a46082e99c7dbfabe9af442,2.0
m01-j0380,manifest.tsv,380,real_benchmark,twins_misaligned,aipw,3000,3.0,19,2058000000,dml_real_benchmark_twins_misaligned_aipw_n3000_s3_chunk19.reps.csv,c5c82e89787d2583d226e650774bc933801cad8840e2c6dcebaba21909907239,2.0
m01-j0381,manifest.tsv,381,real_benchmark,twins_misaligned,aipw,3000,3.0,20,2058100000,dml_real_benchmark_twins_misaligned_aipw_n3000_s3_chunk20.reps.csv,ca1bd96fcf46cb0b9affc986d77a5ed02e9a986aa04e23850651ecf7099c0213,2.0
m01-j0382,manifest.tsv,382,real_benchmark,twins_misaligned,aipw,3000,3.0,21,2058200000,dml_real_benchmark_twins_misaligned_aipw_n3000_s3_chunk21.reps.csv,7c50c2d3b46366ad497b0956ce8e02653115a6ada850d6e4ed33a6ea111b5976,2.0
m01-j0383,manifest.tsv,383,real_benchmark,twins_misaligned,aipw,3000,3.0,22,2058300000,dml_real_benchmark_twins_misaligned_aipw_n3000_s3_chunk22.reps.csv,d9b2b47265744f022ed9e21dd8113b13d819a116b5ef76398415d584c979c560,2.0
m01-j0384,manifest.tsv,384,real_benchmark,twins_misaligned,aipw,3000,3.0,23,2058400000,dml_real_benchmark_twins_misaligned_aipw_n3000_s3_chunk23.reps.csv,9732f9c85325418212001838d978f3f86ac05a38b221e0f7e5e522e330cb10d5,2.0
m01-j0385,manifest.tsv,385,real_benchmark,twins_misaligned,ctmle,3000,3.0,0,2056100000,dml_real_benchmark_twins_misaligned_ctmle_n3000_s3_chunk00.reps.csv,db094fafc877222cb707dffb592047c52cdb3cde6730264d463c3fda3ebd4b21,2.0
m01-j0386,manifest.tsv,386,real_benchmark,twins_misaligned,ctmle,3000,3.0,1,2056200000,dml_real_benchmark_twins_misaligned_ctmle_n3000_s3_chunk01.reps.csv,3901046780cead2c5d2b9781916d546034d557eb271737c9411a9f746853bac2,2.0
m01-j0387,manifest.tsv,387,real_benchmark,twins_misaligned,ctmle,3000,3.0,2,2056300000,dml_real_benchmark_twins_misaligned_ctmle_n3000_s3_chunk02.reps.csv,97506b20d72a3b1e5d21f22d3b0ec2dd760a1d483e5e15340f9e0a3a32d52ee0,2.0
m01-j0388,manifest.tsv,388,real_benchmark,twins_misaligned,ctmle,3000,3.0,3,2056400000,dml_real_benchmark_twins_misaligned_ctmle_n3000_s3_chunk03.reps.csv,e238fbeafe7c2ff9ca98c6754a9dacd714af5ac334bc26768b2b1f979882d663,2.0
m01-j0389,manifest.tsv,389,real_benchmark,twins_misaligned,ctmle,3000,3.0,4,2056500000,dml_real_benchmark_twins_misaligned_ctmle_n3000_s3_chunk04.reps.csv,e9ba1efc13a8fcf0b1e367dd2d6d202eb20281f38f01516b3e7243490d513d6b,2.0
m01-j0390,manifest.tsv,390,real_benchmark,twins_misaligned,ctmle,3000,3.0,5,2056600000,dml_real_benchmark_twins_misaligned_ctmle_n3000_s3_chunk05.reps.csv,b5bee66319df693da114ae9d7974a4fd50ba06f658d047e12fc9a0954832f513,2.0
m01-j0391,manifest.tsv,391,real_benchmark,twins_misaligned,ctmle,3000,3.0,6,2056700000,dml_real_benchmark_twins_misaligned_ctmle_n3000_s3_chunk06.reps.csv,ee147baa4309d3de143cdfd0cc62374989b07029fa942ceab7747bfd5af501d0,2.0
m01-j0392,manifest.tsv,392,real_benchmark,twins_misaligned,ctmle,3000,3.0,7,2056800000,dml_real_benchmark_twins_misaligned_ctmle_n3000_s3_chunk07.reps.csv,8d83a14ea629d38bb5b67cb64080a7da5dc9c3aa02f36e6d760aee5246d3ec6a,2.0
m01-j0393,manifest.tsv,393,real_benchmark,twins_misaligned,ctmle,3000,3.0,8,2056900000,dml_real_benchmark_twins_misaligned_ctmle_n3000_s3_chunk08.reps.csv,12145541eeb1e242bc59d64eea6ff5388a4f0c612df0903594301808dbc94393,2.0
m01-j0394,manifest.tsv,394,real_benchmark,twins_misaligned,ctmle,3000,3.0,9,2057000000,dml_real_benchmark_twins_misaligned_ctmle_n3000_s3_chunk09.reps.csv,3d51bfc99abb99dd0ffee86641eb9cc8580af52c737f1b295e6596ef3a9a8990,2.0
m01-j0395,manifest.tsv,395,real_benchmark,twins_misaligned,ctmle,3000,3.0,10,2057100000,dml_real_benchmark_twins_misaligned_ctmle_n3000_s3_chunk10.reps.csv,4a513fe52f2cf4b31aa6a2d2898ad7100363881a0badc4605b2f5809af7e7998,2.0
m01-j0396,manifest.tsv,396,real_benchmark,twins_misaligned,ctmle,3000,3.0,11,2057200000,dml_real_benchmark_twins_misaligned_ctmle_n3000_s3_chunk11.reps.csv,199e7f2e9e5fdbffc9c834305d3b9e97a4988c718fde6a1cc8825158bf2ea758,2.0
m01-j0397,manifest.tsv,397,real_benchmark,twins_misaligned,ctmle,3000,3.0,12,2057300000,dml_real_benchmark_twins_misaligned_ctmle_n3000_s3_chunk12.reps.csv,369841dcb9ee888f9fc91bd4fc5e4342ee6f07b0706527b28655765a6a19acf1,2.0
m01-j0398,manifest.tsv,398,real_benchmark,twins_misaligned,ctmle,3000,3.0,13,2057400000,dml_real_benchmark_twins_misaligned_ctmle_n3000_s3_chunk13.reps.csv,98670361ee7d3177d03fc3b79c4054ed1b30a798e2508542c5e9e24d3c4f2a05,2.0
m01-j0399,manifest.tsv,399,real_benchmark,twins_misaligned,ctmle,3000,3.0,14,2057500000,dml_real_benchmark_twins_misaligned_ctmle_n3000_s3_chunk14.reps.csv,b26f2a1c912241d00097555e0b39cbbe0e890690752941a360bd21e24cf5db5a,2.0
m01-j0400,manifest.tsv,400,real_benchmark,twins_misaligned,ctmle,3000,3.0,15,2057600000,dml_real_benchmark_twins_misaligned_ctmle_n3000_s3_chunk15.reps.csv,e2f107aa46e9edebbf3b850bf25575604993d670eb6647e98c71961071a705cc,2.0
m01-j0401,manifest.tsv,401,real_benchmark,twins_misaligned,ctmle,3000,3.0,16,2057700000,dml_real_benchmark_twins_misaligned_ctmle_n3000_s3_chunk16.reps.csv,a45ff0ac8b6700f6ec39d11a91a9a922fd7979902df60031221f369c35b5c399,2.0
m01-j0402,manifest.tsv,402,real_benchmark,twins_misaligned,ctmle,3000,3.0,17,2057800000,dml_real_benchmark_twins_misaligned_ctmle_n3000_s3_chunk17.reps.csv,b4cfbc454dd807975acb75a5cf9e9a09376900ba5628261131d0111db8852baa,2.0
m01-j0403,manifest.tsv,403,real_benchmark,twins_misaligned,ctmle,3000,3.0,18,2057900000,dml_real_benchmark_twins_misaligned_ctmle_n3000_s3_chunk18.reps.csv,d4fb338d1a641ca4f8c6c27e7e75f20309120bf4b5bfc752a93d568f0d7785f8,2.0
m01-j0404,manifest.tsv,404,real_benchmark,twins_misaligned,ctmle,3000,3.0,19,2058000000,dml_real_benchmark_twins_misaligned_ctmle_n3000_s3_chunk19.reps.csv,87201d314b324edad5088470381ea30f1fa01115251261acfb2b060a5ff2af28,2.0
m01-j0405,manifest.tsv,405,real_benchmark,twins_misaligned,ctmle,3000,3.0,20,2058100000,dml_real_benchmark_twins_misaligned_ctmle_n3000_s3_chunk20.reps.csv,dfa4a6df3f96087423ba7c1a5c84c9e5871fe12940d91e0ae1e6472beb3fb26a,2.0
m01-j0406,manifest.tsv,406,real_benchmark,twins_misaligned,ctmle,3000,3.0,21,2058200000,dml_real_benchmark_twins_misaligned_ctmle_n3000_s3_chunk21.reps.csv,35183f3c843ddfbce92fb24ebd3be506b01123410275ae066537edd2cb64cca6,2.0
m01-j0407,manifest.tsv,407,real_benchmark,twins_misaligned,ctmle,3000,3.0,22,2058300000,dml_real_benchmark_twins_misaligned_ctmle_n3000_s3_chunk22.reps.csv,1146a93ff7e36a49bf23e5e16b2ec0539a3d4d84b4a580b333b5b9883bb58dad,2.0
m01-j0408,manifest.tsv,408,real_benchmark,twins_misaligned,ctmle,3000,3.0,23,2058400000,dml_real_benchmark_twins_misaligned_ctmle_n3000_s3_chunk23.reps.csv,3e0d43ece189d2f3310f8b7f9a885fda4489e5f2c6df2c2b01135e3066b49452,2.0
m01-j0409,manifest.tsv,409,real_benchmark,twins_misaligned,cui_selective_ml,3000,3.0,0,2056100000,dml_real_benchmark_twins_misaligned_cui_selective_ml_n3000_s3_chunk00.reps.csv,129b5db312e794c081c20ecb153cca8feec1233eaa43235fedf52cb5374869cf,2.0
m01-j0410,manifest.tsv,410,real_benchmark,twins_misaligned,cui_selective_ml,3000,3.0,1,2056200000,dml_real_benchmark_twins_misaligned_cui_selective_ml_n3000_s3_chunk01.reps.csv,e4a362e21d109108aa153a85f90c8f37172532674a108fe1a7a2f0f8f01947d9,2.0
m01-j0411,manifest.tsv,411,real_benchmark,twins_misaligned,cui_selective_ml,3000,3.0,2,2056300000,dml_real_benchmark_twins_misaligned_cui_selective_ml_n3000_s3_chunk02.reps.csv,d23fbe465b89d0c301d107a0924ed924173e7034518148d91e836f9aa6bded44,2.0
m01-j0412,manifest.tsv,412,real_benchmark,twins_misaligned,cui_selective_ml,3000,3.0,3,2056400000,dml_real_benchmark_twins_misaligned_cui_selective_ml_n3000_s3_chunk03.reps.csv,d580aeef9c018a61fc640d5ba8669ebf869f03baad9b6c6d42cce9d5cfd00e83,2.0
m01-j0413,manifest.tsv,413,real_benchmark,twins_misaligned,cui_selective_ml,3000,3.0,4,2056500000,dml_real_benchmark_twins_misaligned_cui_selective_ml_n3000_s3_chunk04.reps.csv,07e9a63daf542de0e85137e796003beda71e033f993c26e67748d515a4d5ddf1,2.0
m01-j0414,manifest.tsv,414,real_benchmark,twins_misaligned,cui_selective_ml,3000,3.0,5,2056600000,dml_real_benchmark_twins_misaligned_cui_selective_ml_n3000_s3_chunk05.reps.csv,2bb4031146ceaebe7edd1cece50baf929561d227666695e2fd5a6a3f245ba7f1,2.0
m01-j0415,manifest.tsv,415,real_benchmark,twins_misaligned,cui_selective_ml,3000,3.0,6,2056700000,dml_real_benchmark_twins_misaligned_cui_selective_ml_n3000_s3_chunk06.reps.csv,43d1842f0b8e0a132c0936d6a2712ea54d93622f96e49d6475e28b77014df073,2.0
m01-j0416,manifest.tsv,416,real_benchmark,twins_misaligned,cui_selective_ml,3000,3.0,7,2056800000,dml_real_benchmark_twins_misaligned_cui_selective_ml_n3000_s3_chunk07.reps.csv,e7604d087255d80efb3135122255a7dcb7ee3ac450a7a60210f7c721beaa4efc,2.0
m01-j0417,manifest.tsv,417,real_benchmark,twins_misaligned,cui_selective_ml,3000,3.0,8,2056900000,dml_real_benchmark_twins_misaligned_cui_selective_ml_n3000_s3_chunk08.reps.csv,94d3988dfbdd534a1402b8a46fce3ab05a1061714aeb6f4223bee109c658a3fe,2.0
m01-j0418,manifest.tsv,418,real_benchmark,twins_misaligned,cui_selective_ml,3000,3.0,9,2057000000,dml_real_benchmark_twins_misaligned_cui_selective_ml_n3000_s3_chunk09.reps.csv,6585e04a415dfe714cfd8bf7fe32f2d55a2b5039bdbe5ac1a157c57cc730f297,2.0
m01-j0419,manifest.tsv,419,real_benchmark,twins_misaligned,cui_selective_ml,3000,3.0,10,2057100000,dml_real_benchmark_twins_misaligned_cui_selective_ml_n3000_s3_chunk10.reps.csv,d16484787569bf20769788d214bc4827ba567451ef9224edef57c81538b1258e,2.0
m01-j0420,manifest.tsv,420,real_benchmark,twins_misaligned,cui_selective_ml,3000,3.0,11,2057200000,dml_real_benchmark_twins_misaligned_cui_selective_ml_n3000_s3_chunk11.reps.csv,466547427511cf156cc33a0d495400e835925ee34d73cdd8898bccd00a7678bf,2.0
m01-j0421,manifest.tsv,421,real_benchmark,twins_misaligned,cui_selective_ml,3000,3.0,12,2057300000,dml_real_benchmark_twins_misaligned_cui_selective_ml_n3000_s3_chunk12.reps.csv,af49fe55064c7ffd565d87e2cd9308f857d20dfef4ae747cee61bc99081bd0c6,2.0
m01-j0422,manifest.tsv,422,real_benchmark,twins_misaligned,cui_selective_ml,3000,3.0,13,2057400000,dml_real_benchmark_twins_misaligned_cui_selective_ml_n3000_s3_chunk13.reps.csv,72a8f6772e35a1fc913b16524c908f914ce6648905ff817b9b6d6c5f75ac4825,2.0
m01-j0423,manifest.tsv,423,real_benchmark,twins_misaligned,cui_selective_ml,3000,3.0,14,2057500000,dml_real_benchmark_twins_misaligned_cui_selective_ml_n3000_s3_chunk14.reps.csv,cbbab9b2ed8eaad8b1234c5182d4b35d3c7a32e82dfaea8abe92b605ac6bb50d,2.0
m01-j0424,manifest.tsv,424,real_benchmark,twins_misaligned,cui_selective_ml,3000,3.0,15,2057600000,dml_real_benchmark_twins_misaligned_cui_selective_ml_n3000_s3_chunk15.reps.csv,9611eb8fb9638d6db35782dc76117ddca2a3d3fe12d0af8dbca82e0206e4ff26,2.0
m01-j0425,manifest.tsv,425,real_benchmark,twins_misaligned,cui_selective_ml,3000,3.0,16,2057700000,dml_real_benchmark_twins_misaligned_cui_selective_ml_n3000_s3_chunk16.reps.csv,adf98823549456f22a0f216ed1bcdac5911a42679a49a6db8da22e5e93905454,2.0
m01-j0426,manifest.tsv,426,real_benchmark,twins_misaligned,cui_selective_ml,3000,3.0,17,2057800000,dml_real_benchmark_twins_misaligned_cui_selective_ml_n3000_s3_chunk17.reps.csv,a643897594a53f5c444e995e2af29afd2b754e4f143a46af0ecab75442cf82a7,2.0
m01-j0427,manifest.tsv,427,real_benchmark,twins_misaligned,cui_selective_ml,3000,3.0,18,2057900000,dml_real_benchmark_twins_misaligned_cui_selective_ml_n3000_s3_chunk18.reps.csv,17c1bf7929ff3c445266a7a783bbdedd5a3a8ec2408098867ad4fcc974ad4a8c,2.0
m01-j0428,manifest.tsv,428,real_benchmark,twins_misaligned,cui_selective_ml,3000,3.0,19,2058000000,dml_real_benchmark_twins_misaligned_cui_selective_ml_n3000_s3_chunk19.reps.csv,44f9c9b967c2e0ba3ca36f7209ccab63814359ba4168b316a4165148a536bc6d,2.0
m01-j0429,manifest.tsv,429,real_benchmark,twins_misaligned,cui_selective_ml,3000,3.0,20,2058100000,dml_real_benchmark_twins_misaligned_cui_selective_ml_n3000_s3_chunk20.reps.csv,6462eda296dddc489bb7a660f592e7197b2185b4ff6cc95082f515c6643bd27e,2.0
m01-j0430,manifest.tsv,430,real_benchmark,twins_misaligned,cui_selective_ml,3000,3.0,21,2058200000,dml_real_benchmark_twins_misaligned_cui_selective_ml_n3000_s3_chunk21.reps.csv,ff0519929df699a3af852dd0c9f1cb949d7158268ec69245b7903a35b8d8f514,2.0
m01-j0431,manifest.tsv,431,real_benchmark,twins_misaligned,cui_selective_ml,3000,3.0,22,2058300000,dml_real_benchmark_twins_misaligned_cui_selective_ml_n3000_s3_chunk22.reps.csv,8263aeff984c13762be82412390ea66b2bbc22815f4a63361f34d2f367db3676,2.0
m01-j0432,manifest.tsv,432,real_benchmark,twins_misaligned,cui_selective_ml,3000,3.0,23,2058400000,dml_real_benchmark_twins_misaligned_cui_selective_ml_n3000_s3_chunk23.reps.csv,e1756b19ee5acb667bad15b3f600c8c54fc857950da1a7e9fb1e052500cdeabc,2.0
m01-j0433,manifest.tsv,433,real_benchmark,twins_misaligned,ma_dr_bc,3000,3.0,0,2056100000,dml_real_benchmark_twins_misaligned_ma_dr_bc_n3000_s3_chunk00.reps.csv,53b99684d56942ed9afc442b4f528ec4eb815d3a7f424f0e6fcb035d004aafe1,2.0
m01-j0434,manifest.tsv,434,real_benchmark,twins_misaligned,ma_dr_bc,3000,3.0,1,2056200000,dml_real_benchmark_twins_misaligned_ma_dr_bc_n3000_s3_chunk01.reps.csv,a4db63dbaba58c357723e938bb608a10591f663d081db700035270d124bd4cb3,2.0
m01-j0435,manifest.tsv,435,real_benchmark,twins_misaligned,ma_dr_bc,3000,3.0,2,2056300000,dml_real_benchmark_twins_misaligned_ma_dr_bc_n3000_s3_chunk02.reps.csv,e2030356b888fcb7cc0e007bca83885a17ace88ff4c9fe7347a4459c8e24dfcc,2.0
m01-j0436,manifest.tsv,436,real_benchmark,twins_misaligned,ma_dr_bc,3000,3.0,3,2056400000,dml_real_benchmark_twins_misaligned_ma_dr_bc_n3000_s3_chunk03.reps.csv,3ae5bbc2ded3c72663992594f057b048c4bf1bde18ba6f23d8eef4be4b4ea69c,2.0
m01-j0437,manifest.tsv,437,real_benchmark,twins_misaligned,ma_dr_bc,3000,3.0,4,2056500000,dml_real_benchmark_twins_misaligned_ma_dr_bc_n3000_s3_chunk04.reps.csv,64abc0bd91c1aea8561da0ac9f0588c741dc3a989f9c1d2e4276a76daa9bf55e,2.0
m01-j0438,manifest.tsv,438,real_benchmark,twins_misaligned,ma_dr_bc,3000,3.0,5,2056600000,dml_real_benchmark_twins_misaligned_ma_dr_bc_n3000_s3_chunk05.reps.csv,2bb41a27b5a96263ebbe413d2a2d2f49e0db2eede56849090c59495597014abd,2.0
m01-j0439,manifest.tsv,439,real_benchmark,twins_misaligned,ma_dr_bc,3000,3.0,6,2056700000,dml_real_benchmark_twins_misaligned_ma_dr_bc_n3000_s3_chunk06.reps.csv,b5b66db17da38bc76271e8f67e8080f4db6b1ad3b78aca9d2465d4dd7bb05cbf,2.0
m01-j0440,manifest.tsv,440,real_benchmark,twins_misaligned,ma_dr_bc,3000,3.0,7,2056800000,dml_real_benchmark_twins_misaligned_ma_dr_bc_n3000_s3_chunk07.reps.csv,5febaa9b9f1d9fd6e3297006cf3ab953a66ab2f35eaa64ad3792362fc66ce615,2.0
m01-j0441,manifest.tsv,441,real_benchmark,twins_misaligned,ma_dr_bc,3000,3.0,8,2056900000,dml_real_benchmark_twins_misaligned_ma_dr_bc_n3000_s3_chunk08.reps.csv,3ee1e23bb581b627da928ae0f1ae4c79af68d0950ceb821997e4f7fd1e76f99f,2.0
m01-j0442,manifest.tsv,442,real_benchmark,twins_misaligned,ma_dr_bc,3000,3.0,9,2057000000,dml_real_benchmark_twins_misaligned_ma_dr_bc_n3000_s3_chunk09.reps.csv,b790a5e3dd396567b68312fb35ca42e9dd998f3083ac7c94b8fef4d9c1464df8,2.0
m01-j0443,manifest.tsv,443,real_benchmark,twins_misaligned,ma_dr_bc,3000,3.0,10,2057100000,dml_real_benchmark_twins_misaligned_ma_dr_bc_n3000_s3_chunk10.reps.csv,4a12e6100336c4cc8576a32bf00f2c550f9ef5313aa1ad14f2727c255ca5352f,2.0
m01-j0444,manifest.tsv,444,real_benchmark,twins_misaligned,ma_dr_bc,3000,3.0,11,2057200000,dml_real_benchmark_twins_misaligned_ma_dr_bc_n3000_s3_chunk11.reps.csv,6b89d7f26b256f31b2383a9bcbc91bf7cc77a2b8fb8860244c55c2493b3ef6a8,2.0
m01-j0445,manifest.tsv,445,real_benchmark,twins_misaligned,ma_dr_bc,3000,3.0,12,2057300000,dml_real_benchmark_twins_misaligned_ma_dr_bc_n3000_s3_chunk12.reps.csv,114e331826c481bdcc2f346aa2158aa52f7b067bcfbfefbcdbdbad13c45eb0bf,2.0
m01-j0446,manifest.tsv,446,real_benchmark,twins_misaligned,ma_dr_bc,3000,3.0,13,2057400000,dml_real_benchmark_twins_misaligned_ma_dr_bc_n3000_s3_chunk13.reps.csv,97ce1a88a861e680d992f464f010918b7390ce8fc139828c1b5fbfc3b02eb636,2.0
m01-j0447,manifest.tsv,447,real_benchmark,twins_misaligned,ma_dr_bc,3000,3.0,14,2057500000,dml_real_benchmark_twins_misaligned_ma_dr_bc_n3000_s3_chunk14.reps.csv,9e6fb46c86bab65292085d71dade808f605871088a25fd79ea4f1143757e597e,2.0
m01-j0448,manifest.tsv,448,real_benchmark,twins_misaligned,ma_dr_bc,3000,3.0,15,2057600000,dml_real_benchmark_twins_misaligned_ma_dr_bc_n3000_s3_chunk15.reps.csv,bab92dc390b6a010beb92a9906125f4de859e927575bd9ec2456c39e47bcdbef,2.0
m01-j0449,manifest.tsv,449,real_benchmark,twins_misaligned,ma_dr_bc,3000,3.0,16,2057700000,dml_real_benchmark_twins_misaligned_ma_dr_bc_n3000_s3_chunk16.reps.csv,1e664d40277189e86192c1e306cd1d5b64b1afa75fff9f93c0f652adfe59b224,2.0
m01-j0450,manifest.tsv,450,real_benchmark,twins_misaligned,ma_dr_bc,3000,3.0,17,2057800000,dml_real_benchmark_twins_misaligned_ma_dr_bc_n3000_s3_chunk17.reps.csv,6273642f78d02d3b538b90d0e597199982a783b1da7e84ddf8df33a344cd52f1,2.0
m01-j0451,manifest.tsv,451,real_benchmark,twins_misaligned,ma_dr_bc,3000,3.0,18,2057900000,dml_real_benchmark_twins_misaligned_ma_dr_bc_n3000_s3_chunk18.reps.csv,3274012cd19c228db7aa994459930f80c15409aecaca264aa7a79adec647c434,2.0
m01-j0452,manifest.tsv,452,real_benchmark,twins_misaligned,ma_dr_bc,3000,3.0,19,2058000000,dml_real_benchmark_twins_misaligned_ma_dr_bc_n3000_s3_chunk19.reps.csv,0aa348ee9e87443d10eef4440bdffa39eb6775493b60592a1f6ca3f6f10d1b18,2.0
m01-j0453,manifest.tsv,453,real_benchmark,twins_misaligned,ma_dr_bc,3000,3.0,20,2058100000,dml_real_benchmark_twins_misaligned_ma_dr_bc_n3000_s3_chunk20.reps.csv,4165a338ed24e8e66f6136fb1940131707d9020c8b03eb33afe32969578bb701,2.0
m01-j0454,manifest.tsv,454,real_benchmark,twins_misaligned,ma_dr_bc,3000,3.0,21,2058200000,dml_real_benchmark_twins_misaligned_ma_dr_bc_n3000_s3_chunk21.reps.csv,fad4ccbe7323e11b82b841ec1f43e465081a2ad0af69a34ac4093ac4ec650fca,2.0
m01-j0455,manifest.tsv,455,real_benchmark,twins_misaligned,ma_dr_bc,3000,3.0,22,2058300000,dml_real_benchmark_twins_misaligned_ma_dr_bc_n3000_s3_chunk22.reps.csv,3da33a1db8949ac2b23a3e4e9c0b524ee552bbe41b0bd59d05bdecc76cf93b8e,2.0
m01-j0456,manifest.tsv,456,real_benchmark,twins_misaligned,ma_dr_bc,3000,3.0,23,2058400000,dml_real_benchmark_twins_misaligned_ma_dr_bc_n3000_s3_chunk23.reps.csv,79af57dc515a59e15f0547288f1e77598fee2d88329ec31332407495cb917d6a,2.0
m01-j0457,manifest.tsv,457,real_benchmark,twins_misaligned,tmle,3000,3.0,0,2056100000,dml_real_benchmark_twins_misaligned_tmle_n3000_s3_chunk00.reps.csv,422ee4072b17021d52c882214ac57e9135dcf1ab0c1f159b5c82c84b6cbf9bb4,2.0
m01-j0458,manifest.tsv,458,real_benchmark,twins_misaligned,tmle,3000,3.0,1,2056200000,dml_real_benchmark_twins_misaligned_tmle_n3000_s3_chunk01.reps.csv,f48f233145030e3abb70bcd13ae6dd9ccb3c54a1fa742450c85aefddf9d3b718,2.0
m01-j0459,manifest.tsv,459,real_benchmark,twins_misaligned,tmle,3000,3.0,2,2056300000,dml_real_benchmark_twins_misaligned_tmle_n3000_s3_chunk02.reps.csv,9e62d4090ccef6eabf12cd083b38794bd353fa27e1781cc8fbc755a9c4050e5a,2.0
m01-j0460,manifest.tsv,460,real_benchmark,twins_misaligned,tmle,3000,3.0,3,2056400000,dml_real_benchmark_twins_misaligned_tmle_n3000_s3_chunk03.reps.csv,5912a8bf9b579173d5ecda732fef66d5f86306540f73b85fdda8e590bc7a4860,2.0
m01-j0461,manifest.tsv,461,real_benchmark,twins_misaligned,tmle,3000,3.0,4,2056500000,dml_real_benchmark_twins_misaligned_tmle_n3000_s3_chunk04.reps.csv,f193fe5b4da1df1e95aef3e651c011a302791e3e892b78c76b5d7daa9414e497,2.0
m01-j0462,manifest.tsv,462,real_benchmark,twins_misaligned,tmle,3000,3.0,5,2056600000,dml_real_benchmark_twins_misaligned_tmle_n3000_s3_chunk05.reps.csv,7dbdaeda5257dc85f48868dc3dcbe7f0e84a697eccfe7c7bab58a2df0b904718,2.0
m01-j0463,manifest.tsv,463,real_benchmark,twins_misaligned,tmle,3000,3.0,6,2056700000,dml_real_benchmark_twins_misaligned_tmle_n3000_s3_chunk06.reps.csv,0d851e4e2f662e824bf9f7965de50c2ff6892db0da44ddc1d83ba4911f640b82,2.0
m01-j0464,manifest.tsv,464,real_benchmark,twins_misaligned,tmle,3000,3.0,7,2056800000,dml_real_benchmark_twins_misaligned_tmle_n3000_s3_chunk07.reps.csv,6cca38125c38c713c4c8f05d64a96b4c76120e4d0394d89e67bf44b3866c47e6,2.0
m01-j0465,manifest.tsv,465,real_benchmark,twins_misaligned,tmle,3000,3.0,8,2056900000,dml_real_benchmark_twins_misaligned_tmle_n3000_s3_chunk08.reps.csv,b50af4ae9fadcba50f22ea35e241e883850a709d1c78afbe5deb2eb7ea31190a,2.0
m01-j0466,manifest.tsv,466,real_benchmark,twins_misaligned,tmle,3000,3.0,9,2057000000,dml_real_benchmark_twins_misaligned_tmle_n3000_s3_chunk09.reps.csv,f2f73da2ba269c0d1e8f40e5177721f959fe8d2d05ef1ad593f7f88c1ef1ec7e,2.0
m01-j0467,manifest.tsv,467,real_benchmark,twins_misaligned,tmle,3000,3.0,10,2057100000,dml_real_benchmark_twins_misaligned_tmle_n3000_s3_chunk10.reps.csv,448407919e9e7333365d517896bbd8d3f459ed4cccbe62017ba32a63e5c3fd95,2.0
m01-j0468,manifest.tsv,468,real_benchmark,twins_misaligned,tmle,3000,3.0,11,2057200000,dml_real_benchmark_twins_misaligned_tmle_n3000_s3_chunk11.reps.csv,462171cf26593f59d2f45fd0122b11e50fd3599bb3e8f5ad01e656e81573ad93,2.0
m01-j0469,manifest.tsv,469,real_benchmark,twins_misaligned,tmle,3000,3.0,12,2057300000,dml_real_benchmark_twins_misaligned_tmle_n3000_s3_chunk12.reps.csv,64ca33c0de17611e9d0b4d97ed103a57fbf1fbd59055abe9526f4f1f599487e7,2.0
m01-j0470,manifest.tsv,470,real_benchmark,twins_misaligned,tmle,3000,3.0,13,2057400000,dml_real_benchmark_twins_misaligned_tmle_n3000_s3_chunk13.reps.csv,651019225ef287f0a57eef6fa2b2bf5e84e194a56013414556e2bd2d47c8acbb,2.0
m01-j0471,manifest.tsv,471,real_benchmark,twins_misaligned,tmle,3000,3.0,14,2057500000,dml_real_benchmark_twins_misaligned_tmle_n3000_s3_chunk14.reps.csv,f5d30c611fb125c12120fc68fa009e39aa76b30d27fedefd0714b5a327c8935f,2.0
m01-j0472,manifest.tsv,472,real_benchmark,twins_misaligned,tmle,3000,3.0,15,2057600000,dml_real_benchmark_twins_misaligned_tmle_n3000_s3_chunk15.reps.csv,7115bbca46b6cf1ab4eb4eb07a1c2703050692a2df7b04c5f4f96fdcd17792db,2.0
m01-j0473,manifest.tsv,473,real_benchmark,twins_misaligned,tmle,3000,3.0,16,2057700000,dml_real_benchmark_twins_misaligned_tmle_n3000_s3_chunk16.reps.csv,de919307fc74955ea0935af7286e9ef80830dfab8207b9826edc4603d2377298,2.0
m01-j0474,manifest.tsv,474,real_benchmark,twins_misaligned,tmle,3000,3.0,17,2057800000,dml_real_benchmark_twins_misaligned_tmle_n3000_s3_chunk17.reps.csv,8dd15796f16f2d233bfb7a4553b17d4d5fecf93cd08dde2a0301ea6df6a9fb75,2.0
m01-j0475,manifest.tsv,475,real_benchmark,twins_misaligned,tmle,3000,3.0,18,2057900000,dml_real_benchmark_twins_misaligned_tmle_n3000_s3_chunk18.reps.csv,99be7e5df0a720e5793c109987d781de7272baa3d46f0689f086e8ecf41dbc38,2.0
m01-j0476,manifest.tsv,476,real_benchmark,twins_misaligned,tmle,3000,3.0,19,2058000000,dml_real_benchmark_twins_misaligned_tmle_n3000_s3_chunk19.reps.csv,4dd2c23bca2d3e79cc49dd33977bd4d58cb7bcc14f18596a586f891f0fe13a09,2.0
m01-j0477,manifest.tsv,477,real_benchmark,twins_misaligned,tmle,3000,3.0,20,2058100000,dml_real_benchmark_twins_misaligned_tmle_n3000_s3_chunk20.reps.csv,cc03fe3f0882aec0e4fff763bf6eea90f840236152557a0d2df95ed381efdeca,2.0
m01-j0478,manifest.tsv,478,real_benchmark,twins_misaligned,tmle,3000,3.0,21,2058200000,dml_real_benchmark_twins_misaligned_tmle_n3000_s3_chunk21.reps.csv,411b65245e0dbb4cb07866c4e52d292900425ce6da54bbc9bd23eadfcfa31315,2.0
m01-j0479,manifest.tsv,479,real_benchmark,twins_misaligned,tmle,3000,3.0,22,2058300000,dml_real_benchmark_twins_misaligned_tmle_n3000_s3_chunk22.reps.csv,19b04c5f3e40701f68bb3b76ba6fe155117c257337a4cf46846a8a4e1fda70cc,2.0
m01-j0480,manifest.tsv,480,real_benchmark,twins_misaligned,tmle,3000,3.0,23,2058400000,dml_real_benchmark_twins_misaligned_tmle_n3000_s3_chunk23.reps.csv,c3c7dac531e8689bfb40a787229396ea1983f9c334aaa1b0ff884799bf2c8427,2.0
